2.1416336680397325,9.527970519950306e-5,0.040574754683925116,0.0021805079056819044,0.5252049063192238,0.0004675186681248679,0.1528089766326433,1.4111136403397089,0.00967174506837063,0.0002074619277397632,0.894701856186155,0.019874274232805387,1.9569745100570346,0.27985713033238013,0.0010372534907880657,0.004826347055268793,0.08056375974326983,0.00013677804872483162,1.7266030915627213,0.38539313779349305,0.003182596688341896,0.0006887526637090426,0.027919449769375507,1.1332499395761222,0.11237495478138333,0.013821257379507984,0.0003002402867622431,2.101730582407224,0.6936231695319318,0.054695587364531104,0.0014965900250419816,0.20532179204837028,0.007164360137082554,1.548688391768191,0.000114644083891443,0.003959464943435383,0.0668045240477283,0.00035897905992275,0.45462137018698706,0.0008578697357671922,0.033717722784545684,1.001903801112441,0.2415246723923829,0.015979431785295383,0.001778142116437932,0.0058813126439117205,0.00017010070869891814,2.0348361995713766,0.5986609380855793,1.2699476750083545,0.0931361444089435,0.3242557173989803,0.0005788263037827833,0.0026260944159123747,0.7858558871795486,0.17868000855599533,0.011882759950764625,1.8673612412806875,0.02307665981579664,2.137005210559482,0.001263981557582844,0.0002445046910104973,0.1244042896025322,0.04973225186005723,0.008702901862635488,1.645375587398084,0.0004194022311919693,0.00010260598713870862,0.13922305365148996,0.3527171238570578,0.0035205706756362173,0.0007676260549763152,0.04466673791009673,0.6443136276225905,0.0172994392724174,0.07399737196775781,1.0627267325891834,0.0064625228916539035,0.030722100940371214,0.0019652744535184024,0.00014998797616537737,0.4233053945318913,1.79666192912381,1.33916489102213,0.010727062709508739,0.22261267355086245,0.10358602795800259,0.8394926735636762,0.0011362941162891473,0.06014863179848469,0.004343332928017876,0.02521208342261441,0.00027958682335420856,0.0028750465197076415,2.0819800584174826,1.1977196856798777,0.007857186728639564,0.00019208292629276246,0.03709430092996756,0.005364228970396236,1.4802268814702544,0.30167324533605605,0.5615290865262019,0.0005486955986045322,0.0009473030362068645,0.00239099066090853,0.7382369656285801,0.1702254532749044,2.129056362710487,0.2599336464709836,0.9472672281586842,1.9995682949706963,0.0003228467794188255,0.00012610990795681868,0.001673576930161906,0.5029190181480939,0.08816289135592675,0.00022488853781735726,0.020941961220585607,0.0013387052125324573,1.91388394676203,0.0006485855666806848,0.01317988274070134,0.0003957715188309767,0.18767133662080074,0.0004894306543729861,1.6141743389770948,0.014506942407081436,0.018953658776664738,0.47148406454838737,0.06342435019276756,2.1407813921014363,0.14544190440625396,2.117807274794365,0.41056204297504456,0.0008143804417347388,0.00016398089963613117,0.005092697686679551,0.042634536005209715,0.338485612724502,1.2336703518957761,0.001575490143322735,0.6682161555798481,0.029219135088885566,1.8190566468695575,0.0354012229150109,1.3749111073436087,0.19680577921568965,0.8125474568838129,0.001195216644328094,0.007485691318088796,0.0006107755073151319,0.0003408499218827905,0.004145149521637728,1.6730252972817345,0.022047970938327943,0.006171022962298376,0.001874967339203046,0.0001057170958203018,0.001421331201496601,1.5142788116155055,0.0007268989122512384,0.07817638379183368,0.0004438031700585314,0.2697371621479243,0.8690653246667958,0.00012029083407652439,0.00014357738424779158,0.00023488902391188406,0.7165425795091148,0.0001757535809670792,1.7733484758750002,0.5732715766787061,0.43808371878145264,0.08301268069068159,9.943190073206076e-5,0.5498950572696389,0.5135724509133692,0.030012690280991402,0.0052335745348508845,0.0003502080911088041,0.0007471808643200782,0.7984464749865577,0.004044479775661689,1.4963646556575902,0.4464613501605516,0.00011734194177583069,0.0003453101384430317,0.7915244262073607,0.0001021568707210845,0.0019217751254135473,0.0005186539964311726,0.000904232864663936,0.04732639041569452,0.009181972152649306,0.057219955233740384,0.0037013564555005434,0.0007059562615148353,0.013477759383901602
0.0,2.1416336659202706,0.0388866897806817,0.5069118063818141,0.0020550499508556843,1.353464441346033,0.009481557837071997,0.00036740577214391387,0.15024761687062083,1.8929984779860285,0.0009190018365246159,0.07782410252753545,9.72958248586994e-5,0.004648806915644841,0.8506680842114558,0.27197262538342637,0.01915367258919011,2.082588610518335,0.00019476957505137836,0.003107859478195427,0.37993246284663845,1.09476296150573,0.05622105215867627,0.000598349712418637,0.01336430798798854,0.10901881112813007,1.6596944207640918,3.4559351511380135e-5,0.0013765435135652839,0.02871935626258444,0.6646990015540081,0.006741174206930547,0.19512673634030553,0.0002840865123376913,2.1258083455095824,0.31949365812923186,0.02333945557364195,1.537011823811425,0.0025009089014787563,0.9593827038093177,0.046743311609387654,0.0007547322426005801,0.005558534348897816,0.0954077566123348,0.5883449942751879,0.2307360688731057,1.9964392294797744,6.535172525695846e-5,0.0017089150968950186,0.00047165945922173944,0.016396674725450457,0.003872764643184387,1.2083094042997664,0.4407411244750744,0.001135454253435179,0.007926480345911768,0.12503412586800658,0.000133782858688572,0.06753835399674496,1.0200464030487138e-5,0.7463948949178473,1.7942342186740843,0.011944069203068588,0.031657235605894,0.16485885806899267,0.0002334511210264699,1.4287622637060262,2.1390782578263696,0.010533014167288546,0.0034820848263085566,0.35090673771483644,1.0266950254354457,0.03530375070320969,0.0015360292400325168,0.08863096805284558,0.020960535077023786,0.0006772042138932432,0.21307681925899846,0.05121693975392064,0.5472133181699989,2.050185992439759,0.0027495121669082415,0.0001636303984695199,0.00041773929070073153,0.13704673285655117,0.006126988018585376,0.0146104381708825,0.0010212581907436504,0.8014131595133924,0.02603544525234073,0.29646620276921865,0.062045077978448875,1.7074347788008253,0.41115698306533977,4.4414667011829686e-5,0.0005348238623131224,0.18020068583347654,1.9355051369606182,0.04252798976666995,0.2492010081739829,0.00032366360694119654,0.004237751878395297,0.0018718076701612493,1.244148254696109,0.9015859379208396,0.47318535464487294,0.0012518490432479011,0.008381867910164466,1.762882097437035e-5,0.005086979553914501,0.000833477940947141,8.000062948649763e-5,1.6102520462206282,2.105695725041015,0.6143898627663168,0.0021814775870469417,0.017394276305022004,1.8457437041228413,0.07406960987049417,0.7178490095856742,0.00011473453086306653,1.1334315402394013,0.11384296565582615,1.4691347777877388,0.0074880084190811855,1.3219356090343808,0.0002491908523795646,0.10429335847516782,0.08137556224501857,0.0023814874446054027,0.024639572632905525,4.200863596194408e-6,0.010027089939964302,2.5401769902970532e-5,0.0028621797795679955,0.9905650194774641,2.013142610963715,0.260180370095594,0.03700059697375046,0.0036688397243275763,0.000502420681217149,0.6412058235668608,0.0014555676626545942,0.053787707600098746,0.00015402907413760399,0.04454587280157702,0.0003920665286689329,0.007084400667364417,0.001076601762280611,0.7749570243342202,0.18790147732045612,1.1727016983686978,1.5729000643025233,0.3079047698609369,0.00021993191288957755,0.0705384200802297,0.2215718904555764,0.5662619358167243,2.1366085317269414,0.6889262804575348,0.00030354984504485084,1.0606360690606456,0.019776032224910707,1.389481079675549,0.004862986594002499,0.0009647503167500977,2.116640049533405,2.0663212630396246,1.8192365847316145,0.001310402463530098,1.980855458537223,0.000173795408381062,0.0018178566697925312,0.0026275085751718314,0.018551951788767496,2.1407856923123516,0.0019276889495112482,0.0021195840554596676,0.05240001421414763,0.2543617012284033,1.5541640129439025,1.043428656170056,0.0011071663980152435,0.314076360188205,0.0003140210714942007,0.0025621349843199526,2.1216250422746166,1.563913413152403,0.001122598821625375,2.1393716045987707,0.5562135802231705,1.2822891968919465,0.9284333208610169,0.033295275031230406,0.15729027572521667,0.027415078419262457,0.33721214056430765,1.0790759132618961,0.11155046371290167
0.0,0.0,2.1408961401061846,0.5087269716788704,0.5072568095338291,0.12847747610280208,1.3846395491416903,0.12178928066970932,1.3661617867995088,0.04241434075768873,0.2685308962188392,1.8828465425204102,0.03518088924814071,0.903750577955536,0.27737429200567393,0.897899488167906,1.8870652586986798,0.015640865041350496,0.06805749687834044,0.6863694179999,0.6735465750865881,0.19077727885081594,2.062175306770986,0.1869854606021641,1.638746706494197,1.6309306660646465,0.07526976386889743,0.012804362895524016,0.37227323615155683,2.0884052868879843,0.3778385162577846,1.141501341757196,1.151827915800935,0.09649004931043598,0.007183328133046004,0.7854905393500133,2.0000468676457515,0.09472784168840404,0.5869017967777215,0.23421500063708275,2.1207925943001795,0.22785913494481866,1.013915735058778,1.7358717737328113,0.43398561953240283,1.020296322908029,0.028403010931678466,0.023918353009373006,0.4407616507925457,0.15203080320987933,1.78458938237665,0.7997812912303977,0.16073834902273473,0.5853211680816433,0.31917178020077713,1.254655139211037,1.518914832737614,0.047737282983518876,1.9711650720364606,0.003818312700809182,0.3285345413082892,0.055867397739056995,1.5558438881616572,2.116231295762064,1.2891990235175588,0.08055210506342977,0.1138329694453288,0.0026774333910775574,1.4624300462591475,0.7433560973280197,0.72370659624888,0.2114118363537963,2.135356966571721,0.40576119427177193,1.7912536630382103,1.941461571198726,0.2078828753530631,1.0820161054575064,2.096309370406405,0.4694792653070155,0.020715392680468174,0.6287844256450085,0.05778171175909033,0.13657190720228937,1.4427489606119155,1.0772541257379127,1.7034198384612702,0.2928390532062956,0.30014228058344966,2.0511374006355503,0.8367369005463512,2.016896889377269,0.06819343732473293,0.6257202574131998,0.016390241775047738,0.16968473262865535,1.2161764375195692,0.03669717060338207,2.1361170226672956,0.9620911816780296,0.10864325183493803,0.8499414188164756,0.4726142940656324,0.15220673793313472,0.25606529822110735,0.5456402586667758,0.34520617799033576,1.294732067087499,0.006577831238070052,0.958256407251469,0.2476210626891506,0.02911564710211036,0.08287100675087081,0.011548905997390868,0.4135420119705416,0.5304789602468079,1.8246349131371695,0.04879998344170477,1.9151822923396826,0.344693855843142,0.04122158123512403,0.17998636558471529,1.5958857256682644,0.10646200244436957,1.2143486709503597,0.13499691731922722,0.08555530660143996,1.666359459436833,1.8524141375205385,0.5661679082892709,2.0265503579918565,0.0015766762539735021,1.4259342189533022,0.009447119683720317,0.6472294249762908,0.22332656961018674,0.026071886157565595,0.9301752836249713,2.139422525607044,0.7706992878864746,0.1606871316223167,0.39393378732939466,0.3890179133788716,2.079483531202917,0.0545720351974631,2.1299015830617707,0.1290762830627027,1.1756639594763107,0.3057032615459328,0.31337175721257293,1.1822085880088888,0.1696376734661049,0.08882209742237597,0.8105873260962442,0.07621799236190539,1.9455600872320225,1.0515281784108872,0.452518744736683,0.003831230515086802,0.36220146069524833,0.10249869961409923,0.20084474563434895,1.9068495663774685,0.12131809492967079,0.9307445620795416,0.27949556585299445,0.009327124728656959,0.018253476410633022,0.05241897882380121,0.35801785925765495,0.030548430641569136,0.06115831365346878,0.46217922946392376,0.6084396214743447,1.8668273558865092,0.0015099836145997594,0.4833073869342976,0.519177053643098,2.088775361851183,0.9468550659061824,0.09188124649588579,0.20612980632033956,0.3127245852475708,0.7970543992980933,0.10570563779516703,0.5973734385895625,0.00820577611530703,0.09028299013645125,0.31624786303494723,0.002511618481113674,0.46134777901325236,0.14355724594647384,0.2456297019363302,2.12672654694548,1.3280997940799548,2.071840740582885,0.7495924962425302,0.1953386706003201,1.6123979085190547
0.0,0.0,0.0,2.0176291290283666,-0.0866727549970499,1.0771095909615431,-0.18497624585827346,-0.022607609792790903,1.0728227949654376,0.4228561188264381,-0.048269437357839694,0.44119558165998124,-0.006660913917194214,-0.1409243470477278,1.7321885618346355,1.6813538668256784,-0.17453264924110248,0.16458929475947973,-0.012788496596474087,-0.1127571289755064,1.9334892172552778,1.4128296969291145,0.1996966604809624,-0.03421067647088973,-0.1917763296609159,0.7461417568382714,0.7022928414378836,-0.002436972576828767,-0.06545768361703326,-0.10420153132260895,1.9381619100798262,-0.1664580281423131,1.3494684125764722,-0.0180140336624068,0.07690367229257501,1.8180745587056415,-0.1485687976810104,0.8498569860901916,-0.09857087842135998,1.5920254853165572,0.08942496668827396,-0.04131900202698993,-0.1535222305238899,0.6197342463443111,1.9939615475527857,1.5226063507281418,0.291280952478607,-0.004540384197342114,-0.07638477755193022,-0.02803105944023878,-0.18599672867945366,-0.1279647114186333,1.263511508455508,1.9964472536057762,-0.056755877690986355,-0.17620242823379142,0.882510077413893,-0.009012119276858348,0.32886590862527065,-0.0007282839179178499,1.8560735797206305,0.5420688829735206,-0.19142484556894446,-0.07621947412857168,1.1709399975306873,-0.015093167113840454,0.9827746107199811,0.028932790515877122,-0.18873221334886142,-0.12053215756823886,1.885414554924421,1.5030697530450647,-0.03883781744231155,-0.07084228668622862,0.5529882571041032,-0.16443956365612208,-0.03786057885394771,1.4413217414258395,0.14147108505805622,2.011610761490732,0.21576310984090769,-0.10463733471837951,-0.010883208195702009,-0.02526776164317209,0.9766900290793777,-0.1601818057767224,-0.19038832985769297,-0.052366039973779935,1.7925968748509091,-0.12761738792010935,1.7574493822833674,0.2667670569213187,0.6454150586673857,1.9717152441288808,-0.003116814576663966,-0.031163862143686577,1.2653639715354545,0.3700994165766254,0.04093267324937173,1.598774790724585,-0.020227197406496783,-0.1343399436814902,-0.08135268061322191,1.2169555438436064,1.6673812706143811,2.0122236208520694,-0.06104725462574028,-0.17920726269351922,-0.0012537783756966826,-0.14731122024976015,-0.044711262511008557,-0.005520308464445261,0.7614551599829531,0.1225430849917958,1.9778629651715185,-0.09019018152905281,-0.1824533833477009,0.4802938071675642,0.4008370176211107,1.8867279459815613,-0.0077937393383228065,1.361725932312527,0.7885796162808352,0.9328486720839713,-0.17293593532267287,1.1170949999318203,-0.016012353092789314,0.7033898960112045,0.47865777620776506,-0.09551868938339615,-0.13882176843595384,-0.00030089290912219715,-0.18712546897262963,-0.0017994445738469154,-0.10726637182248558,1.5509102125221952,0.2686344922338349,1.6400883987184436,-0.02066160004821374,-0.12416767156610298,-0.029570204556872343,1.9579674436963503,-0.06816006250767027,0.1714201060902509,-0.010286243435478912,0.064039842343883,-0.023921097652715658,-0.16958437943264212,-0.054516797298764526,1.823749798827504,1.3096714591234615,1.3100723978636508,0.8064075177579405,1.78882310023468,-0.014295213067894484,0.36219361637661013,1.4814996646908234,2.004731118106706,0.04130145836904767,1.9157446606460442,-0.01910975482344719,1.4580564174700354,-0.17126592560084805,1.031784664679849,-0.14412399464272604,-0.050122573756030485,0.09941747973500974,0.1910689975591787,0.512160037469739,-0.0631413417348999,0.3119306321572708,-0.011510271492854472,-0.07973319134488911,-0.1017071683651564,-0.17746742054932083,0.016357159661033245,-0.0830040828783281,-0.088483217400115,0.15525858969543085,1.6185500830556274,0.8290569649828441,1.4808789148646166,-0.05568568046541841,1.8047109441737028,-0.019693350698236644,-0.10010011706424918,0.0876658791770124,0.8172622209369963,-0.05627089262813054,0.027150383654794667,2.0086552130657283,1.1677806055738131,1.6325544084547974,-0.05974419451803723,1.1211584176137628,-0.11586655411134328,1.8581231516365802,1.4336092806225014,0.7685626692652366
0.0,0.0,0.0,0.0,2.0114494062620656,0.02257405882798122,1.041237574972271,1.0288268484919703,-0.13773392185764913,0.010192549598293672,1.6999503489853962,-0.15621891345104877,0.3529628586119423,1.6668726700793972,0.02483928463961874,-0.06782144165095301,0.4283745027903491,0.004112743391192447,0.639678110082128,1.9153811502243112,-0.027703668574972095,0.025972450132648203,-0.1131184663906298,1.388759070760045,0.7282932168623126,-0.15974148780465466,0.016123598279060333,0.13429564720196344,1.9243990931193755,0.15138288271725425,0.01711763488769806,1.3553177604191344,-0.1093227357195545,0.8570886724200151,0.0019426237739389777,-0.047814995426126716,0.28366801504354583,0.018907330798215955,1.989322882836342,0.026153422752031547,-0.06594279123939126,1.5618989028230594,1.5236352670055147,-0.162378982906657,0.010559949356509104,-0.08865509220983073,0.007157274836460546,0.24538361033951972,1.9921786698883222,1.2096814371151123,0.5529287583486363,1.7947598266543487,0.024836880256613143,-0.012356999918373579,1.830298226592409,1.2074641101598234,-0.15264960443280567,0.4671623781363567,-0.14307903903206268,0.040778221462891624,0.02163539439536725,0.012816330919253402,0.8288781366351659,0.09704877528013735,-0.12840508423185906,0.7385449957010376,0.021155652166064902,0.0007350714058606015,0.9438607572723852,1.858198522584687,-0.03668559905041413,0.026261168566134335,0.04255276759283585,1.9643787752423534,-0.1617040250552438,0.36031002018746466,1.4818719764937363,-0.09860907504945872,-0.09157110781132873,0.005771203390296141,0.005355973029289326,1.963146781420875,0.5542959073856205,1.1204082727436024,-0.1458700471905427,1.4400647313252564,0.6504508622743662,1.7678857745362058,0.02361751374167537,0.21125467191591907,-0.05700355679063199,-0.13116691678559128,0.014980775781028037,-0.019282154159088957,0.17068223081447248,1.3039295547173382,-0.11861748850861854,0.008992066174484748,-0.034522144394836106,-0.07890847333529197,0.9420265847366065,1.7344095046790007,2.006438116396855,0.02434846901331757,0.02566046317861718,-0.005802409872786045,1.8814506735731036,1.155754124670716,0.06985677053512672,1.5965617392191358,1.6329717036147098,0.2956431190572881,0.017272598254376745,0.003078271154011139,0.013103421643140475,2.0094074143689205,0.5045947224841437,0.011472696797925811,-0.152540769265765,0.020297202690456793,0.4086457439556262,0.02566577999208855,-0.15793757930950736,0.020343034226328438,1.259846638504675,0.02312445922733825,0.7766545685977579,-0.1611281704313353,-0.15876036693126386,1.9989564392015784,0.2470329177276621,0.016915954527747835,0.989351139497635,0.0997513306467526,1.9491642629141532,0.026258671128253103,0.006621405327465156,-0.07343568991685183,0.02120336808122011,1.8281567553467122,1.2568931807083792,0.015378999660939058,1.9461226383034433,-0.1034528035543361,0.5268527562253191,-0.05057151176846514,1.0747502202377748,1.3104342634848518,1.7997729071484294,0.022754643877857098,-0.1137845858910692,0.025266162906345483,0.01811670477373402,-0.05232480602755529,0.7048539163480442,-0.14796944912871196,-0.0937447522492361,0.008115180578791889,0.001047765385404891,0.01868759614702929,0.8996584735286168,0.026160960779848044,0.4038554648842002,0.02191263561936383,1.632233994576769,1.7318719296578489,0.0025044700723088997,0.004758258357437637,0.012170232947668534,1.903026629711687,0.007642578781379126,0.5827659732044267,2.002846380849897,1.97689971373963,0.4532448309147669,0.0004161951789868128,2.0090860125467493,2.010905798950587,-0.09726855872891257,-0.07630629480942858,0.01853203362288029,0.026223357536722634,1.816043656047884,-0.049894835972694,0.9219164613067992,1.9835732593781779,0.0022115952401433213,0.018316604756242246,1.8239139866066336,0.0006899337003472255,0.006907183096317227,0.023774040713372236,0.025941616058612706,0.07098533237054175,-0.1332551034881367,0.17912002880901592,-0.04134767976058012,0.02606932324288743,-0.15883844338250605
0.0,0.0,0.0,0.0,0.0,1.2560045519744056,0.057292512296541594,-0.008995172954796127,-0.33903808341900804,0.7796204646306134,-0.010336728936246058,-0.16017421639268137,-0.0035407130729841925,0.02844798621407429,0.7626353883325561,-0.3764145218514948,0.0630220364565373,0.34242592752427736,-0.006119144772870421,0.01247101680308208,-0.25048733473624746,1.1209916353127303,-0.07459451412658948,-0.010609593295160922,0.06525068597690062,-0.25664843798901305,1.1002995024908686,-0.0013876269625235078,-0.00722247565748916,0.03895773979479997,0.36644017381130317,0.04435363939474788,-0.38273206059606096,-0.007833913670550724,0.16585500744816112,-0.334502940613172,0.054761353631937945,1.2004051209491253,0.00530733105613222,0.9484629826715745,-0.033659383386876456,-0.010753370291938635,0.03612786746835525,-0.21853011492201235,0.1876505718936966,-0.3907312251210557,0.5728653706688054,-0.002499076236735007,-0.003909731362035597,-0.009974999271182774,0.06571557121390448,0.020867452255435733,1.2120137893642284,-0.14010629512209719,-0.009146917846401719,0.050884030589002184,-0.2942011251521343,-0.004604843439637334,-0.12118817639152263,-0.00042620331474709227,0.5502859551864582,0.9367402354678809,0.06346239857446435,0.028619160093372568,-0.35792700106924835,-0.006928660088530291,1.2476070331198565,0.06358448826929423,0.06045863318057446,0.016686837045692304,-0.29457499890264377,1.0427644331127341,0.014628163019140444,-0.005706968929670772,-0.19728442417707098,0.05999199594823779,-0.01075854302932105,-0.38937469431398036,-0.05308782738044569,0.09165377297826584,0.43909548990283465,0.008275562959613467,-0.005384738409046661,-0.009527079505737028,-0.31761287836281926,0.04031371071667204,0.06594386038872041,-0.009851707485454976,0.6660400338403721,0.04743416189408409,-0.35784943084272214,-0.09899986620648929,1.0486475968437587,-0.19651007247416613,-0.0017554701568781648,-0.010358525455617778,-0.372771721855815,0.7008245939225076,-0.015432562938931256,-0.3871615949785664,-0.008432607169696934,0.024553826827566,-0.002109602307893566,1.2303946663794527,0.854606857443707,-0.07344779878484066,-0.008282333535722695,0.05299513242346371,-0.0007275644840224781,0.032304175643566226,-0.010615902082592341,-0.0029901824165526622,1.146371612616064,0.2594547612890733,0.2488824528411261,0.0014895720403767696,0.06504043525441537,0.8589966020871239,-0.14634950835980723,0.4874291556994894,-0.0040652258937309395,1.1575731410333763,-0.26876059976341665,1.2347145809589675,0.048650156026516594,1.2532825664512228,-0.007227906651193646,-0.2440864114990388,-0.17281046251352467,0.0038760616709876353,0.05139441568244788,-0.00017730790568286565,0.05904214452881073,-0.001035128616417721,0.009608118995719644,0.9942028853713951,0.5338803277087963,-0.3828115407345194,0.00778812659690088,0.018714881869604596,-0.0101796270671084,0.3117734007745257,-0.006491382228238438,-0.0641837525766657,-0.005142285250326808,-0.024129359852217286,-0.009270374829113843,0.046408306438199105,-0.009529716912712925,0.6113355498621896,-0.37843794735844377,1.1888291247870715,1.1760833398018828,-0.34692440374126976,-0.006658024251371682,-0.1329174682830802,-0.3906380796585982,0.13591891539372525,0.09033102854504588,0.4221386923041698,-0.008139567697214972,1.0839595376401707,0.06208015076174479,1.2545748872632774,0.030370292422284492,-0.010138538997250207,0.21248303732801696,0.3930450551164876,0.9000981258853823,-0.007800176116970787,0.6075568631028572,-0.005633042135672784,-0.00271517228650054,0.006822412577578015,0.0638234398430652,0.036122860651849775,-0.0014741121560269887,0.0007577284369805745,-0.05820441357072372,-0.3853155676297095,1.189303757415889,1.063614785134921,-0.009335855526125631,-0.3404740091787391,-0.008294946659081363,0.006040671085896105,0.1882545164804659,1.1825661340908484,-0.009233885049696777,0.05970861245161627,0.11251429472132765,1.2445134308050578,0.899642413184137,0.02247019792192335,-0.34874881880862074,0.04320742711605991,-0.31305116045244036,1.1045191257462021,-0.2630931948195011
0.0,0.0,0.0,0.0,0.0,0.0,1.2346065254664245,-0.32640265498588994,-0.3282175140611859,-0.009836243553006477,-0.3663547191537708,-0.36898277474652424,-0.13005978055947226,0.8282675638886784,0.02862415781046312,-0.15497467790997466,0.7823833063791156,-0.005258135535942221,-0.22376591871057272,0.3976020133823032,-0.059257625009842906,0.014989586832949918,-0.26146275185749834,-0.38115659909537314,1.1095499244177862,-0.3811774661951444,-0.009403902020167828,-0.05112036535154334,-0.25104235904349637,0.3153658355781504,0.0270464593647423,1.1350439208727132,-0.257757671462195,-0.2853180626918831,-0.002674054777029701,-0.10645555122691891,0.5570093122780383,-0.006868194647028784,0.17490328228249372,0.02342580355271389,-0.1495975206662043,-0.3837686546442883,0.9949391083357789,-0.3864438495139531,0.018443141116558346,-0.20637785956987084,-0.008083506117617779,-0.09193417199623935,-0.13391278321339872,-0.36031363704820635,0.9419022521522404,0.6364830748096861,0.00785935308416606,-0.025178950601992132,-0.3212345366890413,1.2090020324400883,-0.36455087364297145,-0.168862639415027,-0.335295585906302,-0.015719326956822304,0.030181824886142777,-0.010351204626405434,1.174487290224853,0.2067752773648804,-0.30517285333601485,-0.25292358566278067,-0.00326326147244528,-0.0010501022562412511,1.220088922223433,0.5207462831713,-0.08007328715484707,0.019347210469917483,0.09264342975488679,-0.1969869167208765,-0.3839758221961656,0.681603394115336,-0.3852142707520818,-0.23110142439101508,-0.20981175957719664,0.010576360263065613,-0.006530853885836897,0.2691289690428566,-0.19719079117199464,-0.34494159741402786,-0.34815356844377116,1.071857783622427,1.043542070074914,-0.34766259531339133,0.029939103175539484,0.4288066003869392,-0.12859910379042835,-0.30559346049178465,-0.009956447174656623,-0.04027161738890179,-0.06464200840393454,-0.3731497481328462,-0.2808789897198874,-0.009280878537497456,-0.07739229088319736,-0.1822540553683827,-0.3065815872404026,0.7328240365440608,-0.07171817022725634,0.005752238693067428,0.02649125826857408,-0.0114800475827376,-0.28943136994831636,1.2236504471675727,-0.026824821755426647,0.9157747689597792,-0.37760682458402467,-0.10992564013157002,-0.008577219871879167,-0.004081810526840065,0.022152546511254687,0.04989377607007388,0.8838918686150063,-0.010213269957408816,-0.35939788116685817,0.029640231786320588,-0.14920584571890327,0.012509581030563996,-0.37705019048872757,-0.004759018908651122,1.1881677412039082,0.0015428526923810687,-0.26365976984365924,-0.3842245992492635,-0.37574573716879517,0.12852897395581556,0.49340056395953447,-0.006541367938485162,1.2296216468867807,-0.0381506092602082,0.31054758858098797,0.021584064212749884,-0.007659115688952594,-0.1687625206462512,0.04654385017253595,0.5777169629061822,-0.36721679859472567,0.025099167016001563,-0.22485599415304053,-0.2381677344890623,-0.18839516782298768,-0.11405923966109804,-0.3360244309189601,1.1624279323889004,-0.3355140084101836,0.030243822546301407,-0.26886001709164253,0.010036198787060012,-0.0077785564237131035,-0.11728909806115714,-0.24319321569763408,-0.3476777979652867,-0.2190114464130146,0.014551401161260897,-0.001482833229221286,0.02851332540370764,-0.2961926055150781,0.01718600167050647,0.7471666103815451,-0.0016366912439349263,0.8728036316244652,-0.35863854314572174,-0.003385376187434566,-0.005938682205622747,-0.010319204422106692,-0.2718978233137376,-0.008439385190399416,-0.20618762141664795,-0.09253608320331562,0.22333289192256722,0.8168382840907705,-0.0006001909283182996,-0.04998322058566782,0.025457623030968542,-0.2233719837561162,-0.17583347566963753,-0.007320862693880202,0.018286602759885178,-0.32826355043448013,-0.11144286950535082,-0.301705989491577,0.19843032058968374,-0.0030181664520876274,-0.007563806414880506,-0.3244657285750867,-0.0009869433055917694,0.012529836689281315,0.0036206398562730873,0.025135284948491647,0.15283143603969998,-0.31717194026379514,0.3687429228841171,-0.0910564835348107,0.01600013555171478,-0.3791262762746002
0.0,0.0,0.0,0.0,0.0,0.0,0.0,1.1894977527253683,-0.03537376640890731,-0.00109356441936648,0.7075178262243839,-0.03834198184926005,0.6622772927415163,-0.1567714826875498,0.003177688482196832,-0.01699566929365114,0.05444587717986976,-0.0005846193280902814,1.0127796906491975,-0.15941850777019687,-0.006537087830075127,0.0016653315290087235,-0.02633796573862496,1.0449638457156896,0.047254444200262986,-0.04048280453169654,-0.001045399562768869,0.27994249057720905,0.3182529870952367,0.027547083967213722,0.0029991499103721297,-0.07834371168259624,-0.028029484408816065,1.155281145039937,-0.0002973162500847716,-0.011711426988428728,0.0443055977313779,-0.0007634619645946551,-0.09911159003354816,0.0026016579066512483,-0.014700837924473362,0.8808310760754758,-0.12375068795818761,-0.04072792246619644,0.0020436099891446174,-0.022546399217915635,-0.0008987303340734229,0.48598021805063574,0.1301589756330156,1.151802975360065,0.05611707248556866,-0.17336273201214747,0.000873351347117425,-0.002782890033912305,0.5035185420595876,-0.03893748147094619,-0.038983471508084865,0.8232361661546777,-0.03442573695177664,0.08847112839585775,0.0033487894703312674,-0.0011507751011110077,0.036307783751272735,0.01866222606387976,-0.033003521415205066,1.0911806531992432,-0.0003627129998539966,-0.00011675711143693624,0.01876386975538001,-0.1719346788196854,-0.008822899839180698,0.002149110426141611,0.008617226157306191,0.21908249845882147,-0.0402762985037692,0.05076160509307319,0.963940309154934,-0.025194388368504118,-0.020889767015633054,0.0011713127690069348,-0.0007261174217942824,-0.13162038046718536,0.9272094270251445,1.1796110200396461,-0.03738242806040135,-0.101531871500519,0.05280650203815908,0.6069032270069494,0.003322888060264856,0.03599960351540904,-0.014127877907132727,-0.03111814398639467,-0.0011068487574413047,-0.004447314186066797,0.3500418793168485,1.1038110047766907,-0.030468016815358257,-0.0010318351458845749,-0.007487227687891982,-0.019948302683072627,1.180886273682971,-0.1678476107673988,0.06176999383440976,0.000639237279882387,0.002941516241899972,-0.001269780929572761,0.4085233654639395,-0.02603514300710967,0.14972544540789073,-0.14171893371848449,0.7964904099305677,0.5712555002984038,-0.0009534760492044933,-0.00045383468929076164,0.0024553280473332503,-0.034653475612652924,0.05625203941158737,-0.0011354623348409933,-0.03719850672252411,0.003288088302757521,0.7441993597199469,0.001389915067920547,-0.04013556146128128,-0.0005289836401024722,-0.05256248794118538,0.00017147141959295234,1.1153725806200516,-0.04070721948017081,-0.039176931529885516,-0.07843064483176476,0.040368526892313884,0.037063619216558895,0.010420460525463048,0.21109069932078875,-0.14245624626873815,0.002397342967694609,-0.0008515507079871009,-0.018489840584935108,0.004378005393762929,-0.1737919994056953,1.1300997330721425,0.002782645951939662,0.2669251305290289,-0.023863426168477773,0.8962560245752326,-0.011122832735961803,1.1869444647864833,-0.06611472481378766,0.5555578943481153,0.003356232008206101,-0.029203095664779202,0.0011151827214061331,-0.0008646756094825997,-0.012894608449607431,1.0669874181507577,-0.03583659555777906,-0.02390151584037943,0.0016119511621272827,-0.00016487059642316946,0.0031624183094875655,1.1702421631889446,0.0019092032470503532,0.053342661643216244,-0.00018191284260411832,-0.14970910479032637,0.6616314191363758,-0.00037640344365582267,-0.0006602815918553411,-0.0011472284602595825,0.3646834130304346,-0.0009382926646518643,0.9575572361221805,0.08290516583615282,-0.11728211291860478,0.05530584370838547,-6.673321138949269e-5,0.041353082287307295,-0.01843123789246296,-0.022306786121646677,-0.019254685034681078,-0.0008137886954337048,0.002031384158822176,0.5281976176814503,-0.012256336815559224,1.176362174557976,-0.10834866771958591,-0.00033557587606378734,-0.0008407992663069329,0.5146569798909523,-0.00010973472438963312,0.0013878275662010267,0.00040237631595324504,0.0027912242638550885,0.01399809160995994,-0.0342427976651438,0.03163918508685334,-0.010026624820819065,0.0017775409139005834,-0.0403140062810226
0.0,0.0,0.0,0.0,0.0,0.0,0.0,0.0,1.1417900887726655,0.05802882496601515,-0.017995920709029688,0.6950683026944268,0.005571939986145111,0.054856015471947656,-0.16525043277224713,0.7352210043896162,-0.15484278457169254,0.031047794437334682,0.005827268047083305,0.03084619060749804,0.31006231796564265,-0.08752562780285865,0.3294640815243525,-0.010025127679950934,-0.08000682456039507,1.0178306297371225,0.05540184841195905,0.0027738757474903295,-0.016654124936683112,-0.13877597470387834,-0.15350965985021406,0.047223544210239644,1.0549650405229447,0.0034038763635576993,0.01579322801046128,0.5323808349811141,-0.16660173234558992,0.04042293469917221,0.013745349620432638,-0.13606303044718998,0.14547039531712594,-0.014973147908875674,0.05616530298082072,0.9062721805956003,-0.10349302495352367,0.9166362988609669,0.04771190766879795,0.004469007982938798,-0.009767486308880963,-0.004724018361243059,-0.12786856275042982,0.04648160238028201,-0.04603377694864158,0.1357909077422205,-0.01889917280605175,0.029917836650925046,1.0993237598366519,0.00614625323618541,0.5343756699586519,0.0009240666225965557,-0.17282863649714542,0.06103488103222701,-0.052034430400114885,-0.10786482856955448,1.1307229974342872,0.005000155040885832,0.01918425019280996,0.00620271638054941,-0.022245251191643743,0.039417515173337914,0.4109448240435144,-0.11269875332398789,-0.05807025873577184,-0.013778826778301442,0.8342708255931497,-0.16401162109553555,-0.012770098476617663,0.9893025227103774,0.23263781858875995,-0.058874611279656305,0.03855698977484326,0.021141742714591724,0.006164382736712081,-0.0022730664001881984,1.130889917652069,0.053145798523614084,-0.10186001538167912,-0.018821557946633954,-0.1722378392131472,-0.15792192083215154,0.62841226565426,0.4380643124861872,0.05867622324301436,0.21433541845858248,0.0033901561270749635,-0.007480931167087238,1.0993842415437791,0.05476375861697003,0.06529950146751365,0.8362205180210157,0.0018728481440229332,0.0513306867860138,-0.005382470039948751,-0.03371827121624986,-0.1534103933376421,0.06265270102267283,-0.018180178248246668,0.02177349438615149,0.0015397303952212884,0.056526541896391155,-0.016695852340544465,0.005051284909981825,0.050512859562355523,0.024104731636405582,-0.12484676280676102,0.00387031475646374,-0.13948446994877048,0.06023852473354178,0.6395488736290592,-0.16925438102045634,0.005929524573508536,-0.07313022774846212,1.0476325024359185,0.02799041782321537,0.037066174708569176,-0.009056736662947247,0.004557790858928576,0.9838586214793464,0.7441847738511794,0.010072237685988373,-0.1638518501095099,0.0003919063513315571,-0.011460879297711094,0.0021347536292979376,0.024332696932054712,-0.12554247980590735,0.045210428311374735,0.787534726241613,-0.03150858791664493,0.043038168664085566,-0.0060892457078132,-0.14201404867147688,-0.01534456034791056,0.28264183818033384,0.006198113475613888,0.10325705890901092,-0.001105032058072383,0.042910076527890695,-0.01896363643607146,-0.17362115860487062,1.0778856476179872,-0.05873332933930176,0.045795405620498636,0.5800598208685408,0.005334285248814026,0.5840104618385681,0.9550792924452068,-0.0813202522111399,0.008758509514449713,-0.1623082427710091,0.0026755162526976863,-0.10023561340103113,-0.1587383566844503,0.009617113112625865,0.055928968366743444,-0.01845938263488158,0.01999322179539615,0.035063527669681696,0.06085467078229964,-0.01755253184231646,0.04980888986507587,0.006091011707762189,-0.006886429523742838,0.017564853090466875,-0.15031972139730038,0.003545293061741078,-0.0037806829521655197,0.0019654161678255106,0.25569683590940084,0.813368679987244,0.04309378578288953,-0.10658837445849453,-0.018956890740836563,0.5544931439543975,0.002263326846779491,0.015604307165643169,0.017825104046982898,0.04452765685232409,-0.018931414520085333,0.005829674521350719,-0.06988146465981274,-0.021239079038492478,-0.1457687586255268,-0.08687034632272998,1.139117969115756,-0.14927621229789012,0.4623955668028399,-0.09337835114349145,1.0340676394625092
0.0,0.0,0.0,0.0,0.0,0.0,0.0,0.0,0.0,0.45953015659160207,0.0008897450843833757,-0.02292426960326443,-0.0002755405632663443,-0.0027048268744685887,-0.19939306558479591,0.06596748473170846,0.007409033489690322,0.29946765617432164,-0.0002881633605983804,-0.0015231474483202183,0.06352267137272813,-0.18462260688072138,-0.013164890536510671,0.0004957084403112968,0.0038885323537463873,-0.02100271490493841,0.32447695363496654,-0.0001371731048527843,0.0008232582815319512,0.006430856960590477,-0.10936487151165834,-0.0023229436252673215,0.029889759682542448,-0.00016832228945178377,0.16000906257575134,0.07235825831429375,0.007867816066842266,0.1962469334901043,-0.000679046349954236,-0.21319319156070765,-0.006187783159711385,0.0007403357590389456,-0.0027666821742839153,-0.023878491929222933,-0.05662751302347232,0.050236753364719694,0.4220672108972128,-0.00022099973786657108,0.0004827596552851274,0.00023359455939921177,0.0061665878076477415,-0.002293649911336302,-0.12259052249346963,0.03901895727055884,0.0009343285592555752,-0.001469335426988718,-0.014547452013334223,-0.00030393987866403143,-0.01949046065512722,-4.5696843567626204e-5,-0.1577161550763418,0.42917263243915055,0.002537215331678123,0.004941757443604629,0.009693863476670167,-0.0002472605350608308,0.07756822734529568,0.06433063142288158,0.001087820572852292,-0.0019457635799697472,0.06995895644510151,-0.20535856529258276,0.0026199242222506858,0.0006810766092376584,-0.02419631359275148,0.00780477571132619,0.0006314230947449598,0.040810394365914916,-0.009622681825160935,-0.027470709618808625,0.35994239958642854,-0.0010442517416110384,-0.00030483525001929557,0.00011240063426302237,-0.00811412928262267,-0.002616225593686679,0.0049354728223902815,0.000930531563553727,-0.1829096516482306,0.007389726162261104,0.07082471576826306,-0.01674050400463995,0.36768124027129795,0.052614101816000465,-0.00016764910962718815,0.00036991312309074775,0.020077257351193204,0.45456486744029256,-0.0028444767456915227,0.058427105521724844,-9.26120357587614e-5,-0.0025320436335977315,0.0002660073732004264,-0.09641264265696844,-0.2098519789497801,0.021128817022532997,0.0008987418274445055,-0.0010686376759483794,-7.614253336566162e-5,-0.0027859171993323394,0.0008254920935182882,-0.0002497938909290215,0.2749712340176445,0.23829745442149008,-0.07506295328680786,-0.0001912412429743562,0.006708206260978584,0.4514112432101998,-0.021930020718247564,-0.14213708055987642,-0.0002932230501555479,-0.16723696490665868,-0.019364754548383017,0.12139880067051555,-0.0018215175674585991,-0.030100652124767056,-0.00022538483062640066,-0.022310845098409873,-0.023596966732640733,-0.0004976285525767251,0.00770431957048632,-1.9380520650958914e-5,0.0005609784637692385,-0.00010556746583568897,-0.001201757472163852,-0.21113976954044725,0.4067391774419886,0.06242411062628611,0.0014107306429694995,-0.002124132902595084,0.0003011003648775776,-0.09364349380222775,0.0007584969692493883,-0.01149027210824638,-0.00030650365206813014,-0.004448380613120671,5.464292449521992e-5,-0.002109833927447631,0.0009375365434883064,-0.17163765674855408,0.025201224569093687,-0.14557598445255404,0.23537224844524254,0.0719471243122269,-0.00026378399450543045,-0.0207237343594804,0.04552658429778774,-0.04091762350770538,0.09031179734068183,-0.1248466431707795,-0.00013230431491937543,-0.19661396168468806,0.007581303999240225,0.03624127902631871,-0.0027571199287412225,0.0009126444915929748,0.20018081426916115,0.33265578905739984,0.44153051186801884,0.0008676931169007224,0.4336561912615355,-0.000301206570306154,0.0003403442489090264,-0.0008676580408367987,0.007205351364725456,0.03698154141463527,0.00018683975532182747,-9.711942081778347e-5,-0.010493700005705332,0.0603888716075984,0.2150400107651269,-0.2014466868222878,0.0009371921760857285,0.07225591481155531,-0.00011192133753206091,-0.0007708488002489893,0.1795896005353745,0.22565046143230452,0.0009359271470855078,0.06051153054676016,-0.033802708377729404,-0.06542454029153198,-0.212550753998326,0.003953243829095824,0.004614028676595526,0.006950802941199503,0.07161835752498052,-0.19052965902767,-0.02017941211190301
0.0,0.0,0.0,0.0,0.0,0.0,0.0,0.0,0.0,0.0,0.43197661370309093,-0.0225347002737902,-0.19376179339205263,-0.1970155474712085,-0.002199309537140461,0.007635293764525225,0.06638840779888366,-0.00010975240013460655,-0.19863185063400735,-0.1914165656717038,0.0039938399215498676,-0.0010259820220241778,-0.021638413788251116,0.2938303619072355,0.05963348133798291,-0.011982621688856988,0.00023351935041225833,-0.09747874871311275,0.28605978719856306,0.031159683407442653,-0.0021358206648351757,-0.10031634577258722,0.006193627462866543,-0.11343740867650376,-7.155441341115236e-5,0.00627828394612374,0.052414184556827385,0.0002528563795130196,-0.11422458239183497,-0.0017297465883703012,-0.013675416003236681,0.4007564957856823,-0.15730202464291207,-0.016949340872204434,-0.0014460611162094177,0.007761260674495151,-9.056382788917542e-5,-0.15627970539099406,0.13231419025017235,0.1472881064497825,0.06963967105696245,-0.214236541168591,-0.0004905036077056573,0.0018335647444436335,0.3879236872243366,-0.049971498994250296,-0.00658885311993399,-0.21224980331289628,-0.02396612684127582,-0.032586689676303536,-0.002370735495057057,0.00011080479233042019,0.0461245286802962,0.020541283260075868,0.0027046464788764296,-0.1688745583783677,0.00015155403787103284,-3.115039578423019e-5,0.02396806280142711,-0.20981438950020323,0.005109028684388334,-0.0013812495843037488,0.009144053567219059,0.2108231472141514,-0.01933838580693186,0.061124001397612024,0.3581658173794724,0.0072474444341791636,-0.01835498779891066,-0.000820631817873355,-0.00011181253893979598,-0.15471625336768494,-0.21157076571478448,0.07247322900054738,-0.0031364665257137686,-0.12961863170801718,0.06620677949193436,0.4200672400582616,-0.002329057528979483,0.04167647688539257,0.007032298830493528,-0.02353495728223175,0.0001982843928173467,0.0028390496985973715,-0.1189556037695667,0.226504522570731,0.004786007645751217,-4.276208270156835e-5,-0.0073299925459144235,0.007887893204815663,-0.06169479604354364,-0.20929375277131038,0.0652832627843008,-0.0003462696200430859,-0.0020021798645314596,0.0008586646467676684,0.34234719482605536,-0.03341127909098108,-0.05424225640706895,-0.17922923789758224,0.4247762481682946,-0.17619968587450713,0.00025546038801095865,-9.708565750277852e-5,-0.0017438823110787964,-0.03856419342065176,0.06938050481253252,5.242089137537713e-5,-0.02331053370651846,-0.0023355778312224053,-0.2055268535505089,-0.000832545074932734,-0.010278874582772218,0.00020448597122680982,-0.0674310952052469,-8.465501847568071e-5,-0.15332192275448003,-0.013695521236748482,-0.02161134486356925,-0.08935213742600447,0.047270716823141636,-0.01383140139737537,0.013331802058490288,-0.07512064909497877,-0.16870605198357141,-0.0015705134520298985,-9.974163367266335e-5,0.00781266051522516,0.004562709841850841,-0.21345702848540624,0.18723652437879448,-0.001980520485904238,0.2488013886422949,-0.020265486258328476,-0.21315931389451948,-0.010629777408342318,0.03557583954016094,-0.08474859654269841,0.40649130311541526,-0.002365059066397432,0.005580329187986382,-0.0006469321437334416,0.00025994156182192657,0.006674198387347335,-0.18075715324117958,-0.023794028717076473,0.007550368631257781,-0.00113532344162121,-4.2908454758609604e-5,-0.0022508623572850546,-0.08866924850766758,-0.0012027471706965187,0.0647683662332784,8.130724703245799e-5,-0.18876489848862582,0.4290527274523091,-8.570711465006357e-5,-0.00011259017528975887,8.261416023695305e-5,0.31652454904791316,-8.028978243816198e-5,-0.20859529666276877,0.08659650549508091,-0.1366189663463662,0.06770753129404893,-1.8238971387429214e-5,0.04419563863061478,-0.020336321123226978,-0.019297393293993506,0.007864572831139699,0.0002577199357411597,-0.001293102772430988,0.3973164398068821,0.0064668512709100965,-0.07477647531539736,-0.12554028579368662,-7.870072691401855e-5,0.0002592679170377132,0.39229230390095493,-2.937907886552073e-5,-0.0009749043989081775,-0.00020881936782389922,-0.0018804262330765168,0.015161883221353305,0.001399150959119941,0.03620170753437382,0.005630122760115254,-0.0011067056780013438,-0.011081630515952755
0.0,0.0,0.0,0.0,0.0,0.0,0.0,0.0,0.0,0.0,0.0,0.4105444458290459,-0.0032914090835769938,0.06111380168629077,0.05935596010021307,-0.20045187090540822,-0.18862890971667595,0.002968252477346027,-0.0032223574839695466,0.03004347176277426,-0.10647720310538861,0.027721382279782377,0.28570998437766415,0.002916917676574064,-0.09894561156781242,0.26696278306405885,-0.006314801565412554,-0.0016944185004532971,-0.00623444491825777,-0.16063956049310396,0.0575396135524877,0.05614981222271832,-0.15816066790252165,-0.001740259930748279,0.0019351982573825653,-0.16624291240708766,-0.1990507905399129,-0.0068371756707461375,0.011814950441557412,0.04671188232451866,0.14312876612504674,0.00226713092940734,0.06488171022265557,0.35387434530625983,0.03890801675920097,-0.2014024266822591,0.002449270589639599,-0.002687715759254363,-0.00559917791690717,0.0018588035735651706,-0.15725297470444777,0.04927107827774653,0.013257166447607582,-0.04909107432063229,-0.003604609889640882,0.036207341353160706,0.15439525523966588,-0.003549296926382237,0.3852596676905219,-0.0005706849023386574,0.0639285893648998,-0.002996543550275667,-0.06433989085175092,-0.12236096431618526,-0.0675200365429123,-0.0026792100558797817,-0.004097585708489186,0.0008424681851944683,-0.027422018908708358,0.04027166319651565,-0.13581983508137535,0.03731151984097304,-0.06404945329805095,-0.0065746475942874165,0.38650117935112815,-0.19825645545581078,0.002831589872650591,-0.18675706616298632,0.21637784265322663,0.022059576123091704,0.003023957157041623,0.01931471219992617,-0.003488184163635465,0.0009822859717908093,0.07542968396990045,0.062367185661535623,-0.125782130743832,-0.0017399168328904016,0.06283508807695351,-0.18587276915384549,-0.1855249410812089,0.3470007443983879,-0.005362108462619786,-0.0758737480770065,-0.0020609838963614,0.0025739121615605725,-0.12103756646146549,0.001156475750184152,0.06734756882562239,-0.2058933641822193,-0.0009180382664373671,0.05586705704213075,-0.003503226399372293,0.009359574417947658,0.05405271192442664,-0.0230256102985689,-0.005157122728798979,0.02647933620533181,-0.0009478640326502863,0.06421956685957139,0.0013165622127935589,-0.003013658907970786,-0.006907933449222305,0.0026256876060241343,0.046944128290206964,0.0029773022547848514,-0.17101532857702498,-0.0014176639984982517,0.407702012928285,0.06296202293129095,-0.0034659020871749165,0.02249746147896136,0.23306896304104796,-0.00552893512561027,0.04460834762747702,0.002288516312583739,-0.0024085975518310784,0.29917105682018114,0.4073969962074691,0.008349439602427596,-0.1943984442029501,-0.0002426392125785291,-0.014099109866297295,-0.0013095921549929604,0.022738787739023766,0.04241778580393963,0.0026974878777713492,-0.20453257716753453,-0.034259220248014664,0.04481169367733667,0.002252434292749544,0.053337638508168264,-0.006553401433207742,0.2538289796053126,-0.0035309026861257004,0.10419723739302658,0.0004963751671256341,0.05132833458758792,-0.002671364293233983,0.06379231504457017,-0.14187434426266352,0.01748357553639688,-0.007028939245767086,-0.1764163112379667,-0.002891029400477981,0.3985091714192376,-0.19525809483087578,0.03053285317213464,0.0011604664853175775,0.06065795383171803,-0.001340737426314907,0.032493743668571703,-0.1928822667204609,-0.0021982166429490644,0.06294441013797945,-0.0007704340487965198,0.002317957216192477,0.0030449942264436348,-0.0022341897435276107,-0.005746739933187099,0.0021714071596739327,-0.003421586367488203,-0.00431393164714735,0.015607272726354794,-0.18354684354103842,0.0004932765671792514,-0.002551526816313639,0.001470784843843109,0.23407535039849933,-0.2055787408187257,-0.006968773651301798,0.034932641892243266,-0.0031655659188325022,-0.17109932716915185,-0.0011214366145252282,0.013638059365537076,0.002128470083972098,-0.0070106799154473435,-0.0034075132924468424,0.0007945626472913087,0.026212454769062535,0.005644737221028101,0.0507731614734924,-0.09735093179892847,-0.034652054518159545,-0.17423576575044525,-0.149433271260787,0.029900952837229124,0.24925243284701182
0.0,0.0,0.0,0.0,0.0,0.0,0.0,0.0,0.0,0.0,0.0,0.0,0.37128937402046586,-0.029581381645340552,0.0001708615939826798,-0.0005434540458788669,0.009004764959969765,8.581494377303604e-6,0.25432837045281614,-0.027431501479485167,-0.0002986685015305743,7.99882098514237e-5,-0.0009609087114862208,-0.05708941415279505,0.008676612895470025,0.00043102885187863515,-1.8252342626394572e-5,0.23046259020965248,0.02530103933357599,0.0035992295871748034,0.00016501784926826638,-0.015258889668370766,-0.0004014853947976625,0.09774100857651742,5.5948975983846796e-6,-0.00045941994913651,0.0066764443369358925,-1.9759020346076537e-5,-0.015593320049319286,0.00013463607485868193,-0.000938650879328631,-0.029509352798328965,-0.02383876023382672,0.0003993658599915945,0.00011128907859858899,-0.0005315446975153201,7.080907333764057e-6,0.33569085014804123,0.015012620625038846,-0.05326851252335561,0.009790122326342663,-0.031656072803407195,3.827698915332635e-5,-0.00013895705324071895,0.021244903025097576,-0.007585806609177636,0.0003043432964622173,0.35200822659180525,-0.0004549212378012045,0.0821917551642705,0.00018370205371981234,-8.662266880426695e-6,0.006806298551761167,0.002227988156224616,-0.00016162697550624889,0.18248365371453878,-1.183939099424727e-5,2.4356901984183454e-6,0.0035808810468837965,-0.030602609683171803,-0.0003786215359018753,0.00010760635898407876,0.0009073737847169048,0.02161935479182401,0.0003028323815134,0.008079377492220421,-0.04480036868742064,-0.000484732706311911,-0.0010450619021282418,6.297424136779158e-5,8.74247166419419e-6,-0.021635668958195783,0.3097017422105563,-0.033735092349970255,0.00016200344922082875,-0.01969591201403204,0.00950417503536972,0.01262854392728086,0.00018074161839255355,0.005067976090631169,-0.000508540394255841,-0.000724169386455955,-1.549942613561972e-5,-0.00021393766588998286,0.2731838243711566,-0.06056572264201645,-0.00029980408009029847,3.3433340086151233e-6,-0.0005859821692181156,-0.0005508907440255124,0.04439824624628187,-0.03119905099214204,0.00789464472673205,2.7027870774985467e-5,0.00015569722590920754,-6.539378949023111e-5,0.025138258254710968,-0.005062593309363609,0.13428863130317162,-0.027056713918576086,-0.014223110311381805,0.3597857021998628,-1.9965571253439757e-5,7.591149477432024e-6,0.00013441206853543578,-0.005028964888646188,0.009632871808069442,-4.098249902474634e-6,-0.00015036978569796925,0.000180813764435706,0.3680993903635336,6.493059804362264e-5,0.00040574601275417723,-1.597639688900798e-5,-0.010249098089581065,6.610479093787594e-6,0.15449360553985325,0.0004399035558745394,0.00012112393791292041,-0.01202032835126739,0.00589168552960655,0.03538965962619032,0.001999667619553102,0.18219753645837408,-0.02379952290075633,0.00012229521176636686,7.798548293460827e-6,-0.0005509779660790946,0.00043246587912425694,-0.03134509320773859,-0.0585296826473876,0.00015285830895434447,0.0238909769722224,-0.0010216929096910701,0.3249606247922158,-0.0007920174034010821,-0.01866160718742051,-0.012889554013500084,0.017475727368237486,0.00018341097939736478,-0.00035619228689918786,5.047087404379529e-5,-2.031429136971748e-5,-0.00048564493045985047,0.20733046760410181,-0.0003098075305069944,-0.0005111506312556627,8.72471677290107e-5,3.355063178949108e-6,0.0001740752664214732,0.0699479690455398,9.373631831578081e-5,0.008709110615114306,-6.350851151953218e-6,-0.028424720355290242,0.006256711990851144,6.7014852604172565e-6,8.803327015686975e-6,-6.458598223524006e-6,0.025642853708512443,6.277566452082228e-6,0.29238513217233725,0.01027890913115608,-0.01889810645103856,0.009259122974214546,1.4261310738486816e-6,0.00543708862372194,-0.002620741897949504,-0.0010404083618444624,-0.0005518673231381696,-2.013985924186653e-5,0.00010075894687606018,0.019601773064863666,-0.00047200788629819237,0.05623907438765704,-0.017252385938184216,6.153663585357174e-6,-2.026125957840326e-5,0.020535598384164314,2.2971890901372873e-6,7.486470157520088e-5,1.6302869436114274e-5,0.0001462949599102131,0.0015825658931159208,-8.115810068968018e-5,0.004290356238556992,-0.0004151175457495541,8.626806923129837e-5,0.0004195514943398164
0.0,0.0,0.0,0.0,0.0,0.0,0.0,0.0,0.0,0.0,0.0,0.0,0.0,0.3678430967364511,-0.0031741850526842462,0.010095860162416662,-0.1628938548695292,-0.00015942308947728185,-0.008774364651901017,0.2266998459425747,0.005548481158519772,-0.0014859837003784902,0.01782030404837264,0.021809361671472655,-0.1530773896791194,-0.008005911034525887,0.00033908367665463814,0.003160988686776178,-0.05325393030253513,-0.06612599154189001,-0.0030656196500632314,0.23407336762442124,0.007458332282143294,-0.007920643635972504,-0.00010393945667031111,0.00853478775433581,-0.1218417857453582,0.0003670740304380055,0.09531808179909249,-0.002501205533835666,0.01738508597523816,0.018107755763133015,0.3337334457011045,-0.007417040072684997,-0.002067471736387002,0.009874540050379134,-0.00013154586681868527,0.0026126200969831814,-0.04758869194126188,0.012557504463925815,-0.1755030291815481,0.3350841049094046,-0.0007110921957293186,0.002581465845953608,-0.030566263083161013,0.12282035560167079,-0.00565324755241207,-0.003888161579711383,0.008443383261849452,0.0014321094074746033,-0.0034127273515212105,0.00016092363908433053,-0.11870584595502456,-0.04103153300929663,0.003002463478869859,-0.009623508674448425,0.0002199467715234322,-4.5249142041051243e-5,-0.06145037438413011,0.28948144255224717,0.00703378765025675,-0.0019990605394391613,-0.016746877676210203,-0.05611538641369482,-0.005623772234548658,-0.14678982207354987,0.02200335459319885,0.009004865752813803,0.01936971328154756,-0.001169902709491629,-0.00016241365175684736,0.15192768663355202,-0.006734341555059309,0.006189765886432666,-0.003009344727095595,0.28996223939816157,-0.16896304276626892,-0.014618021409712306,-0.0033577307440575076,-0.09284186890360258,0.00944729168459831,0.013436367933598566,0.00028794125646460736,0.003974409160744955,0.0032711527557223517,0.01843872660118423,0.005569371554998606,-6.21109339603416e-5,0.010843223235689878,0.010233974057968514,-0.004753363399129533,0.35939129474889,-0.029580394910619562,-0.0005021113003814405,-0.002892469180840866,0.0012148500947810272,-0.04395629402773861,0.08317659071155227,0.0021997121149497137,0.3587952948078929,0.010735003636749075,0.0015938614288285287,0.00037091124897982095,-0.00014102491372483132,-0.0024970395459628864,0.024676399021367333,-0.17332510260072323,7.613541617986622e-5,0.0027916015828082703,-0.0033590695585092936,-0.0018386303176516799,-0.001206250481639998,-0.00753649793741006,0.00029680217478578294,0.16315944034929794,-0.00012280643697512957,-0.00941930896690851,-0.008170508083802958,-0.0022490713446933954,0.06809833628180552,-0.10773311107889637,0.0006445877280761688,-0.03405698013545574,0.002770765600251327,0.17664278035174455,-0.0022719429773687045,-0.00014487787344052538,0.010235614641018163,-0.007987970991099378,0.3138745701036541,0.015696360181140144,-0.0028397251982369667,-0.05598033151704176,0.01894266140089328,-0.00589529652125231,0.01466276009226439,0.002998615403913885,0.201422558518114,-0.022558875345354053,-0.003407320422699021,0.006616906584210951,-0.0009376245030107969,0.0003773896066635675,0.009021967479864196,-0.009547249336722494,0.0057508219363477985,0.009495655167309576,-0.0016208329408903027,-6.232883410131589e-5,-0.0032338844269741407,-0.006532093014664953,-0.0017413895430047396,-0.15779927048954878,0.0001179831946817129,0.3654554945922567,-0.006429485093789432,-0.00012449713764329734,-0.00016354419490450858,0.00011998488947008254,-0.049049401872300044,-0.0001166217661735078,-0.0075222307385158565,-0.036514213903038335,0.1243508435129803,-0.16721278036025394,-2.6494012903660403e-5,-0.02148489612559202,0.012243270740461358,0.01928644095022548,0.010252125979397642,0.0003741490836802666,-0.0018718525911511391,-0.026793910426245567,0.008768633411137153,-0.00564567557532862,0.10937612934860591,-0.0001143199563809351,0.0003764044050086986,-0.028871721480722902,-4.267613159757918e-5,-0.001390797674799557,-0.00030286719107025414,-0.002717798568598943,-0.029176384585199694,0.0015076225715809697,-0.078720642054154,0.007711779496505742,-0.0016026479564250822,-0.007792838215746508
0.0,0.0,0.0,0.0,0.0,0.0,0.0,0.0,0.0,0.0,0.0,0.0,0.0,0.0,0.3631545863955501,-0.15552689969109063,0.008024027351044686,0.027076434793028258,-2.532905064873556e-5,0.0004031410754213297,-0.15878088085556197,0.2133993213762381,-0.008015639099187802,6.267825080106024e-5,0.0037590183029957646,0.017697280474502718,-0.056505723446263416,9.127956558151579e-6,-0.0001465810177664245,0.006963496089506337,0.24735961188783062,-0.0009019224716392586,-0.060681837441960366,-2.2855060479333517e-5,0.017667887135489096,-0.17703794803068756,0.008655824170481836,-0.0603709334969614,0.00021419549612924669,0.32409030779557774,-0.005147121849905822,5.183659551931891e-5,-0.0004943537138941759,0.011952486193674304,0.1353639900958476,-0.11166161865222499,0.022301244754131595,7.544218576465581e-6,-0.00012599360329091072,3.616947341104537e-5,0.006456499226946978,0.0003370603366594503,0.10810494284511958,-0.097874746430325,-8.58825894478059e-5,-0.0008233667934079301,0.017199787755469147,-1.1226127958153119e-5,-0.005840732334266116,4.135552039065111e-6,0.32905638199099185,-0.0270763661862754,0.0022950933527477566,0.005240433868714391,-0.01714020429572076,-2.777586924990416e-5,-0.03557793541706442,0.007694171484446643,0.0008900588217334574,0.0004128029472212079,-0.17355238156456249,0.2741862710443311,0.002678048330839154,-0.0001518424879877542,0.007583841742851272,0.0085442878940861,6.31221704405018e-5,-0.08728964629849617,-0.007045169477441858,0.0670870756310106,0.027566818482886973,0.00031461514219518165,-1.9442159336580796e-5,1.7840876848904424e-5,0.011318801857980764,-0.0007426522069110571,0.004968152324821352,-4.137825356399223e-5,0.3568853045243176,0.008097681886185051,-0.17070476640054214,-0.0075976174018756795,-0.04817171258003086,-0.13199749260757576,9.446000047869514e-6,5.305570739097942e-5,-0.03846361136971787,0.010512650404656272,-0.0025998541180947132,-0.1339078223659113,-1.3712411419191411e-5,0.00020207886389958957,-7.645019721683848e-5,0.07739836620640635,0.35284010675962485,-0.05279531736072966,-0.00012238114757752745,-0.0006589076515355884,6.352159590004299e-6,-0.00024177449393254774,3.065143990792485e-5,4.602360575274811e-6,-0.06151857341090257,0.023962199764105296,0.17647089410502642,6.017822796316684e-5,0.007131469046217445,-0.012843651929536687,-0.002417951186159223,0.30580579784460443,-5.308831940094867e-6,0.1770578225430015,0.018436165417726157,-0.04834140028766165,-0.0009128748766470652,0.019398691507385428,-2.718449130373188e-5,0.016272912120131572,0.002458781163460286,0.00015823343544845328,0.008469145082255809,1.8614035833696963e-6,0.00043721356511139403,8.001165353008773e-6,0.0003503916295494538,0.3027270665378755,0.024570969687360326,-0.14519386717935387,0.0014116371823867113,0.0003867009845532922,4.518928901626463e-5,0.2158890324795196,-0.00015284050239278634,-0.007700288342384628,-1.7020313676079482e-5,-0.003897896813399648,8.64536161927615e-6,-0.0009326964896561783,-6.363960359018915e-5,0.34630639129448276,-0.049846497322759635,0.14033994886475873,-0.062339112605185355,-0.17481188926918395,-2.7557392966828993e-5,-0.004419348658851313,-0.09932487721237702,0.09901584369368709,0.010597557465888356,0.27633380917162315,-1.8846177339765003e-5,0.24469567992156885,0.008247893041307143,-0.018938732231186636,-0.00011690705068567217,-1.8255256094042373e-5,0.02115837124721475,0.027767636722511358,-0.0202151314945609,-0.00013585789720782387,0.019763577383057715,-2.1716101399881483e-5,-9.516716984120511e-5,0.0002686211681623999,0.007762055278952813,0.004505389873531053,-5.501982282592504e-5,3.025196647932436e-5,-0.007387536105372018,-0.1394058574136469,-0.061666786507013543,0.2599084195379616,-7.543299181356039e-5,-0.17623845382311903,-1.628760827806423e-5,0.0002412671375910943,0.019430696022100763,-0.06211119034446177,-8.119560570634738e-5,0.007256737022348323,0.08220800625103757,0.047291156451255256,0.3414665320252295,0.004129687211500805,-0.007758333521073997,0.007577056220973225,-0.17674459425514377,0.22793197431567921,0.018178079048999395
0.0,0.0,0.0,0.0,0.0,0.0,0.0,0.0,0.0,0.0,0.0,0.0,0.0,0.0,0.0,0.31528190959708113,-0.02543126049455722,0.004150972249853534,8.029671198441844e-5,-0.001278012729885882,0.19107123330834,0.020339317339924508,0.025328394470661965,-0.00019869901377755168,-0.011915354433596287,-0.05446738676691449,-0.008318244498284017,-2.8936927391516336e-5,0.0004646827145699848,-0.02206319733048225,-0.047540456024047203,0.0028591745886205077,0.16065570788135566,7.245380933540262e-5,0.0027132886307388755,0.2894307776983764,-0.027430403613479776,-0.008628529854103143,-0.0006790297644231964,0.017747528142133037,0.0162870775972019,-0.00016432941493360658,0.0015671573120372617,-0.037188754667480776,-0.0459156866070843,0.2649087915340951,0.003406037932437029,-2.391625154695693e-5,0.0003994176261976572,-0.0001146624012750029,-0.020464530496963496,-0.0010685261318781048,0.012549896699384099,0.08419080311666105,0.0002722600648498066,0.002610119984252414,-0.05207390529300102,3.5588430706625346e-5,0.018409869999033258,-1.3110291259713811e-5,-0.028474096616856435,-0.004069989757333675,-0.007275187345285247,-0.016601718493293706,0.04877890022460529,8.805347674197275e-5,-0.00488959559214882,0.0011824357949396143,-0.0028214499545057576,-0.001308641352221577,0.24283962125240763,0.02130088672055594,-0.008482461951954845,0.00048136229839497327,-0.023698553991411502,-0.027078848592703448,-0.0002001063013801428,0.2193523099022094,0.022279901463871907,-0.029978196630706992,0.004220581560651114,-0.0009973738358740691,6.163442486491968e-5,-5.655813015190546e-5,-0.03375479295678807,0.0023542837389653624,-0.015747678915870287,0.0001311749719281362,-0.012693807347139216,-0.02565935166932383,0.31087972124795554,0.0239796644740261,-0.0071524076229007244,0.1341386693408199,-2.9945170726631527e-5,-0.0001681941764224181,0.10580347823424126,0.001600126481891308,0.008230404172876632,0.29723617124267904,4.347030464561831e-5,-0.0006406163085696385,0.00024235796910017222,0.009362633019723099,0.01024132187972377,0.03753722173786583,0.000387965691649138,0.0020887657447426536,-2.0137254123796994e-5,0.0007664543288165166,-9.716944363919991e-5,-1.4590141060579542e-5,-0.008961992753787701,0.0036768815466348007,-0.04982705801212221,-0.00019077347961060284,-0.02260338797734585,-0.0019413090277746474,0.007606240786449221,-0.03632051849936901,1.6829756293562364e-5,0.01831230614156789,-0.05648506954936966,-0.006754300176225215,0.0028938772218180904,0.002510576167627556,8.617872408180054e-5,-0.05028912466336178,-0.007712362410448267,-0.0005016222442591177,-0.0268376959849638,-5.900915500495356e-6,-0.0013859589703469999,-2.536483816472969e-5,-0.001110790120532086,0.020035333561954527,0.0037557198834354787,0.3088525504458745,-0.004470764242323194,-0.0012258941369417832,-0.00014325650595598829,-0.049957913710568534,0.0004845261601897884,0.02434202002439457,5.395682785937481e-5,0.012337175193875559,-2.7407032301771653e-5,0.0029567230961180455,0.00020174662792781013,-0.020227697668170813,0.13451688069748632,0.015510473294338984,-0.008998929285212514,0.30196893208239606,8.736087570403345e-5,0.01391783813866917,0.2429655986410059,-0.03901376829560056,0.0016283575401328497,-0.043198648213506836,5.974507660688522e-5,0.021304715015706084,-0.02614035035602238,-0.002554162433253481,0.00037060980762862,5.78717689180707e-5,0.003248071159186317,0.004254165443851944,-0.0030472842871832645,0.0004306889029525876,0.003016059931099431,6.884314631880285e-5,0.0003016934358057281,-0.0008515666570866858,-0.02460134786178632,0.0006924947048469272,0.00017442063704396662,-9.590300972834255e-5,0.02335847366277365,0.3033920354147012,-0.008857120672499016,0.02143467864781408,0.0002391333505759348,0.2956882921164504,5.163404687165816e-5,-0.0007648506134247047,0.002983468603862593,-0.008944740296601337,0.0002574016582474159,0.0011152367094116977,-0.03462666389926914,0.005932516254580494,0.01427417254121721,-0.013081818228720428,0.02240439411288483,-0.02400842377412804,0.2649458446501388,0.020891629282069807,-0.05581679086836094
0.0,0.0,0.0,0.0,0.0,0.0,0.0,0.0,0.0,0.0,0.0,0.0,0.0,0.0,0.0,0.0,0.30716423972982476,0.0001128331013383237,-0.0014455766500075194,0.02295165163588054,0.003386306077014554,0.0005505406125904438,-0.049628594920533495,0.0035770939793499826,0.18097923806788638,0.01888966854912616,-0.00022603603771681585,0.0005209504793311806,-0.008363813230720314,0.1642053236532025,-0.0012357478215133477,-0.05018123030290325,-0.007392584834417065,-0.001304378909805103,7.375450899729784e-5,0.0030840701364654825,0.2700725393323131,-0.00023441029232006868,0.01220902825762589,0.0004785654874897617,-0.048223299512151666,0.0029583000385820023,-0.027824102358869833,0.018682533701670116,-0.00115875086484551,-0.004651849641321756,9.258131335890484e-5,0.0004305633734115634,-0.007187759885372889,0.0020642392869004056,0.27833567986157826,0.019148149567899973,0.0003402950556394497,0.00181254546749108,-0.004900874847225962,-0.04511588981926392,0.012105342535487194,-0.0006406968259239326,-0.02321923822243788,0.00023602412573414037,-0.0007538710189365524,-0.00011061458997444371,0.11540911073349996,0.10580419196946213,-0.004480038993757012,-0.00158522006089556,-0.00013279052252781738,3.2141972499211114e-5,0.046440323014053604,0.023479319340662722,0.003620127411048405,0.0005756505785058752,0.04458511334872062,-0.008663322599150784,0.014557666667673693,0.3002286846151719,0.003602399400047588,-0.0064601143789375995,-0.053941123609206526,-0.0007381515195681576,0.00011472406036091683,0.01792515627956678,-0.0011096012017135877,0.0010182054561160357,0.00589176330478012,-0.04158793754866684,0.22920365240523818,-0.002361323688241185,-0.0003386628997083246,0.21982827765411914,0.0019686505715546644,-0.03725108716029598,-0.0001943696510256378,0.002676678310525003,0.0005391018287772829,0.0030279449939922642,-0.006870005351004548,4.349271722951112e-5,-0.029826014997061976,-0.0024698322286448478,-0.0007825907956200158,0.01146430920812653,-0.0043608533766150105,0.00025396950818450727,0.0002754213197514435,0.0008563926700696333,-0.006983361186267941,-0.03585639224215258,0.00036253029160411587,-0.013655242453634097,0.0017492484978844458,0.0002626657369159198,-0.00024350808804264934,9.994692105581859e-5,-0.0012725767412153392,0.0034316368315051872,0.29505333499104375,-5.276341488848268e-5,-0.007569300197402594,-0.000956521462274651,-0.0003029853617705791,0.0004960224771642891,0.01731232170151456,-0.00018345797446601338,-0.05032583243164075,6.814478809053473e-5,-0.0015514685143551042,0.01975307894820317,0.005971536022320102,0.009020846022627744,0.24719428702886204,0.0001062339815396029,0.023075568584817133,0.00045664229689719536,0.019959127183296007,0.0005408609719628796,0.00010208684965097024,-0.0012190116548049296,0.021493895221207395,0.02198266785076511,0.002579006556952993,-0.0012889370847165276,-0.00872063876279016,-0.05277969329524826,-0.0009713819666125595,-0.04052199412583412,0.0004934043029696478,-0.051683987764420646,-0.003631650416027171,-0.0005378796854687948,-0.007325346550413587,0.0004203806714869592,-0.00024449321392025096,0.0026086292298777613,-0.0015727516360531143,-0.015721682083297724,-0.005657925559388646,-0.0009726468268192657,4.4263338477354915e-5,-0.0011302553044915242,-0.0010755842557885846,0.0005762485580436281,0.30673382452659614,-6.935382075583236e-5,-0.006612025619556398,-0.001041783328733999,8.829107477153513e-5,0.00011563754342589015,-8.282127245874906e-5,-0.0077521889003726065,8.198060258086671e-5,-0.0012393792401858839,-0.005428731585126564,0.015308040535486706,0.30535347471138374,1.8824001435910528e-5,-0.003138281126692992,0.00172522505265596,-0.0537298188876228,-0.001871197198838749,-0.00024063028793548763,0.0005795217191923274,-0.0043046100134825245,0.002882675400642074,-0.0009295619654983924,0.01375073149143493,8.109861582459932e-5,-0.00024301613803877245,-0.004633432587634979,3.0315315398655584e-5,-0.0008578451271714385,0.00016097986751734797,0.0003843986329585813,0.07645335473213238,-0.0024441961450433264,0.19136465541392841,0.003508045332267538,0.0005653078756443347,0.0181349026564723
0.0,0.0,0.0,0.0,0.0,0.0,0.0,0.0,0.0,0.0,0.0,0.0,0.0,0.0,0.0,0.0,0.0,0.1156748396189909,4.6364545903005907e-7,-7.324537839554954e-6,0.004039408237222207,0.024080757769207865,-0.0002483881848598925,-1.1472483716860107e-6,-3.611950664263627e-5,0.0005890697101457943,-0.06145570544621616,-1.6708700848580886e-7,2.6813551020998405e-6,9.962208927454377e-5,-0.008848662973467076,1.5249772652416383e-5,-0.0012181286502350977,4.1835694788876683e-7,0.08580972360554927,0.0022036414897940054,5.9664485986115395e-5,-0.04400253428165715,-3.90571268468884e-6,0.01274803606424746,-0.00014429595889256015,-9.487538701292988e-7,8.669546516208141e-6,0.0004052933312583783,-0.0055440618618016226,-0.0012455977733049459,0.07295992699341339,-1.3809667070895328e-7,2.3034421048541947e-6,-6.620580107177411e-7,-3.0366148460296306e-5,-6.083616997260276e-6,0.021941369586963255,0.0033876258241191688,1.5714805391958697e-6,1.3244817039913421e-5,0.000550263514284976,2.0549356039802414e-7,-0.00019210250745122523,-7.570118895009676e-8,-0.008005208673020164,-0.04538605288211078,-2.683717799102002e-5,9.223515382259252e-5,-0.00045337443085776753,5.084330937136474e-7,-0.017777631531431172,0.03927648706555955,-1.2047837000070891e-5,-7.478256691712435e-6,0.0034144856979728736,0.01975245985395749,5.633420192158752e-5,2.7769130143600754e-6,0.00025788457250991664,2.614838920367981e-5,-1.1553451334646182e-6,-0.0013715462095727478,-0.00020884160741036582,-0.002780910225336015,0.10679546914474095,-5.729260043423892e-6,3.558870856537784e-7,-3.265684454875441e-7,0.00034724714438663954,1.2818097270024387e-5,-3.800640311520158e-5,7.572185707916038e-7,-0.004629057997081037,8.776486442396289e-5,0.0011238406250403666,-0.00024406841962147413,-0.06104091978478372,0.0040438885304242694,-1.7290876720372657e-7,-9.711357681439683e-7,-0.0009002891848519241,0.02817869475058407,-6.767189183765805e-5,-0.0008313808859352004,2.5100186563679513e-7,-3.632091726016419e-6,1.3971683629407423e-6,0.018470295895320715,0.0058195247401429985,0.0020028532715921157,2.2390417657301473e-6,1.0357642433302773e-5,-1.1627613493644736e-7,4.286068744624381e-6,-5.60986509966004e-7,-8.424603655936924e-8,-0.057058952763199416,0.10955365694613095,-0.007022248123804537,-1.0987812275748725e-6,-2.148227145973052e-5,-0.025503155126220107,-8.102347195351491e-5,-0.008878154565471981,9.717788992524191e-8,0.02480309963845279,0.0006075436493532166,-0.027914324562039853,1.4982180070279363e-5,0.006427648378163462,4.976075060404579e-7,0.0005460900588511499,8.334118270747701e-5,-2.8868648967981604e-6,7.497559066791763e-5,-3.4072952886572665e-8,-6.174543469998348e-6,-1.4646113775600147e-7,-6.3764868450827605e-6,0.0162321394351713,0.08478668245660327,-0.000467457514071609,3.1637614742837136e-5,-6.9936795363480365e-6,-8.271544038835038e-7,-0.008189955854118339,2.7955299313671104e-6,-0.0002339697013881927,3.1155552867797496e-7,-0.00010547008127851726,-1.582496801259946e-7,1.556605659578422e-5,1.1645440419474271e-6,-0.0065182738981945055,-0.0010829757144550178,0.02403321936090735,-0.05118493353672343,0.0016690519492949176,5.044343268989014e-7,-0.00014676477859772532,-0.0013455598122697867,-0.004102499545605639,0.0534750910699124,-0.009124402308328498,3.449746518413322e-7,0.0223472302487867,8.764963717782064e-6,-0.008177394372347734,2.081440701637527e-6,3.340839252810348e-7,0.09991018351919684,0.11299372876665918,-0.03677472540354233,2.485424536149784e-6,0.06148671019738264,3.9751122562217785e-7,1.7394544148212025e-6,-4.894990012323028e-6,-8.003344568479429e-6,0.023251332686418397,1.0053744487391716e-6,-5.524810501007316e-7,-0.00022161739132634447,-0.0006700107457287127,-0.04759367697291366,0.021130001256703855,1.3803122835455417e-6,0.001957296942237168,2.981403949578899e-7,-4.398015543983547e-6,0.09314712500693341,-0.04950946928390631,1.4857371963849266e-6,0.037102786466237644,-0.0034107309988871404,0.013302025583379557,0.009061625226702147,7.940553596848074e-5,-0.00021549577041592003,9.606063603065063e-5,0.0029418373404196383,0.023402902914134677,0.0006020250985019237
0.0,0.0,0.0,0.0,0.0,0.0,0.0,0.0,0.0,0.0,0.0,0.0,0.0,0.0,0.0,0.0,0.0,0.0,0.10658643050737106,-0.009089139363343829,1.5083070710874098e-5,2.350386666752364e-6,-0.00021128078366667,-0.05261507006854572,-0.001250912986306048,8.384710274710627e-5,-7.406792507162131e-7,-0.05241603334708338,0.021225349342575424,0.0004881432407196549,-5.472309002560425e-6,0.0029619305171405103,-3.2944832085241944e-5,0.06642351507572576,-4.4359394703679596e-8,1.374278597451747e-5,0.0004934950839286089,-8.539446346829873e-7,-0.007930380155410349,2.078709556487981e-6,-0.0001977573945755796,-0.027569487028969077,0.002688039120180989,8.270264820956101e-5,-5.143303448720275e-6,-2.0733930549729787e-5,9.549474737389046e-8,-0.04229034779854907,0.011297002660864777,-0.04700019333680624,-0.0006288863153195777,-0.00455286086936408,1.4221027298725271e-6,8.068140957412585e-6,0.01891058260347097,0.00172861030599527,5.3831437879112974e-5,0.05658956202177556,-0.00010104481304462035,-0.02404650956184519,-3.327060430355051e-6,-2.958591215696062e-7,-0.0012301597490252392,0.00035291545865073656,-1.995746095924627e-5,0.10051566280211878,-5.148479285441742e-7,-2.751345980449943e-8,-0.0007592593220791587,-0.007164683141941013,1.6128246645548144e-5,2.4811921275235684e-6,0.00016244633148890862,0.0172837893958591,6.430944912289981e-5,0.00028528355833995153,-0.041732738029081944,-2.879226523780234e-5,-0.00022588489259280867,-3.2796636189284655e-6,4.705753947669697e-8,-0.009376873510459512,0.09062055321545635,-0.028702512364265728,2.6221749638608504e-5,0.0031375866020553088,-0.0010537543444726755,0.011489927528255946,-1.4901297202394854e-6,0.000550521355621655,8.773433426501785e-6,-0.00016071006375301927,-6.012672051955765e-7,1.1918718486793485e-5,-0.053883857401509715,-0.05490353165581064,-3.061150345210717e-5,7.138004311985666e-8,-0.00011888774843305827,-1.100844022519443e-5,0.03334718148796521,-0.0021924226637500357,0.005564783642731044,1.0522327879808016e-6,1.2029265027374652e-6,3.8103124777757395e-6,0.02179001965309903,0.0011748291758750932,-0.03681557577667795,0.0016513797714441125,-0.013250257444934355,-0.02540458134173063,-8.377215506834177e-7,-3.083913304127622e-8,-5.644483062096812e-6,-0.003060783528157414,-0.00038208795532245117,-1.2436120614913224e-7,-3.3169394766066076e-5,-4.2269794864489985e-6,0.02783766827717728,2.1041209375860315e-6,7.68968831153355e-5,-6.967054913917892e-7,0.002251448520321544,2.759319211408186e-7,0.09205851652490286,8.761107709020225e-5,2.6296445938224258e-5,-0.006559135261323954,0.0005404224003212085,-0.010847879543019039,-0.00044163937895889266,-0.04619126557176152,-0.009530274583464424,2.3413608351226957e-6,8.643894190308613e-8,-5.433253924900856e-6,8.057905398713046e-5,-0.0059394592330226995,-0.052412421657541515,-5.712367365827301e-6,0.019587274193280158,-0.00022306269367211844,0.08153297716689391,-0.0001639537338200091,-0.01550227732562739,0.0026793540675243885,0.015740918279688015,-2.3703175329794547e-6,-3.264315344442447e-5,1.7701452009937243e-6,-8.676663953120773e-7,1.1624914097924689e-5,0.10536968024973278,-6.866169203889959e-5,-2.5217680175668022e-5,-4.319643191358136e-6,-3.522138315291107e-8,-5.000670007166961e-6,0.05019280200755825,2.4725718859838133e-6,0.0001113568878857353,-2.7371231049453685e-7,0.0008962073922309769,0.005744290824176826,-4.0869805381570286e-8,2.4169111578967416e-8,-2.093735665055727e-7,0.02190041452218737,9.812874399955129e-8,0.09811496652523254,0.007410788392234846,-0.008880264256913344,-0.0001202978518643756,-1.71964009181819e-8,0.003740338184655174,-0.001646255696907992,-0.00022600194351436647,-8.340183973145435e-6,-8.660614420345984e-7,2.4924633448386163e-6,0.017550080882050376,1.284574212626067e-5,0.04137561107306088,-0.008449858862385784,-4.3525643862007614e-8,-8.683675520874553e-7,0.01832831511975938,-2.6203957710060444e-8,-3.810695467364589e-6,6.600269956595131e-7,1.6748079623874408e-6,0.00026680484213237326,-1.0886439412157973e-5,0.0005291529885057206,1.5630364421815117e-5,2.4191898644396805e-6,8.05262362533111e-5
0.0,0.0,0.0,0.0,0.0,0.0,0.0,0.0,0.0,0.0,0.0,0.0,0.0,0.0,0.0,0.0,0.0,0.0,0.0,0.10317353646138482,-0.0002448312999175866,-3.815192840107318e-5,0.0034294717188180527,0.018540412044044635,0.020247039542013286,-0.001361019252538989,1.2022848047793845e-5,-0.0012331084938163582,-0.05093145810772873,-0.007921875956127346,8.882757202007968e-5,-0.04675293565362633,0.0005347667163922772,-0.0026189844818849837,7.200502264385149e-7,-0.00022307553679480946,-0.008007009629446981,1.3861393543880724e-5,0.0657880304380032,-3.374201329562965e-5,0.0032099006399014997,0.01669406861940884,-0.041429748223913744,-0.0013424405115767034,8.348709049555564e-5,0.0003365571045327989,-1.5500891058064552e-6,-0.0009283542649150117,-0.04326306602877309,0.009250667409946919,0.010193721106616116,0.06227857330133908,-2.3083845012795372e-5,-0.00013096361434969628,-0.029665399210227258,-0.02761043024400675,-0.0008738010783055484,0.0008231673639768465,0.001640159257319005,-0.0005849755458339989,5.40054847172039e-5,4.802442161246591e-6,0.01988610467722716,-0.0057276824601615196,0.00032395319333613744,-0.001440924965973231,8.357110593334874e-6,4.466037710947915e-7,0.01224887268330082,0.09091154664833695,-0.0002617967945916199,-4.027518779503682e-5,-0.0026365757194661416,-0.05258388260473621,-0.0010438785745044545,-0.004627928235016385,0.01963868482020786,0.0004673615032336452,0.0036664921850047597,5.323613039344555e-5,-7.638470310837532e-7,0.09058480736922463,0.0007753767002363118,0.004079422958837785,-0.0004256360832695659,-0.04902639854074957,0.017068492871226085,-0.01415082851416202,2.4188072189555074e-5,-0.008933422490028651,-0.0001424120518255127,0.00260863429790699,9.759884912630081e-6,-0.00019346692802721933,-0.0012445078204844176,0.014794743727192054,0.0004968916438639965,-1.1586545888268827e-6,0.0019296982198786256,0.00017869110193822408,-0.002143649516892055,0.03140016930705006,-0.025927037404599756,-1.7080044982359294e-5,-1.9526134335994415e-5,-6.184972447493407e-5,-0.04247856118198455,-0.01881899835905271,-0.0008879864325392116,-0.0250309041236259,0.010122980019057657,-0.0005315903185054248,1.3598057324031946e-5,5.005867388279759e-7,9.16223343986485e-5,0.01966066152560972,0.006194981683545872,2.0186550151982093e-6,0.0005384074097618962,6.86131438816416e-5,0.0004840595005350776,-3.415449572650142e-5,-0.0012482026089014999,1.1309057529611835e-5,-0.03583532925370488,-4.478980010400683e-6,-0.001966319866797325,-0.0014221161298801656,-0.00042684635815229454,0.04987671657269776,-0.008769019391339597,-0.0002654618384227281,0.0071172884895560175,-0.0011025203911305215,0.09751867232211223,-3.80054193621605e-5,-1.4030935294585585e-6,8.819361561428594e-5,-0.001307855123611523,0.07844368809964977,0.012108778108436084,9.272424550414498e-5,-0.053049593506285575,0.0036207001685691974,0.000872559279337708,0.002661197347078444,0.001836943847239478,-0.04247299860553494,-0.021886528978284695,3.8475450029896005e-5,0.0005298697917335411,-2.873333733886979e-5,1.4084127801564846e-5,-0.00018869783343245352,-0.0009326729572189102,0.0011145184473573644,0.00040933817189988336,7.01172787891021e-5,5.71720265450974e-7,8.11718371745267e-5,-0.002562579700279855,-4.013526237959179e-5,-0.0018062228451721691,4.442950865949254e-6,-0.013441257843038063,-0.006195816035895819,6.634065416045349e-7,-3.923176670567293e-7,3.398591998245511e-6,-0.047201102553888534,-1.592844644820735e-6,0.0005927229701359131,-0.0324235060222981,0.07997594411231977,0.0019508999999716414,2.7913528752037485e-7,-0.018560507099590628,0.009974273635928378,0.0036684004740503034,0.0001353794584306424,1.405807589143196e-5,-4.045814436514533e-5,-0.026006159696380298,-0.00020851454857578942,-0.002390898084553897,0.07302955461787483,7.065166224413123e-7,1.4095509114149095e-5,-0.028023212990821812,4.253476813735703e-7,6.185594146603565e-5,-1.0713685130855943e-5,-2.718580494046901e-5,-0.004330252376709416,0.0001767106801683381,-0.00858708538131108,-0.00025371507373208517,-3.926875513872985e-5,-0.0013071146618435741
0.0,0.0,0.0,0.0,0.0,0.0,0.0,0.0,0.0,0.0,0.0,0.0,0.0,0.0,0.0,0.0,0.0,0.0,0.0,0.0,0.09909290318092465,0.02196240324059196,-0.008680748136077833,1.3672877797766793e-5,-0.0012136595095632338,0.02055506109209236,-0.006938969807865958,-9.149859992051143e-7,-3.524360201059893e-5,0.003466191755885712,-0.04974724675231822,0.00041764851805700524,-0.04164241352165634,-1.9422510046416276e-6,-0.00041566791020153447,0.06514562963562673,0.0020678670309379208,-0.007998758290737533,2.7084296028519897e-5,0.01937511871001341,-0.005040494610044938,1.2244476976595478e-5,0.0002005901365170846,0.014155635034278224,-0.04577282183792605,-0.04169024446513152,0.0008948137771357281,-6.888503246874232e-7,-2.800966721769312e-5,6.843386911316278e-6,-0.0010372726566705685,-5.8308935048886306e-5,0.013303811796580281,0.06287827524147156,-2.1184913526434934e-5,0.0003949755618584147,0.019170713809633748,6.107801651739244e-7,-0.00671472581594887,-4.3406203611874114e-7,-0.030631886068857483,-0.0027720494545614986,-0.0008897526847177204,0.003213128634372424,-0.0156771065942595,-1.0689004708556761e-6,-0.0048214166833977995,-0.000257813991580991,-0.00039119289437731554,-3.59677854508175e-5,0.09271828609321299,0.023160290646743006,0.001964580642048521,-3.538261895106878e-5,0.009010136686003227,0.0009034866016710797,1.4446674325214803e-5,-0.04644396100953561,-0.007297232399143931,-0.028651083122502218,0.00044094740147383656,2.4761743459728106e-5,5.752992159341194e-7,3.020847124052811e-6,0.012078505316647132,0.0003269166437291981,-0.0012875672029390817,-1.021545406580733e-5,-0.013790794750224409,0.0030488138638607547,0.03482644266515971,-0.008530816046185444,-0.005633175083921769,0.08677974886183316,-9.234433612019484e-7,1.0929144061542985e-5,-0.03097221899392714,0.0006688409461760342,-0.0023629298511047745,-0.0274053160176385,-1.5892465910736625e-6,-4.917760537248424e-5,-1.6016519708522898e-5,0.009846196217438721,0.011192308959670093,0.03126147151090027,-2.9921995745929914e-5,0.00031575437295467817,-6.589010313532604e-7,8.788032014344946e-5,7.398153973591109e-6,-3.944452263252696e-7,-0.00784763995619215,-0.0002889764336483849,-0.05067316891196641,1.0593918638822552e-5,-0.0007363300312528481,-0.0011652378301994456,-0.002831980689455191,-0.03877642084611124,3.591715879910116e-7,0.01967039532158896,0.02119083983585044,-0.006525085712648081,0.0004353675434173798,0.002583103032354669,-1.458536582134818e-6,0.019062288901206426,0.002912573663419604,2.3214156128604116e-5,0.0026017222515991724,-1.9697737755825935e-7,-0.0001984045703465329,-8.180883289613824e-7,1.926930013929428e-5,0.02183936357163662,0.0008099611092841695,-0.015241375972931143,0.0011037391969341425,-5.000282255282858e-5,8.951817075701599e-6,-0.051656891653394335,-3.6232444406827806e-5,-0.008176171475649537,6.47413727802628e-7,-0.0036835409248280274,1.36080550885334e-6,0.0004393333182215617,-1.5722343194605736e-5,-0.021887836321820335,-0.03714199734901372,0.01655476181176838,-0.00812774227942778,0.05060351287620094,-6.919094743368882e-7,-0.0051299647290772455,-0.045323466192276535,-0.03809513155379732,-0.0003300407788881067,-0.04566758084792633,-1.9001504906751717e-6,0.02309291815874483,0.00030221775543998045,-0.0025629613926506315,3.9486758427292175e-5,-4.492390556898128e-6,-0.0003829686174512313,0.00022647446250183316,-0.0019617555017788814,-3.298558565517312e-5,0.0009194917256008753,4.3976985127089095e-7,-2.0371371392654984e-5,2.7666968526741598e-5,-0.00027520929612382674,-0.00016113834852523814,-1.1247623153691921e-5,5.562099214421166e-6,-0.007744069433536195,-0.021977012013727842,-0.00811247852797586,0.023272276327219024,-1.8626128253148106e-5,0.05857318308369026,-1.7726983940962002e-6,2.7828742957928847e-5,-0.0004078551683861127,-0.00813420176044147,-2.00391875076061e-5,-0.0002455433501998522,-0.03344655125819762,0.00617756549475288,0.01559683471972587,0.0027676648568443225,-0.007466541098601544,0.0033399370748466,0.08315258160817184,0.022600488449012652,0.02100264450488529
0.0,0.0,0.0,0.0,0.0,0.0,0.0,0.0,0.0,0.0,0.0,0.0,0.0,0.0,0.0,0.0,0.0,0.0,0.0,0.0,0.0,0.09244931585271321,0.0006119174829095205,-9.64401175034927e-7,8.560370561070904e-5,-0.0014408888390426936,-0.0413030570390999,6.453751633067803e-8,2.485868130710343e-6,-0.00024446877658381263,-0.038387327263426564,-2.9458358277288545e-5,0.002774955086850783,1.3699450710716928e-7,-0.0025383835328962384,-0.002615463128043459,-0.00014585019738098931,-0.04668584024005789,-1.910360584982568e-6,0.05795294552790332,0.00035541267753806747,-8.636505175682483e-7,-1.414839824640353e-5,-0.000994666639258374,-0.020980673424979977,0.0026271059038094403,0.005453324850245924,4.8587288924986074e-8,1.9756306141410514e-6,-4.826906575205761e-7,7.316218532629184e-5,4.112755489077199e-6,0.06599875556745234,0.004761637470010193,1.494254229972946e-6,-2.7859137859314258e-5,-0.0013386671389447866,-4.3080697328313636e-8,0.0004730911903120201,3.061608125559789e-8,-0.03723672891231882,-0.0167282814834951,6.275750581459631e-5,-0.00022661516725440466,0.0010749283426667506,7.539370177451748e-8,-0.02738752101039906,-0.0015745695021152442,2.7592295940538886e-5,2.5369475460136196e-6,-0.0021122766806175026,0.08391431566081337,-0.00013855278425936314,2.4956735352573984e-6,-0.0006336908067780468,-6.372507453237106e-5,-1.018980049729699e-6,0.0030198105610017303,0.0005144763585033691,-0.009248510318962051,0.002690410502759494,-1.7465419282583988e-6,-4.057808813697275e-8,-2.1307208046073046e-7,-0.0008401696291300059,-2.3058692983214522e-5,9.081652859674208e-5,7.205356504661475e-7,-0.021975527968597943,-0.00021503502805516234,-0.0017121005938934097,0.0006012077219288069,-0.033719925418711334,0.002927409080744207,6.513404694756598e-8,-7.708749781562529e-7,0.002097042997133466,0.004068496195598616,0.00016662885448766627,0.0016540812195595786,1.1209573471845005e-7,3.468687286547637e-6,1.129707339533772e-6,0.05057660966934449,0.02737833705157256,0.00420145498784834,2.1105145723976124e-6,-2.227136062929362e-5,4.6474848949008675e-8,-6.198539365050446e-6,-5.218205331729124e-7,2.7821753813480966e-8,-0.04639082731888433,-0.001764421270469039,-0.028159681675347666,-7.472302262067787e-7,5.1935630639598875e-5,-0.00705732262762403,0.00019944937286751273,-0.04055191799154885,-2.5333766988511986e-8,0.08851212025321907,-0.0014839236486373208,-0.03749831391527686,-3.070814314762819e-5,0.014025231855518645,1.0287624979052037e-7,-0.001337468339793719,-0.00020500417509099184,-1.6373845888184157e-6,-0.0001835027464374199,1.389357949975829e-8,1.3994220108491656e-5,5.7702947310163167e-8,-1.359138567945659e-6,0.07178525310221179,0.004938214816312878,0.0008904470487891513,-7.784006643119593e-5,3.5268931741933167e-6,-6.314064261269684e-7,-0.034402654827227944,2.555615025412758e-6,0.000576397661430678,-4.566460478655538e-8,0.00025974495901112655,-9.598289764708201e-8,-3.0987868005145475e-5,1.108957928454254e-6,-0.030712059834327784,0.002495381854538214,0.07876763980163212,-0.047756072219481596,-0.0022787504047331437,4.880306245404784e-8,0.00036137345404540973,0.0029058062071650233,-0.014586283427450338,-0.002015643833797668,-0.04065507121168477,1.3402499397351094e-7,0.09065377852546831,-2.1316224592370906e-5,-0.014360903626161669,-2.7851540933336635e-6,3.168657532831967e-7,-0.0023385311038872925,0.001382174823441836,-0.011860590707375468,2.3266014672072743e-6,0.005601367676193227,-3.1018675906056605e-8,1.436871942604981e-6,-1.9514587363470625e-6,1.9411310413297007e-5,-0.0009841519690909452,7.933385440994347e-7,-3.9231645987773607e-7,0.0005459599795805645,0.0013073059328456156,-0.04750607899160656,0.08783835846421387,1.3137731668840052e-6,-0.002490675939667533,1.250353025941728e-7,-1.9628693172382025e-6,-0.0024905938603381537,-0.04771825930282472,1.4134417246164274e-6,-0.0014996321161083333,-0.011727001919639098,0.03270746315677366,0.04207088606345263,-0.00019519464124825804,0.0005144731104260122,-0.00023556616725807267,-0.0025911124953470963,0.09225301660237836,-0.0014714857319967063
0.0,0.0,0.0,0.0,0.0,0.0,0.0,0.0,0.0,0.0,0.0,0.0,0.0,0.0,0.0,0.0,0.0,0.0,0.0,0.0,0.0,0.0,0.09164581078452295,-0.00020577314584755828,0.018220155672425766,-0.04867143813235028,7.955677745444081e-5,1.3770294254518572e-5,0.0005304066693964734,-0.05050798756668647,-0.0010495888173227977,-0.0062839919441965925,0.016474967839163544,2.9230357440789003e-5,5.188212732449122e-6,-0.0023619732455743194,-0.030630361321807038,8.561639002744201e-5,-0.0004076105983922103,0.0001543719353010033,0.06357057893421385,-0.00018427609366342699,-0.0030184836734277803,-0.04767770487150813,-0.0009941935501518006,0.00891703649564271,-1.1095761816381328e-5,1.0367012911525758e-5,0.0004215378258111051,-0.00010299113951471309,0.015536070964261574,0.0008775156479279028,-6.572307505660838e-5,0.0009027133813111032,0.0003188272419251997,-0.005941814643296019,-0.031080054835122807,-9.192077917318655e-6,0.05222600799159252,6.532517401827358e-6,-0.0005819219706562689,3.328360978614264e-5,0.01336798278024914,-0.046253834569420456,0.010852890142266501,1.6086665820805667e-5,4.6648685151510455e-5,3.2190031005970157e-6,0.005880992606310917,0.0005412992640079526,-0.0012391976617969714,8.903351430356019e-5,-0.027742397890570203,0.0005324987933233974,-0.03672262183690482,-0.013450541332811391,-0.00021741857471324874,0.013459683701223248,0.08548643070597381,-0.0006107631331398833,-5.488282551109874e-6,-0.0003726564192355552,-8.658099134625177e-6,-4.546293998134385e-5,-0.01496689445628844,-0.004919177623437522,0.01931349798601623,0.00015373983651025238,-0.00023201103381139039,-0.04483046000839227,-0.002147324285664765,0.07769138251315325,6.58321266649738e-5,0.0007827927296380479,1.3897575286326685e-5,-0.00016448068933323302,0.01602063671071415,-8.243217607457836e-6,0.031442300308427255,0.004236668440154135,2.3917735540017757e-5,0.0007400856541301511,0.000241044202682781,-6.0029682571612496e-5,0.0001285727730050165,0.0005615443581858614,0.0004503179585018172,-0.00474965644815192,9.916284069405629e-6,-0.0013224733747850025,-0.00011134023152110489,5.936295024547082e-6,8.78625022222472e-5,3.6050010154939987e-6,-0.0010984496031277086,-0.0001594354777136982,0.011017604181619272,1.4159003306725483e-5,0.018023240972019784,-0.0007710973450492988,-5.405436211769644e-6,-3.7522989465385166e-5,-0.044622547927074416,6.598408008256377e-5,-0.0065499160515458,-2.072857953654411e-5,2.1950584948314543e-5,-0.0508083569629177,-0.014751492049932043,-0.0003493662942935912,-0.03841019731367059,2.9644567829516228e-6,0.002983227380483757,1.2312010265029085e-5,-0.00028999666979695335,0.00013193950192565682,-1.0056833915584113e-5,0.0019287327411073006,-0.015416771217393755,0.0007525173977838227,-0.00013472244836064436,-0.001107670013563968,0.0005452884591291852,0.09105926877312595,-9.743403223088314e-6,0.04786354744236402,-2.0479758403467422e-5,-0.006609966024821909,0.0002366170337724902,-0.0003927638737548937,0.01670561855601243,-5.968940787984498e-5,8.908608796452479e-5,-0.0024235088903596753,1.0413052293461912e-5,0.03643122526827458,0.011352269310012243,-0.0008223436261301166,4.120529420434786e-6,-0.0009415746508905915,2.8596755979983903e-5,4.3017660133864555e-5,-0.004508203600245049,2.3496107970347927e-5,-0.0005942279749542146,6.7609270589076e-5,4.778981361691123e-6,-2.8211755252095647e-6,2.370018187800978e-5,0.000496424148444903,-1.1386278617361811e-5,-6.618418483113295e-6,0.00030658353552649774,-0.00041637941297918745,0.004112354482359516,2.0120523235430313e-6,0.00016927361465812646,-8.370802958096008e-5,0.08870079978677037,0.003094921938531374,8.7863653576464e-5,6.642390842999065e-5,0.00028031821509084704,-0.002427002061863162,2.6678636046133362e-5,-0.00041881419580579946,5.0901760591051884e-6,8.865819921034321e-5,0.0003015843750982313,3.0658221870648934e-6,-0.0007179097498732584,-4.408200548561426e-5,0.000153945571922622,-0.03952401639377232,0.006015324190655294,-0.04889413406541098,-0.0018317264459909832,1.8923883382611837e-5,-0.046742912421331925
0.0,0.0,0.0,0.0,0.0,0.0,0.0,0.0,0.0,0.0,0.0,0.0,0.0,0.0,0.0,0.0,0.0,0.0,0.0,0.0,0.0,0.0,0.0,0.0830998031849629,-0.0012940257873886034,-3.328446244884841e-5,5.8721277699527817e-8,-0.00805804635289949,-0.04069763060347607,0.0004016355622811477,-7.74703033476424e-7,0.0028924464129609796,1.2067187867001703e-5,-0.01660743848233269,3.829447359907217e-9,-1.7423812802541439e-6,0.00045648814903141336,6.3193909528086e-8,0.005350768269607336,1.1394269252798785e-7,-5.549135831908589e-5,0.05315918215457255,0.002410148905651361,-3.100315392860489e-5,-7.338123057664117e-7,6.557834939192921e-6,-8.189840491013799e-9,-0.006065040995943414,-0.018529668713420308,0.0507314629583988,-0.0006379553848109604,-0.002344263326991788,-4.8510546939527785e-8,6.662586422706738e-7,-0.03857746763004233,0.0017543935471920696,-2.194097149605902e-5,0.0053683432460352965,2.121138146747106e-5,-0.0038231032524612464,-4.2951854381628677e-7,2.456680815959354e-8,-0.0012783299137127796,0.000266223006459836,7.892689718064452e-6,-0.0092801966188801,3.4431640515890483e-8,2.3759632082163924e-9,-0.0007893666652408975,-0.002120043900298333,-9.143833733240648e-7,6.571609196244516e-8,0.00010651520502178527,-0.03107959940263606,-2.290763785775038e-5,0.00027429527419503015,0.07472911363960007,9.882337014791882e-6,-3.1259273586213634e-5,-4.508010092205523e-7,-4.050930272523855e-9,0.0035045832218584447,0.0050468539462461106,0.02376490492205432,-1.0713595468837481e-5,0.0029577170319493736,-0.0010830067764236,-0.023719930759624787,-1.7124828717768375e-7,0.000482973448267688,-1.5835034753535807e-6,2.0078306825629028e-5,4.859104048064946e-8,5.7772837718808e-7,-0.008132011379102801,0.07413527781372592,1.1700931387142497e-5,-6.0843625998875455e-9,-5.024065121331198e-5,3.119491872855383e-6,-0.013360795560661609,-0.0014404222824448225,-0.0081602989203208,-4.430822446504741e-8,9.490017640164839e-8,4.144642534537186e-7,-0.0433771515790931,0.0012025238195026938,-0.005803260839137987,0.0013886759916054497,0.026662938066691847,-0.0034723017553728542,6.485177699732898e-8,2.6608703945259336e-9,-8.107650906716454e-7,0.0033222424566359886,-0.0003840385629625056,1.0450835022630587e-8,9.24370086873673e-6,-5.691491119183038e-7,0.003159336907880816,-2.7695914481345694e-8,-3.087645706260899e-5,4.870319778402351e-8,0.00226003202510257,-1.5299874154485787e-8,-0.012612205068148793,-3.426053798591976e-5,-8.5844640263496e-6,0.005423146110708123,0.0004879234890532656,-0.001734958341162056,-0.00045857231487987746,-0.007205047642713667,0.002357516340044094,9.738521186761174e-8,-7.423002289974189e-9,1.420873141897346e-6,4.871909272409723e-5,-0.0024385590929304956,0.06371549318668929,-8.17571951394861e-7,-0.036465269694470746,-1.426776488681052e-5,0.005683565401198673,-5.807002311817237e-5,0.010951464000228112,0.0026541656882619323,-0.0323651513969305,-2.899004879552411e-7,1.2220714865005965e-5,-4.4057064810196863e-8,6.575491208679013e-8,-1.7875042087781413e-6,-0.006024820567000315,1.684131120551763e-5,8.342243953458343e-6,-6.069688981121465e-7,3.041384529531348e-9,-6.949782650802933e-7,-0.016122442765729397,3.175155688174433e-8,0.00010886230715183502,1.7342601412369027e-8,0.0007222511995648962,-0.011857557691812902,3.5273914053072758e-9,-2.0823244913322768e-9,1.749322941989319e-8,-0.042895174085228416,-8.404272522938433e-9,0.0038544784207589938,-0.011312575492958868,0.004601539076960356,-0.00011941123773124517,1.4851065307193763e-9,-0.00524308209809766,0.0019176959255549678,-2.335427826151188e-5,2.279403850827279e-6,6.485262672805965e-8,4.902782775059257e-8,-0.03595289749561966,-1.7902324512702324e-6,-0.014971537889678536,0.005055392975967909,3.7570859479795024e-9,6.543908494816643e-8,-0.037464618932597796,2.2628995436440947e-9,-5.298859956665982e-7,-3.25371605064315e-8,1.1362797662922443e-7,0.00018995234478601206,4.361862135355928e-6,0.0004498790797801994,-1.3514659707412818e-6,1.3967816297528905e-8,-3.2172684297990034e-5
0.0,0.0,0.0,0.0,0.0,0.0,0.0,0.0,0.0,0.0,0.0,0.0,0.0,0.0,0.0,0.0,0.0,0.0,0.0,0.0,0.0,0.0,0.0,0.0,0.08117652054115677,0.0029988503137387003,-5.2907598823133134e-6,-3.980461550794851e-5,0.0027657104369367305,-0.03537684828990052,6.980038384359568e-5,-0.03916130954952885,-0.001087245762019238,-7.656367991144471e-5,-3.450314199564781e-7,0.0001569877206075839,-0.039222188264816465,-5.6937419400307595e-6,-0.0025380774695571238,-1.026618373821164e-5,0.004989013332258422,-0.0003388884718621838,-0.01910862529252454,0.0027932677697775406,6.61161482361323e-5,-0.0005908573043794346,7.379008247367205e-7,-2.9943342119823148e-5,0.002418180725449574,0.00014568836370034506,0.04859719146467127,0.005596667252786064,4.370777757964368e-6,-6.002959367609671e-5,0.0014374990607673925,-0.03618611519878262,0.0019768470093690723,2.640113654487136e-5,-0.001910739608971914,-1.8889854305211576e-5,3.869942153449482e-5,-2.2134580284166228e-6,0.0675377997105099,-0.02362303829330364,-0.00071112481099963,-4.437488641833256e-5,-3.102274853610239e-6,-2.1407318206584293e-7,0.032591125485044836,0.0034456864985967692,8.238551115392568e-5,-5.920989420912294e-6,-0.009508111830299286,0.002932462440195973,0.002063865295286837,-0.02308035424614799,-0.00020840358886174486,-0.0008903927063814965,0.0028130282847260036,4.061696166141224e-5,3.6498694686026654e-7,-0.002342167313561631,2.4713860014327296e-5,8.616116754728471e-5,0.0009652818568144422,-0.030933556684545834,0.07519601468251381,0.0006115909996412237,1.5429391229241895e-5,-0.04212346626846258,0.00014267289338817127,-0.0018084107471321939,-4.378030207875252e-6,-5.205305734656815e-5,-4.016429795617183e-5,0.0001229210874185272,-0.0010542454701233574,5.481982379619044e-7,0.004510223719986902,-0.0002810645849911118,-5.900991235197343e-5,0.004721449734932439,0.0014215589902689194,3.992150461265839e-6,-8.550461878670785e-6,-3.7343036636928386e-5,0.002207448221712682,-0.028602578735839608,-2.8671950816656868e-5,-0.00840710752876816,-0.0002917304078460661,-1.7136014848171087e-5,-5.843115021895985e-6,-2.3974317999638184e-7,7.30495584244215e-5,-0.0009732910868059134,0.03026715628207173,-9.41615398297655e-7,-0.0008327544142483442,5.128007096671231e-5,1.556454002387396e-5,2.4953890394442696e-6,0.002781904285993506,-4.388135530810799e-6,-0.040268941634219686,1.3785115374189324e-6,-5.9740436384406096e-5,0.0030867796219797186,0.0007734001102213878,-0.002162188772674172,-0.042261731963793785,-8.572756747497775e-6,0.016956721483490474,-3.5594923741801616e-5,-0.0018283640499784913,-8.774362436620307e-6,6.688090607470497e-7,-0.00012801994420477754,-0.00435724340024616,0.004795867742980354,0.0001483919233056568,7.366285350238559e-5,0.002928961772337185,0.00128439282220033,2.7876840254984808e-5,0.005217297794507094,4.273541633570582e-5,-0.040952187279975884,0.0010073018828775197,2.6119899528197783e-5,-0.0011010780660505603,3.969521086831949e-6,-5.924487071491023e-6,0.00016105326837051942,-2.9005814000439506e-5,-0.0015171537794198189,-0.0007516314110093125,5.468761612181261e-5,-2.740273363034496e-7,6.261721922209682e-5,-7.291130557752804e-5,-2.8608005530924646e-6,-0.009021761501946475,-1.5625603254025247e-6,-0.003783143062897392,0.00024621867916108076,-3.1781632897481373e-7,1.8761647797956445e-7,-1.5761318615934818e-6,0.0025119303942006204,7.57221047390431e-7,1.8837005969096246e-5,0.0017932101045988085,-0.0026062637971272424,0.009685418852756294,-1.3380740193548566e-7,0.0010060541360008383,-0.000508248660644395,0.0021020144116021228,-0.00020537310850055502,-5.843191582255438e-6,-4.417384574760669e-6,0.0012314361232957937,0.00016129908548161148,-6.691297206653378e-5,-0.0026148032461304374,-3.3851169214782745e-7,-5.896031208565881e-6,0.0013442384167907642,-2.0388620122619334e-7,4.774248224106967e-5,2.931583058057715e-6,-1.0237827980002423e-5,-0.016906539690217704,-0.00039299985300735913,-0.0394550914781237,0.00012176644388828404,-1.2584937734153194e-6,0.0028986872100486357
0.0,0.0,0.0,0.0,0.0,0.0,0.0,0.0,0.0,0.0,0.0,0.0,0.0,0.0,0.0,0.0,0.0,0.0,0.0,0.0,0.0,0.0,0.0,0.0,0.0,0.07208812195053106,-0.00018422205230714478,5.029391294307809e-7,-3.494345749694139e-5,-0.007217020300811364,0.0024303686793160644,0.0004593775841948453,-0.03666271759236244,9.673970796065164e-7,-1.2013850281411776e-5,0.0054533636304797805,-0.003863807284872194,-0.00019825371714807393,3.205070060066949e-5,-0.0003574636134108076,0.006243371983934566,4.281904251438517e-6,0.00023334790904389635,0.05174507420951387,0.002302044213662604,-0.020266911368489633,2.5693399232587686e-5,3.783400050316147e-7,-3.055079937224245e-5,-1.8408002988561932e-6,0.0008421381990225876,-7.028767442900787e-5,0.00015218863023204351,-0.0020897064163262155,-1.8162616072730892e-5,0.00039930777721097684,0.056102006315056796,-3.3358354285235373e-7,-0.011248556140436784,2.38677017334304e-7,0.0013474831218832444,-7.707168585284276e-5,-0.0003274553411656558,-0.006716805003669913,-0.0232478333556037,5.606853882057855e-7,-0.00010801991316398952,-7.453939016913508e-6,-0.0002623650392799104,-4.338997177703491e-5,0.0028650995397307556,-0.00020616618911627337,-0.003975045130076139,-3.704939488985126e-5,0.03164840988855932,-0.0014832246640271217,2.6332138148084086e-6,-0.03033141429399796,0.005134182440933595,0.0014141824077979815,1.270869338151656e-5,2.9566239184242458e-5,-3.1226447140795927e-7,-1.0886630089474541e-6,0.029332240936682775,0.00037132292424162485,0.00044441719527505704,-7.727444551160712e-6,0.0005372413392055467,-0.006143297996309034,0.004949224440107583,-0.007526591707683369,-0.0001524411862506306,-0.0018117588010245738,5.07483788674848e-7,-1.5531309020447833e-6,-0.03511685723956863,1.9088034167402744e-5,0.003863445058495886,-0.009688795767382545,7.456017673742408e-7,-5.9089502501409376e-5,-1.7958908812220595e-5,0.00013900499498742673,-0.0002977226622703861,-0.0013000814973839056,-2.78904993940901e-5,0.0003058273266780356,3.6227572777902054e-7,0.0001038295032424277,3.686046147944915e-6,2.1651691036590396e-7,-0.00020345482710630645,-8.347757636039875e-6,0.002543473458868915,1.2294135819302697e-5,0.0007669403222279901,-3.2786655792344745e-5,-0.007019382746670095,0.0017855261431569379,-1.9666101901887772e-7,8.688837503064318e-5,0.07118427641430786,-0.00015279304554496057,0.00045590480244270785,4.799919315997458e-5,7.548321224365571e-7,0.06883922155349328,0.009131891965296643,2.7307433388561263e-5,-0.005076032577133147,1.0831846398196052e-7,-0.00015054184474609146,4.497488472594836e-7,2.3075348967323264e-5,-0.0003055192389873379,2.328765281679561e-5,-0.004422497395241892,-0.0021681008829888735,-6.0322618789295224e-5,-1.8749600251145637e-6,0.002564843896338967,-3.700564559928207e-5,0.002888774613987489,-3.5222934819396423e-7,0.005377322173318761,-5.399702783413821e-7,0.0004731516122211743,-1.2727193748260742e-5,0.0009094762842192668,-0.036929759043850284,0.00013821703378729525,-0.00020628816713848887,0.005591113739267611,3.664941469874016e-7,-0.01060186934206139,-0.025697493374458643,0.0019041065948539224,-9.54151768647018e-6,0.0021802674707402207,9.212486024028994e-7,-9.961181457081514e-5,-0.00044761874017211603,-5.4407696598614914e-5,4.6927124512188666e-5,-3.1109812204222997e-6,-1.1066232154261158e-5,6.532727568231692e-6,-5.48802544620798e-5,-3.173733275418154e-5,2.636612132936788e-5,-2.38009265009146e-7,-2.265442780249633e-5,3.2906367627132586e-5,0.0003508666844982901,-4.659118008745825e-6,-1.2709500291427555e-5,6.420180041560428e-6,0.004226354044403273,-0.007087152556080647,-0.00020345749175873997,-0.0001538113656610887,-1.5559075971085157e-5,0.005601597365015312,8.454584799462552e-7,3.301711342507761e-5,-1.1786836093663486e-5,-0.00020529734565174348,-1.6984299283176446e-5,-7.099232558053066e-6,0.001662283676656302,0.0001020764891139285,-0.0003564760868040202,-0.005730086163455383,-0.012681815169400939,-0.006872322315236343,0.0042329123193518385,-4.382020336064258e-5,0.07211967660552743
0.0,0.0,0.0,0.0,0.0,0.0,0.0,0.0,0.0,0.0,0.0,0.0,0.0,0.0,0.0,0.0,0.0,0.0,0.0,0.0,0.0,0.0,0.0,0.0,0.0,0.0,0.0702286368072732,4.0844213141372975e-10,-2.837794811072685e-8,-5.857177879113092e-6,-0.006092682858797692,3.730652024338582e-7,0.00035586401176628825,7.856334166803292e-10,0.006629075218163408,-0.0004265197977983639,-3.136969317630444e-6,0.055255416813308506,2.602870954327895e-8,0.005584315037502356,5.038777823518257e-6,3.477379007205606e-9,1.8950424918756094e-7,2.1201396734837015e-5,-0.0034354616999217233,0.0003823687584553073,-0.013832058636510628,3.0725385263129165e-10,-2.4810623933017173e-8,-1.494933132406551e-9,6.838784780160053e-7,-5.70813557177939e-8,-0.010293788655395774,0.0007973130657124384,-1.4750051176769299e-8,3.242817876775906e-7,-4.459570353827847e-5,-2.7090673795823536e-10,-8.548628986411288e-6,1.9383207862707475e-10,-0.005607195929052161,0.036334343043665715,-2.659282742419198e-7,-5.449568825781203e-6,0.0001090386977061385,4.553385150590439e-10,0.020725657641779423,0.004118015215409453,-2.13068776461079e-7,-3.52374511161268e-8,-0.0003491038299899081,0.004838984029865166,-3.223394580176738e-6,-3.008820142892226e-8,1.726255804979748e-5,-1.204342616613618e-6,2.1384604813395976e-9,0.000417433314978312,4.125339607447802e-6,-0.0015314843937324115,-0.006939347665577184,2.401105192725491e-8,-2.535933721826405e-10,-8.841148121287154e-10,-4.857157952088893e-5,3.015551578849109e-7,3.60907917580749e-7,-6.275538556647347e-9,-0.003136467741307982,-4.986826699800883e-6,-0.00027495743557971026,-5.888947921107941e-6,0.06358716498203612,0.000489545031626778,4.121329385885861e-10,-1.2613138115936564e-9,0.0002454302777585579,-0.010035764927536692,3.1261569016000018e-6,0.0002503621210615782,6.055110545742806e-10,-4.798720239521428e-8,-1.4584618607485689e-8,-0.011345841749674838,0.0032615681292404554,0.0007029287393906732,-2.2650167259319532e-8,2.483653436852384e-7,2.942079349502844e-10,8.432101806676895e-8,2.993476691087196e-9,1.758355634024996e-10,0.0693221286528299,0.00459720866169993,-0.004569346364133389,9.984196475273065e-9,6.228012072435699e-7,0.016270580886030814,-5.054192119248158e-6,-0.006237664842248297,-1.5971040275898127e-10,-0.003872919972455278,-1.4275089990749442e-5,0.03407995217381466,3.702448468922207e-7,-0.005767425132636558,6.130070926089498e-10,1.1451166757412374e-5,5.94246419438984e-6,2.2176652849551963e-8,-4.120849799000213e-6,8.796656064115819e-11,-1.2225633818550965e-7,3.6524576585860754e-10,1.8739732464949833e-8,0.005764776200010658,-0.012600025221599975,0.00013725538225777597,-1.757548545856033e-6,-4.8988630153512814e-8,-1.5226745100527347e-9,-0.0055213466245206955,-3.005267279674688e-8,2.312654515953938e-6,-2.860491673811207e-10,4.346392160285644e-6,-4.385153924191385e-10,3.842511968943434e-7,-1.033588775635712e-8,-0.004508780612618529,0.00030747323776270357,-0.007701442872193108,0.06376343419495141,-0.00036903326534829835,2.976337919488428e-10,-7.884044508577807e-6,0.0004126401055414761,-0.0024039948994051597,0.005269998792248991,-0.006368488713035726,7.481555358877947e-10,0.002871455865943164,-3.6347107984643654e-7,0.00889025533706443,3.8110006287533464e-8,-2.5264606383245874e-9,0.0061010320222134075,-0.0035782015821137878,0.02657336980923325,-2.5774220897374862e-8,-0.014120451983106559,-1.932898927708265e-10,-1.839789790476698e-8,2.6723605865057443e-8,2.8491731365102834e-7,0.002574541441221657,-1.0321518968868525e-8,5.213895395009609e-9,3.3906050033170214e-6,0.0001996560282329622,0.059652822189211065,0.003994808037629284,-1.2635689026339899e-8,-0.00040491920711720983,6.866056384985436e-10,2.681354370464184e-8,0.006501347659900767,0.06188995319778547,-1.379312755555229e-8,0.003922182822838453,-0.0019377743577325985,-0.010106672988549547,0.004610018344019426,-4.648032320684521e-6,4.7174096792157533e-5,-5.578040052947355e-6,-0.0004261001583964726,0.0014125582987440323,-7.300442192380877e-6
0.0,0.0,0.0,0.0,0.0,0.0,0.0,0.0,0.0,0.0,0.0,0.0,0.0,0.0,0.0,0.0,0.0,0.0,0.0,0.0,0.0,0.0,0.0,0.0,0.0,0.0,0.0,0.06844884088367528,-0.0013894556926792776,-5.867714740972676e-6,-5.491907172377732e-9,8.273520731177323e-5,7.73372368204897e-8,0.006200364453064285,-1.2227698559163011e-11,-1.2337244824421108e-8,-6.127483816085218e-6,1.2126575081792175e-10,0.00019271242970756035,7.798212076766638e-10,8.310205794549198e-7,0.0010957060400687288,7.68002770177737e-5,1.1314519317512013e-7,-5.215647274645998e-9,4.454565901030983e-8,2.4090916756088833e-11,0.03737308189522493,-0.0006550350875767168,-0.002416794526728662,4.9815577750120055e-6,-8.222225841345447e-5,-2.8476949661603776e-10,4.7463078599927815e-9,-0.0012443544908071144,4.295282877631965e-5,-6.304566840163528e-8,-0.01291162358274967,-2.5469468465161086e-7,0.03813427262006513,-3.0316786767575715e-9,-4.149108147416633e-11,-7.3561502756787505e-6,-3.976142775041915e-6,4.520744162237175e-8,0.006077651638869112,1.2204780341192707e-10,-7.616692155333693e-12,-9.8415045544198e-6,-7.526984152333753e-5,-6.497450282928242e-9,4.401044772585962e-10,-1.6142917412256857e-6,-0.0010830068064692669,1.3196982480233762e-7,-3.404543719489286e-6,0.0009794384230960994,6.558754077986534e-8,4.577744305852196e-7,-3.20737593081056e-9,1.2498572572870071e-11,0.00012608848593531304,-0.008067993681280436,-0.0021291014158251473,-4.502279742464448e-8,8.989932912976697e-5,4.216855229044049e-6,-0.0007273147823933854,-1.2033651182444344e-9,-6.831705170881167e-6,-1.1162424220673046e-8,-2.638705569237929e-7,-3.26637118971208e-11,4.114824167342021e-9,0.06311186484596173,-0.0013342293634292673,7.180878244024587e-8,1.6463617877438143e-11,7.616267612164567e-7,2.1542435789217263e-8,0.0032844309987366998,-4.978465705403597e-5,-0.00029098518581748136,-2.485020725788114e-10,6.577833471125775e-10,2.952238307267434e-9,-0.0014460352002444359,2.7231983639965145e-5,0.055633016936919924,4.576256522074941e-5,0.0006739570105329735,0.01777022181824142,4.91593163897241e-11,-8.442841587276789e-12,-5.758131319086038e-9,0.00011942176445603518,3.5856639924768927e-6,-2.250649402876777e-11,-9.547845494941339e-8,-4.024312021946509e-9,-0.00993457056085207,-1.74540658538169e-10,-3.1673548431395135e-8,1.4420967263023256e-10,5.902291707324398e-5,-7.477210574090357e-11,0.0068950969957839,3.939732890013533e-8,6.948958536782558e-8,0.00019527498889921488,-6.739375357190402e-6,0.017774151518411004,-6.866758703308966e-6,0.06569781690015489,8.472649604395414e-5,6.605841702203922e-10,2.2211779316908208e-11,9.881285641004355e-9,-7.406287384764997e-7,-8.61121426087731e-5,-0.001993454159133192,-5.8011431636695826e-9,-0.0012590105283554304,2.0518847715879412e-7,-0.010348210358281429,8.760667202348407e-7,-0.001298809061556207,7.30023363898913e-5,-0.0010202227751205134,-2.041903624292414e-9,7.685653600868633e-8,-2.684561438456698e-10,8.877394568148433e-11,-1.263161007530327e-8,0.00463566680276856,-1.8998778792295755e-7,5.604918308407293e-8,-4.316581718202286e-9,-9.741942044052038e-12,-4.921408161201232e-9,0.004897377531203047,2.0945901478784994e-10,-1.2717674022490382e-6,7.071570523865139e-11,2.4143227730440685e-5,-0.0003503524828488779,-1.1232439427886993e-11,6.491128207200353e-12,-3.3726594267376247e-11,-0.00144769168864466,2.4281537906435803e-11,-0.005375019845229433,-0.00040240457605775096,0.0001656799500057375,1.2735856499560977e-6,-4.76413562435992e-12,-0.000187363469733824,6.886749487291274e-5,3.39349080989929e-7,1.579656089616278e-8,1.0686329141872639e-10,3.26046905919934e-10,-0.0011477250100419935,-1.2665003837694952e-8,0.004073150896718579,0.00018206032018237018,-1.1981945474705777e-11,9.769929325444111e-11,-0.0012029453173963121,-7.255015339631782e-12,-3.769292107574941e-9,-1.7189256397223637e-10,7.833876760082505e-10,-2.859956261447286e-6,2.3764228119385823e-8,-6.4819119671578976e-6,-9.591126530663668e-9,9.125171281065629e-11,-1.7921160726883855e-8
0.0,0.0,0.0,0.0,0.0,0.0,0.0,0.0,0.0,0.0,0.0,0.0,0.0,0.0,0.0,0.0,0.0,0.0,0.0,0.0,0.0,0.0,0.0,0.0,0.0,0.0,0.0,0.0,0.0673225503940292,0.0004143792627345694,3.878396960226708e-7,-0.005841467344876243,-5.4615730416304274e-6,-0.002588530170624611,8.635254968228977e-10,8.712589807690045e-7,0.00043272413400810756,-8.563810916233538e-9,-0.013258596697036591,-5.5071154862696367e-8,-5.8686857578574736e-5,-0.011682809524625793,-0.005421102623055841,-7.990338563746601e-6,3.6833015491332857e-7,-3.1458244698406105e-6,-1.7013097238086263e-9,-0.00029137819526815035,0.03948879416917837,0.005106976916825129,-0.0003517981204035108,0.005792428352486038,2.0110481235400194e-8,-3.3518534019915397e-7,0.04276365886763345,-0.003032997015218795,4.452299049179133e-6,0.0006705020002713072,1.7986595288377366e-5,0.00011662676356583035,2.1409780094019292e-7,2.9301061594551487e-9,0.0005194867677411282,0.00028079606157073575,-3.192559763070887e-6,-0.0014492502642428201,-8.619043352060916e-9,5.378924927209983e-10,0.0006949914121222942,0.005293069477699814,4.5885138699378787e-7,-3.10802742134021e-8,0.00011400163534348749,0.059741449929887044,-9.319738279845819e-6,0.00024042951792585914,-0.007261806197348892,-4.631806881925253e-6,-3.2328132085800345e-5,2.2650558835317543e-7,-8.826511228688887e-10,-0.008766526254253056,0.0007105709418802239,0.0030094077225338895,3.1795198403970067e-6,-0.006346647794929134,-0.00029779426210868896,0.019421307346809514,8.498191894981775e-8,0.0004824564394775323,7.882928647241614e-7,1.8634597434731913e-5,2.306714673928943e-9,-2.905897680316621e-7,-0.00012291330683981424,0.004314275010877949,-5.071152328538684e-6,-1.1626713179442806e-9,-5.378625050007214e-5,-1.521331638536898e-6,-0.002025487134669852,0.003510447438763344,0.018501630539772457,1.754926997945806e-8,-4.645281287203689e-8,-2.0848771954486606e-7,0.060257149806084646,-0.0019229630635486691,0.00013060425754207614,-0.0032296150710031915,-0.009898581361067606,-0.00024141408508828268,-3.4716426445355173e-9,5.962370699945489e-10,4.066405130720883e-7,-0.008012684454811817,-0.00025322008162606904,1.5894074336190807e-9,6.742709800575036e-6,2.841978071216861e-7,0.00034735558589313277,1.2326093638823061e-8,2.236792976032301e-6,-1.0184118989690455e-8,-0.0041676061200344085,5.2804235510440915e-9,-0.0019775533580122175,-2.7822480611329363e-6,-4.907369963043681e-6,-0.013336150087383059,0.00047593606561733247,6.258182079806968e-5,0.00048491567226644205,9.262730435798835e-5,-0.0059096431216259715,-4.6650603280613176e-8,-1.5686020664709967e-9,-6.978185644638648e-7,5.230336391262231e-5,0.00606164036875989,0.005206640422013928,4.096780268204325e-7,0.06552954328358282,-1.4490456040110924e-5,0.000775769649000921,-6.186802584146188e-5,0.0014882228799443723,-0.00515449457618536,0.031064505818061926,1.4419969562590712e-7,-5.42762588287203e-6,1.8958428022487627e-8,-6.269231528691851e-9,8.920470898760999e-7,-0.0009336550320143673,1.3416979830550196e-5,-3.958205873405356e-6,3.048379585797594e-7,6.87978917507012e-10,3.475509289442977e-7,-0.002485609232928673,-1.4792047240999825e-8,8.98124405950162e-5,-4.993957345060654e-9,-0.0017036365849938072,0.008018139038321801,7.932385597263609e-10,-4.5840266411678397e-10,2.3817752374088264e-9,0.06516738418540972,-1.7147690781738955e-9,0.000557577870685307,0.02520207382258853,-0.011467763812976173,-8.994082470560135e-5,3.3644712777945106e-10,0.0120744440083269,-0.0045864890932869554,-2.3964907592487784e-5,-1.1155567269014528e-6,-7.546707171329371e-9,-2.3025514283120254e-8,0.037296322166680725,8.944054048207088e-7,-0.0022896875091505363,-0.012564854977143883,8.461697718240244e-10,-6.899544883595591e-9,0.040322210204636395,5.123507072377574e-10,2.661882206599927e-7,1.2139092043948333e-8,-5.532301186351254e-8,0.00020197073286295423,-1.6782352987731403e-6,0.00045775398832541644,6.77327501532112e-7,-6.444218737568593e-9,1.2655963733891535e-6
0.0,0.0,0.0,0.0,0.0,0.0,0.0,0.0,0.0,0.0,0.0,0.0,0.0,0.0,0.0,0.0,0.0,0.0,0.0,0.0,0.0,0.0,0.0,0.0,0.0,0.0,0.0,0.0,0.0,0.06280415685518463,8.583132265688703e-5,-0.00580143627756816,-0.001208675745713905,5.357432604192621e-6,1.911035378135216e-7,0.0001928149546132853,0.04223812335701076,-1.8952242777423515e-6,-0.00032004034109455,-1.2187586813045108e-5,-0.012594184261407834,2.2738789573941685e-5,-0.002931070875686231,-0.0017678769738795673,8.151374076264525e-5,-0.00069618934381128,-3.7651040106250404e-7,6.034639560432232e-7,0.00012785998503289035,-1.0514843956224428e-5,-0.01046025548206607,0.0008554980951118377,4.450573568583339e-6,-7.417858641863015e-5,-5.1323557436517244e-5,-0.005055394635717187,0.0009852841952207024,-1.3886014928128647e-6,0.00396971847867527,-2.415431345006485e-7,4.738116713255587e-5,6.484505477532965e-7,0.004147201231504333,0.04868688434103053,-0.0007065279724946489,3.0005620843706902e-6,-1.907447582984106e-6,1.1903892744359626e-7,0.0033265268613459804,0.0005167869637898814,0.00010154663811825433,-6.878256793735917e-6,0.021896425087891885,7.68263016521965e-5,-0.002061673497313217,0.017265989076939145,1.452214554375164e-5,-0.0010250451770841711,-0.007032050176926665,5.012708689716789e-5,-1.953361756095964e-7,-0.0003180937433542701,-1.471521677100121e-6,-6.212043228436433e-6,0.0007036327957534832,-0.00467898797672824,-0.005585598428371863,-2.9951118564738836e-5,1.8807024236374204e-5,0.06089105706557486,0.0001744540205973751,0.004104078126668236,5.104902432175519e-7,-6.430930858052569e-5,2.5456259251225996e-7,-8.84132841790782e-6,-0.0011222718505694042,-2.5730644323225705e-7,-0.011292717868038983,-0.0003366797594050806,4.1902897909408325e-6,0.0007281631664086923,0.00010625508211485561,3.883761800871796e-6,-1.028029460703675e-5,-4.613962064832917e-5,-4.30694758066471e-5,-0.003874154590916014,-2.704915655172285e-7,-0.0012988431219704496,1.8503717621922297e-5,4.999830913478266e-7,-7.682960477158427e-7,1.3195092758157768e-7,8.99920591489031e-5,-0.00010344665983950878,-0.009438610216765403,3.517456845463656e-7,0.0014901206660324527,6.28947322323366e-5,-7.193819195801238e-7,2.7278406388808103e-6,0.0004949816004120916,-2.2538084647563535e-6,-0.005767732679303562,1.1685902448291505e-6,4.093996801420353e-6,-0.0006156495382794319,-0.0010852473883696413,-0.000259215903064564,0.05312825097793713,-1.29611852601463e-7,0.0019088500749893512,-1.9183828952839119e-7,-0.00025441274124133055,-1.0324066900614993e-5,-3.4714141251425346e-7,-0.00015443144087408234,0.010363134270466853,0.0007270166409233771,-1.0698511728906813e-5,9.066428075977343e-5,3.806397919331622e-5,-0.0031673543537981486,-1.6065670588813174e-6,-0.013145501455456628,-3.074622123050505e-6,-0.005980812541591699,-4.322584368535129e-5,3.191228466870238e-5,-0.0012011622849835083,4.195617355672097e-6,-1.3874197818456605e-6,0.00019741547885552204,1.9331893326008947e-6,0.00296333550274892,-0.0008759737917151584,6.746252553300725e-5,1.5225399639408697e-7,7.691516931206818e-5,5.143426033800274e-6,-3.2735716594598746e-6,0.005333707955837846,-1.105193617228557e-6,-0.0005854264877041167,-1.3378604018907924e-5,1.7554855900705308e-7,-1.0144745659596856e-7,5.27101551512237e-7,-2.6553003235860345e-5,-3.794890677622735e-7,-1.154665765308936e-6,0.00012174098257853324,-0.0003427386893564325,-0.004259757728934641,7.445781371947438e-8,8.192257644978742e-5,-5.136743417065042e-5,-0.0052256910844427846,-0.00024687938110180764,-1.6701328955869512e-6,-5.095688644212234e-6,-4.834641054660737e-5,0.0001979373957537878,4.737440537709257e-6,-0.0003369068740646581,1.8726262329948198e-7,-1.526911909193854e-6,-5.019392080031293e-5,1.1338634664079038e-7,5.890909896606634e-5,2.6864560438663245e-6,-1.2243324648615395e-5,0.03692554987721914,-0.0003714003756823982,0.06399151334864674,0.00014989674023039575,-1.4261456555544348e-6,0.00028006190641124284
0.0,0.0,0.0,0.0,0.0,0.0,0.0,0.0,0.0,0.0,0.0,0.0,0.0,0.0,0.0,0.0,0.0,0.0,0.0,0.0,0.0,0.0,0.0,0.0,0.0,0.0,0.0,0.0,0.0,0.0,0.062067730909848316,2.5271727780106555e-6,-0.005274151041976468,-2.3348059040374633e-9,0.00020105880619414196,0.00630808464151366,-1.1896264632555479e-5,-0.001993535119651438,1.394753080004922e-7,-0.012467353623865045,-5.730033622565971e-5,-9.90971899230102e-9,1.27712256914238e-6,-0.0003119362059153932,0.042536644204792,-0.00566649564432022,-0.000396123265538208,-2.629936898419447e-10,-5.572222892870272e-8,4.5824405324297e-9,4.3265346967228415e-6,-3.728185500525157e-7,0.00466826292280192,-0.011530269558043284,2.2367153232351732e-8,2.2013224851381195e-6,0.0006599078797211473,6.051617670571802e-10,0.0001212723462520516,1.0526613263458813e-10,0.04147810935662841,0.0006822157332122131,-1.7949903585506306e-6,1.347895342485572e-5,-0.001615752151244402,-1.3076651989793224e-9,-0.002005842698838098,0.00012524010483935233,-1.4450241736887122e-6,-2.2521477603596423e-7,0.0051520669905074255,-0.007127949036402466,1.751710370255549e-5,-3.34814177753636e-8,-0.0002531238229489528,-6.0196277437986855e-6,-6.32884953388381e-9,-0.0061865720113038055,-5.14474008704249e-5,0.020303301583644358,-0.00020551174386631223,1.3862667061450918e-7,6.41299094858336e-10,2.7072500950621145e-9,0.0007192430763620965,2.0385111611881393e-6,2.374323118384391e-6,1.3052899612951351e-8,0.017692517354208424,-1.0260738780307568e-5,0.004070431461367156,8.164787316904313e-5,0.0005370575629731971,-0.00715225454777676,-1.1094004560954307e-10,3.853110998943189e-9,-0.003637283588184645,-0.0002707091487154444,-3.073910603771723e-5,-0.0037097095823744454,-1.8261570275666495e-9,-3.173206000288396e-7,-4.630665638381767e-8,0.004076996817315387,-0.010325396698031222,-0.00999986946415257,1.8769967755843327e-8,1.6866044820013091e-6,1.1788213526323005e-10,5.659684452314332e-7,-8.064045040647078e-9,-2.1789620784310617e-10,-0.000808228307393281,0.00013882470051761615,0.053509387947442345,4.508269091368243e-8,3.818795847153404e-6,0.0003700646127021061,7.288462692202986e-5,0.0522289680822406,3.1351158483738365e-10,0.002853616096215355,0.0002109898389159658,-0.002370371744644883,2.511925000187451e-6,0.0012280809834514408,-1.7841916913988337e-9,-0.0001689497994183226,-8.661609484318781e-5,1.1296777505831078e-7,-1.2366790984145138e-5,5.648586932743546e-11,-8.298536112673633e-7,8.360444251508126e-11,1.1087406598011555e-7,-0.010634091614104425,-0.00036522459459028953,-0.0020335125870383055,1.1730399355799973e-5,-3.168303168960678e-7,4.662483124363134e-9,0.060363457383685065,-1.658853806139008e-8,-2.9912736206089033e-5,7.001525437926445e-10,-4.627098154460626e-5,1.3399403309700554e-9,2.605062643344173e-6,1.8838114973494284e-8,0.029123184026198342,-0.004556901291861858,0.004396155724248203,-0.00145946823766321,0.005460803093514347,-8.424970191214575e-10,0.00011280936849191108,-0.006115368953849019,0.030965782029578257,0.0001601854660053627,0.05968639222981428,-2.2415393160676727e-9,-0.0034065758660628614,-1.9866851503128945e-6,-0.0011620092620143456,2.5510509869444395e-7,5.8304854970280385e-9,0.0001846934987018557,-0.00010673214930015742,0.0005545507214287052,1.1571977138701834e-8,-0.0003992568865319826,5.032114951961012e-10,-5.305551823970201e-8,1.4936722407955448e-7,1.6663801163056806e-6,7.8336596863078e-5,-3.570239049810488e-8,2.2386249351202187e-8,-4.305050211626082e-5,-0.002958219165814504,-0.00175681598355728,-0.005292424856462334,2.1069692069193404e-8,0.005990204556301396,-2.0646097323312227e-9,1.468257670792674e-7,0.00019701779727742644,-0.0016061844430435728,2.1874850526530805e-8,0.00011929306144378203,0.02535759212130807,0.002821901387612823,-0.012415280661798913,1.7858324825674785e-5,-0.0006989559135790295,-5.7813791644562116e-6,0.0062951678814595225,-0.0014866672373615177,0.00010786547238599505
0.0,0.0,0.0,0.0,0.0,0.0,0.0,0.0,0.0,0.0,0.0,0.0,0.0,0.0,0.0,0.0,0.0,0.0,0.0,0.0,0.0,0.0,0.0,0.0,0.0,0.0,0.0,0.0,0.0,0.0,0.0,0.059131941326406624,-3.712879390945027e-5,-7.964844124688749e-5,-2.686713102539554e-9,5.6894055949041084e-6,-0.0022888471338675578,2.6626968845649137e-8,0.004746775452397466,1.5616710079074588e-7,-0.0003627904252821777,-0.00033805454954385195,0.03707296526488319,-5.4594251357711425e-5,7.012807561589151e-7,-2.1273690335778126e-5,5.293297848282258e-9,-8.971641460543964e-6,-0.0019003728891609497,0.0001563231521117052,0.004192837115240215,-0.012380756804272775,-6.196529797316303e-8,-1.7997317466792544e-6,0.000763003049836613,0.03718636113320828,3.0419800816013018e-5,2.06442070395119e-5,0.00012195300297520598,3.5909989232120988e-6,-3.0835689143618495e-7,-9.115889248850107e-9,-0.007183246047852708,0.0006010105896612859,-2.1766047937590283e-5,-4.460907188298803e-5,2.677520345617708e-8,-1.6735610482478688e-9,-0.009618795292188741,-0.007569290606889896,2.9181394277918276e-6,9.205876798395654e-8,0.000452870820597168,-0.0011420055090879866,-6.364923975537166e-5,-0.0018793294476996299,-0.00021589904963303239,-3.141476421471743e-5,-0.00020910693186711527,6.81472564161878e-7,2.746211119014112e-9,0.004710324165820587,2.1876973480652187e-5,9.235384617526518e-5,2.1714257898164652e-5,0.054106308244902285,0.0038592526829699632,0.0004452743159898693,-1.7490378429003136e-7,-0.0011992782395922439,5.2175867216751245e-6,0.00012549948012692314,-7.175841002204891e-9,-1.6818257808206371e-6,-3.7845579398271155e-6,0.00013144313585113218,-3.452832007892796e-5,3.617400838707407e-9,-0.00030799954452783064,-1.0246618773181897e-5,-6.229663891921932e-5,-0.010372839252655931,-0.0015789827057850335,-5.42133338370908e-8,1.2356986274733922e-7,-9.98585402610143e-7,0.0006402818421230492,0.024593339248163926,4.021372528301259e-6,0.017378658602538226,-0.00027509180882730986,-7.433201300164081e-6,1.0797536612655969e-8,-1.8550891002075164e-9,4.943540538281808e-7,0.0015363014554795427,0.0028333312631696173,-4.944965551690922e-9,4.590961988712564e-5,-2.8837434552183023e-7,1.069498301872258e-5,-3.765274035707038e-8,1.5286215822542247e-5,3.165001355443181e-8,0.04838530094733141,-1.6369927029690755e-8,-6.0865061911852314e-5,-1.9014292146046312e-5,-3.3483535620601485e-5,0.003846859477555808,-0.0018634264156615398,1.926927132481839e-6,-0.0066658186886812045,2.852041696588136e-6,0.0037637456273315684,1.35410035260379e-7,4.8804116223835125e-9,-4.68583276708595e-6,0.00023887862219343822,-0.010593723322255985,0.000159053709891972,2.222009862674046e-7,-0.0005658350350767344,-9.523559414307138e-5,2.3884680435000723e-5,-0.00036957404069131193,4.571011129661116e-5,0.05602853197334378,0.0006426224637887236,-2.584041369462942e-7,-3.6927191999480334e-5,-5.821551240659827e-8,1.949593809543218e-8,5.86779625518395e-6,-2.874054249041916e-5,9.117998261061247e-5,-2.6810758485134644e-5,7.615377442730207e-7,-2.1405297922289427e-9,-1.7378300834766175e-7,-7.646682532824064e-5,4.4419078479093046e-8,-0.0008112366456233395,1.55054622290826e-8,0.008000115890832443,0.00019889648619353617,-2.468025858958397e-9,1.4262420028091722e-9,-7.410083906564499e-9,0.0003947387901474266,5.335166362598867e-9,1.7166306558880374e-5,-0.0018092272013520293,0.005079655654218175,0.0009180602285202062,-1.0467977584266298e-9,-0.001217299444307355,0.0007629925948184019,-0.00015626826029343637,-7.50343676443555e-6,2.3466614105158158e-8,6.870317368771526e-8,0.000718745656486283,5.861301215737781e-6,-7.043107721977803e-5,0.004995230287745944,-2.6327128068913167e-9,2.1455231967983803e-8,0.0007462104607834073,-1.5940926422984473e-9,7.368736440896662e-7,-3.7576319846078405e-8,1.5221902334033262e-7,0.0006192167150227537,-1.1448132246093558e-5,-0.0005281905473188003,4.363559016501427e-6,1.9461532414403463e-8,8.64928109857398e-6
0.0,0.0,0.0,0.0,0.0,0.0,0.0,0.0,0.0,0.0,0.0,0.0,0.0,0.0,0.0,0.0,0.0,0.0,0.0,0.0,0.0,0.0,0.0,0.0,0.0,0.0,0.0,0.0,0.0,0.0,0.0,0.0,0.05608913506465858,-1.6560661131151306e-8,5.908695006788025e-6,-0.012229043037707535,0.00018274433212529822,-5.8558784074631574e-5,9.81865263335349e-7,-0.000343446320396475,0.000887249004390701,-7.028857343691388e-8,4.759674186313306e-6,0.004811957023316075,-0.0015419693284185903,0.03992697444660082,-1.1641169910768151e-5,-1.8654009497839728e-9,-3.948983698886477e-7,3.250300495137791e-8,-6.423757164183229e-5,-2.4210401021453637e-6,0.00013627581187958905,0.003949480864969753,1.5863632267363484e-7,-9.4800602042578e-6,-0.00995662943372004,4.2923839398949735e-9,-0.0018776022372988237,7.466490543204636e-10,0.0006781310547949075,2.0047919502510844e-5,2.3047319124346213e-5,-0.00020837527999082256,0.021577844204363907,-9.275207129840978e-9,-5.8884784511937476e-5,3.680543853902784e-6,1.601450630419873e-5,-1.5222527104264478e-6,-0.006342025793010293,-0.00020245799989524607,-0.00027101890032327105,-2.3737378823295128e-7,0.0039109937632144445,9.199308256273541e-5,-4.489002293481242e-8,0.05424640591841094,0.0007966788040302143,-0.0014981698189615253,-6.039544995633823e-6,9.708803565267467e-7,4.548705610685327e-9,1.9202388137386398e-8,-0.010619922769293041,4.242037992465714e-6,-3.4220871723113054e-5,9.257955529045108e-8,0.00038464865456345077,0.00015813312667007677,-0.01106172374907647,-0.0012642934371956452,1.578131454999735e-5,0.003685227831898192,-7.868913007983238e-10,2.7329891073988916e-8,0.04398735604776752,-7.955487243351525e-6,0.0004759019548977609,0.020340120932452802,-1.295284074424792e-8,-1.951477677715171e-6,-3.279871550390634e-7,0.00011922748059920151,-0.0002717572456487743,0.0021934685030422763,1.3311598967467892e-7,-9.84375147344966e-6,8.361335267103538e-10,2.7377832021353657e-6,-5.719708467513738e-8,-1.5455269874302927e-9,-2.374624766266374e-5,4.079764144815289e-6,-0.0010870498684746694,3.186916822904752e-7,-5.727321722466347e-5,1.0875111954043273e-5,-0.0011281016049336653,0.0006341796767027946,2.2237208617147214e-9,8.280693357969958e-5,-0.003224413543911225,-6.960559999562973e-5,-6.877681185552554e-6,3.600121640688459e-5,-1.2655180615764975e-8,0.0025977651140243097,0.0013398013239063953,7.967277003996942e-7,0.00019031383466142814,4.006501679879174e-10,8.440972935225766e-6,5.930030092214892e-10,7.74138807653637e-7,-0.00029779707006295515,-1.0733139297756859e-5,0.009517991897012898,-0.00018153122362870086,-2.1052881087229494e-6,3.3070741164268764e-8,-0.0004886259748224994,-1.1762302441094334e-7,0.0004632160356436545,4.966149793864661e-9,0.0007164238203606669,9.504135891453795e-9,-3.260759336357667e-6,1.336098862086041e-7,0.0005682801125348436,0.05177810977221819,0.0001280291728813661,-4.287602054435131e-5,-0.012535419271819542,-5.9757892712196674e-9,-0.0017463710690250871,0.04840901985935295,-0.0016743351377503358,4.707514464954621e-6,0.00038217010824877906,-1.589913248796231e-8,-9.768761595194756e-5,3.0234467440508293e-5,-3.410004464639441e-5,1.344475234040686e-6,4.135407112504825e-8,5.4277522012400395e-6,-3.1366286390394675e-6,1.62964682298578e-5,8.206480470067335e-8,-1.1733246312410043e-5,3.569254560487689e-9,-3.758677913642267e-7,1.0490044193543864e-6,-2.5202597700764472e-5,2.3021482745526178e-6,-2.528150785379645e-7,1.5833363229527014e-7,0.0006666569265115189,0.015068742930758772,-5.160844210343935e-5,-0.00015109381733385672,1.494358478041741e-7,-0.012564657939169568,-1.4644165864484107e-8,1.0324823734107021e-6,5.789937842081123e-6,-4.718495034918584e-5,1.5514549577192434e-7,3.5057727550209322e-6,-0.0016200378396590833,8.263890449574854e-5,-0.00033476333590905884,-0.0002761942928394026,0.009684876953287683,8.919723118623783e-5,-0.009445654540237831,-4.280031877750258e-5,-0.0016514470883130532
0.0,0.0,0.0,0.0,0.0,0.0,0.0,0.0,0.0,0.0,0.0,0.0,0.0,0.0,0.0,0.0,0.0,0.0,0.0,0.0,0.0,0.0,0.0,0.0,0.0,0.0,0.0,0.0,0.0,0.0,0.0,0.0,0.0,0.023248419289043032,1.317935893054208e-12,-2.588811238563169e-9,-2.4613878037517974e-6,-1.3060173515549606e-11,-0.0004199577774153399,-7.659871395564263e-11,-3.897641348156193e-7,0.004591440779399024,-6.14585071323845e-5,-5.532108577600802e-8,-3.437501309280984e-10,5.548783019019255e-9,-2.5962466832604934e-12,0.0037021859772330902,0.000855823426489907,-0.012029235938954745,4.487994587981735e-6,0.0001586169648676998,3.0392723272092486e-11,8.766632141055794e-10,-0.0019470492845290572,2.265881414676482e-5,2.5642257592740307e-8,-0.00837056901515581,1.298959354129712e-7,-0.0014852210535284123,1.5123477350432454e-10,4.471172509263658e-12,-7.421950887738818e-6,6.46545880356282e-7,-8.05176739417351e-9,0.01582726869246183,-1.31331253790837e-11,8.209212804411709e-13,-9.448104350071825e-6,0.0001570985828200333,-1.3774416025055039e-9,-4.515390830458062e-11,4.871224115089759e-7,0.0008046033918055035,-6.570693489063809e-8,-2.019961925832304e-6,0.004446708115677437,4.836219678906816e-9,-2.2445153839905596e-7,-3.3386741951257187e-10,-1.3467645724083277e-12,-0.00027944689902699915,-0.008698177639346393,-0.010477914346558483,1.5801745086339504e-8,-3.5063103932590086e-5,4.108025057944704e-6,-0.001757543088993163,8.578553990257805e-11,-1.290034878325581e-6,-2.2650102372212634e-9,1.3414914189991435e-7,3.51970915058157e-12,8.153050151979068e-10,0.0015639809875701326,-0.006587866841508458,-5.8221533904060665e-9,-1.7742111459625817e-12,-3.3109550616751363e-7,3.4626008272743445e-9,0.014343697635849723,8.649351656137117e-5,0.00048442437554765565,2.6590950142301084e-11,-6.060945623346517e-11,4.879067410104921e-10,-0.001088759404408001,1.7999340084218323e-5,-0.0016630822013292675,-5.2796760627474506e-5,0.002526461266065666,0.003062324525469001,-5.296041329615604e-12,9.100089259809034e-13,-2.4236965413759987e-10,-0.0002424334841108425,3.0378926980874106e-6,2.42549711304499e-12,4.859969167262641e-8,1.4143064669432222e-10,-0.004371768213807452,1.8466867259030642e-11,1.4152614767282238e-8,-1.5523235291074038e-11,2.1582581122998285e-5,8.029083001317262e-12,0.020575667696335422,-1.8610779055730532e-8,-3.507720505011628e-8,-0.00041786846248836,-2.0042169353078316e-6,-0.0007970051802053102,-6.341676284622704e-6,-0.0011793409318313526,-0.00018781826032460692,-6.641763347393046e-11,-2.3938519588304817e-12,1.7375794944681812e-9,2.5692086138687706e-7,0.00017375219111609685,-0.009907671355726538,-1.0895629747730174e-10,0.0005017568260283455,-1.0215272822180746e-7,-0.009566738651168128,-3.9718478348442015e-7,-0.006300378304945339,1.3374777618663066e-5,-0.0020406024650299203,1.2673770537467803e-10,-2.8539499287250197e-9,2.8553446174723348e-11,-9.563041503507911e-12,-2.615085507065374e-9,0.010548084821798472,9.687464825242653e-8,5.632408959568673e-9,-3.7319875591394183e-10,1.0499239323800162e-12,8.522609131436445e-11,0.020032257067416785,-2.178753979264021e-11,-8.715472666975334e-7,-7.604948110028093e-12,-3.185470827012726e-5,-0.000995167631637746,1.2106383966492513e-12,-6.993126042450721e-13,3.6347553476605635e-12,-0.0005523166911471553,-2.6167673517991066e-12,-0.006762852094600345,0.0006284838797356325,-0.00036528910015263605,9.855588212603535e-7,5.135035370632763e-13,0.00032918229695702355,-0.00013642045793924872,-1.6768477627642565e-7,2.6595561424273624e-9,-1.1509789810393656e-11,-3.369908059130858e-11,-0.0020344604515515137,-2.6429024408714e-9,0.017285582655881652,-0.0003993398550735708,1.2914628676675442e-12,-1.0523341899294958e-11,-0.001995456843726143,7.819645966310496e-13,-3.6106094258139943e-10,1.8430694125680095e-11,-7.466175475970582e-11,6.661034798235277e-7,-5.420443902949123e-9,-5.681996517298249e-7,-2.032848379450687e-9,-9.54655254108179e-12,8.131101616742565e-9
0.0,0.0,0.0,0.0,0.0,0.0,0.0,0.0,0.0,0.0,0.0,0.0,0.0,0.0,0.0,0.0,0.0,0.0,0.0,0.0,0.0,0.0,0.0,0.0,0.0,0.0,0.0,0.0,0.0,0.0,0.0,0.0,0.0,0.0,0.021434621879916804,-1.5025191352322623e-5,-1.5772243787359256e-8,-0.002862756979884553,-8.471681259225943e-11,-0.0004142784801844766,-7.657129921386766e-8,5.784073874103585e-12,-4.1079227465715627e-10,-4.116139914578943e-7,-7.021359945698351e-5,5.597056736582202e-6,-0.012777585075466903,-6.65595413829721e-14,3.4029852638078616e-11,-2.0656533622640052e-12,5.544200374211292e-9,2.0894497197883995e-10,0.0008989591819147331,3.0845083238845375e-5,-1.3571754585694901e-11,8.182019229902643e-10,8.093042033903149e-7,1.4424587404105085e-13,1.6192179764568487e-7,2.6882316941699643e-14,0.00014634106280480137,0.004976828011111684,-1.9891619476163153e-9,1.7984328178656146e-8,-1.2102581116618066e-6,-1.7253572527536872e-13,-0.001529196737367567,0.01515092639866013,-1.382176094618758e-9,1.3137299840255698e-10,-1.3204819698479851e-5,-0.00039175844140221363,2.3390816266394368e-8,2.043759430041315e-11,-3.3574094045970583e-7,-7.9397140351021e-9,3.600642840323826e-12,3.1788029161775664e-6,-6.875123711513556e-8,-4.364344931783197e-5,-0.010430368696879097,-8.377718225104167e-11,1.4232026019176976e-13,-1.0128703463797884e-12,8.18189319268566e-7,-3.6611877489183414e-10,2.953526413781035e-9,-7.88237120776568e-12,0.00013340305834314678,-1.364809910757405e-8,-8.846950237176257e-6,1.090700262266629e-7,0.0022212119737338976,1.9273131559835576e-5,-2.8264542911280285e-14,-1.9539961607955505e-12,-1.4610990102757936e-6,-0.005454782376967988,-4.1072578097055217e-8,5.2584126206826806e-6,2.361655199681793e-13,1.6842211810491364e-10,2.8278078096608137e-11,0.0009853405671033442,-0.000213986949204095,2.5998081797509583e-5,-1.1421945056493844e-11,8.495907795415916e-10,3.0060442598168204e-14,-2.362888410636579e-10,4.781220220474098e-12,-5.478907376857147e-14,-0.0017985428435387258,0.012148053243006409,-6.49174831498967e-5,-2.749084321726198e-11,4.943124494015008e-9,0.0038406238228364635,9.721881777103199e-8,0.00010582814823701858,7.694937518019085e-14,0.00033546586511666284,2.7005328672612044e-7,-0.0022926552896923697,5.935962732041642e-10,0.0004839178480088017,-1.7283184960450093e-13,-2.206028113739908e-7,-1.1530233765878145e-7,-6.873836690842632e-11,-1.6425547870666813e-8,1.4411145499318766e-14,-7.28522483949443e-10,2.1316772892932792e-14,-6.680258492652938e-11,-0.00044784115078670163,-0.013482244479674329,3.3303370245029438e-6,1.56673514590918e-8,1.8169245248046043e-10,-2.2453295092993395e-12,-3.843126559972703e-5,1.0121053715587867e-11,-3.997253895501241e-8,1.596250778835649e-13,-6.182991219245183e-8,-4.3286430962063993e-13,2.8142773720555936e-10,-1.1405930814959616e-11,0.00015725613122811677,-9.133157814456537e-7,0.0006722957246067527,-0.0025902083759271883,-1.2488960726979238e-5,-1.3283510097728286e-13,1.5056343627955588e-7,4.576966322272637e-6,-6.021719227588283e-5,0.018894232455659743,4.852786104436303e-5,1.406731873607427e-13,-0.00023941660073666546,-2.6094648459707355e-9,-0.0006985689188380429,-1.1603649528827002e-10,-3.5079954237633224e-12,0.018024347082140797,-0.006296239801928731,0.004788883059840998,-7.048745690378327e-12,-0.011390942083423762,1.0780706175879868e-13,3.2401326815654086e-11,-9.051440191278184e-11,2.1751777266383268e-9,0.009682126488079304,2.1799438943569455e-11,-1.3656922317725109e-11,-5.75296213480547e-8,4.5092635606478406e-6,-0.0027901129425755957,-0.0003284771099471553,-1.2772102139493467e-11,-1.4016007664421685e-5,2.0124883014523775e-13,-8.908628544935184e-11,0.020182540937928806,-0.002702240265153086,-1.3267192144471244e-11,0.014479011176521318,-5.218639701017945e-5,0.0008666485688499918,-0.00032257174702797936,2.3837564045861512e-8,-6.200877687939144e-7,-7.698396227938721e-9,-1.571109977678192e-5,-0.00011928905423782558,1.3889064086510634e-7
0.0,0.0,0.0,0.0,0.0,0.0,0.0,0.0,0.0,0.0,0.0,0.0,0.0,0.0,0.0,0.0,0.0,0.0,0.0,0.0,0.0,0.0,0.0,0.0,0.0,0.0,0.0,0.0,0.0,0.0,0.0,0.0,0.0,0.0,0.0,0.021142361845006827,3.141277162418993e-5,0.0001489327696466568,1.687260748422075e-7,0.0008850957325732725,0.0001525030834339161,-1.152002458039052e-8,8.181554778036809e-7,0.0008197605829944039,0.003963635927350078,-0.010811644280831053,2.0930862840990362e-5,1.326680851722025e-10,-6.777617236274795e-8,4.114156029626448e-9,-1.1042100254618569e-5,-4.1614466792338053e-7,-0.0003506853174900754,-0.009859915857125165,2.703033608881402e-8,-1.6295698559336286e-6,-0.0016114457559643401,-2.8710936354345475e-10,-0.00032249027611902823,-5.351481412661877e-11,-0.0017475398199991532,-4.8147599096038015e-5,3.961712341439503e-6,-3.581845748742012e-5,0.002405356770228695,3.436349637485634e-10,0.0001507208847180153,1.2786587424586334e-6,2.7528084769651982e-6,-2.6164802938087007e-7,0.013504608099412079,0.0005216584280298013,-4.658627812585086e-5,-4.070477959372283e-8,0.0006686633649218149,1.5813122908747097e-5,-7.17187665179437e-9,-0.006226440754634339,0.0001369282377318583,0.003841809761684784,8.157703435296986e-6,1.6685501640457833e-7,-2.8316279651372757e-10,2.0178034569852835e-9,-0.0016287514233257144,7.291797601578246e-7,-5.882387639651369e-6,1.5698729139386008e-8,-0.0009913699090835048,2.7182221439479175e-5,0.014525173157866977,-0.00021722878676533263,-3.910641877452532e-5,-0.00899199517399502,5.62426334840206e-11,3.8911995235282275e-9,0.00289736929316416,1.663307965322141e-5,8.180213702295144e-5,-0.009934518677102558,-4.701884795937724e-10,-3.3543818691692214e-7,-5.631995089707763e-8,-0.00030667297183261495,0.0007004086879938886,-0.005554972006338681,2.274861441311708e-8,-1.6920870315588577e-6,-5.991109804365624e-11,4.7060409467541096e-7,-9.522525220033306e-9,1.0930336788581431e-10,5.9940759064039006e-5,-1.884594308356412e-6,0.0027968539911085184,5.4751747464832334e-8,-9.844964217472482e-6,-2.530713819034729e-5,-0.00019362456015846864,-0.001634064130688286,-1.5306232690271055e-10,-0.00021324032790130966,-0.0005377847531541417,0.0001778170920562269,-1.1822346817000585e-6,-9.246878989774542e-5,3.440628442957258e-10,0.00043933419052659,0.00022963904543894852,1.3690215472653726e-7,3.27139206039837e-5,-2.8720683951673294e-11,1.450958208741565e-6,-4.2472076591040645e-11,1.330474144982521e-7,0.0007673969120566621,1.8089139049638963e-5,-0.0061759280587832,-3.120385022259513e-5,-3.6186671476415876e-7,4.4715281932743545e-9,0.0012579861188095629,-2.0157355003198248e-8,7.961119383457542e-5,-3.1775919637316855e-10,0.0001231434323166087,8.622508607031441e-10,-5.605057920920966e-7,2.2716970969927476e-8,-0.001464579403279271,0.0018080363517506567,-0.0003295858482539618,0.00010869558233417147,0.01916077852849879,2.6437070441331913e-10,-0.00029986815156416287,-0.008911923748182162,0.004299116300400946,1.2913269882823854e-6,-0.0009845242072879727,-2.8009456168724926e-10,0.00025166986058024324,5.197145104995779e-6,8.741498894650817e-5,2.3110433299639364e-7,6.986686341624972e-9,-1.183678773296771e-6,3.61184121053539e-6,-3.860974973353852e-5,1.4038871868037398e-8,2.215368230762866e-5,-2.1455165941590492e-10,-6.453274419976484e-8,1.8027362271499769e-7,-4.332193561919592e-6,9.45727933210509e-7,-4.3417286362021395e-8,2.720001187769992e-8,0.00011457872197484436,-0.00845030531147624,0.00013106609845068917,0.0003892875677920268,2.5438118293819087e-8,0.020583497603477958,-4.0069286877203136e-10,1.7742941438838505e-7,-5.836518213055606e-7,0.00011972458312709374,2.642435642598953e-8,1.2517184423871053e-6,0.004157055794046832,-0.00021243066137889474,0.0008627662671965857,-4.747604568065011e-5,0.0012332612721772896,1.5332510359505096e-5,0.018711532919573292,0.00011025525990331043,-0.0002765919724027657
0.0,0.0,0.0,0.0,0.0,0.0,0.0,0.0,0.0,0.0,0.0,0.0,0.0,0.0,0.0,0.0,0.0,0.0,0.0,0.0,0.0,0.0,0.0,0.0,0.0,0.0,0.0,0.0,0.0,0.0,0.0,0.0,0.0,0.0,0.0,0.0,0.02110415672879693,-6.506023399493164e-8,0.0001607113403996523,-3.8662085501404797e-7,0.004724241476532583,-1.0972816780647748e-5,0.0007792705614266296,0.0006712496713868807,-1.7211339300150405e-6,-5.135840695515458e-5,-9.143506976671911e-9,1.263656494286082e-7,-6.455671638787656e-5,3.918729442422098e-6,-0.010158601889077825,-0.00039637606521978345,1.5319343141949547e-7,4.019405111667035e-6,2.5746368804577336e-5,-0.0015517389116002532,-0.000309308223490228,-2.734716433777726e-7,-0.0015781672139669877,-5.097347388017053e-8,7.628560411075304e-7,2.1032958896550626e-8,0.003757447841968484,-0.007540752070102206,9.429709888617426e-5,3.273133750800197e-7,-6.584132064756758e-8,-5.585708927257578e-10,0.0026172214222385426,-0.00024921901346928733,-3.3569393424294938e-6,-2.2787463997411797e-7,-0.0058102646655394516,-3.877126214161181e-5,0.0007977112463394738,0.01271525208120053,-6.831202304592695e-6,-4.9521349468099176e-5,0.002724033690089128,-1.6599346607203047e-6,-3.5636380663884788e-9,0.0001589291470398482,-2.6971369207911584e-7,1.921956743352035e-6,-0.00018966168237153353,0.0006945080218725027,-0.00551296224880755,1.4953025702704973e-5,4.3291464655260593e-7,0.01329640908113514,5.913347733518804e-6,-0.0016297151081027391,1.708337731453376e-8,3.4733994734694635e-6,5.356994240198222e-8,3.706366624027089e-6,6.646156568102347e-5,-7.266052980229233e-9,0.004003719650897145,-2.7304313845497945e-5,-4.4785322190301226e-7,-0.00031950280041641614,-5.364468914813978e-5,1.3396731827452784e-7,-3.0593119027033873e-7,2.3373782605332595e-6,2.1668040737422357e-5,-0.001611074898634492,-5.7066271987634004e-8,0.00044824278061338427,-9.070192441248434e-6,1.0411149701753614e-7,-2.618469886513593e-8,8.232733938767082e-10,-1.2168123431251459e-6,5.215096588680099e-5,-0.008918048037885994,1.105525340022693e-8,-0.0005904195906717569,7.131099308667848e-7,-1.4579154362941586e-7,9.315135481369357e-8,-0.0001712379838079457,-7.767813613475904e-8,-0.0011258678622871115,4.0394257814463634e-8,3.2771826626472737e-7,0.0002255765404748927,0.0004260308041696719,0.00013039910815281928,0.019106113027986572,-2.7356605687592373e-8,0.0013802403781646435,-4.0454877992909595e-8,0.00012672742718152218,-3.352146885486932e-7,-7.902120983688019e-9,-1.1929398361956282e-5,-0.0030815925770744696,-0.00034467682231676473,4.2591234086480605e-6,-5.480346788073324e-7,-1.9199843003385966e-5,0.0012402975706514276,-3.026658967801375e-7,0.0048092472914794395,8.21292983031081e-7,-0.0005338134663168617,2.163789033626626e-5,6.394685438773849e-7,3.200147441033339e-5,1.4397598684249263e-7,-4.748289948296123e-8,3.2689345990749404e-6,2.5181258876212456e-7,-0.0011769612336924634,-5.520261818605926e-5,-1.8625269209477884e-6,-5.641077627766873e-10,4.294627408141229e-7,-2.667901957584623e-7,-1.0993740089132138e-7,0.004418621608520075,-3.818659067493607e-8,0.00022012400756563874,6.65481686309196e-6,5.170828360965157e-10,-1.5778100312743655e-9,1.6866410261213816e-8,1.337201894832775e-5,-9.677686707410842e-9,-2.0436123102605916e-7,-6.146736360620007e-5,0.000171710361447595,-0.0038283971337399894,-4.131336903672069e-10,-4.135490497872726e-5,2.590798106137615e-5,0.0020355357522928532,-1.9751598411521366e-5,-5.725530941130156e-8,-1.7005237216682467e-7,2.4229785387633832e-5,1.4894121412124335e-6,-3.8166080056600614e-7,0.00016900125310356136,2.549616868915183e-10,-5.230084444015198e-8,2.5169172948919128e-5,-5.468037286964991e-10,-1.7986048425410813e-6,9.279856149913496e-8,-3.7685788801372804e-7,-0.007865440736634616,6.405533753299886e-5,0.006166563691671978,-3.1400964675585304e-6,-4.8163217731012316e-8,-9.84294084219538e-5
0.0,0.0,0.0,0.0,0.0,0.0,0.0,0.0,0.0,0.0,0.0,0.0,0.0,0.0,0.0,0.0,0.0,0.0,0.0,0.0,0.0,0.0,0.0,0.0,0.0,0.0,0.0,0.0,0.0,0.0,0.0,0.0,0.0,0.0,0.0,0.0,0.0,0.02057150242769069,1.497671282777697e-10,0.004205119156803136,-3.0909230821767003e-7,-1.0225594591356308e-11,7.261595854814485e-10,-1.7395251513645256e-6,0.0006865717341259877,2.125483340826099e-5,0.004079145371617686,1.1797721817577838e-13,-6.016094655169164e-11,3.6523221361505655e-12,-8.666092918103952e-9,-3.6938192842808685e-10,-0.008968000189175221,-0.00024284304943874806,2.399217215823296e-11,-1.4451339855362703e-9,3.4209037816555457e-6,-2.548739209666342e-13,6.80220336177759e-7,-4.753852549171712e-14,-0.0014778631342913788,-0.009110939578439224,3.4657421405389186e-9,5.225720599747648e-8,-5.084684326898716e-6,3.050116488485908e-13,0.0135869991942358,0.0002500927028521275,2.4282490911218e-9,-2.3224701110320405e-10,3.675086483519299e-5,0.003971559300447888,8.060920451750683e-8,-3.613117431834501e-11,-1.4181566546109718e-6,6.614533395502886e-9,-6.3677914666141806e-12,1.269446426673248e-5,-2.823251683064899e-7,0.0004167880407467945,0.001593267171941975,1.4810550966874606e-10,-2.510526026784731e-13,1.7911677562814586e-12,3.456055987035241e-6,6.471389458545687e-10,-4.93680223387811e-9,1.3933215342646187e-11,-0.001351315566335342,-1.5704160084660143e-8,-1.5032506244150725e-5,4.56404494922594e-7,-0.007106701967861749,-0.0001312404397633686,4.99949319954106e-14,3.4549476448132946e-12,-6.091441656614231e-6,0.003229105521830695,-1.6114815157702216e-7,1.8354589003384387e-5,-4.1704428389462865e-13,-2.9774312027135054e-10,-4.9990492385210036e-11,-0.009756307154543677,0.002172362694391239,-0.00022463178212945645,2.0191714109248788e-11,-1.499957084561075e-9,-5.319438119848504e-14,4.177025596996468e-10,-8.45235089991681e-12,9.717937120992178e-14,0.00980829258595029,-0.0003685209671938842,0.0006410602866915206,4.860116214908085e-11,-7.2863114428536375e-9,-0.004854270954283666,4.095339086501145e-7,-0.0010661185166075198,-1.3585965278240845e-13,-0.00338080273949798,1.141785862847104e-6,0.019212058787023884,-1.0487441501720252e-9,-0.004670283594232198,3.0523809180219775e-13,-9.326207927542394e-7,-4.865684634272319e-7,1.2152091795715542e-10,-9.08373005926373e-9,-2.544030371568422e-14,1.2822569374917687e-9,-3.7735862645792314e-14,1.180998589541867e-10,0.0045438658040702655,0.0035280513376444687,1.07851655937962e-5,5.655493132847709e-8,-3.212049053038826e-10,3.967944868640316e-12,0.0003823826161384764,-1.7892134191319166e-11,-1.6523238822545422e-7,-2.8196768869321433e-13,-2.4644111430133964e-7,7.651851556703015e-13,-4.973237101380884e-10,2.0164157809869884e-11,-0.0015909527389980792,-3.785456048926634e-6,-0.006744771478965561,0.01651284294301951,-1.1491054690021055e-5,2.346510921835327e-13,6.334211580824888e-7,1.789323408575323e-5,0.000582313468524928,0.00025256841268018234,-0.0004871918272916921,-2.4856330291184695e-13,0.002424286501039297,2.9317737904708583e-9,0.006463032580629433,2.0513226671559847e-10,6.201644751592328e-12,-0.00023148761602128883,0.0007057537826506778,-0.007359830344191177,1.2460019103764492e-11,0.004313947829182065,-1.9057803375867192e-13,-5.728227812033677e-11,1.6001690623756706e-10,-2.9029261053055518e-9,0.0001849758899010352,-3.8539175445024913e-11,2.4143387727404204e-11,-2.3701514066034708e-7,1.5241046254548379e-5,0.019004807740013622,0.0033282768308200194,2.2578862607865444e-11,-6.234772856223659e-6,-3.560740913039686e-13,1.5749181412654896e-10,-0.00011414710070210374,0.017801012482498414,2.345521950949333e-11,0.00024482368467982263,0.0005015328525604865,-0.008490691201144708,0.003274842395539133,7.599998801076142e-8,-2.611313018431893e-6,-1.307541043969774e-8,2.4586130107572114e-5,0.0012068628904216836,5.872319871545949e-7
0.0,0.0,0.0,0.0,0.0,0.0,0.0,0.0,0.0,0.0,0.0,0.0,0.0,0.0,0.0,0.0,0.0,0.0,0.0,0.0,0.0,0.0,0.0,0.0,0.0,0.0,0.0,0.0,0.0,0.0,0.0,0.0,0.0,0.0,0.0,0.0,0.0,0.0,0.0202647654689505,8.723981314769495e-10,-1.0964212162750139e-5,-0.001948961345419879,0.00416127311668529,-1.568522470778688e-6,4.016949948410477e-9,1.2001618102314798e-7,-8.780673559618311e-12,2.2452189745731698e-5,-0.011082397214624565,0.0006962460621534871,-0.0002246085549820485,-0.01051764053127864,-2.9171045619257434e-10,-9.390906530962875e-9,0.004559786083730555,-0.001528012851798393,7.227981336120177e-7,-4.8589448846245604e-5,3.685851255428117e-6,-9.056781341531537e-6,-1.77174424707051e-9,1.818574308448221e-11,0.0004748673370050288,1.5839257298012383e-5,-2.203569206292124e-7,5.8155842413359e-5,5.344610992660505e-11,-5.435874214200611e-13,0.0006216664884130241,-0.010202571101480288,7.844344589112043e-9,5.031542133132587e-10,1.2955993086378304e-5,-0.006764041152060029,-1.8639650939292332e-6,3.651307573717732e-5,-0.0012135190926168028,1.1572330775923089e-7,-6.34213675041637e-6,3.875918772053026e-9,-3.4470261569232205e-12,0.01571374617791479,-4.792174926562714e-5,0.00034148154943811944,4.4320712787260256e-7,0.002375167130689851,-0.0002356135864707147,0.002652163702234595,-1.0016700922140623e-9,-1.7729174665180135e-5,-1.3818441861322959e-8,3.8045727015110518e-6,1.2600457065063367e-11,-8.11580015664781e-9,9.518112597130478e-6,0.000658498719712108,-1.553098920803792e-7,-6.886310848387957e-12,-9.238793817043246e-6,6.38056694195845e-8,-7.957275780749506e-5,-0.005795131997530455,-0.008997241612595044,-2.409494389408768e-10,6.98858906633192e-10,-5.460413222638053e-9,0.003828637745669807,-0.0012109031062899672,-1.0139327884876567e-5,0.0035696056900971214,-0.0016106567992019592,1.849815404735064e-5,-1.1301145316445696e-11,7.998782236285735e-13,2.838765114370622e-9,0.008025255081232977,-0.00013584377653792808,1.0039289465362445e-11,1.379318536873232e-6,-1.658536091217408e-9,-2.590371216531151e-5,-1.926864342159786e-10,4.001498947342329e-7,3.953328133752365e-11,-0.0014580486690991084,-5.987911935303467e-11,5.822777567158384e-5,-5.271220551560799e-7,-9.95417011301325e-7,0.017993309684258895,-1.5240877505000713e-5,-4.86062334723395e-6,0.00042024882554730003,-7.187877517660033e-6,0.01102616612339682,7.49757606024408e-10,-7.60749029202813e-12,2.7877025385021202e-8,6.969069140653885e-6,-0.01141663358533667,0.0007567161006956863,1.2778559608397634e-9,-0.003366816791474671,-2.8907996416798064e-6,-5.377657728356003e-5,-1.1133525846084453e-5,0.00014592302462785865,-0.0009047032154658057,0.003835401056187645,-1.482572747977135e-9,-7.478225216130059e-8,-2.86601266673804e-10,-1.1076581127031873e-11,-7.638889378590725e-9,4.474114218695299e-5,2.7492368628687657e-6,1.2899948545208177e-7,4.3481359303640894e-9,-5.495182941446854e-13,-9.999804969732844e-10,-4.7402255540619445e-5,2.3899141522751366e-10,2.422082077836001e-5,4.1473170750516086e-11,0.00215103005256266,0.0011809301941994661,5.023133327190813e-13,-1.5290291079217741e-12,1.4978631153429e-11,0.002359016786107432,-9.267772294200141e-12,-3.6310161715071194e-5,-0.010400169290291734,0.01928405207102388,-3.665413929281346e-5,-4.0148658876196085e-13,-0.006863719582111356,0.004083791198086329,-4.741767522778533e-6,4.615619525051867e-8,-6.660878775515339e-12,3.727898609802344e-10,0.004293038522949311,-3.480471053107746e-9,-6.78119895740692e-5,0.020197782112510807,2.477572286716789e-13,-9.344432884112418e-12,0.004458458259990139,-5.323096238512155e-13,4.199345978188573e-9,-1.5410241022716256e-10,8.564539774615889e-10,1.708445203361021e-5,-1.496868271169056e-7,-1.0268335391221312e-5,7.337704480624674e-9,1.0363160239989156e-10,2.3000992446904205e-7
0.0,0.0,0.0,0.0,0.0,0.0,0.0,0.0,0.0,0.0,0.0,0.0,0.0,0.0,0.0,0.0,0.0,0.0,0.0,0.0,0.0,0.0,0.0,0.0,0.0,0.0,0.0,0.0,0.0,0.0,0.0,0.0,0.0,0.0,0.0,0.0,0.0,0.0,0.0,0.018655205720058365,-1.95578660752922e-6,2.6438169576227254e-11,4.4001982842682945e-9,-1.1006876646434213e-5,0.004328559033374511,0.0001344903040802539,-0.0002664522068636556,-3.043691123519953e-13,1.3758860063100104e-10,-9.452663851938218e-12,-5.4824379271474635e-8,-1.8454361664146455e-9,-0.008590189367630216,-0.0015361109435422112,-6.141739011741982e-11,-9.072650203410963e-9,2.1645830127799065e-5,6.591528971422755e-13,4.304106104740432e-6,1.2298921585170322e-13,-0.009072194687250103,0.0005518246589638491,2.1907302521936864e-8,3.3065771991238123e-7,-3.2173430881519265e-5,-7.894494180996493e-13,0.0016173082806661858,-1.6479172068450504e-5,1.5335714134243926e-8,-9.924339002465942e-10,0.00023253515796460976,0.012856859000907685,5.100557328773488e-7,8.768803357540685e-11,-8.973411745755142e-6,4.185195187521124e-8,1.6469026045532928e-11,8.032443938201918e-5,-1.7864174065004982e-6,0.0026321272486668594,-0.00010462007134733688,2.0231942795538747e-10,6.503180086034372e-13,-4.637279590536676e-12,2.1868256443560653e-5,3.983729383149815e-9,-3.122668134458989e-8,-3.585255489445441e-11,-0.008067625489392003,-9.93674718446983e-8,-9.511815932020657e-5,2.88790733808083e-6,0.0003823932102106269,-0.0008302890630256687,-1.2889679437533418e-13,-8.937967404215622e-12,-3.8543704969667515e-5,-0.00020894613742997718,-1.0196673150370419e-6,0.00011613893377487153,1.0806237827714691e-12,-1.6129763657413346e-9,1.044216616811155e-10,-0.007157516096664449,0.011420103490210647,-0.0014205589770061812,-5.1274792944935694e-11,-9.434380631174825e-9,1.3793379582340173e-13,2.476102854495697e-9,2.1838041591895103e-11,-2.5119431585929576e-13,-0.0003428343141029101,2.4268958414142837e-5,0.004035250341171689,-6.777608040913104e-11,-4.609790817010177e-8,0.0003047217892619696,2.591333022885963e-6,-0.006605965407000539,3.514583619144232e-13,-0.005510626239994735,7.22467056585769e-6,0.0011976855711963766,-6.567729571584542e-9,-0.001800070876407653,-7.901454927438341e-13,-5.901174638308754e-6,-3.078770619100894e-6,-7.251765265645618e-11,-5.747675379927741e-8,6.60641411949329e-14,8.093817222928296e-9,9.761794370779005e-14,2.3164342242606524e-10,0.017677916409673974,-0.00023088687141097305,6.824327948006546e-5,3.578521685479306e-7,-1.498546070065177e-9,-1.0272217879403933e-11,0.002401595516554487,4.423200411967081e-11,-1.045510796535256e-6,7.290085469762776e-13,-1.5593601365455945e-6,-1.982057973036523e-12,-3.1044718217871183e-9,-5.176764842683788e-11,-0.009644901058564798,-2.3952539833504803e-5,-0.008342822847989064,-0.00033610857136883034,-7.270949175542266e-5,-6.075296068306796e-13,4.0079833371932756e-6,0.0001132197379505167,0.0036749667961336247,-1.66419750104857e-5,-0.0030394252869184375,6.44810785946003e-13,0.006431356241209714,1.8549788499049263e-8,0.0012529051036878612,1.197367627109831e-9,-1.5987020368124207e-11,1.5248810515835458e-5,-4.6395065466942135e-5,0.00045456321873977575,-3.1465723259499756e-11,-0.00028123177995597107,4.923410014581398e-13,1.2390090963803453e-10,1.1072320747556551e-10,-1.8366657612373406e-8,-1.2188650166041518e-5,7.712161642640641e-11,-3.820167702587325e-11,-1.4997173786878538e-6,9.643793719192069e-5,-0.00020201629157540074,0.009796018324448305,-5.788432045671188e-11,-3.945038344937985e-5,9.207850047994737e-13,5.2014925124379927e-11,7.519938460071187e-6,-0.0002833568296937296,-6.008308911366592e-11,-1.6132021993169842e-5,0.003166361328468983,-0.0046091708260245735,0.016092016871172496,4.808905584904649e-7,-1.6523129612655895e-5,-8.273435360924223e-8,0.0001555665429715134,0.0028470246172665925,3.7157208958166295e-6
0.0,0.0,0.0,0.0,0.0,0.0,0.0,0.0,0.0,0.0,0.0,0.0,0.0,0.0,0.0,0.0,0.0,0.0,0.0,0.0,0.0,0.0,0.0,0.0,0.0,0.0,0.0,0.0,0.0,0.0,0.0,0.0,0.0,0.0,0.0,0.0,0.0,0.0,0.0,0.0,0.01794241017353045,-3.4547422602594807e-7,-5.749862068840082e-5,0.0036477731888990366,-8.891366511479446e-6,-0.00027973363557885414,-8.57788560500293e-9,3.9831326056098166e-9,-1.7978930662800772e-6,1.2350909500990597e-7,0.000716381548032472,2.4114805283224635e-5,-2.5640704524112967e-7,2.172208785370331e-5,8.025388959404055e-7,0.000118554750391943,-0.0016842296963725178,-8.62001612674336e-9,-0.008375075387017662,-1.6067182570957562e-9,3.1409187839904025e-6,1.7764102839727466e-8,-0.00028626741718764564,-0.0042428323830122185,0.000513613211241647,1.0317143683558545e-8,5.171639032645649e-8,-5.30513531827265e-10,-0.00020039565953638224,1.2968535171762839e-5,-1.8259278833750718e-5,2.2862723575575017e-7,-0.006381387129187694,-1.1458981280079897e-6,0.004328312739673393,-0.0005467487095527855,-2.151872636376734e-7,-0.00026973265576497456,0.012338357766611324,-8.747578529096832e-6,-3.3680424574566356e-9,-2.6436984657629713e-6,-8.501561837345463e-9,6.057849259235053e-8,-0.001032910012756011,-5.205637709959371e-5,0.00040804185814117427,4.6849698306155723e-7,1.4554085897635771e-6,0.0012948615762328225,3.219939104283289e-5,-0.008470283599922726,1.23089126336316e-8,1.8826852980617612e-5,1.6885622291531033e-9,1.1680580801391836e-7,0.0003620053623210309,-6.726565134087473e-9,0.011175429106300889,-0.00014871350703205406,-1.4116544828615599e-8,2.1077199052820882e-5,-1.3645095643025453e-6,-2.18545289751151e-7,-3.841531976182628e-7,1.2572991427991674e-5,6.699994148042033e-7,0.0001232815348620688,-1.7987690841225414e-9,-3.235602896583502e-5,-2.8534752855676664e-7,3.2816659930659135e-9,-1.1031817174360531e-8,7.812902996226193e-10,-6.177080649857748e-6,8.85647102316662e-7,0.0006023436578317037,9.809679344825917e-9,-0.003173625464148599,3.1458725289457077e-6,-4.59545530366593e-9,-1.5152295744921866e-7,-0.0009321267187193573,3.840330014905143e-8,8.582238208439218e-5,-5.664101595217663e-8,1.032990117989757e-8,0.0012272228922957581,0.00230475093251543,9.476218036480345e-7,0.0007499280813108373,-8.623004787217108e-10,-0.00010576414199669478,-1.2751641225208233e-9,-3.026922691177829e-6,1.7931706052816826e-7,-7.432944009226813e-9,-6.497178980290504e-5,-0.00439799934440454,1.958193068594353e-5,1.3423249851140314e-7,-2.7167771050392047e-6,-5.779739427911967e-7,0.005947048017243023,-9.540237371401039e-9,0.01587347224316381,2.58868890882425e-8,4.056683279985222e-5,6.764555216346738e-7,2.4044514736222156e-6,0.00017430720139958826,-2.4135138656414737e-7,-1.0811420480604477e-8,1.779777183870873e-5,7.937308308834498e-9,-0.0062900253171146725,-0.00030067509036598014,-9.734574393748482e-6,-5.357614773020001e-10,1.999583820758786e-6,-8.409374346521183e-9,1.4397432505376531e-7,-0.00024236013761234863,3.9906698464443336e-8,-1.5646381515205592e-5,2.0886398513030795e-7,4.909029520701336e-10,-1.4936062756409672e-9,1.4633261330026014e-8,4.1118329883933644e-7,-9.05367663980182e-9,-6.4416074957807706e-9,-1.619043919840987e-6,-1.446801538421218e-6,0.00023998262580667042,-3.9239085547622893e-10,-1.0077312219570235e-6,4.992166011067292e-7,0.009493087333186193,-0.00010757612600308911,-6.496326898957722e-9,1.988609323369723e-7,7.563933347046487e-7,8.108424515961218e-6,-1.2030144245094807e-8,-6.796966713229787e-7,2.4208536568782324e-10,-9.113459130831037e-9,7.850946354606947e-7,-5.193485955077658e-10,-9.443221900681765e-6,-1.4321034794670076e-7,-2.42243640938875e-7,-0.006111904053426908,0.0003488882965896651,0.0010760758831873127,-1.7086734353476647e-5,6.8781168272287e-8,-0.0005357436065974158
0.0,0.0,0.0,0.0,0.0,0.0,0.0,0.0,0.0,0.0,0.0,0.0,0.0,0.0,0.0,0.0,0.0,0.0,0.0,0.0,0.0,0.0,0.0,0.0,0.0,0.0,0.0,0.0,0.0,0.0,0.0,0.0,0.0,0.0,0.0,0.0,0.0,0.0,0.0,0.0,0.0,0.0173123804424737,0.00013496511250046087,2.15709336385855e-8,-5.286745982491966e-11,-1.663146210691733e-9,-5.1258581880231967e-14,-0.0002826782648325899,0.003389322435300189,-0.008540950651126738,-7.3204710212255135e-6,-0.000322325639098245,-1.5220642598888276e-12,1.2914713000957128e-10,-0.009736108213072301,-4.986240991152471e-5,-1.0005737278825405e-8,0.0006117426295307011,-4.676241532544713e-8,0.00011402719654453741,1.8676254723272917e-11,1.0689101805557861e-13,1.550085439172995e-5,4.3257873908036474e-7,3.053401026530628e-9,-0.0007320388379916884,3.0711102679386776e-13,-3.221773949882742e-15,2.029507601587869e-5,-0.00029503413345450435,-1.0857314321371901e-10,1.3583940264572355e-12,2.957474711679707e-7,0.0035872806450013193,2.5503362603843432e-8,1.181457666724081e-6,0.012713922005461528,-1.6036708665037487e-9,3.9107527934699607e-8,-5.201337257644722e-11,-1.996546595298308e-14,0.00025077387787326104,0.0006033242044288631,-0.004244594447088779,-6.138726622200318e-9,7.72804515411973e-5,-7.685955345701462e-6,-0.008715367079708061,8.651183585164325e-12,-5.531235408090553e-7,1.9143902435922613e-10,-4.478538801813285e-8,7.33322059667821e-14,1.1192725384832599e-10,-0.00011983539032904066,-0.00788787185395847,2.1521918340784784e-9,-4.016681719474789e-14,-7.869218926914458e-8,-8.841654541847856e-10,0.0009997643115574602,-0.00018256481019778638,0.0016150479263609364,-1.2984893590954541e-12,-2.283889347988849e-12,7.475024589239708e-11,-0.005381297219484201,-3.9522259068101314e-5,0.00012765672495774875,0.00011521985925960879,0.011146748394311344,-0.0002328957101951135,-6.623429081181552e-14,4.593808479400953e-15,-3.672218453231738e-11,-0.00041304340485149313,-4.424072283382812e-6,5.822904665178754e-14,-1.828778737232234e-8,1.8702362164840918e-11,0.0003261309922682321,-8.994221684859341e-13,-5.533628043517238e-9,2.2706690516598003e-13,-4.7565514450786356e-5,-3.37396945579282e-13,-0.0007328683577306021,7.275940242796932e-9,1.3485781773025917e-8,-0.0002441412812514758,-4.827400877906161e-7,6.119649522951851e-5,1.3719630089885468e-5,9.049720168760997e-5,0.00022084690402296154,1.0653816617814135e-12,-4.4142505247866444e-14,-3.8628447528820266e-10,1.3981797846201337e-7,-0.00034125946780370913,-0.009188251989590182,-1.615470793848859e-11,0.002327781551869016,2.427350373357572e-8,0.0006770404845798827,-4.681544368128124e-8,-0.001821836756219337,-2.950197176637261e-5,-0.010189686270263804,1.4293731045161365e-11,1.0363091358747612e-9,-1.4333490581229138e-12,-6.288831647346409e-14,1.0581778767254546e-10,-0.0005632166047533875,-3.57405973027152e-8,-1.7876487190767697e-9,-5.787901073756237e-11,-3.3891242506240546e-15,1.1890669046435043e-11,0.0005960622942195053,8.578057775508509e-13,7.861165365554127e-7,2.3502341958995223e-13,6.918454079911321e-5,-0.00486142832858698,2.8321371519541615e-15,-9.088778630368074e-15,8.654870713559911e-14,-0.002695752339885188,-5.40396590848816e-14,0.00045713219259055853,0.0022374724492294127,0.00018642580199240322,-1.1921843450256054e-6,-2.4319416943822355e-15,0.0010135729169120328,-0.0002809825839190568,3.459078857006033e-8,-6.395782886802304e-10,-3.9805843772070613e-14,1.1839406373709348e-12,-0.010173294502784536,4.820521994317067e-11,0.0008523749142801805,0.00010437788641104807,1.424047735198409e-15,-5.5708594585988414e-14,-0.00997968613577267,-3.186851472401356e-15,-5.6148614616079735e-11,-8.505088548058291e-13,-1.4387908395566564e-12,4.359438407281995e-7,2.074045602699484e-9,-3.138487462822345e-7,-1.0159853325603695e-10,4.104246311598346e-13,-3.1797584170259567e-9
0.0,0.0,0.0,0.0,0.0,0.0,0.0,0.0,0.0,0.0,0.0,0.0,0.0,0.0,0.0,0.0,0.0,0.0,0.0,0.0,0.0,0.0,0.0,0.0,0.0,0.0,0.0,0.0,0.0,0.0,0.0,0.0,0.0,0.0,0.0,0.0,0.0,0.0,0.0,0.0,0.0,0.0,0.016574561401530477,3.7497761213065075e-6,-9.189517826390731e-9,-2.891114372842367e-7,-8.86276343497191e-12,6.764779753091956e-7,0.0007060231734305035,1.9149427096214995e-5,-0.001272263420028593,-0.009514239057698897,-2.6500369526038894e-10,2.245040956221209e-8,-0.0002482005367248889,-0.008406918115332165,-1.7393426412215108e-6,-1.463906559444517e-6,-8.128927917823007e-6,-2.7288005377970794e-7,3.2462236349417133e-9,1.8356976254532885e-11,0.0026894039893734403,7.519711381919847e-5,5.307876792221357e-7,1.750945343515932e-6,5.3455803151069517e-11,-5.466476248433472e-13,0.003512372291433008,-0.005204395251091482,-1.8871511171089808e-8,2.3630621959884253e-10,5.141113002540802e-5,0.0004383741218292663,4.433368207996751e-6,0.00020537304303013768,-1.571965796597748e-5,-2.7877371820596907e-7,6.798239708772044e-6,-9.04089821195133e-9,-3.480482749304065e-12,0.0010745032091085552,-1.4436919791578182e-6,9.84386370041391e-6,-1.0671260732610125e-6,0.011273168896602695,-0.001335425816382171,-0.00012020474645681424,1.5042091316306093e-9,-9.615175342003087e-5,3.3279015487332225e-8,-7.785247902071117e-6,1.271869036429755e-11,1.9458089122306578e-8,2.8677915227831065e-7,1.656679124277811e-5,3.7412758950056674e-7,-6.95368541891188e-12,-1.3679418366780602e-5,-1.5369948441309107e-7,-2.3806386328787e-6,-0.00811592973170668,0.0005436180792684289,-2.2587431834560078e-10,-3.9702578179836747e-10,1.2994556026163578e-8,-0.0002295773601065853,-0.0067283450031243594,-3.054970126591222e-7,0.010933895867263328,2.5671025384599007e-5,5.573413132451162e-7,-1.1400614331170955e-11,8.074715668602634e-13,-6.384203506381808e-9,-0.0003579665005576862,-0.0007689468282272459,1.0136300930776903e-11,-3.179050866378406e-6,3.2513530370213134e-9,-7.804491113648025e-7,-1.5659752540240591e-10,-9.619367286028235e-7,3.969262530289647e-11,-0.0079091832312266,-5.85410896944263e-11,1.7524938333580067e-6,1.2648163021004357e-6,2.344295411275079e-6,-0.00038452564118418207,-8.391656336540865e-5,-1.4645020828892064e-7,0.002370481435021472,-2.1656999294215656e-7,0.0012295617230445024,1.8533786980871542e-10,-7.682875884109968e-12,-6.715023883214709e-8,2.4305199699976948e-5,-0.007802263195370025,2.0044590851333873e-5,-2.8078845279929146e-9,0.0002168889835941639,4.2195747466328055e-6,-1.6201177282836776e-6,-8.138140492996191e-6,4.271716198527631e-6,-0.004811963862633614,-0.00019305818914087475,2.485069608107835e-9,1.8014646097397572e-7,-2.4944766336404105e-10,-1.1174446250205435e-11,1.839451571950278e-8,1.3473490446310656e-6,-6.212952265285193e-6,-3.107542099559615e-7,-1.0061001075393119e-8,-5.520831095926176e-13,2.066645740752152e-9,-1.4221769117844128e-6,1.4881053521557527e-10,0.00013664813277520265,4.1241051430283635e-11,0.005562135098889724,-4.564215470203588e-5,5.074109610724204e-13,-1.541868847092834e-12,1.5121006536759523e-11,-0.00014583404097793205,-9.354695849462783e-12,-1.0938427993537688e-6,0.0006424149078315165,0.0005881074744156588,-0.00020722603403042697,-4.06598506331134e-13,0.0004029326049567741,-0.00020139331608382734,6.013074235206264e-6,-1.1118295719686577e-7,-6.716168126157295e-12,2.055386497249749e-10,-0.00022581067674697439,8.380304970822163e-9,-2.031828137045597e-6,0.0002762384456851355,2.498253851031347e-13,-9.417430401433067e-12,-0.00023909890885262514,-5.34395192891329e-13,-9.759860469704748e-9,-1.4801439602953737e-10,-2.503594051080852e-10,7.578208931815294e-5,3.605402105902338e-7,-5.4557680019469465e-5,-1.7659668031863825e-8,7.109466936800612e-11,-5.527512797611657e-7
0.0,0.0,0.0,0.0,0.0,0.0,0.0,0.0,0.0,0.0,0.0,0.0,0.0,0.0,0.0,0.0,0.0,0.0,0.0,0.0,0.0,0.0,0.0,0.0,0.0,0.0,0.0,0.0,0.0,0.0,0.0,0.0,0.0,0.0,0.0,0.0,0.0,0.0,0.0,0.0,0.0,0.0,0.0,0.01577809721944937,-5.484766048433946e-5,-0.001724967127790883,-5.291394826913328e-8,-4.718695861616461e-11,-4.925089417719198e-8,-1.3359316926688e-9,-4.877333714481325e-5,6.094548265972582e-7,-1.5816833746734813e-6,0.0001339957556379867,1.731508594520836e-8,-6.124182139890439e-6,-0.00992597788797812,1.021297862484303e-10,-0.006968938034403884,1.902975398634647e-11,1.9375205145620997e-5,1.0958045609501397e-7,1.897291244826262e-5,0.00027807056709625,0.0031522178590615456,-1.2216093141302704e-10,3.19020008936097e-7,-3.2725786597597587e-9,1.2894342680775463e-5,3.487867796546172e-7,-0.000112634636746578,1.4103198425756015e-6,0.000391374582134326,-3.058120724860465e-8,0.014683387602928852,3.738615805157537e-5,1.0966782983122536e-9,-0.0016628091377629342,0.0009295865066642757,-5.396068250506602e-5,-2.077623608171585e-8,-7.458566191246944e-8,1.0071502895729106e-10,-6.867334738328897e-10,-0.006229281924276752,8.871423898690032e-7,-2.7636725853912814e-5,8.38578738149904e-9,8.977895318593578e-6,-8.810712714405317e-5,0.0001986213576246341,-0.004090097639367832,7.592939136500207e-8,0.00011613606285771515,-2.0006715977596383e-11,-1.1557393152341464e-9,0.0022276427171083633,-4.149372657254496e-8,-0.0004186412349769505,-0.0009171938664444309,1.6608769396166345e-10,4.85052987315101e-7,-3.7919679991938095e-8,-1.3481279284992975e-6,-2.3697034218503465e-6,7.755827772162664e-5,1.6015824700341227e-8,-6.846952153177293e-6,2.1304788761124465e-11,-3.8195472751817415e-7,-1.790851151774064e-9,-3.887815246970618e-11,-6.805130403635608e-8,4.819520555275742e-9,-3.8104201875719144e-5,2.496205045106028e-8,-4.107913329580636e-5,6.051250391161508e-8,-0.004501399203589238,1.940576312830902e-5,5.445356055316611e-11,-9.346910761607148e-7,-0.005257671472035971,2.3689626153164722e-7,-3.999974398847127e-6,-3.4939815146752725e-7,-1.2227381673579425e-10,0.006359261141552565,0.005384067089890121,2.6797203221367773e-8,-5.1174372825822123e-5,1.0213058817375348e-11,6.682530981468113e-6,1.51051060915412e-11,-8.51406756865183e-8,1.1061431368119311e-6,-4.585117054240951e-8,-0.00040074050685703135,0.0002563863062454158,5.131660950754219e-7,-1.3983774632632872e-9,-1.675882656097957e-5,-1.513047428747929e-8,0.000835331029695004,1.130270748288797e-10,-0.00036040195235192307,-2.980006869523395e-10,-1.635606554640459e-6,1.3468249572121454e-8,1.4832201490052392e-5,0.0010734047692321186,-1.4888103891705612e-6,-6.669176002143365e-8,0.00010978637975480968,-9.400352685024431e-11,-0.00676085379781671,-0.0018538608427163268,-6.004910805930742e-5,-3.3048906944624733e-9,1.233471795128427e-5,9.920545668846101e-11,8.881260902764152e-7,1.6566086630488943e-5,2.461701690777711e-7,-2.50037397588468e-7,3.1841155186476543e-9,3.0282276999482355e-9,-9.21344818741593e-9,9.026749849038932e-8,1.0173695887985421e-8,-5.58489057842979e-8,7.629561563371315e-11,-4.481217386869255e-8,-4.0901983864295964e-8,-1.6388882104087358e-5,-2.420534135603106e-9,-2.810543160760784e-8,1.4045248387258261e-8,0.0009784085096900762,-0.0006634999668544487,-4.007360446951727e-8,1.226702225476718e-6,1.5753125216688378e-8,5.001737989888717e-5,1.4174165308399705e-10,-1.922650406366353e-8,1.493394736278776e-9,-5.621762288555805e-8,1.6680140579117057e-8,-3.2036358251124794e-9,-5.8251858107554044e-5,-8.834134774175049e-7,-1.494314098148673e-6,0.00039093190207186297,0.0021363411904813602,-7.289602480871616e-5,-0.00010540145595083541,4.2428655807727715e-7,-0.0029790029664900123
0.0,0.0,0.0,0.0,0.0,0.0,0.0,0.0,0.0,0.0,0.0,0.0,0.0,0.0,0.0,0.0,0.0,0.0,0.0,0.0,0.0,0.0,0.0,0.0,0.0,0.0,0.0,0.0,0.0,0.0,0.0,0.0,0.0,0.0,0.0,0.0,0.0,0.0,0.0,0.0,0.0,0.0,0.0,0.0,0.015667699198162844,0.0006939725883904378,2.1555226396128335e-5,-5.0322118765460367e-14,-5.086021666909103e-11,-1.379789315852953e-12,-5.037004180904561e-8,6.294053674954613e-10,0.0006443004401076154,-0.007779453971895398,1.7876808131729882e-11,-6.3246725528685294e-9,7.698944872707263e-5,1.0595878472727298e-13,-6.7407526336480746e-6,1.976347238643493e-14,-0.007621497829958819,-4.4639107266053106e-5,1.9594009191500577e-8,2.8716529367526506e-7,-0.00015617535080318645,-1.2533473804730722e-13,-0.00012995689931733105,1.3331245019455433e-6,1.3316427069823193e-8,3.6021469442155913e-10,0.0012072532064196534,-0.0005743446216666352,4.0415602255878897e-7,-3.1590111414050804e-11,7.140639317464587e-6,3.861002948811467e-8,1.1302270370909118e-12,0.0004122076456303132,9.556850907902152e-7,0.011411384565626443,8.463491054777846e-6,-7.701133190660834e-11,1.0540518606098629e-13,-7.072776560478786e-13,9.145801588836375e-5,9.162013639151462e-10,-2.8541527705807263e-8,8.652525714594492e-12,-0.0036005306795871567,-9.09910640689768e-8,-0.0004943603433393997,-4.089916936224353e-6,-3.093085954950063e-5,-0.0042604843339210845,-2.1756427585067024e-14,-1.193780163980624e-12,-0.00019266271947259768,1.6903060085477837e-5,-4.321336413767486e-7,0.0006013235513250389,1.720584654819041e-13,5.009155599292528e-10,-3.915404071125914e-11,0.0005491666761817743,0.0009626954829565074,-0.0070340499042586685,1.653975663291426e-11,-7.071111335690596e-9,2.1479628251923678e-14,-3.9442974927167494e-10,-1.850791061129671e-12,-4.052342237218591e-14,2.7721644289993005e-5,-1.96329865058024e-6,0.012296130823300697,2.5765810565781768e-11,-4.242397176719929e-8,-2.4650573272832735e-5,-4.06794656977038e-6,-0.007510375173469633,5.547058636192661e-14,0.00038073337368667407,1.8678803121812238e-5,-9.650282614705094e-5,-4.130937304189712e-9,0.00014233086848155734,-1.2710625377942465e-13,-7.764610000652806e-6,4.127096332123587e-6,2.7668418462075874e-11,-5.2849565061692537e-8,1.0186215459675146e-14,6.901290294578356e-9,1.5445402789398726e-14,-8.793449791084433e-11,-0.0004503664211392791,1.867811121028365e-5,0.0003538276207230512,2.647492067770295e-7,5.299799327882372e-10,-1.4464425952738708e-12,0.0058691550250845395,-1.5623882999409557e-11,8.560018438554648e-7,1.1880227378512425e-13,-3.718892948829818e-7,-3.0713654005585714e-13,-1.6891384790582248e-9,1.3905955618188692e-11,-0.005902344680201022,-0.00012084511078520052,0.0006064601969309347,2.7167795117209665e-5,-0.00037798393906583706,-9.643688766714187e-14,-6.370736298574094e-6,0.0005827766410074815,0.014843789964832184,1.3462948427420331e-6,-0.004660064108957775,1.0219431379652347e-13,-0.0003617275973994489,1.710837775260931e-8,-0.00010028040717288992,-2.582232191763631e-10,3.290147593475072e-12,-1.233591238618737e-6,3.7532422278839245e-6,-3.6771700005595255e-5,1.0505974049322339e-11,2.2750826870470403e-5,7.993964741179842e-14,-4.6272876680772983e-11,-4.223470656941133e-11,-1.692543686598501e-8,9.860318780598054e-7,-2.9011227387020873e-11,1.4502513540979232e-11,1.0045373581515175e-6,0.000499667639225836,1.6324516961265464e-5,-0.0004996012111840113,1.625941426830668e-11,-0.00020509333332003856,1.459286084331722e-13,-1.985869135703624e-11,-6.083446105953653e-7,2.290101554907554e-5,1.721824715831523e-11,1.305040946486803e-6,0.013308922148297809,0.0003598655409438198,0.0006077401818423491,4.037110744953845e-7,-7.834633045961658e-5,-7.528187904403431e-8,0.0008083478908455735,-0.00017281600872056437,8.612281752372079e-6
0.0,0.0,0.0,0.0,0.0,0.0,0.0,0.0,0.0,0.0,0.0,0.0,0.0,0.0,0.0,0.0,0.0,0.0,0.0,0.0,0.0,0.0,0.0,0.0,0.0,0.0,0.0,0.0,0.0,0.0,0.0,0.0,0.0,0.0,0.0,0.0,0.0,0.0,0.0,0.0,0.0,0.0,0.0,0.0,0.0,0.015412732609744073,-2.899473763023078e-7,-1.5570202554476297e-12,-1.622448674383096e-9,-4.4017024394868936e-11,-1.6067465072958725e-6,2.0077324894331968e-8,-8.666087527108514e-6,-0.001372755621560282,5.703849504352536e-10,-2.017498098535987e-7,0.002450673850010532,3.361639235965876e-12,-0.00021502184232099773,6.234323306874851e-13,9.395532019307907e-5,6.004572926428023e-7,6.250272479494582e-7,9.160244119653666e-6,-0.004881314613678024,-4.020092477111322e-12,1.7480879818839877e-6,-1.7932427347561886e-8,4.2478013442223775e-7,1.1490142455650016e-8,0.0013905773122565293,7.720398269344244e-6,1.2892115857640362e-5,-1.007417470540246e-9,0.00022777136081879106,1.2316166862270257e-6,3.612940918466036e-11,0.010971142000764501,3.04852631230076e-5,0.00018022295538538166,-1.1384553529897492e-7,-2.457091741631612e-9,3.313041989890961e-12,-2.2626536696263323e-11,0.002904373161073736,2.922519628022066e-8,-9.104403959975247e-7,2.7623275553247695e-10,4.664069596057061e-5,-2.9025123616865647e-6,-0.0024724242828589233,-0.00013046355016535163,4.160624730259249e-7,-0.0013012124017508313,-6.587962633823509e-13,-3.808133905748365e-11,-0.005886823077520728,-2.2736933172485862e-7,-1.3784570795768255e-5,0.009851682401985258,5.469900789487205e-12,1.597916841413048e-8,-1.2491702954701113e-9,-7.386669889182405e-6,-1.2866350285286444e-5,-0.000680721859434135,5.276072177418111e-10,-2.2556005307405548e-7,6.982016902537416e-13,-1.2582813266249424e-8,-5.900971364421115e-11,-1.280360088874688e-12,-3.7289413594351616e-7,2.640907043174744e-8,-6.354340835945915e-5,8.223067825248943e-10,-1.3532753402387813e-6,3.315841313546925e-7,-0.00012976223209985548,8.855916315697006e-5,1.7924709153142014e-12,-5.120565768044398e-6,0.0005953478932836572,1.298090906377641e-6,-1.3177173842861744e-7,-1.914504333064086e-6,-4.0249649712683616e-12,-0.00024761654025937146,0.00013164811911940664,8.827467163316921e-10,-1.6858403112160724e-6,3.361823690539075e-13,2.2014358275341636e-7,4.966688612601662e-13,-2.804792296383317e-9,6.0505857163899236e-6,-2.5124625230455264e-7,0.004590967057680393,8.445198193092005e-6,1.6905307892669167e-8,-4.607551333647873e-11,-4.8708801029475506e-5,-4.9843373349334e-10,2.7305477115914465e-5,3.725502136067183e-12,-1.186284569095744e-5,-9.82675833331201e-12,-5.388204419594801e-8,4.4366257310430484e-10,7.498217007135951e-5,-0.0036281377723445013,-8.156859141266547e-6,-3.654439054453541e-7,-0.0013752164322458152,-3.097572354637954e-12,-0.00020321857111311371,0.014395998752507466,0.00010399171602010737,-1.810952370287758e-8,5.117132369509989e-5,3.270642161571761e-12,4.863748104307483e-6,5.457387045267477e-7,1.348895892001927e-6,-8.237031159560923e-9,1.0487394954638562e-10,1.6593498892366477e-8,-5.048629987026263e-8,4.94629938282939e-7,3.3516941627192556e-10,-3.060298471857373e-7,2.5139486791669727e-12,-1.4762304519455961e-9,-1.347478878929071e-9,-5.399012022736864e-7,-1.3263495823596151e-8,-9.258951589586407e-10,4.6266949219134467e-10,3.20435932069986e-5,0.007370380534417747,-2.195869383043276e-7,6.71675702955961e-6,5.189353801855383e-10,-0.000627235088036667,4.662058386971298e-12,-6.333838833627416e-10,8.183044605326696e-9,-3.0804990604660734e-7,5.494854587813298e-10,-1.7554656357205887e-8,0.00014998069332820667,-4.840522210833645e-6,-8.143703130033873e-6,1.2877922044325721e-5,-0.0024656092632544813,-2.401405988828497e-6,0.0013135015254724838,2.323887176801171e-6,0.00027454728979472217
0.0,0.0,0.0,0.0,0.0,0.0,0.0,0.0,0.0,0.0,0.0,0.0,0.0,0.0,0.0,0.0,0.0,0.0,0.0,0.0,0.0,0.0,0.0,0.0,0.0,0.0,0.0,0.0,0.0,0.0,0.0,0.0,0.0,0.0,0.0,0.0,0.0,0.0,0.0,0.0,0.0,0.0,0.0,0.0,0.0,0.0,0.014980626138694187,-6.62891206768378e-17,-1.0445594041326139e-14,-6.325157957135798e-16,-9.447680441952506e-12,1.178776699591477e-13,0.0005218906789535887,3.104283833055964e-6,2.9184989522556572e-15,-1.1816442372426802e-12,1.4335921224976568e-8,9.353669875537715e-17,-1.2639981618477613e-9,7.771499404458608e-17,-3.324828781948995e-5,-0.006876894270742926,3.669748218949152e-12,5.3849612467579366e-11,-2.7340134630637223e-8,-7.116403656409943e-17,-0.0006704398741040087,0.0013298011142204341,2.4952871559801373e-12,6.757557064741109e-14,-4.891459106074615e-7,-8.24959405155603e-5,7.57980048804377e-11,-5.772808201236659e-15,1.3388141448008137e-9,7.239005358946389e-12,1.2731826830134554e-15,3.514860401656213e-8,1.792075741822203e-10,-2.6525649367150615e-6,0.007377904427528102,-1.3868341855869334e-14,-1.671523728630113e-16,-4.624296854156416e-16,1.689745705955711e-8,1.7118543826792983e-13,-5.3498970656553535e-12,2.623560834985886e-15,-3.1244742309679566e-5,-1.7061178782781097e-11,1.6453389179616903e-7,-7.669071766382515e-10,-0.0023425844733956105,1.745693031358362e-6,6.197803542902171e-17,-8.142247465959493e-16,-3.111664848864367e-8,0.007933197547075289,-8.102340054519423e-11,-6.779533857166745e-8,-3.5882227231205745e-16,9.594578464041832e-14,-9.005874142550079e-15,0.0005925467603373381,2.9933941970829744e-5,2.655872446168853e-6,2.6827168467946894e-15,-1.3234579131205229e-12,1.0202357823998975e-16,-7.550599900027842e-14,-3.8973195195398516e-16,-1.4016975655339678e-16,0.0008297807787143308,-0.0019181059895905577,3.243566372076209e-6,5.359555023859062e-15,-7.953172504868514e-12,-0.005700432632213603,-7.627682741873283e-10,-2.2167992001965337e-5,1.792360280192764e-16,0.00016287862150833688,3.4931373305903535e-9,-0.0007151934783262893,-7.696847454650881e-13,0.00028897735310097705,-1.8450715082938872e-16,-1.454698289942942e-9,7.738415146991545e-10,5.6445118647542465e-15,-9.910649492667628e-12,2.803688563264536e-17,1.2999307907425687e-12,1.5746696852386146e-16,-1.6460749852934584e-14,-4.283556766948953e-5,0.014108309029558492,-6.322518753391383e-8,4.964446064978295e-11,1.0007416054868736e-13,-2.0010901263605505e-16,3.948524182048231e-6,-4.709671278446327e-15,1.6052133484006957e-10,1.1104849335096743e-16,-6.975132652736561e-11,-3.7067768548775025e-16,-3.1186925727198355e-13,2.358037023602886e-15,-3.69692973162075e-5,-1.82732567974717e-8,0.0003663132743799016,0.0005583042059106309,1.3571147606382065e-7,-6.593972550654087e-17,-1.1946095787752006e-9,2.8116229193603646e-8,-2.1705894920905927e-6,0.0013419777084546576,-8.726187571445263e-6,-1.8506506153493596e-16,-7.48982413710789e-5,3.2108725446507113e-12,-0.000366087132093124,-4.957874737562842e-14,8.564927144499423e-16,-0.0012175019160361037,0.0034249377174036333,-0.0068956489454821916,1.1552906587239254e-15,0.014473176909929398,1.7246694303543313e-16,-8.484177359009463e-15,-7.344414342331402e-15,-3.181399339407689e-12,0.000984078247609093,-6.516072660545329e-15,2.7939235469085776e-15,1.8837490744574883e-10,-7.212066418480712e-8,0.000277237220119545,-8.610951795787022e-5,2.3392631925970763e-15,7.591377349696192e-8,1.697549936444241e-16,-2.9073220071285397e-15,-0.0006025059559455942,0.0004295468593563611,3.808972315046186e-15,0.0013018974255406856,-2.6016731359268117e-6,0.0005269162987599558,2.6588958692116365e-5,7.570118737306834e-11,-1.4041770326535673e-8,-1.4117140795405956e-11,-3.2090676477325145e-7,-4.338576786704506e-5,1.6115273436945888e-9
0.0,0.0,0.0,0.0,0.0,0.0,0.0,0.0,0.0,0.0,0.0,0.0,0.0,0.0,0.0,0.0,0.0,0.0,0.0,0.0,0.0,0.0,0.0,0.0,0.0,0.0,0.0,0.0,0.0,0.0,0.0,0.0,0.0,0.0,0.0,0.0,0.0,0.0,0.0,0.0,0.0,0.0,0.0,0.0,0.0,0.0,0.0,0.014594057524706078,1.9134447271844748e-5,0.0006512390093131825,1.7301689391603798e-8,-1.3937955431243785e-6,4.0793720641682277e-16,-4.6452931918210115e-14,-5.11464813761545e-5,1.0584692528922188e-7,-8.169136198426008e-12,-0.008958464480891168,8.806079802613633e-11,-0.00792093406785665,2.2274623857966683e-15,9.434749269910116e-17,-3.642422436715172e-8,-1.022280350318692e-9,2.4484052128916956e-12,0.001722728520093958,-4.726654713223185e-16,-9.848851111813554e-18,-4.728036971537261e-8,-1.4382060539741217e-6,4.316571657968331e-14,1.8270127449160106e-18,-6.982614144132947e-10,2.0143283756761482e-5,-1.2817855491747995e-11,-2.7941502975093356e-9,-7.76648397886643e-5,-4.120781040964191e-13,-8.948881912422387e-11,6.3344068458663224e-15,8.02653176833041e-17,1.3775994203087117e-6,-0.005119195589609084,0.0005789667448446868,-5.308334500387956e-12,-8.263078058167042e-8,1.814903566416123e-8,-4.258383985268151e-5,1.475694154091327e-15,1.3080135966567819e-9,-7.803402267890449e-14,9.270366394893587e-11,5.338934270465644e-17,-4.190097264710491e-14,0.007525975378821518,0.00031352431022156553,1.4823218920766713e-12,-1.0080823393472887e-16,1.8476807759723254e-10,1.7757609851597395e-13,-0.0004974187461298713,-6.630383621689502e-7,9.137132554067297e-6,-2.290194918231598e-16,-5.492304156549864e-16,-2.235116739152804e-14,-2.9316796442983255e-5,8.690069487183806e-8,-0.008781669017297815,1.490627301292375e-7,3.1617670716674324e-5,0.009615110458839088,-1.7815698998331075e-16,6.162609139173518e-17,-1.4666605038008215e-15,-2.332600722860921e-6,1.0459090248562406e-8,-8.29435370413088e-17,2.8694430323950625e-11,1.9161036526524788e-15,-0.006862093950781459,4.4037053706408463e-16,-3.846603638819237e-12,-3.3123388016078376e-16,9.585033979036614e-8,-3.904771934343196e-17,0.0013081361650634554,3.321746271642182e-12,-1.4475115367861333e-11,-1.3714611907411735e-6,1.1416692115665575e-9,-0.0042737180156521256,-3.178071627495136e-8,-0.006131696137910335,1.2000984174351143e-6,-1.3496212069438534e-16,-4.68992476774134e-17,1.0827862347000504e-13,-3.2988671647638394e-10,-1.5809252926508894e-6,0.0005111115121537176,-1.8973549427143073e-15,1.3013421939570149e-5,-5.4706390346798174e-11,-0.006841407440508938,1.0956854240454526e-10,0.0003386261468832628,5.511064055285196e-8,-5.192001849803087e-5,1.9113693374546494e-15,6.309380062575314e-13,-1.1466237983216907e-16,7.208326930819727e-17,-4.544277171837737e-14,0.0016867158174563635,6.266297324938172e-11,-2.2819789412000573e-13,3.618047305315061e-15,-6.919955217326306e-17,9.207916743788036e-16,-0.00041163447809976895,2.8163790631947435e-16,-1.8590722514740753e-9,-5.006928748166992e-16,1.3600671401342346e-7,-2.223346161170636e-5,-1.9156973156339252e-17,1.2711900426767749e-16,-9.791432625619337e-17,-1.4846732460116436e-5,1.2639594869914604e-16,-0.0032199063218760968,1.265271340692663e-5,1.0338302651245756e-6,2.8190568799147542e-9,-1.2117889729563497e-17,5.73563116329445e-6,-1.588321643232604e-6,-7.864625768257689e-11,1.5498355238544264e-13,-3.373325116754362e-16,3.010393350481831e-16,-5.27382798280028e-5,-2.126867780870571e-14,-0.0004950750631213885,5.812688568668026e-7,1.832588625388909e-17,-5.595572551321675e-17,-5.212543797770513e-5,-4.7177457171915466e-17,4.3385745715997284e-15,3.7145330236299044e-16,2.971626418903923e-17,-1.029871575667149e-9,1.7411353513641868e-12,7.421097333854876e-10,4.005752412682489e-14,6.240415479698239e-16,-2.0758593511895245e-12
0.0,0.0,0.0,0.0,0.0,0.0,0.0,0.0,0.0,0.0,0.0,0.0,0.0,0.0,0.0,0.0,0.0,0.0,0.0,0.0,0.0,0.0,0.0,0.0,0.0,0.0,0.0,0.0,0.0,0.0,0.0,0.0,0.0,0.0,0.0,0.0,0.0,0.0,0.0,0.0,0.0,0.0,0.0,0.0,0.0,0.0,0.0,0.0,0.014238729507857095,0.000554280241149562,1.8506694591002992e-5,-0.0014904937585221766,-2.9848677958226104e-13,-4.7477185329015836e-11,-0.0070141892654814715,0.00011321871551209873,-8.73879622751647e-9,-3.040183087844413e-5,9.418141026827616e-8,2.733262385895243e-6,3.2577699942978205e-12,1.7543712759120648e-14,-3.896093990869122e-5,-1.0934792967580122e-6,2.621299689808265e-9,4.8447045247558845e-5,6.164665733413228e-14,-1.218313386050045e-16,-5.057326675897105e-5,-0.0015375690466781853,4.782318633065405e-11,2.641303420956498e-13,-7.468987911999401e-7,0.010681818980261677,-1.3709756555976447e-8,-2.9887561531297194e-6,-0.0004555215052453053,-4.425888868842604e-10,-9.57249061168236e-8,6.236789885867391e-12,1.3401447246550497e-15,0.0014680526986038226,-3.4975112852375e-5,0.0002846053852898838,-5.684139542338078e-9,-8.838548583732922e-5,1.9413043945790693e-5,-0.0034428496219262306,1.6106102963581595e-12,1.3991106558963543e-6,-8.082583398268651e-11,9.914668643380219e-8,1.2061302521895447e-14,-4.4979155562258825e-11,-1.7995498606037637e-6,0.0004798518299066265,1.5886202270653107e-9,-9.137350395375339e-16,1.97645081999318e-7,1.891621588730919e-10,-6.834916542589734e-5,-0.000709128114323465,0.008172936701485589,-2.4658662933652913e-13,-4.4492804858547646e-13,-2.354853577628411e-11,-0.006353514700928102,9.295301372298568e-5,2.9443380922847314e-6,0.00015944117568975752,0.0007427712064533397,3.236942722286646e-6,-1.3035953230735482e-14,-5.4824102372252025e-16,-2.1988119991431216e-12,-0.002390528515794778,1.1187510492952304e-5,6.21339826885523e-15,3.0684086168198416e-8,3.0652764793019136e-12,-1.340470616663263e-5,-1.7348782617352643e-13,-4.117712111913055e-9,4.641774000850672e-14,0.00010252594431538962,-6.189032001134229e-14,4.904907757138489e-5,3.5594867663291775e-9,-1.5481461020094523e-8,-0.001442657918699027,1.2211592101757446e-6,1.4973804607832216e-6,-3.3994082376288706e-5,1.9613277497345346e-6,0.0012804417175110601,2.1149920381828782e-13,2.192964094890081e-15,1.1558577686275756e-10,-3.5285791108827824e-7,-0.00169041153310283,0.0005804151015634643,-1.6788358459769622e-12,0.005577739024646954,-5.852057824501009e-8,-3.777555527617507e-5,1.1719721756151965e-7,0.00012338664725133192,5.894888109166446e-5,-0.0054976969066442795,2.591596234805656e-12,6.77078151622667e-10,-2.8240504288640044e-13,-9.137350395375338e-15,-4.604055018418562e-11,3.6794679247138706e-5,6.701677221528777e-8,-2.4710319421221435e-10,3.597435766328573e-12,-1.8274700790750677e-16,1.7694783618990855e-12,-4.067749670199612e-5,1.676399219204862e-13,-1.988550118298309e-6,4.775788473316177e-14,0.00014547426641747368,-0.0013132206151768575,-6.091566930250226e-16,9.74650708840036e-16,1.3279615907945492e-14,-0.003977165667253459,8.528193702350316e-16,-2.738486834939499e-5,0.010777528883057726,0.0010994013337236874,3.015388990567142e-6,5.177831890712691e-16,0.005343002566282343,-0.0016052506369684098,-8.412835603893143e-8,1.6479978975492635e-10,-4.507759528385167e-15,2.2831192854577847e-13,-0.006406245328306185,-2.1177210601676304e-11,-5.8239891565903816e-5,0.0006170958989103122,-6.700723623275249e-16,-1.3157784569340488e-14,-0.006769230041279238,2.43662677210009e-16,5.1880657231555125e-12,-1.6544695782559613e-13,-2.8264870556361046e-13,-1.1016027842972295e-6,1.8607797417003849e-9,7.937951470841327e-7,4.5002547179270986e-11,7.870304473883291e-14,-2.227938460926097e-9
0.0,0.0,0.0,0.0,0.0,0.0,0.0,0.0,0.0,0.0,0.0,0.0,0.0,0.0,0.0,0.0,0.0,0.0,0.0,0.0,0.0,0.0,0.0,0.0,0.0,0.0,0.0,0.0,0.0,0.0,0.0,0.0,0.0,0.0,0.0,0.0,0.0,0.0,0.0,0.0,0.0,0.0,0.0,0.0,0.0,0.0,0.0,0.0,0.0,0.013616862961422317,-2.2923426654201542e-7,1.845150089764825e-5,3.5508537961614977e-15,5.885594269707559e-13,-0.0012633968423837946,-1.4023895826917615e-6,1.0823438180558669e-10,-0.001080459963069797,-1.1666091385753868e-9,9.715706872286317e-5,-3.871863422199163e-14,-2.0454339907566246e-16,4.825920093852616e-7,1.3544430302907763e-8,-3.247047065558835e-11,0.0017177267298408134,-1.5538893270312445e-15,1.0050562413688345e-16,6.264288042638144e-7,1.9022473514638803e-5,-5.998408507898647e-13,-2.5982436152446884e-15,9.251475555437174e-9,0.0001753329596803857,1.698179072404213e-10,3.702036819614789e-8,-0.0022813861785559364,5.477021525741545e-12,1.185715753287459e-9,-8.086847350090406e-14,7.28440711807006e-17,-1.8028635840231924e-5,-0.0012426910807886674,0.008559224977252705,7.040381060349013e-11,1.0947863736398966e-6,-2.404607632382507e-7,-0.001149155480866685,-2.0462668513076822e-14,-1.733024089285119e-8,9.95407205032774e-13,-1.2281172194919003e-9,1.0696311589215336e-15,5.500640922583905e-13,-6.396706572590331e-5,0.008074252158351489,-1.968373777620341e-11,-7.590262512059386e-16,-2.4481659355783676e-9,-2.3411735018100548e-12,-0.002370184125231063,8.781161863517248e-6,-5.591125452508792e-5,9.923526157851765e-16,6.772810812850614e-15,2.889638759096941e-13,-0.0006293028432688572,-1.1513676360928588e-6,0.00010466000101873671,-1.9748367361010108e-6,0.0009249764211372858,0.00011505907064099233,1.165995433691293e-16,-2.3247408702613255e-16,3.064698531582529e-14,2.6650475414447458e-5,-1.3857479675887652e-7,-4.758607024346477e-16,-3.800857142729928e-10,-3.597891267391716e-14,-0.00047643903709446823,-1.7283750142085493e-15,5.0998693883995616e-11,-4.2223067493441134e-17,-1.269942657079832e-6,-1.6210731892560799e-15,0.0017369439999714003,-4.410551450773413e-11,1.917584800091715e-10,1.7180892201196036e-5,-1.5125998936576246e-8,5.322617478410159e-5,4.2106973363071236e-7,6.97177170423084e-5,-1.576855500015623e-5,-4.022937200394208e-15,-5.741673398409075e-17,-1.4247960244928091e-12,4.3706517857836684e-9,2.0920861864409335e-5,0.0120700209609156,1.5850895031233392e-14,0.00016712749867782726,7.248460600309925e-10,-0.0013423184430787361,-1.4516622567114602e-9,0.00394574804970678,-7.301728307140295e-7,-0.0013483988206043655,-3.223977420845371e-14,-8.391340252527174e-12,4.934563595924032e-15,-1.0245946346746553e-17,5.777263962702918e-13,0.0013055661521772623,-8.301018815275585e-10,3.0608758497754336e-12,-5.012436551472073e-14,1.0298522255587578e-16,-2.0559699369882222e-14,-0.0014247089651054658,-2.3650215751182665e-15,2.4631263344118777e-8,-2.0077027786892486e-15,-1.8017894377275951e-6,-0.0006195452782707591,8.87157964010678e-18,-2.944640475009407e-16,-1.400470301030416e-15,-0.0002877894168644943,2.519249040308039e-16,-0.0009728852096123721,-5.544327599003316e-5,-1.3435692578055054e-5,-3.735030576230113e-8,-1.1662301386033357e-16,-4.375162072429996e-5,1.7230460669033118e-5,1.0420634816198895e-9,-2.030802552771288e-12,-2.623930443894291e-16,-1.5224254540727973e-15,-0.001336282137516664,2.57154848745615e-13,-0.0020303612328771434,-7.511850838159384e-6,7.504879625836497e-17,-1.0568471964793046e-15,-0.0013029859599006197,6.970362907311304e-17,-6.751947529122182e-14,1.974626164177242e-15,4.968414219542738e-15,1.3645089746649585e-8,-2.3058537788134244e-11,-9.832466261427798e-9,-5.600294592079455e-13,-2.547904727970635e-15,2.758463574690128e-11
0.0,0.0,0.0,0.0,0.0,0.0,0.0,0.0,0.0,0.0,0.0,0.0,0.0,0.0,0.0,0.0,0.0,0.0,0.0,0.0,0.0,0.0,0.0,0.0,0.0,0.0,0.0,0.0,0.0,0.0,0.0,0.0,0.0,0.0,0.0,0.0,0.0,0.0,0.0,0.0,0.0,0.0,0.0,0.0,0.0,0.0,0.0,0.0,0.0,0.0,0.013518915884132433,-0.00023916346339928802,-3.1245142303017797e-10,-4.9523704303076626e-8,2.7278778996445164e-6,0.002418540230339449,-9.114901032303256e-6,-5.655955590510353e-9,9.823411012379094e-5,5.088084643739278e-10,3.3915307663873123e-9,1.6881523469226928e-11,-0.007243983402927103,-0.0011399343168704858,2.7340921355694863e-6,8.944396260388065e-9,6.263564082408543e-11,2.838401125861917e-13,-0.005025915805809955,-0.00013593444642760348,4.989066524874957e-8,2.7861241070291944e-10,-0.0007788805139254998,-2.516731752148912e-6,-1.4299720422511245e-5,-0.003009458818901657,1.5097758523755989e-7,-4.616199094580738e-7,-9.984376464967512e-5,6.5052826972620406e-9,1.042455538200814e-12,2.7508840153910165e-5,-6.501638898844314e-9,2.6574897216295013e-8,-5.928719311890565e-6,-0.00035091747596583653,0.009434306095099588,1.3747845406741524e-6,1.6835823613327779e-9,0.0014544826795250367,-8.430740305210704e-8,0.00010341309090641462,1.3384089080768065e-11,-4.6918096045298304e-8,-3.350014927574232e-10,-6.296979326303297e-8,1.6569826816532362e-6,-2.6649119442448425e-12,0.00020614402990204163,1.9734652375277808e-7,-1.1716976100819057e-8,-0.0001909983253193705,3.818261979548068e-6,-2.6622202561348585e-10,-4.644128666467644e-10,-2.4565260657683767e-8,2.3483865840428017e-6,0.0027012419403255887,5.480968367205977e-10,0.00015094516118288059,-2.923897934852021e-7,6.025163670033868e-10,-1.2882106776441857e-11,-3.844406967047181e-13,-2.293731701531278e-9,-6.606288753813872e-6,0.009386811163808358,7.98549211961229e-12,3.2004442545212946e-5,3.1967008286061722e-9,-2.4946006569958046e-9,-1.8470206192713904e-10,-4.2949031952055325e-6,4.6342325014589285e-11,0.0015808139859141337,-6.89078360541549e-11,9.019458606347225e-9,3.7126683729868295e-6,-1.6147650625353723e-5,-8.630335748613296e-6,0.0012662385597322853,2.7873710568003965e-10,-0.0026165736996394662,3.65133794781831e-10,3.194308821368473e-5,2.1837271564037287e-10,7.853046180840801e-13,1.2055936437758454e-7,-0.00036799474973276514,-0.00020078162826218718,-3.711141247687786e-8,-1.7582491113198636e-9,-1.6446174137981088e-6,-6.103868325429855e-5,-7.024376240127597e-9,0.0001222383013956955,1.550587207744951e-8,0.0006467149646097481,2.1729118404385955e-6,2.7066448844376804e-9,7.062152572345169e-7,-2.941666092737487e-10,-1.279896189687182e-11,-4.801013413083989e-8,6.809758597865017e-9,6.990056498279779e-5,-2.5772408073187933e-7,3.753728547708572e-9,2.8486674192857865e-13,1.8471725000586261e-9,-7.2125488126273735e-9,1.7550832469369438e-10,-0.0019461506778211326,4.843237061933114e-11,9.875714601508868e-5,5.270677311513004e-7,-2.50476367973458e-13,5.702449137378744e-13,1.3040194491242565e-11,1.4132185440679162e-6,-9.336446682932411e-13,-5.088646002778869e-9,2.9805638620893415e-6,1.4682579208605038e-5,0.002792444448387222,2.1403411142872626e-13,3.8083217144824037e-6,-3.3608953042016457e-6,-8.774824632895405e-5,1.7190585870701667e-7,-7.732964173213787e-12,2.423815484089359e-10,2.51258004355713e-6,-2.2078468756141304e-8,-1.0166110119054314e-8,6.764398810537109e-6,-1.2729077426692686e-13,-1.0805404253729807e-11,2.6431652212434787e-6,2.787068821717971e-13,5.413674634385202e-9,-1.7434445116227095e-10,-2.9393704967144785e-10,-0.001148611308419673,1.940893965384099e-6,0.000826356888645889,4.694265512035134e-8,8.385648229199692e-11,-2.3238208181877377e-6
0.0,0.0,0.0,0.0,0.0,0.0,0.0,0.0,0.0,0.0,0.0,0.0,0.0,0.0,0.0,0.0,0.0,0.0,0.0,0.0,0.0,0.0,0.0,0.0,0.0,0.0,0.0,0.0,0.0,0.0,0.0,0.0,0.0,0.0,0.0,0.0,0.0,0.0,0.0,0.0,0.0,0.0,0.0,0.0,0.0,0.0,0.0,0.0,0.0,0.0,0.0,0.013377500625238311,-1.6756128781476474e-12,-2.653007814658424e-10,-0.00022184389306914945,-0.0014348979611054878,-4.882951573358492e-8,4.5996671134030416e-7,5.262506611607079e-7,-4.137907701356016e-8,1.8169018228874506e-11,9.005956599810832e-14,0.0003793013770724685,-6.099258075387127e-6,1.4646825457907891e-8,-7.274019342414037e-7,3.3980692630275644e-13,2.0782732051188726e-15,0.0005705910774298949,0.009377777046368376,2.6728554467136623e-10,1.494216329563145e-12,-4.17056809590471e-6,0.000204667838824427,-7.660519665345067e-8,-1.4770916280417745e-5,-1.2278238753978143e-5,-2.4729784673698195e-9,-5.348701687294894e-7,3.485554613311091e-11,5.948479340693284e-15,-0.0021944354921050167,5.287447450397747e-7,-2.161202646507876e-6,-3.1760731999949015e-8,0.0011445110353590332,-8.486080753224197e-5,-0.0001118040997918083,9.014051242374706e-12,7.731307346657157e-6,-4.5166369625083444e-10,5.539945577863534e-7,7.049040659872575e-14,-2.513434186663829e-10,2.7243327164234947e-8,5.121014320036598e-6,8.87659030213533e-9,-1.8956371363890434e-14,1.1042622386866616e-6,1.0571905241752268e-9,9.528815270618883e-7,0.007748927716685848,-0.00031044907648735553,-1.428946798275004e-12,-2.4848520043163163e-12,-1.315980674613027e-10,-0.000190981468768243,-0.0011653926419528,-4.457456179640295e-8,-0.0020240996874664615,2.3778569823990278e-5,-4.900169350854985e-8,-6.525706947794501e-14,-1.746820309660486e-15,-1.2289346544614753e-11,0.0005364829532637063,2.171223479681862e-5,3.504981619332592e-14,1.7145127091716324e-7,1.7145845397462196e-11,2.0286965539744282e-7,-9.810686264721612e-13,-2.3008199849772676e-8,2.501454894423331e-13,-0.0013100537749025161,-3.700098247153449e-13,-7.33506525621764e-7,1.9889130353618354e-8,-8.650476993512489e-8,0.0006990926297871175,6.689867532762876e-6,-2.2668994715350993e-8,0.00039714798034800935,-2.969273063480743e-8,-0.002524138065441723,1.1681682794051478e-12,2.7430715700579343e-15,6.458350744567897e-10,-1.9707996844741707e-6,0.012726731786131915,3.0180818615670315e-6,-9.40317297294775e-12,0.00013374637392003807,-3.2698958188753473e-7,5.712542787651594e-7,6.548191096091047e-7,-1.2610144485003593e-6,-0.0007577263128916066,-0.0001767115704808066,1.449189229372361e-11,3.783250068011764e-9,-1.575153883438819e-12,-6.437345051443699e-14,-2.5719819867355204e-10,-5.538042503911085e-7,3.744649129289893e-7,-1.3806668560430825e-9,2.0121864392824458e-11,6.634150254012285e-16,9.90237547270467e-12,5.865583749067331e-7,9.405444469515213e-13,-8.823462952524029e-6,2.57060200280451e-13,-0.0018150334777066405,-4.286369963323239e-5,-2.0820897971758972e-15,3.560775158299633e-15,6.70748892118441e-14,-0.00011492916025958406,-4.92633922476943e-15,4.138332637496281e-7,-0.00024235538104104394,-0.001180068959192076,1.0543328901465664e-5,1.0315176034141349e-15,-0.00030961147757207444,0.0002730501052096965,-4.70074393167462e-7,9.208829253856577e-10,-4.5905019802200194e-14,1.2968674753486056e-12,-0.00020433494169670624,-1.1826028420241593e-10,8.267566576396578e-7,-0.0005452663678241048,-2.350470895129109e-15,-6.237578139524836e-14,-0.00021495469246915418,1.5085673692265586e-15,2.9005638495313458e-11,-9.289896020226467e-13,-1.5685452576864788e-12,-6.148295596971229e-6,1.039757114431588e-8,4.406900701888154e-6,2.5143614497089105e-10,4.491931855676226e-13,-1.2449004263475838e-8
0.0,0.0,0.0,0.0,0.0,0.0,0.0,0.0,0.0,0.0,0.0,0.0,0.0,0.0,0.0,0.0,0.0,0.0,0.0,0.0,0.0,0.0,0.0,0.0,0.0,0.0,0.0,0.0,0.0,0.0,0.0,0.0,0.0,0.0,0.0,0.0,0.0,0.0,0.0,0.0,0.0,0.0,0.0,0.0,0.0,0.0,0.0,0.0,0.0,0.0,0.0,0.0,0.012712694676147591,0.00010920712335963082,-6.6863440433560444e-15,1.7539508529730867e-11,5.043314758395643e-7,-4.093680026544517e-16,-4.44636791803464e-8,5.117100033180646e-16,-0.0011693509329677562,-0.0009910627947492636,-4.8746450108085034e-11,1.866316365637695e-9,-9.618131744844622e-7,-2.729120017696345e-16,-0.003577393515285974,-1.6555621446556714e-5,-3.562920765502932e-11,2.3088355349711077e-13,-1.720791103320835e-5,-0.0028151230577780073,2.6469276559473874e-9,4.093680026544517e-15,4.709924933042814e-8,1.8072669416388027e-10,-2.183296014157076e-15,1.2365107455999467e-6,6.3018394157108135e-9,-9.331566747726245e-5,-6.140702311847858e-5,-8.132777652735107e-14,-4.4348200287565605e-16,-2.729120017696345e-16,5.944439622094778e-7,-2.435466703792218e-12,4.359605481068849e-11,4.366592028314152e-15,-0.0010985300964298772,-5.644693515001704e-10,5.78821728174355e-6,-2.6977102479182754e-8,-0.0007858944557851092,6.14125979639875e-5,-8.528500055301077e-17,2.5926640168115274e-15,-1.0946689551746705e-6,0.00015657405117408535,-2.8455551941313417e-9,-2.385003466895913e-6,6.140520039816776e-16,-3.8043933046687045e-13,-1.2008128077863916e-14,0.012213728316864784,0.001049799464074352,9.343222139006788e-5,-5.321784034507873e-15,1.9592898431045597e-11,6.140520039816776e-16,8.356565494186208e-13,2.4562080159267105e-15,1.0234200066361293e-16,0.0007553811043133217,2.2727262886414007e-5,0.00011410523213043889,2.5380816164576005e-14,-4.913726009461915e-11,-0.0004692261475829077,-2.6833624998316406e-8,-0.0007797310443931086,-3.752540024332474e-16,0.0049577167786212,1.2288763707613234e-7,-0.002678712165395748,1.1442654410197234e-11,0.0036638883387775604,1.432788009290581e-15,-5.11756638520927e-8,2.7223587865997032e-8,3.411400022120431e-14,-3.175036395627786e-10,2.729120017696345e-16,-1.873267980146771e-11,3.411400022120431e-16,-1.0643568069015745e-13,-0.0014827586484948804,-4.627415329649816e-5,-2.224230019803623e-6,1.7374189355538895e-9,1.8558016120335145e-13,-4.775960030968603e-16,0.000138902639566713,4.639504030083786e-15,5.645304837885668e-9,-4.775960030968603e-16,-2.450269450768203e-9,-1.432788009290581e-15,4.6438706221121005e-12,-4.5030480291989686e-15,-0.0013000386412603895,-6.428448227580739e-7,0.010118387495734734,0.0007495816007884944,4.774258073126912e-6,5.799380037604733e-16,-4.202336555940275e-8,9.89114016096624e-7,-7.635993013790457e-5,-1.6679732812315597e-5,-0.00030695400467829206,1.97861201282985e-15,-0.0025026457988756128,6.505348803782424e-11,-0.0027200779895460024,4.846917151428708e-13,0.0,1.478531613446446e-5,-3.3517137708468555e-5,-0.0007659164749040285,-4.366592028314152e-15,5.494110303380597e-5,-4.775960030968603e-16,-1.0916480070785379e-14,-5.1580368334460915e-14,-4.301311477490855e-11,-1.2265906100452667e-5,-1.4191424092020994e-14,1.4191424092020994e-14,6.62445196794672e-9,-2.5371699069748247e-6,0.0004522649247210474,-0.0029113086923537273,-4.5030480291989686e-15,2.670608278373451e-6,9.551920061937206e-16,-2.6745376173424178e-14,7.377403587577732e-6,0.0006332116944943655,-1.0780024069900562e-14,-1.621137169723305e-5,-9.152526207834189e-5,0.008730555382829143,0.000930632406468322,2.6348714953572123e-9,-4.939832116562393e-7,-4.762816588963378e-10,-1.1289340220136865e-5,-0.0014269978369982545,5.669332447180669e-8
0.0,0.0,0.0,0.0,0.0,0.0,0.0,0.0,0.0,0.0,0.0,0.0,0.0,0.0,0.0,0.0,0.0,0.0,0.0,0.0,0.0,0.0,0.0,0.0,0.0,0.0,0.0,0.0,0.0,0.0,0.0,0.0,0.0,0.0,0.0,0.0,0.0,0.0,0.0,0.0,0.0,0.0,0.0,0.0,0.0,0.0,0.0,0.0,0.0,0.0,0.0,0.0,0.0,0.01231559593972987,-1.504280963560086e-12,2.8688320550250806e-9,8.25080965837613e-5,-7.006491216622304e-16,-7.274216589094063e-6,-9.905283324488424e-16,-0.0012128731510999125,2.7016751935713343e-6,-7.973990919142866e-9,3.053269576464607e-7,-0.00015735131952270681,5.658433317116167e-16,9.125471482696518e-6,4.514993497049542e-8,-5.825859770891632e-9,3.8222844123148354e-11,-0.002737375546057962,-7.556026318954176e-5,4.3303598556722245e-7,1.3814776708023477e-12,7.705400482070749e-6,2.956678995158208e-8,-9.012837044833693e-14,0.0002022860312367741,1.030980012444676e-6,-0.0022872635707629155,1.674667174460548e-7,-1.4132189295981617e-11,1.694202473646205e-15,-1.4646586202543182e-14,9.72503858058847e-5,-3.9796260471581234e-10,7.131497870193046e-9,-7.606601969627897e-13,-0.0005975884579237658,-9.234957771016597e-8,0.0009442457981734471,-4.413434599603689e-6,2.1408498421936144e-6,0.008400365004574414,2.677017006280461e-15,3.096529223612611e-14,-0.00017908593404983243,-4.2698333364242636e-7,-4.65532625368554e-7,-0.0003900879095090583,6.7556347578388955e-15,-6.323751318869205e-11,-2.073291322499684e-12,-1.225534541309207e-5,0.00015824077989183783,0.007465724230102418,-1.2856848169978245e-12,3.2057995858703073e-9,-2.822561615580793e-15,1.382927307712697e-10,1.504122452536445e-13,1.3994832316033818e-16,-2.0511475500942295e-6,-6.198103081455279e-8,0.0008233859537767337,3.5775129956768818e-12,-8.039353573119231e-9,1.2793906398981728e-6,-4.389956715150371e-6,-0.001145898438514819,-3.3772123750124213e-15,2.2682924869722217e-5,2.0104291568164302e-5,7.028186788919332e-6,1.870495494687702e-9,-7.629033802541682e-6,-1.1395517142145766e-15,-8.372289830341115e-6,4.453752573022009e-6,4.651320395631954e-12,-5.1943912838772374e-8,-7.771270752429334e-16,-3.064897296100345e-9,-2.608857856421371e-15,-1.5892101093988718e-11,-6.563851181120111e-5,1.261963269401331e-7,-0.00036371980520318633,2.842394453664809e-7,3.2221660682821054e-11,1.8033781142021542e-14,0.000631910491722129,9.048167053644409e-13,9.235568197239691e-7,1.835360804620596e-15,-4.0085392585321305e-7,-9.283779633330379e-15,7.613961346885011e-10,-1.1910369599426789e-12,-0.0009647902606877463,-0.00010516806093236371,1.641215635655341e-5,-2.028317064898951e-6,0.000777352358582927,-3.667394087752547e-15,-6.874987505831811e-6,0.0001618103014574862,-0.0013337400146469114,4.548838727484066e-8,-0.0006632243907827658,8.715516285990656e-15,-4.113053154636302e-5,1.0637783874996355e-8,6.645356260743265e-6,7.992969475164437e-11,-2.974875108920939e-13,-4.032207878587284e-8,9.140669084136739e-8,2.088152225797593e-6,-7.650901429913584e-13,-1.498309333617576e-7,6.906170649372196e-15,-1.628196582856223e-12,-7.734217900240728e-12,-7.037370779081723e-9,3.3451194671230215e-8,-2.0631303426851563e-12,1.8321267830909165e-12,1.0837501560496452e-6,-0.000414942435314277,-1.2205693151309396e-6,-6.163591983232365e-5,-1.382037464094989e-12,0.00043420685200826334,7.59774471242903e-15,-3.5775008955987414e-12,-2.0119399490933323e-8,-1.7114179387863345e-6,-1.455226834826399e-12,4.4211124098810196e-8,-0.0019141265484553876,-1.4511073267048336e-5,9.779658763300955e-5,4.3106904908981535e-7,-8.081503145924426e-5,-7.792185929391022e-8,-0.001816463298655201,-1.759967107227398e-5,9.274965911203688e-6
0.0,0.0,0.0,0.0,0.0,0.0,0.0,0.0,0.0,0.0,0.0,0.0,0.0,0.0,0.0,0.0,0.0,0.0,0.0,0.0,0.0,0.0,0.0,0.0,0.0,0.0,0.0,0.0,0.0,0.0,0.0,0.0,0.0,0.0,0.0,0.0,0.0,0.0,0.0,0.0,0.0,0.0,0.0,0.0,0.0,0.0,0.0,0.0,0.0,0.0,0.0,0.0,0.0,0.0,0.011814257764684932,-8.406122244006034e-6,-2.862340603369137e-10,-3.564271725378027e-5,3.0851047186877127e-9,3.2064530239862382e-6,-5.6128541077865374e-14,5.172655998161511e-16,2.223554650120558e-6,-3.575659583349022e-8,8.586907464798057e-11,5.636620362237458e-5,2.5144388883677514e-15,-2.9728700821252396e-16,3.344756523664713e-6,-8.290346826239201e-5,1.2125757961151219e-12,-3.2851559426419254e-15,-2.4449746332176953e-8,-0.00232067448404295,-4.4910140443123876e-10,-8.659390898259034e-8,0.0009488401769214844,-1.4471950522478364e-11,-3.1356395754024457e-9,-8.160697729040455e-14,8.308595168834076e-16,0.00020427439293919938,-4.097230307652592e-5,0.00016746690239000098,-1.8617427104140562e-10,6.664560206284275e-6,-4.974894427512465e-7,0.007359153586484701,-3.706629410608598e-14,4.5324378219909715e-8,-2.511016400628657e-12,3.247711524164686e-9,4.151401596192605e-16,-4.1984145343766335e-13,-2.1110848394191536e-6,-0.0003967213501732464,5.201952762480933e-11,9.886619964074387e-16,6.4736881232440064e-9,6.123191029652555e-12,-7.383840666198778e-5,2.597792148688023e-5,0.0007533613012294403,2.268488999492543e-15,6.940250342835817e-15,1.7243039524003007e-13,0.007194742744781347,-6.828884288741924e-6,3.454069964184165e-6,-1.1151365381696147e-5,-0.0017992683466996015,3.7971270510825006e-6,1.9511361851412326e-17,4.9707239537078486e-18,3.3837132078704296e-14,-0.00035266195820483876,1.272868204876884e-7,-8.368246274225246e-16,1.005108068326646e-9,-5.6483953816556825e-14,-1.5720323201021944e-5,2.757348219420669e-15,-1.3487710321362045e-10,2.1686781360148545e-15,-7.671941555442134e-6,2.2121294847133374e-16,5.683923935307246e-5,1.165679286594278e-10,-5.071161430148237e-10,-0.00022078495083582158,3.921898021720861e-8,1.7566116874400916e-6,2.3279641957468753e-6,2.3008770740925967e-6,0.00016731034274514148,4.6055376117967095e-15,1.0177104981414936e-15,3.745503803454645e-12,-1.1553810888742394e-8,-4.585362144635242e-5,-0.00023383709696436983,2.1805033286770558e-14,-0.0021727995472006576,-1.916920593055639e-9,-4.426636005171623e-5,3.838850139194177e-9,9.771437983022525e-5,-4.434887791288184e-6,0.010655336064890109,-4.6933331334909075e-14,2.2180717692976292e-11,2.5302875389092487e-15,1.3406334825204928e-15,-1.4233839363034364e-12,4.291416429894824e-5,2.1952448141629077e-9,-8.054039493331396e-12,-4.1826699732340736e-14,4.735593459416975e-16,-3.410991684747113e-14,-4.545220817937884e-5,1.2755470167199287e-15,-5.172722005456714e-8,-6.933058772628115e-16,-9.569927879097749e-6,0.0030104756065213066,-4.739736878542622e-16,-4.1112149614237086e-16,-2.2966744385898523e-15,0.0034838222811432373,1.1132644663753682e-15,-3.206784362038618e-5,0.0007474170028973075,0.00016078130009171786,6.180954300334285e-8,-1.1280748282006013e-16,0.0005887746801917429,-0.00022935396429727428,-2.7558282857398958e-9,5.342398455123566e-12,3.9182089131099875e-15,-3.034970133542432e-15,0.01160152693849464,-6.260173188628991e-13,-6.406506720744057e-5,9.204114009710154e-5,3.832178939148431e-17,1.461956344906797e-15,0.011797587989282037,4.3695352467579235e-16,-7.459118832081105e-14,-7.928984585283065e-15,4.698657532019594e-15,-3.604411612406717e-8,6.095333483412418e-11,2.5835230136467434e-8,1.251017567900217e-12,2.0556626702585723e-15,-7.300774073252046e-11
0.0,0.0,0.0,0.0,0.0,0.0,0.0,0.0,0.0,0.0,0.0,0.0,0.0,0.0,0.0,0.0,0.0,0.0,0.0,0.0,0.0,0.0,0.0,0.0,0.0,0.0,0.0,0.0,0.0,0.0,0.0,0.0,0.0,0.0,0.0,0.0,0.0,0.0,0.0,0.0,0.0,0.0,0.0,0.0,0.0,0.0,0.0,0.0,0.0,0.0,0.0,0.0,0.0,0.0,0.0,0.011519550147695963,5.645147697067172e-7,-8.134227508675955e-9,-6.084166204462487e-6,7.317115390128214e-10,9.377554993227478e-11,-2.119500387494703e-13,-0.004312310440032989,7.051563888893466e-5,-1.692979990970614e-7,1.2863842565930195e-8,-7.000851058475087e-13,-1.6983178536022865e-15,-0.006322512059299176,0.0002207906430633361,-2.4083047979564556e-9,5.859508127185889e-12,4.821739672370027e-5,6.259834524955674e-6,8.856572832653078e-7,0.0001707671972185709,2.1524112090692998e-7,2.8540347670463918e-8,6.183820895767489e-6,1.6683343882365014e-10,-1.1154281928663066e-14,-8.147294308216284e-5,-9.350633083317776e-9,3.821706515109685e-8,3.6717361982867507e-7,-0.002232318956679131,0.000978590664103759,1.0252871874497717e-6,4.6225589805861736e-11,-8.938415160739906e-5,4.98639183948672e-9,-6.404925608279773e-6,-1.6902431102655546e-13,8.137533785067861e-10,-4.818006092827514e-10,-9.048698183261035e-8,-1.025813494019842e-7,2.8166521565973977e-14,-1.2766762180352819e-5,-1.212559532383204e-8,-1.6851285734065183e-8,-0.0003651295781309267,-1.1508765121115459e-5,9.493901739894575e-13,-1.2228475341549849e-11,-3.3800114462504224e-10,-2.171588928420032e-6,0.010662587864358041,7.882461648595311e-10,0.0007964726068324613,-3.888996052737242e-7,8.665650429460823e-10,1.6302644972559107e-13,4.022344904223642e-15,-6.317708610176862e-11,2.052510356645221e-5,-0.0002509489864823702,-9.088845971579269e-14,-1.982207204897442e-6,8.858622099077653e-11,-3.587644488160344e-9,-1.7587318099265165e-12,2.660017661922005e-7,-5.269069947721665e-13,0.008636077173484325,5.956837606781234e-13,1.297179662550499e-8,-2.2994355778251023e-7,1.000110342438382e-6,2.676975053281493e-5,-7.734358988895754e-5,4.00851841458055e-10,-0.004325750846324781,5.250666525401274e-10,-9.166610276328836e-5,5.0765076206890234e-12,-1.3375989007189409e-14,-7.376330274257531e-9,2.2785104831344234e-5,0.00018618040588043265,-5.334955546610922e-8,-4.87100388758873e-11,3.6118868939984785e-6,3.7804407077441826e-6,-1.0102342787649484e-8,-7.570592208045666e-6,2.2299725857553483e-8,0.003852509127638933,9.082010531495964e-7,7.462200804676851e-11,-4.371354536753286e-8,-1.263639419242627e-12,1.613530829978856e-13,2.7798944335925042e-9,9.793855109178646e-9,-4.3293177890212904e-6,1.5921981588005493e-8,9.975137806518342e-11,-9.907152852169489e-16,5.124190623385341e-11,-1.0373030201633383e-8,3.1798865559952344e-12,0.00010200575724803583,-5.119470434833145e-13,0.00046084333539076345,5.31071915913866e-7,2.889687837895624e-15,-5.463567218254672e-15,-1.6102162064308306e-13,-1.924039775648943e-6,1.1488557320706914e-14,-7.318453826407576e-9,-8.869610125156046e-6,-4.454430202367721e-5,-0.00012188034960136254,-5.6173661970573365e-15,-1.1593816631214261e-5,1.0420323294966825e-5,5.434694132062113e-6,-1.0543772121312224e-8,1.0086203717854961e-13,4.79828424057629e-12,5.251815765937334e-7,1.2592952004513977e-9,-1.4620802627284672e-8,-2.0707745415221895e-5,2.2108486444064306e-15,1.3793941211423145e-13,2.5555692927157493e-7,-1.810560759303563e-16,1.415204125558365e-10,1.1288190084855863e-12,-7.551160667222684e-12,7.108258688640175e-5,-1.2018996907735201e-7,-5.0949653787774796e-5,-2.455028344508362e-9,1.3649433688518349e-12,1.439246982571886e-7
0.0,0.0,0.0,0.0,0.0,0.0,0.0,0.0,0.0,0.0,0.0,0.0,0.0,0.0,0.0,0.0,0.0,0.0,0.0,0.0,0.0,0.0,0.0,0.0,0.0,0.0,0.0,0.0,0.0,0.0,0.0,0.0,0.0,0.0,0.0,0.0,0.0,0.0,0.0,0.0,0.0,0.0,0.0,0.0,0.0,0.0,0.0,0.0,0.0,0.0,0.0,0.0,0.0,0.0,0.0,0.0,0.011418713652953829,1.2821992548571225e-13,-0.0014435107764722646,-1.8534159845091106e-14,2.72099243762848e-6,-6.064824351859581e-9,-1.3697458851340145e-6,6.060724087197421e-5,-0.004763533989353562,-2.0174888749410648e-13,-2.0485300073850977e-8,-1.0137030848258092e-10,-8.439362671413324e-7,-3.3302178409659704e-9,-6.987245307624063e-5,1.6961994449438117e-7,8.595996902435435e-5,-9.441847934724183e-11,0.0015226714857732178,5.860904043520085e-6,-3.2085365240026573e-12,0.0008265033854603678,0.000204655774059621,4.841291145547877e-6,-3.759043608817901e-10,1.2288597658550662e-9,1.4766560138875865e-13,-5.529864084928823e-13,0.009097841363759178,3.135862199450202e-8,1.3672970133848402e-6,-1.54714658903613e-11,1.3411331675881057e-6,-1.8327982866063062e-5,0.00014467337817458797,-0.0008759677372127222,-4.805794619840938e-9,2.361008399395651e-5,3.646064231821201e-15,1.3709201511647717e-12,-0.0029372311771824976,9.585502865457939e-10,-9.241247193828962e-5,-0.0003517311605267185,2.527937867396033e-13,5.5038749390844004e-9,1.7364988581420442e-10,2.7511236680056578e-8,-3.5520908639953806e-7,-9.805688042710315e-6,3.278054815356048e-11,1.0924814070442308e-7,-2.035719196100171e-14,-1.1929445747459347e-8,5.901762636574585e-12,-1.3368902183344405e-14,4.6044929828926015e-9,1.3913381108629704e-10,-1.8327707437509573e-6,-3.096043288903534e-10,-1.58348165117936e-6,-2.871990211148633e-9,-0.0008708172075503391,2.5698624335121866e-6,5.469096347731802e-14,-5.091953297294988e-8,0.0035052385074669516,-1.577715191555719e-8,-5.5629995166676137e-8,1.7125952610382244e-8,-2.090410159577489e-13,-0.0015960615081161542,0.0008825549477129948,-4.038089058026617e-10,-1.0307608978432597e-5,-1.3065063497359306e-14,-3.9456126183318123e-7,-6.076773719702003e-15,1.3826653394102118e-9,1.473466728582728e-7,-2.8325057662274975e-10,-0.00021398915677544396,5.642348094999297e-5,-2.8080333831035134e-9,8.069955499764259e-13,-1.4125749279734465e-6,-5.452567523214213e-11,0.00018332865239699178,1.4645024664481825e-13,-7.957319074486056e-5,-3.172075881684445e-13,-3.931198122155161e-8,-1.371406293062348e-11,2.164917919682463e-6,-0.0012577408827315402,-3.684263317565146e-8,4.55329251823988e-9,8.065554527169935e-5,-1.5435005248043087e-13,-0.0013640892956793586,0.00046144540591535374,2.89517474604891e-6,-1.0208979849099365e-10,1.4865259389316405e-6,1.5191934299255007e-13,9.233119994148473e-8,2.1066840123926376e-6,-1.4917721100508197e-8,-6.924167661367008e-9,-8.04564840488545e-12,9.051962132868103e-11,-2.0511785084430927e-10,-4.687584356026319e-9,2.9081008313005905e-11,3.3637130177089675e-10,9.115160579553004e-14,1.338494486596442e-10,6.719501922487444e-10,-1.3909642871894104e-6,-7.510892317551674e-11,1.7497219177561158e-10,-1.5715995264842107e-10,0.00021512954579416618,-0.0003058623879868403,2.740002685956706e-9,1.3836222611214007e-7,-7.948420025370219e-12,3.653678544021476e-5,2.260559823729145e-13,3.1239478338244057e-10,4.5206335055607135e-11,3.84195024803054e-9,-3.8526745382910696e-12,-9.925559122812463e-11,4.106562183191571e-6,3.257502680494119e-8,-2.195317636506834e-7,8.556839300434878e-5,-0.00333051730818623,-1.5465819254992573e-5,-7.122946532997738e-5,3.9508401993848285e-8,0.001665860293232695
0.0,0.0,0.0,0.0,0.0,0.0,0.0,0.0,0.0,0.0,0.0,0.0,0.0,0.0,0.0,0.0,0.0,0.0,0.0,0.0,0.0,0.0,0.0,0.0,0.0,0.0,0.0,0.0,0.0,0.0,0.0,0.0,0.0,0.0,0.0,0.0,0.0,0.0,0.0,0.0,0.0,0.0,0.0,0.0,0.0,0.0,0.0,0.0,0.0,0.0,0.0,0.0,0.0,0.0,0.0,0.0,0.0,0.011213409011681287,-1.3250595892823825e-12,-0.001455353211056734,-1.0366685126119571e-15,-1.9268253119594898e-17,-9.179079684820883e-10,1.5573347100396666e-11,6.820864420716152e-15,-0.0032076646403592663,-7.732698189464262e-16,-7.734924672697346e-17,-1.2613586277356239e-9,-8.225281268983165e-8,-4.151468162431589e-15,1.3903677829735825e-15,1.0664709850710377e-11,-2.169612657225797e-6,1.80606024688437e-13,3.778158401882447e-11,-6.135243984582704e-5,1.687790729224028e-15,1.3961551976228906e-12,-2.3758700054404215e-15,3.094059216754242e-16,2.0299320715908907e-7,0.008382502684719054,-0.0003414555640101218,-1.7396974906721185e-14,5.005831141389983e-9,2.153583655231897e-10,-1.0750442430449787e-5,-3.2473683453219573e-16,-1.9796543899357772e-11,-1.3448687015383572e-15,-1.3822910365305522e-12,-7.729545390321868e-17,5.144558482498647e-15,0.0009562141013667737,0.00014556213457707893,4.502069721743051e-15,-2.6106858029592606e-16,-2.8182109002726223e-12,-2.784959481698087e-15,0.0007719014666591334,2.5559544347560427e-8,7.442224076483144e-7,4.2511265443481285e-16,-2.2798957290436853e-16,1.9685330552822196e-15,4.162361326859528e-6,9.461551135043131e-10,-0.001567523181508538,-1.0507813776203412e-8,2.1630063454458947e-5,-0.001675458095727031,-8.122319115567344e-16,1.0635521711236958e-16,-2.144854513950619e-15,-3.502164400235608e-7,-5.5489306638960835e-11,-3.287063850288643e-16,-4.2320489784397424e-13,2.0590758200205466e-15,0.0059617392058014295,-4.248449918530506e-16,2.3037218895018556e-14,1.7421881728221965e-16,-1.3619413916942319e-9,5.799322168460187e-16,-0.002420048421726785,-3.249167243427769e-14,2.1639039801986358e-13,-2.1938240421669573e-7,-1.7108554304451213e-11,-0.0007973532331046841,-8.237211750468726e-10,-0.0010439341646610132,1.6624710603064738e-7,-4.2711207032236636e-16,-3.674111889422077e-16,1.2092563389561277e-15,5.0240371885584855e-12,-4.544736585481844e-8,0.0001328348615915173,-1.685556815420508e-15,-1.9408783834994474e-6,8.518522058092688e-13,0.01054289335038534,-1.6401563293923255e-12,-0.00030184649459219195,-1.614036884193263e-9,-6.203745040641446e-6,-1.571762909544477e-15,7.67989143109104e-16,3.909648067041735e-17,-7.54218521718426e-16,-4.635076752666962e-15,-0.003136518988251129,-9.175575927468607e-13,2.4586348547466196e-15,-2.6630187261255466e-15,-1.5469964434752722e-16,-1.7169851907600451e-16,0.0006891139001635692,-1.1708137152505967e-16,2.2559067075717643e-11,-5.026070610610566e-16,-9.179079841365545e-9,-8.82906983418428e-6,8.701817153029627e-17,3.5774797246876137e-16,-1.933224143519528e-16,2.51922065029372e-6,8.701536033486819e-17,0.005526068599183501,7.364595456695821e-7,1.5977994874471768e-7,-2.690059883904031e-11,-4.833541531150818e-18,5.827324233584537e-7,-2.276788825120471e-7,1.2277209519687283e-12,7.829011662060337e-15,4.447335030139395e-16,7.719219531317245e-16,-2.8399727687714e-6,2.3668340852726468e-15,0.0007992523715161425,9.146809004603455e-8,9.668749039682381e-17,-2.707703513151967e-16,-1.2286549352975331e-6,-1.2569327456248007e-16,-3.867520292378755e-15,7.348288555519635e-16,2.320512175427253e-16,1.571760246822726e-11,9.900851948489613e-15,-1.1296872073226648e-11,-1.2376064935612016e-15,1.547008116951502e-16,2.8464949351907636e-14
0.0,0.0,0.0,0.0,0.0,0.0,0.0,0.0,0.0,0.0,0.0,0.0,0.0,0.0,0.0,0.0,0.0,0.0,0.0,0.0,0.0,0.0,0.0,0.0,0.0,0.0,0.0,0.0,0.0,0.0,0.0,0.0,0.0,0.0,0.0,0.0,0.0,0.0,0.0,0.0,0.0,0.0,0.0,0.0,0.0,0.0,0.0,0.0,0.0,0.0,0.0,0.0,0.0,0.0,0.0,0.0,0.0,0.0,0.011000031977971428,-5.095133486974521e-14,1.0804641160996451e-7,-2.4082464605577147e-10,1.51448507129904e-5,-0.0006700183250103067,-0.0001755811256290927,1.7520594878865688e-12,-8.134494675397482e-10,-4.039844130720867e-12,9.331137944259003e-6,3.682141396743105e-8,-2.7745189219798856e-6,6.735427818660565e-9,-0.0009500789137122591,1.0440037254019e-9,-0.002101638901199471,-6.480204183280075e-5,3.588584036508247e-11,3.267665692954199e-5,-0.0022133675835719745,1.9224038289458515e-7,-1.4922408142975057e-11,-1.3588266495137673e-8,-5.668100909051968e-13,6.302866948030685e-12,0.00021907889513291334,-3.467218196267284e-7,-1.5117768901494483e-5,1.7106177675510389e-10,5.3254366658307766e-8,0.00020264237913356097,5.744506088114152e-6,0.008166208929241532,-1.9076997304009322e-10,9.375207159056168e-7,3.2397160556563166e-14,-1.507060814623152e-11,-0.00011306316017368262,3.807105638932303e-11,0.0010193495516925498,-1.3959499477474151e-5,-2.740229116056763e-12,-6.0854181787476e-8,-1.9193499753716675e-9,1.0924340953370805e-9,-1.410484495795419e-8,-3.893692013414828e-7,-3.6219647145150556e-10,-1.2079229428323332e-6,-4.830154438930819e-14,1.3190054587593334e-7,-6.483186226155182e-11,-5.975547723685199e-14,1.8283874743356332e-10,5.520984856103219e-12,-7.277667797777657e-8,3.4231863575644783e-9,1.750805304582854e-5,-1.140052985562767e-10,0.0044129667414986515,1.0204532358641002e-7,1.1092004447267513e-13,-2.0219143016513766e-9,-0.00024577838472844267,-6.264400939507894e-10,6.150838044993719e-7,6.800444534260485e-10,1.863641089551e-12,0.0003997764721326226,-0.002392798891426836,4.464654831597796e-9,0.00011396664700292044,-3.089785142360262e-14,4.36253984641944e-6,-3.003592145713621e-14,-1.528829784689537e-8,5.8509375368535694e-9,-1.1231598482229278e-11,-8.49481003121702e-6,-0.0006235099071377478,3.104776069591441e-8,-8.853216225163415e-12,-5.609145256872125e-8,6.023652394567117e-10,-0.0019508327753731513,-4.17751736651044e-13,0.0008762661358686989,3.656388893016423e-12,4.346614467214e-7,1.5150580004043702e-10,8.596562480264375e-8,-4.8977800300185966e-5,-1.4630125079941163e-9,1.807575103470793e-10,3.202628074669245e-6,1.2596811246334715e-12,0.008813667068513071,1.8276505271750057e-5,1.1496284367367764e-7,-4.045948334262771e-12,5.902768361836858e-8,-1.6481729619758843e-12,3.6663016817596626e-9,-2.3292915516997536e-5,-5.923027511576377e-10,7.655847668465187e-8,8.854795367804308e-11,3.592420333645426e-12,-8.131755240472415e-12,-1.861780174400782e-10,-3.2093284129497186e-10,1.3357922666577421e-11,-5.852453060932395e-13,-1.4792233706829998e-9,-7.429271027558632e-9,1.5379447610398148e-5,-2.988160693820605e-12,-1.9336194216984567e-9,1.7379239936008284e-9,-0.0023112796203062294,-1.2140620563029287e-5,1.0877615951926776e-10,5.494156500750053e-9,8.759756155354752e-11,1.4507929752313602e-6,-2.3619591600520087e-12,-3.453643942062219e-9,1.794239130165989e-12,1.525592950116098e-10,4.2626312837752656e-11,-3.959145979137487e-12,1.630652686817763e-7,1.2934868069006298e-9,-8.717274267548609e-9,-0.0009458887066919631,-0.00011792821035761345,0.00017099452246182613,-2.8283947036177283e-6,1.5687809449569475e-9,-0.00016318930219528057
0.0,0.0,0.0,0.0,0.0,0.0,0.0,0.0,0.0,0.0,0.0,0.0,0.0,0.0,0.0,0.0,0.0,0.0,0.0,0.0,0.0,0.0,0.0,0.0,0.0,0.0,0.0,0.0,0.0,0.0,0.0,0.0,0.0,0.0,0.0,0.0,0.0,0.0,0.0,0.0,0.0,0.0,0.0,0.0,0.0,0.0,0.0,0.0,0.0,0.0,0.0,0.0,0.0,0.0,0.0,0.0,0.0,0.0,0.0,0.010766730204174688,-2.9605143311721516e-16,1.282929921365876e-16,-3.816876187230354e-11,6.33888399094466e-13,-8.109001017246045e-15,-0.0001260987845464964,-5.67779791606761e-16,-4.570034822875141e-17,-5.2338759750885794e-11,-3.41162499240716e-9,-3.1113529067755135e-15,-3.327673425180656e-17,4.447226251909758e-13,-8.999153591425151e-8,3.3198990554442384e-16,1.577542406758085e-12,-2.544775064590948e-6,4.544564131297155e-15,5.6147798512354074e-14,-2.313463872666129e-16,1.5762628397082533e-16,8.419739385362172e-9,0.00022074027989965158,-1.4156193416896489e-5,8.546180507615239e-15,2.0765227748327465e-10,8.948435146643587e-12,-4.4590859720977993e-7,-2.427330241145998e-16,-8.163303380190215e-13,-2.0001034662137545e-15,-1.0502417496486467e-14,1.0031192301323762e-16,-1.0318311423667228e-15,-0.0020841989439139086,6.037372188892824e-6,-4.660494091137967e-15,5.030724699113722e-17,-1.159084224710508e-13,1.529914736852733e-15,3.186718545651181e-5,1.0601084179522178e-9,3.086899291007679e-8,-3.4528162163610626e-16,-7.177558776135057e-17,5.688506892012295e-18,1.7264690674749895e-7,3.918742813657583e-11,0.009704673788791612,-4.359059072519785e-10,8.971747944968062e-7,0.0006226011304173672,-1.1985160369931549e-16,1.2514566920034616e-16,1.0937497537956391e-16,-1.4526302244304498e-8,-2.2802314907996836e-12,5.912487212103626e-18,1.4922452514411891e-15,-2.0012187488846357e-16,-0.00027272776959712903,1.4387451180671813e-16,1.2179016527310177e-15,-9.731989249927023e-17,-5.64995839180548e-11,-1.0283582955822964e-16,-9.692685411172153e-5,-5.24758891025893e-15,-5.688940245631331e-15,-9.09948422370905e-9,-6.725187224670156e-13,0.006499871610059401,-3.4238414867043815e-11,0.00505119225302486,6.895549530495038e-9,-5.745197022952814e-17,-1.60433226491169e-16,-8.399138441583612e-17,2.0578515136075732e-13,-1.885033126073172e-9,5.509291557816986e-6,-1.1569695811332618e-15,-8.05041450414103e-8,3.791526211296998e-14,0.00021982708721923535,-4.626185347308892e-14,-1.2509536640154031e-5,-6.70394215353307e-11,-2.573197857854705e-7,-8.125194992658901e-16,-1.9708409190813412e-15,-5.385618309801514e-16,-1.2207988458009614e-16,-3.2115518200439723e-15,-0.00012046713359197701,1.0715580296519443e-14,4.274430821137706e-15,-8.377925302461456e-16,-1.7196009801155763e-16,1.810281641296242e-16,2.835813119477176e-5,1.65608983492662e-16,9.482422822179915e-13,-4.506238783453419e-16,-3.8077059953114824e-10,-3.662135902579896e-7,1.6926047654679838e-18,1.9940582354022658e-16,1.5511813854811086e-16,1.044926167688979e-7,8.728709743630488e-17,0.000168306882820006,3.0546933650312315e-8,6.627357570770327e-9,-1.1046194709658891e-12,-4.345070127647916e-17,2.4170668085454122e-8,-9.443599940239731e-9,5.742506852944073e-14,3.857780984221677e-15,-2.3190751465339844e-16,5.074030872643386e-16,-1.1779683191119127e-7,-2.0270939904175477e-15,3.29521531132994e-5,3.79388562788707e-9,-2.0354319797086572e-18,-1.171524904863984e-16,-5.096229077470588e-8,-6.985744774664862e-17,-8.055943833830748e-17,8.055943833830748e-17,-1.6111887667661497e-16,6.483423597466986e-13,3.866853040238759e-15,-4.743339729359545e-13,-3.0612586568556847e-15,3.6251747252238367e-16,7.089230573771059e-15
0.0,0.0,0.0,0.0,0.0,0.0,0.0,0.0,0.0,0.0,0.0,0.0,0.0,0.0,0.0,0.0,0.0,0.0,0.0,0.0,0.0,0.0,0.0,0.0,0.0,0.0,0.0,0.0,0.0,0.0,0.0,0.0,0.0,0.0,0.0,0.0,0.0,0.0,0.0,0.0,0.0,0.0,0.0,0.0,0.0,0.0,0.0,0.0,0.0,0.0,0.0,0.0,0.0,0.0,0.0,0.0,0.0,0.0,0.0,0.0,0.010448676713744104,-3.3763638565327665e-5,-4.860098798880145e-11,2.1488139490492553e-9,-4.428632785639893e-6,1.4942094306788814e-15,-0.00011404340701045986,-5.642525190719781e-7,-2.994262880464418e-11,-9.297303124224151e-14,-9.241395892545861e-5,0.0009420844006761417,3.045467113328002e-9,-2.523553705146555e-14,-9.70901958303265e-8,2.0778144296480374e-10,-3.6525119416594875e-15,7.074383442738108e-6,6.748928276108238e-9,0.0009525484525670652,-2.092881033438266e-6,5.179926026353455e-14,2.739383956244616e-15,-1.4942094306788814e-15,1.1334375177758445e-6,1.1263018641917257e-12,4.844691839417144e-11,1.6602327007543126e-15,0.006434282938761724,-6.500886854243223e-10,3.377708125433951e-5,-1.538985242525145e-8,-2.675483666250248e-5,0.00017106159942901052,1.4111977956411658e-15,3.98455848181035e-15,-5.6881564819593445e-6,5.3361381871448055e-6,-3.252929791614261e-9,-1.3959401115520303e-5,3.320465401508625e-16,1.6867964239663817e-13,8.633210043922426e-15,0.00015315216089881344,-0.0019307094880978877,-0.00035613529390000263,5.3127446424138e-15,3.857052610392419e-12,2.905407226320047e-16,-3.86502172735604e-13,-3.3204654015086252e-15,-8.301163503771563e-16,2.563379598807916e-5,7.745952787308466e-7,-0.0013691195361773775,-2.3907350890862103e-14,-5.6246027529234906e-11,-1.5988925288988184e-5,2.2925959449536856e-8,0.008030889303961782,-1.1621628905280187e-15,-0.0002833852464750918,-1.8571334301816673e-7,-8.783319743956343e-5,-1.965715517693106e-12,9.534111253316072e-5,-1.32818616060345e-15,1.0976578826874732e-7,-4.457343877734468e-8,-1.59382339272414e-14,-3.6562308629091773e-10,-8.301163503771563e-17,-1.3991113015796744e-11,-4.565639927074359e-16,4.914288794232765e-14,0.0008166963784063859,-1.5771125582200203e-6,-1.303976153275799e-5,1.997783244354716e-9,-7.172205267258631e-14,1.32818616060345e-15,-0.0016727676394258783,-1.3281861606034501e-14,5.716587613662243e-9,1.7432443357920283e-15,-2.785950163035373e-9,1.6602327007543126e-16,-1.3972518409548295e-12,4.980698102262938e-15,0.009543483575879808,-3.4621786996532136e-6,-0.00020507662997299036,2.534847261444677e-5,2.769808242728737e-5,-1.1621628905280187e-15,1.6314142487160033e-8,5.7106971824183915e-6,0.0008398847736706238,-5.684823563484394e-7,0.0034725331529373168,-3.320465401508625e-16,0.0005133772543317891,7.470250241698045e-11,-8.304859771478097e-5,-2.496989981934486e-13,-4.648651562112075e-15,5.03916145689613e-7,-1.1423364075538447e-6,-2.6096259316190468e-5,-1.32818616060345e-15,1.8724813969281579e-6,6.64093080301725e-16,1.3281861606034501e-14,2.12509785696552e-14,-4.935539772802421e-11,-4.1804925042225714e-7,2.6563723212069002e-14,-1.06254892848276e-14,6.9357031267569375e-9,-1.4863949783372906e-5,1.5253811948330157e-5,0.0007689488039607557,3.98455848181035e-15,1.54232881624075e-5,1.1621628905280187e-15,5.3127446424138e-15,2.514381570286106e-7,2.1388090648421846e-5,-3.320465401508625e-16,-5.525197262978e-7,0.000971492491121248,0.0001813449522940663,-0.0012050296228395753,3.0330140398861844e-9,-2.04404313954037e-6,-5.485727607970794e-10,-6.30111152619573e-5,0.00021975583598924235,-9.785625110580544e-8
0.0,0.0,0.0,0.0,0.0,0.0,0.0,0.0,0.0,0.0,0.0,0.0,0.0,0.0,0.0,0.0,0.0,0.0,0.0,0.0,0.0,0.0,0.0,0.0,0.0,0.0,0.0,0.0,0.0,0.0,0.0,0.0,0.0,0.0,0.0,0.0,0.0,0.0,0.0,0.0,0.0,0.0,0.0,0.0,0.0,0.0,0.0,0.0,0.0,0.0,0.0,0.0,0.0,0.0,0.0,0.0,0.0,0.0,0.0,0.0,0.0,0.010289605211917192,-3.269650598912325e-14,2.2063785001070893e-12,-4.508275005452308e-9,-1.0046568396325738e-16,0.0012246226909804316,0.00024810322854394213,-2.0700434401482472e-14,-3.0507563298447194e-16,-9.40742509412062e-8,-7.444256918915672e-5,3.0742675517106957e-12,-3.4546041698834638e-15,-9.887907508644658e-11,2.0300515190344666e-13,-1.2764093366447694e-15,7.2015876787467884e-9,6.877991485175006e-12,9.63119473488856e-7,0.0009179431255474188,-1.0101585645200532e-15,6.412009468606251e-16,2.901293173370286e-16,1.153816089982519e-9,2.3470542117825316e-15,4.432942461895604e-14,6.798073644894013e-16,-1.1214641500411195e-5,-6.549623463595916e-13,3.4384103756199856e-8,-1.5642958445902697e-11,0.004706352595044653,1.7412416154319144e-7,-7.966433587974909e-17,2.246890796387243e-15,-5.7904114914556616e-9,-0.00225922776764288,-3.3099447092817874e-12,-1.4210393469931655e-8,-1.2535286641709342e-16,-1.208652226285652e-16,1.377047622292201e-15,-0.00021318480970701907,2.4490344216234052e-5,-3.6230208231807214e-7,-1.5115700301884266e-16,9.95884220421138e-15,5.363770395690181e-17,-7.00029946384593e-15,-5.166652473175973e-16,2.185503493558479e-16,-0.001813474363333577,-0.00034049662509852066,-1.3301904730676848e-6,1.2702711507476358e-15,-6.992091200302489e-14,0.0058868230794808,2.3323637562268854e-11,3.573552838076979e-6,-2.1455081582760725e-16,9.438323078479555e-5,-1.890512136596764e-10,0.0014134204566959927,-3.80934257996728e-16,-0.0003244599149953851,7.332225731252051e-16,1.1173342822821169e-10,-4.542473099815833e-11,1.9707800760466978e-15,-3.6892070870279354e-13,3.1338216604273354e-17,-5.3072738465104294e-17,1.1440741445929557e-16,-2.367594181834681e-15,-3.959596399557741e-5,0.0006889112978047508,-1.3274177943590617e-8,2.0183041799038078e-12,-2.5956026083822535e-15,-8.807387324159161e-16,-1.5422113704049033e-6,-1.898071092938148e-15,5.842702487502737e-12,6.590060164058931e-16,-2.8458138359817744e-12,-3.787824888314987e-16,-7.282289282739635e-15,4.378180783119137e-16,-6.890681096711236e-6,-3.52443317282442e-9,0.00011439530336649842,-0.0012154267456527972,2.8195838016973804e-8,6.916198769581885e-16,1.6647389860324978e-11,5.813436648252606e-9,8.451362059482268e-7,0.00024996090065748417,2.481686170937839e-6,8.320539233403314e-17,-6.359326382380633e-5,7.248785903548e-14,0.0005955670246700074,-4.821661930652425e-16,2.0078249743376695e-15,-0.00022154265782223597,0.0005015449960839065,0.008827232947624872,-2.1960268756474837e-15,-0.0008117832833468467,2.7613769320406655e-16,1.3923014039414245e-15,-1.6161673900688173e-15,-5.0007887716863036e-14,0.0001838185686536592,3.9647320822085365e-15,-8.778152682880021e-16,7.059272147890303e-12,-1.513122943326896e-8,-0.000598744725322778,-7.580007723960231e-5,6.031393071478926e-16,1.5700514622471314e-8,6.781730307412702e-16,-6.220393270979521e-15,-0.00011054787875241141,-0.0009320314133512238,1.010449822161359e-15,0.00024294454953358816,9.80326347868278e-7,-0.00039443169254916194,2.3259399771854057e-5,3.0750797091000773e-12,-2.080868675011244e-9,-5.502774216284349e-13,-6.414342213447284e-8,-3.4909024620571567e-5,-9.962179282147724e-11
0.0,0.0,0.0,0.0,0.0,0.0,0.0,0.0,0.0,0.0,0.0,0.0,0.0,0.0,0.0,0.0,0.0,0.0,0.0,0.0,0.0,0.0,0.0,0.0,0.0,0.0,0.0,0.0,0.0,0.0,0.0,0.0,0.0,0.0,0.0,0.0,0.0,0.0,0.0,0.0,0.0,0.0,0.0,0.0,0.0,0.0,0.0,0.0,0.0,0.0,0.0,0.0,0.0,0.0,0.0,0.0,0.0,0.0,0.0,0.0,0.0,0.0,0.008912170469542586,-0.0002180724010511915,9.256726056721453e-8,1.4952594331669892e-9,-2.016581743608724e-13,2.115398861799041e-15,0.007020345660530247,3.134181379559887e-5,1.4622541623506752e-9,1.5090098515891149e-12,-0.00014827207782892806,8.886669015565546e-7,1.0520662308506294e-6,-0.0005304866203039621,3.0549808297003345e-8,-1.722743545669238e-8,-1.5431786474198567e-5,-9.609017306227892e-11,4.411916214002346e-15,-1.1566102165286614e-5,-4.63227709925122e-10,5.3902464420077145e-9,-1.1549219802842877e-7,-0.00029507329136431123,-0.002881624835020453,1.4555206371442035e-7,7.027963060283995e-12,0.00027752094228794294,-3.0283670526906124e-9,5.900059823408618e-6,-1.9634393610044315e-14,-4.933884770954478e-10,2.1196233654374258e-11,-1.2830778467189249e-8,5.960783912285857e-8,2.125102978610217e-15,3.7943390446618585e-5,7.359532753408853e-9,-2.3126629403458897e-9,-5.179815182358877e-5,-1.6338225822871172e-6,2.8472489910379567e-13,-3.0791882980048292e-12,2.0325585482974896e-10,-3.082856461862371e-7,-0.001017601717335804,-8.072382843389265e-12,0.00011226996251097453,-5.5207325243092395e-8,-4.6870895753489207e-11,4.437747593006254e-14,6.391668790129e-16,3.094607143794359e-11,2.9138110981941643e-6,0.0007754184836276107,-4.087264888460333e-15,-1.470624015489641e-6,-1.0014571012518435e-11,1.0337757565721429e-10,-4.768259916740838e-13,1.2943931248387527e-7,-1.6236322080384475e-13,0.0005223386247460459,1.5747194164344913e-13,1.591891337049972e-9,-2.098050912892276e-7,1.0926493386097887e-6,3.8003186871696357e-6,0.00024023357904749728,2.5662204718182435e-12,0.0034401194120788608,-1.1435875694806195e-11,-1.301310723580342e-5,1.3610230732105284e-12,4.827138201331754e-15,4.478581567464073e-9,-6.976691481874842e-5,2.6427334065207307e-5,-7.559936021406697e-9,2.0426751450336034e-11,5.127554660540953e-7,-8.409475335847315e-6,-3.4746126893186946e-10,2.2034455388417672e-5,3.1346632210884004e-9,0.0003695719849681353,1.2893057897416508e-7,6.804741241888478e-12,2.582156556941153e-8,-3.3000107916207373e-13,5.591580822123418e-14,-1.688210248151386e-9,1.0668501029444264e-9,-1.727950054218749e-6,-9.635603519354419e-9,-5.5968929835171136e-11,3.2670269649255275e-15,-1.2187895179375108e-11,-1.4015051842790823e-9,8.373437067467208e-13,-0.0003167353420699733,-1.6418648943000614e-13,6.516471636474338e-5,7.539191990680137e-8,-2.736282009089757e-15,1.0606112512357473e-15,4.525619586472582e-15,-2.7314300085801044e-7,-2.8885950895165053e-15,-4.690203920581221e-10,-1.25915937635396e-6,-6.323635540425231e-6,0.0003779366935097288,1.8982627136448483e-15,-1.6458966745217858e-6,1.4793035213751157e-6,-1.293487513266554e-5,6.4006333808099635e-9,1.7143317802156754e-14,1.259338675809024e-12,7.45562040496537e-8,-7.648489103914193e-10,-1.993118662080733e-9,-2.9397329645604806e-6,1.3548955849959354e-15,5.248715148711714e-14,3.627975505962285e-8,7.9998530472373e-15,-8.068022760064944e-11,3.2700624944291637e-13,-1.974494877588657e-12,-0.00021936286617464386,6.217209743313203e-8,0.00015809712876154586,1.4907498612699016e-9,3.674927374691822e-13,8.590916341697959e-8
0.0,0.0,0.0,0.0,0.0,0.0,0.0,0.0,0.0,0.0,0.0,0.0,0.0,0.0,0.0,0.0,0.0,0.0,0.0,0.0,0.0,0.0,0.0,0.0,0.0,0.0,0.0,0.0,0.0,0.0,0.0,0.0,0.0,0.0,0.0,0.0,0.0,0.0,0.0,0.0,0.0,0.0,0.0,0.0,0.0,0.0,0.0,0.0,0.0,0.0,0.0,0.0,0.0,0.0,0.0,0.0,0.0,0.0,0.0,0.0,0.0,0.0,0.0,0.007746256540291599,-4.707508703498706e-6,1.295677122925313e-11,9.463720471676597e-12,-1.441092894954598e-14,4.305285760655421e-5,2.723334275944168e-7,-7.436268835587593e-8,-8.066131449914408e-11,0.0066316354948625445,7.721781045359413e-9,-5.350280389568238e-5,0.001054396261371857,2.654441918278703e-10,8.761009269169414e-7,0.0007833784124886265,4.8901634715878815e-9,-9.819975058640001e-14,-1.0049942214190461e-7,-4.014956618744267e-12,4.6790041234914814e-11,5.873350378639058e-6,-2.5629376823374814e-6,0.00016931460775737185,1.2647968604940517e-9,-3.560479185285828e-10,-0.0031945428654103153,1.540082574851033e-7,-0.00030000037845970067,9.497368188214884e-13,2.5088776297307183e-8,1.7749363309092005e-13,-1.1157030481975514e-10,-3.0313552156454486e-6,1.5224717808780872e-13,-0.0018963345338718599,-3.742680669874108e-7,-2.0109512360291397e-11,-4.500796413839126e-7,-1.4196446624935684e-8,-1.3084500897510799e-11,1.5704638323465917e-10,-1.0340781978503179e-8,-2.678798249429446e-9,-8.636472961987974e-6,-6.063956711435622e-14,9.754929134515417e-7,-4.795531510487277e-10,-4.344836218673913e-13,-1.6913644064660071e-12,3.082767329410577e-14,-1.5718202208480785e-9,2.5318446900633373e-8,-0.0002681209392334874,-3.194142804127288e-13,7.47876957813223e-5,5.094593819141658e-10,8.64335234647615e-13,2.4394446345686575e-11,-6.582628557820757e-6,7.124416532525587e-12,4.515093345184113e-6,-8.191677271991014e-12,1.3813940359827258e-11,1.066962755603014e-5,-5.556651348802244e-5,3.302128959102164e-8,-0.0018339638841737508,5.253714385673503e-14,2.4574332446758286e-5,-7.829197560024717e-14,-1.1307256912874229e-7,-6.96056549305922e-11,-6.674248990728536e-14,-2.2775315815692818e-7,0.003277815005660634,2.2963071258254377e-7,-6.576971249503469e-11,-1.0400833010845436e-9,4.4555266642942526e-9,0.0004272543662973629,-3.0096699169735535e-12,-0.0011095575521602554,2.7262670301815178e-11,3.203373330172561e-6,1.1202507987848107e-9,-3.408909462877895e-10,-1.3131536108311136e-6,1.7590054304407435e-11,-1.825230780579369e-12,8.585895993691246e-8,9.216150900136113e-12,8.787271376162857e-5,4.900150447472023e-7,2.8493813123925684e-9,-2.98582028439835e-14,6.199448927530461e-10,-1.214478281077608e-11,-4.399902303077631e-11,0.00037625094128249076,6.961671038813219e-12,5.662136424557216e-7,6.551967159690239e-10,1.639929839975069e-14,-6.242581654912181e-14,-2.591225468211233e-13,-2.3734476980619055e-9,7.36059087914721e-14,-4.031125137811149e-12,-1.0940909990623229e-8,-5.4946900398981016e-8,-0.0002439426136299009,-1.695654785787365e-14,-1.4301276419166268e-8,1.2853851172250075e-8,0.0006569184332900773,-3.255013940583356e-7,-1.1294161274127451e-12,-6.589837957390648e-11,6.478079274990327e-10,3.889334104171443e-8,-1.7262302210391335e-11,-2.5543928065537302e-8,-2.39239878623607e-15,-1.5491368008653317e-12,3.152619012659263e-10,-1.961369091204571e-14,4.1025294910100036e-9,-1.5529135149661263e-11,1.0034100155309507e-10,0.008905870459783204,-3.1617577720869167e-6,-0.0026085044587077326,-7.581525866641104e-8,-1.8911577138881436e-11,-4.368902817261243e-6
0.0,0.0,0.0,0.0,0.0,0.0,0.0,0.0,0.0,0.0,0.0,0.0,0.0,0.0,0.0,0.0,0.0,0.0,0.0,0.0,0.0,0.0,0.0,0.0,0.0,0.0,0.0,0.0,0.0,0.0,0.0,0.0,0.0,0.0,0.0,0.0,0.0,0.0,0.0,0.0,0.0,0.0,0.0,0.0,0.0,0.0,0.0,0.0,0.0,0.0,0.0,0.0,0.0,0.0,0.0,0.0,0.0,0.0,0.0,0.0,0.0,0.0,0.0,0.0,0.007235280370879044,4.795179694649617e-15,-2.0892467500700686e-8,4.737637538313822e-11,8.445500646842248e-9,5.339912107961814e-11,0.0001641703807265348,1.779123682112675e-7,-2.8303131849348993e-6,1.4884237772192412e-12,0.0002277995274255159,2.049375713222121e-7,8.247709074797341e-14,-0.001899787270723464,-1.5328277365612076e-5,-1.0796091533951183e-5,1.7446781801013168e-10,-1.9825190929559377e-11,1.3426503145018928e-14,9.590359389299234e-15,-0.002555078288495869,-5.026729331744858e-10,3.321161404461855e-8,2.531854878774998e-13,7.860978522929726e-7,-5.564610085417839e-7,-0.00033994696687919524,3.5921269460342044e-5,-2.1480717128777766e-9,-5.538912267838163e-5,4.315661725184655e-15,-3.644336567933709e-14,0.005833553000983577,-3.943862672380303e-10,6.399576051299374e-6,0.000824542083652946,-1.918071877859847e-14,-8.830802925666735e-11,-2.8003849416753766e-12,2.8946313214658978e-8,-3.4685420579670994e-7,2.2829633185666203e-5,-4.871902569764011e-13,-1.6943326294512515e-9,4.795179694649617e-16,1.9140822883538984e-10,-6.13783000915151e-14,-8.63132345036931e-15,3.737432104597515e-9,-6.509168724705176e-11,3.4697834340864504e-6,4.9409531573669655e-12,-5.255581392551076e-8,6.319202885921937e-10,-5.375280684366078e-5,-1.1246762684425932e-6,-1.918071877859847e-15,-5.371537277083967e-8,0.000434713898119655,-1.5797731012454432e-8,8.857809377707001e-10,1.790162569384134e-8,-9.590359389299234e-16,-0.0002574344699360574,0.0001045648584146859,6.52144438472348e-12,-3.3831062262632146e-7,-2.3975898473248086e-15,4.820713067487688e-9,8.63132345036931e-15,-2.2249633783174225e-11,1.5353701976102384e-7,1.297690709684858e-10,0.0005022439374024186,-2.5548899706644433e-6,4.4913571091966176e-11,-1.5344575022878775e-14,2.2962814644606576e-6,8.784769200598099e-13,-1.3137243175045641e-5,0.0,5.815688701766397e-6,1.5344575022878775e-14,6.283756917619088e-10,1.7646261276310592e-13,7.529540612699552e-7,0.0026661827862785575,-3.8857527667686606e-8,4.0560468603725695e-9,-0.0001895335467509439,0.0,-3.822833061151288e-5,-0.0010705255321465652,-6.2908338356196385e-6,4.7759989758710187e-11,-1.3684825382831088e-6,-3.836143755719694e-15,9.717415539403675e-8,7.348799318637066e-8,-1.5398741372709536e-8,1.1107937859061945e-10,7.672287511439387e-14,-4.2366371638168295e-11,9.55429963799547e-11,5.447784470372652e-10,-3.7594208806053e-13,-1.5023873404900608e-10,-3.836143755719694e-15,-2.1098790656458314e-12,-1.0687496503435066e-11,-4.776511484676783e-8,3.516976595243815e-11,-2.8003849416753766e-12,2.5702163163321947e-12,-1.5848970169775528e-5,0.0007174819974917948,2.5234920853875288e-9,1.4540589876725033e-7,9.590359389299234e-14,-8.585937831047e-5,5.754215633579541e-15,-4.9409531573669655e-12,-2.1175513531572708e-11,3.4806866753147067e-9,5.370601258007571e-14,4.6401994869185416e-11,-9.057564687085037e-6,3.418786659672414e-8,-2.2157523368226886e-7,-1.3204920116292547e-6,0.003889802823229701,-4.119353052869959e-7,0.00016737524713135573,4.162648691971513e-8,0.00022923236198115165
0.0,0.0,0.0,0.0,0.0,0.0,0.0,0.0,0.0,0.0,0.0,0.0,0.0,0.0,0.0,0.0,0.0,0.0,0.0,0.0,0.0,0.0,0.0,0.0,0.0,0.0,0.0,0.0,0.0,0.0,0.0,0.0,0.0,0.0,0.0,0.0,0.0,0.0,0.0,0.0,0.0,0.0,0.0,0.0,0.0,0.0,0.0,0.0,0.0,0.0,0.0,0.0,0.0,0.0,0.0,0.0,0.0,0.0,0.0,0.0,0.0,0.0,0.0,0.0,0.0,0.005566433323616073,7.0120807654768185e-16,-2.532075692759348e-16,1.4045840759659298e-9,2.1455122981174085e-7,6.714656912675689e-15,-1.532618331839624e-19,-3.1513015960859157e-12,5.659510524385649e-6,5.2159288976649443e-14,4.152541121144449e-11,0.00016003528308803654,-8.565568265874987e-16,-5.385007760582115e-13,5.930460911551803e-15,1.9477487160066185e-16,-5.295114628185772e-7,-0.0023781849800340368,0.0008878893955583779,-2.9205923902504636e-16,-1.2978625720083007e-8,2.1201494860458045e-10,2.8042896540719248e-5,-3.58453758343604e-15,-1.5547097588331657e-11,9.642046882055295e-15,2.4928108380504317e-13,1.1686686358412423e-16,3.1641150683357562e-15,0.00011228901380345401,-0.0003795886490367426,3.700632205900574e-15,5.064153966698548e-16,1.3063895139686394e-12,-6.943098880298108e-15,-0.0019512011197744213,-6.665893588755644e-8,-1.941329576596981e-6,7.790751519056125e-16,2.6492390938166587e-15,1.5385336872826098e-15,-1.085766543114647e-5,-2.1952023792473495e-9,-4.277456357540934e-5,2.7379486807724146e-8,-5.642260349926061e-5,-0.0002484431527113722,-7.791322835265722e-17,2.532075845367129e-16,-7.170709835540564e-15,9.135509927709697e-7,-6.279671357387938e-11,1.9477447753022741e-16,-6.976106272636291e-14,-3.738711572924535e-15,0.0005471189385119562,3.1164466231966957e-15,4.611758170078485e-15,-1.9477366100655837e-15,3.4118849659387215e-9,1.3244547276100445e-15,0.004889461634271243,-7.257595040096359e-15,5.974480978524707e-14,5.722660423396186e-7,-1.562687762522463e-11,1.359360525532188e-5,1.2245409018098981e-9,-6.037687344378774e-5,-4.336580086693437e-7,4.673277887528497e-16,-1.9477513368420217e-16,-4.3265584807695775e-16,-1.8748242498556436e-12,1.1854388033384748e-7,-0.0003463155854461849,-3.1183784719697974e-15,5.06284876158972e-6,-2.642594326866084e-13,-0.0018030043655229326,7.828347581015447e-13,0.0007830099741604188,4.110736497938789e-9,1.6182683461441927e-5,-4.986889189507359e-15,8.922269735176527e-15,2.0256937013577386e-15,4.674565584846183e-16,-3.576407573665875e-15,0.004487958808523683,-4.982947397659538e-14,-4.064041012635333e-15,-9.29500893742548e-16,1.558199763735271e-16,-3.1152214770127063e-15,-0.0017039793863389328,1.4022964473933616e-15,2.5350046946363428e-11,8.570233615174453e-16,2.392661494437728e-8,2.3030924425954633e-5,-1.5581998101983587e-16,-1.5582009982125912e-16,-3.116405043293395e-16,-6.5714753341994316e-6,-4.674599231259837e-16,-0.0023726346174379426,-1.921080653130343e-6,-4.167895568531141e-7,-3.049584722697601e-11,1.5581998721932044e-16,-1.5200774541119774e-6,5.939083208684873e-7,-3.9888559181518664e-13,6.284884044897291e-16,6.23277896213403e-16,1.869714950917002e-15,7.408167696951949e-6,6.97243256818881e-16,-0.0020019603914540906,-2.385968762907789e-7,5.843252481011441e-17,7.790701033573424e-17,3.2049893306548906e-6,1.947746221672425e-17,2.8125629148632856e-15,-9.349495560854547e-16,1.870031085212041e-15,-2.5828714728158182e-12,1.659410857514203e-14,-7.010653873227283e-12,1.2321416725079159e-14,4.2071046139808714e-15,4.788769342661196e-15
0.0,0.0,0.0,0.0,0.0,0.0,0.0,0.0,0.0,0.0,0.0,0.0,0.0,0.0,0.0,0.0,0.0,0.0,0.0,0.0,0.0,0.0,0.0,0.0,0.0,0.0,0.0,0.0,0.0,0.0,0.0,0.0,0.0,0.0,0.0,0.0,0.0,0.0,0.0,0.0,0.0,0.0,0.0,0.0,0.0,0.0,0.0,0.0,0.0,0.0,0.0,0.0,0.0,0.0,0.0,0.0,0.0,0.0,0.0,0.0,0.0,0.0,0.0,0.0,0.0,0.0,0.005356452868559918,-1.7337268537488402e-5,2.257766446242408e-14,-1.2746019008799918e-14,-5.882472851251352e-7,-0.00046582428399283624,-3.380872737525649e-12,-8.739067933412984e-15,2.7021388112062144e-10,2.863554669823578e-13,1.9225121970565377e-15,3.76701283839535e-8,-1.817775063060587e-11,6.028898068306599e-6,-6.378177036380537e-5,-4.611252097097708e-15,-9.84048773497279e-16,-2.7812371797525733e-16,-2.743348043833057e-9,8.402777643453039e-15,3.626881643695869e-14,4.855167877296554e-15,-7.020120058956617e-5,-6.625599289855361e-13,2.139124352823866e-7,4.246427504632349e-11,0.00078229569488461,1.0897670510949024e-6,2.2820975716846504e-16,-1.123789414603629e-16,-1.3493390397809143e-8,0.00014412589260089122,7.602373689628835e-12,-8.573732096718196e-8,-2.304300985450593e-16,-1.6398575715985695e-15,-3.896949697746275e-15,-0.001308934768481218,0.00015329972527667018,-2.267851268969906e-6,-3.2390464939067653e-15,6.345645526293442e-15,2.889761129662153e-16,-5.488562999537502e-16,2.9218576750275038e-15,7.61167499573924e-16,-0.0013406407335618098,2.3778659752272127e-5,-8.326720147168093e-6,-3.2194153610607594e-15,-2.881217612163576e-14,-0.0002308548336552434,-6.372141168597935e-11,2.2369729015384808e-5,-4.764512447634564e-16,0.000589320210653736,5.119651892285048e-10,0.004757097055792686,2.1590904383046897e-14,-0.001897305217546553,1.5459546908179073e-15,-3.048853342315102e-10,1.2409753277845328e-10,2.5361520138076458e-17,-4.0239443103033235e-13,1.1965740796319583e-16,3.434797646793863e-14,-1.1350874122684262e-16,-1.7574991450317072e-14,-0.00024781646945625326,-4.74224680779767e-5,-8.113444915997317e-8,-2.969862517085772e-12,2.7660207924597592e-15,2.6361300759703925e-15,-9.653935536837798e-6,-3.5596607052402916e-15,-1.5549286680344317e-11,8.027788933520271e-16,6.910564870110287e-12,-9.12085132024917e-16,2.4473194373042368e-14,-4.211568071298018e-15,-4.313423045107532e-5,-1.1662714004516942e-8,0.0007122991657397875,-0.0014306491122227296,1.7576173972591564e-7,7.079126864746526e-16,-4.534838908141574e-11,3.221471501990513e-8,5.290363209612861e-6,-1.7466723691709435e-5,1.5534861973933102e-5,1.1946216174051118e-15,-0.0003978176585907987,1.6745545833615663e-13,0.0030685786019797197,-2.1575999195256013e-15,-9.742859866470596e-16,1.5476394677898103e-5,-3.493025868456915e-5,-0.00019898925581170385,-5.506171005629111e-15,5.490329552668962e-5,8.773336773815777e-16,1.935162617440877e-15,-1.3370583101930824e-15,-3.603493234518154e-14,-1.2845292149120594e-5,-8.430999496189709e-15,2.6008012871972203e-15,-1.8685254070763963e-11,-9.191907492688343e-8,-0.0008788067035967925,-0.00047425949814613755,-1.943736296323073e-15,9.794677775158466e-8,3.430613372814988e-16,-3.257808214723574e-15,7.723395478645978e-6,-0.0012207631910541453,-7.125058825549214e-15,-1.697682443987438e-5,6.136616809864354e-6,-0.0023794323247486814,0.0001455911199595089,-1.5543807002430014e-12,2.1465387289093754e-9,-4.512037490324049e-13,-4.008731711690986e-7,-0.00021832487133674873,2.7041357498025096e-10
0.0,0.0,0.0,0.0,0.0,0.0,0.0,0.0,0.0,0.0,0.0,0.0,0.0,0.0,0.0,0.0,0.0,0.0,0.0,0.0,0.0,0.0,0.0,0.0,0.0,0.0,0.0,0.0,0.0,0.0,0.0,0.0,0.0,0.0,0.0,0.0,0.0,0.0,0.0,0.0,0.0,0.0,0.0,0.0,0.0,0.0,0.0,0.0,0.0,0.0,0.0,0.0,0.0,0.0,0.0,0.0,0.0,0.0,0.0,0.0,0.0,0.0,0.0,0.0,0.0,0.0,0.0,0.004268917487640495,1.623412048233337e-15,-3.709598045591082e-15,-7.127485805622773e-10,-5.640104511982355e-7,-2.133060022791293e-14,8.791406203245194e-16,3.0527490617432396e-13,-5.9877614069683135e-15,7.792270229813145e-16,4.57405456030048e-11,-1.424227741156155e-14,7.306202689171913e-9,0.0011481846978053498,-1.0344425839223967e-15,-1.9585204655275083e-16,-5.580073321089801e-16,-3.174879525896861e-12,-3.617549081411454e-15,-6.723067224651737e-15,-2.8339235474663067e-16,-8.507000960444372e-8,8.361091079150098e-15,2.592567970563445e-10,5.988410911284368e-14,-5.7792264353046836e-5,1.3206919084889314e-9,5.83822931323307e-17,1.802097144620135e-16,-1.629279296805308e-11,-0.00032752284328172,-1.1363230701481127e-15,-1.0388849492910983e-10,3.5715914266674767e-17,4.464292054282042e-15,-8.286335617488662e-16,-1.5143110966159796e-6,1.8575690182062415e-7,-2.748275708621295e-9,1.8938744065574755e-16,1.0609972539853248e-14,1.6372080383912529e-16,-3.255243234969021e-15,-9.306986171719363e-17,-2.2752432249232306e-16,2.4978121743024547e-5,-0.0017392242176411414,-1.0090404136516032e-8,3.9328584957754633e-16,-1.1591965409506687e-15,0.00012446774067785326,-1.1736754472526768e-13,2.7108236930805802e-8,-1.4726617188988529e-16,7.099285790803281e-7,5.706956662762483e-13,-5.7129265218822e-6,-1.5475892523288398e-15,-1.923073362594563e-6,1.9470287396070244e-16,-3.6426503808815413e-13,1.1724793608448448e-13,8.127874575183911e-16,-4.381453829654301e-15,8.38344514837338e-17,7.400502621321774e-15,2.1355295739139304e-17,-6.806979210032831e-16,-3.0017717013705817e-7,0.00041511371615750666,-9.828865686290068e-11,-6.463557189940051e-15,1.229826498730313e-15,-5.177870167241709e-16,-1.169888709275185e-8,-8.26889117240248e-16,-1.4879844597932915e-14,-2.093151383074881e-18,5.784911379936459e-15,1.951247749214192e-16,1.7178648090926605e-15,9.997571593892751e-16,-5.2270116969087816e-8,-1.4108562034458857e-11,8.525094104933873e-7,1.5173350597608207e-5,2.1299512354485642e-10,3.452676396946759e-16,-8.500427561725721e-14,3.904921739387265e-11,6.411045055775171e-9,0.0038887412698981653,1.8824904898789e-8,-1.978088572632228e-16,-4.813401631869212e-7,4.740852282721848e-15,1.8639385461652247e-6,-4.16355399293019e-16,-6.121338043598526e-16,-0.0016079330824556798,0.0008929796822835658,7.176731111320665e-5,1.8043301102869723e-16,-0.0002657085286704309,-2.895534055242588e-16,6.173108713900452e-16,-2.4435049457994418e-15,1.3387314723556306e-14,0.003404702455496782,-3.429973190108519e-17,2.137500070002086e-16,-5.6037232573451057e-14,-1.113436617799273e-10,6.859352703996174e-6,-5.740572401947194e-7,-3.122267948271011e-16,1.1867133076378386e-10,-1.935443129854707e-16,-2.0449974100237443e-15,-0.0009569654745775083,1.1207439494533319e-5,-2.3192807448190555e-16,0.00423131022662002,7.436879214444156e-9,-2.631382843027077e-6,1.7640646256669088e-7,-1.7665109025349154e-14,2.6609053223439036e-12,-5.117050683612403e-16,-4.856798509529919e-10,-2.640105371172284e-7,2.9668612782698366e-13
0.0,0.0,0.0,0.0,0.0,0.0,0.0,0.0,0.0,0.0,0.0,0.0,0.0,0.0,0.0,0.0,0.0,0.0,0.0,0.0,0.0,0.0,0.0,0.0,0.0,0.0,0.0,0.0,0.0,0.0,0.0,0.0,0.0,0.0,0.0,0.0,0.0,0.0,0.0,0.0,0.0,0.0,0.0,0.0,0.0,0.0,0.0,0.0,0.0,0.0,0.0,0.0,0.0,0.0,0.0,0.0,0.0,0.0,0.0,0.0,0.0,0.0,0.0,0.0,0.0,0.0,0.0,0.0,0.004264316260116233,3.842809555871945e-5,-9.879031479825523e-11,-1.794109998922074e-14,-1.3778531446035775e-5,1.089590596507529e-6,1.6241168747447865e-7,0.00017939271610598653,3.740474635265865e-8,1.0956495267861843e-9,-2.3746687712234606e-6,6.45049985849827e-12,-4.449486599065389e-16,-1.4181169490901168e-5,2.151104527304361e-10,6.316215828898127e-9,-1.2817813747898038e-8,-0.000361533382794835,0.0009144658343503651,1.7845186652590797e-7,-5.54144207132542e-13,-6.726633169574761e-5,2.045030703152708e-10,9.127993139735202e-7,-1.1256037914241613e-14,3.35715330816049e-11,-1.1054796268029936e-11,-1.5607153500814266e-8,-2.325884505257325e-9,-4.738910819209383e-15,5.537782400569189e-6,-4.936316979851518e-10,-2.1926485361381034e-9,-6.350916097528153e-5,-2.0032254210538903e-6,1.6728696406087543e-15,2.1750134452385945e-13,-1.3737645939246394e-11,-3.779845391789148e-7,-0.00119498198080575,4.234800673017644e-12,0.00013764458092242873,-6.767088995509097e-8,2.441179352634254e-11,1.2704182720618924e-14,-1.4846564700944334e-16,-2.120457175701541e-12,3.5726165465265512e-6,-0.0002719436428305588,1.619536448300826e-14,-2.2754101162354174e-7,5.154947561645902e-13,-5.3340994171721796e-11,1.8648734466793587e-14,1.9176513454519925e-8,2.848544752356522e-15,0.0006343944634901982,1.0390250739192954e-14,3.4144163851178827e-10,-3.196801318947964e-8,1.6893606809471354e-7,4.6595617568819985e-6,-6.762518135537667e-5,-1.314197016661855e-12,0.0028660018550465062,5.932121179553588e-12,-1.5955338776487544e-5,-8.797832471963476e-14,-1.1554357335866653e-14,-3.0148365941557673e-10,-8.072434381560498e-6,3.240245002419583e-5,-9.155240513976135e-9,-1.38447021689436e-12,6.286859989706814e-7,-1.2976510665944596e-6,1.6775706881718792e-10,3.2998856275589846e-6,3.585354830914227e-9,0.00045110914447125765,1.5807604778610532e-7,-6.448572412752472e-13,-1.2831534929448022e-9,3.087871235111391e-14,-4.641456917573092e-16,1.139007227563151e-10,-1.700572377785137e-10,-2.673941497498453e-7,6.28442884115604e-10,3.724193593968626e-12,2.5854569034613144e-15,7.836001856154484e-13,-1.1570386264528194e-9,-2.76275073430143e-14,0.00010954163113796263,1.424981434796108e-14,7.9895284690584e-5,9.243016319658413e-8,3.86850067682069e-15,1.1046159787482579e-14,-6.56149672448691e-15,-3.3489760023213773e-7,-4.773584379154234e-15,2.0617466161635323e-10,-1.5438518155060452e-6,-7.753393931410902e-6,-0.00013238883366597728,-1.5129000533430014e-14,-2.018029483717413e-6,1.8137703593415877e-6,-1.9933934622751066e-6,-4.3023356196414653e-10,1.9178886899698253e-14,-3.162278633568292e-14,9.141077206652188e-8,5.1662918533838454e-11,-1.7843340468676616e-9,-3.6043986595320655e-6,-5.3298387119055015e-15,6.074413758669881e-15,4.4480959025513397e-8,-2.426461214811187e-15,5.467663642966483e-12,-4.5347009102234946e-14,1.2563766866599293e-13,-1.1244342457210533e-5,1.920655456110073e-9,-3.0360057506913823e-5,-1.0060744665070907e-10,9.837737689027427e-15,1.2845197929057338e-8
0.0,0.0,0.0,0.0,0.0,0.0,0.0,0.0,0.0,0.0,0.0,0.0,0.0,0.0,0.0,0.0,0.0,0.0,0.0,0.0,0.0,0.0,0.0,0.0,0.0,0.0,0.0,0.0,0.0,0.0,0.0,0.0,0.0,0.0,0.0,0.0,0.0,0.0,0.0,0.0,0.0,0.0,0.0,0.0,0.0,0.0,0.0,0.0,0.0,0.0,0.0,0.0,0.0,0.0,0.0,0.0,0.0,0.0,0.0,0.0,0.0,0.0,0.0,0.0,0.0,0.0,0.0,0.0,0.0,0.004211543097253455,2.7632220835161884e-13,-1.6683094246775655e-14,3.7472345850729995e-8,0.00016851205290225737,-4.4168695427283714e-10,-4.878566025837376e-7,5.785023082752782e-6,-3.070673185504848e-12,6.458242689554025e-9,-6.694118612218343e-14,8.201460334175044e-16,-0.0021407631047730626,3.329827064062599e-8,9.769109354586153e-7,3.470630828090377e-11,-0.00035613505297068577,-2.4709597027175435e-6,2.7599479596652825e-5,-1.500873246683272e-14,1.8293965706165325e-7,-4.818350782110233e-13,-2.482088482774819e-9,-9.086517352170631e-15,-7.194328976406392e-14,-1.704934251938145e-9,-2.4137605048675082e-6,6.438917147183272e-12,-5.570646271138329e-15,-1.5061155673473036e-8,1.4044083481222602e-12,-3.391475543685267e-7,-0.0017893635023603653,-0.0003097359649726229,2.5311531391885206e-14,6.172420983634789e-15,8.631322127199465e-14,-5.845920301923334e-5,-4.9903311531580954e-5,6.493511413733895e-10,0.0007548986072627564,-1.0466028490923699e-5,3.769983916024139e-9,-1.243662909604995e-14,-1.8697033459188997e-15,-2.7966156657742757e-14,0.0005515978246068658,7.391201392805957e-7,-5.687601613027903e-15,6.190590235264063e-10,-2.6622639995770528e-14,-8.249809596230353e-9,3.5246712312813635e-14,-5.215989938051667e-11,5.619786599280135e-16,8.873582914568081e-5,-4.0665020638372194e-14,5.279597396790772e-8,8.701625778585038e-11,-4.5924387086396914e-10,0.0007172530220761623,1.8391503932214704e-7,-2.0636425254000684e-10,7.774213462824027e-6,9.16839955212136e-10,-0.002377150842012192,-3.6493645702940155e-14,2.3853962030589647e-15,8.115324577376047e-13,2.195430104961172e-8,0.002737183027881644,-1.4159484358510427e-6,9.849838824366744e-15,9.723159107800504e-5,3.529101025653342e-9,2.5948561013987563e-8,-8.974870585289087e-9,5.545236602108372e-7,0.00010976292690940113,2.4448163194287057e-5,9.38748274526248e-15,3.4603582241455998e-12,4.014905650472095e-15,5.791308582204661e-16,-2.5078125517138595e-13,-2.631400710934148e-8,7.270850138831694e-10,-1.8090523916577624e-12,-6.925162488362946e-15,-1.5945660989356151e-15,-1.611287195632878e-14,-1.7896442451475615e-7,-1.0422424366741394e-14,-2.978800465052224e-7,-5.474588956342802e-15,0.0006585498657717205,1.4295312610430681e-5,-4.287490420857989e-15,-1.4806437112048236e-15,-2.1336276658576803e-15,-5.179525958663575e-5,-1.258085463847705e-15,3.189824102880062e-8,-0.00023872768049814096,-0.0011819533759357466,3.599568692767001e-7,3.509531205957711e-15,-0.000311989696335465,0.0002801840063647861,5.421173792500668e-9,1.1948193326898918e-12,-1.6865156578878366e-14,-3.1000036884371754e-14,1.4137647842084639e-5,3.728282233778291e-14,-2.7598242223580107e-7,-0.0005515030586270629,-1.182536733259992e-15,-1.778877781198181e-14,6.87949470885278e-6,-1.2455876841024846e-15,-1.7407624583585133e-14,-7.22320834567327e-15,-3.084807832226186e-14,3.058035193823011e-8,-5.21163934571301e-12,8.256832894504512e-8,2.9180976377739785e-13,-2.92634123195332e-15,-3.467470604289671e-11
0.0,0.0,0.0,0.0,0.0,0.0,0.0,0.0,0.0,0.0,0.0,0.0,0.0,0.0,0.0,0.0,0.0,0.0,0.0,0.0,0.0,0.0,0.0,0.0,0.0,0.0,0.0,0.0,0.0,0.0,0.0,0.0,0.0,0.0,0.0,0.0,0.0,0.0,0.0,0.0,0.0,0.0,0.0,0.0,0.0,0.0,0.0,0.0,0.0,0.0,0.0,0.0,0.0,0.0,0.0,0.0,0.0,0.0,0.0,0.0,0.0,0.0,0.0,0.0,0.0,0.0,0.0,0.0,0.0,0.0,0.004190686992880195,6.337386729434007e-6,3.368604186838737e-8,5.928849525496683e-15,-2.710903293348861e-6,-2.43487625148218e-9,2.6817331104328155e-14,-0.0003782297711460027,1.8243591829557262e-7,-0.0003884112585808918,-2.4763713064802994e-9,1.728696246206919e-13,-4.163777858025029e-15,6.565037834187024e-15,2.7551722123097654e-5,-2.4241944834833383e-12,-3.7362027818995305e-10,-1.0887432417992272e-14,2.828054877331433e-5,6.621184484371951e-9,-0.0020869263647710808,-4.2753203000158567e-7,3.249893362499933e-8,-0.001934173653781332,2.548530016318451e-15,2.004077992413908e-14,0.00013551600168619526,5.980495202631833e-9,-7.616736559659832e-8,0.0008589582936537232,1.6266837018406682e-14,-3.305225102323833e-13,-7.936000536463048e-14,8.579986508705788e-7,-1.2461209766068727e-5,0.0008189732405814781,8.358990286524268e-14,-7.994516319359825e-12,1.7056384360590465e-15,9.02400097775037e-13,9.86910098540935e-15,4.048220145635309e-15,-5.367046287255571e-8,7.002252943109478e-10,0.00012486547967311052,-9.935267793583807e-14,6.188969817673777e-10,-9.643119303769565e-9,6.397550294269449e-7,-4.0472073273105426e-5,-9.909118065424947e-15,-1.850397792868205e-6,-5.143772279866409e-6,9.92146334882349e-8,4.568940999404668e-12,3.779244996107047e-7,-4.480356638761928e-15,3.0598182690021913e-6,-1.244471663429196e-6,-2.7350124365201485e-14,4.02473129420192e-9,1.7279334867439646e-15,1.0007745484069188e-11,-2.4132838630382606e-16,6.278298107493848e-14,5.490767282174861e-6,-1.9157080109009178e-9,0.0008112244379056337,3.040822982157547e-8,3.5912222305533944e-14,-8.900805330928684e-15,8.263655570190576e-5,8.326841345150517e-14,1.563584616953343e-7,1.2354863707072443e-15,-6.921810663243398e-8,8.126836998213108e-15,3.217421807617667e-12,-1.5134683987829882e-15,2.7091555055919587e-5,0.00011712902587661011,-1.2984347022398827e-6,-5.4846256621131857e-8,-0.0016806780916890673,-6.365249640576093e-15,4.5498854372793697e-7,-0.0003233922789486635,-0.00022635621489750757,-7.042168058355664e-11,-4.92470958659102e-5,5.348910397548743e-15,3.4413024132937232e-6,-8.719610068693224e-10,-1.2344077770123408e-7,5.748607111407566e-13,2.7997877462065936e-14,3.7471156441314243e-10,-1.3112542361721937e-9,-8.315122550162429e-9,5.6619836542385267e-14,2.2542387120291134e-9,-8.463630419865785e-15,-7.708169275757304e-14,1.4163958202775438e-13,5.653315404773542e-10,4.1102322120578604e-11,4.29666949202312e-14,2.956442283147363e-14,1.8863309369675004e-7,0.000920140685836642,-3.254190176900392e-8,5.1663574069211586e-6,3.719246758045325e-14,-0.0009221370167375258,1.0409513969634102e-14,7.210258814820236e-14,1.6080562902914296e-10,-4.6094534303955914e-8,2.497752397555817e-14,8.65794849957608e-12,-0.0003258880226141473,8.963674184825226e-7,-7.953704488719956e-6,1.5716214277835828e-8,-2.1558933304757038e-5,4.902196372581035e-9,0.003334983094535108,1.4674220639393206e-6,-2.7171328371047066e-6
0.0,0.0,0.0,0.0,0.0,0.0,0.0,0.0,0.0,0.0,0.0,0.0,0.0,0.0,0.0,0.0,0.0,0.0,0.0,0.0,0.0,0.0,0.0,0.0,0.0,0.0,0.0,0.0,0.0,0.0,0.0,0.0,0.0,0.0,0.0,0.0,0.0,0.0,0.0,0.0,0.0,0.0,0.0,0.0,0.0,0.0,0.0,0.0,0.0,0.0,0.0,0.0,0.0,0.0,0.0,0.0,0.0,0.0,0.0,0.0,0.0,0.0,0.0,0.0,0.0,0.0,0.0,0.0,0.0,0.0,0.0,0.0038553344094233877,-1.5867273634802954e-11,1.9398039223766644e-14,1.2953168668823206e-9,1.2903209052573076e-12,6.059131911502708e-15,1.8059677525960722e-7,-8.7158691176637e-11,-6.996244339206642e-5,-2.1295331043637968e-6,-9.256263231024117e-15,-1.9124682262915006e-15,1.3092339749470685e-15,-1.3164688281440263e-8,-5.4218929755260825e-14,4.0466443123203716e-14,6.112512729872555e-15,0.0008194649483241046,-3.2977675206290878e-12,9.254730956487252e-7,2.0411491946633515e-10,2.7949986105207035e-5,-9.58228095692772e-6,-1.2141829343609343e-15,8.445623074939973e-16,-6.474635746463127e-8,5.143345778634343e-6,3.644043209243775e-11,-4.0792525231868626e-7,-2.8022334213412235e-16,3.957796272281241e-14,2.0387051585619476e-15,0.0007339686265778433,-0.0017463737731459026,2.5211330218002234e-5,1.938740581221715e-15,2.5127466600712888e-14,-6.428161006894593e-16,-1.7274786781423356e-14,5.243520542635313e-15,3.797807100493737e-15,-4.615805284651814e-5,6.021047035267236e-7,9.730239556221465e-5,-3.4495339099927953e-15,-1.37430901770325e-13,-8.293238800068302e-6,-3.0557926784388053e-10,-0.0002617897991759416,-3.7869187115928494e-16,-0.0015259137565595089,2.4574788133221173e-9,8.532393235586754e-5,-5.324079693640104e-14,0.0003246166616098813,-3.03237030097934e-17,-1.4621817954201156e-9,5.947279446406935e-10,1.1871712621860893e-14,-2.096405794611995e-12,2.3671693454175537e-16,-5.4124861163258216e-15,9.877682863703156e-17,-3.495850971434238e-14,0.0024538688087925847,-1.6474804577407952e-6,-3.833656827616452e-7,-1.4399591847988777e-11,-2.400656974051609e-15,-5.723154589864716e-16,0.0001129110263136333,1.5114476998876037e-14,-7.450325713993433e-11,-1.0298785320010543e-15,3.307387032691705e-11,-3.046496125908546e-15,5.043693077412613e-14,6.791419920960434e-15,0.0005042261980321476,-5.595800389436276e-8,-0.001094885145821354,-4.716884062332995e-5,7.044447402439266e-7,1.2209968516923688e-15,-2.1748623960875496e-10,1.543396542051266e-7,-6.158015021686808e-5,-6.028072316992815e-8,-0.00018180691007048036,-3.464783441902814e-15,0.002482939743198118,5.24962474565562e-13,-0.00010613641283330518,-3.9106497778971356e-14,9.793908826129639e-15,3.222524765489979e-7,-1.1275993098906917e-6,-7.1509390230782305e-6,-3.666400224759723e-15,1.9387775250131325e-6,1.2009646747301594e-16,1.6516009825926687e-14,-8.651890523071383e-15,-1.9868702384854617e-13,3.5378375901272515e-8,-1.851789081246804e-14,-4.318728063464407e-16,-9.005196666601443e-11,-4.361068071790107e-7,-2.7986591637418418e-5,0.0034630370357397783,6.610494406458901e-16,3.687999933626112e-7,-8.771445980187242e-16,8.111180716896333e-15,1.3821028711448254e-7,-3.964240053941697e-5,-4.474118096489232e-15,7.481652683868725e-9,-7.132658669141291e-5,0.0007687712733301616,-0.001625851137231063,-7.43137663366473e-12,1.0300974021471053e-8,-2.450705951417037e-12,-7.876349898232871e-7,0.0011193516731340895,1.2981483997322251e-9
0.0,0.0,0.0,0.0,0.0,0.0,0.0,0.0,0.0,0.0,0.0,0.0,0.0,0.0,0.0,0.0,0.0,0.0,0.0,0.0,0.0,0.0,0.0,0.0,0.0,0.0,0.0,0.0,0.0,0.0,0.0,0.0,0.0,0.0,0.0,0.0,0.0,0.0,0.0,0.0,0.0,0.0,0.0,0.0,0.0,0.0,0.0,0.0,0.0,0.0,0.0,0.0,0.0,0.0,0.0,0.0,0.0,0.0,0.0,0.0,0.0,0.0,0.0,0.0,0.0,0.0,0.0,0.0,0.0,0.0,0.0,0.0,0.0037333171247835215,-4.927161028938152e-10,-6.216833391850342e-5,-0.00038116574365114385,-1.6946900841120846e-11,-4.16014794628068e-7,0.0009062664768113968,1.0175730983827579e-9,-1.3441333089772422e-14,5.887513297781367e-9,-6.826063853240885e-14,-2.725368939872439e-12,4.906321221004579e-6,-3.9383310323243575e-7,-5.8514016995233436e-5,-8.096698092615893e-11,-7.076927490425746e-11,0.00103407969465379,-5.9438070552440475e-8,-0.0003493133592855648,3.5174117158114894e-14,4.694065902152791e-9,3.3926886693198084e-14,7.255483687531752e-12,8.891562006883276e-7,-2.403525216929509e-14,-0.0020553933784919496,1.8125104542124597e-7,9.803040811843679e-13,-5.1902435390870514e-8,9.05410048740701e-10,9.112174131747602e-13,2.526632207103403e-11,-2.1313460038965696e-9,1.7080876327052111e-10,-1.2526842150373619e-6,2.504780577972472e-14,1.4382802053766115e-7,3.040849011352249e-11,2.840209955926407e-14,-1.294314766762263e-13,6.814120508661958e-15,-3.2697322993349424e-10,-1.6067146950823269e-9,9.693194705748183e-5,4.746743226786099e-14,8.709740153412601e-5,1.0508454418173658e-10,3.551176119676284e-14,-1.622789699541317e-12,-7.340453391635542e-6,3.187862796042264e-13,6.899380635102801e-7,3.812114572570639e-13,-9.398406362870561e-14,1.2237028283051643e-5,-6.466581510644637e-5,-2.0735355620690268e-9,0.000629384160410444,-6.175526196726871e-15,1.5941280239089386e-6,-1.2245681163823242e-14,6.308390505412033e-9,-3.946078489238541e-12,-1.7449470274570133e-14,1.080617037576218e-7,0.002575133454057766,8.170239987529377e-9,4.322803207904696e-12,-2.1640832918185547e-10,-2.8447117639567296e-10,0.0004959274171400759,-1.8310616005913228e-14,-0.0012418520733906127,-1.724035857287423e-12,4.927863569236669e-7,-7.140507669921628e-11,-6.902724359385214e-11,4.901340804874322e-7,-1.1871830673493396e-12,-7.47033753257634e-14,-2.848106943225659e-8,2.427959248804316e-13,0.0001023497717717078,-2.376994418450593e-7,5.931492030548431e-10,2.8128447159190614e-14,1.2817170061945052e-10,5.187029968616779e-13,1.527756198531459e-12,-0.0001365279656793668,-1.139272146598963e-13,8.127542751657859e-8,-4.199560999652015e-11,-1.813588553950777e-14,1.2092533782307903e-14,-3.442507773962119e-14,1.5136741837413685e-10,-3.320770011062558e-14,-9.738451950681833e-14,6.97725567742406e-10,3.3345235704532753e-9,8.851754478053577e-5,-1.7834898281901555e-14,9.111620395107607e-10,-8.170918185358604e-10,0.0007613272020233465,1.5635782774279544e-7,-1.5489444061109485e-15,1.3022595382527793e-12,-4.1512076155915865e-11,-1.1451706106218029e-8,7.695962282270411e-13,1.5707220038553556e-9,-3.7713959405877144e-14,-1.837826213547905e-14,-2.026744375034624e-11,-2.2986106136534236e-14,8.538249203498455e-10,8.324453848875997e-13,1.384942074371519e-11,0.002130132345780169,-7.349585952165676e-7,0.0007637864971569001,8.458002234958366e-9,9.302598914125888e-13,-4.916825457575064e-6
0.0,0.0,0.0,0.0,0.0,0.0,0.0,0.0,0.0,0.0,0.0,0.0,0.0,0.0,0.0,0.0,0.0,0.0,0.0,0.0,0.0,0.0,0.0,0.0,0.0,0.0,0.0,0.0,0.0,0.0,0.0,0.0,0.0,0.0,0.0,0.0,0.0,0.0,0.0,0.0,0.0,0.0,0.0,0.0,0.0,0.0,0.0,0.0,0.0,0.0,0.0,0.0,0.0,0.0,0.0,0.0,0.0,0.0,0.0,0.0,0.0,0.0,0.0,0.0,0.0,0.0,0.0,0.0,0.0,0.0,0.0,0.0,0.0,0.0036430079276371374,-2.4987216314305754e-12,6.523356072276654e-9,0.00017615179430081502,1.6802702123651973e-14,3.5417173044141364e-11,1.0535084857966028e-14,4.954348411491892e-16,-0.0003816367941855084,1.0139468593375405e-6,2.9747473783408923e-5,1.5681378122812079e-13,4.796163250290446e-6,3.3293756206997497e-8,0.0008380110749433475,-7.852460798288388e-15,-2.3260452529655368e-9,-4.94053459445395e-14,-1.3827770300858926e-11,2.642240735210375e-15,4.64146246222538e-14,-5.191556549414445e-8,-7.350018397681425e-5,6.20000559494825e-14,-3.867853532130935e-15,-7.507640242967846e-11,4.3202907504300584e-14,-1.0327244042536611e-5,2.2257503932513598e-5,-0.0016960704750674839,-1.489990494593024e-14,-6.712681018071659e-15,-7.164980604216132e-15,-0.0017284635719468178,6.72552940398488e-7,1.9777439192701967e-8,-1.009747834858639e-5,-0.00031860529072527585,1.1479034911743943e-7,-1.85962044262422e-14,1.0358918387321726e-15,1.1164086172683974e-14,0.0008001633656660626,-9.948187368056956e-9,4.956006470292873e-15,3.1317902242307645e-12,-2.643849539598429e-15,-2.512166297486581e-7,3.036814720115006e-16,-2.4187692470864357e-13,7.131747829110745e-15,-1.1958550621104854e-6,1.302714055818063e-15,1.6076686843244085e-6,5.157472879607333e-13,-2.5388017943093915e-12,0.000485599145831562,-2.393843463685031e-9,-6.285469707052547e-9,-1.0477509359499987e-7,2.791564265223652e-8,-0.000283738993372238,-1.3923864865054122e-14,-5.0735862472995536e-15,5.881875687673013e-14,5.241771363172593e-11,-1.8976994181050926e-5,-4.311636580265034e-5,-3.795261097166862e-14,0.0024812218178770027,1.9288531611930055e-11,7.901455852183626e-7,-4.6895592136479524e-11,1.6885564810539503e-5,-1.479140363038986e-6,0.0007406787432387573,6.1405755388750994e-15,6.141164354065674e-14,1.9738852699647333e-14,-1.79749274363895e-14,-7.094231618569746e-15,-8.012752533669594e-7,3.974181500905087e-12,1.958829757170742e-14,3.3042795003145314e-14,-3.1206953285483476e-16,-1.6316992693252376e-15,-5.449573650759287e-6,-1.468444729513987e-14,3.9962006767837824e-9,5.799013492363773e-15,-8.759129587614084e-6,0.0004346521327866309,-5.695839120282926e-16,-7.040717499596928e-16,2.977589149424122e-15,-0.001500593960941681,-2.6111684174323513e-15,9.713146292638463e-7,-0.001660161235759393,-0.00032358596048869405,-4.839159534746181e-9,-3.5106456034773387e-15,-0.0013372592576984443,0.000522847835433766,2.996052496948044e-11,1.3248552181818436e-14,-1.0235730988887366e-14,-4.871417522826344e-15,0.0004275417540009322,-2.0242131530915508e-14,-8.403835799071746e-6,-0.0001909920180555431,1.9715614449395636e-15,-1.900504540734652e-15,0.00020780841689471688,-8.845418216338678e-16,1.3430104766559602e-14,-1.0419329849644835e-14,-2.8347958279404047e-15,-1.240377702758355e-10,3.5062815740441736e-14,-1.0098803380950917e-9,-6.568683776154491e-15,-1.2091447271434998e-14,-1.624020175167602e-13
0.0,0.0,0.0,0.0,0.0,0.0,0.0,0.0,0.0,0.0,0.0,0.0,0.0,0.0,0.0,0.0,0.0,0.0,0.0,0.0,0.0,0.0,0.0,0.0,0.0,0.0,0.0,0.0,0.0,0.0,0.0,0.0,0.0,0.0,0.0,0.0,0.0,0.0,0.0,0.0,0.0,0.0,0.0,0.0,0.0,0.0,0.0,0.0,0.0,0.0,0.0,0.0,0.0,0.0,0.0,0.0,0.0,0.0,0.0,0.0,0.0,0.0,0.0,0.0,0.0,0.0,0.0,0.0,0.0,0.0,0.0,0.0,0.0,0.0,0.0036273765909514504,-1.907679158424547e-6,3.145268308527836e-14,3.444982841269171e-5,-0.0003309261447600587,-8.426892864414845e-8,3.5109264284781523e-13,2.902805000251494e-11,-1.0956236413343067e-14,-1.2137868090076415e-14,-0.0004061309121889607,-1.9718488484107594e-9,-2.929858050751449e-7,1.296909301916364e-13,5.8491127909476e-9,5.145852333838488e-6,4.9220601935924265e-6,0.0008042845557894736,-3.103138047928824e-12,-3.887102488492797e-7,-2.9636206091175002e-15,-4.925671805320093e-14,-7.363005117609148e-5,-6.629265816281572e-13,0.00010944522836727478,-1.50092617359526e-5,-2.6589141110670388e-14,-2.602966569012458e-10,3.452241967563976e-12,-7.553209084618265e-11,-2.082891144105159e-9,1.7647033069347842e-7,-3.4819261391443043e-13,-6.272243846044813e-9,2.1960758650158844e-14,7.200515515014662e-10,-1.4183244795237194e-13,1.5526949929137866e-14,4.996112652119759e-12,-1.2112999105544576e-13,2.7082325775396398e-8,-7.549634283885948e-12,4.853315119037422e-7,7.42361508361256e-13,-0.0011815803204435382,-8.696641785978395e-9,-5.9348419582324756e-15,1.4261622823298756e-10,0.000604083396392871,-9.350844281463092e-12,3.4548219602218613e-9,-3.3775042030127766e-11,1.9859373499921735e-14,-0.0009863934075866124,0.002125370934215247,-1.0082372015930434e-11,3.141651139131612e-6,-7.7717571348359e-15,7.98148366573361e-9,3.807188692310597e-15,3.1195053821177065e-11,3.167217107872525e-10,2.7388484243510843e-13,-8.948502304830557e-6,-1.3623402118110131e-5,4.0867313937459185e-11,1.23648580788311e-14,1.7906701627522278e-8,2.718299473406106e-13,-0.0002883889788830157,1.4154208930608662e-14,0.00011018679128426018,-1.601774937349097e-14,2.467924758246583e-9,4.084280052296911e-14,5.703492830226016e-9,-4.058752552418966e-5,1.086066968418835e-10,5.0715315690287605e-12,2.3584784489875148e-6,1.2345827703089887e-14,-0.0008514211277980426,1.9683718462944097e-5,-4.911862836955154e-8,9.881229882866836e-15,-1.0630946917812524e-8,2.928968143589268e-14,-1.3919056424907735e-10,-6.834669381820294e-7,1.0782024465019399e-11,4.070174313622299e-10,1.3029836894738812e-13,-7.461248363830651e-14,5.102058348287796e-15,5.87561260040916e-13,-2.8722441160899883e-13,-1.7528898375057113e-13,1.6526867488357987e-14,2.4907816429271645e-12,1.6278553690867176e-11,4.431771043555804e-7,1.475328895071701e-13,3.5743505222525647e-12,-3.755186708624847e-12,-0.0003451567211238894,-1.2947885785717844e-5,2.93881355760187e-12,-1.1436471552791902e-10,6.12464400159411e-15,9.483634388880879e-7,7.446902682328471e-14,7.746283320740146e-12,-1.1247579320137385e-13,4.2034030688171664e-12,9.231005618272196e-14,-4.999575393596739e-15,-7.071188055774492e-8,-7.946717273188698e-11,-1.1470275419274641e-9,6.6558233869763145e-6,6.0859341310530993e-5,3.7790259414854288e-6,-7.004083212596546e-7,-8.130686499894535e-11,0.0004036761965868605
0.0,0.0,0.0,0.0,0.0,0.0,0.0,0.0,0.0,0.0,0.0,0.0,0.0,0.0,0.0,0.0,0.0,0.0,0.0,0.0,0.0,0.0,0.0,0.0,0.0,0.0,0.0,0.0,0.0,0.0,0.0,0.0,0.0,0.0,0.0,0.0,0.0,0.0,0.0,0.0,0.0,0.0,0.0,0.0,0.0,0.0,0.0,0.0,0.0,0.0,0.0,0.0,0.0,0.0,0.0,0.0,0.0,0.0,0.0,0.0,0.0,0.0,0.0,0.0,0.0,0.0,0.0,0.0,0.0,0.0,0.0,0.0,0.0,0.0,0.0,0.0036013917705871707,-9.233197169711741e-11,5.390662572772378e-9,2.763129007189777e-5,-1.3249535870102944e-11,6.4870488660388176e-15,-7.814479174585924e-8,-3.8735927874089657e-13,-1.5520831621832767e-11,-6.348927875206102e-8,5.273438878626407e-6,0.0007813408835033351,-4.3727571633842156e-10,9.94283740722493e-13,-0.0017765485763275078,7.699225521038924e-10,-1.0363426492557773e-5,5.172536980238077e-15,-6.079468416087286e-11,3.201148571150459e-14,3.882408163476752e-11,-1.1520682092032814e-8,-9.288124295709836e-15,-5.864736248061297e-5,-2.3490592900631607e-9,5.352192398518433e-12,6.949342588625472e-7,-9.049361951891394e-9,-2.9027302903594366e-14,-3.55257153917584e-13,2.7481997444149316e-11,8.416750199053676e-10,1.677350044310825e-5,5.668176619101252e-15,-1.925844461937474e-6,1.6699858917391415e-10,-9.560927322194385e-14,1.6662873733927026e-14,-2.083186280285474e-15,4.335857817451213e-12,2.0061886286977877e-8,-0.001264482476403656,1.8345644826116708e-14,2.0659167094733605e-6,-1.3118979553089844e-12,2.0602884623552948e-13,1.352010842736839e-13,9.311336511042039e-8,4.638337245018406e-14,-9.238313740863806e-6,8.711341870697766e-14,-7.950838399010873e-13,-1.4428637051346461e-7,-8.727932728554986e-7,2.6885752466933765e-8,-0.0017885533310429665,-6.226238965249059e-14,-2.1345393840057734e-5,-2.7932712341911635e-14,-8.395969837139856e-8,8.20157561943519e-14,1.8366240807216796e-14,-1.400000788408761e-9,4.102730139125119e-5,-1.0936453633973538e-7,2.2906531591106e-11,2.7823956432399212e-12,-6.86965505400702e-10,1.5115633399225436e-5,-3.2857122906045765e-13,-3.672944081667913e-5,-9.080092323743383e-12,-6.598438234187823e-6,-3.8393072986988065e-10,1.0042573578808234e-12,-6.3509831484894024e-9,8.10559682243003e-14,2.7143552008494785e-14,3.686360245888413e-10,4.607824356156583e-13,2.7120236421063188e-6,3.080040033945836e-9,-7.548733899630409e-12,2.1836626691042374e-15,-1.7040775861333768e-12,3.0513768408183732e-12,-2.5757061801089115e-14,0.001566669704879718,-5.932345895738038e-15,-1.0882634842142099e-6,-2.276312197492814e-10,-5.434209972448723e-15,1.06351470710299e-14,-4.8098834178644664e-14,6.900194764828468e-10,1.2761991297583072e-14,-3.9919345787792877e-13,-6.337784713909755e-9,-4.406413558033104e-8,-0.0011127280478116705,1.1347397811735324e-14,-9.78490087927239e-9,9.993473042534668e-9,2.3219488012574337e-5,-2.026261590716845e-9,6.118000020801247e-14,-1.2544357376182703e-13,-2.2024394782209484e-10,1.4855554056069775e-10,4.428784540895939e-12,-2.0684672403832064e-8,4.906804105285096e-15,9.011752950273045e-14,-1.0655493182521736e-10,-4.2060304089727215e-16,-1.1140333065691285e-11,-5.1828931661511954e-14,-2.70384861767927e-13,-9.693523542390997e-5,9.522234570187854e-9,-0.0007805581850087073,-1.0972938753437679e-10,6.71535086837146e-14,6.186430530977324e-8
0.0,0.0,0.0,0.0,0.0,0.0,0.0,0.0,0.0,0.0,0.0,0.0,0.0,0.0,0.0,0.0,0.0,0.0,0.0,0.0,0.0,0.0,0.0,0.0,0.0,0.0,0.0,0.0,0.0,0.0,0.0,0.0,0.0,0.0,0.0,0.0,0.0,0.0,0.0,0.0,0.0,0.0,0.0,0.0,0.0,0.0,0.0,0.0,0.0,0.0,0.0,0.0,0.0,0.0,0.0,0.0,0.0,0.0,0.0,0.0,0.0,0.0,0.0,0.0,0.0,0.0,0.0,0.0,0.0,0.0,0.0,0.0,0.0,0.0,0.0,0.0,0.003592573356700622,-5.4284450815551724e-15,2.9477996726136425e-13,1.8944439560648612e-14,-1.2113147982242357e-15,5.421572104598794e-6,2.906679794957683e-5,0.0008504090680379555,-8.608688645928164e-14,-6.819037033672251e-8,-4.534850196720052e-10,0.0008424826269541498,1.0589356994000441e-14,-1.261495754932403e-11,8.265178897373626e-15,6.759260513582115e-14,-4.436353366237251e-15,1.3098662297476617e-14,-1.4882650704087556e-6,-0.002046457635469349,-3.476620660057058e-14,4.0596323570775165e-17,-3.9475504822319787e-13,-2.7208523280990812e-14,-0.00029597360176267977,-3.1645445629374533e-7,2.2294076266967707e-5,9.76819955108141e-15,-4.079618217002331e-15,9.048794289537126e-15,-0.0002582681819033955,-9.561755410313072e-9,5.669556394381486e-7,1.4356435703147556e-7,-0.0017121122378325662,3.2906882950532776e-6,9.692599434437702e-15,1.6323087895457334e-15,5.42617737829008e-15,-1.1243984647330943e-5,1.0895545388019675e-10,1.6786355437543636e-15,1.3669083613852385e-13,-1.8054823014980554e-15,-7.201597408110827e-6,6.408190094182561e-15,-2.786438014642955e-14,4.773233712728729e-15,1.7002330438764792e-8,5.960447374499834e-15,4.608628201789055e-5,8.950483006297853e-14,-2.1947581613891203e-15,-6.875246146864091e-6,-1.1965838629071195e-11,-1.801770765997078e-7,1.489194044481871e-9,8.002603804182281e-7,4.032101519294031e-6,-5.743213592446468e-15,9.161502159245825e-16,-2.965436473453807e-14,4.162787089666875e-13,2.69810826223914e-7,-0.0012167854089677897,8.868245026315704e-15,3.8215466528086385e-5,2.300352390974388e-13,2.265110594176666e-5,-2.1583243491587044e-13,0.00048332237830824937,2.1029894653242102e-8,0.0004742962387958482,1.045420401406834e-14,-6.292612791757232e-14,1.3766854829079745e-15,4.8403833718653414e-15,4.7378496375169576e-14,-2.297005792474651e-5,1.2721300344912986e-13,3.295528155432521e-14,3.317762977109425e-16,3.8404311982975534e-16,5.763198820848543e-15,-0.00015620116698037426,-1.396506558882541e-15,-1.6572304384603503e-11,-3.274846656769979e-16,1.2453566896292753e-7,0.0007023809164301078,2.7959838968164298e-15,9.570914126276447e-16,3.233747615286574e-15,-0.00013403110032230353,-5.483969471846801e-16,2.7844674296473302e-5,2.105919253035358e-5,4.5944285139276595e-6,4.0489803776702365e-11,2.730467654613741e-16,1.8020425168101914e-5,-7.31368726745405e-6,2.7159721783058076e-13,-4.384019930203631e-14,5.845891701914125e-15,1.3372665835279561e-15,0.000212898780589989,1.3021822085822213e-14,-0.00024086550657156558,2.710634023889874e-6,4.680328847604341e-16,5.906334968084106e-15,9.100419232177423e-5,-2.0022558360776437e-16,1.740090264992002e-14,3.914509072213595e-15,-1.696466278563368e-14,-6.499423146578347e-13,-1.3786170456694817e-13,-5.6509166579246944e-12,-9.026943829867197e-15,6.835875022888494e-15,6.943299908748316e-14
0.0,0.0,0.0,0.0,0.0,0.0,0.0,0.0,0.0,0.0,0.0,0.0,0.0,0.0,0.0,0.0,0.0,0.0,0.0,0.0,0.0,0.0,0.0,0.0,0.0,0.0,0.0,0.0,0.0,0.0,0.0,0.0,0.0,0.0,0.0,0.0,0.0,0.0,0.0,0.0,0.0,0.0,0.0,0.0,0.0,0.0,0.0,0.0,0.0,0.0,0.0,0.0,0.0,0.0,0.0,0.0,0.0,0.0,0.0,0.0,0.0,0.0,0.0,0.0,0.0,0.0,0.0,0.0,0.0,0.0,0.0,0.0,0.0,0.0,0.0,0.0,0.0,0.0035136516497546147,9.57936373377305e-7,-1.2131212479498388e-5,3.1697669149131626e-11,4.713957556945313e-14,4.35886040746454e-15,2.0347056809182852e-15,-0.00035746386294449893,-2.0787496719770265e-12,-3.500731324929365e-10,1.2316049018618512e-14,8.421062119978153e-7,-1.217753376363014e-8,0.0007066148038258949,-2.3169643156292056e-6,-4.202978343851103e-10,-5.59578423382346e-5,6.932889374421283e-16,-4.561220724292953e-15,-0.0017273020660195542,-7.7223787450737e-11,-3.168718207107295e-7,-0.002087071411564952,-4.797680556459515e-15,-2.9364425347288484e-14,5.628474502687311e-14,-1.0896191824667676e-8,-2.9985881122001746e-7,2.5404295927873477e-5,-2.3143757321595296e-14,-8.051696548828705e-12,2.1949843614199954e-15,9.457396780005876e-13,7.128144169147297e-15,-1.4780935718485787e-15,6.942169859172851e-10,-9.236111491014049e-12,3.8986531589143595e-6,2.0333717715961046e-13,5.348190295993705e-10,1.248928454730314e-10,3.2003817835727543e-6,-1.2519432804173193e-6,1.0927673627029703e-14,2.0569678812692364e-8,6.157157772497268e-5,-1.28331162166244e-9,4.090428077549617e-12,-4.867867102813628e-9,-1.0331650154208727e-17,-3.0477922708183893e-5,-4.516157706854275e-6,1.685281306655092e-13,-6.354795009964883e-9,-3.0063356671507226e-15,9.75077469529723e-12,-1.337047900959849e-15,-1.0195623689770767e-13,4.555797378608081e-8,2.4630665762873084e-11,-0.0012645108819156657,3.939250612481872e-8,1.1186492892607357e-14,4.625545527442728e-14,2.5778003528965083e-6,-1.0078627201658363e-13,8.345003169231477e-7,-4.395030470813311e-15,-3.190413601486432e-7,2.318577622791592e-14,2.8079873155111944e-12,-3.064243645002505e-14,8.211322725357112e-7,-0.0014583387953744718,1.56747467277904e-8,7.092784234077873e-10,0.00033902950255975506,6.238695801833238e-15,2.389609199188337e-6,0.002346860317003866,-7.071057766279319e-6,8.455836342821225e-13,-1.5304034670228063e-6,-1.9928452256102567e-14,-2.0015371900110047e-8,-4.2410824695655e-10,1.5949888450977767e-9,5.866542081158905e-13,1.5306112019886876e-15,-4.875261470287457e-12,1.6999036707193976e-11,1.0734380592363228e-10,-7.186391869793244e-14,-2.916996391308013e-11,-7.684317749853476e-15,1.0800953096751513e-13,1.4403980108057258e-13,4.2396574428019116e-10,-5.697323296566743e-13,7.099040746033249e-14,3.065482656127548e-14,9.989871921128271e-7,-0.0018162841292986322,4.206363496129242e-10,-1.6452098023187744e-8,-2.1938029895010736e-14,0.00013638925918485739,7.030917025670111e-15,7.993909026177985e-14,-2.00988455383055e-12,5.959680498932043e-10,-1.962136114748112e-14,-1.3118700386978535e-13,-1.0179608192159306e-5,-1.1485036655040846e-8,-1.6512104498004127e-7,-1.912761368805488e-8,0.0002816377096415643,-9.746709379227395e-9,-0.00010080736485428117,-1.1648856098616101e-8,3.169518952745711e-5
0.0,0.0,0.0,0.0,0.0,0.0,0.0,0.0,0.0,0.0,0.0,0.0,0.0,0.0,0.0,0.0,0.0,0.0,0.0,0.0,0.0,0.0,0.0,0.0,0.0,0.0,0.0,0.0,0.0,0.0,0.0,0.0,0.0,0.0,0.0,0.0,0.0,0.0,0.0,0.0,0.0,0.0,0.0,0.0,0.0,0.0,0.0,0.0,0.0,0.0,0.0,0.0,0.0,0.0,0.0,0.0,0.0,0.0,0.0,0.0,0.0,0.0,0.0,0.0,0.0,0.0,0.0,0.0,0.0,0.0,0.0,0.0,0.0,0.0,0.0,0.0,0.0,0.0,0.0034867458019491883,9.715445653047407e-10,4.2052894220527774e-14,1.8244703304182144e-10,1.117857062524426e-14,-1.304045746288675e-13,-1.1271579237304835e-5,-1.2288232272231057e-8,-1.8086547279562444e-6,9.294662461007469e-13,-6.748140322377417e-11,-6.29057643396107e-5,-5.621009853668078e-8,-0.001806286889686453,1.7933761736031356e-13,4.4812817089942435e-9,-2.7551421762090573e-14,5.050902267571474e-14,-1.5886415953584238e-6,3.8339825218133833e-14,-0.0015911965439905076,1.5281568321187433e-7,-2.2931806989330754e-14,-1.6196188074830957e-9,2.09403208801496e-11,9.205922475066487e-13,2.4073792108968262e-11,-2.0344309497362285e-9,-1.8147619017096768e-12,-3.908750775015915e-8,-9.643210120982285e-15,4.487540628701059e-9,-2.9963447555702366e-13,2.0362154791195326e-14,1.0885333520799698e-13,5.377597166852391e-15,-3.1202906310022667e-10,-4.6783940414560724e-11,2.759800542477129e-6,3.320007603422103e-14,0.0003692391654440291,1.000947609101903e-10,-8.508305911678084e-15,-1.788535329061862e-12,1.6658065123580836e-5,-3.794857589756415e-14,2.152786169961586e-8,4.921128462310224e-13,2.6639357713859948e-14,-2.583065098026737e-5,-0.0001562403251105542,-6.251922602935271e-11,-3.282691866763364e-5,-3.280457973803147e-14,4.9740205002156e-8,-7.51030753707937e-15,1.9573926459832202e-10,-3.5839842960421107e-12,-6.3249706650444024e-15,9.665903189073091e-8,0.00020300168046398574,2.5497391600521575e-10,2.854096468494342e-14,-2.0658837044559246e-10,1.7964783156607287e-12,0.0022692482015954528,4.918609920891746e-14,-0.0015641958664834809,2.692788106987643e-14,1.5376692843071917e-8,7.657643179225571e-13,-6.590682983500274e-11,-7.366518534559385e-7,-1.2097504328553088e-12,-6.516187966633134e-14,-2.7056082833921778e-8,3.720354551977515e-14,0.0004836162431361747,-9.320606419098591e-8,5.662350045793864e-10,-8.964828493490972e-15,1.2246981695159048e-10,-2.7253702521531987e-14,1.5576071728023468e-12,-2.1903333715930773e-6,-1.8395013566436328e-13,2.5360595255212676e-9,4.896788125529234e-13,-5.2610400212437315e-15,-4.030562199938242e-15,9.907449958345818e-15,-1.4140852455013007e-12,-2.3009370812154085e-14,1.9279194125372147e-14,1.4674770271744338e-11,1.0260209214949297e-10,2.1878369019859577e-6,3.1416033825868214e-14,2.2611234012826623e-11,-2.3259537171742405e-11,0.0032207039730517218,1.3618278111166273e-7,-7.482395457231715e-14,1.1586048740315342e-12,7.509950963073837e-13,-1.0897340322352299e-8,1.0737301986054332e-14,4.8018719860277075e-11,1.6259809380722786e-15,-1.1707986165295212e-13,5.078114180315615e-13,1.465417772114602e-14,8.150988857568835e-10,1.2922752191257887e-12,1.3096065174335838e-11,-9.878253220510228e-5,1.6278498266785642e-6,-5.0350147944258716e-5,8.06949840739048e-9,6.809860570196387e-13,1.1070080084882703e-5
0.0,0.0,0.0,0.0,0.0,0.0,0.0,0.0,0.0,0.0,0.0,0.0,0.0,0.0,0.0,0.0,0.0,0.0,0.0,0.0,0.0,0.0,0.0,0.0,0.0,0.0,0.0,0.0,0.0,0.0,0.0,0.0,0.0,0.0,0.0,0.0,0.0,0.0,0.0,0.0,0.0,0.0,0.0,0.0,0.0,0.0,0.0,0.0,0.0,0.0,0.0,0.0,0.0,0.0,0.0,0.0,0.0,0.0,0.0,0.0,0.0,0.0,0.0,0.0,0.0,0.0,0.0,0.0,0.0,0.0,0.0,0.0,0.0,0.0,0.0,0.0,0.0,0.0,0.0,0.003418922318393113,-1.2752545190133503e-8,-4.6204810685456355e-14,-4.328521760997527e-17,-1.5673424086278922e-14,-3.695232242219853e-7,6.546891095506914e-14,4.094762958197983e-13,4.830070365987185e-15,-0.00033518931920910273,5.3329292831385755e-12,-6.1385895447303e-5,-1.883286700338458e-9,1.6737348109562017e-7,0.000659411308496915,9.39105169293782e-17,8.27771145313929e-15,-1.6606981677535115e-6,3.080025530265643e-8,1.2469235035552475e-10,2.075680472429465e-5,7.293866966789415e-16,-7.266060297998308e-14,-4.748760258040759e-14,4.338301011845037e-6,0.00011938500338907537,-0.0016898955014845504,1.421008691912216e-14,6.071046073867666e-14,7.68334386255375e-16,2.5346894317745216e-14,3.5886958349540466e-14,-2.6351879595251634e-15,-2.764093107033364e-7,3.605582094287771e-9,-0.001488568298984782,3.136429080690192e-14,-3.7023455951799944e-13,-4.9663409621990674e-8,3.2054628340152784e-9,0.000497395805320464,2.1057622962625626e-17,-8.189868680396669e-6,6.367909706835486e-8,5.109052732310087e-7,9.692326226116018e-14,1.9379904543271697e-6,3.936022328929394e-15,-3.1516252541697955e-8,-4.626695480163286e-9,2.314922304636026e-15,2.6102786180960457e-12,-9.373960596819632e-17,-1.0383140939128025e-13,3.513264674512871e-16,1.6168753178566163e-14,-1.8138874558948293e-5,-9.865689048867702e-9,2.198002524719865e-5,-1.689917333954473e-11,-5.023272034790575e-14,-1.5655963260238648e-15,-0.0010072907169332047,9.190515340162296e-15,2.1810324153350774e-10,1.5801824315256287e-15,1.145270066477725e-10,-1.425349513197898e-14,2.4007179045049328e-14,-1.2432774242158577e-14,-0.00032676601456533015,-1.3122329440449698e-6,-6.240902840771676e-6,-2.8246052585389095e-7,-4.743072586015871e-5,-9.854461342506549e-15,2.3343599923122125e-9,-2.3277038318920182e-6,0.0023373923885833844,-3.6137196764504554e-10,0.0006064776770659051,2.1540362808300574e-14,7.968923872517321e-6,1.2769263316048254e-13,-6.352009268321962e-7,1.0619286115412315e-13,-1.3697784357204904e-14,1.9300614861591796e-9,-6.752719136605317e-9,-4.282247913705693e-8,1.3930722740078624e-14,1.1610462310086726e-8,1.006240886663942e-14,-4.0049545648116196e-14,2.7115004803883312e-14,-2.2594938822530087e-13,2.1170495856772444e-10,-3.911102490438441e-14,2.4435686427320287e-14,1.1832037431860958e-10,2.366328780669348e-5,-1.6759083148679545e-7,6.550107200875717e-6,-6.045150161633568e-15,-2.4977392303018797e-5,1.2128546256125798e-14,4.6077739667755226e-14,8.278888563478915e-10,-2.37389530197049e-7,1.7669480134721029e-15,4.469455051016925e-11,0.0031284791684855757,4.572829290739294e-6,6.574169671116597e-5,8.159412501317452e-12,2.896543221731253e-7,4.230838200655339e-12,5.401793497531333e-5,4.63790607589022e-6,3.277991582570114e-8
0.0,0.0,0.0,0.0,0.0,0.0,0.0,0.0,0.0,0.0,0.0,0.0,0.0,0.0,0.0,0.0,0.0,0.0,0.0,0.0,0.0,0.0,0.0,0.0,0.0,0.0,0.0,0.0,0.0,0.0,0.0,0.0,0.0,0.0,0.0,0.0,0.0,0.0,0.0,0.0,0.0,0.0,0.0,0.0,0.0,0.0,0.0,0.0,0.0,0.0,0.0,0.0,0.0,0.0,0.0,0.0,0.0,0.0,0.0,0.0,0.0,0.0,0.0,0.0,0.0,0.0,0.0,0.0,0.0,0.0,0.0,0.0,0.0,0.0,0.0,0.0,0.0,0.0,0.0,0.0,0.0034090753068682545,9.98744959828854e-15,9.556841741032462e-16,2.2749775658321597e-15,-6.530012768007272e-13,7.498762516741843e-15,1.7775580117422916e-14,4.866600930623035e-16,1.4741221386057436e-7,-3.7218655834494654e-14,-6.704868330942618e-11,4.886186922449375e-14,-0.00024671007713076643,7.151781819053704e-10,2.472424658762204e-16,-7.564234575830214e-16,-2.0251974912277404e-12,-0.0013721379339854559,-2.642443682793322e-14,2.2532396019994922e-11,8.818925451613241e-16,4.3839696503855236e-16,2.3171415984933176e-15,-6.007537010677672e-6,-2.972896690494359e-7,-1.7130205077155438e-9,-7.12257893395454e-16,6.639460802177049e-15,-2.542123131142165e-16,7.014487151844823e-15,2.8406729443512636e-15,5.856350325092466e-16,0.00010662345720851755,-0.0013224855642459815,1.2218064990389074e-8,1.3333210629847988e-15,3.813373082061729e-14,0.0005301314670160846,8.294722369152348e-14,-4.594856276231236e-8,4.837133344387133e-16,2.0781431156857256e-6,1.0758221355302786e-13,-2.4340592672596805e-5,-3.1392873894023273e-15,-8.008648203995869e-6,-4.271000474098833e-16,8.393491861693934e-14,-1.6340000203128265e-14,-2.4013908782093718e-18,-1.7736184819481445e-14,-2.493115816672304e-16,-3.710917041113444e-15,-2.758531044878721e-16,-5.251799689448996e-16,2.51041792270878e-7,0.0015695836695747366,2.4027279304991408e-11,5.373441881389096e-15,4.070932556046979e-15,-5.642551002621878e-16,1.6870455481307878e-8,4.176043514985033e-15,-3.020315698244029e-14,1.2602862076689636e-16,3.4574726558249744e-14,1.884274091160515e-15,6.034050044387932e-15,2.4410924796279055e-17,9.057714743304039e-8,-1.7608269793821773e-12,2.95621339532475e-6,6.475910756620943e-5,-5.162987531118242e-11,-4.3038301220433513e-16,7.280664197385474e-14,-2.434120239384587e-12,-2.5131276721029828e-9,0.00013726087369107315,-3.0951848745042414e-8,2.5679622040893696e-16,-5.042605732998535e-7,1.442075803974265e-14,7.892630743594554e-6,2.979315113156619e-15,1.1389652582875056e-15,-0.0007213299200519909,0.0020994170644496432,0.000306007574308863,2.5615546342452056e-15,-0.0010755344931103164,7.045947963576657e-16,3.990455199713153e-16,2.1431329115241633e-15,2.2309182038294474e-14,-8.06528175804017e-5,-6.453613203819166e-16,1.3571349453381852e-15,3.0027194259234284e-14,2.5874337744577555e-11,2.9271349097604626e-5,-2.879258404920197e-7,1.0966154791431226e-15,-2.7414856512851215e-11,7.372609270304011e-16,2.3209017694350513e-15,-0.00031136126429089246,4.7829910202536455e-5,-1.0753704320520008e-15,-1.705170582475761e-5,-1.3362677661757862e-9,-1.0755639371028123e-5,-2.6212492826565796e-7,6.461572452584926e-14,2.878771560230701e-13,-6.805344176012818e-16,5.918466175033338e-11,-4.2807429322609014e-7,5.798653003575094e-14
0.0,0.0,0.0,0.0,0.0,0.0,0.0,0.0,0.0,0.0,0.0,0.0,0.0,0.0,0.0,0.0,0.0,0.0,0.0,0.0,0.0,0.0,0.0,0.0,0.0,0.0,0.0,0.0,0.0,0.0,0.0,0.0,0.0,0.0,0.0,0.0,0.0,0.0,0.0,0.0,0.0,0.0,0.0,0.0,0.0,0.0,0.0,0.0,0.0,0.0,0.0,0.0,0.0,0.0,0.0,0.0,0.0,0.0,0.0,0.0,0.0,0.0,0.0,0.0,0.0,0.0,0.0,0.0,0.0,0.0,0.0,0.0,0.0,0.0,0.0,0.0,0.0,0.0,0.0,0.0,0.0,0.0033866445332436713,-1.3425082881276928e-8,-3.9008458666717373e-7,2.195530228252543e-13,-6.109629906570196e-5,-4.060901984837305e-7,2.582132939059447e-5,2.08888390536302e-14,-1.1363727388030868e-8,2.5012563534804447e-13,2.7356278684988123e-11,4.513829549838204e-16,1.8130965598268408e-13,6.87727743014912e-10,8.762129216488662e-7,2.326783657216881e-13,2.2263202698455917e-15,-3.12054321835158e-10,4.27823558525452e-15,1.3661185295370168e-7,-0.0002834601100931406,0.0005607506629803337,-3.238793723087912e-14,-1.6688668836500704e-14,-3.889692959736045e-14,-5.189546931816058e-5,-8.567020999408627e-6,-2.6153353553619316e-10,0.00012862512897148632,-7.654876383594889e-6,-1.5194296771886425e-9,8.332661703427258e-15,3.3585681737077066e-15,-1.0888428552934205e-13,-0.001220864707705204,9.754919595961776e-8,8.0434676314641e-16,-5.831231438228467e-12,3.976254411179614e-14,3.325988648629785e-9,1.4583593367801032e-14,-1.3220378128276125e-13,1.0926780456510336e-14,1.5233336822210874e-5,-5.884159177013491e-14,-2.1284874356987642e-8,2.6831924642448493e-13,2.5006114036732904e-12,-0.0015737075297593784,-1.0777837093791035e-8,8.328886863439094e-11,1.3341978232396952e-6,-3.6948024454672276e-10,0.0029177131784458724,-3.2593606474861465e-14,-5.22034970054987e-15,-7.291599489002343e-14,2.674983993058289e-10,0.00024113913442736236,5.400910617764545e-7,-3.6508127564545464e-14,4.262669345884422e-5,-1.9889245276143244e-11,-1.0462127427491967e-8,-1.6524167144335628e-10,-2.2239121869273207e-7,1.8842076670299138e-5,2.3122932656258745e-5,4.076063972685257e-14,1.4532099387001147e-13,-1.482721457688108e-15,5.311096161516913e-15,1.800582679498222e-13,1.060922824874174e-8,-7.67471533322193e-12,-3.0210494341338123e-14,2.4777985703564262e-14,1.0070230583955705e-15,3.2431223605795427e-15,7.211914360145737e-8,-9.805806205655867e-15,-1.4755229664552944e-8,-2.765854619022475e-14,0.00011157491874724042,1.3015935417127044e-5,-8.488475407251364e-16,-3.3534649557191194e-15,3.931798465365307e-15,-4.2659883791832896e-5,3.5982214458114106e-15,-1.2860573929629768e-8,0.0003931043294363987,0.002241216258624492,3.596946283366374e-8,3.276092807487504e-15,0.0006054200637872941,-0.0006121339101844465,-1.6157644488963333e-11,6.700734035432659e-14,-1.513386083164719e-14,-3.9470715262346276e-14,1.3382779551882275e-5,2.381712424171166e-13,1.1119432467500791e-7,0.0011129648101394314,2.9057229490155135e-15,-2.060461069222705e-15,6.505662232620655e-6,1.4475114359257788e-15,2.6644013914730268e-14,-2.014705652825134e-14,-8.089246539456464e-14,-6.521312109564389e-10,1.3339806781233086e-13,-5.1490416376749025e-9,-7.676223122679172e-14,8.01023039777415e-15,-3.106883464640104e-14
0.0,0.0,0.0,0.0,0.0,0.0,0.0,0.0,0.0,0.0,0.0,0.0,0.0,0.0,0.0,0.0,0.0,0.0,0.0,0.0,0.0,0.0,0.0,0.0,0.0,0.0,0.0,0.0,0.0,0.0,0.0,0.0,0.0,0.0,0.0,0.0,0.0,0.0,0.0,0.0,0.0,0.0,0.0,0.0,0.0,0.0,0.0,0.0,0.0,0.0,0.0,0.0,0.0,0.0,0.0,0.0,0.0,0.0,0.0,0.0,0.0,0.0,0.0,0.0,0.0,0.0,0.0,0.0,0.0,0.0,0.0,0.0,0.0,0.0,0.0,0.0,0.0,0.0,0.0,0.0,0.0,0.0,0.0033609052978443936,0.00016422579733857512,1.0478860579393929e-14,-7.425310758056759e-11,-3.2845789220312297e-13,-2.085114279025495e-6,-5.5081264066196195e-15,5.115411667017747e-14,9.79139620422296e-15,8.864819903547708e-14,1.8515562135542475e-15,-8.763780433911559e-15,-0.0002460134829549247,-5.606055794256676e-5,-1.3998764895383125e-14,1.5496636090177518e-15,9.000216766461915e-14,-1.4564978913744304e-14,-0.0003525913789779897,-3.4268261001894915e-10,-5.338767658028771e-8,-1.814711137933597e-15,4.563910612021874e-15,2.9276620218208242e-15,6.437460917863505e-7,-1.041374423252868e-11,9.373506594662029e-5,1.5560659339795872e-10,3.9297824335492e-6,0.0005426327795905714,1.3546172660741968e-15,5.112993552084479e-16,-1.2180783791063814e-14,2.3179092253615106e-8,9.382382079133006e-14,-9.394984263529993e-17,-2.529886030323467e-14,-6.421800676951338e-15,-0.0011596860999240892,-2.162140056305568e-15,-1.7827149983135082e-14,-7.476613241526117e-16,1.8176169348299297e-11,-1.934495144894449e-15,0.0003963661081110346,-2.5769464587330946e-15,-7.121473025297998e-15,1.0868942044283213e-8,1.5475513624198542e-14,-2.978912985831198e-5,1.824097844966814e-12,0.00013230504808367223,1.5940170106024885e-9,-1.3825123752367033e-15,-5.451040350959659e-19,2.6192890110632577e-15,-8.934067911444862e-14,2.899121817080609e-10,-5.6745140260268596e-5,-1.142427188490245e-14,-9.517719878274484e-8,3.001511753879234e-14,0.0029866914260118825,4.3202822828975137e-14,0.0001463981080007202,2.252534980443973e-11,-1.178171872358243e-6,-1.1579689817885424e-14,4.345936729719786e-15,4.825141847441224e-16,-1.0077336035185987e-15,-3.667691723005208e-15,-0.0005309431586420962,6.132072239711049e-14,1.832472932187362e-15,-1.3307836395009472e-14,2.572234439514902e-16,-5.753204163867615e-15,-0.00029351106415159093,3.0835804903247064e-15,-8.066477030298602e-14,1.314245685590163e-15,1.3516672756619297e-10,-1.7264600624307057e-6,-1.0181373006768437e-15,-3.837999531795204e-16,-1.0397073217446907e-15,3.3413112156183333e-7,4.984595678589043e-16,0.002648455109839259,-5.097615348843744e-8,-2.511461710384181e-9,7.994762231516882e-14,-9.283722965410134e-17,-4.254554338180835e-8,1.5804017726812584e-8,-3.178282186039967e-14,2.000673784035097e-14,-4.036898072080187e-16,1.6023259801903838e-15,-5.295054000908626e-7,3.53983503940805e-15,-0.0003549028846448869,-2.3181712167155873e-9,7.320669895374399e-18,-9.04371258917849e-16,-2.2644428021409014e-7,3.267733193015157e-16,-5.820954062472827e-16,-1.3346719985775149e-15,8.384986994968563e-16,-9.104584079532053e-14,3.632800287934894e-14,-7.53969030662458e-14,2.070738342716593e-15,1.8189233374127305e-15,1.0842849472473219e-14
0.0,0.0,0.0,0.0,0.0,0.0,0.0,0.0,0.0,0.0,0.0,0.0,0.0,0.0,0.0,0.0,0.0,0.0,0.0,0.0,0.0,0.0,0.0,0.0,0.0,0.0,0.0,0.0,0.0,0.0,0.0,0.0,0.0,0.0,0.0,0.0,0.0,0.0,0.0,0.0,0.0,0.0,0.0,0.0,0.0,0.0,0.0,0.0,0.0,0.0,0.0,0.0,0.0,0.0,0.0,0.0,0.0,0.0,0.0,0.0,0.0,0.0,0.0,0.0,0.0,0.0,0.0,0.0,0.0,0.0,0.0,0.0,0.0,0.0,0.0,0.0,0.0,0.0,0.0,0.0,0.0,0.0,0.0,0.003355186223804992,-3.529552116777095e-14,-2.147768742294898e-9,-1.412913795316241e-11,-6.0587797781754925e-5,-1.2698591836553803e-15,-5.028027070221919e-13,1.595198499492866e-14,-2.454444879974598e-14,-2.036905107931915e-15,1.6344984918598404e-14,3.6183932982203357e-6,-0.0015842720872428133,3.630206757046156e-14,-2.0279196872178252e-16,4.7145523772505766e-14,1.5270069099331795e-14,-0.0016088576165145954,-9.956554470259215e-9,-1.5513005533672863e-6,7.743832699062334e-16,1.4425902165608414e-15,-3.0661183813639434e-15,1.870552575234256e-5,-3.009122843939933e-10,-1.3792191276887323e-6,4.520386035247799e-9,0.00011418602361436756,-7.935735397788095e-6,-1.9783711009200702e-15,1.0646242628033475e-15,-2.093935878648438e-15,6.735195533095734e-7,3.4396754619090977e-12,-3.066871337398707e-15,1.3980738231160888e-14,1.3096436757819338e-14,1.6003919090096783e-5,4.7169339281079195e-15,1.705191580963567e-14,-1.1166389869395925e-15,5.360846688328183e-10,2.868076224747947e-15,0.00024096653808862252,6.474670411597481e-14,-2.4847064999894786e-14,3.158186999318765e-7,-2.811527539666876e-13,4.383305596944171e-7,4.691018207815782e-11,-1.9466488289664813e-6,4.631310518557359e-8,7.694280325938577e-15,-4.245675936851426e-16,-3.0691927613594136e-15,-1.3551404461360674e-14,8.426315170830184e-9,-0.0015642607597892656,7.991090866191577e-15,-2.7656123992523472e-6,-7.846951027701928e-15,-1.7992209115746817e-5,1.0273694909352973e-13,0.0022635895772031033,6.627877472285735e-10,-3.423451689321922e-5,-1.1889654484495218e-17,1.1613600721847333e-14,-2.695225412059783e-15,-2.7060315896309772e-15,-2.2028054478383048e-14,-0.00010396414041296268,9.682096392558187e-14,-1.2257604663892292e-14,1.2961078604932364e-14,-7.588852948336872e-16,1.094236114346596e-14,-0.0008559524729653008,2.6119089917895866e-15,-6.77131625699408e-13,1.3194432468441838e-15,3.920948472648689e-9,-5.016616628547494e-5,-7.117097758580128e-16,5.497023913846173e-16,-1.1795336654414568e-15,9.708953155171716e-6,3.6951123001143985e-16,2.795307128675359e-5,-1.4812261322146856e-6,-7.29772284751072e-8,1.3460554324410369e-12,1.5785219025487012e-15,-1.2362647456940379e-6,4.59214801631925e-7,6.481333901797882e-14,2.4300437996300524e-14,-1.2266088881797617e-15,-1.6681126133666627e-16,-1.538601673796008e-5,1.0694019638830113e-14,-0.0013159999127172462,-6.735001863278235e-8,-8.742256130254903e-16,4.991916798573099e-16,-6.579869746570951e-6,8.811042462183069e-16,1.626974492758542e-14,-1.5750838808117213e-15,-6.0990223065812344e-15,-5.09727166738414e-14,3.96815614761156e-14,-2.5748044245058275e-13,-5.5382000015291484e-15,5.010463003989171e-15,4.4056496225938255e-14
0.0,0.0,0.0,0.0,0.0,0.0,0.0,0.0,0.0,0.0,0.0,0.0,0.0,0.0,0.0,0.0,0.0,0.0,0.0,0.0,0.0,0.0,0.0,0.0,0.0,0.0,0.0,0.0,0.0,0.0,0.0,0.0,0.0,0.0,0.0,0.0,0.0,0.0,0.0,0.0,0.0,0.0,0.0,0.0,0.0,0.0,0.0,0.0,0.0,0.0,0.0,0.0,0.0,0.0,0.0,0.0,0.0,0.0,0.0,0.0,0.0,0.0,0.0,0.0,0.0,0.0,0.0,0.0,0.0,0.0,0.0,0.0,0.0,0.0,0.0,0.0,0.0,0.0,0.0,0.0,0.0,0.0,0.0,0.0,0.0032036660096304626,-1.2785707395863598e-11,-1.879437588154526e-9,6.551673188386021e-14,-1.1287605790984527e-8,-6.536971199942996e-8,2.2808521580346966e-5,2.3316438609507758e-5,5.130710067417783e-12,-1.7429635077924077e-6,3.408788542385313e-14,-6.89032858044623e-14,0.0006432809627162417,6.461573897024934e-13,-1.5404397755804305e-6,-6.202489578100912e-5,-8.477957617878802e-14,-1.7770889719653442e-12,-4.604135471815508e-14,1.4629066462785479e-10,4.022808468852201e-9,6.309037492457178e-7,-2.806167031093613e-13,-4.094575874632052e-11,1.1686769527371135e-14,4.759351940294496e-12,-1.981954713901079e-15,-2.4161931984075496e-14,-9.627395984464289e-12,8.565605116385187e-14,-4.4962086528519763e-8,2.8112050172744896e-14,2.868023805669341e-9,-1.8856818138262673e-12,-3.9685556307322626e-5,1.6674345217434772e-8,-1.675758820062416e-15,-2.7596869501196197e-10,-0.0007742528979249223,1.7352950014636906e-11,2.2144706935384195e-11,6.535482697162433e-11,3.1762890687273845e-14,0.0003886818170812549,5.728426234611724e-5,3.4916192530444306e-13,-3.4113031976740746e-8,-2.176029315532809e-15,5.179362327169815e-11,1.4366230880319236e-14,-1.5751191886575548e-13,-6.110395078086525e-10,-5.740288947129489e-14,-3.923086488646631e-5,2.0975311242629566e-7,-1.2860558765176078e-13,1.4808163527084124e-14,-3.238766969327492e-8,6.430582363911748e-14,-2.7028159096739958e-6,5.312656947941344e-15,-1.417653632904382e-6,2.1336347854647577e-14,1.547192294326387e-11,1.7283016577634578e-14,-1.0998239038234573e-8,0.0002986626181730553,-2.0986244983527292e-10,-9.746918286502973e-12,1.097653134287975e-5,3.2432257095507924e-14,-2.8900298668951402e-5,3.783051080312274e-5,3.974368320852489e-8,-2.0975748871695878e-13,2.0204535279770445e-8,-1.3363095784101287e-14,2.691360998859028e-10,-2.2760843947467753e-9,-2.1622296775609016e-11,2.8933748148774037e-12,2.1050656361075985e-14,1.853227672656111e-13,-4.951077959511067e-14,-1.6892361207917665e-12,-2.341467602879485e-13,1.2739562413754833e-13,1.922795166042357e-14,1.4636152538057837e-14,7.755135100633724e-14,2.273194667210541e-9,-1.9778132193098976e-13,-5.104780949949739e-14,1.3002381865489134e-13,-1.4617331528650317e-6,-5.527343842424281e-5,-5.7701691346522e-12,2.206617105734624e-10,2.0739581686657378e-14,4.420067415657313e-6,-1.4397048840712637e-14,-5.730322781534959e-15,1.0979875909301229e-13,-8.14423863178345e-12,-1.251877533068538e-13,-9.511178814678189e-14,2.9939506130151916e-8,1.541594909334129e-10,2.2152637975634916e-9,-1.0259437085381448e-7,-0.0006432437521408365,-5.232232087391723e-8,-3.268997720607588e-6,1.5630718324435798e-10,-0.00040075972284664223
0.0,0.0,0.0,0.0,0.0,0.0,0.0,0.0,0.0,0.0,0.0,0.0,0.0,0.0,0.0,0.0,0.0,0.0,0.0,0.0,0.0,0.0,0.0,0.0,0.0,0.0,0.0,0.0,0.0,0.0,0.0,0.0,0.0,0.0,0.0,0.0,0.0,0.0,0.0,0.0,0.0,0.0,0.0,0.0,0.0,0.0,0.0,0.0,0.0,0.0,0.0,0.0,0.0,0.0,0.0,0.0,0.0,0.0,0.0,0.0,0.0,0.0,0.0,0.0,0.0,0.0,0.0,0.0,0.0,0.0,0.0,0.0,0.0,0.0,0.0,0.0,0.0,0.0,0.0,0.0,0.0,0.0,0.0,0.0,0.0,0.0031431343939217304,2.9519532645102507e-5,1.5193856794264053e-7,1.7719482820916698e-14,8.26048852479688e-7,1.0511084964363478e-13,-1.9481411753979043e-9,-2.8018489310715174e-14,5.869192953255742e-14,6.085785999139879e-13,4.073569839423872e-9,8.36564196386315e-13,2.23986511228521e-14,2.2707305043171546e-8,2.894811012045032e-13,-3.026803234855974e-10,0.0005783140246222649,3.2768335374816713e-6,5.484660209916293e-14,-3.059519797565455e-14,5.716988331715812e-14,-3.05433888076562e-7,0.0006198931398505185,-4.485786343276079e-13,-0.0015722195854937612,-4.497703084641362e-8,-1.555387304415737e-12,7.742028308637438e-15,1.1967546440101296e-14,-1.922431893688353e-14,-6.8307795339109705e-6,-7.091088420274261e-6,1.0583959335632608e-14,4.2423659494188447e-10,-4.6964861571009285e-16,2.8652763940879903e-12,-1.400094636682869e-14,1.604203912012295e-11,1.3928798344915696e-16,-0.0010836199830533994,-1.9575141817098473e-14,4.894300360738931e-11,-2.7717955875802087e-11,-1.8003591711140884e-10,-7.940972496686216e-6,7.834355064955754e-7,-6.651720099169316e-14,-9.69622695659394e-5,-4.843790912549622e-13,-1.4013682794037514e-5,2.1549321060770366e-14,1.222293450195129e-14,6.733886389248531e-14,-1.9440765321431004e-8,-8.742116129477631e-5,2.108786998166662e-9,1.9275166031704314e-14,2.508744157477525e-7,1.414006506371128e-9,-3.509796386429617e-12,1.2001597388511988e-8,2.4064707981533075e-10,-0.0013076986842455317,1.3607423015360145e-7,7.80899119519516e-14,3.8503521802714104e-13,6.759978818565246e-15,1.461585326696722e-14,1.359865727996141e-13,-2.1170886812949413e-11,5.523998935093651e-10,9.448709138132173e-14,-3.325973300749857e-14,8.753345872697056e-15,-4.002168682720634e-14,-1.67094064794838e-10,3.5461710056105544e-14,1.072619998081182e-6,-1.8743586046188912e-14,-0.0008996540929239672,7.657543625368871e-8,-2.2167781754704055e-16,-1.0596944081671678e-14,-1.0939264786460555e-14,-2.5107979003630195e-7,2.5846073362953274e-15,5.890252651867841e-12,2.3027902917681965e-6,6.444777281382911e-6,-2.6147473658795034e-6,1.7532508985304597e-15,3.5260395818697674e-6,-3.4801090842085974e-6,1.1354393751718604e-9,3.741007960648916e-13,2.417863160810935e-14,9.850226431880918e-15,7.87587942547854e-8,5.808335581852047e-14,-2.528571696445598e-10,4.208812744843613e-6,-1.3228693617495364e-14,8.122620001163766e-15,3.828759449339247e-8,9.537902701291162e-15,-8.962603371991824e-14,3.268395375717815e-14,-2.9659115959159224e-14,4.739722092412609e-8,-7.092905528994427e-13,3.7427526876838914e-7,8.085292748066974e-14,-2.4474914678516138e-14,1.147834310044896e-11
0.0,0.0,0.0,0.0,0.0,0.0,0.0,0.0,0.0,0.0,0.0,0.0,0.0,0.0,0.0,0.0,0.0,0.0,0.0,0.0,0.0,0.0,0.0,0.0,0.0,0.0,0.0,0.0,0.0,0.0,0.0,0.0,0.0,0.0,0.0,0.0,0.0,0.0,0.0,0.0,0.0,0.0,0.0,0.0,0.0,0.0,0.0,0.0,0.0,0.0,0.0,0.0,0.0,0.0,0.0,0.0,0.0,0.0,0.0,0.0,0.0,0.0,0.0,0.0,0.0,0.0,0.0,0.0,0.0,0.0,0.0,0.0,0.0,0.0,0.0,0.0,0.0,0.0,0.0,0.0,0.0,0.0,0.0,0.0,0.0,0.0,0.003079092192041361,-4.256991423272835e-10,3.259474464750357e-13,0.0001241305733013563,4.513707101186995e-12,-2.9281112200704433e-7,2.6039393056295106e-14,-3.8151312254766514e-13,3.765489541548561e-14,-1.121561434975208e-11,1.1684475866630254e-10,2.1884595523784607e-15,3.412201523973808e-6,-1.1421654342894224e-11,7.762194756755378e-13,-1.6096727614727685e-6,-9.182254038198286e-9,9.243740858736496e-14,-7.133618821508648e-14,2.418316235560079e-13,8.555154708727417e-10,8.992678536526405e-5,-4.3783613598960015e-15,4.082351580395723e-6,1.255886411932416e-10,-3.8540505138056196e-14,4.188355101462893e-15,-8.608517287802394e-15,1.5301440931087678e-13,1.914034666142834e-8,-0.0010338108996828914,-3.453431221205627e-14,6.373147448286393e-8,8.580668073003717e-14,-3.8475953803995095e-14,-1.1045388812121352e-13,2.4175291811691918e-9,-1.7477549603079373e-14,-4.2412750857916336e-5,1.1651989931761059e-14,7.599264598543097e-14,-4.2441447397176235e-9,-2.7044992804897997e-8,2.2250272600441564e-8,0.00011772470389878149,-5.783682773208813e-14,-0.00012103054670115345,-1.1351642901179362e-13,3.926740737925093e-8,1.0901672771143796e-13,-8.60327377323185e-15,-7.503683216287316e-12,-2.921466521981262e-6,2.448186186104125e-7,-5.896629103680012e-12,2.994475747254182e-15,-7.027492048536289e-10,2.125240427683368e-7,-1.0972308977948901e-13,1.8035614777992405e-6,-7.130070229738708e-13,-2.5175338330118785e-5,-3.8112550568697395e-10,2.7720872040842655e-13,5.440322735396878e-11,-4.31262086189213e-14,8.552847934494302e-15,2.2571487514674346e-12,2.0091483128558496e-13,8.303010342961642e-8,7.2104021052474065e-12,1.646743629404118e-13,-2.5612686644406087e-16,-2.1542984460015705e-13,5.630151460892305e-13,8.153682965160326e-14,0.0001607451981352241,-4.948194497656145e-14,2.419551816434481e-6,-2.1447231297793188e-10,-1.4932479620261666e-14,-2.55964043043069e-14,1.6639343218721203e-14,7.035060766975021e-10,-1.5943291071561085e-14,4.155146084651757e-14,-6.452914348914125e-9,-1.8059920758340047e-8,-0.0003889156044716408,-4.4554955369655634e-17,-9.880264283450865e-9,9.75152139947739e-9,1.707313711272084e-7,-1.0071429179528958e-11,-3.729026560103502e-14,1.5333625567137173e-13,-2.2081122280201215e-10,8.500811611374274e-13,7.870272322939919e-13,-1.1794565148156924e-8,-3.9958288155457594e-16,-4.416154324458036e-14,-1.074236701624389e-10,2.0611872326817245e-14,-2.623588967959667e-14,7.092599661038259e-14,-2.897122752116972e-14,7.122603826111605e-6,-1.1011879684923365e-10,5.6243139553185865e-5,-4.234167844646092e-13,4.823774100654831e-14,1.6755585246848958e-9
0.0,0.0,0.0,0.0,0.0,0.0,0.0,0.0,0.0,0.0,0.0,0.0,0.0,0.0,0.0,0.0,0.0,0.0,0.0,0.0,0.0,0.0,0.0,0.0,0.0,0.0,0.0,0.0,0.0,0.0,0.0,0.0,0.0,0.0,0.0,0.0,0.0,0.0,0.0,0.0,0.0,0.0,0.0,0.0,0.0,0.0,0.0,0.0,0.0,0.0,0.0,0.0,0.0,0.0,0.0,0.0,0.0,0.0,0.0,0.0,0.0,0.0,0.0,0.0,0.0,0.0,0.0,0.0,0.0,0.0,0.0,0.0,0.0,0.0,0.0,0.0,0.0,0.0,0.0,0.0,0.0,0.0,0.0,0.0,0.0,0.0,0.0,0.003069985638285219,1.0700472241908603e-14,5.227184395355413e-12,-1.8617621694389725e-14,-1.6887763316585766e-13,-6.090976031330161e-15,-3.3030010833037675e-14,2.1198503102825767e-8,0.0001176781623157845,-5.887996480715283e-14,3.559485461297501e-15,4.881441823565952e-15,4.315667708987986e-14,-8.762381466821384e-6,6.92699750241526e-7,0.00011238162253613863,-2.3953750904746293e-14,7.19627678500985e-15,-5.834739547742585e-15,-0.0013171810086056626,-8.85410757304175e-9,-8.08026189700484e-9,-2.4966880405739483e-7,-0.0012620417148313725,-4.649147018573693e-8,5.747053498933102e-15,2.3944237760058746e-15,3.2968739912172004e-14,-4.8792986235220636e-5,-4.077941955811e-11,-1.2413843213782493e-15,-7.128466757675194e-15,-1.7041387603240494e-14,9.375847182805388e-8,-8.577582109920579e-15,2.1076623154105564e-14,-4.2668280222025986e-15,1.4837692657412318e-8,-2.125406278386674e-15,1.405653550998232e-6,-8.092524690094573e-14,1.0103196627319265e-13,-2.287929224025082e-5,5.1225831243358426e-12,2.567685016664502e-9,1.384843686028276e-9,-1.14050481917898e-8,-3.3544790578061233e-6,-6.2398933070014055e-15,2.837624301640275e-17,-3.1323265793725336e-14,1.9139615851211817e-13,-6.061297540796845e-7,6.0923090163825014e-5,2.7947852842207055e-14,0.00019987055253395817,2.0890965969301217e-13,-1.054058159171716e-7,-3.6012220019810147e-13,6.958280533977544e-6,1.6741301360691108e-8,0.0020631123573463246,-2.563594896865429e-14,-3.655611793545638e-14,-2.6273841887223313e-14,1.514034772838615e-14,1.71249721863025e-14,-6.085060664963495e-7,-7.695456241618311e-14,-1.0445711239758146e-13,5.418279552219555e-16,-7.963137210066528e-16,4.159618661339384e-15,-4.829256569609401e-6,1.4977323387208278e-14,6.710956584694383e-12,-5.267852000026434e-15,-2.3953410257485244e-7,0.0018577426161404177,-6.388559562272648e-16,2.1915626199565006e-15,2.5081389937532033e-15,-0.0006929586601333269,-1.9136571769957322e-15,1.637541941050115e-7,0.00010730375487992171,5.28653022802682e-6,-1.6221839778005095e-11,1.3433025719957614e-15,8.95600459583048e-5,-3.326775820640084e-5,-2.3339868292295647e-14,1.5611502781057563e-14,4.007802377782427e-15,1.9139055902236333e-14,0.0009807404865923917,-2.9524217399967634e-16,-7.306206454052502e-6,4.878981397744249e-6,-2.4438886226876142e-15,-2.8695197457590662e-15,0.000428214993440916,5.913901975243771e-16,2.4762114466714586e-14,8.186091125088828e-16,4.6184490193450105e-15,2.5131297250236925e-13,8.570531766681043e-14,2.3007063923087448e-12,1.5606614741496863e-14,-1.5730092905455873e-15,-1.8200919714186164e-14
0.0,0.0,0.0,0.0,0.0,0.0,0.0,0.0,0.0,0.0,0.0,0.0,0.0,0.0,0.0,0.0,0.0,0.0,0.0,0.0,0.0,0.0,0.0,0.0,0.0,0.0,0.0,0.0,0.0,0.0,0.0,0.0,0.0,0.0,0.0,0.0,0.0,0.0,0.0,0.0,0.0,0.0,0.0,0.0,0.0,0.0,0.0,0.0,0.0,0.0,0.0,0.0,0.0,0.0,0.0,0.0,0.0,0.0,0.0,0.0,0.0,0.0,0.0,0.0,0.0,0.0,0.0,0.0,0.0,0.0,0.0,0.0,0.0,0.0,0.0,0.0,0.0,0.0,0.0,0.0,0.0,0.0,0.0,0.0,0.0,0.0,0.0,0.0,0.0030475135621154804,1.8979798984672696e-13,-1.9710862866429963e-6,2.60232798535306e-11,-2.152389440691978e-6,2.102376306492231e-5,-3.546536200645214e-15,1.2313275099754093e-15,-5.0944315670106665e-8,-3.319059826304714e-7,-1.9347914316540356e-12,6.662986401079873e-7,-8.829300268522421e-15,2.1085767338276e-14,-4.459667706587068e-14,-5.609824210386223e-5,-0.0014930606926704568,-5.0330218654558714e-5,-4.299999968552239e-15,3.159982426173739e-14,1.5025731914711241e-15,-8.420240489197268e-14,2.8002551734142094e-14,1.337976607195035e-15,3.5691023423362095e-6,1.7346319754769372e-8,0.0003583564887512023,2.929424695526303e-14,2.3626198319815446e-13,6.165495769916405e-7,-4.4277709339489396e-11,-0.0012980650537766016,1.6068451601654367e-15,0.00010589885985186822,-8.22301684173354e-10,-6.6053723139994355e-6,2.0451383679229798e-14,-2.5059846994676058e-5,-1.6123648055365715e-15,4.277891109706495e-10,6.377927561538289e-11,5.082425587281482e-14,-3.2868137626282066e-14,1.6177071899468383e-16,8.16290435636067e-14,1.1706956147020984e-15,8.134953674241945e-15,0.00023387324036932644,5.1650802732323034e-8,7.056625311396545e-7,3.743750568537075e-13,-1.2092897252672566e-14,-5.700664181539275e-16,0.0004935854606756339,1.0856883939521843e-14,-3.072171855611899e-12,8.067338116820643e-16,-1.6636759489283497e-12,1.89493743696579e-15,-9.07196247838983e-16,5.632101260242878e-15,0.002226092462261751,-4.1031114615193275e-8,8.069976458337255e-5,3.6493797148728955e-6,-1.523005996398893e-6,-1.821314405973249e-15,-3.209521779331272e-11,-7.460544651196711e-8,-7.383395324523991e-5,-1.971500289466368e-9,-0.0008936151086189882,-7.0313734186444694e-15,-0.00010301589921309141,-7.01717472975768e-14,8.213432501853105e-6,6.92690210836972e-15,-2.025584075922172e-14,9.938476189923276e-9,-1.4235844657780337e-8,5.38935312088446e-7,1.2377032475150201e-14,-9.810567081923876e-8,-6.302684873610784e-15,-2.3282858720586312e-14,2.423042015265992e-14,2.304505530645178e-13,1.1620455226615432e-9,-5.463062778161547e-14,1.159467995216911e-14,-1.3794997409533288e-12,7.596548556565846e-7,2.1657130798821306e-6,-8.46568369968206e-5,1.7292176389625953e-14,-8.020279040554357e-7,-6.920803557571945e-15,1.9204861660258858e-14,4.358900581900184e-9,3.0673848124093024e-6,3.158216214581639e-14,2.4551053678963097e-10,-3.9245258490910874e-5,-5.913084350178393e-5,-0.0008354753585482115,-1.84618443809947e-14,6.918759169515327e-9,7.080831697610262e-16,1.7344475673818267e-6,-5.996285737142549e-5,-4.313162717073621e-10
0.0,0.0,0.0,0.0,0.0,0.0,0.0,0.0,0.0,0.0,0.0,0.0,0.0,0.0,0.0,0.0,0.0,0.0,0.0,0.0,0.0,0.0,0.0,0.0,0.0,0.0,0.0,0.0,0.0,0.0,0.0,0.0,0.0,0.0,0.0,0.0,0.0,0.0,0.0,0.0,0.0,0.0,0.0,0.0,0.0,0.0,0.0,0.0,0.0,0.0,0.0,0.0,0.0,0.0,0.0,0.0,0.0,0.0,0.0,0.0,0.0,0.0,0.0,0.0,0.0,0.0,0.0,0.0,0.0,0.0,0.0,0.0,0.0,0.0,0.0,0.0,0.0,0.0,0.0,0.0,0.0,0.0,0.0,0.0,0.0,0.0,0.0,0.0,0.0,0.003022097923973298,1.472254264288728e-10,-1.0364715655125612e-5,-5.02101044888563e-14,-1.144783469109024e-11,5.9679303458653834e-15,-5.2117980312243743e-14,4.14370802209709e-9,-7.412056773085773e-14,0.00012077949259345012,-4.011032234134592e-10,-1.368213826827528e-13,2.0222010387788515e-8,1.1516661593222293e-10,5.4545330202543975e-15,-1.693518062518968e-13,4.2695652084832804e-12,-8.512843526001726e-12,-1.1297347735022401e-6,1.9027858481993356e-14,-5.128836995582136e-8,8.102884558463355e-13,-6.802925078000207e-14,2.6760490884345283e-14,9.022762907431458e-16,-3.8355406771427793e-13,-2.406398179596363e-10,-0.00015049520697687604,-5.750007281084024e-14,2.2559060341543713e-6,5.902588251693229e-13,-3.7243017150100124e-14,1.2537918877632282e-13,8.556716246113088e-8,-5.948263837643481e-14,5.328445240112507e-7,-4.998735371242882e-14,1.3873658401967627e-14,-1.5022493546312324e-7,-9.573276556528042e-7,-2.7969654311859935e-10,0.0019476028957141412,4.325665830654707e-14,1.5193232289061154e-6,-2.7903143761880296e-14,-4.931772617439089e-10,-9.952641914958194e-14,3.667670525223059e-14,-2.5352089659807797e-10,-0.00010338101333642404,-3.075751028170067e-9,-1.2358135740323024e-13,3.109396213195329e-14,8.656684589708238e-12,7.522781279665035e-6,-1.0683537807512896e-13,6.384041407481168e-5,2.8869714743548686e-14,3.1628725809009777e-7,1.565037352785559e-12,2.9498625217890026e-13,1.9290029203679577e-9,-1.151350456848885e-13,4.995131462017967e-14,7.049181137370547e-11,3.144641071907082e-14,2.939034004143452e-6,2.4457779328443413e-10,6.576301035818819e-14,-2.6270594242855388e-14,5.458426302551979e-13,2.676041112596759e-13,2.0340719408243155e-13,0.0001462912434168185,-8.454956411536501e-14,-3.039757974146497e-8,-4.668931123691591e-13,3.580735497343795e-15,1.0810946531564934e-14,-1.5891148980623854e-14,-7.78836703035374e-12,2.0287561807602207e-14,6.017050473078549e-14,8.062255584122708e-11,2.269056750152118e-10,-0.00013694364276241002,-8.59532024660302e-16,1.2391561869897355e-10,-1.2269001452242723e-10,6.0434046643503e-6,-3.5763763082136177e-10,4.3620263630137066e-14,2.389294883585676e-13,1.4834003636459644e-12,2.8122777358016334e-11,9.222665988464114e-14,1.480336786415309e-10,-1.5238343701237052e-14,7.233240542832667e-14,8.768370773366523e-13,1.82887878248594e-14,-3.641419454080389e-14,-1.0223850768101742e-13,-3.7891503905073386e-13,0.00025134138453526125,-3.901431811050746e-9,0.0016865604927648165,-2.1021227571559947e-11,8.376901644322424e-14,5.932115463394014e-8
0.0,0.0,0.0,0.0,0.0,0.0,0.0,0.0,0.0,0.0,0.0,0.0,0.0,0.0,0.0,0.0,0.0,0.0,0.0,0.0,0.0,0.0,0.0,0.0,0.0,0.0,0.0,0.0,0.0,0.0,0.0,0.0,0.0,0.0,0.0,0.0,0.0,0.0,0.0,0.0,0.0,0.0,0.0,0.0,0.0,0.0,0.0,0.0,0.0,0.0,0.0,0.0,0.0,0.0,0.0,0.0,0.0,0.0,0.0,0.0,0.0,0.0,0.0,0.0,0.0,0.0,0.0,0.0,0.0,0.0,0.0,0.0,0.0,0.0,0.0,0.0,0.0,0.0,0.0,0.0,0.0,0.0,0.0,0.0,0.0,0.0,0.0,0.0,0.0,0.0,0.002909305164922048,-5.4794040925663195e-8,-4.3266257650497776e-10,-0.00031871649684307577,1.9633541615057787e-14,3.062210386894756e-14,0.00010783080124756941,-6.657579984348794e-11,3.6143420504511947e-9,-0.001378071147200044,2.134530155654199e-14,-6.205477911429455e-14,-1.887046113163464e-13,-1.1264673563904682e-8,-2.757164243937877e-7,0.00011536813592542116,4.691702040388089e-14,2.651028766556767e-13,9.411744463199012e-15,6.112588206293281e-14,1.8235788541324325e-14,1.0934817337224542e-14,7.160951950247252e-10,3.833021242962427e-12,-7.981867067247084e-6,4.615191245972597e-14,2.0073467136274618e-12,1.239860235953587e-10,9.32623822878866e-8,2.170639202549899e-6,-2.105799262755807e-14,2.1264521039200263e-8,1.7418072204151428e-6,-1.3259220745126307e-9,3.473153592356717e-13,-5.031861364016574e-9,-1.2953109911623202e-14,-9.050232169233743e-7,-1.3461710220220799e-7,1.6126646150504645e-13,-1.9194439966274814e-11,8.925514357212075e-15,-2.7080786024179957e-13,1.4085708046553936e-15,5.92853301298013e-14,4.664235078305757e-8,1.0287659983216327e-11,-0.001428491739526632,-4.877348220626454e-10,-7.81563879700685e-15,-1.0877366011546213e-14,-5.589981823154853e-6,6.801497426018692e-14,6.3514864036368746e-9,6.234830832432159e-15,3.328866373622527e-9,-1.516181647615937e-14,2.402686952873704e-13,-6.42579733920476e-14,-5.035149507749288e-7,8.68462175611637e-5,1.6206224913187013e-8,7.330631681982917e-10,0.0016781195420048616,-1.4252930746110035e-14,6.791724413935346e-8,0.00015760590334883734,7.2199103780929765e-6,-7.296125051958887e-13,3.090361121205451e-6,-8.18245838533072e-15,-2.0673390671621464e-8,-2.2781680545774413e-12,1.6494498816857103e-9,8.34423855112654e-14,3.465473257647019e-14,2.259320032481693e-12,-2.9016922106922844e-12,1.0874786816898007e-10,-1.990200990959362e-14,-1.9859123768518538e-11,6.430229044156877e-17,-1.9499930123184622e-13,3.416224357938747e-14,1.5008671526203376e-12,8.155503907727247e-14,-2.0634227963639038e-13,4.1985369609844094e-14,3.434537162097422e-9,-0.0015574826761730952,4.3486554343446083e-10,-1.698041021669342e-8,-3.11867496598574e-14,0.0007175565751411762,2.4679999961007835e-14,5.953125976459426e-14,1.0023767000321166e-12,6.161863193620632e-10,-4.813527713353468e-14,-6.266888480065583e-14,5.450117416967607e-6,-1.1874649128379883e-8,-1.608196128434722e-7,2.2786736581222046e-10,-1.4644610632033074e-5,3.7094120792953816e-11,-0.0005831536667720553,-1.2037117912325367e-8,9.138857615697764e-7
0.0,0.0,0.0,0.0,0.0,0.0,0.0,0.0,0.0,0.0,0.0,0.0,0.0,0.0,0.0,0.0,0.0,0.0,0.0,0.0,0.0,0.0,0.0,0.0,0.0,0.0,0.0,0.0,0.0,0.0,0.0,0.0,0.0,0.0,0.0,0.0,0.0,0.0,0.0,0.0,0.0,0.0,0.0,0.0,0.0,0.0,0.0,0.0,0.0,0.0,0.0,0.0,0.0,0.0,0.0,0.0,0.0,0.0,0.0,0.0,0.0,0.0,0.0,0.0,0.0,0.0,0.0,0.0,0.0,0.0,0.0,0.0,0.0,0.0,0.0,0.0,0.0,0.0,0.0,0.0,0.0,0.0,0.0,0.0,0.0,0.0,0.0,0.0,0.0,0.0,0.0,0.0027877047738861477,2.1830281834915064e-13,-1.8947214685234363e-9,-5.805455576408942e-14,2.5897439126718674e-14,-1.6016602882201428e-6,2.1885690648593027e-13,-0.00026457683571923577,1.284203660266661e-7,3.0289928053996554e-14,2.3926466014527444e-11,3.0656462321150164e-14,-2.4738391477662944e-13,-1.6746628640767116e-12,6.859358014265583e-10,-1.6963425135181733e-13,-1.311805941445104e-9,-9.34617976757456e-15,-5.923436956852569e-11,5.650166725000427e-14,1.770625677220475e-14,-5.324084197640894e-14,1.3579237750863036e-13,-4.7785280619648635e-11,-2.9462140508660815e-13,-1.746064166585256e-7,2.0061033696645834e-13,-0.0008544448968738958,1.2013920613270108e-11,3.3284258745050355e-14,-2.546769314766665e-13,-3.312425725877395e-5,3.2216303542802716e-14,6.180188425971005e-10,3.5793938316959346e-13,9.024331084059374e-15,5.815347357473465e-5,0.0003690347509739101,5.3019989130509463e-14,1.3832250531938508e-6,-3.230779883349183e-14,1.7630453610299443e-9,2.2088305694847296e-14,-7.121859338889556e-13,-1.5635588601908193e-13,-1.75089242123393e-13,7.028129572042579e-8,3.571001679101165e-5,-3.779798941590565e-12,8.165788912682649e-14,-3.290028942923347e-11,-8.70103981465855e-14,-0.00045382064853839244,1.1762879962400599e-14,-0.00024360866823651647,7.755069266727358e-14,3.6676511625501163e-10,-6.360569148090269e-14,-3.2370915437510447e-12,-7.450906781673606e-7,1.979029511010762e-13,-2.437085647271396e-13,5.464104156530772e-9,4.5289342642378965e-15,-0.0010845315985488168,-9.174564414307218e-8,4.327458627858569e-11,1.3307991750721263e-14,1.8221825550332648e-11,-6.720001558212106e-14,-1.5587048027739544e-15,1.6910517035890457e-7,1.3016490405350178e-14,-3.5287666125193707e-11,7.046939553516917e-14,4.4568631430853816e-15,4.0032692398675467e-14,1.149682081577743e-13,1.1018672661907164e-13,-7.12150744010423e-14,-2.2008907431507045e-14,-2.575687530114262e-13,3.3065383189813095e-13,-1.587645495434595e-7,-3.0006301816017057e-14,-8.606575693303478e-14,-1.7473757348546957e-13,-0.0002482417642174423,1.0796714220540647e-7,-9.44687278569558e-14,-3.2652047321430974e-13,8.81990589095323e-14,3.022056522086761e-9,2.098402799988686e-14,-7.073285423589868e-14,1.1293805936642064e-13,-3.024520367109742e-13,1.1210888015333529e-13,-1.2077730361547448e-14,3.2399180129011345e-11,2.725718957417136e-13,-1.3557888264646963e-12,-1.6719709946738842e-5,1.5099713621099233e-6,-2.72733792324318e-6,-3.2662572384554085e-9,-7.72128533636365e-14,-2.296416034030519e-5
0.0,0.0,0.0,0.0,0.0,0.0,0.0,0.0,0.0,0.0,0.0,0.0,0.0,0.0,0.0,0.0,0.0,0.0,0.0,0.0,0.0,0.0,0.0,0.0,0.0,0.0,0.0,0.0,0.0,0.0,0.0,0.0,0.0,0.0,0.0,0.0,0.0,0.0,0.0,0.0,0.0,0.0,0.0,0.0,0.0,0.0,0.0,0.0,0.0,0.0,0.0,0.0,0.0,0.0,0.0,0.0,0.0,0.0,0.0,0.0,0.0,0.0,0.0,0.0,0.0,0.0,0.0,0.0,0.0,0.0,0.0,0.0,0.0,0.0,0.0,0.0,0.0,0.0,0.0,0.0,0.0,0.0,0.0,0.0,0.0,0.0,0.0,0.0,0.0,0.0,0.0,0.0,0.0027856792941890756,4.765899226691782e-9,6.335732723737127e-16,-7.821704030974616e-15,5.105355408649012e-12,0.0006058371665074395,7.301664180165039e-14,-6.139785542691666e-11,2.377941671592396e-15,-1.1294022752134252e-14,1.138274675913383e-14,9.59163869515163e-5,3.595123505200853e-6,-1.1509414529760207e-8,-2.8677854622237615e-15,-7.037778008079537e-15,-1.9229186148582422e-16,-6.909668433850188e-15,-5.738486080472221e-15,-1.7222020364091183e-15,-0.0016160740064188178,-3.174643204565625e-5,8.172172374780232e-8,5.886559025056779e-15,2.2459416981415873e-14,-0.0011059988537810404,2.558338013421013e-13,-2.689797148887911e-7,-6.295816423689515e-16,-3.311343352902696e-5,1.4544718068307547e-13,0.0003876845248742925,-4.7702378820357586e-14,0.00012789668640412414,-2.554510208854874e-15,-1.1357438297614934e-13,2.7430990514795498e-14,-4.280423447153795e-15,-1.2389621165432152e-14,1.1874700550830526e-16,1.5682568489429097e-14,-2.3349502203607687e-16,-2.951077830622748e-15,-3.829310178903575e-6,-9.450491992186757e-5,-6.032916958529154e-11,-7.957427760533766e-14,4.080666113031712e-15,-1.1595281997185513e-14,1.118954221506806e-7,9.629471470805853e-15,-5.0716023006485504e-14,-2.2466567750616498e-15,1.8011152160728332e-13,7.317740570528751e-16,-5.694299052964463e-14,7.627859779415662e-15,2.731756736404426e-7,3.733949698648031e-12,-4.715861582482554e-5,-0.0010085586125294364,-8.85485976258445e-11,-1.436845617413271e-15,1.2368155655750654e-13,7.328881499125676e-12,-1.6899998527488668e-8,3.6084798485868007e-6,-1.9604806548799618e-7,8.095738347063217e-16,7.975233297255367e-6,-2.9268225914235625e-14,-0.00012601946199846897,1.3403596004301846e-14,1.6009016548593017e-15,-1.818815923974076e-5,2.6052784791975902e-5,-0.0009522260777124282,-1.1335530042693981e-15,0.0001794072695761229,-3.116350713083982e-15,-9.001809150115998e-15,1.7314076638541193e-15,3.787521043682418e-14,-2.126147661747343e-6,9.886180718364996e-16,-2.67787484688053e-15,-1.1712983321589172e-13,-6.834797648237661e-11,-0.0004596241982570306,4.533810268596789e-6,-3.160856513711701e-15,-7.170713428711394e-11,-7.559949611190988e-16,-1.3739289266757033e-15,-7.976970364766954e-6,-0.0007481149048621662,4.427896423445934e-15,-4.4919894624149117e-7,-8.984516266784692e-9,0.00017175308242992497,3.5415226684628505e-6,-8.05529150372619e-15,-8.062830457253945e-13,-1.666211795242525e-14,3.0696711627066233e-10,6.79152177626344e-6,4.880697063684239e-13
0.0,0.0,0.0,0.0,0.0,0.0,0.0,0.0,0.0,0.0,0.0,0.0,0.0,0.0,0.0,0.0,0.0,0.0,0.0,0.0,0.0,0.0,0.0,0.0,0.0,0.0,0.0,0.0,0.0,0.0,0.0,0.0,0.0,0.0,0.0,0.0,0.0,0.0,0.0,0.0,0.0,0.0,0.0,0.0,0.0,0.0,0.0,0.0,0.0,0.0,0.0,0.0,0.0,0.0,0.0,0.0,0.0,0.0,0.0,0.0,0.0,0.0,0.0,0.0,0.0,0.0,0.0,0.0,0.0,0.0,0.0,0.0,0.0,0.0,0.0,0.0,0.0,0.0,0.0,0.0,0.0,0.0,0.0,0.0,0.0,0.0,0.0,0.0,0.0,0.0,0.0,0.0,0.0,0.002608625114952164,-3.8741251363060955e-15,5.2209772959369784e-14,3.9848249580444324e-6,-3.221172421767507e-10,-5.85230828495854e-11,-4.818118192946902e-5,2.016374471969261e-14,2.7177287889257374e-15,-1.6736037132033016e-13,1.3245831141499323e-7,3.2460936043272573e-6,-0.0013187412932983101,1.6005284258990573e-13,8.726973721700645e-14,1.1956106014002429e-14,5.3638127849538176e-14,5.790779793171339e-15,2.0232370407600598e-14,-5.4860456514538625e-9,1.703055502572489e-11,9.396925353424147e-5,-1.1135336661472854e-13,3.1790434803834596e-14,5.630058837256964e-10,2.8263407447068913e-9,-2.5555570295975868e-5,-7.050693565358068e-15,-2.502923864774125e-7,6.434702384981156e-8,1.4910155068983805e-8,1.0759480726811419e-13,5.901508637901349e-8,-1.7556071892920456e-14,-3.340450838959145e-8,-4.707895521877117e-9,-2.9846838885542765e-14,2.0749142070887713e-13,8.808622796670437e-15,-2.130433239133048e-13,9.895298956228333e-15,-1.4079015277718319e-13,-5.491294746978178e-7,5.0807835780399136e-11,-4.724346505124007e-5,8.103203655151302e-12,-3.496726204907217e-14,2.1499764922358074e-14,6.581151592792524e-5,7.714678255328112e-14,-9.43461634025132e-11,6.0678780987141905e-15,-5.454390157759764e-11,1.9323987955803155e-15,-3.8028900841896843e-14,-2.820504119310244e-15,5.928053263704737e-6,3.2091926344316233e-6,-1.9070509325509555e-7,-6.786643378787909e-9,-6.955497015626936e-5,-2.267578403762703e-15,1.7220615198642933e-9,5.798154252755435e-6,-8.497703130993026e-5,-2.0588212699589475e-12,-3.638365348003211e-5,-1.563049003674615e-14,2.433770208214338e-7,2.910599629829496e-13,-1.9188950267370507e-8,-4.310015407519278e-14,2.796111720134785e-14,9.84911155508825e-12,-1.3863448526560013e-11,4.6563445161920946e-10,1.4609842397130155e-13,-9.613406896939461e-11,-2.0821530156522836e-14,-1.0806256328549497e-13,-3.9146107196899035e-14,-3.5901530467583386e-14,1.1543342691495707e-12,-6.898243512368309e-14,4.158419401303173e-15,-5.3390630187410445e-11,-5.326261611203622e-5,-4.280543413759985e-9,1.9990702857489782e-7,4.487585472175379e-14,-5.689901299441076e-5,4.119140751026679e-15,-1.205817245514307e-13,4.428290612443813e-12,-5.885356508348977e-9,5.563477155797402e-14,3.127872555140744e-13,-6.413417601750021e-5,1.3948968221911228e-7,1.8933805664672803e-6,-4.021235076554476e-12,-5.412079497703814e-7,-1.971044388950695e-13,0.00024060395394815692,1.4170228023480644e-7,3.375764487192953e-8
0.0,0.0,0.0,0.0,0.0,0.0,0.0,0.0,0.0,0.0,0.0,0.0,0.0,0.0,0.0,0.0,0.0,0.0,0.0,0.0,0.0,0.0,0.0,0.0,0.0,0.0,0.0,0.0,0.0,0.0,0.0,0.0,0.0,0.0,0.0,0.0,0.0,0.0,0.0,0.0,0.0,0.0,0.0,0.0,0.0,0.0,0.0,0.0,0.0,0.0,0.0,0.0,0.0,0.0,0.0,0.0,0.0,0.0,0.0,0.0,0.0,0.0,0.0,0.0,0.0,0.0,0.0,0.0,0.0,0.0,0.0,0.0,0.0,0.0,0.0,0.0,0.0,0.0,0.0,0.0,0.0,0.0,0.0,0.0,0.0,0.0,0.0,0.0,0.0,0.0,0.0,0.0,0.0,0.0,0.0025938505634408504,6.112557331883144e-7,-8.314302263734352e-15,1.0660736539998065e-15,1.136062534894967e-14,2.175837034501692e-14,-7.798108545976329e-6,-2.0588875271808153e-12,-2.763667204456948e-10,4.914403474077824e-16,-1.3737926916617458e-15,-5.147539919806247e-15,3.019445097653703e-9,-9.46786434114529e-14,-0.0013522090622477493,5.712177040860864e-13,-3.696692991482936e-8,-0.0010961888502823008,1.210211905446478e-15,2.2905375450524484e-16,3.835845747885529e-15,1.1993590982803187e-10,1.3978667713800102e-14,1.0580831555107615e-15,-3.0308801759390103e-14,-8.081260838886473e-15,0.0003861100485102054,1.0517668655540717e-15,5.084799705456426e-15,-7.964435352680326e-16,-1.143534040674618e-13,1.350042549354726e-15,1.0844588175202778e-5,-3.438917819198039e-14,6.101676119591719e-15,5.656681196253811e-11,7.030051780597341e-14,0.0004380812296839583,-9.408844588689749e-15,-0.0018490219559422149,8.264950378979183e-12,1.6537441948954672e-15,-4.1558993043662433e-16,8.871463460931955e-15,-4.1216026571216797e-14,1.5437666435184513e-12,5.64298647639175e-7,-4.816690003282155e-15,-4.882139284542406e-10,5.0689918651629424e-14,-5.8576169699851776e-5,-6.796454172859778e-15,1.0144066599951084e-6,-3.9835674308276713e-13,-2.684784595255232e-9,-2.277520091806038e-15,4.5315073574095344e-15,2.63144445872187e-16,9.076935619113994e-16,1.0863330800265656e-14,-1.4302638514665469e-5,-1.3716411607649786e-14,-5.149058123754934e-15,-3.0733832877741825e-15,-1.0195746306640489e-16,-6.127069636538572e-15,-7.160994115119834e-6,1.445300885713736e-15,2.3321259285904513e-14,1.4176111664364093e-16,4.817291227871334e-13,5.590981400021996e-9,3.7625234259416226e-16,-3.1665330500326487e-16,8.039131445826925e-16,1.6430911127453299e-9,-3.9933701040753365e-17,3.2297182904993776e-5,-2.6393894314251767e-10,-1.3121896191543587e-11,-1.9986210748381634e-13,4.044327715004193e-17,-2.201391791439541e-10,8.200829094004573e-11,3.3384226698002804e-14,2.7334097976080462e-14,-8.034997567496831e-16,-7.281417279339891e-16,-1.643655557585351e-9,-2.50285234670667e-16,-8.27021041890215e-6,-1.1826313547573958e-11,3.0306170963112837e-16,8.533012898570243e-16,-7.75563423481975e-10,8.30724188267047e-17,6.832229969438033e-15,7.827920416283042e-16,-3.4146947459044012e-15,-3.0931296815632175e-14,3.954174111331928e-14,-6.307072132548398e-14,3.627504999159402e-15,2.117249189628656e-15,-4.871353628014028e-15
0.0,0.0,0.0,0.0,0.0,0.0,0.0,0.0,0.0,0.0,0.0,0.0,0.0,0.0,0.0,0.0,0.0,0.0,0.0,0.0,0.0,0.0,0.0,0.0,0.0,0.0,0.0,0.0,0.0,0.0,0.0,0.0,0.0,0.0,0.0,0.0,0.0,0.0,0.0,0.0,0.0,0.0,0.0,0.0,0.0,0.0,0.0,0.0,0.0,0.0,0.0,0.0,0.0,0.0,0.0,0.0,0.0,0.0,0.0,0.0,0.0,0.0,0.0,0.0,0.0,0.0,0.0,0.0,0.0,0.0,0.0,0.0,0.0,0.0,0.0,0.0,0.0,0.0,0.0,0.0,0.0,0.0,0.0,0.0,0.0,0.0,0.0,0.0,0.0,0.0,0.0,0.0,0.0,0.0,0.0,0.0024658475440758718,2.922015202613997e-14,4.4201684995930634e-15,1.996376926396345e-13,2.9896008994931775e-15,-0.0002657139666566643,-9.936187656403207e-9,-1.6118369532268887e-6,4.137586749958009e-15,-5.003100669019312e-15,4.4517476758478365e-14,1.7626241743523268e-5,1.2734119713378014e-10,9.011200195355298e-8,3.581206898705033e-9,-0.00021580086291948238,-1.1384392324406865e-6,-9.517427715339395e-16,1.7123093843624216e-15,1.7948569373842787e-14,6.998535490189453e-7,6.786028767114128e-13,-6.349092514468432e-15,1.9627654961214774e-13,2.5652872867266564e-15,2.7481671272406875e-6,1.951500390426232e-14,-3.390791142354775e-14,-3.691251504604782e-15,-2.1162495383760422e-10,1.7478903537595653e-14,4.263300752575403e-5,8.274592479241555e-14,-5.427434323053748e-14,3.281672179837308e-7,-3.4126088821423335e-14,-3.070313948225402e-8,-2.0076805715101333e-11,1.1243462384092156e-7,4.811474153124848e-8,-1.5792440013454518e-15,-2.445231316357078e-16,-5.105886382135536e-14,-8.753392344109698e-14,8.69411675087923e-9,0.0015714103526029775,2.732763697328328e-14,-2.8506175985173867e-6,-2.389498695498606e-14,-3.1826440626249013e-6,2.1068403684328645e-13,0.00021050511493723436,-2.390644550657519e-10,-1.5673365689914325e-5,2.1883698040885325e-15,-5.995390406652606e-14,-3.090775640638213e-15,-6.031239463208877e-15,3.069403064203826e-14,-1.8453583094800005e-5,2.5123824814274308e-15,9.102230911346854e-14,6.185218361160345e-15,8.875031394641756e-16,4.899264415867101e-15,-0.0001464611487864036,5.830173479125863e-15,-4.868977934826548e-13,-3.2765027036311904e-15,3.43550053264132e-9,3.264779257751826e-5,2.7199667204231956e-15,5.061517719598879e-16,-4.636369736021429e-15,9.591901104984919e-6,5.20636150525959e-16,4.9590032222384266e-6,-1.5389596030425008e-6,-7.582653231671228e-8,5.401456890527566e-13,9.03104348327369e-16,-1.2845442807986263e-6,4.771684066298611e-7,9.658905575808149e-15,-1.420217016013967e-15,-7.685952126328015e-15,-9.650223796243212e-16,-9.597847353148971e-6,5.598095217175669e-14,-0.00022157043154653953,-6.9981083201154e-8,4.8607786117608205e-16,-2.4003059652514854e-15,-4.524421143760313e-6,3.011262785559702e-16,3.896968073004108e-14,3.2939283058416694e-15,-3.3381974921820025e-14,3.0637590428724364e-14,-1.1116796075536978e-13,-1.8862249778548512e-13,-5.3049884917819507e-14,2.1581181452350242e-14,2.0041166216659424e-13
0.0,0.0,0.0,0.0,0.0,0.0,0.0,0.0,0.0,0.0,0.0,0.0,0.0,0.0,0.0,0.0,0.0,0.0,0.0,0.0,0.0,0.0,0.0,0.0,0.0,0.0,0.0,0.0,0.0,0.0,0.0,0.0,0.0,0.0,0.0,0.0,0.0,0.0,0.0,0.0,0.0,0.0,0.0,0.0,0.0,0.0,0.0,0.0,0.0,0.0,0.0,0.0,0.0,0.0,0.0,0.0,0.0,0.0,0.0,0.0,0.0,0.0,0.0,0.0,0.0,0.0,0.0,0.0,0.0,0.0,0.0,0.0,0.0,0.0,0.0,0.0,0.0,0.0,0.0,0.0,0.0,0.0,0.0,0.0,0.0,0.0,0.0,0.0,0.0,0.0,0.0,0.0,0.0,0.0,0.0,0.0,0.0024638392948275125,4.955085964430272e-13,-5.246940899380601e-8,-0.0002857575421559766,6.674275954332524e-14,5.9163697707353e-13,-1.2223145496219533e-13,-6.531886224527717e-11,-1.5980225249216976e-9,6.047130515674114e-7,1.7706292132912118e-13,1.2498239237547953e-13,-1.633177835437401e-14,-3.68520232621665e-13,-1.9402598813693704e-13,2.5394060348327295e-14,2.8406367526513457e-12,-3.607139027688087e-13,-4.624876019375284e-8,1.4464864522801196e-13,-3.446684872652902e-11,4.807577346563513e-13,2.528983636756817e-6,1.2578914563678368e-8,-1.0023119307132166e-15,1.2379164241381837e-10,5.7583019111287504e-5,-7.738783954945616e-12,4.076363960725219e-13,-2.9972690993782294e-11,-3.816654927528636e-14,-2.9893282607238226e-5,-4.212194574180215e-6,-1.3171898647948324e-14,2.739843451629338e-10,-9.437242631683386e-15,-2.1501017616525736e-14,-1.3519320940570294e-14,-3.488384213613679e-13,2.6955601735787196e-10,-1.6687030122818504e-13,-0.000156378042111255,7.085678001073836e-9,1.1066246289552451e-13,3.2901583462160084e-14,-3.239145981808104e-8,4.806937098815209e-14,-8.495611602349888e-8,1.0188632522791154e-14,-4.828530251801893e-8,3.3802938008261658e-15,3.141884192487784e-13,5.509502250923541e-14,-2.9166689307839257e-9,0.0014026259471577203,9.339109033181368e-11,3.132512233030742e-12,-1.2054720067096674e-5,-3.380942025052874e-14,1.5411710710466922e-6,0.00020363206668641605,4.1797021364604714e-8,-8.60433985503771e-15,1.790789087314758e-8,1.4563408330177443e-14,-1.2059668880946685e-10,3.346321829372781e-11,9.100791659680302e-12,-1.9714967146105968e-13,7.919873924379394e-14,-2.823425518280556e-13,1.8381125121328228e-13,-2.095543382404232e-13,1.392090305164089e-13,2.657367683115193e-13,3.251954172728737e-14,-8.955164648232953e-14,-3.961008757188075e-13,-3.1105363702313545e-11,2.478508602828117e-14,-1.170733340892414e-13,-1.0849959253399344e-13,-4.777305602016029e-8,-0.00024024568371957766,1.898044380211321e-12,-9.91219636463459e-11,6.669697745399495e-14,-6.637053212576265e-6,-1.974942989161154e-14,-1.7673618193964798e-13,-1.482089414709153e-14,2.2396711625860286e-12,1.462496899305051e-13,-7.529916415748984e-14,3.1532643623894674e-8,-6.90939887476966e-11,-9.32485976507809e-10,-3.31715221189068e-9,-0.00047296239154294445,-5.408555173901591e-10,6.88351769070868e-6,-6.976318250775427e-11,3.0208993677960125e-5
0.0,0.0,0.0,0.0,0.0,0.0,0.0,0.0,0.0,0.0,0.0,0.0,0.0,0.0,0.0,0.0,0.0,0.0,0.0,0.0,0.0,0.0,0.0,0.0,0.0,0.0,0.0,0.0,0.0,0.0,0.0,0.0,0.0,0.0,0.0,0.0,0.0,0.0,0.0,0.0,0.0,0.0,0.0,0.0,0.0,0.0,0.0,0.0,0.0,0.0,0.0,0.0,0.0,0.0,0.0,0.0,0.0,0.0,0.0,0.0,0.0,0.0,0.0,0.0,0.0,0.0,0.0,0.0,0.0,0.0,0.0,0.0,0.0,0.0,0.0,0.0,0.0,0.0,0.0,0.0,0.0,0.0,0.0,0.0,0.0,0.0,0.0,0.0,0.0,0.0,0.0,0.0,0.0,0.0,0.0,0.0,0.0,0.0024414845422537517,1.8481126217207183e-14,-1.910730840258263e-12,-1.2284768992994652e-15,5.8052161894686264e-15,-6.223919167777723e-15,-6.924848467264877e-6,-2.595680444223034e-7,6.567589457060721e-10,-2.179609475577478e-15,4.352022928203482e-14,5.396879240914172e-16,2.583850413984525e-14,6.715785045260683e-15,1.0567699817612336e-16,0.0001015151230303636,-0.00018476923547857305,-5.887350280220416e-9,9.717019331170459e-15,-2.85356940311722e-14,-0.0011494451969829252,8.012674893514138e-14,1.941655355734976e-8,-8.000818001921777e-16,2.39078179683555e-6,8.753547874172506e-14,-2.7796552863628467e-5,2.874827136594826e-14,-9.232344977378579e-6,1.7539822414052545e-15,2.665836424225151e-13,1.1502947236735187e-14,1.434367171323932e-14,6.09444879773259e-14,-5.2348258893455855e-17,2.874624674983393e-14,5.14807179843692e-16,-2.2609175019093158e-14,2.7647777378909014e-7,-0.0005323904954529125,-1.4667027685740787e-12,2.6907650048762647e-14,8.14870993847301e-15,3.885668541069198e-17,-8.069670976192605e-9,1.71921660764688e-15,5.4085962187006616e-14,-1.9736655858389066e-16,2.4863142926852478e-14,1.8576497223695395e-15,1.3778420989845564e-14,-2.229579948197727e-15,-1.9722979050379585e-8,1.1987075404439098e-13,3.4048171172514186e-6,6.831235181569235e-5,-2.9044989075114258e-12,1.4186787392268797e-15,1.8863910634470885e-13,3.071335068818706e-13,1.2093030843941358e-9,2.100652235596038e-5,1.414920235965805e-8,-1.3640407999283279e-15,-5.75811828310527e-7,-6.161063661538276e-15,9.090365716679868e-6,4.044951695883875e-15,-4.622351324330525e-16,-0.00010587074484382728,0.0001513225760828252,-0.0006024092632187309,9.766555743029716e-16,0.000944172930878103,2.1778908722640768e-15,-2.5631209720055933e-16,-9.763575543030688e-15,-2.0243215526689543e-14,-1.2377303391790227e-5,-2.20939516049672e-15,4.124314569248503e-15,4.3978848150701146e-14,-2.034397135677038e-12,3.180187232408294e-5,-3.2734066743021667e-7,1.463341494976607e-15,-2.2088218839595048e-12,1.937101252067227e-15,-1.3160043466607673e-14,-4.643459567545472e-5,5.124556074840559e-5,-3.356254406063229e-15,-2.614991849726022e-6,6.396633502435186e-10,-1.2399402225625771e-5,-2.5569741867221106e-7,1.3993531867743371e-13,-3.5283051534865263e-13,-2.5503950432131533e-14,9.602343860031064e-12,-4.903482679033857e-7,1.0796522134242059e-13
0.0,0.0,0.0,0.0,0.0,0.0,0.0,0.0,0.0,0.0,0.0,0.0,0.0,0.0,0.0,0.0,0.0,0.0,0.0,0.0,0.0,0.0,0.0,0.0,0.0,0.0,0.0,0.0,0.0,0.0,0.0,0.0,0.0,0.0,0.0,0.0,0.0,0.0,0.0,0.0,0.0,0.0,0.0,0.0,0.0,0.0,0.0,0.0,0.0,0.0,0.0,0.0,0.0,0.0,0.0,0.0,0.0,0.0,0.0,0.0,0.0,0.0,0.0,0.0,0.0,0.0,0.0,0.0,0.0,0.0,0.0,0.0,0.0,0.0,0.0,0.0,0.0,0.0,0.0,0.0,0.0,0.0,0.0,0.0,0.0,0.0,0.0,0.0,0.0,0.0,0.0,0.0,0.0,0.0,0.0,0.0,0.0,0.0,0.0024240810247584217,-1.9102073680750964e-9,2.5143286646550265e-14,-3.126239270755226e-10,-2.3315244667039842e-12,-1.5305266230077656e-13,2.289409452741746e-13,4.6220621514222925e-12,5.0360651382802285e-14,1.7426998568098437e-8,6.168697953734347e-14,7.911940490628669e-10,1.0613754333337865e-14,2.7463833956005023e-14,1.1702799641972917e-13,3.3929375930525145e-14,2.716268523366372e-13,3.911487365564204e-12,2.3206931547811355e-6,1.420675259715183e-13,-2.702054089030287e-5,-3.0517315092693444e-13,2.6428418728209945e-14,2.4481503982343284e-14,-1.1016548767482555e-6,6.197335117434466e-14,-8.220368792837298e-9,-1.5509315717870929e-13,1.5955807151784506e-13,1.9355624895237373e-6,1.216883084410741e-5,5.074419215985295e-12,-1.8384362146037614e-5,1.1232427846511797e-14,-2.3438789825799275e-8,-5.149680525591192e-14,7.249098694220425e-12,-5.737127752459666e-14,-1.2687410085242157e-14,-1.0445831193944736e-9,-0.0004623692296444175,4.808217322994868e-11,-3.7757275904575364e-14,-1.0648477140029018e-13,-1.3858469118595312e-13,0.0001707949929593461,5.169343478482267e-14,0.0015604380012285892,-1.5840123705148233e-13,-4.878476596158419e-9,1.0513495040555908e-13,-8.036131973994386e-14,5.550977035658104e-9,1.1817013245299093e-13,2.2632446347539193e-14,-8.108060696990733e-11,1.8335649135614535e-13,-3.2076948420088385e-5,1.3531557127523025e-9,-1.5984779610867935e-13,7.098388124489332e-14,-4.5158548132498845e-13,5.378082259884284e-14,-2.7288007916828714e-13,-2.2475674016517437e-6,6.972453326079743e-14,4.692186900362412e-10,5.774475424770822e-14,-1.589018674528896e-14,5.163928137101085e-14,7.760818373376267e-14,2.0925907911082985e-14,-9.273309235949173e-14,6.35140863978348e-14,-1.6789745457522039e-12,-3.9783852678474965e-12,2.110128437816569e-6,-2.6597409535042168e-14,-2.4087104484388137e-12,2.151970931793458e-12,0.0001495500534814992,-1.6067170641610354e-9,1.3623736956932232e-13,-1.866742233355304e-13,8.582082391002641e-14,-4.493731930429023e-11,8.169079751433044e-14,-2.8436036520539906e-12,-3.8690397786787515e-14,3.732369203860444e-14,2.339646324581549e-13,-4.833133561806079e-15,-3.152309189650996e-13,1.8583544554316384e-14,-4.66494157449664e-13,0.0002216425873508619,4.0039331725324055e-8,3.624791434666537e-5,4.654192881137561e-11,-3.056829833517454e-13,-7.639561643133309e-7
0.0,0.0,0.0,0.0,0.0,0.0,0.0,0.0,0.0,0.0,0.0,0.0,0.0,0.0,0.0,0.0,0.0,0.0,0.0,0.0,0.0,0.0,0.0,0.0,0.0,0.0,0.0,0.0,0.0,0.0,0.0,0.0,0.0,0.0,0.0,0.0,0.0,0.0,0.0,0.0,0.0,0.0,0.0,0.0,0.0,0.0,0.0,0.0,0.0,0.0,0.0,0.0,0.0,0.0,0.0,0.0,0.0,0.0,0.0,0.0,0.0,0.0,0.0,0.0,0.0,0.0,0.0,0.0,0.0,0.0,0.0,0.0,0.0,0.0,0.0,0.0,0.0,0.0,0.0,0.0,0.0,0.0,0.0,0.0,0.0,0.0,0.0,0.0,0.0,0.0,0.0,0.0,0.0,0.0,0.0,0.0,0.0,0.0,0.0,0.0024072087865012284,4.3144832202319006e-14,2.1819130450465974e-13,1.1966503726013415e-13,7.99417078437005e-10,1.9582529125413048e-8,-7.411888984589e-6,-2.9579881087630615e-14,-4.4218102550074283e-13,8.5621997188885e-15,2.8640575649471567e-13,8.48932848410083e-15,1.7644295816732504e-14,-3.3565365593297756e-11,-2.4038995157358446e-13,5.668519985028603e-7,1.186064580371951e-13,4.153445646428889e-13,2.382537766324513e-12,9.270699474955911e-8,-1.541720140247958e-7,-9.292270975898064e-15,-1.5095767178559207e-9,2.1112647031657614e-6,8.9606663024041e-11,3.43427956421043e-13,3.5618471806435713e-10,1.739149159447226e-14,-1.0960583571323116e-6,-1.5443504300562696e-7,1.876076514342686e-13,-4.906238827430662e-12,-6.765128757708521e-15,-1.9065061242691518e-13,9.518506750585058e-15,1.1848359570530502e-13,-3.3135145379010466e-9,3.038563600311011e-13,0.001624001709635816,-1.0833291516141672e-10,3.1792278507029476e-14,7.866326605335099e-14,3.970167152113734e-7,-2.5428124476132237e-13,-2.9785703798860274e-9,8.873567943240256e-15,-5.316718555667567e-10,-4.527444489332117e-15,5.369209979253795e-13,8.016506088138815e-16,3.576413409051401e-8,-6.897805359811815e-5,-1.1503034698853952e-9,-4.0864598271803193e-11,0.0001473935398240693,-7.682814877485607e-15,5.6483705391973403e-8,-0.000390381950575336,-5.123058771323922e-7,3.4519312208690293e-13,-2.1949528131094406e-7,-4.068427006531156e-15,1.4674813085475821e-9,-3.2299902154142374e-13,-1.1669921651661762e-10,4.371306571011978e-13,2.3109549589128804e-14,-1.0341739508706775e-13,2.6160877445785256e-13,2.594151507491334e-12,-2.300645715215569e-13,1.0844073113369778e-13,6.075751443024837e-16,2.2607166255394381e-13,1.1960339661491244e-13,4.631580204623933e-13,-2.7187266500410463e-13,6.111587921953945e-14,-1.1522140222793413e-13,-1.6328253959195654e-9,0.0022757213001925497,-2.5576807474321806e-11,1.20447178239405e-9,-5.989995964945999e-14,8.123875132177972e-5,3.0520867523301554e-14,-3.1897820835367875e-14,-1.137309335032921e-13,-3.503182931652975e-11,-3.6864294549397334e-14,4.0880807267660125e-14,-3.8647348610185443e-7,8.418583714131929e-10,1.1422459326544873e-8,5.363989596664649e-11,-1.6410066152583523e-5,9.113152093241006e-12,-8.435255874293612e-5,8.551450547765883e-10,1.1076168258634827e-6
0.0,0.0,0.0,0.0,0.0,0.0,0.0,0.0,0.0,0.0,0.0,0.0,0.0,0.0,0.0,0.0,0.0,0.0,0.0,0.0,0.0,0.0,0.0,0.0,0.0,0.0,0.0,0.0,0.0,0.0,0.0,0.0,0.0,0.0,0.0,0.0,0.0,0.0,0.0,0.0,0.0,0.0,0.0,0.0,0.0,0.0,0.0,0.0,0.0,0.0,0.0,0.0,0.0,0.0,0.0,0.0,0.0,0.0,0.0,0.0,0.0,0.0,0.0,0.0,0.0,0.0,0.0,0.0,0.0,0.0,0.0,0.0,0.0,0.0,0.0,0.0,0.0,0.0,0.0,0.0,0.0,0.0,0.0,0.0,0.0,0.0,0.0,0.0,0.0,0.0,0.0,0.0,0.0,0.0,0.0,0.0,0.0,0.0,0.0,0.0,0.002394581060797937,-3.405772937400411e-10,-5.5259807924568406e-8,-3.737419902278973e-15,-5.116426347084371e-15,2.142791111078217e-15,6.042949842951774e-7,3.9185689262001604e-12,-1.1738093609795292e-6,1.2281966147022716e-10,-7.393993381666784e-6,1.4829623254990355e-5,3.330467323877877e-15,1.8543317736693904e-15,2.011722634924141e-15,2.3994319481357497e-8,-1.9327013896130835e-13,-3.7325692340677344e-15,2.30203721041936e-15,-1.1896768408444448e-15,-3.579825506933713e-5,1.190381107220121e-14,-2.9694664563994246e-14,-4.01399969498024e-15,-6.152602755228267e-12,9.012631028745052e-15,-0.0005451468104854053,3.813076109233142e-14,-3.321608173629587e-14,1.1250248608993034e-8,2.3057261031075613e-13,3.999639844471897e-7,-1.1338719549009856e-12,-1.4645827262142923e-6,1.6499970675071809e-9,8.744089054295297e-15,9.342313596863605e-16,8.996088610923996e-15,-2.353100242503368e-13,2.981945053338149e-10,-7.816739050096563e-5,-6.7507032542237846e-15,-9.773053571750379e-8,-4.5479656231231026e-14,4.1456142436751945e-5,1.451971285639826e-13,-0.0004193874147470291,-7.2603190396644366e-12,-5.373407454450229e-7,1.3963691696662688e-14,-4.801009623079577e-14,3.6480808374899035e-15,-4.304071694020336e-16,-8.751131156547775e-15,0.0002394267586050152,1.7474831256051878e-13,5.204186074433277e-14,-1.0839084443204016e-14,5.5210670815830424e-17,4.486230506520494e-15,0.0015966018581864193,6.194145346912376e-15,-3.879613293173536e-13,5.444579983923812e-15,1.1744073336962022e-10,1.1192332200672631e-6,2.337209050423383e-16,1.6930228933961332e-16,-4.04530812964787e-15,3.288456301058703e-7,2.796695593728425e-15,-6.45848225356024e-5,-5.276202232121042e-8,-2.5998632900718288e-9,3.05171392421389e-13,1.814814552712457e-15,-4.403846183045955e-8,1.635916354426583e-8,1.555191928603358e-13,2.3895822873334668e-15,-1.2439298850951574e-15,6.826544547393493e-15,-3.290508839957697e-7,6.1821876156680035e-15,0.002218616683912789,-2.4001783633945193e-9,-4.0342203965288925e-16,-1.3644789617826417e-15,-1.5511473551752484e-7,9.205870640953725e-16,2.5643746367586636e-14,-1.3826169139518614e-15,-1.367411301269632e-14,8.042703124829589e-14,-4.5510979093173984e-14,-2.5139986143250614e-13,8.542367690630346e-15,1.4828874667366445e-14,7.140977469043831e-14
0.0,0.0,0.0,0.0,0.0,0.0,0.0,0.0,0.0,0.0,0.0,0.0,0.0,0.0,0.0,0.0,0.0,0.0,0.0,0.0,0.0,0.0,0.0,0.0,0.0,0.0,0.0,0.0,0.0,0.0,0.0,0.0,0.0,0.0,0.0,0.0,0.0,0.0,0.0,0.0,0.0,0.0,0.0,0.0,0.0,0.0,0.0,0.0,0.0,0.0,0.0,0.0,0.0,0.0,0.0,0.0,0.0,0.0,0.0,0.0,0.0,0.0,0.0,0.0,0.0,0.0,0.0,0.0,0.0,0.0,0.0,0.0,0.0,0.0,0.0,0.0,0.0,0.0,0.0,0.0,0.0,0.0,0.0,0.0,0.0,0.0,0.0,0.0,0.0,0.0,0.0,0.0,0.0,0.0,0.0,0.0,0.0,0.0,0.0,0.0,0.0,0.002368670617553332,1.9329624374115104e-5,2.93529844794116e-14,3.042330657918413e-14,-2.4757993299679222e-14,-1.4195081150779393e-6,-4.3387873715596254e-5,-3.7724229349504937e-13,-0.0011907818116184766,1.024004072455854e-7,5.431513759295313e-13,-5.301735328415782e-14,1.3412667875120575e-15,-7.759099355412464e-15,-4.0348096279391734e-5,-1.98616138029877e-7,2.4992388831129108e-15,-1.1292968927837645e-12,3.105570574021174e-14,-1.7333059399241532e-12,1.1009845651407939e-13,3.1062262718461863e-13,4.989195119862481e-15,7.27091010946278e-5,-2.0247093106472293e-14,-2.2595617004738095e-11,-2.6951724396945835e-13,3.82860819480857e-13,-4.691551076430194e-5,7.840121983840425e-9,1.6186240249863104e-13,6.786771945386005e-6,-4.534684363079686e-13,-8.278856303266584e-5,-6.457995047484335e-14,-1.548357745621291e-14,-2.108514695564432e-13,2.1386428710678123e-10,-0.0005020465635595127,1.2245808651449015e-9,-6.44476617093501e-14,1.4239304629458495e-6,6.814836987254256e-12,1.899594929745549e-12,3.8124733342575854e-11,2.1108284834817557e-10,8.203752403585142e-5,2.0064478363378974e-7,9.074669520426057e-15,2.981826158841651e-13,1.7801652093001115e-14,-4.554602137406462e-14,-1.6000063639793874e-13,1.011665690869862e-11,-8.917865682628471e-13,-4.329545759685738e-13,6.386080864235069e-14,6.297481513012043e-15,7.495932501306783e-14,4.0213666076597085e-11,5.0769641125099016e-14,3.1956576072540103e-8,-1.7563614018048247e-14,-0.0011165970466550299,-9.06672900895302e-8,1.4802059662178814e-14,8.549791055211424e-15,9.806950317365245e-15,-1.2809164104067305e-6,5.297110007608065e-15,-2.943852082970482e-12,1.3575577258745475e-5,3.80788595352538e-5,-7.778245447311725e-8,-5.6162029790667155e-15,2.0808832398708356e-5,-2.0553885572006047e-5,6.6791877098345985e-12,-2.9594195607277233e-13,-3.250468659393006e-14,-4.125909500406219e-14,1.7852512719315152e-7,2.381697258432628e-13,3.2245738383812334e-11,2.4867597473926776e-5,1.1051655236624987e-14,-4.712028389299953e-15,1.0098625675083608e-7,2.797409337596374e-15,5.1683439960632136e-14,-4.0178890341682173e-14,-4.1612953956674e-14,-6.359219158089138e-10,5.172555483497443e-14,-2.7023864780803146e-9,4.520556335875659e-14,7.369270729293474e-14,4.4113267274708186e-13
0.0,0.0,0.0,0.0,0.0,0.0,0.0,0.0,0.0,0.0,0.0,0.0,0.0,0.0,0.0,0.0,0.0,0.0,0.0,0.0,0.0,0.0,0.0,0.0,0.0,0.0,0.0,0.0,0.0,0.0,0.0,0.0,0.0,0.0,0.0,0.0,0.0,0.0,0.0,0.0,0.0,0.0,0.0,0.0,0.0,0.0,0.0,0.0,0.0,0.0,0.0,0.0,0.0,0.0,0.0,0.0,0.0,0.0,0.0,0.0,0.0,0.0,0.0,0.0,0.0,0.0,0.0,0.0,0.0,0.0,0.0,0.0,0.0,0.0,0.0,0.0,0.0,0.0,0.0,0.0,0.0,0.0,0.0,0.0,0.0,0.0,0.0,0.0,0.0,0.0,0.0,0.0,0.0,0.0,0.0,0.0,0.0,0.0,0.0,0.0,0.0,0.0,0.0022796327556815813,-9.323258852587571e-15,-5.94342823872774e-14,-1.1086092091130185e-13,-0.00023919473524998159,1.1117095068897009e-7,-8.694994801070993e-12,2.8578869039755463e-6,1.7260127373392464e-5,1.1075358273624509e-10,-6.115616385627351e-15,1.078000551531579e-15,2.1618249708842358e-14,-0.0013533317812025793,5.093932273312023e-10,-4.122972425840755e-15,2.353620343992906e-13,-5.181329732132593e-14,-2.680901199340993e-10,1.8904343820240234e-14,1.062709928202882e-14,1.1367456778343567e-15,-1.8629387709128304e-7,8.63248465485332e-15,-3.896928806969612e-9,6.688123754565742e-14,3.8316073704208856e-13,-0.000654339659494382,-1.9737891134014386e-11,3.0147534381539035e-12,-1.7390034812684024e-8,-1.1318246440400708e-11,-9.65256672937138e-5,-4.411989065539842e-14,-1.5349400057870923e-15,1.8891385138730624e-14,-1.0719862967314617e-12,-1.3317520218793064e-5,2.0651772393199376e-7,-9.146176950240058e-14,0.00023925095641198473,2.579503017730072e-13,3.096548123451625e-10,1.358660135833409e-13,3.5573485890715736e-8,-2.1018250241343378e-7,3.381888261330103e-5,4.261806097842112e-15,6.324144644366293e-14,2.8134049958215674e-14,-7.944778091063867e-16,6.983595982390821e-14,1.7690838635061763e-9,-3.764943682791967e-14,-7.182773815025682e-14,-8.409966565954007e-15,1.7856541823303179e-16,-8.717698703907114e-15,6.698443605361812e-9,-1.990549230415004e-15,-8.201758449805286e-11,2.91104433542769e-14,2.522699344806159e-6,-1.5282377658350244e-5,-1.3175763021268975e-15,1.0134721700464725e-15,3.98754391194592e-15,-0.00021578602850299834,4.763645500572075e-15,-4.822191341876466e-10,0.0018222823198929643,0.00015263906384686422,1.9992279532540544e-10,-1.7971605098047466e-16,0.002056158320185062,-0.0009054618263801592,6.298103570985299e-13,5.9890524133521225e-15,-1.7444612168247344e-14,5.277547696630167e-15,3.0090190397469704e-5,-1.123348181302048e-13,5.3702135316618844e-9,0.00014076154977108544,2.8055252342261587e-15,3.194636800906654e-15,1.7020799080877832e-5,1.794239653285663e-15,3.5869096899436265e-14,1.1089467077822958e-14,-5.448936585271868e-14,1.2204812119612305e-12,-2.84580435064799e-13,6.98019804381013e-12,-7.165257566824301e-15,-3.631860305593729e-15,3.1664342277247704e-13
0.0,0.0,0.0,0.0,0.0,0.0,0.0,0.0,0.0,0.0,0.0,0.0,0.0,0.0,0.0,0.0,0.0,0.0,0.0,0.0,0.0,0.0,0.0,0.0,0.0,0.0,0.0,0.0,0.0,0.0,0.0,0.0,0.0,0.0,0.0,0.0,0.0,0.0,0.0,0.0,0.0,0.0,0.0,0.0,0.0,0.0,0.0,0.0,0.0,0.0,0.0,0.0,0.0,0.0,0.0,0.0,0.0,0.0,0.0,0.0,0.0,0.0,0.0,0.0,0.0,0.0,0.0,0.0,0.0,0.0,0.0,0.0,0.0,0.0,0.0,0.0,0.0,0.0,0.0,0.0,0.0,0.0,0.0,0.0,0.0,0.0,0.0,0.0,0.0,0.0,0.0,0.0,0.0,0.0,0.0,0.0,0.0,0.0,0.0,0.0,0.0,0.0,0.0,0.002207729126877875,0.00011806619454169553,-2.98852664708002e-7,-3.875922599921503e-14,1.772463907935729e-14,-3.5978288785290484e-16,3.277879352325876e-14,-2.1932261719944055e-15,1.863150930050784e-15,-0.00013013655873274685,-1.7567139325687932e-7,2.6782850123226176e-6,-1.836028935198753e-14,-6.47853503090442e-14,9.777194061606824e-6,1.6968847317741398e-13,-8.83234817686737e-6,-3.911472927783791e-15,-0.001050469694811624,-2.37891872976366e-13,0.0003537547248432724,-1.0818878783944566e-14,0.0013033606961605514,-5.011358721308724e-15,3.677649484551702e-14,1.8238031758835441e-13,-6.254058264665257e-14,2.979676137019769e-14,-1.3597214933258204e-16,1.1547343874588126e-14,-2.120540084275546e-16,1.0856132965129197e-13,-0.00012570261117739358,-4.6838678769822357e-7,2.7042850865683627e-10,1.5765263480730004e-13,9.855217636421311e-14,1.3036391709205546e-14,3.6709206379392758e-6,7.20215850733191e-15,-2.3302461998428675e-13,8.795017525454963e-16,1.8314907087595838e-13,2.4040258243189643e-15,-3.508014491389467e-15,1.430139431580466e-14,8.971294242847722e-6,7.46031870234789e-12,-0.0014277914927318892,-0.00016112432673076238,1.2150879276865477e-9,-2.1808867838840214e-15,1.4441485122005986e-13,4.18846887672037e-11,-5.499351071640412e-7,1.998178325427031e-8,-6.436444492391769e-6,-5.157148479802243e-15,0.000260713601210138,-1.7185921316389968e-15,-0.00044989915517709586,3.734426492786179e-14,3.7032731162538835e-15,-1.0068471271408395e-7,1.4321001197041204e-7,9.176489830963746e-6,-1.1858869430647653e-14,6.834897428855997e-7,3.408440788526456e-15,7.718484671212175e-15,2.961321951253142e-14,6.069733638571538e-14,-1.1773439299925405e-8,3.132539194876815e-14,-1.6724824847713185e-14,5.0780286391609036e-14,1.424924100607085e-10,-0.00010166905905609808,0.00014850877462934734,-3.748692615282601e-15,1.0085721129034658e-9,4.7442360845586874e-15,-3.0277289036666663e-15,-4.416343948741766e-8,-0.00013976793954727825,3.583350973451135e-15,-2.4869582634440206e-9,-2.9122689782710514e-7,0.0027983248945886666,0.00011630121198455037,8.520204798642848e-14,1.9554667417815362e-12,-3.556405312529026e-14,-4.33036209099076e-9,0.0002212638093382466,-2.9380976452977834e-13
0.0,0.0,0.0,0.0,0.0,0.0,0.0,0.0,0.0,0.0,0.0,0.0,0.0,0.0,0.0,0.0,0.0,0.0,0.0,0.0,0.0,0.0,0.0,0.0,0.0,0.0,0.0,0.0,0.0,0.0,0.0,0.0,0.0,0.0,0.0,0.0,0.0,0.0,0.0,0.0,0.0,0.0,0.0,0.0,0.0,0.0,0.0,0.0,0.0,0.0,0.0,0.0,0.0,0.0,0.0,0.0,0.0,0.0,0.0,0.0,0.0,0.0,0.0,0.0,0.0,0.0,0.0,0.0,0.0,0.0,0.0,0.0,0.0,0.0,0.0,0.0,0.0,0.0,0.0,0.0,0.0,0.0,0.0,0.0,0.0,0.0,0.0,0.0,0.0,0.0,0.0,0.0,0.0,0.0,0.0,0.0,0.0,0.0,0.0,0.0,0.0,0.0,0.0,0.0,0.002103160715964194,-7.671315067291889e-6,-2.292270191051454e-14,4.000695678663298e-15,-1.3761423131238725e-15,-9.565742694717288e-14,2.040568502950039e-14,2.347308611606421e-15,2.1845162061065183e-6,2.949036567829394e-9,6.874815795728819e-5,-5.857372891011095e-14,1.6721345153770584e-13,-1.6416057206268414e-7,-3.178819009988676e-13,-0.0002266213561846976,4.241412550126347e-15,-0.0001751410013147063,-6.678504075171081e-12,-5.911743873126192e-6,-5.871764733683463e-14,-1.79471078288023e-5,-1.4895795666865707e-14,3.3876887166889853e-12,4.764845173479201e-13,5.7634805010241144e-15,-2.876826900232473e-14,4.401185718277686e-16,2.7300973451404763e-14,-1.9641956445162266e-15,2.342337572562128e-14,-0.0004936066894029237,7.864631275151936e-9,6.935616890295383e-9,5.390456017231803e-14,-1.6375992442244903e-14,-5.888255682463042e-15,9.422548277636177e-5,1.1030689655898979e-14,1.4076244097625936e-13,-4.161759048676267e-15,1.1677558251190185e-13,-6.930267323302033e-15,1.1529253077626502e-13,3.789351902951531e-15,0.00022956572042321234,2.0007294668455474e-10,-9.826291979642917e-5,2.7039156271831905e-6,3.120016771608982e-8,-9.813042443536532e-15,-5.685568974337462e-13,1.0632429321246448e-9,-1.411633597068963e-5,-3.3539575912703384e-10,-0.00016518848453271932,6.467749660132585e-16,0.00021250280127962644,2.364763940600203e-14,7.30193117349179e-6,-6.676451120200508e-14,-4.4006097934687444e-14,1.6900562127448009e-9,-2.404210369254773e-9,-1.540755191624131e-7,-3.5824793896350594e-14,-1.1476574445038165e-8,-5.1738694224589425e-15,2.1536213602504648e-14,4.410364437963612e-14,2.070196443087616e-13,1.9754470566006823e-10,-3.0260521653971165e-14,-2.8186701289271907e-14,3.353580042445496e-13,3.639216279414717e-9,1.7057662966504236e-6,0.00017788985896203844,1.299129954599029e-14,2.5879847551696052e-8,1.6205970785008261e-15,2.8546214353931857e-14,7.420337473095215e-10,2.3452861824004046e-6,3.039689862557671e-14,4.065730994191596e-11,-7.475532155141083e-6,-2.6572578146864163e-5,0.001484646623474778,6.675942050718426e-14,4.747977257486776e-11,-2.40621094650347e-14,-1.1116138209493397e-7,0.00011997585891143266,-2.6918179561058856e-12
0.0,0.0,0.0,0.0,0.0,0.0,0.0,0.0,0.0,0.0,0.0,0.0,0.0,0.0,0.0,0.0,0.0,0.0,0.0,0.0,0.0,0.0,0.0,0.0,0.0,0.0,0.0,0.0,0.0,0.0,0.0,0.0,0.0,0.0,0.0,0.0,0.0,0.0,0.0,0.0,0.0,0.0,0.0,0.0,0.0,0.0,0.0,0.0,0.0,0.0,0.0,0.0,0.0,0.0,0.0,0.0,0.0,0.0,0.0,0.0,0.0,0.0,0.0,0.0,0.0,0.0,0.0,0.0,0.0,0.0,0.0,0.0,0.0,0.0,0.0,0.0,0.0,0.0,0.0,0.0,0.0,0.0,0.0,0.0,0.0,0.0,0.0,0.0,0.0,0.0,0.0,0.0,0.0,0.0,0.0,0.0,0.0,0.0,0.0,0.0,0.0,0.0,0.0,0.0,0.0,0.002057437517146961,5.091144345846569e-14,-1.4191142639809183e-13,1.0802360782407447e-14,1.287163292105496e-13,2.4668673517829288e-14,7.091982543562815e-15,2.4919615977328425e-9,2.60113265725564e-12,-0.00022713406290555981,-1.390767443407126e-13,2.2941446011328446e-14,-1.8856738275321547e-10,1.041358558846276e-10,6.1023719385601295e-5,9.521143217319278e-15,-1.9964364921309484e-7,2.3748443186973426e-9,-6.7436781295717795e-9,8.275431931653555e-14,-2.0475714219156238e-8,-1.8344574445746057e-14,-1.2319464254632805e-9,-1.7354325655498295e-10,-1.7276997401358893e-13,-2.3440738573879466e-13,8.086342632084313e-15,2.5149042678753877e-15,7.326322436239475e-15,6.944220591725088e-14,-5.292454760948448e-7,9.458033566327128e-12,-2.6890338366167085e-6,3.8352510006192215e-13,-6.317866988052695e-14,-3.257044896898862e-14,-0.00015894794690663014,6.704207246102765e-14,-3.36185391624469e-12,-3.889325353526283e-16,-1.8113692196623949e-12,-1.68616170815281e-14,5.083131216529734e-14,-3.7605784803847475e-14,-1.3494803487073845e-5,-7.753941786148594e-8,-1.1206828391309653e-7,3.0848377688745815e-9,-1.2098175762505006e-5,-5.287838010736314e-16,6.321312402705129e-11,-4.124929266111706e-7,0.00020492284557591857,-4.883044729764157e-13,8.746541672156579e-5,1.9638866386662467e-15,2.409779748012624e-7,-9.679712040943742e-14,8.330295479661835e-9,3.655839106312837e-14,-5.731961558102922e-15,2.0049672379477964e-12,-3.47972594633107e-12,-1.768070677208095e-10,4.202541315246005e-14,-1.258080570929853e-11,-2.9091666413983836e-14,8.241893826437638e-14,3.3197806437568324e-14,-3.355949994816559e-13,2.849492726899558e-13,6.570845702727074e-14,-7.286739890564836e-14,-1.570511071109779e-12,-1.4104681016590764e-6,1.947272519680119e-9,2.0086235514926767e-7,-8.074005745731862e-15,-1.0034935792640622e-5,-4.774438491136887e-15,-7.641434499022409e-14,5.980497353332297e-14,2.6748636831264994e-9,5.975142988262145e-15,5.69644988818609e-13,0.00015428972883297466,-3.031544801536216e-8,9.685483137216436e-7,3.433740083530804e-13,-1.8458262471223324e-8,-1.4898989127415956e-13,4.3100127452717783e-5,1.3641038643414085e-7,1.2466885809425676e-9
0.0,0.0,0.0,0.0,0.0,0.0,0.0,0.0,0.0,0.0,0.0,0.0,0.0,0.0,0.0,0.0,0.0,0.0,0.0,0.0,0.0,0.0,0.0,0.0,0.0,0.0,0.0,0.0,0.0,0.0,0.0,0.0,0.0,0.0,0.0,0.0,0.0,0.0,0.0,0.0,0.0,0.0,0.0,0.0,0.0,0.0,0.0,0.0,0.0,0.0,0.0,0.0,0.0,0.0,0.0,0.0,0.0,0.0,0.0,0.0,0.0,0.0,0.0,0.0,0.0,0.0,0.0,0.0,0.0,0.0,0.0,0.0,0.0,0.0,0.0,0.0,0.0,0.0,0.0,0.0,0.0,0.0,0.0,0.0,0.0,0.0,0.0,0.0,0.0,0.0,0.0,0.0,0.0,0.0,0.0,0.0,0.0,0.0,0.0,0.0,0.0,0.0,0.0,0.0,0.0,0.0,0.0020212654308119087,3.948252964845778e-9,1.067017680984163e-10,1.0149749189722778e-7,-0.0002107876910777615,-1.3505342221548697e-9,-2.365649913881361e-14,-8.027394565904687e-17,1.5674223263562074e-14,-4.3011986537979196e-5,1.8269512219660782e-11,-5.282101050498966e-15,-3.632358392316717e-13,-4.358274750240443e-14,3.261001601336844e-9,-3.7560603238040405e-14,-6.46849991097517e-14,2.085660026635848e-14,-6.61697462221231e-9,2.1018365817603052e-14,4.759638592097266e-8,1.7443790935956879e-13,2.2256953575249232e-13,-2.2524130868896943e-5,-3.2860339485126535e-13,-3.6585451543877015e-11,-6.178237624469561e-10,1.332605089928945e-10,-3.425274533237696e-6,-2.219348428995295e-14,-2.158502079098113e-15,-3.9032084523580774e-14,3.950807707449772e-13,-4.7296973648874884e-7,-2.522745326808072e-6,-1.651795429748376e-14,-0.0004367907388631984,1.9425986600671267e-13,-3.778351901459859e-9,1.3493930294324597e-13,-4.345405715116836e-7,-7.465150494204954e-9,-0.00040278461893538385,-3.799352542590851e-14,8.055293518499546e-14,-2.609727860805407e-14,-7.11400807167067e-15,8.137089583727008e-14,-2.1626829543981867e-8,-1.9302087099914216e-15,-3.175352395447128e-14,3.13661009613481e-14,-8.308085576000807e-16,-2.2175297267209328e-14,-8.183003497837556e-8,1.219808728359702e-14,-2.6469208841954925e-12,-1.7622759402127012e-14,8.959489091834922e-8,0.0001861986099715664,-4.722909871051664e-15,-1.2640484509251017e-15,9.13248612235324e-15,0.001321637329088365,-1.4921775939871745e-15,5.881523159825701e-9,-4.189249397860358e-5,5.394574890443606e-6,7.441025963111777e-12,-3.199013404895522e-15,2.831570403804444e-5,-2.7280505767522975e-5,1.3618951758749112e-13,-1.0916853869859867e-13,-5.314269767281159e-15,2.642116287990938e-14,-0.0003518354411884264,5.982712259396847e-14,-6.560343193354375e-8,4.958449064461495e-6,-3.612038240630879e-15,-1.790476538689932e-14,-0.00019648007089027527,4.483728407692831e-16,1.4603668285199563e-14,4.14976730834466e-14,2.5243897243935883e-14,-3.219419254300999e-14,-2.1687848355860256e-13,-2.5869191830307163e-13,-4.929700699136639e-14,-7.0037897377012856e-15,-2.6910568022533292e-14
0.0,0.0,0.0,0.0,0.0,0.0,0.0,0.0,0.0,0.0,0.0,0.0,0.0,0.0,0.0,0.0,0.0,0.0,0.0,0.0,0.0,0.0,0.0,0.0,0.0,0.0,0.0,0.0,0.0,0.0,0.0,0.0,0.0,0.0,0.0,0.0,0.0,0.0,0.0,0.0,0.0,0.0,0.0,0.0,0.0,0.0,0.0,0.0,0.0,0.0,0.0,0.0,0.0,0.0,0.0,0.0,0.0,0.0,0.0,0.0,0.0,0.0,0.0,0.0,0.0,0.0,0.0,0.0,0.0,0.0,0.0,0.0,0.0,0.0,0.0,0.0,0.0,0.0,0.0,0.0,0.0,0.0,0.0,0.0,0.0,0.0,0.0,0.0,0.0,0.0,0.0,0.0,0.0,0.0,0.0,0.0,0.0,0.0,0.0,0.0,0.0,0.0,0.0,0.0,0.0,0.0,0.0,0.0020043692663629783,-1.0572971466489581e-13,0.00010425568785007582,1.2699445434515284e-10,7.764496235223221e-15,4.321241602475317e-16,1.9161101383786284e-14,1.4536758350713315e-14,-1.8877694996984955e-7,1.3107865465391734e-5,6.816201446902496e-15,7.24963213787682e-11,5.612900831777957e-14,-1.1745172856359963e-13,6.38853905931929e-14,2.573528331446127e-12,-6.923650576822407e-14,-0.0012659992844531373,-3.2736366269966818e-15,-1.964997557493201e-13,-4.884850055550371e-12,-3.301742507613006e-11,-2.7054191895882553e-7,-5.173143269278008e-7,2.407200430954429e-13,-0.0004407123157332942,-3.238372853173526e-13,-5.35937955044902e-7,6.59149507591041e-14,2.4542414706178503e-14,-6.506940384523627e-14,-1.4130136066622e-8,-3.0685405808763002e-6,1.97042069319635e-12,-2.2007834732309074e-14,-3.0947506822216963e-9,-4.5861576290429616e-10,-1.399494352174659e-13,-2.4935329261502797e-9,-3.0289529808066155e-13,-0.0007791923355555214,2.3093635457775607e-10,-4.534633160785897e-14,-4.1052542827009397e-13,2.3312551968009654e-14,-1.970080017430299e-15,2.436202701648448e-14,1.8500071983831635e-13,8.548725505463345e-11,-1.033242452916652e-13,1.0131058422814188e-14,-1.3801621935898543e-14,-2.3587399833953846e-14,7.731683076665179e-14,-3.4015591116613845e-14,-2.1090064858375637e-6,-1.6721571681307093e-14,5.289906482579956e-5,-1.120201398664038e-10,1.8071140591494554e-14,6.779329880437249e-15,-5.172337113267142e-15,9.86024022785917e-10,-2.1631358597036852e-14,-1.3019147147962147e-13,-1.2189597993597969e-8,2.4058677219248745e-7,5.133280079595635e-6,-3.749381083566643e-14,2.2015030884841965e-8,-8.417189645698051e-8,-3.9926462410134013e-10,1.798131186201895e-13,-2.3625806011917464e-14,-1.2868637021173599e-13,1.9214025790072026e-10,3.770571663110192e-15,-1.5643840419683122e-13,1.548397040292232e-7,1.3306734911287544e-14,-5.6135180761711485e-14,1.0331483663576451e-10,-2.7478988938195947e-14,-7.63008783486107e-14,-5.421303456482393e-14,3.670898165928088e-14,4.1971781071361004e-8,1.554739502507428e-13,1.784252889459381e-7,5.733570110738037e-14,-7.181407701922885e-14,1.5473633495943651e-12
0.0,0.0,0.0,0.0,0.0,0.0,0.0,0.0,0.0,0.0,0.0,0.0,0.0,0.0,0.0,0.0,0.0,0.0,0.0,0.0,0.0,0.0,0.0,0.0,0.0,0.0,0.0,0.0,0.0,0.0,0.0,0.0,0.0,0.0,0.0,0.0,0.0,0.0,0.0,0.0,0.0,0.0,0.0,0.0,0.0,0.0,0.0,0.0,0.0,0.0,0.0,0.0,0.0,0.0,0.0,0.0,0.0,0.0,0.0,0.0,0.0,0.0,0.0,0.0,0.0,0.0,0.0,0.0,0.0,0.0,0.0,0.0,0.0,0.0,0.0,0.0,0.0,0.0,0.0,0.0,0.0,0.0,0.0,0.0,0.0,0.0,0.0,0.0,0.0,0.0,0.0,0.0,0.0,0.0,0.0,0.0,0.0,0.0,0.0,0.0,0.0,0.0,0.0,0.0,0.0,0.0,0.0,0.0,0.001989639055240162,-1.32853682013094e-13,-1.3308368984880803e-9,-0.00018958192292617526,-8.965888696115803e-16,1.562058925566724e-16,6.17985436708722e-15,9.043934044414529e-13,6.635672401002499e-14,7.996230176608291e-16,5.631791534254222e-16,-1.162727132741687e-14,7.017200128597293e-5,1.1239769950139539e-15,2.594703575220341e-15,-4.54891788881655e-16,-5.480921338604409e-13,1.677279113763291e-15,1.657798178976631e-6,-4.632470559107799e-14,2.8463837391028893e-14,1.031692289771774e-12,9.304530263689857e-14,-0.0008857478356031162,8.048208024936959e-14,0.0016019486006844173,-2.0613582077354046e-13,-1.3263490942752324e-15,-6.053104099079169e-16,4.7198541256181865e-15,-1.4961675327799517e-14,3.9233998119387364e-14,-1.418709985500785e-8,-4.882038090631963e-15,6.657529315913662e-12,7.09390785466886e-14,-1.0674272437664667e-5,-7.132262695045748e-14,-7.161938832019858e-8,-2.7805298862031397e-13,-7.669670972700316e-11,-1.2244896465226561e-15,5.276416073075621e-15,-1.5167529495291809e-15,1.2700707109324178e-15,1.163214035711839e-14,-2.4710467703798966e-6,-3.425188801436643e-14,1.2111079885388347e-14,-4.966870047711781e-15,-2.749997610977938e-16,-9.144226159899566e-15,-3.597744585396226e-7,2.4329695778097248e-15,5.273122477011977e-14,2.621222847090787e-17,-2.7610440124086974e-13,1.926394129811033e-10,7.181953378211151e-16,-1.2048960863505225e-17,4.990620397275723e-16,-1.2146555612992692e-11,-4.745927309419009e-16,5.862079675555609e-6,6.983862777206119e-13,-2.7424010448778102e-14,-2.237805092172591e-13,-4.3886808309886387e-16,9.455455812643231e-14,1.1484846703328966e-12,1.4787609791759834e-14,3.5161259788175025e-14,-1.2838380226902314e-15,-1.9671602010674548e-15,-4.158722747836998e-11,3.0189838702500236e-15,-1.920646014041825e-7,1.9098132890611663e-13,5.552595837138525e-16,1.1702802805654343e-15,-1.8769405154650995e-11,-2.50042224172467e-16,-5.358300695713579e-15,1.6046430898570953e-15,2.9838169531764354e-16,-1.2825648950087782e-13,3.941600442639505e-14,5.67775373682496e-14,-1.2620031015419296e-15,2.3378567749181268e-15,-3.3509566307170076e-14
0.0,0.0,0.0,0.0,0.0,0.0,0.0,0.0,0.0,0.0,0.0,0.0,0.0,0.0,0.0,0.0,0.0,0.0,0.0,0.0,0.0,0.0,0.0,0.0,0.0,0.0,0.0,0.0,0.0,0.0,0.0,0.0,0.0,0.0,0.0,0.0,0.0,0.0,0.0,0.0,0.0,0.0,0.0,0.0,0.0,0.0,0.0,0.0,0.0,0.0,0.0,0.0,0.0,0.0,0.0,0.0,0.0,0.0,0.0,0.0,0.0,0.0,0.0,0.0,0.0,0.0,0.0,0.0,0.0,0.0,0.0,0.0,0.0,0.0,0.0,0.0,0.0,0.0,0.0,0.0,0.0,0.0,0.0,0.0,0.0,0.0,0.0,0.0,0.0,0.0,0.0,0.0,0.0,0.0,0.0,0.0,0.0,0.0,0.0,0.0,0.0,0.0,0.0,0.0,0.0,0.0,0.0,0.0,0.0,0.0019242532096347704,3.4131960427233e-9,-1.7059347641711248e-13,-6.17896044403545e-14,1.257421595033873e-14,1.639569445239744e-14,-5.044720543068088e-6,-2.130355448721579e-7,2.216067036417808e-14,-1.0425877815992284e-12,1.7232975188120364e-14,1.2801785538256385e-13,7.044698756961206e-16,1.5521513006180446e-13,8.376411570656833e-15,-0.00011335885224484427,-5.759880662853737e-14,6.441071864967773e-13,2.2127129479088077e-13,-6.8275370952668774e-15,-7.229754057694735e-6,8.408232050899796e-9,4.177757125049157e-14,6.890195146417452e-6,-7.05062118077255e-13,-1.4321960781619523e-5,3.956833694457868e-14,1.0105194545485073e-14,-3.045245357631364e-13,2.2948856782392354e-10,-8.197904216190208e-5,4.0282906697591285e-11,1.56880587693836e-13,-8.271820254069586e-8,7.857361067819491e-12,2.68183350914229e-13,4.05327866256235e-11,6.128405423229881e-12,-0.000163013524948888,6.149613330131338e-9,4.4513358006801855e-14,-9.595484723239203e-14,6.200532784642913e-14,-2.689085428269235e-14,-4.0933802061905865e-14,-2.1320886379145566e-13,-7.77318371808143e-13,-1.4408408703642402e-13,-6.156401351736986e-14,8.951366335372226e-15,-7.37135473849644e-14,1.998106540236048e-12,7.38424829220471e-14,3.427702055593835e-8,-2.0117442856465745e-14,0.0011946073013153924,-2.997663238203048e-9,8.964600937645956e-15,-2.4394342386931337e-14,1.977704874440467e-14,2.635848316270896e-8,2.2586499936925918e-15,-5.916185786308877e-13,-3.2573109247061636e-7,6.429245968334297e-6,-8.342637640262991e-8,1.1985849941685776e-14,5.883064537326946e-7,-2.2493374948568696e-6,6.451927852958511e-12,3.3401888313873237e-13,-4.525100078658434e-15,-6.232700948086841e-15,5.127990195171287e-9,9.042083894546508e-14,1.0036757853367206e-12,4.1378119772774145e-6,-2.0134915255145044e-14,-1.7156951387928537e-14,2.7678425477388416e-9,8.856994068817893e-15,-1.4528825420481165e-13,-1.4889249617567263e-14,8.789675904238929e-14,-6.821855755132321e-10,-1.9519961106701394e-13,-2.90147576116902e-9,2.298941597251422e-13,4.839006640495382e-14,3.056831042281206e-13
0.0,0.0,0.0,0.0,0.0,0.0,0.0,0.0,0.0,0.0,0.0,0.0,0.0,0.0,0.0,0.0,0.0,0.0,0.0,0.0,0.0,0.0,0.0,0.0,0.0,0.0,0.0,0.0,0.0,0.0,0.0,0.0,0.0,0.0,0.0,0.0,0.0,0.0,0.0,0.0,0.0,0.0,0.0,0.0,0.0,0.0,0.0,0.0,0.0,0.0,0.0,0.0,0.0,0.0,0.0,0.0,0.0,0.0,0.0,0.0,0.0,0.0,0.0,0.0,0.0,0.0,0.0,0.0,0.0,0.0,0.0,0.0,0.0,0.0,0.0,0.0,0.0,0.0,0.0,0.0,0.0,0.0,0.0,0.0,0.0,0.0,0.0,0.0,0.0,0.0,0.0,0.0,0.0,0.0,0.0,0.0,0.0,0.0,0.0,0.0,0.0,0.0,0.0,0.0,0.0,0.0,0.0,0.0,0.0,0.0,0.0018989943453422873,1.7489410975716085e-8,1.5755974722285497e-14,8.061206134819836e-15,5.923400236416396e-14,-1.4684916134146944e-6,-3.8819247068027946e-14,-1.96482086388716e-16,8.211986678163339e-14,-1.3342918719051652e-14,-4.248923864320804e-8,2.4068262762779728e-15,-6.130936798589424e-14,8.950023366873614e-15,6.2540502513007e-11,2.513929639137529e-14,-6.205696228991786e-7,8.217325810616013e-14,2.1258294785474732e-13,-7.690047754749778e-7,-5.238991740474375e-15,-1.4729148626931595e-10,-3.4156218683661397e-12,-6.17739952501548e-10,-1.1691965024162466e-7,-6.227423985581091e-15,6.867053481469735e-15,-1.22725175678552e-13,2.953161375680965e-13,-1.6000954400000673e-8,3.289060777142695e-5,3.17682387523222e-14,-1.4013145914980829e-5,6.113855103580979e-13,4.9248353180978676e-8,-3.822188434367919e-13,5.665532559457827e-6,8.82191306641263e-11,0.00015589160200604247,-1.7101738400339548e-14,-9.138059315818915e-14,-3.431965324974876e-14,1.5681002206874164e-14,5.4621323429678664e-14,2.819571941784895e-7,9.721919306221336e-14,7.818548446809973e-14,2.0393749774753657e-14,-1.3760440854017491e-15,-1.5539704832748376e-14,1.0668950226519075e-6,1.4007654465015934e-14,-3.8319875080773203e-13,-5.6714662747228035e-15,9.086667286470011e-10,-0.00038726783068452063,6.53123520367264e-15,6.091661946501023e-15,6.997178572367765e-15,2.537088834508052e-5,-2.5200512457890902e-15,-7.670856548315827e-8,-1.4297164054833237e-6,1.8417020625588288e-7,-9.1489363800824e-14,2.4198725338899244e-15,9.666585864622857e-7,-9.313931696862887e-7,2.0969254926039052e-14,-1.350286334194988e-13,7.310166563345637e-15,2.531401236559147e-15,8.385147476487712e-5,8.493605117729674e-14,8.55335888060087e-7,1.6928514681794088e-7,-2.0094377141115787e-15,4.0317170180144344e-15,3.6124373985682255e-5,1.7183478285122634e-15,-1.918042810611688e-14,1.1739287125681581e-14,-1.0113183676935422e-14,-5.535337139951791e-13,-1.850273721788095e-13,2.308461065836854e-13,2.681146330664884e-15,7.190343726042485e-15,2.595961765808358e-13
0.0,0.0,0.0,0.0,0.0,0.0,0.0,0.0,0.0,0.0,0.0,0.0,0.0,0.0,0.0,0.0,0.0,0.0,0.0,0.0,0.0,0.0,0.0,0.0,0.0,0.0,0.0,0.0,0.0,0.0,0.0,0.0,0.0,0.0,0.0,0.0,0.0,0.0,0.0,0.0,0.0,0.0,0.0,0.0,0.0,0.0,0.0,0.0,0.0,0.0,0.0,0.0,0.0,0.0,0.0,0.0,0.0,0.0,0.0,0.0,0.0,0.0,0.0,0.0,0.0,0.0,0.0,0.0,0.0,0.0,0.0,0.0,0.0,0.0,0.0,0.0,0.0,0.0,0.0,0.0,0.0,0.0,0.0,0.0,0.0,0.0,0.0,0.0,0.0,0.0,0.0,0.0,0.0,0.0,0.0,0.0,0.0,0.0,0.0,0.0,0.0,0.0,0.0,0.0,0.0,0.0,0.0,0.0,0.0,0.0,0.0,0.0018181650569159891,-9.71848479265046e-16,5.895113559075556e-16,5.839242634672382e-15,4.180482204782557e-12,2.1079177095082826e-13,-3.6456753639984635e-15,9.254842031365377e-15,8.521548823749887e-15,-0.0009361984110240355,7.067502210371953e-15,-4.383478662315886e-15,-4.7253119394852666e-15,-1.8012414555355097e-13,3.138303038487912e-15,-2.2746540276561474e-5,5.629189145036509e-15,5.615647602604394e-15,2.802536661054527e-12,-2.3247726705543065e-14,-2.1659980269910218e-5,3.893882349894596e-14,-9.176447269353804e-5,-4.318022282002299e-15,-5.299707411678646e-17,-8.396476055094118e-16,7.252004534039344e-15,-7.998900737619726e-14,-8.239084158197217e-13,1.943195611318434e-7,-1.815719553595214e-15,4.039923598274122e-11,-1.094098574494638e-14,0.00014621810560896595,2.8944906533410895e-14,9.826410850444167e-7,-2.465362404743325e-13,-4.613059923435883e-10,-9.466744251437293e-16,-1.5482906701324637e-14,4.271139114537225e-15,2.2146827405777734e-15,2.954170160336446e-14,3.3904577711087274e-5,-2.491835054916368e-15,3.923448159531821e-15,4.3525074232344455e-15,-2.639690528027245e-16,5.605564198136972e-15,4.936447181780551e-6,-2.7271496872599084e-15,-1.9806727920173655e-14,-2.2795458985458316e-15,-6.149713019343049e-13,1.0742401682665621e-9,4.0999571233269023e-16,-3.328719370237441e-16,-2.4894852336136888e-15,-7.591981982914407e-11,-5.016505276891778e-16,-8.040287531022317e-5,4.763306148094992e-12,-7.989060699996895e-13,6.015869427052538e-16,9.531217602046434e-16,-2.6331209692103974e-12,3.596935119504768e-12,5.979076097880973e-14,3.044552796310759e-15,-1.0317968362441236e-16,-7.802952323068452e-15,-2.473482841940656e-10,2.2403271477051145e-14,2.635326603430672e-6,-1.3613984174985676e-13,4.559076449083444e-16,1.4012734717782068e-15,-1.0769678261820874e-10,-1.5821995880516235e-16,3.24882613900496e-15,-3.154480890063861e-15,-2.307093339934061e-15,1.1864735343949432e-13,-1.3014178250298044e-14,7.473589643637752e-15,1.1081900812978756e-14,1.502763899224157e-15,-4.0293052534028797e-14
0.0,0.0,0.0,0.0,0.0,0.0,0.0,0.0,0.0,0.0,0.0,0.0,0.0,0.0,0.0,0.0,0.0,0.0,0.0,0.0,0.0,0.0,0.0,0.0,0.0,0.0,0.0,0.0,0.0,0.0,0.0,0.0,0.0,0.0,0.0,0.0,0.0,0.0,0.0,0.0,0.0,0.0,0.0,0.0,0.0,0.0,0.0,0.0,0.0,0.0,0.0,0.0,0.0,0.0,0.0,0.0,0.0,0.0,0.0,0.0,0.0,0.0,0.0,0.0,0.0,0.0,0.0,0.0,0.0,0.0,0.0,0.0,0.0,0.0,0.0,0.0,0.0,0.0,0.0,0.0,0.0,0.0,0.0,0.0,0.0,0.0,0.0,0.0,0.0,0.0,0.0,0.0,0.0,0.0,0.0,0.0,0.0,0.0,0.0,0.0,0.0,0.0,0.0,0.0,0.0,0.0,0.0,0.0,0.0,0.0,0.0,0.0,0.001718259289881005,3.295262727005829e-6,-2.6412367929767972e-8,1.38758780164043e-14,6.600693451964548e-14,-0.00018335132424336835,1.0129450342824364e-13,8.797840986439971e-8,-3.987210739855653e-15,-2.1604146364430424e-5,-6.785027830927829e-13,-0.0006347036273901207,-7.03751844115671e-14,-0.00012411978420684192,-2.1414825504047016e-15,-3.152751281035812e-13,-8.681015229306436e-14,1.0502866655061362e-14,1.0502959518640087e-14,-5.406203299927668e-16,-2.9641656332027837e-14,6.311141465505968e-16,-3.140105461520259e-14,-2.216358631059901e-6,8.78606507298804e-6,6.224737640415131e-13,-4.7368422586574936e-14,-2.9716579511575214e-14,-8.791280080997678e-15,-3.6417849209603653e-8,1.2158499805456569e-14,-2.1707876955338227e-13,-1.0773439345927481e-15,3.0877454870890466e-13,-3.856966062028996e-15,-4.381336282362654e-14,3.9387205503322727e-16,-8.864266031241164e-8,-6.596439044891115e-13,-2.5793327030761777e-5,0.001412628382279445,5.366897774235696e-12,-2.3176034285783533e-15,3.2878636949458976e-13,-1.3295937402067858e-13,5.194191749433812e-9,-3.748255311370193e-7,6.410520851278184e-8,3.9255277571579324e-16,5.570644418462473e-6,-4.330869104344224e-17,0.00018502069351681883,1.613788116471778e-14,1.2537533822506293e-14,1.8886619177666549e-6,-2.6863561202923774e-6,-0.00017204078710356908,-1.482715223039067e-14,-1.2820952862617501e-5,-1.854960517220366e-15,-5.196942955660563e-14,1.4388463058343482e-14,4.1953614278406804e-14,2.2085560647818258e-7,-6.071619538738304e-15,-2.64896215207374e-15,-2.0239342653252462e-13,-6.668660484955175e-14,0.0006909700405857311,3.116722977487045e-6,-9.28765338733564e-15,5.894883242351389e-12,2.607990222105036e-15,-5.1577706480345965e-15,8.2843231373068e-7,0.0010883996936728643,-6.767685504942143e-15,4.6660202346957765e-8,2.6843040669214824e-9,-8.739457029424866e-5,7.461252139612864e-7,-9.032712539324086e-15,-1.326121847540438e-13,6.583903106015777e-14,-1.9241739465933257e-11,4.764294896673676e-6,1.9140297561489125e-13
0.0,0.0,0.0,0.0,0.0,0.0,0.0,0.0,0.0,0.0,0.0,0.0,0.0,0.0,0.0,0.0,0.0,0.0,0.0,0.0,0.0,0.0,0.0,0.0,0.0,0.0,0.0,0.0,0.0,0.0,0.0,0.0,0.0,0.0,0.0,0.0,0.0,0.0,0.0,0.0,0.0,0.0,0.0,0.0,0.0,0.0,0.0,0.0,0.0,0.0,0.0,0.0,0.0,0.0,0.0,0.0,0.0,0.0,0.0,0.0,0.0,0.0,0.0,0.0,0.0,0.0,0.0,0.0,0.0,0.0,0.0,0.0,0.0,0.0,0.0,0.0,0.0,0.0,0.0,0.0,0.0,0.0,0.0,0.0,0.0,0.0,0.0,0.0,0.0,0.0,0.0,0.0,0.0,0.0,0.0,0.0,0.0,0.0,0.0,0.0,0.0,0.0,0.0,0.0,0.0,0.0,0.0,0.0,0.0,0.0,0.0,0.0,0.0,0.0017143214603603644,1.4954568850111954e-11,7.681188993365011e-15,4.482346660897493e-14,-3.376303887287193e-5,2.787179154804669e-13,-4.8639325364454845e-11,8.916937811022724e-16,1.2287115044061347e-8,-7.366655204361813e-14,3.481868885647349e-7,1.644570718944644e-14,7.055536703964552e-8,-1.0906858203840705e-16,4.040449336879531e-14,-4.1497736467496463e-14,4.91277032303677e-15,-3.264486026338508e-14,-2.0192861864512078e-16,4.938532865663547e-14,1.5407256859832664e-16,-1.00518494368792e-14,1.2622309783578836e-9,0.00017173276440353758,5.696291763045424e-13,-2.876670549646708e-14,1.6632783386255116e-14,-1.5782899973661945e-15,2.101859910462588e-11,-6.458501371957952e-16,7.42928484476272e-14,-6.949262613089028e-16,4.606617143422315e-14,3.1179958832410414e-16,3.362844784442361e-14,-3.547472677237237e-15,5.010237100590177e-11,-6.176672657561662e-13,1.4672209878983544e-8,-5.002125935853273e-7,2.2090953975915284e-13,1.0284505564432383e-16,8.195064305910123e-14,-1.536499722764588e-13,-2.485244278015748e-12,-0.00027503841156436903,-3.758689900417811e-11,-5.819595207322688e-16,-3.168937102183114e-9,3.8795165771230074e-14,-1.047820997226829e-7,1.913871306865692e-15,3.3279283215808965e-15,0.0011967885268260924,-0.0003500172277892936,-1.842597432645587e-5,6.486075577038947e-16,-9.152376466524422e-5,9.079576021080688e-16,2.9897970221596696e-15,-1.0097599289663713e-14,3.6265646629618124e-14,0.0001634947438615532,-7.89872949721069e-16,4.004053037260207e-15,3.51945944849083e-14,6.192844019993718e-13,-2.9967337665782437e-7,-1.771440747412822e-9,-5.122790216908678e-15,-6.739969121553428e-13,2.115605370647602e-15,-7.052637639158616e-15,0.0005567282267319719,-4.3232498405994523e-7,-3.2404476789650283e-15,3.4465186097430546e-5,-1.9859129222324343e-12,4.970539262830589e-8,-4.2491598627792045e-10,-1.2774909722601166e-14,-1.596746173034367e-14,2.9083359588250834e-14,4.957206638827818e-14,-2.7105440363407224e-9,1.4313825008488238e-13
0.0,0.0,0.0,0.0,0.0,0.0,0.0,0.0,0.0,0.0,0.0,0.0,0.0,0.0,0.0,0.0,0.0,0.0,0.0,0.0,0.0,0.0,0.0,0.0,0.0,0.0,0.0,0.0,0.0,0.0,0.0,0.0,0.0,0.0,0.0,0.0,0.0,0.0,0.0,0.0,0.0,0.0,0.0,0.0,0.0,0.0,0.0,0.0,0.0,0.0,0.0,0.0,0.0,0.0,0.0,0.0,0.0,0.0,0.0,0.0,0.0,0.0,0.0,0.0,0.0,0.0,0.0,0.0,0.0,0.0,0.0,0.0,0.0,0.0,0.0,0.0,0.0,0.0,0.0,0.0,0.0,0.0,0.0,0.0,0.0,0.0,0.0,0.0,0.0,0.0,0.0,0.0,0.0,0.0,0.0,0.0,0.0,0.0,0.0,0.0,0.0,0.0,0.0,0.0,0.0,0.0,0.0,0.0,0.0,0.0,0.0,0.0,0.0,0.0,0.0017023243463112926,9.52722700137671e-14,-3.826122151536607e-13,-8.420897066481797e-10,4.539272645118678e-12,-0.0006445237251454937,7.635219241004353e-15,2.1353184239671055e-6,9.667560166461838e-11,6.229648812799882e-8,1.6555084051886155e-13,2.170964184703845e-7,1.6801973149948716e-14,-4.974717460761707e-11,-6.619648348696782e-12,-6.259377943458383e-14,2.469948139194939e-13,2.777556558247147e-15,1.2647367333545547e-13,4.353391334210696e-16,2.2735559037978836e-13,5.661452685543083e-6,3.970893936357341e-11,-1.1051047714912898e-7,2.0079072259169478e-13,4.8023001464691336e-14,-2.442460895554014e-14,0.001481436231370734,-8.521820718968494e-14,-4.3327507870924976e-13,2.655965580380194e-14,-4.567722589153897e-15,-1.821651065684648e-14,1.8040688032408427e-13,-6.827840397783611e-14,0.00014412586336084502,-3.1855507629270085e-9,1.198436541509759e-6,-1.1078907244755053e-8,-4.971917689530146e-7,1.323187783924923e-15,1.795544607590258e-12,-1.6952204455534303e-8,-0.00045941889619693037,-4.3859132209054357e-13,-0.000907385869387543,1.7282575556538267e-14,-2.5777212103974566e-6,-3.5460236157592765e-13,-8.624113649671874e-8,3.418869615169957e-14,-2.6904889071953727e-14,-1.846790287850385e-12,-1.055514306916305e-11,-7.891347537634408e-10,-6.67091151029331e-14,-5.6809330085133063e-11,3.0764707089854984e-15,-1.7017379910560365e-14,1.1432110825064815e-14,-2.039432241120495e-13,-1.5196499577237116e-12,-1.9051073437508664e-14,-6.133685500307512e-14,5.35407945082727e-15,-5.7966344287443795e-8,-1.0095341833118747e-8,-2.1486428392241666e-6,-5.889930287882607e-16,-4.123976893729566e-7,4.1357657378789587e-14,3.620837047490327e-14,-1.0350384258795342e-12,-1.1735308562875434e-8,4.979569307520753e-15,-1.179388863359184e-13,-0.00024134105694091087,3.2292792674897823e-7,-1.0360832446788948e-5,1.4768777718730924e-13,-7.584497773827634e-10,-5.576868915369383e-13,1.771150117214555e-6,-1.459157539432867e-6,5.034555894988877e-11
0.0,0.0,0.0,0.0,0.0,0.0,0.0,0.0,0.0,0.0,0.0,0.0,0.0,0.0,0.0,0.0,0.0,0.0,0.0,0.0,0.0,0.0,0.0,0.0,0.0,0.0,0.0,0.0,0.0,0.0,0.0,0.0,0.0,0.0,0.0,0.0,0.0,0.0,0.0,0.0,0.0,0.0,0.0,0.0,0.0,0.0,0.0,0.0,0.0,0.0,0.0,0.0,0.0,0.0,0.0,0.0,0.0,0.0,0.0,0.0,0.0,0.0,0.0,0.0,0.0,0.0,0.0,0.0,0.0,0.0,0.0,0.0,0.0,0.0,0.0,0.0,0.0,0.0,0.0,0.0,0.0,0.0,0.0,0.0,0.0,0.0,0.0,0.0,0.0,0.0,0.0,0.0,0.0,0.0,0.0,0.0,0.0,0.0,0.0,0.0,0.0,0.0,0.0,0.0,0.0,0.0,0.0,0.0,0.0,0.0,0.0,0.0,0.0,0.0,0.0,0.0016922165326778314,-1.9481719824809923e-10,1.6264259982667238e-14,8.921101233059367e-13,-1.0682969523226995e-13,-9.004005577130443e-12,-3.018907702953819e-14,3.928847538643503e-13,2.491357433470911e-14,-1.0447462224214444e-7,1.5075724114892183e-14,-1.669344590507766e-10,-3.395511034854901e-13,-1.2500932309757668e-13,0.0011658853124242525,8.608040750579711e-12,6.595535646968024e-13,6.352252655860974e-9,-6.78334964914973e-13,0.00019350127864677308,-7.67907786663098e-14,-8.725889742638138e-15,6.626214749009665e-14,-1.5005415801167989e-13,2.6540321073826655e-5,8.807022555100623e-9,-2.532697423090588e-13,3.9925759014643876e-5,4.344601489320191e-13,1.4113011450121105e-11,-4.216421710062408e-13,1.5179945563577994e-9,-1.5014323656127784e-7,-2.8341004407565753e-6,-8.78613794470878e-14,3.333152805782131e-13,-2.5182705517284408e-14,-2.3596391516941e-15,1.5335790822829876e-15,7.374343129786361e-11,4.877184917543507e-13,-2.5303977001513717e-13,-6.478231233859449e-14,7.469961343244834e-16,2.7312151580230903e-14,2.8578597057028286e-10,4.890373900651587e-14,3.088175603837951e-11,-1.545846446559685e-14,-1.5067307372877675e-6,1.11197055154482e-6,-4.716405605546796e-16,1.2388968097165002e-14,3.411105581270208e-14,-1.2704971561789095e-5,1.077981561355779e-14,-2.0886373878539612e-11,0.00015621622730344504,-0.0003014270233779685,-7.789922873514661e-11,-8.354430336791647e-16,-0.00027613300256573795,0.0008753987951982187,1.9487886013947864e-13,3.9490949777881023e-13,-3.8728633932002994e-14,-4.136607409212644e-14,-2.4032339882032906e-6,-9.243924510617611e-14,2.3009535225115924e-10,-0.00027453798774828154,2.037965897153802e-15,-1.5735255785092406e-14,-1.3047826678420409e-6,4.372618501680024e-15,2.708788154953419e-14,2.951150506833264e-14,-1.0504934165785723e-13,-6.970379237449734e-13,-4.020103871091841e-13,-2.3776320660337954e-12,3.5055462576413465e-13,1.2723335149684764e-17,4.837355835744055e-13
0.0,0.0,0.0,0.0,0.0,0.0,0.0,0.0,0.0,0.0,0.0,0.0,0.0,0.0,0.0,0.0,0.0,0.0,0.0,0.0,0.0,0.0,0.0,0.0,0.0,0.0,0.0,0.0,0.0,0.0,0.0,0.0,0.0,0.0,0.0,0.0,0.0,0.0,0.0,0.0,0.0,0.0,0.0,0.0,0.0,0.0,0.0,0.0,0.0,0.0,0.0,0.0,0.0,0.0,0.0,0.0,0.0,0.0,0.0,0.0,0.0,0.0,0.0,0.0,0.0,0.0,0.0,0.0,0.0,0.0,0.0,0.0,0.0,0.0,0.0,0.0,0.0,0.0,0.0,0.0,0.0,0.0,0.0,0.0,0.0,0.0,0.0,0.0,0.0,0.0,0.0,0.0,0.0,0.0,0.0,0.0,0.0,0.0,0.0,0.0,0.0,0.0,0.0,0.0,0.0,0.0,0.0,0.0,0.0,0.0,0.0,0.0,0.0,0.0,0.0,0.0,0.0015635773470725214,2.3621648537296777e-14,1.2444968560600534e-8,2.63477979008157e-13,2.1951086783529593e-13,1.9807043783413917e-13,5.083090397172714e-10,1.7098640307007552e-13,2.679115186193249e-6,2.1722321193976342e-13,5.960579425359188e-13,-8.914125356854787e-10,-5.60406883181262e-9,-1.6089547721986781e-10,-8.831194217119602e-5,-2.3449889041852794e-13,-1.890861799708906e-5,-2.6189597062960216e-13,-5.788268191782229e-10,1.7531392718792032e-13,-3.1583994906821955e-14,1.4758477757035357e-15,-2.41265079648331e-6,-3.4480297578594848e-9,-8.094418288028438e-15,-9.272596462078221e-14,1.0737167909186064e-12,-7.822484349015908e-8,9.443090766652847e-14,-4.258115229688844e-7,-7.137995252125615e-13,1.8145318599339544e-6,1.6617518455224554e-13,7.036330997406592e-16,-3.0382320270238965e-12,9.108564836620051e-14,4.765597229230529e-14,-6.166057658174408e-13,3.58406840961728e-13,1.4771692825774722e-8,-9.117145612430958e-13,-9.233596595967691e-14,-6.3979954651135315e-15,9.752757454616302e-15,1.4256637222760009e-12,2.5770218951527033e-14,-0.00035057852381928075,7.998279529613519e-14,2.9731243562157865e-8,2.472577780269195e-13,-4.2014426175642027e-14,-2.354915933792598e-14,-6.134740495859306e-14,-8.567434201387268e-14,3.365402988972056e-14,7.085072605924944e-14,5.291584597194722e-12,2.3177141304910475e-10,0.0007884845852820156,2.1640389028937475e-14,-1.0376980870895032e-11,1.370263774758208e-11,-6.816802300678437e-8,6.131539551983321e-13,1.364869943068225e-13,6.244021807909557e-14,2.6213784826164324e-13,-1.8440766408311068e-13,9.74445261532546e-13,1.3980478120402253e-10,-2.4639702668044204e-14,7.488013218492848e-14,3.618455696311565e-13,2.894996731400889e-14,-4.659944562355934e-13,9.393546377053558e-14,-3.198236540888582e-14,7.166312221320488e-6,-1.875796332452606e-11,3.04650844542894e-5,3.081226362813919e-13,2.57735551704575e-13,3.511080508961383e-10
0.0,0.0,0.0,0.0,0.0,0.0,0.0,0.0,0.0,0.0,0.0,0.0,0.0,0.0,0.0,0.0,0.0,0.0,0.0,0.0,0.0,0.0,0.0,0.0,0.0,0.0,0.0,0.0,0.0,0.0,0.0,0.0,0.0,0.0,0.0,0.0,0.0,0.0,0.0,0.0,0.0,0.0,0.0,0.0,0.0,0.0,0.0,0.0,0.0,0.0,0.0,0.0,0.0,0.0,0.0,0.0,0.0,0.0,0.0,0.0,0.0,0.0,0.0,0.0,0.0,0.0,0.0,0.0,0.0,0.0,0.0,0.0,0.0,0.0,0.0,0.0,0.0,0.0,0.0,0.0,0.0,0.0,0.0,0.0,0.0,0.0,0.0,0.0,0.0,0.0,0.0,0.0,0.0,0.0,0.0,0.0,0.0,0.0,0.0,0.0,0.0,0.0,0.0,0.0,0.0,0.0,0.0,0.0,0.0,0.0,0.0,0.0,0.0,0.0,0.0,0.0,0.0,0.001496457190550294,9.014599727634083e-13,2.8235306524698297e-9,-5.688053656169246e-15,-7.826039131508207e-7,1.4912970591806236e-14,-2.217150377306071e-5,-8.40798321398913e-14,-4.492765327687627e-6,-5.728692339310668e-15,-5.803118943548252e-14,6.556079431184569e-14,9.984639073392094e-15,9.416863051340608e-15,4.776881016838399e-16,1.0641481074814554e-13,5.467064772276965e-16,-4.420477609670891e-14,-8.028207764012644e-8,-9.920940050716054e-5,8.504615343358175e-13,-1.7465011481790102e-13,4.9024984792256094e-14,4.013381657757925e-16,-4.860000846970101e-10,7.00669790432094e-15,-2.795747415098898e-14,1.1721713159973617e-16,1.855389947712275e-13,1.5493702604392978e-15,-6.6204312641703e-14,-1.8385984677939136e-15,-3.131671938966455e-9,1.4106666287705246e-13,-9.343530217000643e-7,3.185132783416199e-5,-2.9617649365145035e-13,-6.251363848129566e-16,5.573039116277989e-13,-3.3644342768257736e-13,-6.906777691424724e-11,-1.8058497090114586e-6,1.8112784247547532e-9,-3.487106817083368e-15,2.0179236576134848e-7,-1.1623214291228123e-14,6.672256741327636e-6,1.2116321353346753e-14,-5.617889965647047e-15,4.833501238778503e-6,2.3633527406070153e-5,0.0009904436768284587,-1.763375392028247e-16,0.00014818064651495519,-9.552275162125918e-16,-8.876819727201308e-15,1.762404508251973e-14,3.8984156005560634e-14,1.0964554993471294e-6,-1.5745594095330272e-14,-6.793404362307544e-15,4.2955826245060815e-14,9.071877854241545e-13,1.9082058001101048e-5,1.1290147656391723e-7,-1.4951447066691503e-14,-1.8809035021880778e-14,-1.2716961547571275e-15,1.4890206860484863e-14,2.8370534820876047e-6,2.7528691607512e-5,-3.0011126512546673e-16,2.299208808520091e-7,-3.7186351258944674e-11,-3.164988262822202e-6,2.7022457133151758e-8,1.5878022612584705e-13,-4.962325592400561e-13,-1.487352447443341e-13,7.016799300089175e-13,1.7258319221024076e-7,1.064455952713283e-12
0.0,0.0,0.0,0.0,0.0,0.0,0.0,0.0,0.0,0.0,0.0,0.0,0.0,0.0,0.0,0.0,0.0,0.0,0.0,0.0,0.0,0.0,0.0,0.0,0.0,0.0,0.0,0.0,0.0,0.0,0.0,0.0,0.0,0.0,0.0,0.0,0.0,0.0,0.0,0.0,0.0,0.0,0.0,0.0,0.0,0.0,0.0,0.0,0.0,0.0,0.0,0.0,0.0,0.0,0.0,0.0,0.0,0.0,0.0,0.0,0.0,0.0,0.0,0.0,0.0,0.0,0.0,0.0,0.0,0.0,0.0,0.0,0.0,0.0,0.0,0.0,0.0,0.0,0.0,0.0,0.0,0.0,0.0,0.0,0.0,0.0,0.0,0.0,0.0,0.0,0.0,0.0,0.0,0.0,0.0,0.0,0.0,0.0,0.0,0.0,0.0,0.0,0.0,0.0,0.0,0.0,0.0,0.0,0.0,0.0,0.0,0.0,0.0,0.0,0.0,0.0,0.0,0.0,0.0014876381624965111,1.9098044849577243e-13,1.4212367520164795e-13,-1.109997690537965e-13,8.650063236874483e-5,1.0604953248116379e-13,-7.710372520743462e-12,2.2818308203635655e-13,1.8334599034992857e-13,-0.00015194869187334196,-0.0009012851974795567,6.421272937817004e-14,-1.0287377847826725e-7,-2.0671681604476327e-14,4.688168146286888e-11,-1.0396872999024364e-14,-3.1029156996566816e-14,-7.462630680116447e-14,-7.333536548697156e-14,-1.9082160243248625e-8,-2.4526530768301485e-6,-5.346402970894983e-13,8.33836076404778e-14,-1.2086542977917383e-12,-3.9480297309516486e-13,-6.817534689462165e-5,4.026818110747316e-14,-1.217631098799814e-5,-8.373973975926073e-14,-5.715506432279708e-12,-3.410089987810993e-13,3.209388855632162e-13,-4.315683915902853e-7,3.7748021183053633e-13,-4.920848898146691e-13,-2.8524877536923544e-9,1.731361233843873e-14,0.001128438976126459,-8.191054585740664e-8,-2.7894131670531278e-12,3.4873083972704723e-13,1.7814565001649158e-14,-8.64567999629272e-14,-5.537026741992474e-13,-9.733614067722383e-9,-6.39398363577714e-14,-8.293087994648037e-13,4.944230070905079e-14,-1.5389797056438664e-13,1.0195491933358171e-13,-1.3346303076746876e-13,-1.6184372918698863e-13,-2.780558030000874e-13,2.5714822797011417e-14,-7.101899931515397e-13,2.7771222492663715e-13,5.29822549327487e-9,5.234099772898295e-14,-2.6021873541752773e-13,-3.830799337575723e-13,-3.736971220338445e-5,-1.56725028635632e-8,-1.6125840751878151e-13,-9.560210131438916e-13,-3.353137240150073e-13,-1.5760030678311386e-9,1.3720812313602433e-13,9.923672075298856e-14,1.846024259587234e-14,-2.6742133042975835e-14,-6.352698872820684e-13,-4.5883375031129045e-14,-2.7136919025007724e-12,3.133565392383858e-13,-2.431440672340553e-13,1.2418769285865244e-6,-3.1429693960254107e-6,2.0402589000101964e-7,1.6380533363795115e-9,-3.0905095747231256e-13,5.99836252312105e-5
0.0,0.0,0.0,0.0,0.0,0.0,0.0,0.0,0.0,0.0,0.0,0.0,0.0,0.0,0.0,0.0,0.0,0.0,0.0,0.0,0.0,0.0,0.0,0.0,0.0,0.0,0.0,0.0,0.0,0.0,0.0,0.0,0.0,0.0,0.0,0.0,0.0,0.0,0.0,0.0,0.0,0.0,0.0,0.0,0.0,0.0,0.0,0.0,0.0,0.0,0.0,0.0,0.0,0.0,0.0,0.0,0.0,0.0,0.0,0.0,0.0,0.0,0.0,0.0,0.0,0.0,0.0,0.0,0.0,0.0,0.0,0.0,0.0,0.0,0.0,0.0,0.0,0.0,0.0,0.0,0.0,0.0,0.0,0.0,0.0,0.0,0.0,0.0,0.0,0.0,0.0,0.0,0.0,0.0,0.0,0.0,0.0,0.0,0.0,0.0,0.0,0.0,0.0,0.0,0.0,0.0,0.0,0.0,0.0,0.0,0.0,0.0,0.0,0.0,0.0,0.0,0.0,0.0,0.0,0.0014766148754425052,3.496035074269954e-15,-7.268016598312212e-6,1.2950798587307406e-11,-2.120005969678085e-7,-6.504128623561849e-14,-7.389259576950969e-7,-1.151913102512965e-14,-5.347597520810911e-12,3.694339226589256e-13,8.035289471010255e-14,-7.405332384138302e-13,-7.909550587642914e-15,3.641594184179915e-13,5.028243230371773e-15,-3.515150307460621e-14,-1.926987136267699e-5,5.634167782023303e-11,-1.3977494017836339e-8,6.649135254390639e-13,-2.5410923244643598e-14,-1.9584136376108127e-14,-0.0003597340023907113,3.219709169488891e-14,-4.243206694244943e-13,1.9074625261875348e-14,4.945875674622529e-13,5.2119533274466135e-15,3.585794554613764e-13,-2.1859437506095823e-14,-0.0004697029714303397,-3.9984461293998586e-10,-4.0791377919789965e-6,3.7656827199516995e-8,-6.288697241082475e-8,1.1863369948473453e-14,-9.431518143330389e-14,-2.1440693678132694e-9,-5.2769985116543274e-5,7.173930573060397e-13,0.0011956319648075203,-2.5774147331311633e-14,8.773829661087533e-6,-2.4985805102045456e-13,2.935239896754582e-7,-6.050866382881952e-15,-5.830202727314125e-15,-2.3498785156131585e-12,-1.5858755023741676e-11,7.897560117962212e-10,-1.1633211322122494e-14,-8.420620023315793e-11,-1.1224585451143435e-14,1.2682953365907903e-14,-9.925713048789522e-14,1.8039476693433684e-13,-1.1931296832071649e-12,-2.530532813684632e-14,-2.724466998933034e-14,5.848885115531472e-13,-7.331056165619628e-9,3.432964294029156e-8,7.313365819077125e-6,-2.6739192180041303e-14,-5.216093731609717e-8,8.256638594387681e-15,-7.908832082252962e-14,-9.5814713630767e-13,3.989132471056917e-8,2.589929483066772e-14,-1.0399714423709398e-13,-2.893215534402728e-5,-1.099149937268143e-6,3.526349668309612e-5,8.73998404582243e-14,-9.551303078479842e-11,-6.628490413415481e-13,2.2401566333520125e-7,4.966555702971953e-6,6.115206054512845e-12
0.0,0.0,0.0,0.0,0.0,0.0,0.0,0.0,0.0,0.0,0.0,0.0,0.0,0.0,0.0,0.0,0.0,0.0,0.0,0.0,0.0,0.0,0.0,0.0,0.0,0.0,0.0,0.0,0.0,0.0,0.0,0.0,0.0,0.0,0.0,0.0,0.0,0.0,0.0,0.0,0.0,0.0,0.0,0.0,0.0,0.0,0.0,0.0,0.0,0.0,0.0,0.0,0.0,0.0,0.0,0.0,0.0,0.0,0.0,0.0,0.0,0.0,0.0,0.0,0.0,0.0,0.0,0.0,0.0,0.0,0.0,0.0,0.0,0.0,0.0,0.0,0.0,0.0,0.0,0.0,0.0,0.0,0.0,0.0,0.0,0.0,0.0,0.0,0.0,0.0,0.0,0.0,0.0,0.0,0.0,0.0,0.0,0.0,0.0,0.0,0.0,0.0,0.0,0.0,0.0,0.0,0.0,0.0,0.0,0.0,0.0,0.0,0.0,0.0,0.0,0.0,0.0,0.0,0.0,0.0,0.0014543421958463356,-2.354043367815129e-15,-2.1787540889679183e-14,-2.7300557407108252e-15,-9.527501184135883e-13,1.878216368093108e-15,5.444164544358753e-5,1.0798854117278654e-15,6.978061169242349e-15,1.998806029632863e-12,1.9514159220125612e-13,-3.917136743830989e-6,1.809299681338333e-13,-1.6586315871937873e-5,8.865662943688329e-13,-1.0307290039062989e-15,-2.5655911518187186e-15,1.1909889603204005e-14,-1.4962430803040576e-13,-6.435300617164492e-13,-4.6511235391655866e-7,-2.444955174275693e-14,-9.907408668891613e-11,1.4752396858961509e-15,-0.00034249908771087954,1.0136326645596423e-13,-2.351981509515695e-6,-7.834052938935275e-13,1.0997374943911863e-9,-1.2212759336256746e-14,-5.0893763557776604e-15,-4.2637930971127644e-15,2.1014330868022144e-15,1.0637005737981269e-14,-8.11316303404264e-5,1.0427678479161734e-14,1.5206484502036673e-14,-1.3319636607778515e-14,-3.1443225531011177e-16,-8.592804629694666e-15,-1.1815488931312781e-5,-1.2657402558900446e-15,-3.252972754062089e-13,-2.227154264335774e-15,-1.3737964826779306e-13,-2.572636750066646e-9,-1.2952960309173935e-15,5.925752035199982e-16,-1.4224275515591445e-15,1.8017506063336915e-10,1.5952679827475642e-15,0.00019150351241338466,-8.861789938263381e-12,-1.1343613670765918e-12,1.8884828892550598e-13,2.6011193154270127e-16,6.299143163027226e-12,7.457731456239642e-14,-8.17855443384398e-16,2.776150780594077e-14,-3.7427205082120634e-15,-8.293755997591845e-15,5.93796817975605e-10,2.7339003984158426e-14,-6.307716911429661e-6,-1.7062620773260763e-13,-4.744660971470571e-16,2.8915613539640092e-15,2.556370462508374e-10,-3.723866716226477e-16,-6.161302655404248e-15,7.162907979379649e-15,-8.909326069096398e-16,8.234685521197783e-14,-7.561052324151522e-15,-1.1635253773985426e-13,-4.697413725318395e-15,-1.6691324947082793e-15,7.208992887412169e-14
0.0,0.0,0.0,0.0,0.0,0.0,0.0,0.0,0.0,0.0,0.0,0.0,0.0,0.0,0.0,0.0,0.0,0.0,0.0,0.0,0.0,0.0,0.0,0.0,0.0,0.0,0.0,0.0,0.0,0.0,0.0,0.0,0.0,0.0,0.0,0.0,0.0,0.0,0.0,0.0,0.0,0.0,0.0,0.0,0.0,0.0,0.0,0.0,0.0,0.0,0.0,0.0,0.0,0.0,0.0,0.0,0.0,0.0,0.0,0.0,0.0,0.0,0.0,0.0,0.0,0.0,0.0,0.0,0.0,0.0,0.0,0.0,0.0,0.0,0.0,0.0,0.0,0.0,0.0,0.0,0.0,0.0,0.0,0.0,0.0,0.0,0.0,0.0,0.0,0.0,0.0,0.0,0.0,0.0,0.0,0.0,0.0,0.0,0.0,0.0,0.0,0.0,0.0,0.0,0.0,0.0,0.0,0.0,0.0,0.0,0.0,0.0,0.0,0.0,0.0,0.0,0.0,0.0,0.0,0.0,0.0,0.001443218028767571,-2.0445470964560753e-13,6.009200620760476e-5,2.057883056112135e-14,0.00020932566703501002,6.82823635411637e-15,-6.476274418209386e-13,1.7718451113003993e-13,-2.532457546303333e-14,-3.364043567840785e-13,1.0932469468649192e-15,-5.541514654457521e-14,1.170604547031409e-15,9.002133217824403e-14,0.00021046329028403572,-1.6335652744492167e-8,-2.3349157918761888e-11,3.854065840996147e-13,9.420923888308505e-14,2.7552746678628175e-14,-5.305214982183073e-7,-6.334056344727178e-15,-1.7159315133461465e-13,3.058058512324131e-15,-2.6862013050294577e-14,-1.0747773122418329e-14,1.5493701852838973e-13,2.4871870937918862e-14,5.874594806557985e-6,2.457563873055372e-14,0.0010301987081825412,-1.0673209527714165e-5,-9.772004893773863e-11,-2.3605176497203665e-15,-4.299433664690407e-13,-2.7510674688602294e-12,-8.131202565855903e-8,-2.9816656812368465e-10,1.2506738953134132e-6,-5.827832018119868e-15,-0.0005106213382649469,3.303776383056791e-13,-8.319274509333574e-5,1.1317511587527264e-15,1.2907296954913207e-14,7.976985167520697e-10,3.894894671203447e-9,-2.239657064818789e-7,3.181438189454506e-14,2.4329949830003545e-8,8.97269426250161e-15,2.222870806387037e-14,-2.685656899805788e-14,-8.247878115674661e-15,1.7989089053279173e-10,-5.4517259056148704e-15,1.9386585782683344e-14,1.1952938557893977e-13,-9.971054198800221e-12,-9.730365219179223e-6,-0.0002906790807470853,-1.735494002482674e-14,-8.142787329080856e-11,8.390564403619397e-15,2.3681304258923693e-15,4.686266928735959e-10,-1.130639805314272e-5,-3.961078738994995e-14,3.7717786922842695e-11,-4.45874089011872e-8,0.0003110314914865884,-7.093227708874491e-5,-2.1749893846781535e-13,1.0439583730569794e-12,1.7629974602864283e-14,3.467435767785346e-10,-0.0004236058442415222,-1.0325092762643463e-13
0.0,0.0,0.0,0.0,0.0,0.0,0.0,0.0,0.0,0.0,0.0,0.0,0.0,0.0,0.0,0.0,0.0,0.0,0.0,0.0,0.0,0.0,0.0,0.0,0.0,0.0,0.0,0.0,0.0,0.0,0.0,0.0,0.0,0.0,0.0,0.0,0.0,0.0,0.0,0.0,0.0,0.0,0.0,0.0,0.0,0.0,0.0,0.0,0.0,0.0,0.0,0.0,0.0,0.0,0.0,0.0,0.0,0.0,0.0,0.0,0.0,0.0,0.0,0.0,0.0,0.0,0.0,0.0,0.0,0.0,0.0,0.0,0.0,0.0,0.0,0.0,0.0,0.0,0.0,0.0,0.0,0.0,0.0,0.0,0.0,0.0,0.0,0.0,0.0,0.0,0.0,0.0,0.0,0.0,0.0,0.0,0.0,0.0,0.0,0.0,0.0,0.0,0.0,0.0,0.0,0.0,0.0,0.0,0.0,0.0,0.0,0.0,0.0,0.0,0.0,0.0,0.0,0.0,0.0,0.0,0.0,0.0,0.0014332677751707026,3.550619091964208e-13,-4.226171581559219e-13,1.9802933377929964e-13,-3.533550398106403e-14,-0.0009851300588655122,-9.51359499396757e-5,-2.3292986717913945e-14,1.854668727968515e-9,1.0980389453622724e-14,-5.277032008997492e-13,3.439157682636245e-14,4.9150563350046074e-14,-8.429138628103005e-13,9.522508615157164e-14,-4.499028920450191e-7,4.4232291579836694e-8,-3.198430616795205e-13,1.3554308925877805e-13,-1.580672775187577e-11,-7.261737888688885e-15,1.228885302867054e-6,1.0038117278814641e-13,2.1958911914252277e-7,3.1673917978801087e-14,-1.8040077153336932e-13,-2.0715143775093958e-13,1.3789983412519664e-12,-1.0175170122245713e-5,1.2866164063632602e-13,7.150037852628304e-15,-6.724024908974387e-8,-2.2084819075697314e-15,-1.3400503052283037e-5,-1.931179450811304e-6,-7.436845169091376e-11,-5.919440785165883e-14,6.269480972018934e-12,2.5310451290163017e-14,1.4194470492741798e-12,1.7580807211828686e-10,3.7751676640892e-13,3.3798013436471943e-13,-8.831600833054222e-14,2.1079212749487568e-13,-7.70299172435465e-14,-4.895660982328143e-13,2.702107173872957e-14,-4.322522348681338e-14,-6.497984233207686e-14,6.166324373583098e-14,-2.3854459958259034e-13,-9.762245310808886e-11,-1.5413976211029315e-14,3.508622108274921e-13,6.605625229541926e-14,6.737609544996909e-7,-3.695262214828437e-7,-7.13835274436943e-15,4.98272998249457e-13,2.1981861012107488e-13,-3.714428994025146e-8,1.1882784733508357e-14,-3.1966798859864387e-13,-4.7332216979007866e-14,2.0114320960303157e-13,-1.2311018112100374e-13,-3.0635045202685104e-14,-6.190093827193006e-11,-1.0321194665398917e-13,6.526247817976535e-14,-2.2396662212725578e-8,-7.408811516068207e-5,-3.679941760480779e-9,3.8610532175924525e-8,4.840990673216373e-13,0.0008463817874964051
0.0,0.0,0.0,0.0,0.0,0.0,0.0,0.0,0.0,0.0,0.0,0.0,0.0,0.0,0.0,0.0,0.0,0.0,0.0,0.0,0.0,0.0,0.0,0.0,0.0,0.0,0.0,0.0,0.0,0.0,0.0,0.0,0.0,0.0,0.0,0.0,0.0,0.0,0.0,0.0,0.0,0.0,0.0,0.0,0.0,0.0,0.0,0.0,0.0,0.0,0.0,0.0,0.0,0.0,0.0,0.0,0.0,0.0,0.0,0.0,0.0,0.0,0.0,0.0,0.0,0.0,0.0,0.0,0.0,0.0,0.0,0.0,0.0,0.0,0.0,0.0,0.0,0.0,0.0,0.0,0.0,0.0,0.0,0.0,0.0,0.0,0.0,0.0,0.0,0.0,0.0,0.0,0.0,0.0,0.0,0.0,0.0,0.0,0.0,0.0,0.0,0.0,0.0,0.0,0.0,0.0,0.0,0.0,0.0,0.0,0.0,0.0,0.0,0.0,0.0,0.0,0.0,0.0,0.0,0.0,0.0,0.0,0.0,0.001311493402081883,-1.8915337591099438e-13,0.0003676111833702013,-8.238303566152016e-15,5.055632475314679e-13,5.359836969802419e-13,2.8843598745750057e-15,9.63287272430356e-14,-1.6215955299380539e-15,-5.884256610207422e-15,3.366030791553268e-16,-7.147636266983117e-14,-2.862490460797782e-6,-5.085267361497783e-7,8.980562095789031e-14,-2.455379618109712e-13,-5.0928796140586417e-14,1.0709005341441812e-15,7.2809055328343476e-9,-1.6141395778365438e-14,1.564271547774235e-13,-2.95522481194443e-15,-8.321907637918231e-14,6.545416114594803e-16,-1.0023757108777847e-13,3.239377780625207e-15,-8.060187138614208e-8,-6.569725077973824e-13,3.174573425167177e-5,-0.0003256533504190748,2.0087245484739323e-12,2.3169503922227176e-15,-6.388643229494186e-13,1.2591168785869615e-14,1.1161833060698263e-9,-9.26519206496914e-9,-1.716177661686317e-8,-1.1598363929466355e-14,6.346382736533148e-6,-1.1453726816159138e-13,-0.0005387275728648992,-6.918166297058709e-15,-6.494635282037454e-16,2.4796951607118367e-8,1.212531921699825e-7,-6.972082734832873e-6,3.749315565115354e-15,7.574703088499888e-7,-5.341804016819213e-15,-4.487661668076551e-14,7.555090389931543e-15,-1.6864780152384186e-13,5.626024439377864e-9,1.7167791015152296e-14,-1.958873536353515e-14,-1.5366714186586566e-13,-7.325002333234893e-13,-0.00029244372468045955,3.7798523604994267e-6,2.24176687519799e-15,2.4819437543851086e-12,-1.2580352855008055e-15,1.2251641058170902e-14,1.4555287645505504e-8,-0.00034277882047474144,2.862870628075274e-15,1.176383166602078e-9,6.128710575651436e-10,0.0002525825770025262,9.724042618408194e-7,-1.6987232811392795e-13,5.314235308906493e-13,-1.5852564437069655e-13,-5.523561978960578e-12,4.8269384606095085e-6,2.473394332640816e-13
0.0,0.0,0.0,0.0,0.0,0.0,0.0,0.0,0.0,0.0,0.0,0.0,0.0,0.0,0.0,0.0,0.0,0.0,0.0,0.0,0.0,0.0,0.0,0.0,0.0,0.0,0.0,0.0,0.0,0.0,0.0,0.0,0.0,0.0,0.0,0.0,0.0,0.0,0.0,0.0,0.0,0.0,0.0,0.0,0.0,0.0,0.0,0.0,0.0,0.0,0.0,0.0,0.0,0.0,0.0,0.0,0.0,0.0,0.0,0.0,0.0,0.0,0.0,0.0,0.0,0.0,0.0,0.0,0.0,0.0,0.0,0.0,0.0,0.0,0.0,0.0,0.0,0.0,0.0,0.0,0.0,0.0,0.0,0.0,0.0,0.0,0.0,0.0,0.0,0.0,0.0,0.0,0.0,0.0,0.0,0.0,0.0,0.0,0.0,0.0,0.0,0.0,0.0,0.0,0.0,0.0,0.0,0.0,0.0,0.0,0.0,0.0,0.0,0.0,0.0,0.0,0.0,0.0,0.0,0.0,0.0,0.0,0.0,0.0,0.0012525452109133379,-8.76461372418437e-14,9.30899992438111e-13,1.4991780097215576e-12,-2.459135737961787e-12,-1.0503590472474165e-7,5.690351006629395e-8,-5.262241302294485e-13,-0.00010809730726238374,2.898341234611153e-14,-3.845687518561382e-7,1.4817345793879642e-13,3.9758398213121626e-14,-6.779906738913746e-13,1.5562133121157452e-9,-2.2900837301037424e-6,5.507773558782629e-13,-1.0231631187530113e-13,1.0174769596977676e-9,4.9780380602303157e-11,1.0177251338160469e-13,2.7368950727751276e-10,-7.87873081099305e-13,0.00106613074923199,-7.114245100971574e-11,-1.0898165087960987e-13,-3.630239842899626e-13,-2.8656377115847827e-13,3.93903508127059e-14,1.2799089543281576e-14,1.6925670327335116e-13,-3.693800594763217e-12,6.105002804778344e-13,7.402113853612693e-15,1.4127343638011925e-15,6.673149210457368e-14,-1.1282821035867742e-12,1.8283248380096479e-13,2.117649997803476e-7,-2.2142164522704993e-13,1.9740045729090806e-5,3.039127351378815e-11,-1.629977923366596e-15,1.9797377540612663e-15,1.097326358567241e-14,-3.246980484889796e-10,-3.139547784991562e-14,1.0167338161500662e-14,3.915104028162397e-9,1.5474005413157278e-7,-3.767940751929822e-7,-3.0747545013514275e-14,-6.571402002337397e-9,1.0081498100527018e-8,4.400610842964598e-11,4.874882152387972e-13,-3.815584474281098e-14,-1.3546520755048089e-13,-6.054160868214913e-11,-6.605249676533775e-14,-2.465858305517351e-12,9.287308033874362e-8,-4.50626613251762e-16,-1.4461156794270825e-13,-3.2884447052254035e-11,-2.2972142933115284e-14,-2.253796342580808e-13,2.6643548664888103e-14,-2.5123087379594217e-14,-4.617350444043686e-9,5.769436741072924e-13,-1.963940740664963e-8,2.0188164461074306e-13,5.798580259678708e-14,-1.0106539525394176e-12
0.0,0.0,0.0,0.0,0.0,0.0,0.0,0.0,0.0,0.0,0.0,0.0,0.0,0.0,0.0,0.0,0.0,0.0,0.0,0.0,0.0,0.0,0.0,0.0,0.0,0.0,0.0,0.0,0.0,0.0,0.0,0.0,0.0,0.0,0.0,0.0,0.0,0.0,0.0,0.0,0.0,0.0,0.0,0.0,0.0,0.0,0.0,0.0,0.0,0.0,0.0,0.0,0.0,0.0,0.0,0.0,0.0,0.0,0.0,0.0,0.0,0.0,0.0,0.0,0.0,0.0,0.0,0.0,0.0,0.0,0.0,0.0,0.0,0.0,0.0,0.0,0.0,0.0,0.0,0.0,0.0,0.0,0.0,0.0,0.0,0.0,0.0,0.0,0.0,0.0,0.0,0.0,0.0,0.0,0.0,0.0,0.0,0.0,0.0,0.0,0.0,0.0,0.0,0.0,0.0,0.0,0.0,0.0,0.0,0.0,0.0,0.0,0.0,0.0,0.0,0.0,0.0,0.0,0.0,0.0,0.0,0.0,0.0,0.0,0.0,0.0010263427606635167,1.4384406347748567e-14,-2.4201757927232544e-13,-1.2173899317407428e-13,-8.894097125316102e-15,3.119313526743408e-13,4.12596632925594e-16,1.840055758479106e-13,-1.8253366286593587e-16,-1.4358319407134019e-13,-1.1698822569520213e-5,5.360363496099435e-8,2.9789607648342246e-12,-3.435200028856089e-13,3.406995935713588e-14,-8.48140423026391e-15,2.9743869337246402e-8,7.58873279980466e-15,5.813983611711675e-13,3.572499674305811e-15,2.7325300864008723e-13,-2.98191245196949e-15,-3.460545649275472e-14,-2.2554617687581282e-14,-3.2942313936330773e-7,9.421293200313851e-13,0.0001295774873306612,3.269158653786017e-5,5.024733794395322e-12,2.9952360453140917e-15,1.5643556592251797e-13,-9.54949252002434e-13,4.561866576740379e-9,9.776136009049925e-10,-7.01293043156607e-8,5.762045684241407e-15,2.593701491311586e-5,1.6069943256560828e-13,-0.00042936264462979906,8.160021350506338e-15,1.4180324769701456e-14,-2.61263346787149e-9,-1.2782867493208675e-8,7.349217616472016e-7,-1.4334424503761957e-14,-7.98435167984339e-8,1.5930977860129698e-15,5.213366169963273e-16,-9.477486779623996e-15,2.556391208793487e-13,-5.92710788729663e-10,-1.9376514618267625e-14,-7.774723091079059e-15,6.175572609057147e-13,2.311457139005491e-13,2.8236386633913526e-5,1.5447952806413845e-5,8.570776183494369e-15,1.86231631214624e-12,-1.653986691692334e-14,-1.0761015718219055e-14,-1.5363888454007583e-9,3.385696802584809e-5,-1.0581457834058017e-14,-1.217638885911107e-10,2.501740329232398e-9,0.0009116681505330215,3.974160801304636e-6,5.802260386054722e-13,-1.964354140170704e-12,3.5242298315264423e-14,-1.934568599759905e-11,1.9727005828297506e-5,-1.9540982089784284e-13
0.0,0.0,0.0,0.0,0.0,0.0,0.0,0.0,0.0,0.0,0.0,0.0,0.0,0.0,0.0,0.0,0.0,0.0,0.0,0.0,0.0,0.0,0.0,0.0,0.0,0.0,0.0,0.0,0.0,0.0,0.0,0.0,0.0,0.0,0.0,0.0,0.0,0.0,0.0,0.0,0.0,0.0,0.0,0.0,0.0,0.0,0.0,0.0,0.0,0.0,0.0,0.0,0.0,0.0,0.0,0.0,0.0,0.0,0.0,0.0,0.0,0.0,0.0,0.0,0.0,0.0,0.0,0.0,0.0,0.0,0.0,0.0,0.0,0.0,0.0,0.0,0.0,0.0,0.0,0.0,0.0,0.0,0.0,0.0,0.0,0.0,0.0,0.0,0.0,0.0,0.0,0.0,0.0,0.0,0.0,0.0,0.0,0.0,0.0,0.0,0.0,0.0,0.0,0.0,0.0,0.0,0.0,0.0,0.0,0.0,0.0,0.0,0.0,0.0,0.0,0.0,0.0,0.0,0.0,0.0,0.0,0.0,0.0,0.0,0.0,0.0,0.0010163915694549332,-1.6542321977826126e-13,4.1286099429388896e-13,4.5173455640768813e-11,2.0583111807801085e-13,6.400501839210146e-8,-4.899251254802501e-13,2.710125291641999e-7,1.1228900900048132e-11,-1.030531057490726e-15,5.00812391714256e-15,-1.0619470276494307e-13,5.3489348985156993e-14,2.812857645462262e-12,-1.2305159647234416e-5,-3.0626037620138134e-14,-2.628169763626422e-9,7.629099065740825e-14,-9.288835301880007e-5,-1.7235943551966006e-13,-6.22131896745259e-5,2.4319249526045676e-13,2.912052531570293e-8,2.4679361686054956e-14,1.5683056680026646e-14,-3.1135970331777876e-14,5.1354432577635295e-15,-4.6798863089190926e-14,-0.0006101383155113197,-2.0190934163292666e-13,-7.362784442059792e-14,7.074432121851773e-15,-2.156697597432592e-15,2.6645748999121897e-14,-0.0003069439999914236,2.3251403110177374e-14,1.112164170625396e-13,-8.342536267029579e-15,-2.2549749373883145e-12,-6.805713194982602e-8,6.380272670082789e-17,5.681895738040911e-16,-3.1374402229518874e-15,4.765030109675131e-9,5.298805228608568e-15,0.00016588056315849293,-2.4267228422855476e-10,-1.3310526654343928e-11,-3.1338666894312545e-14,1.355468620508881e-15,1.3689032555954524e-10,-3.117775294845544e-11,1.1232897793455945e-13,-9.086697216906975e-14,-1.1238613651234178e-14,2.1595244256871903e-14,1.5709472911358955e-8,-5.3439598146616855e-14,-0.000165214267517229,-1.3335596825955511e-11,-6.589844625683707e-16,-8.186661096690285e-15,6.772571194920107e-9,-1.5589775849566375e-15,1.1713406922138137e-14,5.558381204597564e-15,1.1898629182288024e-14,-2.7467170325460697e-14,1.1005248605424193e-13,-5.68239081050196e-14,-4.396114298241169e-14,5.913961037540017e-15,-1.4368665303671723e-13
0.0,0.0,0.0,0.0,0.0,0.0,0.0,0.0,0.0,0.0,0.0,0.0,0.0,0.0,0.0,0.0,0.0,0.0,0.0,0.0,0.0,0.0,0.0,0.0,0.0,0.0,0.0,0.0,0.0,0.0,0.0,0.0,0.0,0.0,0.0,0.0,0.0,0.0,0.0,0.0,0.0,0.0,0.0,0.0,0.0,0.0,0.0,0.0,0.0,0.0,0.0,0.0,0.0,0.0,0.0,0.0,0.0,0.0,0.0,0.0,0.0,0.0,0.0,0.0,0.0,0.0,0.0,0.0,0.0,0.0,0.0,0.0,0.0,0.0,0.0,0.0,0.0,0.0,0.0,0.0,0.0,0.0,0.0,0.0,0.0,0.0,0.0,0.0,0.0,0.0,0.0,0.0,0.0,0.0,0.0,0.0,0.0,0.0,0.0,0.0,0.0,0.0,0.0,0.0,0.0,0.0,0.0,0.0,0.0,0.0,0.0,0.0,0.0,0.0,0.0,0.0,0.0,0.0,0.0,0.0,0.0,0.0,0.0,0.0,0.0,0.0,0.0,0.0009465395482541921,0.00015370864095001053,1.768069119299831e-13,-3.0025892173276403e-9,-1.8986942389314893e-14,-3.07747572884371e-13,7.403869641583441e-14,5.544288898094344e-13,-4.5317671409387406e-13,2.7383872086506583e-13,-1.1673579919183875e-7,-7.156084165203264e-8,-7.706528322519437e-13,1.7980935720197003e-13,-3.1131183546718622e-12,7.52956059750108e-15,-1.9882599152290284e-6,1.1893490031810204e-14,-3.552771892855621e-7,-7.043040189451189e-14,1.3891967851270943e-13,-5.844921878845096e-13,1.3352084115916646e-12,-2.6400642778881774e-6,8.029001436165323e-13,5.209673049926998e-13,-1.7447426883158056e-8,-1.0899182422372537e-13,2.1680748748104004e-5,-5.01069121779569e-7,-2.011046646097067e-11,-8.520036768125926e-14,2.64991535587728e-13,-2.186773033220309e-14,2.0264380902640484e-12,-2.8300247844146903e-10,7.041890129055651e-13,-9.218431761996008e-13,-2.760413196730229e-13,3.7767409958595656e-13,-2.3196766941512923e-13,-2.848699494782614e-13,6.198683161036448e-14,-5.18525483690078e-14,-1.0388499439894807e-13,-3.498045936628609e-13,3.4816987985199913e-13,1.520732277771968e-10,1.380585461832082e-13,-3.2452191718039324e-13,-1.6200659807218242e-13,-1.0901025892368305e-6,-9.58831202833579e-8,2.585628335704855e-13,7.965410697398463e-13,-7.237886454320798e-14,-9.633914320399422e-9,8.958826665682256e-14,-6.716827096881462e-14,-7.792818046626991e-14,7.266551626826722e-13,-5.1585304808646184e-14,-4.1618019860324616e-14,-1.7144782143551327e-11,1.0592655357688326e-13,-1.0948301017979132e-12,3.623436658747274e-8,-1.9214250340873058e-5,5.953537108898052e-9,1.0018565044165399e-8,1.1620324389939534e-13,-0.00012478030331072154
0.0,0.0,0.0,0.0,0.0,0.0,0.0,0.0,0.0,0.0,0.0,0.0,0.0,0.0,0.0,0.0,0.0,0.0,0.0,0.0,0.0,0.0,0.0,0.0,0.0,0.0,0.0,0.0,0.0,0.0,0.0,0.0,0.0,0.0,0.0,0.0,0.0,0.0,0.0,0.0,0.0,0.0,0.0,0.0,0.0,0.0,0.0,0.0,0.0,0.0,0.0,0.0,0.0,0.0,0.0,0.0,0.0,0.0,0.0,0.0,0.0,0.0,0.0,0.0,0.0,0.0,0.0,0.0,0.0,0.0,0.0,0.0,0.0,0.0,0.0,0.0,0.0,0.0,0.0,0.0,0.0,0.0,0.0,0.0,0.0,0.0,0.0,0.0,0.0,0.0,0.0,0.0,0.0,0.0,0.0,0.0,0.0,0.0,0.0,0.0,0.0,0.0,0.0,0.0,0.0,0.0,0.0,0.0,0.0,0.0,0.0,0.0,0.0,0.0,0.0,0.0,0.0,0.0,0.0,0.0,0.0,0.0,0.0,0.0,0.0,0.0,0.0,0.0,0.000911645802028666,-4.895178604094452e-13,-2.5404266293207035e-8,7.878393897432957e-14,1.2857648351276995e-11,-6.560522464866881e-14,-5.530320023285741e-13,5.287665831224618e-13,2.6429486576386725e-13,5.739552048844518e-9,-6.056474370535724e-7,-3.997204089662444e-14,7.306176618621778e-14,-3.845151056511549e-13,-1.174254826121026e-13,-1.6826587993017074e-5,3.510315320814155e-14,-3.0067489176439376e-6,1.4923342479963402e-13,5.399515467619249e-13,-2.7707454242618946e-13,2.295908422831958e-12,1.2977920899181436e-7,9.495390884774806e-13,7.958644129845112e-14,8.552847787486895e-10,3.735985858369468e-13,0.00018285134936563865,2.4630578939391254e-8,9.321913096950546e-13,5.689741797370676e-13,-7.490076441084032e-13,1.7727990790919466e-13,-1.1777978897189656e-12,-2.403078421522799e-9,1.0254312578339438e-12,1.1475111722370442e-12,-8.864874226634969e-14,-6.585291499870169e-14,3.825759444660926e-13,-1.180379950285284e-13,8.426343422077076e-14,-4.316421829550277e-13,-4.162164159464174e-14,-7.442099614877398e-13,6.610171432653482e-13,1.308742840919944e-9,-3.250803581635476e-13,-1.0039745027468362e-12,-5.409602716849406e-13,-9.225541482124364e-6,4.717753293933057e-9,6.062546784862202e-14,-8.869549268499416e-13,-2.217440351511031e-13,4.723841875333457e-10,3.721770735166061e-13,-5.311773969386013e-13,-9.085753077204312e-15,6.75246116186623e-13,-9.100638576435102e-13,5.692352632007223e-14,2.4356455591735316e-13,-4.871291118347063e-13,7.306936677520595e-13,3.0665897986951984e-7,9.445384765563772e-7,5.037889274594533e-8,-4.890776282820452e-10,1.2178227795867658e-13,5.659323779594963e-6
0.0,0.0,0.0,0.0,0.0,0.0,0.0,0.0,0.0,0.0,0.0,0.0,0.0,0.0,0.0,0.0,0.0,0.0,0.0,0.0,0.0,0.0,0.0,0.0,0.0,0.0,0.0,0.0,0.0,0.0,0.0,0.0,0.0,0.0,0.0,0.0,0.0,0.0,0.0,0.0,0.0,0.0,0.0,0.0,0.0,0.0,0.0,0.0,0.0,0.0,0.0,0.0,0.0,0.0,0.0,0.0,0.0,0.0,0.0,0.0,0.0,0.0,0.0,0.0,0.0,0.0,0.0,0.0,0.0,0.0,0.0,0.0,0.0,0.0,0.0,0.0,0.0,0.0,0.0,0.0,0.0,0.0,0.0,0.0,0.0,0.0,0.0,0.0,0.0,0.0,0.0,0.0,0.0,0.0,0.0,0.0,0.0,0.0,0.0,0.0,0.0,0.0,0.0,0.0,0.0,0.0,0.0,0.0,0.0,0.0,0.0,0.0,0.0,0.0,0.0,0.0,0.0,0.0,0.0,0.0,0.0,0.0,0.0,0.0,0.0,0.0,0.0,0.0,0.0,0.0009003221463265534,1.853880038836789e-12,7.972320696182203e-13,-3.727288972114508e-9,1.937038468232181e-12,0.00026761073594065205,-3.1210080141116776e-14,-4.467590174665699e-15,-3.0229161995133074e-13,4.573347085451159e-13,3.711916419924524e-5,-2.735492721854003e-9,1.7359839711632883e-13,-1.2403312898036753e-5,-1.789511948958537e-12,-1.1212455521660351e-13,-8.106989343906211e-14,-4.686802226068858e-10,-8.562835722798734e-8,8.805287305680174e-7,6.23575731531279e-14,-2.774770789431526e-13,-5.593349556444026e-14,-2.1355380250601333e-14,1.6088974568723027e-13,1.0699298406765416e-11,1.1023683594178527e-12,4.2515895230843504e-13,-1.2098997377398475e-13,3.371801120683535e-15,-1.7935223566914796e-13,-6.970342957472434e-11,-1.0254785032691994e-13,6.705961905659187e-12,-9.616536384433074e-14,-2.1051693391812553e-6,-3.454828310349696e-7,1.3493908995137071e-14,-6.227660426024216e-16,-1.5323781630959e-14,3.947305514870599e-6,2.787564435883703e-15,-2.096055692134461e-12,-4.77734991235503e-5,-0.00039337043410101336,-1.0595663041780154e-11,2.783082357954894e-15,8.009710752012082e-5,-0.00012095129986521545,-9.257689026342568e-13,3.3493574750126615e-13,-2.701499425577923e-14,-1.1899846166059047e-13,7.466657172962608e-7,2.407918436894712e-13,-6.261841677186407e-11,-0.0003404836116269027,3.980028061216949e-15,9.766894635449826e-17,4.0538393804200334e-7,-1.4913981816135606e-16,1.0789972808099222e-13,1.5799602994553647e-13,-1.4643534467576096e-13,4.934226340097546e-13,8.020543950926611e-13,-2.4662521042519853e-12,-9.248574701717865e-14,7.707123491112082e-15,2.497050038258649e-13
0.0,0.0,0.0,0.0,0.0,0.0,0.0,0.0,0.0,0.0,0.0,0.0,0.0,0.0,0.0,0.0,0.0,0.0,0.0,0.0,0.0,0.0,0.0,0.0,0.0,0.0,0.0,0.0,0.0,0.0,0.0,0.0,0.0,0.0,0.0,0.0,0.0,0.0,0.0,0.0,0.0,0.0,0.0,0.0,0.0,0.0,0.0,0.0,0.0,0.0,0.0,0.0,0.0,0.0,0.0,0.0,0.0,0.0,0.0,0.0,0.0,0.0,0.0,0.0,0.0,0.0,0.0,0.0,0.0,0.0,0.0,0.0,0.0,0.0,0.0,0.0,0.0,0.0,0.0,0.0,0.0,0.0,0.0,0.0,0.0,0.0,0.0,0.0,0.0,0.0,0.0,0.0,0.0,0.0,0.0,0.0,0.0,0.0,0.0,0.0,0.0,0.0,0.0,0.0,0.0,0.0,0.0,0.0,0.0,0.0,0.0,0.0,0.0,0.0,0.0,0.0,0.0,0.0,0.0,0.0,0.0,0.0,0.0,0.0,0.0,0.0,0.0,0.0,0.0,0.0,0.0008781982725215666,8.49396956865471e-14,-5.657977370148577e-7,4.149978172739136e-14,1.0032526999724208e-11,7.57259760248608e-13,7.454259279440751e-14,-3.9639096302651156e-13,3.378672651748128e-5,4.172424988192826e-11,9.860499603633244e-13,-1.2783752055975295e-12,-5.264224704539762e-13,1.0870095003005657e-6,1.402154641831306e-13,5.961793580815594e-6,-3.8195017722693626e-13,-1.4112292149206625e-8,-3.4955651515744156e-14,-3.888663773400502e-13,1.0135052475821748e-12,-7.472398901179962e-14,4.4367178928826004e-14,1.2481407964317634e-12,-2.0611403221853583e-13,-6.929367003561364e-8,6.471944903021189e-13,1.1837323297694032e-12,4.8612355358577917e-14,5.588481679731223e-13,-6.842932471611637e-13,-1.1772402179339319e-13,0.00011673185829150225,2.3294996054603305e-13,-3.760285333127482e-10,4.803604364766156e-14,2.6294041991705003e-14,-3.94602177595863e-14,-3.892535377277878e-14,-1.6945112724558803e-13,-1.5338657939057554e-13,-6.099958028025065e-13,-9.482643958269945e-13,4.114299225016577e-13,-6.362366132285336e-5,5.2921005801664855e-14,-3.199819663652481e-13,1.4276391750905931e-12,9.500171833075861e-7,2.9060267316076287e-13,1.3043528108063684e-13,4.6785885405084055e-14,1.590171328053374e-12,3.180248515435319e-13,-4.4585485999456897e-13,4.81467487747299e-13,2.015637720224823e-13,1.1295526710501034e-13,9.177685680302895e-13,3.937021577887205e-14,1.137791932421397e-12,-3.7927572082527547e-13,4.424930380596366e-13,-0.00010032807335096085,6.5903675267553965e-12,-0.00041496121313788553,9.972164475456184e-13,6.321379435988983e-14,4.9427114887277706e-11
0.0,0.0,0.0,0.0,0.0,0.0,0.0,0.0,0.0,0.0,0.0,0.0,0.0,0.0,0.0,0.0,0.0,0.0,0.0,0.0,0.0,0.0,0.0,0.0,0.0,0.0,0.0,0.0,0.0,0.0,0.0,0.0,0.0,0.0,0.0,0.0,0.0,0.0,0.0,0.0,0.0,0.0,0.0,0.0,0.0,0.0,0.0,0.0,0.0,0.0,0.0,0.0,0.0,0.0,0.0,0.0,0.0,0.0,0.0,0.0,0.0,0.0,0.0,0.0,0.0,0.0,0.0,0.0,0.0,0.0,0.0,0.0,0.0,0.0,0.0,0.0,0.0,0.0,0.0,0.0,0.0,0.0,0.0,0.0,0.0,0.0,0.0,0.0,0.0,0.0,0.0,0.0,0.0,0.0,0.0,0.0,0.0,0.0,0.0,0.0,0.0,0.0,0.0,0.0,0.0,0.0,0.0,0.0,0.0,0.0,0.0,0.0,0.0,0.0,0.0,0.0,0.0,0.0,0.0,0.0,0.0,0.0,0.0,0.0,0.0,0.0,0.0,0.0,0.0,0.0,0.0,0.0008456246886238237,4.79073920166028e-13,0.0002577421210581241,-4.630292572267853e-13,-1.2000557603298304e-15,6.122388230469179e-17,4.109036616677562e-14,2.858136029879063e-14,2.0757912732688207e-13,2.718713609638861e-10,-1.3975407749352176e-14,7.153749201579999e-13,5.629449184734368e-14,-4.572745116829188e-7,-2.0033895491205163e-13,1.3853092478530395e-9,3.895354310944253e-13,3.29781229914574e-14,-5.571476604720362e-15,7.138726774138557e-15,-1.958742445886689e-16,1.1107148139811329e-15,1.0000358895556932e-14,-6.841893771888191e-8,-8.535934627586714e-14,3.368994163814547e-14,6.643269165607024e-16,9.429342026269593e-17,-4.123075517881635e-15,6.534468177818522e-9,2.627120508959813e-15,-4.117647145426318e-15,1.371290469607314e-16,-4.99541549570819e-13,7.891640858983619e-13,8.182962287902761e-16,5.774436743600423e-16,-5.967800947144135e-16,-9.545892088670753e-13,-1.2214519287558088e-15,2.5558554452028735e-7,-2.898944549057783e-13,8.169727638719474e-13,-3.5341953403553365e-13,-5.916038615380521e-16,-2.898619918818136e-14,4.440084930267521e-13,5.550986449576641e-15,5.158810060742486e-14,-2.065351853164184e-15,-5.49280660317109e-15,-1.804081278656711e-12,1.6351956967983057e-14,3.590711665835802e-9,4.622981499493955e-13,1.335590350411838e-15,1.3607635456787385e-15,2.1178558851663446e-13,-2.977256486587526e-16,-3.077116185022536e-15,3.589968538565087e-15,5.128526602730317e-15,-3.1817670883123874e-13,-5.3424677216818235e-14,1.7296682146871147e-13,4.5552704267525096e-20,4.102821236796676e-15,-1.0720061770548047e-13
0.0,0.0,0.0,0.0,0.0,0.0,0.0,0.0,0.0,0.0,0.0,0.0,0.0,0.0,0.0,0.0,0.0,0.0,0.0,0.0,0.0,0.0,0.0,0.0,0.0,0.0,0.0,0.0,0.0,0.0,0.0,0.0,0.0,0.0,0.0,0.0,0.0,0.0,0.0,0.0,0.0,0.0,0.0,0.0,0.0,0.0,0.0,0.0,0.0,0.0,0.0,0.0,0.0,0.0,0.0,0.0,0.0,0.0,0.0,0.0,0.0,0.0,0.0,0.0,0.0,0.0,0.0,0.0,0.0,0.0,0.0,0.0,0.0,0.0,0.0,0.0,0.0,0.0,0.0,0.0,0.0,0.0,0.0,0.0,0.0,0.0,0.0,0.0,0.0,0.0,0.0,0.0,0.0,0.0,0.0,0.0,0.0,0.0,0.0,0.0,0.0,0.0,0.0,0.0,0.0,0.0,0.0,0.0,0.0,0.0,0.0,0.0,0.0,0.0,0.0,0.0,0.0,0.0,0.0,0.0,0.0,0.0,0.0,0.0,0.0,0.0,0.0,0.0,0.0,0.0,0.0,0.0,0.0008206580393889234,-7.716458609845228e-13,-1.3763831252730325e-8,1.436707699346005e-13,4.433490445576405e-14,-6.175923880763346e-13,6.742818092516707e-9,-8.902989271863014e-8,7.409992595334767e-14,-6.881357143946408e-13,-1.2744908113565805e-11,2.1490424787494562e-10,-6.026352778024569e-13,1.1896472948751546e-9,4.618942409929787e-13,2.866886854110441e-5,2.6043085201677326e-12,2.367322039938519e-13,1.2008992198247508e-12,-2.588524124783192e-13,1.7054933860926953e-13,-3.8345496488994636e-13,1.817494636011679e-13,-1.3248566314699137e-11,-2.729344882864831e-13,-5.000618819042284e-13,2.5724469839185293e-14,-2.6414688491005147e-13,-2.4170387656620963e-13,-2.0294079265832596e-13,-2.172752046254699e-6,2.0447407542772658e-13,7.688641470796829e-7,-5.693444110342282e-13,-1.7359038354453486e-15,7.60349170394085e-14,-1.1792335553466464e-15,4.363981057172616e-12,-3.7785573280484264e-14,-6.40840227582601e-13,-6.371159308756531e-11,4.239363099307735e-9,3.965301485167061e-6,-4.443629988984096e-14,1.0534938255632611e-10,-1.5624576115864417e-10,1.8941218772545197e-10,1.1311642147043598e-12,-7.149400757037009e-14,9.233953591627624e-14,2.0089627176495664e-12,1.9169266340650628e-13,-5.036321771808487e-13,2.0678351631717183e-9,5.3882989461440335e-14,4.9192854111102886e-14,7.94817790170787e-13,-7.815628974325579e-14,-1.081490971826911e-12,-1.3554525187058035e-13,4.06157860819855e-13,-2.0011454021358007e-8,-1.363096088715703e-12,-7.71293817054218e-8,-2.698742080362167e-13,-1.6906199420257958e-13,2.15979959834938e-13
0.0,0.0,0.0,0.0,0.0,0.0,0.0,0.0,0.0,0.0,0.0,0.0,0.0,0.0,0.0,0.0,0.0,0.0,0.0,0.0,0.0,0.0,0.0,0.0,0.0,0.0,0.0,0.0,0.0,0.0,0.0,0.0,0.0,0.0,0.0,0.0,0.0,0.0,0.0,0.0,0.0,0.0,0.0,0.0,0.0,0.0,0.0,0.0,0.0,0.0,0.0,0.0,0.0,0.0,0.0,0.0,0.0,0.0,0.0,0.0,0.0,0.0,0.0,0.0,0.0,0.0,0.0,0.0,0.0,0.0,0.0,0.0,0.0,0.0,0.0,0.0,0.0,0.0,0.0,0.0,0.0,0.0,0.0,0.0,0.0,0.0,0.0,0.0,0.0,0.0,0.0,0.0,0.0,0.0,0.0,0.0,0.0,0.0,0.0,0.0,0.0,0.0,0.0,0.0,0.0,0.0,0.0,0.0,0.0,0.0,0.0,0.0,0.0,0.0,0.0,0.0,0.0,0.0,0.0,0.0,0.0,0.0,0.0,0.0,0.0,0.0,0.0,0.0,0.0,0.0,0.0,0.0,0.0,0.0007685345851161902,2.1339985458372314e-13,4.123987966961718e-15,-1.850821941516753e-15,-1.2151972062924513e-14,-2.373292247292234e-13,-5.136546079013531e-13,1.1835244213643921e-9,1.090061034079597e-14,1.7994032532423635e-12,-1.2523920901749975e-14,-1.9770807581212887e-6,2.1480419868976406e-13,5.985862610746092e-9,-8.629620946438559e-13,-2.770114474613576e-12,2.743187965332687e-15,-1.1731435935169195e-14,9.169417278917676e-16,-1.922544490015852e-15,2.690928183802242e-15,-2.958324014276181e-7,1.2425021028546226e-13,-3.4364357702596784e-14,7.322477246211869e-15,-4.841970717265846e-18,-5.687122369158473e-15,2.825501250658295e-8,-1.000459488159072e-15,-6.460447785499192e-14,4.706245945565039e-16,-7.901145345082503e-13,9.116819484235375e-12,2.6178323197671814e-16,-3.5823734296965467e-16,-1.427902085589056e-15,-1.288380929162599e-12,-1.4174167192030028e-15,1.1050846215284884e-6,3.269011831365006e-13,5.782418126976003e-13,3.906406496459479e-13,9.311383968691734e-16,-1.0578413485913613e-12,4.598835554913743e-13,1.896096027615153e-13,-6.353261828515391e-14,-4.0896961682541643e-16,6.326731427775199e-16,8.258444109417126e-13,8.841926330046196e-16,1.5522010347656823e-8,1.0064028795410712e-12,-2.9638591971045325e-16,4.2225873619550085e-17,-1.0948744185809216e-12,4.0068314659852556e-16,1.2317882553001626e-14,-3.4611454838978145e-15,-4.541423522663175e-15,2.746472351779568e-13,7.216996853534393e-14,-2.523630032918754e-13,6.771492957291203e-15,3.984854197640093e-15,1.4477958757821376e-13
0.0,0.0,0.0,0.0,0.0,0.0,0.0,0.0,0.0,0.0,0.0,0.0,0.0,0.0,0.0,0.0,0.0,0.0,0.0,0.0,0.0,0.0,0.0,0.0,0.0,0.0,0.0,0.0,0.0,0.0,0.0,0.0,0.0,0.0,0.0,0.0,0.0,0.0,0.0,0.0,0.0,0.0,0.0,0.0,0.0,0.0,0.0,0.0,0.0,0.0,0.0,0.0,0.0,0.0,0.0,0.0,0.0,0.0,0.0,0.0,0.0,0.0,0.0,0.0,0.0,0.0,0.0,0.0,0.0,0.0,0.0,0.0,0.0,0.0,0.0,0.0,0.0,0.0,0.0,0.0,0.0,0.0,0.0,0.0,0.0,0.0,0.0,0.0,0.0,0.0,0.0,0.0,0.0,0.0,0.0,0.0,0.0,0.0,0.0,0.0,0.0,0.0,0.0,0.0,0.0,0.0,0.0,0.0,0.0,0.0,0.0,0.0,0.0,0.0,0.0,0.0,0.0,0.0,0.0,0.0,0.0,0.0,0.0,0.0,0.0,0.0,0.0,0.0,0.0,0.0,0.0,0.0,0.0,0.0,0.0007493824948378003,-2.0373872496124095e-14,-3.515968707824592e-14,5.045358005289787e-13,-6.578257246309005e-13,0.0001497230716217445,2.858544879832661e-10,-4.0716623073531687e-13,1.2985759742284535e-6,2.2791979125595476e-13,5.655463834805796e-13,4.035859002563816e-13,4.7611042639665635e-11,-3.4556375502309085e-7,-9.218389124983499e-8,-2.386048220205891e-13,-1.1015806575384349e-13,2.0978864063549027e-13,-1.3350479310816766e-14,1.0743585331004766e-13,-5.821747737226754e-13,7.246471871294145e-13,4.810917015896882e-13,6.26867310441622e-14,-2.0927735357997378e-14,3.6140135082896117e-13,6.904875472672251e-12,-3.9116139355816004e-14,-1.1664161731570841e-11,4.23370240701133e-15,-8.508453890370678e-6,3.6176552526732345e-8,-1.5830300565409393e-14,1.0743281685860965e-14,5.544882204857829e-14,-4.132647928394893e-7,-1.3232638311341345e-15,9.018734352314663e-13,4.9987488272900676e-6,-0.0003140332869415515,1.9393126979359717e-11,-2.763931712783233e-14,-8.36373545717704e-6,1.2152145420174945e-5,1.2253894724828641e-12,-6.68118070327382e-13,-6.650946448813957e-14,7.516219977408512e-14,-7.817174076633455e-8,-3.699749523406718e-13,6.834328480223719e-12,-0.00015690526950219545,-1.0103864734794808e-14,-9.48688660143695e-14,-4.2441581163344334e-8,-2.3718283205537367e-14,-1.8670348695010518e-13,-1.2587030103101583e-13,1.1711711248222593e-13,-6.81879816897866e-13,-1.0265069602299921e-12,4.426908815102767e-12,2.9228760300227535e-13,-2.157234755274784e-13,2.113114865745317e-13
0.0,0.0,0.0,0.0,0.0,0.0,0.0,0.0,0.0,0.0,0.0,0.0,0.0,0.0,0.0,0.0,0.0,0.0,0.0,0.0,0.0,0.0,0.0,0.0,0.0,0.0,0.0,0.0,0.0,0.0,0.0,0.0,0.0,0.0,0.0,0.0,0.0,0.0,0.0,0.0,0.0,0.0,0.0,0.0,0.0,0.0,0.0,0.0,0.0,0.0,0.0,0.0,0.0,0.0,0.0,0.0,0.0,0.0,0.0,0.0,0.0,0.0,0.0,0.0,0.0,0.0,0.0,0.0,0.0,0.0,0.0,0.0,0.0,0.0,0.0,0.0,0.0,0.0,0.0,0.0,0.0,0.0,0.0,0.0,0.0,0.0,0.0,0.0,0.0,0.0,0.0,0.0,0.0,0.0,0.0,0.0,0.0,0.0,0.0,0.0,0.0,0.0,0.0,0.0,0.0,0.0,0.0,0.0,0.0,0.0,0.0,0.0,0.0,0.0,0.0,0.0,0.0,0.0,0.0,0.0,0.0,0.0,0.0,0.0,0.0,0.0,0.0,0.0,0.0,0.0,0.0,0.0,0.0,0.0,0.0,0.0007301020442155062,2.657088452502815e-10,-1.0531997043128118e-10,-6.342555270161257e-13,1.6520804208814147e-14,-7.4319163954115e-16,-2.6269878474584846e-6,8.857322968360891e-14,-2.1541672652176573e-13,2.939065554711009e-15,1.3918611842601338e-12,-4.135114605325495e-15,2.0516675508593657e-13,-3.797010477334242e-14,2.908823272736667e-5,-6.22246628345683e-12,-6.070841162163535e-5,1.603606940563051e-7,-4.821267511007652e-10,-1.986078869538166e-14,-9.84913369085377e-13,-1.513352244313969e-11,-4.026178622916979e-7,7.356114980279057e-12,6.192944453274422e-6,5.9434110269172356e-15,-0.0003424883972677643,-4.1798373863335875e-13,-1.8748623293741322e-6,7.937090859459903e-14,-7.72118137333498e-15,-1.3253118007584525e-11,-6.203956943221478e-11,3.6053421403750692e-9,-2.399231416835438e-14,-3.888145121855943e-10,6.424079115099353e-15,9.304798083774484e-15,6.094453594690754e-14,3.656451199874139e-13,-2.001414636246777e-12,3.5441666463473466e-14,6.5350925368902375e-15,1.5501094817274327e-12,-5.394405973224823e-11,1.385019105010023e-7,-0.0003161168289834445,-1.3520106560661526e-14,-3.9807691615389916e-10,-1.623202271508217e-14,2.9863467078592785e-14,-8.020433871840714e-12,1.6608012790241432e-7,6.498107569725358e-15,1.9999697691081786e-12,-2.207800265110863e-7,-1.0911138540179772e-5,-0.00034059515328292424,1.32035455064082e-12,-9.130686117517908e-13,7.345034581455755e-13,1.7098086206398105e-9,-0.00015847357486762384,3.0002943823265156e-13
0.0,0.0,0.0,0.0,0.0,0.0,0.0,0.0,0.0,0.0,0.0,0.0,0.0,0.0,0.0,0.0,0.0,0.0,0.0,0.0,0.0,0.0,0.0,0.0,0.0,0.0,0.0,0.0,0.0,0.0,0.0,0.0,0.0,0.0,0.0,0.0,0.0,0.0,0.0,0.0,0.0,0.0,0.0,0.0,0.0,0.0,0.0,0.0,0.0,0.0,0.0,0.0,0.0,0.0,0.0,0.0,0.0,0.0,0.0,0.0,0.0,0.0,0.0,0.0,0.0,0.0,0.0,0.0,0.0,0.0,0.0,0.0,0.0,0.0,0.0,0.0,0.0,0.0,0.0,0.0,0.0,0.0,0.0,0.0,0.0,0.0,0.0,0.0,0.0,0.0,0.0,0.0,0.0,0.0,0.0,0.0,0.0,0.0,0.0,0.0,0.0,0.0,0.0,0.0,0.0,0.0,0.0,0.0,0.0,0.0,0.0,0.0,0.0,0.0,0.0,0.0,0.0,0.0,0.0,0.0,0.0,0.0,0.0,0.0,0.0,0.0,0.0,0.0,0.0,0.0,0.0,0.0,0.0,0.0,0.0,0.0,0.0007227472860863818,-1.4148925618611176e-12,3.650144760494596e-13,-1.3869997458038296e-14,-6.415378956616029e-15,-1.4073867895111841e-12,2.868311895311568e-14,-1.2583632199396724e-13,-8.912605687886403e-16,8.952324921450228e-14,4.806570113353037e-15,-1.0888592713705665e-13,3.4079626785603957e-15,-7.538786674332997e-12,5.059748171157719e-13,-2.908314660034661e-9,1.0957212173510208e-6,-6.391029786102081e-13,4.581934867224315e-15,-4.654386690921402e-14,-7.384094523403424e-13,1.6775304480399716e-12,1.868825960873572e-5,3.056459058145476e-12,-2.1674665927304337e-15,-4.6072501512016654e-10,-7.281086428032002e-14,-7.097792976003584e-8,-1.518284818331129e-14,-7.009003805121148e-17,-5.001182835766236e-5,-0.0002401370773569762,2.3821864890524265e-5,7.537548072607807e-15,-0.000493008647513654,-1.3848879583779437e-15,1.22089538763126e-15,-1.797673302937182e-14,6.598558573906944e-14,-1.1346960786329827e-5,-5.004872939586889e-15,1.0345346307852156e-14,-8.92224666171303e-14,-1.4179908568185429e-12,5.872561824097036e-7,-2.3414207299119263e-10,2.0137628806439087e-14,-5.4452247350999536e-14,-1.6409091333175256e-15,-3.083540631625392e-14,-2.9357232447824447e-5,9.034310844045608e-7,-1.7851584869889002e-14,-2.3793745096322197e-6,3.883899893091682e-13,-1.4785704907914042e-8,3.6735245042242197e-11,2.40653489429347e-13,-6.147911073852467e-13,1.0038855790645272e-13,-6.284106142225622e-16,-3.91513709531526e-10,2.283476441165765e-13
0.0,0.0,0.0,0.0,0.0,0.0,0.0,0.0,0.0,0.0,0.0,0.0,0.0,0.0,0.0,0.0,0.0,0.0,0.0,0.0,0.0,0.0,0.0,0.0,0.0,0.0,0.0,0.0,0.0,0.0,0.0,0.0,0.0,0.0,0.0,0.0,0.0,0.0,0.0,0.0,0.0,0.0,0.0,0.0,0.0,0.0,0.0,0.0,0.0,0.0,0.0,0.0,0.0,0.0,0.0,0.0,0.0,0.0,0.0,0.0,0.0,0.0,0.0,0.0,0.0,0.0,0.0,0.0,0.0,0.0,0.0,0.0,0.0,0.0,0.0,0.0,0.0,0.0,0.0,0.0,0.0,0.0,0.0,0.0,0.0,0.0,0.0,0.0,0.0,0.0,0.0,0.0,0.0,0.0,0.0,0.0,0.0,0.0,0.0,0.0,0.0,0.0,0.0,0.0,0.0,0.0,0.0,0.0,0.0,0.0,0.0,0.0,0.0,0.0,0.0,0.0,0.0,0.0,0.0,0.0,0.0,0.0,0.0,0.0,0.0,0.0,0.0,0.0,0.0,0.0,0.0,0.0,0.0,0.0,0.0,0.0,0.0,0.0007217412626599244,3.4960543270068003e-12,-3.2471582710485716e-13,-2.477800767042494e-14,3.736458916611606e-8,8.15250371511842e-14,3.8900107524623483e-11,-4.377776746812693e-14,6.961956273383782e-12,6.3756748064097e-14,-7.243213554581806e-13,-2.455180854257244e-13,-2.522398914872285e-9,2.9237034953443726e-5,-1.1762180752925272e-12,5.216073174912818e-13,0.00015115232695836497,-9.736874743804288e-14,-4.251998835421015e-10,0.00015510835972412,1.6241661594868823e-7,-3.1364566675920614e-13,-1.532542519678464e-8,-7.160528780785379e-14,-1.1479154566399124e-11,4.2973781160678953e-13,2.5080210190745097e-12,-1.3282331282593609e-12,-5.11141815524625e-14,7.399824501829805e-13,-1.1460131963446243e-13,5.816242325873522e-13,2.91925674217651e-13,-1.4845872793003374e-12,7.94258955944245e-14,-6.582786232097161e-13,3.6030934777398183e-13,-6.639472485960482e-13,-3.7820864580841784e-13,-3.49588468074304e-13,-9.387756175751623e-14,2.4984576463619426e-11,0.0004480554881639475,8.596246646568339e-13,-9.871696776012209e-12,-2.264530265356493e-13,8.359997299721821e-5,-4.3022040693811826e-14,-1.5257719245281834e-13,5.007992327561825e-13,-6.545749288938856e-14,-1.8329143762841572e-13,-4.612391671716296e-13,1.3769236327164167e-7,-6.692773754849555e-13,1.5704034777997177e-10,-6.478760900537117e-13,6.912702053372033e-6,-3.209489591914221e-13,-8.701810887267655e-5,-8.973273360694053e-12,3.903839505210541e-8
0.0,0.0,0.0,0.0,0.0,0.0,0.0,0.0,0.0,0.0,0.0,0.0,0.0,0.0,0.0,0.0,0.0,0.0,0.0,0.0,0.0,0.0,0.0,0.0,0.0,0.0,0.0,0.0,0.0,0.0,0.0,0.0,0.0,0.0,0.0,0.0,0.0,0.0,0.0,0.0,0.0,0.0,0.0,0.0,0.0,0.0,0.0,0.0,0.0,0.0,0.0,0.0,0.0,0.0,0.0,0.0,0.0,0.0,0.0,0.0,0.0,0.0,0.0,0.0,0.0,0.0,0.0,0.0,0.0,0.0,0.0,0.0,0.0,0.0,0.0,0.0,0.0,0.0,0.0,0.0,0.0,0.0,0.0,0.0,0.0,0.0,0.0,0.0,0.0,0.0,0.0,0.0,0.0,0.0,0.0,0.0,0.0,0.0,0.0,0.0,0.0,0.0,0.0,0.0,0.0,0.0,0.0,0.0,0.0,0.0,0.0,0.0,0.0,0.0,0.0,0.0,0.0,0.0,0.0,0.0,0.0,0.0,0.0,0.0,0.0,0.0,0.0,0.0,0.0,0.0,0.0,0.0,0.0,0.0,0.0,0.0,0.0,0.0,0.0007105947300450265,-2.3434323053766474e-14,1.3283577859645218e-14,2.130275041168942e-13,6.217962734952215e-13,3.197543941441644e-5,5.6427891422842667e-14,0.00017485548173439136,1.4713627093345855e-13,-7.754894742573937e-11,3.2340701310740636e-13,9.176873538509387e-13,3.371189019164127e-11,-9.107732456144033e-13,-9.32819421258695e-14,3.251997875391072e-12,-6.735617471612761e-14,-2.0384564956515677e-6,3.0850979907819533e-12,9.313533415798504e-13,-1.4028419077463687e-13,-2.4087741374171614e-13,4.922923370059606e-13,3.538891152024675e-14,-1.5989141448425095e-6,-5.530379827111437e-13,1.376027588654312e-12,-4.698934956631592e-13,4.501994805148883e-14,1.3110788200865864e-13,-1.5646046199965116e-13,-5.518845027061679e-13,4.919666377602289e-13,2.9088786932178054e-13,2.1115375589486058e-12,-2.8867283401472376e-13,8.750112684247367e-7,-2.019597228146225e-14,2.570041018285492e-12,-1.61919348782181e-12,2.794509026279599e-5,-2.8810710354536176e-14,1.3911620094863732e-13,-4.1729301029057363e-13,1.3118366116040508e-12,-8.144209182219321e-13,7.583552409528008e-13,-1.9087565936563786e-12,9.561099438196253e-14,2.950329603976898e-13,6.988079875863796e-13,5.814147212209333e-14,-8.359481948718066e-13,7.888209032734194e-15,-9.493804122412324e-13,-0.00048552667692753997,2.403591229588154e-10,-6.305763267021143e-5,-3.48613556328535e-13,7.930826591196864e-13,1.432649420784108e-9
0.0,0.0,0.0,0.0,0.0,0.0,0.0,0.0,0.0,0.0,0.0,0.0,0.0,0.0,0.0,0.0,0.0,0.0,0.0,0.0,0.0,0.0,0.0,0.0,0.0,0.0,0.0,0.0,0.0,0.0,0.0,0.0,0.0,0.0,0.0,0.0,0.0,0.0,0.0,0.0,0.0,0.0,0.0,0.0,0.0,0.0,0.0,0.0,0.0,0.0,0.0,0.0,0.0,0.0,0.0,0.0,0.0,0.0,0.0,0.0,0.0,0.0,0.0,0.0,0.0,0.0,0.0,0.0,0.0,0.0,0.0,0.0,0.0,0.0,0.0,0.0,0.0,0.0,0.0,0.0,0.0,0.0,0.0,0.0,0.0,0.0,0.0,0.0,0.0,0.0,0.0,0.0,0.0,0.0,0.0,0.0,0.0,0.0,0.0,0.0,0.0,0.0,0.0,0.0,0.0,0.0,0.0,0.0,0.0,0.0,0.0,0.0,0.0,0.0,0.0,0.0,0.0,0.0,0.0,0.0,0.0,0.0,0.0,0.0,0.0,0.0,0.0,0.0,0.0,0.0,0.0,0.0,0.0,0.0,0.0,0.0,0.0,0.0,0.0,0.0007041750040748456,-1.3915899590884491e-11,-2.189100020134559e-13,-8.161090201886114e-8,-7.612049293252689e-13,-9.26941245893746e-14,-2.0299198570644487e-13,-1.584328139519705e-12,-2.3053842635364643e-6,5.798443416885929e-9,-1.2438873238069586e-13,8.432434309992481e-13,1.842954643681683e-13,7.151578257262424e-14,-3.092521622302475e-13,1.4851942054338016e-12,6.597696330988221e-13,-3.35736159175582e-13,-1.763064633628172e-13,5.2677428057954347e-14,3.5856652556587557e-13,-8.522038211759825e-13,1.435028869120347e-13,-7.659269574076317e-11,7.032245894674215e-14,-5.674670333050221e-5,-2.273281900843006e-9,3.198201488377897e-14,-3.0201683169122905e-14,-8.733897647413424e-14,2.596777038289987e-8,-2.1067378532702438e-14,-1.3771320823350077e-12,-3.141553002187825e-7,1.760655596127281e-5,1.402032415004384e-10,-2.2952917322998644e-14,5.256178767560966e-7,-7.636510675881045e-7,7.476555815335885e-13,1.0940557139706103e-13,1.3594203062326088e-13,-7.748920090540042e-15,4.914302119478928e-9,-3.488757342323103e-14,-2.4005207832245554e-12,9.351816966941951e-6,5.903393413129564e-14,1.5659398507227155e-13,2.669601856893589e-9,2.9918915308264425e-14,-5.474318047859174e-15,-3.1636081970153497e-13,6.969101971395175e-14,6.795278511236031e-13,-7.669298569323252e-13,-7.419532365283997e-12,6.514665480546075e-13,2.9450008650119055e-14,-5.307173074371764e-13
0.0,0.0,0.0,0.0,0.0,0.0,0.0,0.0,0.0,0.0,0.0,0.0,0.0,0.0,0.0,0.0,0.0,0.0,0.0,0.0,0.0,0.0,0.0,0.0,0.0,0.0,0.0,0.0,0.0,0.0,0.0,0.0,0.0,0.0,0.0,0.0,0.0,0.0,0.0,0.0,0.0,0.0,0.0,0.0,0.0,0.0,0.0,0.0,0.0,0.0,0.0,0.0,0.0,0.0,0.0,0.0,0.0,0.0,0.0,0.0,0.0,0.0,0.0,0.0,0.0,0.0,0.0,0.0,0.0,0.0,0.0,0.0,0.0,0.0,0.0,0.0,0.0,0.0,0.0,0.0,0.0,0.0,0.0,0.0,0.0,0.0,0.0,0.0,0.0,0.0,0.0,0.0,0.0,0.0,0.0,0.0,0.0,0.0,0.0,0.0,0.0,0.0,0.0,0.0,0.0,0.0,0.0,0.0,0.0,0.0,0.0,0.0,0.0,0.0,0.0,0.0,0.0,0.0,0.0,0.0,0.0,0.0,0.0,0.0,0.0,0.0,0.0,0.0,0.0,0.0,0.0,0.0,0.0,0.0,0.0,0.0,0.0,0.0,0.0,0.0,0.000688156717841348,1.3988324769027525e-14,2.060770258026513e-7,7.528482689038724e-13,-4.87963433070472e-7,2.6082262716652365e-13,0.0001647157937496247,-6.139088807379925e-14,-2.2843673039952355e-6,1.7391310592549022e-14,2.1028770028416973e-13,-1.4075621144807157e-15,2.2830032976792753e-14,-9.561245345196155e-14,-2.69722799622441e-6,-1.9733293124358828e-15,-6.370431346616237e-14,-4.3826116060736976e-14,-1.7669335911055073e-15,1.8595811738067456e-14,2.58213800565953e-5,3.323434172955866e-14,-5.130827293984553e-13,5.297344112521188e-15,-1.0344270871551566e-12,5.338564142700622e-6,-9.183326571056229e-15,-6.527199029365108e-15,6.171493726373739e-15,-3.739125940240795e-7,-1.1941104333269184e-14,8.664509906993023e-7,1.8894264120226174e-8,-2.943917721222948e-10,7.499298792397475e-13,4.944440546841476e-15,-1.0398670528451369e-8,2.0463436195337677e-9,3.4211964522022666e-13,4.016721273585716e-14,3.5017030056786446e-14,2.4557178371008164e-14,-1.2323317595514025e-6,-4.04993268927688e-14,2.2149071364942385e-5,-2.736343362626493e-10,-7.04618555142782e-15,5.560624078208926e-14,-5.31392238133094e-7,2.590979630495744e-15,1.0088508982522389e-14,-3.782363535697877e-14,1.7277330979924463e-14,7.243592194986469e-14,3.83317682052138e-13,4.3446787565552933e-13,9.76994084014187e-14,2.7558048960900853e-14,-4.093207621753312e-14
0.0,0.0,0.0,0.0,0.0,0.0,0.0,0.0,0.0,0.0,0.0,0.0,0.0,0.0,0.0,0.0,0.0,0.0,0.0,0.0,0.0,0.0,0.0,0.0,0.0,0.0,0.0,0.0,0.0,0.0,0.0,0.0,0.0,0.0,0.0,0.0,0.0,0.0,0.0,0.0,0.0,0.0,0.0,0.0,0.0,0.0,0.0,0.0,0.0,0.0,0.0,0.0,0.0,0.0,0.0,0.0,0.0,0.0,0.0,0.0,0.0,0.0,0.0,0.0,0.0,0.0,0.0,0.0,0.0,0.0,0.0,0.0,0.0,0.0,0.0,0.0,0.0,0.0,0.0,0.0,0.0,0.0,0.0,0.0,0.0,0.0,0.0,0.0,0.0,0.0,0.0,0.0,0.0,0.0,0.0,0.0,0.0,0.0,0.0,0.0,0.0,0.0,0.0,0.0,0.0,0.0,0.0,0.0,0.0,0.0,0.0,0.0,0.0,0.0,0.0,0.0,0.0,0.0,0.0,0.0,0.0,0.0,0.0,0.0,0.0,0.0,0.0,0.0,0.0,0.0,0.0,0.0,0.0,0.0,0.0,0.0,0.0,0.0,0.0,0.0,0.0,0.0006838718885845263,4.023204555310708e-13,3.840559348951947e-13,-3.0199877926613927e-14,-5.777639198799048e-13,-2.4139361164990293e-14,5.476297274475499e-13,9.277071008564469e-14,-6.55838722042492e-5,-4.638949165557028e-10,-6.834695751995084e-8,1.7489763329182822e-10,1.6914539249069203e-7,-4.484610243613823e-14,3.0443070697455297e-12,-2.4237040137637347e-9,0.00014845733943236167,8.056879709258112e-13,-0.0003855300717924111,-3.691566045104945e-15,-3.6137803557888216e-7,-2.2920629544661668e-14,-2.1126144046364672e-9,-2.1020726875600633e-13,-3.3962045567774816e-14,-8.231870191504831e-13,5.694408667052225e-13,1.2502611406531994e-12,2.2776710333035374e-13,4.34154053039361e-12,-3.19209948142197e-15,1.5946599829531956e-13,-3.803812746729398e-13,-5.719292303858084e-14,1.7568411731044042e-12,1.2557219179667126e-13,2.962250750062678e-13,5.731281004001213e-13,-3.793976144083079e-9,1.516153589645243e-10,-3.139468900572474e-7,5.7326294199246e-14,1.4258190585783852e-7,1.2830108854466136e-15,-3.4861914438502913e-13,9.289373779593045e-13,1.8278234859486384e-10,4.15008620071435e-14,8.931813573950323e-13,8.149774615665572e-5,-1.2294810669470262e-8,4.068001085751019e-6,-6.804179194001281e-13,-1.0625238326615881e-10,-1.0388800431544556e-13,-6.272190914870033e-7,-1.7321075950479294e-7,-1.1545375145186418e-12
0.0,0.0,0.0,0.0,0.0,0.0,0.0,0.0,0.0,0.0,0.0,0.0,0.0,0.0,0.0,0.0,0.0,0.0,0.0,0.0,0.0,0.0,0.0,0.0,0.0,0.0,0.0,0.0,0.0,0.0,0.0,0.0,0.0,0.0,0.0,0.0,0.0,0.0,0.0,0.0,0.0,0.0,0.0,0.0,0.0,0.0,0.0,0.0,0.0,0.0,0.0,0.0,0.0,0.0,0.0,0.0,0.0,0.0,0.0,0.0,0.0,0.0,0.0,0.0,0.0,0.0,0.0,0.0,0.0,0.0,0.0,0.0,0.0,0.0,0.0,0.0,0.0,0.0,0.0,0.0,0.0,0.0,0.0,0.0,0.0,0.0,0.0,0.0,0.0,0.0,0.0,0.0,0.0,0.0,0.0,0.0,0.0,0.0,0.0,0.0,0.0,0.0,0.0,0.0,0.0,0.0,0.0,0.0,0.0,0.0,0.0,0.0,0.0,0.0,0.0,0.0,0.0,0.0,0.0,0.0,0.0,0.0,0.0,0.0,0.0,0.0,0.0,0.0,0.0,0.0,0.0,0.0,0.0,0.0,0.0,0.0,0.0,0.0,0.0,0.0,0.0,0.0,0.0006755289586898843,-8.639530203896271e-13,4.265324091061384e-11,2.6505434855793157e-13,-1.4324227323348137e-8,-8.712887204016838e-11,-6.754221109213337e-5,1.3095665926148536e-13,-2.5302518216023687e-13,7.239746086460074e-14,-2.4932754314519746e-14,-3.127606554239349e-14,2.360536309198792e-10,-2.213353546690957e-13,6.071866021743672e-13,-6.463807767527332e-14,1.4541887684570283e-14,-4.095737871996745e-14,-2.259677332697535e-9,9.374938873229106e-14,-7.17862572256389e-14,-5.523965966773778e-14,-1.9959175644071167e-9,2.6506240756218123e-5,-1.8769631080970127e-14,-1.935492570485781e-14,-8.25215088088055e-15,-0.0002945550378511754,4.470973989964878e-14,-7.332047123484405e-11,8.707487216203225e-5,-1.345477046812425e-6,-1.9095907735661573e-12,1.0789078960114269e-14,-4.800274322050461e-5,9.450236269202581e-6,-2.0193674843721165e-12,-3.018587523272151e-13,5.833760324237439e-14,2.4546274653385378e-14,-5.726020409177139e-5,6.417084785227675e-13,-1.939504874552293e-9,-1.2527857334752803e-6,-3.3554247565613915e-15,-3.291773996529919e-15,-3.1082485987016206e-5,9.272236609855347e-15,-2.5162434876380986e-13,5.591377671061797e-14,2.3916639070849112e-14,-1.1421588562043844e-13,-4.3613904022349575e-13,6.644976351094075e-13,-2.378592652905727e-13,1.1901511331044026e-13,-9.809874376365868e-13
0.0,0.0,0.0,0.0,0.0,0.0,0.0,0.0,0.0,0.0,0.0,0.0,0.0,0.0,0.0,0.0,0.0,0.0,0.0,0.0,0.0,0.0,0.0,0.0,0.0,0.0,0.0,0.0,0.0,0.0,0.0,0.0,0.0,0.0,0.0,0.0,0.0,0.0,0.0,0.0,0.0,0.0,0.0,0.0,0.0,0.0,0.0,0.0,0.0,0.0,0.0,0.0,0.0,0.0,0.0,0.0,0.0,0.0,0.0,0.0,0.0,0.0,0.0,0.0,0.0,0.0,0.0,0.0,0.0,0.0,0.0,0.0,0.0,0.0,0.0,0.0,0.0,0.0,0.0,0.0,0.0,0.0,0.0,0.0,0.0,0.0,0.0,0.0,0.0,0.0,0.0,0.0,0.0,0.0,0.0,0.0,0.0,0.0,0.0,0.0,0.0,0.0,0.0,0.0,0.0,0.0,0.0,0.0,0.0,0.0,0.0,0.0,0.0,0.0,0.0,0.0,0.0,0.0,0.0,0.0,0.0,0.0,0.0,0.0,0.0,0.0,0.0,0.0,0.0,0.0,0.0,0.0,0.0,0.0,0.0,0.0,0.0,0.0,0.0,0.0,0.0,0.0,0.0,0.0006713425352773899,-6.098674887005411e-14,0.0001595031604929035,-3.0940443814697965e-13,-1.0602030816880879e-12,-1.3107637450320967e-13,-9.628508373711912e-13,9.665691741152826e-10,-1.7528424281613278e-12,-2.5050698554940243e-13,-4.366826641696062e-12,9.85946843057567e-14,-5.9925642066753375e-5,1.7467222216671231e-10,-9.969573736611695e-13,2.276395948549862e-13,1.7108220841805339e-12,1.1440724938410296e-13,4.565790020363288e-13,2.170463165505512e-8,9.683480192122816e-13,-1.2388300798358975e-12,-1.4849481339723033e-13,-1.5156429357766087e-13,-1.1034227386303701e-14,-8.746235205627656e-13,-2.3856985809235244e-13,-5.076235019234187e-13,-2.4664885607158714e-13,-1.4967670165316785e-12,3.409064550387525e-14,-1.187568288758783e-8,-1.6561162142543033e-13,-4.0891584485221363e-13,-1.2867652450099452e-12,0.00043665819048532503,9.787907079266973e-12,1.2277959557067557e-13,-2.6301686679240377e-15,-1.564466269059392e-12,-2.3138326239204315e-12,4.7897285468796445e-14,1.3967773865774044e-12,-4.878214870732517e-14,3.16366971553641e-13,-1.638560567078716e-12,-2.443609465966099e-14,9.816478067894103e-13,-8.423355905800377e-13,1.1656466950432488e-13,6.1223903652098115e-6,7.040770258695666e-9,8.552199874869193e-7,-5.858372371555625e-13,1.4027876569050032e-12,4.2157760613947125e-8
0.0,0.0,0.0,0.0,0.0,0.0,0.0,0.0,0.0,0.0,0.0,0.0,0.0,0.0,0.0,0.0,0.0,0.0,0.0,0.0,0.0,0.0,0.0,0.0,0.0,0.0,0.0,0.0,0.0,0.0,0.0,0.0,0.0,0.0,0.0,0.0,0.0,0.0,0.0,0.0,0.0,0.0,0.0,0.0,0.0,0.0,0.0,0.0,0.0,0.0,0.0,0.0,0.0,0.0,0.0,0.0,0.0,0.0,0.0,0.0,0.0,0.0,0.0,0.0,0.0,0.0,0.0,0.0,0.0,0.0,0.0,0.0,0.0,0.0,0.0,0.0,0.0,0.0,0.0,0.0,0.0,0.0,0.0,0.0,0.0,0.0,0.0,0.0,0.0,0.0,0.0,0.0,0.0,0.0,0.0,0.0,0.0,0.0,0.0,0.0,0.0,0.0,0.0,0.0,0.0,0.0,0.0,0.0,0.0,0.0,0.0,0.0,0.0,0.0,0.0,0.0,0.0,0.0,0.0,0.0,0.0,0.0,0.0,0.0,0.0,0.0,0.0,0.0,0.0,0.0,0.0,0.0,0.0,0.0,0.0,0.0,0.0,0.0,0.0,0.0,0.0,0.0,0.0,0.0,0.0006298617586562352,1.9251233095378767e-13,-2.566572687506947e-6,1.3850337237403244e-13,-5.013962411238323e-10,2.2148146731660602e-14,2.754755268520184e-14,-1.2371844677832912e-14,9.29018009746993e-15,7.419010217151722e-14,0.0001327505643376159,-2.7009265649628963e-13,-1.055781980849061e-13,4.977926738885337e-14,-9.84987497255874e-16,1.2793416438762195e-14,-1.2691391486310354e-5,9.151802093005836e-15,-4.4005247157228616e-14,-7.174267247634256e-15,-2.699498690183031e-12,1.1843453486689704e-9,2.8913631679114824e-15,-1.7553877442389124e-15,-3.8103605105762256e-15,-6.47304821594112e-11,-1.5114381348926782e-16,-0.0004645595525935095,-4.947881954943185e-12,6.174514027606293e-13,2.0767286614110847e-13,-7.426383177475043e-17,2.1150215638345752e-12,-2.1196506495779663e-13,1.0681541710657828e-13,-2.6653286744155316e-14,-3.0143271764319024e-15,3.5349981836834195e-15,-2.6858489910777515e-10,-1.2261776630552147e-14,-6.9678179115974385e-6,-5.600004710106283e-13,-7.578520993389894e-17,6.821665525960337e-15,-1.1215650512649756e-10,-1.8370222086004693e-15,1.2224822957019463e-14,4.143939393062778e-15,1.5557866440928497e-14,2.4333992624180844e-13,-1.2026866897700114e-13,6.264948172539625e-13,-2.8014250172314835e-14,4.210659938460462e-15,-1.101291142418549e-13
0.0,0.0,0.0,0.0,0.0,0.0,0.0,0.0,0.0,0.0,0.0,0.0,0.0,0.0,0.0,0.0,0.0,0.0,0.0,0.0,0.0,0.0,0.0,0.0,0.0,0.0,0.0,0.0,0.0,0.0,0.0,0.0,0.0,0.0,0.0,0.0,0.0,0.0,0.0,0.0,0.0,0.0,0.0,0.0,0.0,0.0,0.0,0.0,0.0,0.0,0.0,0.0,0.0,0.0,0.0,0.0,0.0,0.0,0.0,0.0,0.0,0.0,0.0,0.0,0.0,0.0,0.0,0.0,0.0,0.0,0.0,0.0,0.0,0.0,0.0,0.0,0.0,0.0,0.0,0.0,0.0,0.0,0.0,0.0,0.0,0.0,0.0,0.0,0.0,0.0,0.0,0.0,0.0,0.0,0.0,0.0,0.0,0.0,0.0,0.0,0.0,0.0,0.0,0.0,0.0,0.0,0.0,0.0,0.0,0.0,0.0,0.0,0.0,0.0,0.0,0.0,0.0,0.0,0.0,0.0,0.0,0.0,0.0,0.0,0.0,0.0,0.0,0.0,0.0,0.0,0.0,0.0,0.0,0.0,0.0,0.0,0.0,0.0,0.0,0.0,0.0,0.0,0.0,0.0,0.0,0.0006219683581502485,2.2134205772490468e-13,4.017385530498171e-12,6.121508368339701e-13,8.53628771402005e-14,-7.283121096373811e-11,2.0295652991812175e-12,-3.5328067576678933e-13,-7.981740299610827e-14,-1.582294294940263e-13,4.360932533606467e-6,-1.4318662273152068e-11,-1.1270974863208228e-12,-5.314844657272671e-14,-7.6430667107491e-13,-9.87893682611357e-13,4.739559734710151e-13,1.215803468637861e-7,-8.210014126222911e-13,-3.6561125984109993e-13,9.668833901426722e-13,5.372926725361753e-14,6.846896718281293e-15,5.916176904118632e-13,1.9971182162559724e-12,2.755828487486723e-13,9.70657578733942e-14,-1.2154501580832182e-12,1.7956262362834317e-12,-6.653278754436796e-8,9.988724704075714e-14,-7.046183256379611e-13,3.096178312091339e-13,3.811188466968781e-5,2.422478180540157e-12,-1.33816397712895e-12,3.629979804681332e-14,1.4918157286234693e-12,1.2130984977766532e-14,-8.299013935895922e-13,6.553678679131242e-14,2.3442903260704557e-13,-8.087117533575957e-13,1.1969354578114942e-12,2.5857640710275777e-13,4.820130155446967e-14,1.5023659123031493e-13,1.8947786186728302e-12,3.42990759621358e-5,-5.13780530422864e-10,4.791294496363297e-6,2.060835261656832e-12,-4.067465359605709e-13,-3.0691730248016745e-9
0.0,0.0,0.0,0.0,0.0,0.0,0.0,0.0,0.0,0.0,0.0,0.0,0.0,0.0,0.0,0.0,0.0,0.0,0.0,0.0,0.0,0.0,0.0,0.0,0.0,0.0,0.0,0.0,0.0,0.0,0.0,0.0,0.0,0.0,0.0,0.0,0.0,0.0,0.0,0.0,0.0,0.0,0.0,0.0,0.0,0.0,0.0,0.0,0.0,0.0,0.0,0.0,0.0,0.0,0.0,0.0,0.0,0.0,0.0,0.0,0.0,0.0,0.0,0.0,0.0,0.0,0.0,0.0,0.0,0.0,0.0,0.0,0.0,0.0,0.0,0.0,0.0,0.0,0.0,0.0,0.0,0.0,0.0,0.0,0.0,0.0,0.0,0.0,0.0,0.0,0.0,0.0,0.0,0.0,0.0,0.0,0.0,0.0,0.0,0.0,0.0,0.0,0.0,0.0,0.0,0.0,0.0,0.0,0.0,0.0,0.0,0.0,0.0,0.0,0.0,0.0,0.0,0.0,0.0,0.0,0.0,0.0,0.0,0.0,0.0,0.0,0.0,0.0,0.0,0.0,0.0,0.0,0.0,0.0,0.0,0.0,0.0,0.0,0.0,0.0,0.0,0.0,0.0,0.0,0.0,0.0,0.0006186801023936141,-6.010847061810065e-13,1.7174140461708564e-7,3.556843145597221e-15,-1.897439469064912e-13,4.703801342689832e-14,-6.5250414429274365e-15,1.3685149814628267e-13,-1.3892436402040434e-5,5.216776470104491e-13,7.264887882029074e-14,-5.2917546310298365e-14,1.1929467681207929e-15,-6.881387084507273e-14,0.0001377913075511153,-1.4222836038013164e-14,-3.82559007356268e-13,-6.457384635532699e-15,3.283775232642154e-12,-4.0440420259306467e-7,6.06507487779776e-15,5.1630450084266195e-15,-5.789906783351894e-15,2.154923037681767e-8,1.7341920117070126e-14,2.7124569766114965e-6,5.781351786056586e-10,-1.0240991334097684e-11,-4.726939438517285e-13,-3.3148167423268177e-15,-3.24362223692843e-10,6.215072498936464e-11,9.922667544321534e-14,-2.295972829279611e-14,3.669287176717814e-15,-1.7909072633212866e-16,9.216316957913315e-8,2.4340817024419115e-14,0.00011792188911806734,-7.942838053345806e-12,5.122519456022462e-15,-1.9299167691184923e-14,3.959099895208792e-8,-3.746298540193156e-15,-7.237855612542595e-14,3.52506060213872e-14,3.820994662263802e-14,-7.815436750688586e-13,5.351998145085295e-14,-8.63081813704566e-14,7.253513064913283e-14,-6.586289990067883e-14,-1.3361452468070607e-14
0.0,0.0,0.0,0.0,0.0,0.0,0.0,0.0,0.0,0.0,0.0,0.0,0.0,0.0,0.0,0.0,0.0,0.0,0.0,0.0,0.0,0.0,0.0,0.0,0.0,0.0,0.0,0.0,0.0,0.0,0.0,0.0,0.0,0.0,0.0,0.0,0.0,0.0,0.0,0.0,0.0,0.0,0.0,0.0,0.0,0.0,0.0,0.0,0.0,0.0,0.0,0.0,0.0,0.0,0.0,0.0,0.0,0.0,0.0,0.0,0.0,0.0,0.0,0.0,0.0,0.0,0.0,0.0,0.0,0.0,0.0,0.0,0.0,0.0,0.0,0.0,0.0,0.0,0.0,0.0,0.0,0.0,0.0,0.0,0.0,0.0,0.0,0.0,0.0,0.0,0.0,0.0,0.0,0.0,0.0,0.0,0.0,0.0,0.0,0.0,0.0,0.0,0.0,0.0,0.0,0.0,0.0,0.0,0.0,0.0,0.0,0.0,0.0,0.0,0.0,0.0,0.0,0.0,0.0,0.0,0.0,0.0,0.0,0.0,0.0,0.0,0.0,0.0,0.0,0.0,0.0,0.0,0.0,0.0,0.0,0.0,0.0,0.0,0.0,0.0,0.0,0.0,0.0,0.0,0.0,0.0,0.0,0.000615112996112889,-2.712801197273338e-12,1.1597080364929056e-12,-6.292789901990105e-13,2.05449795078743e-13,2.4112478340062963e-14,-4.2046599364239254e-13,7.456195187249532e-14,1.512579251375774e-12,1.0257722134832285e-13,5.165847459814873e-13,2.6570515109062127e-14,4.92522804828478e-13,1.7347244843317302e-13,-1.3547935936229914e-13,2.8960064495508265e-8,1.9916373876078148e-14,2.3299286944974155e-5,4.800800523581296e-13,4.589504741363294e-14,-1.3731989613648602e-13,-1.0116933605893241e-13,-6.949180087693125e-12,-6.495183532643126e-14,5.351881894714006e-13,-3.301898426030342e-10,1.925462933521138e-8,-5.285418550849055e-8,-6.645149981612779e-14,5.656688125683243e-10,-8.340762026565377e-10,2.7660407662238844e-13,2.17368764037835e-13,2.160825771211509e-13,1.0673090021418658e-14,-4.367108517383882e-12,-2.4047964486690395e-13,3.233155697732699e-13,1.0222856956484384e-8,-5.6219833187103756e-14,1.1570733959134437e-13,2.2242295852526465e-13,3.516322869107816e-15,-2.1999801860731304e-14,-1.4920755940736032e-13,-6.656122897371112e-14,2.0327707049265236e-10,4.2868078354178734e-13,1.0197430556289709e-9,-8.671529925866834e-14,-2.3241442899258846e-13,2.150474335793351e-12
0.0,0.0,0.0,0.0,0.0,0.0,0.0,0.0,0.0,0.0,0.0,0.0,0.0,0.0,0.0,0.0,0.0,0.0,0.0,0.0,0.0,0.0,0.0,0.0,0.0,0.0,0.0,0.0,0.0,0.0,0.0,0.0,0.0,0.0,0.0,0.0,0.0,0.0,0.0,0.0,0.0,0.0,0.0,0.0,0.0,0.0,0.0,0.0,0.0,0.0,0.0,0.0,0.0,0.0,0.0,0.0,0.0,0.0,0.0,0.0,0.0,0.0,0.0,0.0,0.0,0.0,0.0,0.0,0.0,0.0,0.0,0.0,0.0,0.0,0.0,0.0,0.0,0.0,0.0,0.0,0.0,0.0,0.0,0.0,0.0,0.0,0.0,0.0,0.0,0.0,0.0,0.0,0.0,0.0,0.0,0.0,0.0,0.0,0.0,0.0,0.0,0.0,0.0,0.0,0.0,0.0,0.0,0.0,0.0,0.0,0.0,0.0,0.0,0.0,0.0,0.0,0.0,0.0,0.0,0.0,0.0,0.0,0.0,0.0,0.0,0.0,0.0,0.0,0.0,0.0,0.0,0.0,0.0,0.0,0.0,0.0,0.0,0.0,0.0,0.0,0.0,0.0,0.0,0.0,0.0,0.0,0.0,0.0,0.0005965316246785142,-1.3799168507147861e-14,-2.1559245038720978e-13,8.440848407659481e-14,-1.2767380771509307e-14,3.873724724926599e-13,1.1730306051679364e-9,1.2108973553465646e-12,2.075167150301738e-13,-1.412909489439268e-13,-8.466751566833932e-15,1.166008520114123e-13,-1.1548709788424322e-8,5.447110973079215e-15,7.707939708243508e-13,-3.2910478894561165e-14,-6.420445974617459e-11,-0.0003208757081000224,5.4605391591668646e-15,6.970080617276138e-15,1.6890267752447168e-14,0.00010504275598093188,3.50771308572646e-15,-2.2705397736171382e-10,2.8452579850526626e-6,-4.417234022198798e-8,3.5534184866234e-12,-8.43721381505744e-15,-1.5743246466421903e-6,3.102504708452354e-7,-1.613421247519539e-13,-8.166403984638512e-14,-3.2468279216777765e-14,-6.361575723795705e-14,0.00037942030012678394,8.926950929848178e-14,-9.824403196670704e-9,-4.1134515696025725e-8,8.135581633121645e-15,-4.3888936474508997e-14,0.00017146639584878198,-3.2665577030798297e-15,-2.622595783859412e-13,4.594596016371208e-14,3.94887384214404e-15,9.549082808093284e-13,-6.04317755997137e-13,-2.853962501937733e-13,-2.2496903760583484e-13,9.655134016298882e-14,-1.0889959531162702e-13
0.0,0.0,0.0,0.0,0.0,0.0,0.0,0.0,0.0,0.0,0.0,0.0,0.0,0.0,0.0,0.0,0.0,0.0,0.0,0.0,0.0,0.0,0.0,0.0,0.0,0.0,0.0,0.0,0.0,0.0,0.0,0.0,0.0,0.0,0.0,0.0,0.0,0.0,0.0,0.0,0.0,0.0,0.0,0.0,0.0,0.0,0.0,0.0,0.0,0.0,0.0,0.0,0.0,0.0,0.0,0.0,0.0,0.0,0.0,0.0,0.0,0.0,0.0,0.0,0.0,0.0,0.0,0.0,0.0,0.0,0.0,0.0,0.0,0.0,0.0,0.0,0.0,0.0,0.0,0.0,0.0,0.0,0.0,0.0,0.0,0.0,0.0,0.0,0.0,0.0,0.0,0.0,0.0,0.0,0.0,0.0,0.0,0.0,0.0,0.0,0.0,0.0,0.0,0.0,0.0,0.0,0.0,0.0,0.0,0.0,0.0,0.0,0.0,0.0,0.0,0.0,0.0,0.0,0.0,0.0,0.0,0.0,0.0,0.0,0.0,0.0,0.0,0.0,0.0,0.0,0.0,0.0,0.0,0.0,0.0,0.0,0.0,0.0,0.0,0.0,0.0,0.0,0.0,0.0,0.0,0.0,0.0,0.0,0.0,0.0005895255666340376,-1.3877203391957338e-11,8.703275070884391e-7,-2.3031718879803463e-9,5.556366583585695e-9,1.722421684449174e-14,3.855637537639378e-13,-7.861894420232571e-11,4.852536330261368e-6,1.116751536234441e-13,0.00013608711545076607,-4.213214972008914e-14,4.601271171964221e-6,1.1642671148017855e-12,2.6891251932947128e-8,-1.6634944054104644e-13,8.3291165591069e-14,2.0537112117560876e-12,-2.1438210952350506e-12,-5.046798949774344e-11,2.2333285055322338e-13,1.1092214817125166e-12,1.3761539465720177e-14,-7.777006792059177e-15,-4.754592299666277e-13,-1.7467219205555627e-13,-3.791734599487766e-12,-1.9220476132588243e-14,1.85557830276703e-13,1.034163523256834e-12,-1.2748026645584747e-10,-1.9915177715897877e-9,3.99733223182697e-6,-2.3315485619963397e-13,4.688247052137246e-9,-6.575677905394383e-14,-3.95268287462944e-13,1.615530825812448e-12,-2.3822675495651515e-9,-9.699405021463006e-14,-2.7785259345134545e-13,2.670934190141073e-6,1.5650804682118862e-7,-5.178033493675744e-5,-7.656563159887913e-13,-1.7874923577091666e-12,9.071240355629461e-13,-2.0623877959730304e-8,2.2054148948567816e-6,1.8155389909001176e-15
0.0,0.0,0.0,0.0,0.0,0.0,0.0,0.0,0.0,0.0,0.0,0.0,0.0,0.0,0.0,0.0,0.0,0.0,0.0,0.0,0.0,0.0,0.0,0.0,0.0,0.0,0.0,0.0,0.0,0.0,0.0,0.0,0.0,0.0,0.0,0.0,0.0,0.0,0.0,0.0,0.0,0.0,0.0,0.0,0.0,0.0,0.0,0.0,0.0,0.0,0.0,0.0,0.0,0.0,0.0,0.0,0.0,0.0,0.0,0.0,0.0,0.0,0.0,0.0,0.0,0.0,0.0,0.0,0.0,0.0,0.0,0.0,0.0,0.0,0.0,0.0,0.0,0.0,0.0,0.0,0.0,0.0,0.0,0.0,0.0,0.0,0.0,0.0,0.0,0.0,0.0,0.0,0.0,0.0,0.0,0.0,0.0,0.0,0.0,0.0,0.0,0.0,0.0,0.0,0.0,0.0,0.0,0.0,0.0,0.0,0.0,0.0,0.0,0.0,0.0,0.0,0.0,0.0,0.0,0.0,0.0,0.0,0.0,0.0,0.0,0.0,0.0,0.0,0.0,0.0,0.0,0.0,0.0,0.0,0.0,0.0,0.0,0.0,0.0,0.0,0.0,0.0,0.0,0.0,0.0,0.0,0.0,0.0,0.0,0.0,0.0005852231084986115,-1.6484565777205418e-12,1.8228376642616582e-12,-2.1622563422624915e-6,7.08115592960285e-14,-1.1849441876424677e-8,0.00014655503065942688,-2.2213240330133705e-9,-5.863294954635691e-13,-8.515628992476594e-11,1.5614483274196318e-13,-5.062145948836633e-12,-3.112786543752556e-12,-1.2501979314178677e-12,9.768022737073234e-13,-1.5671677345100883e-13,7.294722431344353e-13,-9.611089909806384e-13,-2.0052548177891445e-13,-6.073914956145847e-13,3.4111373067127516e-13,1.0846080577632224e-14,6.464343833995632e-13,-3.266002720720641e-13,-6.71568475507607e-13,2.8158598150881647e-13,-5.726212379761843e-13,-1.5645678815080405e-13,-1.1147678475414978e-10,7.230350113877327e-6,3.0132465188170284e-14,-3.830200417249135e-12,4.624648590113243e-13,-1.1996108279738515e-6,1.2313882390113571e-13,-4.499502978687468e-13,-2.659143962978904e-13,-7.956777663271046e-13,-1.1741903731427886e-13,-7.861620379475148e-13,-1.917502404484864e-9,2.909283941229853e-13,1.1533668558087712e-12,3.651323868209302e-12,0.0001919407519503376,1.4850718486302577e-12,1.2527536173438533e-6,1.9594276053677512e-13,1.0869602130322452e-6
0.0,0.0,0.0,0.0,0.0,0.0,0.0,0.0,0.0,0.0,0.0,0.0,0.0,0.0,0.0,0.0,0.0,0.0,0.0,0.0,0.0,0.0,0.0,0.0,0.0,0.0,0.0,0.0,0.0,0.0,0.0,0.0,0.0,0.0,0.0,0.0,0.0,0.0,0.0,0.0,0.0,0.0,0.0,0.0,0.0,0.0,0.0,0.0,0.0,0.0,0.0,0.0,0.0,0.0,0.0,0.0,0.0,0.0,0.0,0.0,0.0,0.0,0.0,0.0,0.0,0.0,0.0,0.0,0.0,0.0,0.0,0.0,0.0,0.0,0.0,0.0,0.0,0.0,0.0,0.0,0.0,0.0,0.0,0.0,0.0,0.0,0.0,0.0,0.0,0.0,0.0,0.0,0.0,0.0,0.0,0.0,0.0,0.0,0.0,0.0,0.0,0.0,0.0,0.0,0.0,0.0,0.0,0.0,0.0,0.0,0.0,0.0,0.0,0.0,0.0,0.0,0.0,0.0,0.0,0.0,0.0,0.0,0.0,0.0,0.0,0.0,0.0,0.0,0.0,0.0,0.0,0.0,0.0,0.0,0.0,0.0,0.0,0.0,0.0,0.0,0.0,0.0,0.0,0.0,0.0,0.0,0.0,0.0,0.0,0.0,0.0,0.0005848229325925211,-2.194673167096613e-6,-4.467491709966433e-12,-4.634947252282337e-14,-3.7749632354167155e-13,-2.4246591245379556e-13,-2.1257918555114955e-9,2.5065472081774313e-11,-5.9151736838381956e-8,-4.6419967673009196e-14,0.00013209463923849918,-2.209024972495196e-13,2.5658338507369458e-5,1.444438815622713e-14,7.039428089160502e-14,-7.780068578715301e-11,-3.343333291683606e-10,-4.9216924705728475e-8,6.079093248330263e-14,2.9175289870017646e-9,-8.379921383512176e-16,1.0801552606196169e-13,2.5021936938512255e-13,6.402892131980744e-13,-1.4768000717428774e-11,1.1869104943439895e-13,-3.479766006429688e-14,9.141314954445745e-13,1.554545350294931e-13,-1.895433364449912e-6,6.714768340316689e-5,-3.086766201025457e-14,-4.657460433772349e-13,-6.737526633779538e-15,1.717020352123225e-13,-4.112824798912299e-11,-2.27282703675591e-6,7.240899778570882e-14,-5.979779505476053e-12,-1.1747531441683406e-9,0.00014895834959979953,-9.527550198367837e-6,2.171769414965671e-13,-1.0698347718159258e-12,-6.600367412703415e-13,5.617640250341747e-12,0.00011075849799794374,-7.342552624221165e-13
0.0,0.0,0.0,0.0,0.0,0.0,0.0,0.0,0.0,0.0,0.0,0.0,0.0,0.0,0.0,0.0,0.0,0.0,0.0,0.0,0.0,0.0,0.0,0.0,0.0,0.0,0.0,0.0,0.0,0.0,0.0,0.0,0.0,0.0,0.0,0.0,0.0,0.0,0.0,0.0,0.0,0.0,0.0,0.0,0.0,0.0,0.0,0.0,0.0,0.0,0.0,0.0,0.0,0.0,0.0,0.0,0.0,0.0,0.0,0.0,0.0,0.0,0.0,0.0,0.0,0.0,0.0,0.0,0.0,0.0,0.0,0.0,0.0,0.0,0.0,0.0,0.0,0.0,0.0,0.0,0.0,0.0,0.0,0.0,0.0,0.0,0.0,0.0,0.0,0.0,0.0,0.0,0.0,0.0,0.0,0.0,0.0,0.0,0.0,0.0,0.0,0.0,0.0,0.0,0.0,0.0,0.0,0.0,0.0,0.0,0.0,0.0,0.0,0.0,0.0,0.0,0.0,0.0,0.0,0.0,0.0,0.0,0.0,0.0,0.0,0.0,0.0,0.0,0.0,0.0,0.0,0.0,0.0,0.0,0.0,0.0,0.0,0.0,0.0,0.0,0.0,0.0,0.0,0.0,0.0,0.0,0.0,0.0,0.0,0.0,0.0,0.0,0.0005825950350638394,-9.734797467592506e-13,6.022775986468962e-15,-8.857681764906328e-13,-1.2959635720218559e-12,3.46763835051034e-13,-1.0378539364572741e-8,-7.553624890980978e-11,3.6621198203812364e-15,1.4635704005336229e-7,-2.4202037418878056e-13,-5.3588061308130274e-5,-1.1062291886842262e-13,-3.121624908919695e-14,2.776892239613596e-8,1.275189544639604e-7,1.8591244331843117e-5,2.2402825523417144e-14,-1.097506200513202e-6,8.398303078390366e-15,7.883609349242923e-14,-7.977770298626971e-14,-2.1529277549633257e-13,6.3034499714334215e-9,4.524208283715707e-14,9.111150126324386e-15,8.503142534039566e-13,7.777269458169004e-13,0.00037257645844511445,7.460684084681288e-8,2.3803949407837118e-14,-4.068966470667477e-12,1.7365311347055305e-14,-8.084269977775305e-14,1.6306281345240476e-8,0.0005301969771440079,1.458201703055469e-14,1.3183123466407222e-9,2.799481283404963e-12,-1.0622948192268938e-5,-1.0616067240899033e-8,1.4386008042325378e-13,-4.188968492807784e-13,1.1720226718994952e-13,1.2558061868791376e-12,1.2199971520171937e-7,-1.9803529085210166e-13
0.0,0.0,0.0,0.0,0.0,0.0,0.0,0.0,0.0,0.0,0.0,0.0,0.0,0.0,0.0,0.0,0.0,0.0,0.0,0.0,0.0,0.0,0.0,0.0,0.0,0.0,0.0,0.0,0.0,0.0,0.0,0.0,0.0,0.0,0.0,0.0,0.0,0.0,0.0,0.0,0.0,0.0,0.0,0.0,0.0,0.0,0.0,0.0,0.0,0.0,0.0,0.0,0.0,0.0,0.0,0.0,0.0,0.0,0.0,0.0,0.0,0.0,0.0,0.0,0.0,0.0,0.0,0.0,0.0,0.0,0.0,0.0,0.0,0.0,0.0,0.0,0.0,0.0,0.0,0.0,0.0,0.0,0.0,0.0,0.0,0.0,0.0,0.0,0.0,0.0,0.0,0.0,0.0,0.0,0.0,0.0,0.0,0.0,0.0,0.0,0.0,0.0,0.0,0.0,0.0,0.0,0.0,0.0,0.0,0.0,0.0,0.0,0.0,0.0,0.0,0.0,0.0,0.0,0.0,0.0,0.0,0.0,0.0,0.0,0.0,0.0,0.0,0.0,0.0,0.0,0.0,0.0,0.0,0.0,0.0,0.0,0.0,0.0,0.0,0.0,0.0,0.0,0.0,0.0,0.0,0.0,0.0,0.0,0.0,0.0,0.0,0.0,0.0,0.0005765913926770251,-4.6268217876915295e-14,-1.4350005099328356e-11,-1.1007876981810498e-5,8.285000778140852e-7,1.6184202073378136e-13,2.9507813792813047e-8,-7.737202544161215e-14,-1.4067299422326713e-11,1.1236612383134233e-12,-1.4761792320758512e-12,-7.987017243321883e-13,2.3630043659105666e-13,-6.780404612918546e-13,1.0730610332182543e-12,-1.328518880176921e-12,-3.8506732201006633e-13,1.4458544519080499e-12,9.382152926832028e-14,3.4154227087274636e-13,2.717717626716233e-13,2.1360864853742505e-12,1.006849596347449e-12,1.7668926847362856e-13,1.3808938385923254e-13,1.3449904673468371e-12,-1.8057220060947943e-5,8.472224275210084e-13,-1.2077478904897617e-11,2.1457280145213277e-13,0.00037481515344668154,-8.694960517876482e-14,4.59086329231143e-14,-7.019620584059323e-13,8.617766983572429e-13,1.9004998033796347e-13,-2.5905874235727916e-13,7.154397722359739e-7,2.759902199930401e-12,1.4412743370896147e-10,4.661023621031563e-12,2.0086468487101664e-7,4.356787017543591e-12,-0.0004554066610646623,-6.545642642003166e-12,1.1469637919605643e-9
0.0,0.0,0.0,0.0,0.0,0.0,0.0,0.0,0.0,0.0,0.0,0.0,0.0,0.0,0.0,0.0,0.0,0.0,0.0,0.0,0.0,0.0,0.0,0.0,0.0,0.0,0.0,0.0,0.0,0.0,0.0,0.0,0.0,0.0,0.0,0.0,0.0,0.0,0.0,0.0,0.0,0.0,0.0,0.0,0.0,0.0,0.0,0.0,0.0,0.0,0.0,0.0,0.0,0.0,0.0,0.0,0.0,0.0,0.0,0.0,0.0,0.0,0.0,0.0,0.0,0.0,0.0,0.0,0.0,0.0,0.0,0.0,0.0,0.0,0.0,0.0,0.0,0.0,0.0,0.0,0.0,0.0,0.0,0.0,0.0,0.0,0.0,0.0,0.0,0.0,0.0,0.0,0.0,0.0,0.0,0.0,0.0,0.0,0.0,0.0,0.0,0.0,0.0,0.0,0.0,0.0,0.0,0.0,0.0,0.0,0.0,0.0,0.0,0.0,0.0,0.0,0.0,0.0,0.0,0.0,0.0,0.0,0.0,0.0,0.0,0.0,0.0,0.0,0.0,0.0,0.0,0.0,0.0,0.0,0.0,0.0,0.0,0.0,0.0,0.0,0.0,0.0,0.0,0.0,0.0,0.0,0.0,0.0,0.0,0.0,0.0,0.0,0.0,0.0,0.0005589468419642409,-1.559754115759095e-13,-1.387068838599077e-13,2.8017280823366146e-14,-4.71416358657459e-15,-2.3140541506780367e-14,-7.258690136023299e-5,2.8670165709387865e-14,9.804128162349837e-13,-2.7128939470850433e-15,-3.6683479918713356e-12,-2.276150328363207e-9,1.3522193979997836e-15,2.9100039329037915e-15,-5.878799472932106e-15,-6.492990038142558e-11,1.1824354239183982e-14,-0.00015280443649091823,3.1638226570975765e-12,1.5555474908987477e-12,-1.1296414568925264e-13,2.888017632337244e-16,2.4115357537750787e-12,1.5495175205752534e-12,-4.2065375661536506e-13,2.65038670276302e-14,-9.906860804654561e-15,1.832995235327218e-14,-1.301916596933509e-10,-7.383278126712216e-15,-3.880764656770998e-5,3.1458221520582572e-12,5.487114770626228e-17,-1.5996235422098595e-14,-7.281362311426779e-11,-4.827812351788862e-15,3.292072564368984e-14,4.824784283348551e-14,4.987529991027046e-15,-1.057662946351709e-12,3.05990125551394e-13,-5.070023196652885e-13,-1.372388644777161e-13,7.175692594401576e-15,-1.0237355637226205e-13
0.0,0.0,0.0,0.0,0.0,0.0,0.0,0.0,0.0,0.0,0.0,0.0,0.0,0.0,0.0,0.0,0.0,0.0,0.0,0.0,0.0,0.0,0.0,0.0,0.0,0.0,0.0,0.0,0.0,0.0,0.0,0.0,0.0,0.0,0.0,0.0,0.0,0.0,0.0,0.0,0.0,0.0,0.0,0.0,0.0,0.0,0.0,0.0,0.0,0.0,0.0,0.0,0.0,0.0,0.0,0.0,0.0,0.0,0.0,0.0,0.0,0.0,0.0,0.0,0.0,0.0,0.0,0.0,0.0,0.0,0.0,0.0,0.0,0.0,0.0,0.0,0.0,0.0,0.0,0.0,0.0,0.0,0.0,0.0,0.0,0.0,0.0,0.0,0.0,0.0,0.0,0.0,0.0,0.0,0.0,0.0,0.0,0.0,0.0,0.0,0.0,0.0,0.0,0.0,0.0,0.0,0.0,0.0,0.0,0.0,0.0,0.0,0.0,0.0,0.0,0.0,0.0,0.0,0.0,0.0,0.0,0.0,0.0,0.0,0.0,0.0,0.0,0.0,0.0,0.0,0.0,0.0,0.0,0.0,0.0,0.0,0.0,0.0,0.0,0.0,0.0,0.0,0.0,0.0,0.0,0.0,0.0,0.0,0.0,0.0,0.0,0.0,0.0,0.0,0.0,0.0005488590229005383,8.816875331108617e-10,-3.5203936509280237e-12,-8.85025670969685e-13,1.1741395521884087e-12,-4.251986793782485e-13,2.147146630755401e-12,-2.849819984968658e-10,-5.567794007865251e-13,2.09008216571078e-13,1.6162510079709546e-12,2.029312066247366e-13,-4.1669709794616297e-13,-1.2321592348656982e-13,-1.2039523582316517e-13,-1.35661982993752e-13,-1.3474438881296027e-13,1.511033448227999e-12,2.566020255551218e-12,1.5821076423376565e-10,2.284185392519684e-14,1.6422218391393858e-12,-1.7845750608249466e-12,7.2172843934088975e-6,3.662204867320016e-11,-1.0897740730710298e-12,2.8399064750486802e-12,8.797760471935236e-13,3.683443421930081e-12,2.0390199430690808e-14,1.4079074373480972e-12,2.4487194233487775e-13,-1.915990621083935e-12,1.7515625769188849e-12,-1.7545482758355562e-13,-1.156753733214194e-12,1.1461881080643083e-12,-1.2575818997153532e-12,-8.15059670111359e-8,-8.799862450581445e-8,-1.1384391128821441e-8,-5.11937564041688e-12,1.3261282786394107e-12,-5.520934119710979e-7
0.0,0.0,0.0,0.0,0.0,0.0,0.0,0.0,0.0,0.0,0.0,0.0,0.0,0.0,0.0,0.0,0.0,0.0,0.0,0.0,0.0,0.0,0.0,0.0,0.0,0.0,0.0,0.0,0.0,0.0,0.0,0.0,0.0,0.0,0.0,0.0,0.0,0.0,0.0,0.0,0.0,0.0,0.0,0.0,0.0,0.0,0.0,0.0,0.0,0.0,0.0,0.0,0.0,0.0,0.0,0.0,0.0,0.0,0.0,0.0,0.0,0.0,0.0,0.0,0.0,0.0,0.0,0.0,0.0,0.0,0.0,0.0,0.0,0.0,0.0,0.0,0.0,0.0,0.0,0.0,0.0,0.0,0.0,0.0,0.0,0.0,0.0,0.0,0.0,0.0,0.0,0.0,0.0,0.0,0.0,0.0,0.0,0.0,0.0,0.0,0.0,0.0,0.0,0.0,0.0,0.0,0.0,0.0,0.0,0.0,0.0,0.0,0.0,0.0,0.0,0.0,0.0,0.0,0.0,0.0,0.0,0.0,0.0,0.0,0.0,0.0,0.0,0.0,0.0,0.0,0.0,0.0,0.0,0.0,0.0,0.0,0.0,0.0,0.0,0.0,0.0,0.0,0.0,0.0,0.0,0.0,0.0,0.0,0.0,0.0,0.0,0.0,0.0,0.0,0.0,0.0,0.0005477929182553713,4.738091099179397e-9,1.4165810344948355e-12,1.7047702538698251e-10,-2.622875811578582e-13,1.7797318088375736e-12,1.6783676397988847e-12,-2.855577988562741e-12,5.9770639685408e-13,6.143095128079429e-13,-1.2049906059014168e-13,-1.860721184933265e-13,8.168040746947886e-13,3.2024991798849904e-13,-1.295205177343581e-12,-2.3848902229253377e-13,1.455448729245999e-14,3.435753191402993e-13,2.3363304328916624e-12,1.7093915378859274e-13,8.295312974587673e-13,3.689098348475919e-13,-3.623437277353886e-12,3.827941436724267e-5,1.6754207549835024e-12,5.973758169264963e-12,-1.4007531712007788e-13,1.1037009320743855e-6,-2.0015529803201057e-13,7.629822104247604e-13,2.097866769257335e-12,2.6247807311968422e-12,-8.801572742263437e-14,5.430654948220177e-13,4.089777574842513e-9,2.799066996763781e-13,1.4309124132088281e-12,-4.452826625365039e-12,-1.4211066081590512e-5,-1.3625278596859193e-12,-2.438417521149946e-6,2.4423752707492243e-12,-8.104204799001162e-8
0.0,0.0,0.0,0.0,0.0,0.0,0.0,0.0,0.0,0.0,0.0,0.0,0.0,0.0,0.0,0.0,0.0,0.0,0.0,0.0,0.0,0.0,0.0,0.0,0.0,0.0,0.0,0.0,0.0,0.0,0.0,0.0,0.0,0.0,0.0,0.0,0.0,0.0,0.0,0.0,0.0,0.0,0.0,0.0,0.0,0.0,0.0,0.0,0.0,0.0,0.0,0.0,0.0,0.0,0.0,0.0,0.0,0.0,0.0,0.0,0.0,0.0,0.0,0.0,0.0,0.0,0.0,0.0,0.0,0.0,0.0,0.0,0.0,0.0,0.0,0.0,0.0,0.0,0.0,0.0,0.0,0.0,0.0,0.0,0.0,0.0,0.0,0.0,0.0,0.0,0.0,0.0,0.0,0.0,0.0,0.0,0.0,0.0,0.0,0.0,0.0,0.0,0.0,0.0,0.0,0.0,0.0,0.0,0.0,0.0,0.0,0.0,0.0,0.0,0.0,0.0,0.0,0.0,0.0,0.0,0.0,0.0,0.0,0.0,0.0,0.0,0.0,0.0,0.0,0.0,0.0,0.0,0.0,0.0,0.0,0.0,0.0,0.0,0.0,0.0,0.0,0.0,0.0,0.0,0.0,0.0,0.0,0.0,0.0,0.0,0.0,0.0,0.0,0.0,0.0,0.0,0.0,0.0005412863439475077,1.2643819439930324e-13,2.7424462476371273e-5,4.1164966963689017e-14,-1.158354289807312e-8,-1.0967852836768763e-12,3.301102864186062e-11,-1.995956923231242e-14,-9.691019663343311e-14,-3.820927056042406e-12,-1.5374760530571771e-12,1.1057707297476078e-12,-2.154275754265134e-14,2.890620655407051e-12,5.903204789672099e-14,4.9746598963512005e-14,-2.6977405489563835e-13,2.0095466239866873e-12,-4.91783595624802e-13,-4.9532613817367525e-14,-1.9453849218189223e-13,1.5712889876154639e-12,7.52849248761773e-9,-1.0397590246101682e-12,-1.0251573581439959e-8,1.206408516055497e-13,1.7023119341747673e-7,1.1289361168139101e-13,-3.5448978027088494e-13,9.220126788660937e-13,-4.0215845179946475e-12,-5.385149370155867e-14,-2.1672303823122072e-13,0.0003532379350361033,1.7458847067354225e-10,1.361596791089958e-7,1.324014515948403e-12,3.554385601727238e-11,2.2120852734019905e-13,-2.575507259307165e-6,-5.3664764020474874e-9,-6.117598579375195e-13
0.0,0.0,0.0,0.0,0.0,0.0,0.0,0.0,0.0,0.0,0.0,0.0,0.0,0.0,0.0,0.0,0.0,0.0,0.0,0.0,0.0,0.0,0.0,0.0,0.0,0.0,0.0,0.0,0.0,0.0,0.0,0.0,0.0,0.0,0.0,0.0,0.0,0.0,0.0,0.0,0.0,0.0,0.0,0.0,0.0,0.0,0.0,0.0,0.0,0.0,0.0,0.0,0.0,0.0,0.0,0.0,0.0,0.0,0.0,0.0,0.0,0.0,0.0,0.0,0.0,0.0,0.0,0.0,0.0,0.0,0.0,0.0,0.0,0.0,0.0,0.0,0.0,0.0,0.0,0.0,0.0,0.0,0.0,0.0,0.0,0.0,0.0,0.0,0.0,0.0,0.0,0.0,0.0,0.0,0.0,0.0,0.0,0.0,0.0,0.0,0.0,0.0,0.0,0.0,0.0,0.0,0.0,0.0,0.0,0.0,0.0,0.0,0.0,0.0,0.0,0.0,0.0,0.0,0.0,0.0,0.0,0.0,0.0,0.0,0.0,0.0,0.0,0.0,0.0,0.0,0.0,0.0,0.0,0.0,0.0,0.0,0.0,0.0,0.0,0.0,0.0,0.0,0.0,0.0,0.0,0.0,0.0,0.0,0.0,0.0,0.0,0.0,0.0,0.0,0.0,0.0,0.0,0.0,0.0005403043752379621,3.168495258469642e-13,-1.4874985863184276e-15,4.366442155322742e-12,1.4939755318319064e-14,-3.015390438946244e-10,-1.0958213793487607e-14,-9.4976045586971e-15,-0.00024495516656019444,-4.009507727720977e-5,-2.429778562109147e-7,5.462545172777272e-16,4.004634552485048e-6,-1.0274776318735814e-15,-1.933033535752608e-14,1.4664676651314802e-15,2.940054027537598e-14,-0.0004112438298981397,-2.861567407359833e-14,8.778956201637208e-15,4.3666324988172856e-13,-1.423454248618754e-12,1.1559153882546506e-9,8.26276905415188e-12,-6.448540564071666e-15,5.259943822365238e-13,-7.365197932705483e-16,1.941710804661507e-14,-0.00021685955440586122,9.593502792503107e-10,-1.0482159620773296e-14,-8.180320272530044e-5,-2.270018805328617e-12,-5.611608564686618e-11,1.9653403865352425e-12,-9.933200457187277e-14,-3.860402682950847e-14,-1.1089001144442048e-13,-5.212274321517417e-13,7.972882260209041e-12,3.9759281503797847e-13
0.0,0.0,0.0,0.0,0.0,0.0,0.0,0.0,0.0,0.0,0.0,0.0,0.0,0.0,0.0,0.0,0.0,0.0,0.0,0.0,0.0,0.0,0.0,0.0,0.0,0.0,0.0,0.0,0.0,0.0,0.0,0.0,0.0,0.0,0.0,0.0,0.0,0.0,0.0,0.0,0.0,0.0,0.0,0.0,0.0,0.0,0.0,0.0,0.0,0.0,0.0,0.0,0.0,0.0,0.0,0.0,0.0,0.0,0.0,0.0,0.0,0.0,0.0,0.0,0.0,0.0,0.0,0.0,0.0,0.0,0.0,0.0,0.0,0.0,0.0,0.0,0.0,0.0,0.0,0.0,0.0,0.0,0.0,0.0,0.0,0.0,0.0,0.0,0.0,0.0,0.0,0.0,0.0,0.0,0.0,0.0,0.0,0.0,0.0,0.0,0.0,0.0,0.0,0.0,0.0,0.0,0.0,0.0,0.0,0.0,0.0,0.0,0.0,0.0,0.0,0.0,0.0,0.0,0.0,0.0,0.0,0.0,0.0,0.0,0.0,0.0,0.0,0.0,0.0,0.0,0.0,0.0,0.0,0.0,0.0,0.0,0.0,0.0,0.0,0.0,0.0,0.0,0.0,0.0,0.0,0.0,0.0,0.0,0.0,0.0,0.0,0.0,0.0,0.0,0.0,0.0,0.0,0.0,0.0,0.0005335847138181726,9.6447741047062e-15,-3.275191471076533e-7,-2.530130614352629e-14,8.289692138638867e-10,5.383751175906441e-14,-6.779809517634792e-14,-2.5689902586453477e-12,4.578678406898857e-12,-6.3663917668479324e-12,3.1385498234299213e-14,7.78801684717553e-12,-1.3540099441366575e-14,8.756970303882533e-14,-1.2799685919088611e-14,-1.3468129077789511e-12,5.752967585331663e-12,1.4170655462293737e-13,-2.2433425679530417e-14,-3.1593034266406467e-13,-1.1152810758719842e-10,-1.9354936604956243e-11,-2.898073955202795e-7,3.048563086400603e-14,-2.6035020218342915e-9,8.840637667741728e-14,-1.0653359765011994e-13,-2.5776975055095306e-12,-1.9476200824753022e-11,-3.4190863219313145e-15,1.1477341754290595e-12,-2.8422162223784423e-6,4.833091037783948e-9,3.846309934463956e-6,-2.5590626355192345e-13,-3.3639485139268005e-13,1.9563036652421503e-12,3.93360263220485e-8,-1.5173272809498703e-7,-3.7284364095726946e-13
0.0,0.0,0.0,0.0,0.0,0.0,0.0,0.0,0.0,0.0,0.0,0.0,0.0,0.0,0.0,0.0,0.0,0.0,0.0,0.0,0.0,0.0,0.0,0.0,0.0,0.0,0.0,0.0,0.0,0.0,0.0,0.0,0.0,0.0,0.0,0.0,0.0,0.0,0.0,0.0,0.0,0.0,0.0,0.0,0.0,0.0,0.0,0.0,0.0,0.0,0.0,0.0,0.0,0.0,0.0,0.0,0.0,0.0,0.0,0.0,0.0,0.0,0.0,0.0,0.0,0.0,0.0,0.0,0.0,0.0,0.0,0.0,0.0,0.0,0.0,0.0,0.0,0.0,0.0,0.0,0.0,0.0,0.0,0.0,0.0,0.0,0.0,0.0,0.0,0.0,0.0,0.0,0.0,0.0,0.0,0.0,0.0,0.0,0.0,0.0,0.0,0.0,0.0,0.0,0.0,0.0,0.0,0.0,0.0,0.0,0.0,0.0,0.0,0.0,0.0,0.0,0.0,0.0,0.0,0.0,0.0,0.0,0.0,0.0,0.0,0.0,0.0,0.0,0.0,0.0,0.0,0.0,0.0,0.0,0.0,0.0,0.0,0.0,0.0,0.0,0.0,0.0,0.0,0.0,0.0,0.0,0.0,0.0,0.0,0.0,0.0,0.0,0.0,0.0,0.0,0.0,0.0,0.0,0.0,0.0,0.0005253676210054944,7.752389310309677e-14,1.5812387227461109e-12,-2.820690933586852e-14,-3.2359306310360212e-12,2.35175960753416e-8,-8.52224445258902e-15,-5.9646005434100104e-15,-1.53449297995826e-15,6.536453666590566e-10,-1.0715405748070458e-14,-6.028740521512299e-6,1.9660213131000768e-11,3.5916675226256665e-12,-8.304384324795118e-13,2.043008290803343e-15,-6.350190724922126e-12,3.672674840662873e-12,4.753117407871586e-14,-5.3517197999437544e-14,-2.2702295147329355e-14,6.710932928334796e-14,1.2826210729307175e-9,-1.3952351391917718e-13,0.00033483718498812653,3.1535036859669027e-12,-2.787791903305612e-15,-1.543910920173758e-14,7.41122452509228e-10,-1.0596291073926966e-15,-4.300908815178755e-14,3.751698893152315e-14,-9.348324046656362e-15,3.4278110312229834e-13,3.127292958830136e-13,-1.0361808965294215e-13,-2.0964407446415668e-13,6.509355910144032e-14,-5.6875546487753e-13
0.0,0.0,0.0,0.0,0.0,0.0,0.0,0.0,0.0,0.0,0.0,0.0,0.0,0.0,0.0,0.0,0.0,0.0,0.0,0.0,0.0,0.0,0.0,0.0,0.0,0.0,0.0,0.0,0.0,0.0,0.0,0.0,0.0,0.0,0.0,0.0,0.0,0.0,0.0,0.0,0.0,0.0,0.0,0.0,0.0,0.0,0.0,0.0,0.0,0.0,0.0,0.0,0.0,0.0,0.0,0.0,0.0,0.0,0.0,0.0,0.0,0.0,0.0,0.0,0.0,0.0,0.0,0.0,0.0,0.0,0.0,0.0,0.0,0.0,0.0,0.0,0.0,0.0,0.0,0.0,0.0,0.0,0.0,0.0,0.0,0.0,0.0,0.0,0.0,0.0,0.0,0.0,0.0,0.0,0.0,0.0,0.0,0.0,0.0,0.0,0.0,0.0,0.0,0.0,0.0,0.0,0.0,0.0,0.0,0.0,0.0,0.0,0.0,0.0,0.0,0.0,0.0,0.0,0.0,0.0,0.0,0.0,0.0,0.0,0.0,0.0,0.0,0.0,0.0,0.0,0.0,0.0,0.0,0.0,0.0,0.0,0.0,0.0,0.0,0.0,0.0,0.0,0.0,0.0,0.0,0.0,0.0,0.0,0.0,0.0,0.0,0.0,0.0,0.0,0.0,0.0,0.0,0.0,0.0,0.0,0.0,0.0005183960849528676,1.1933885551320128e-13,-1.907791295224317e-6,3.377583228851879e-13,2.4533220088708294e-14,4.1601778798263067e-13,-1.3252083013374294e-11,-1.5631102374598653e-9,5.830478423828861e-14,9.325408567432527e-11,2.7386749201252442e-14,-9.186553508630009e-14,-2.6523948932086363e-13,-6.707021163286153e-14,1.9195322214291668e-12,9.755132213375098e-14,-1.367817220707037e-14,9.807181883271053e-13,-1.2106415980676583e-13,3.686964055857301e-8,0.00032320234693322474,1.0709016842019159e-14,-6.063370800709223e-12,-1.3405701956692384e-14,-1.4549953858949506e-13,2.68353970931959e-12,2.0650662806842348e-8,-8.94640767147068e-14,5.561981329166357e-12,-5.601671812790551e-10,-1.1095175669059736e-5,-5.438067012639094e-5,4.765165261191623e-13,4.694299201981311e-12,1.1940975305571301e-12,5.50528354903731e-12,0.0002961299628087052,-1.712693547988438e-14
0.0,0.0,0.0,0.0,0.0,0.0,0.0,0.0,0.0,0.0,0.0,0.0,0.0,0.0,0.0,0.0,0.0,0.0,0.0,0.0,0.0,0.0,0.0,0.0,0.0,0.0,0.0,0.0,0.0,0.0,0.0,0.0,0.0,0.0,0.0,0.0,0.0,0.0,0.0,0.0,0.0,0.0,0.0,0.0,0.0,0.0,0.0,0.0,0.0,0.0,0.0,0.0,0.0,0.0,0.0,0.0,0.0,0.0,0.0,0.0,0.0,0.0,0.0,0.0,0.0,0.0,0.0,0.0,0.0,0.0,0.0,0.0,0.0,0.0,0.0,0.0,0.0,0.0,0.0,0.0,0.0,0.0,0.0,0.0,0.0,0.0,0.0,0.0,0.0,0.0,0.0,0.0,0.0,0.0,0.0,0.0,0.0,0.0,0.0,0.0,0.0,0.0,0.0,0.0,0.0,0.0,0.0,0.0,0.0,0.0,0.0,0.0,0.0,0.0,0.0,0.0,0.0,0.0,0.0,0.0,0.0,0.0,0.0,0.0,0.0,0.0,0.0,0.0,0.0,0.0,0.0,0.0,0.0,0.0,0.0,0.0,0.0,0.0,0.0,0.0,0.0,0.0,0.0,0.0,0.0,0.0,0.0,0.0,0.0,0.0,0.0,0.0,0.0,0.0,0.0,0.0,0.0,0.0,0.0,0.0,0.0,0.0,0.0005109711495058234,-5.630785935527743e-14,-3.927684675274046e-10,-2.4274019024003996e-13,4.888089908033418e-15,-1.3351555265253126e-13,2.2739883048182256e-14,-1.4952308944071592e-12,1.0413442644177617e-14,8.878565744064995e-13,-9.167390795451497e-13,-2.5030625609541112e-12,-0.0003689100127249125,4.278090095697395e-14,-5.1008512933458e-13,-6.312644288101075e-13,-2.695503552760477e-9,-3.0437789885393835e-12,3.4431801640444143e-13,-7.065534267914479e-13,-1.1974390389884926e-12,-1.5419608695964054e-12,1.9197852068741818e-12,-2.2177312388978252e-13,-3.7075133855517106e-14,4.3810123333805905e-13,5.630970131876326e-13,8.341290827739226e-15,-1.4689397291165457e-12,-2.418365217334675e-14,-1.455304709552118e-13,5.070268691736857e-6,2.0593372618069984e-12,2.5228209474171376e-5,4.174191333679294e-13,9.72170212242159e-13,1.0640194944133512e-12
0.0,0.0,0.0,0.0,0.0,0.0,0.0,0.0,0.0,0.0,0.0,0.0,0.0,0.0,0.0,0.0,0.0,0.0,0.0,0.0,0.0,0.0,0.0,0.0,0.0,0.0,0.0,0.0,0.0,0.0,0.0,0.0,0.0,0.0,0.0,0.0,0.0,0.0,0.0,0.0,0.0,0.0,0.0,0.0,0.0,0.0,0.0,0.0,0.0,0.0,0.0,0.0,0.0,0.0,0.0,0.0,0.0,0.0,0.0,0.0,0.0,0.0,0.0,0.0,0.0,0.0,0.0,0.0,0.0,0.0,0.0,0.0,0.0,0.0,0.0,0.0,0.0,0.0,0.0,0.0,0.0,0.0,0.0,0.0,0.0,0.0,0.0,0.0,0.0,0.0,0.0,0.0,0.0,0.0,0.0,0.0,0.0,0.0,0.0,0.0,0.0,0.0,0.0,0.0,0.0,0.0,0.0,0.0,0.0,0.0,0.0,0.0,0.0,0.0,0.0,0.0,0.0,0.0,0.0,0.0,0.0,0.0,0.0,0.0,0.0,0.0,0.0,0.0,0.0,0.0,0.0,0.0,0.0,0.0,0.0,0.0,0.0,0.0,0.0,0.0,0.0,0.0,0.0,0.0,0.0,0.0,0.0,0.0,0.0,0.0,0.0,0.0,0.0,0.0,0.0,0.0,0.0,0.0,0.0,0.0,0.0,0.0,0.0,0.0005048940125196038,-1.4673091829441205e-13,-2.2092408516437923e-14,7.292863256399147e-10,3.993736218398356e-9,5.860300046311096e-7,-3.9563839989535153e-16,-3.45895484017575e-8,-2.0188815632768136e-14,-5.971928840841813e-14,-1.0727058853957507e-13,2.220694385647868e-13,-4.231615833801643e-11,-4.4648497830469566e-14,-6.103353356567752e-14,1.0067523417162937e-12,-3.105565563468182e-12,-1.3849531201968252e-5,2.2263715570850946e-7,-5.911168713888982e-14,-1.921352101985781e-12,-7.555106571448182e-15,-2.0209655443241876e-13,3.8198263395476844e-10,-7.758543766836196e-6,-2.898131985313804e-14,-2.2322510151670032e-12,-2.3961298641340576e-13,0.00014181884666750408,-6.342477469860791e-8,3.3898846875941486e-13,-4.966313722215371e-13,-4.752265552492353e-13,-5.121947299204408e-13,-5.139037253176984e-7,4.4701288512280715e-13
0.0,0.0,0.0,0.0,0.0,0.0,0.0,0.0,0.0,0.0,0.0,0.0,0.0,0.0,0.0,0.0,0.0,0.0,0.0,0.0,0.0,0.0,0.0,0.0,0.0,0.0,0.0,0.0,0.0,0.0,0.0,0.0,0.0,0.0,0.0,0.0,0.0,0.0,0.0,0.0,0.0,0.0,0.0,0.0,0.0,0.0,0.0,0.0,0.0,0.0,0.0,0.0,0.0,0.0,0.0,0.0,0.0,0.0,0.0,0.0,0.0,0.0,0.0,0.0,0.0,0.0,0.0,0.0,0.0,0.0,0.0,0.0,0.0,0.0,0.0,0.0,0.0,0.0,0.0,0.0,0.0,0.0,0.0,0.0,0.0,0.0,0.0,0.0,0.0,0.0,0.0,0.0,0.0,0.0,0.0,0.0,0.0,0.0,0.0,0.0,0.0,0.0,0.0,0.0,0.0,0.0,0.0,0.0,0.0,0.0,0.0,0.0,0.0,0.0,0.0,0.0,0.0,0.0,0.0,0.0,0.0,0.0,0.0,0.0,0.0,0.0,0.0,0.0,0.0,0.0,0.0,0.0,0.0,0.0,0.0,0.0,0.0,0.0,0.0,0.0,0.0,0.0,0.0,0.0,0.0,0.0,0.0,0.0,0.0,0.0,0.0,0.0,0.0,0.0,0.0,0.0,0.0,0.0,0.0,0.0,0.0,0.0,0.0,0.0,0.0005014462812169689,-1.1787850299097886e-11,8.698597455322109e-15,3.33720545445096e-14,-4.020041430544304e-14,-3.005109069396044e-10,-3.4517398181368326e-14,-4.4227626554650486e-13,-1.0006126375706156e-8,5.800715296277289e-7,4.392455000094773e-10,-7.332925707447867e-14,1.7119549101728315e-8,-2.5123079200803535e-8,7.5349938814771e-13,-8.79736155358688e-13,-4.781747259834016e-14,-1.3490134729231005e-13,-1.7433474885893324e-11,8.970901527410655e-13,3.0675023016670756e-12,3.0812459600260365e-7,2.728904977242852e-16,6.06312060983614e-14,-1.50753046410178e-11,-1.2073541522950049e-14,-5.052408066379257e-15,-1.3698429935155179e-14,-1.9011159626482765e-13,5.4367332992461516e-12,8.693268238818009e-13,1.6215483074877788e-11,-1.5372477988288507e-12,-8.322803331206927e-14,5.122335045193273e-14
0.0,0.0,0.0,0.0,0.0,0.0,0.0,0.0,0.0,0.0,0.0,0.0,0.0,0.0,0.0,0.0,0.0,0.0,0.0,0.0,0.0,0.0,0.0,0.0,0.0,0.0,0.0,0.0,0.0,0.0,0.0,0.0,0.0,0.0,0.0,0.0,0.0,0.0,0.0,0.0,0.0,0.0,0.0,0.0,0.0,0.0,0.0,0.0,0.0,0.0,0.0,0.0,0.0,0.0,0.0,0.0,0.0,0.0,0.0,0.0,0.0,0.0,0.0,0.0,0.0,0.0,0.0,0.0,0.0,0.0,0.0,0.0,0.0,0.0,0.0,0.0,0.0,0.0,0.0,0.0,0.0,0.0,0.0,0.0,0.0,0.0,0.0,0.0,0.0,0.0,0.0,0.0,0.0,0.0,0.0,0.0,0.0,0.0,0.0,0.0,0.0,0.0,0.0,0.0,0.0,0.0,0.0,0.0,0.0,0.0,0.0,0.0,0.0,0.0,0.0,0.0,0.0,0.0,0.0,0.0,0.0,0.0,0.0,0.0,0.0,0.0,0.0,0.0,0.0,0.0,0.0,0.0,0.0,0.0,0.0,0.0,0.0,0.0,0.0,0.0,0.0,0.0,0.0,0.0,0.0,0.0,0.0,0.0,0.0,0.0,0.0,0.0,0.0,0.0,0.0,0.0,0.0,0.0,0.0,0.0,0.0,0.0,0.0,0.0,0.0,0.0004766345379910191,5.332271092349794e-15,2.391157077912819e-14,-3.4789301709262204e-16,1.8949860805931456e-5,-2.7248703231701318e-15,8.925026029011801e-11,5.170906051712341e-7,-8.024074918181336e-9,3.367281528983189e-13,-9.546358584949481e-15,-2.861028112464916e-7,5.63817698402979e-8,3.663834426801287e-13,-9.080121014312835e-15,-4.515907264989096e-14,-7.01651019992142e-14,3.7122419559320826e-5,2.0264588041271028e-13,5.648696530786785e-9,-7.47484656267694e-9,4.7065311452506094e-15,-6.536264565365735e-14,2.1270332881484616e-5,-4.502380493946186e-15,-8.623496970761742e-14,-3.831214884908923e-14,1.6251137142010248e-13,-2.4474309880062426e-12,-3.0364019987077057e-13,-2.531777644771658e-13,1.674554168693774e-13,5.254773322044155e-14,2.764518576612865e-13
0.0,0.0,0.0,0.0,0.0,0.0,0.0,0.0,0.0,0.0,0.0,0.0,0.0,0.0,0.0,0.0,0.0,0.0,0.0,0.0,0.0,0.0,0.0,0.0,0.0,0.0,0.0,0.0,0.0,0.0,0.0,0.0,0.0,0.0,0.0,0.0,0.0,0.0,0.0,0.0,0.0,0.0,0.0,0.0,0.0,0.0,0.0,0.0,0.0,0.0,0.0,0.0,0.0,0.0,0.0,0.0,0.0,0.0,0.0,0.0,0.0,0.0,0.0,0.0,0.0,0.0,0.0,0.0,0.0,0.0,0.0,0.0,0.0,0.0,0.0,0.0,0.0,0.0,0.0,0.0,0.0,0.0,0.0,0.0,0.0,0.0,0.0,0.0,0.0,0.0,0.0,0.0,0.0,0.0,0.0,0.0,0.0,0.0,0.0,0.0,0.0,0.0,0.0,0.0,0.0,0.0,0.0,0.0,0.0,0.0,0.0,0.0,0.0,0.0,0.0,0.0,0.0,0.0,0.0,0.0,0.0,0.0,0.0,0.0,0.0,0.0,0.0,0.0,0.0,0.0,0.0,0.0,0.0,0.0,0.0,0.0,0.0,0.0,0.0,0.0,0.0,0.0,0.0,0.0,0.0,0.0,0.0,0.0,0.0,0.0,0.0,0.0,0.0,0.0,0.0,0.0,0.0,0.0,0.0,0.0,0.0,0.0,0.0,0.0,0.0,0.0,0.0004453135313891864,0.00010772354449875304,6.549390620900975e-7,-2.3435592459241842e-14,-1.0794600652722249e-5,2.9219636150740527e-15,2.1654045461982772e-14,-4.7690872116374655e-15,1.2681455293663543e-13,-4.383755767880471e-5,-3.57675262494034e-14,1.2283329680039598e-14,1.253166251018244e-13,-2.429044058634103e-12,-3.1090770778966307e-9,-5.375628254208336e-13,-1.2622601022959995e-14,2.33675180606903e-12,1.0440926159411076e-15,1.6619996628418342e-15,0.0002801551788886752,-2.5647089927197465e-9,-1.5623828591894106e-14,-6.854376944823739e-6,1.443060390887711e-12,-6.774455163001301e-11,1.472694225799423e-12,1.188515176136842e-13,7.910753844085644e-14,1.1759252499993526e-14,-1.1332911401946414e-13,4.8943178576420705e-12,-1.303697521638241e-13
0.0,0.0,0.0,0.0,0.0,0.0,0.0,0.0,0.0,0.0,0.0,0.0,0.0,0.0,0.0,0.0,0.0,0.0,0.0,0.0,0.0,0.0,0.0,0.0,0.0,0.0,0.0,0.0,0.0,0.0,0.0,0.0,0.0,0.0,0.0,0.0,0.0,0.0,0.0,0.0,0.0,0.0,0.0,0.0,0.0,0.0,0.0,0.0,0.0,0.0,0.0,0.0,0.0,0.0,0.0,0.0,0.0,0.0,0.0,0.0,0.0,0.0,0.0,0.0,0.0,0.0,0.0,0.0,0.0,0.0,0.0,0.0,0.0,0.0,0.0,0.0,0.0,0.0,0.0,0.0,0.0,0.0,0.0,0.0,0.0,0.0,0.0,0.0,0.0,0.0,0.0,0.0,0.0,0.0,0.0,0.0,0.0,0.0,0.0,0.0,0.0,0.0,0.0,0.0,0.0,0.0,0.0,0.0,0.0,0.0,0.0,0.0,0.0,0.0,0.0,0.0,0.0,0.0,0.0,0.0,0.0,0.0,0.0,0.0,0.0,0.0,0.0,0.0,0.0,0.0,0.0,0.0,0.0,0.0,0.0,0.0,0.0,0.0,0.0,0.0,0.0,0.0,0.0,0.0,0.0,0.0,0.0,0.0,0.0,0.0,0.0,0.0,0.0,0.0,0.0,0.0,0.0,0.0,0.0,0.0,0.0,0.0,0.0,0.0,0.0,0.0,0.0,0.0004189790535847032,3.6575265896242513e-6,-1.2069568919650417e-14,-6.025983877832975e-5,-3.3025597542023396e-15,1.990059797545103e-14,-3.1575159375158736e-14,-2.1111332937919157e-13,3.314041547885031e-6,1.751668080074874e-14,-4.826483460465896e-15,-9.700895110896124e-14,1.192957191362012e-12,-1.73191724473188e-8,-2.977791879495673e-12,1.00342926927101e-14,-1.6805962834083745e-13,7.589096661006542e-15,-4.034451792701604e-14,-1.169159750387212e-5,-1.4333386113925351e-8,-1.8591854837255708e-14,5.176897869151088e-7,-2.316835108150887e-13,-3.801094719021643e-10,2.7895827020528654e-12,-2.38210013197552e-14,5.881115930098653e-13,-1.331526339740752e-13,2.7038886659430066e-12,5.406289742424184e-13,1.5241641938426352e-12
0.0,0.0,0.0,0.0,0.0,0.0,0.0,0.0,0.0,0.0,0.0,0.0,0.0,0.0,0.0,0.0,0.0,0.0,0.0,0.0,0.0,0.0,0.0,0.0,0.0,0.0,0.0,0.0,0.0,0.0,0.0,0.0,0.0,0.0,0.0,0.0,0.0,0.0,0.0,0.0,0.0,0.0,0.0,0.0,0.0,0.0,0.0,0.0,0.0,0.0,0.0,0.0,0.0,0.0,0.0,0.0,0.0,0.0,0.0,0.0,0.0,0.0,0.0,0.0,0.0,0.0,0.0,0.0,0.0,0.0,0.0,0.0,0.0,0.0,0.0,0.0,0.0,0.0,0.0,0.0,0.0,0.0,0.0,0.0,0.0,0.0,0.0,0.0,0.0,0.0,0.0,0.0,0.0,0.0,0.0,0.0,0.0,0.0,0.0,0.0,0.0,0.0,0.0,0.0,0.0,0.0,0.0,0.0,0.0,0.0,0.0,0.0,0.0,0.0,0.0,0.0,0.0,0.0,0.0,0.0,0.0,0.0,0.0,0.0,0.0,0.0,0.0,0.0,0.0,0.0,0.0,0.0,0.0,0.0,0.0,0.0,0.0,0.0,0.0,0.0,0.0,0.0,0.0,0.0,0.0,0.0,0.0,0.0,0.0,0.0,0.0,0.0,0.0,0.0,0.0,0.0,0.0,0.0,0.0,0.0,0.0,0.0,0.0,0.0,0.0,0.0,0.0,0.0,0.00041126614849986104,-1.7988627433912845e-14,-3.318809105373932e-5,-6.854679570549949e-16,-1.0054368722948311e-13,-6.254515334262566e-14,-1.9869221516602992e-13,-8.815766565212507e-9,-3.2361329345639375e-14,-4.6183105175787184e-14,-8.33558564795911e-14,-2.6384414203384126e-12,-2.7073865980514585e-6,-9.437165551020327e-11,1.0003097361313131e-14,3.762356188401265e-12,-5.339712810621631e-15,-4.596238025836537e-15,3.10414899972101e-8,-2.2419904624088702e-6,4.692232647389503e-14,-1.3808435615065725e-9,-2.5086073296234887e-12,-5.942442414000322e-8,2.7100958159833518e-11,-9.265710473696565e-13,9.725747208606732e-13,5.583767186543038e-14,1.8956256202044713e-13,2.147963046779176e-10,7.939358827317288e-13
0.0,0.0,0.0,0.0,0.0,0.0,0.0,0.0,0.0,0.0,0.0,0.0,0.0,0.0,0.0,0.0,0.0,0.0,0.0,0.0,0.0,0.0,0.0,0.0,0.0,0.0,0.0,0.0,0.0,0.0,0.0,0.0,0.0,0.0,0.0,0.0,0.0,0.0,0.0,0.0,0.0,0.0,0.0,0.0,0.0,0.0,0.0,0.0,0.0,0.0,0.0,0.0,0.0,0.0,0.0,0.0,0.0,0.0,0.0,0.0,0.0,0.0,0.0,0.0,0.0,0.0,0.0,0.0,0.0,0.0,0.0,0.0,0.0,0.0,0.0,0.0,0.0,0.0,0.0,0.0,0.0,0.0,0.0,0.0,0.0,0.0,0.0,0.0,0.0,0.0,0.0,0.0,0.0,0.0,0.0,0.0,0.0,0.0,0.0,0.0,0.0,0.0,0.0,0.0,0.0,0.0,0.0,0.0,0.0,0.0,0.0,0.0,0.0,0.0,0.0,0.0,0.0,0.0,0.0,0.0,0.0,0.0,0.0,0.0,0.0,0.0,0.0,0.0,0.0,0.0,0.0,0.0,0.0,0.0,0.0,0.0,0.0,0.0,0.0,0.0,0.0,0.0,0.0,0.0,0.0,0.0,0.0,0.0,0.0,0.0,0.0,0.0,0.0,0.0,0.0,0.0,0.0,0.0,0.0,0.0,0.0,0.0,0.0,0.0,0.0,0.0,0.0,0.0,0.0,0.00041092916955834304,5.823060913097331e-14,1.0551921938372126e-13,1.6028920958766937e-5,-2.488614451214056e-7,-4.877191595978726e-12,-5.172162653767194e-15,-8.86925520598763e-6,1.7478796997394328e-6,-3.86152097568272e-12,-9.227202770868378e-13,6.143566394989752e-14,3.0255856048259535e-14,3.0181135250967562e-5,8.757170783640262e-13,-8.208724441903044e-11,-2.3170568171099766e-7,6.882372938131205e-15,5.4985426182671406e-14,2.4985969001923852e-5,-3.707268397962759e-15,-7.035046979733527e-14,-8.489606805400617e-14,-1.9450242493245923e-13,-1.0564647022190398e-12,-2.6790252267268044e-13,1.4846900013253966e-12,-8.181594856070075e-13,-1.0368286211251478e-13,-1.4476885840706577e-14
0.0,0.0,0.0,0.0,0.0,0.0,0.0,0.0,0.0,0.0,0.0,0.0,0.0,0.0,0.0,0.0,0.0,0.0,0.0,0.0,0.0,0.0,0.0,0.0,0.0,0.0,0.0,0.0,0.0,0.0,0.0,0.0,0.0,0.0,0.0,0.0,0.0,0.0,0.0,0.0,0.0,0.0,0.0,0.0,0.0,0.0,0.0,0.0,0.0,0.0,0.0,0.0,0.0,0.0,0.0,0.0,0.0,0.0,0.0,0.0,0.0,0.0,0.0,0.0,0.0,0.0,0.0,0.0,0.0,0.0,0.0,0.0,0.0,0.0,0.0,0.0,0.0,0.0,0.0,0.0,0.0,0.0,0.0,0.0,0.0,0.0,0.0,0.0,0.0,0.0,0.0,0.0,0.0,0.0,0.0,0.0,0.0,0.0,0.0,0.0,0.0,0.0,0.0,0.0,0.0,0.0,0.0,0.0,0.0,0.0,0.0,0.0,0.0,0.0,0.0,0.0,0.0,0.0,0.0,0.0,0.0,0.0,0.0,0.0,0.0,0.0,0.0,0.0,0.0,0.0,0.0,0.0,0.0,0.0,0.0,0.0,0.0,0.0,0.0,0.0,0.0,0.0,0.0,0.0,0.0,0.0,0.0,0.0,0.0,0.0,0.0,0.0,0.0,0.0,0.0,0.0,0.0,0.0,0.0,0.0,0.0,0.0,0.0,0.0,0.0,0.0,0.0,0.0,0.0,0.0,0.0003987602101522246,-9.489695223901983e-15,-4.964480625450915e-14,-5.789459815633096e-14,2.7659460331549415e-13,1.487259723689076e-7,5.19605904943904e-15,6.425303181083494e-14,-2.8947654347946824e-13,-8.871584488393772e-14,-6.319468144961877e-8,1.0340217628133184e-12,5.070414011745226e-14,-1.250774044701963e-12,-2.955017462459404e-15,-4.644575337264831e-14,-5.244736619016807e-7,-5.232595925306435e-8,-3.865955684008718e-14,2.3216419705814802e-8,-3.859379677311905e-12,-1.3954885751931749e-9,8.752508697558082e-12,6.617306157496653e-13,-2.1644446246632257e-13,2.3451427904196e-13,1.7738834415816895e-12,-1.7524660883567084e-12,-1.2040417959180033e-13
0.0,0.0,0.0,0.0,0.0,0.0,0.0,0.0,0.0,0.0,0.0,0.0,0.0,0.0,0.0,0.0,0.0,0.0,0.0,0.0,0.0,0.0,0.0,0.0,0.0,0.0,0.0,0.0,0.0,0.0,0.0,0.0,0.0,0.0,0.0,0.0,0.0,0.0,0.0,0.0,0.0,0.0,0.0,0.0,0.0,0.0,0.0,0.0,0.0,0.0,0.0,0.0,0.0,0.0,0.0,0.0,0.0,0.0,0.0,0.0,0.0,0.0,0.0,0.0,0.0,0.0,0.0,0.0,0.0,0.0,0.0,0.0,0.0,0.0,0.0,0.0,0.0,0.0,0.0,0.0,0.0,0.0,0.0,0.0,0.0,0.0,0.0,0.0,0.0,0.0,0.0,0.0,0.0,0.0,0.0,0.0,0.0,0.0,0.0,0.0,0.0,0.0,0.0,0.0,0.0,0.0,0.0,0.0,0.0,0.0,0.0,0.0,0.0,0.0,0.0,0.0,0.0,0.0,0.0,0.0,0.0,0.0,0.0,0.0,0.0,0.0,0.0,0.0,0.0,0.0,0.0,0.0,0.0,0.0,0.0,0.0,0.0,0.0,0.0,0.0,0.0,0.0,0.0,0.0,0.0,0.0,0.0,0.0,0.0,0.0,0.0,0.0,0.0,0.0,0.0,0.0,0.0,0.0,0.0,0.0,0.0,0.0,0.0,0.0,0.0,0.0,0.0,0.0,0.0,0.0,0.0,0.0003948392002264096,-5.734590778185994e-12,5.189916259198503e-12,1.5495174716142088e-12,6.864826947687478e-16,-4.24846050210428e-12,3.728435274678269e-12,-1.8649064242865055e-13,-9.519000937311166e-14,1.2586125789104759e-15,1.4057156629805823e-14,-5.348014555196659e-12,-1.8803006484950333e-13,8.221905147589469e-7,2.0579526278458895e-12,-1.7513348494397308e-15,2.5146790129214977e-15,2.2147625692739327e-12,-1.7133172920852435e-15,1.3915586930989315e-14,-6.837522895477912e-15,4.422127002509526e-14,-4.888326094636048e-13,1.9355329447056368e-13,5.90394459757324e-13,2.2790066993074156e-13,5.2150283498658185e-17,-4.237216733141951e-13
0.0,0.0,0.0,0.0,0.0,0.0,0.0,0.0,0.0,0.0,0.0,0.0,0.0,0.0,0.0,0.0,0.0,0.0,0.0,0.0,0.0,0.0,0.0,0.0,0.0,0.0,0.0,0.0,0.0,0.0,0.0,0.0,0.0,0.0,0.0,0.0,0.0,0.0,0.0,0.0,0.0,0.0,0.0,0.0,0.0,0.0,0.0,0.0,0.0,0.0,0.0,0.0,0.0,0.0,0.0,0.0,0.0,0.0,0.0,0.0,0.0,0.0,0.0,0.0,0.0,0.0,0.0,0.0,0.0,0.0,0.0,0.0,0.0,0.0,0.0,0.0,0.0,0.0,0.0,0.0,0.0,0.0,0.0,0.0,0.0,0.0,0.0,0.0,0.0,0.0,0.0,0.0,0.0,0.0,0.0,0.0,0.0,0.0,0.0,0.0,0.0,0.0,0.0,0.0,0.0,0.0,0.0,0.0,0.0,0.0,0.0,0.0,0.0,0.0,0.0,0.0,0.0,0.0,0.0,0.0,0.0,0.0,0.0,0.0,0.0,0.0,0.0,0.0,0.0,0.0,0.0,0.0,0.0,0.0,0.0,0.0,0.0,0.0,0.0,0.0,0.0,0.0,0.0,0.0,0.0,0.0,0.0,0.0,0.0,0.0,0.0,0.0,0.0,0.0,0.0,0.0,0.0,0.0,0.0,0.0,0.0,0.0,0.0,0.0,0.0,0.0,0.0,0.0,0.0,0.0,0.0,0.0,0.000393438792789055,-8.584511247043172e-6,-2.462907805733748e-12,-3.674016806484859e-14,-0.00028551983220729844,6.0056463530889286e-5,1.8180206842047608e-12,1.2747049333860007e-13,-4.7736223559604356e-14,7.518752909526653e-15,-3.6718036214909704e-7,-3.829001483329997e-13,-2.772966352964219e-12,-7.993094022655951e-6,-2.286042320819326e-14,-4.779598001408056e-14,-3.0272486201067093e-7,-1.5024031864440112e-14,-1.0717799079046507e-13,-1.4933878093496712e-13,1.5395526621420927e-13,4.3298330203909634e-12,2.178207907815862e-12,-5.984017080495013e-13,2.1543918487134686e-13,1.2916283237994012e-13,5.387752352741921e-13
0.0,0.0,0.0,0.0,0.0,0.0,0.0,0.0,0.0,0.0,0.0,0.0,0.0,0.0,0.0,0.0,0.0,0.0,0.0,0.0,0.0,0.0,0.0,0.0,0.0,0.0,0.0,0.0,0.0,0.0,0.0,0.0,0.0,0.0,0.0,0.0,0.0,0.0,0.0,0.0,0.0,0.0,0.0,0.0,0.0,0.0,0.0,0.0,0.0,0.0,0.0,0.0,0.0,0.0,0.0,0.0,0.0,0.0,0.0,0.0,0.0,0.0,0.0,0.0,0.0,0.0,0.0,0.0,0.0,0.0,0.0,0.0,0.0,0.0,0.0,0.0,0.0,0.0,0.0,0.0,0.0,0.0,0.0,0.0,0.0,0.0,0.0,0.0,0.0,0.0,0.0,0.0,0.0,0.0,0.0,0.0,0.0,0.0,0.0,0.0,0.0,0.0,0.0,0.0,0.0,0.0,0.0,0.0,0.0,0.0,0.0,0.0,0.0,0.0,0.0,0.0,0.0,0.0,0.0,0.0,0.0,0.0,0.0,0.0,0.0,0.0,0.0,0.0,0.0,0.0,0.0,0.0,0.0,0.0,0.0,0.0,0.0,0.0,0.0,0.0,0.0,0.0,0.0,0.0,0.0,0.0,0.0,0.0,0.0,0.0,0.0,0.0,0.0,0.0,0.0,0.0,0.0,0.0,0.0,0.0,0.0,0.0,0.0,0.0,0.0,0.0,0.0,0.0,0.0,0.0,0.0,0.0,0.0,0.0003717609266361957,-1.7419256313458162e-12,-3.016279261722155e-14,8.973516972312803e-6,-2.145037482411963e-5,1.652825688989152e-12,-9.028065869767226e-13,8.049806877491493e-14,-1.1199060946233587e-13,-2.4448707034957483e-9,6.05903863724845e-14,-2.7336431875399424e-12,0.00024082213696820603,-3.0027262460274085e-14,1.349771816410843e-13,-2.0195003696418665e-9,-1.5985984190728644e-14,2.5835767292252806e-13,-3.232706191420037e-14,1.8081704258820394e-14,4.212630980522744e-13,-6.570885230772301e-13,8.801922107978045e-12,1.3634689137190207e-12,-3.9870550344332514e-13,2.8603964328404946e-12
0.0,0.0,0.0,0.0,0.0,0.0,0.0,0.0,0.0,0.0,0.0,0.0,0.0,0.0,0.0,0.0,0.0,0.0,0.0,0.0,0.0,0.0,0.0,0.0,0.0,0.0,0.0,0.0,0.0,0.0,0.0,0.0,0.0,0.0,0.0,0.0,0.0,0.0,0.0,0.0,0.0,0.0,0.0,0.0,0.0,0.0,0.0,0.0,0.0,0.0,0.0,0.0,0.0,0.0,0.0,0.0,0.0,0.0,0.0,0.0,0.0,0.0,0.0,0.0,0.0,0.0,0.0,0.0,0.0,0.0,0.0,0.0,0.0,0.0,0.0,0.0,0.0,0.0,0.0,0.0,0.0,0.0,0.0,0.0,0.0,0.0,0.0,0.0,0.0,0.0,0.0,0.0,0.0,0.0,0.0,0.0,0.0,0.0,0.0,0.0,0.0,0.0,0.0,0.0,0.0,0.0,0.0,0.0,0.0,0.0,0.0,0.0,0.0,0.0,0.0,0.0,0.0,0.0,0.0,0.0,0.0,0.0,0.0,0.0,0.0,0.0,0.0,0.0,0.0,0.0,0.0,0.0,0.0,0.0,0.0,0.0,0.0,0.0,0.0,0.0,0.0,0.0,0.0,0.0,0.0,0.0,0.0,0.0,0.0,0.0,0.0,0.0,0.0,0.0,0.0,0.0,0.0,0.0,0.0,0.0,0.0,0.0,0.0,0.0,0.0,0.0,0.0,0.0,0.0,0.0,0.0,0.0,0.0,0.0,0.0003530762728872535,5.515302924464408e-14,-9.370618670456801e-12,9.731178329994831e-13,-6.905399549947608e-10,-6.138424787301037e-12,9.890015287126901e-13,-2.0948249217613183e-12,3.2511764655834213e-13,-1.1107463357527665e-12,4.666369898821621e-13,3.0581850219946734e-12,-4.047954677942986e-14,6.897797288483859e-13,7.115420563938378e-13,-2.8074505423098507e-13,-3.955071307836373e-12,-1.5492311191376693e-12,1.172380744820375e-13,1.2820552131559255e-6,1.7948431244894961e-12,6.378857505874886e-6,1.988887468386768e-12,2.5511379928008536e-14,4.1367167940625e-13
0.0,0.0,0.0,0.0,0.0,0.0,0.0,0.0,0.0,0.0,0.0,0.0,0.0,0.0,0.0,0.0,0.0,0.0,0.0,0.0,0.0,0.0,0.0,0.0,0.0,0.0,0.0,0.0,0.0,0.0,0.0,0.0,0.0,0.0,0.0,0.0,0.0,0.0,0.0,0.0,0.0,0.0,0.0,0.0,0.0,0.0,0.0,0.0,0.0,0.0,0.0,0.0,0.0,0.0,0.0,0.0,0.0,0.0,0.0,0.0,0.0,0.0,0.0,0.0,0.0,0.0,0.0,0.0,0.0,0.0,0.0,0.0,0.0,0.0,0.0,0.0,0.0,0.0,0.0,0.0,0.0,0.0,0.0,0.0,0.0,0.0,0.0,0.0,0.0,0.0,0.0,0.0,0.0,0.0,0.0,0.0,0.0,0.0,0.0,0.0,0.0,0.0,0.0,0.0,0.0,0.0,0.0,0.0,0.0,0.0,0.0,0.0,0.0,0.0,0.0,0.0,0.0,0.0,0.0,0.0,0.0,0.0,0.0,0.0,0.0,0.0,0.0,0.0,0.0,0.0,0.0,0.0,0.0,0.0,0.0,0.0,0.0,0.0,0.0,0.0,0.0,0.0,0.0,0.0,0.0,0.0,0.0,0.0,0.0,0.0,0.0,0.0,0.0,0.0,0.0,0.0,0.0,0.0,0.0,0.0,0.0,0.0,0.0,0.0,0.0,0.0,0.0,0.0,0.0,0.0,0.0,0.0,0.0,0.0,0.0,0.0002921258944318611,-1.1405007440190886e-13,2.625558235198307e-14,1.1573090676679128e-12,-3.821413745807028e-12,2.797299866994696e-12,1.440715861085574e-11,1.1422658521376414e-14,2.8600617252314882e-12,6.3869525497479815e-15,3.8163710329513435e-14,-1.4921775880985165e-5,8.240560589364993e-12,-2.0538658833574723e-14,3.0347415970762575e-5,-7.328824568304473e-12,-4.665464320729897e-12,2.8895346307818862e-12,2.9051673887928767e-13,-1.9504800837275496e-12,-2.2676390648726868e-13,-1.6071092524962691e-12,8.807126642816239e-12,-3.178785420604983e-13
0.0,0.0,0.0,0.0,0.0,0.0,0.0,0.0,0.0,0.0,0.0,0.0,0.0,0.0,0.0,0.0,0.0,0.0,0.0,0.0,0.0,0.0,0.0,0.0,0.0,0.0,0.0,0.0,0.0,0.0,0.0,0.0,0.0,0.0,0.0,0.0,0.0,0.0,0.0,0.0,0.0,0.0,0.0,0.0,0.0,0.0,0.0,0.0,0.0,0.0,0.0,0.0,0.0,0.0,0.0,0.0,0.0,0.0,0.0,0.0,0.0,0.0,0.0,0.0,0.0,0.0,0.0,0.0,0.0,0.0,0.0,0.0,0.0,0.0,0.0,0.0,0.0,0.0,0.0,0.0,0.0,0.0,0.0,0.0,0.0,0.0,0.0,0.0,0.0,0.0,0.0,0.0,0.0,0.0,0.0,0.0,0.0,0.0,0.0,0.0,0.0,0.0,0.0,0.0,0.0,0.0,0.0,0.0,0.0,0.0,0.0,0.0,0.0,0.0,0.0,0.0,0.0,0.0,0.0,0.0,0.0,0.0,0.0,0.0,0.0,0.0,0.0,0.0,0.0,0.0,0.0,0.0,0.0,0.0,0.0,0.0,0.0,0.0,0.0,0.0,0.0,0.0,0.0,0.0,0.0,0.0,0.0,0.0,0.0,0.0,0.0,0.0,0.0,0.0,0.0,0.0,0.0,0.0,0.0,0.0,0.0,0.0,0.0,0.0,0.0,0.0,0.0,0.0,0.0,0.0,0.0,0.0,0.0,0.0,0.0,0.0,0.00025487613697906797,-8.867681180390619e-5,3.405158182406075e-12,-5.475213351939838e-13,-5.4445734470177674e-14,-1.305282772894629e-13,-9.762758255434645e-8,1.10038352768191e-12,-3.322119499973694e-12,3.708017517984597e-6,-5.549294267035598e-14,-1.364499267556736e-13,-8.048496251522942e-8,-6.266038829745996e-14,-5.174484952142597e-13,-3.844580004363754e-13,3.1130930312154655e-13,1.3027322843035543e-11,2.792403682535275e-12,2.31583898396152e-12,5.809675934008094e-13,-4.2083346061885595e-14,7.110149841096245e-13
0.0,0.0,0.0,0.0,0.0,0.0,0.0,0.0,0.0,0.0,0.0,0.0,0.0,0.0,0.0,0.0,0.0,0.0,0.0,0.0,0.0,0.0,0.0,0.0,0.0,0.0,0.0,0.0,0.0,0.0,0.0,0.0,0.0,0.0,0.0,0.0,0.0,0.0,0.0,0.0,0.0,0.0,0.0,0.0,0.0,0.0,0.0,0.0,0.0,0.0,0.0,0.0,0.0,0.0,0.0,0.0,0.0,0.0,0.0,0.0,0.0,0.0,0.0,0.0,0.0,0.0,0.0,0.0,0.0,0.0,0.0,0.0,0.0,0.0,0.0,0.0,0.0,0.0,0.0,0.0,0.0,0.0,0.0,0.0,0.0,0.0,0.0,0.0,0.0,0.0,0.0,0.0,0.0,0.0,0.0,0.0,0.0,0.0,0.0,0.0,0.0,0.0,0.0,0.0,0.0,0.0,0.0,0.0,0.0,0.0,0.0,0.0,0.0,0.0,0.0,0.0,0.0,0.0,0.0,0.0,0.0,0.0,0.0,0.0,0.0,0.0,0.0,0.0,0.0,0.0,0.0,0.0,0.0,0.0,0.0,0.0,0.0,0.0,0.0,0.0,0.0,0.0,0.0,0.0,0.0,0.0,0.0,0.0,0.0,0.0,0.0,0.0,0.0,0.0,0.0,0.0,0.0,0.0,0.0,0.0,0.0,0.0,0.0,0.0,0.0,0.0,0.0,0.0,0.0,0.0,0.0,0.0,0.0,0.0,0.0,0.0,0.0,0.0001781464811224583,3.2822188367101615e-12,7.669135299055512e-14,7.540523394135631e-14,9.173822350015158e-14,-1.352623113109784e-8,1.843102556255929e-12,7.0871037699306625e-12,-1.0826286792467058e-5,-3.2283430087165877e-14,1.4796966681472408e-13,-1.1165461013338983e-8,-2.438408123102131e-14,-4.664492433607664e-13,-5.2380609506279094e-14,-2.498038009563956e-14,6.00144538333525e-13,2.0416069803663105e-12,3.1010069082471932e-12,-1.3923071565515022e-12,3.9798082556747635e-13,2.604600775587848e-12
0.0,0.0,0.0,0.0,0.0,0.0,0.0,0.0,0.0,0.0,0.0,0.0,0.0,0.0,0.0,0.0,0.0,0.0,0.0,0.0,0.0,0.0,0.0,0.0,0.0,0.0,0.0,0.0,0.0,0.0,0.0,0.0,0.0,0.0,0.0,0.0,0.0,0.0,0.0,0.0,0.0,0.0,0.0,0.0,0.0,0.0,0.0,0.0,0.0,0.0,0.0,0.0,0.0,0.0,0.0,0.0,0.0,0.0,0.0,0.0,0.0,0.0,0.0,0.0,0.0,0.0,0.0,0.0,0.0,0.0,0.0,0.0,0.0,0.0,0.0,0.0,0.0,0.0,0.0,0.0,0.0,0.0,0.0,0.0,0.0,0.0,0.0,0.0,0.0,0.0,0.0,0.0,0.0,0.0,0.0,0.0,0.0,0.0,0.0,0.0,0.0,0.0,0.0,0.0,0.0,0.0,0.0,0.0,0.0,0.0,0.0,0.0,0.0,0.0,0.0,0.0,0.0,0.0,0.0,0.0,0.0,0.0,0.0,0.0,0.0,0.0,0.0,0.0,0.0,0.0,0.0,0.0,0.0,0.0,0.0,0.0,0.0,0.0,0.0,0.0,0.0,0.0,0.0,0.0,0.0,0.0,0.0,0.0,0.0,0.0,0.0,0.0,0.0,0.0,0.0,0.0,0.0,0.0,0.0,0.0,0.0,0.0,0.0,0.0,0.0,0.0,0.0,0.0,0.0,0.0,0.0,0.0,0.0,0.0,0.0,0.0,0.0,0.0,0.00015861982414901944,5.120847872888753e-12,-1.6432087315028189e-12,3.932405458575055e-12,-3.20760503531629e-13,-2.5859298259246457e-12,3.8114945050745666e-13,-7.306291462730169e-12,3.271425618983929e-13,-1.081225876980336e-12,1.4325452103387276e-12,6.1676006113291e-14,-9.14997295173302e-12,-3.523841477457239e-12,4.937267605878652e-12,-2.446478930589816e-6,1.2059124871464305e-9,-3.413356171761435e-7,2.5800529794043682e-12,-6.896636218722995e-13,7.539168045384152e-9
0.0,0.0,0.0,0.0,0.0,0.0,0.0,0.0,0.0,0.0,0.0,0.0,0.0,0.0,0.0,0.0,0.0,0.0,0.0,0.0,0.0,0.0,0.0,0.0,0.0,0.0,0.0,0.0,0.0,0.0,0.0,0.0,0.0,0.0,0.0,0.0,0.0,0.0,0.0,0.0,0.0,0.0,0.0,0.0,0.0,0.0,0.0,0.0,0.0,0.0,0.0,0.0,0.0,0.0,0.0,0.0,0.0,0.0,0.0,0.0,0.0,0.0,0.0,0.0,0.0,0.0,0.0,0.0,0.0,0.0,0.0,0.0,0.0,0.0,0.0,0.0,0.0,0.0,0.0,0.0,0.0,0.0,0.0,0.0,0.0,0.0,0.0,0.0,0.0,0.0,0.0,0.0,0.0,0.0,0.0,0.0,0.0,0.0,0.0,0.0,0.0,0.0,0.0,0.0,0.0,0.0,0.0,0.0,0.0,0.0,0.0,0.0,0.0,0.0,0.0,0.0,0.0,0.0,0.0,0.0,0.0,0.0,0.0,0.0,0.0,0.0,0.0,0.0,0.0,0.0,0.0,0.0,0.0,0.0,0.0,0.0,0.0,0.0,0.0,0.0,0.0,0.0,0.0,0.0,0.0,0.0,0.0,0.0,0.0,0.0,0.0,0.0,0.0,0.0,0.0,0.0,0.0,0.0,0.0,0.0,0.0,0.0,0.0,0.0,0.0,0.0,0.0,0.0,0.0,0.0,0.0,0.0,0.0,0.0,0.0,0.0,0.0,0.0,0.0,0.0001546562217898547,-2.502969355177047e-12,2.4045988012380853e-11,7.594590288589282e-13,6.135605860819124e-6,4.744977339780285e-13,5.897091025993869e-12,7.573376026368595e-12,-4.546974335987243e-12,-1.3387251135025085e-14,1.0512182499634904e-12,5.562575287955138e-9,-6.242090009137052e-12,-1.6120136127462817e-12,6.3440025670890194e-12,1.0369833101305526e-6,1.3684362703370987e-13,-1.3555525542756076e-5,7.373577235296354e-12,5.915221444142828e-9
0.0,0.0,0.0,0.0,0.0,0.0,0.0,0.0,0.0,0.0,0.0,0.0,0.0,0.0,0.0,0.0,0.0,0.0,0.0,0.0,0.0,0.0,0.0,0.0,0.0,0.0,0.0,0.0,0.0,0.0,0.0,0.0,0.0,0.0,0.0,0.0,0.0,0.0,0.0,0.0,0.0,0.0,0.0,0.0,0.0,0.0,0.0,0.0,0.0,0.0,0.0,0.0,0.0,0.0,0.0,0.0,0.0,0.0,0.0,0.0,0.0,0.0,0.0,0.0,0.0,0.0,0.0,0.0,0.0,0.0,0.0,0.0,0.0,0.0,0.0,0.0,0.0,0.0,0.0,0.0,0.0,0.0,0.0,0.0,0.0,0.0,0.0,0.0,0.0,0.0,0.0,0.0,0.0,0.0,0.0,0.0,0.0,0.0,0.0,0.0,0.0,0.0,0.0,0.0,0.0,0.0,0.0,0.0,0.0,0.0,0.0,0.0,0.0,0.0,0.0,0.0,0.0,0.0,0.0,0.0,0.0,0.0,0.0,0.0,0.0,0.0,0.0,0.0,0.0,0.0,0.0,0.0,0.0,0.0,0.0,0.0,0.0,0.0,0.0,0.0,0.0,0.0,0.0,0.0,0.0,0.0,0.0,0.0,0.0,0.0,0.0,0.0,0.0,0.0,0.0,0.0,0.0,0.0,0.0,0.0,0.0,0.0,0.0,0.0,0.0,0.0,0.0,0.0,0.0,0.0,0.0,0.0,0.0,0.0,0.0,0.0,0.0,0.0,0.0,0.0,0.00013862683219823378,6.58806626975028e-9,9.880373896473407e-15,3.5605468366627733e-12,-1.3425070225585987e-14,-1.206982151804272e-13,-8.226401297501311e-11,9.017447842246429e-5,-2.5230408131646107e-14,-1.9567581582392866e-11,-5.215316604579545e-12,4.163568630158645e-6,-1.8691322209971126e-9,8.527140129506044e-14,5.190840521490356e-12,2.152844445767371e-13,3.2340141752498278e-12,-1.5176656616554244e-8,-6.632801344772228e-12
0.0,0.0,0.0,0.0,0.0,0.0,0.0,0.0,0.0,0.0,0.0,0.0,0.0,0.0,0.0,0.0,0.0,0.0,0.0,0.0,0.0,0.0,0.0,0.0,0.0,0.0,0.0,0.0,0.0,0.0,0.0,0.0,0.0,0.0,0.0,0.0,0.0,0.0,0.0,0.0,0.0,0.0,0.0,0.0,0.0,0.0,0.0,0.0,0.0,0.0,0.0,0.0,0.0,0.0,0.0,0.0,0.0,0.0,0.0,0.0,0.0,0.0,0.0,0.0,0.0,0.0,0.0,0.0,0.0,0.0,0.0,0.0,0.0,0.0,0.0,0.0,0.0,0.0,0.0,0.0,0.0,0.0,0.0,0.0,0.0,0.0,0.0,0.0,0.0,0.0,0.0,0.0,0.0,0.0,0.0,0.0,0.0,0.0,0.0,0.0,0.0,0.0,0.0,0.0,0.0,0.0,0.0,0.0,0.0,0.0,0.0,0.0,0.0,0.0,0.0,0.0,0.0,0.0,0.0,0.0,0.0,0.0,0.0,0.0,0.0,0.0,0.0,0.0,0.0,0.0,0.0,0.0,0.0,0.0,0.0,0.0,0.0,0.0,0.0,0.0,0.0,0.0,0.0,0.0,0.0,0.0,0.0,0.0,0.0,0.0,0.0,0.0,0.0,0.0,0.0,0.0,0.0,0.0,0.0,0.0,0.0,0.0,0.0,0.0,0.0,0.0,0.0,0.0,0.0,0.0,0.0,0.0,0.0,0.0,0.0,0.0,0.0,0.0,0.0,0.0,0.0,0.00013633408067528064,1.7743623275052668e-13,1.3027936682482897e-11,-6.567674299008857e-14,-3.4137085197454926e-13,-1.7873201826847605e-12,-5.828185975678055e-10,7.300363901501544e-14,1.6409697935370913e-11,-5.521813028388628e-10,4.563484979380218e-6,-5.3999559407862585e-5,-3.5674706845595142e-12,-1.306456484320868e-11,1.7710532182369962e-13,3.725700697853069e-12,-7.624944661307565e-5,4.4355059968670365e-12
0.0,0.0,0.0,0.0,0.0,0.0,0.0,0.0,0.0,0.0,0.0,0.0,0.0,0.0,0.0,0.0,0.0,0.0,0.0,0.0,0.0,0.0,0.0,0.0,0.0,0.0,0.0,0.0,0.0,0.0,0.0,0.0,0.0,0.0,0.0,0.0,0.0,0.0,0.0,0.0,0.0,0.0,0.0,0.0,0.0,0.0,0.0,0.0,0.0,0.0,0.0,0.0,0.0,0.0,0.0,0.0,0.0,0.0,0.0,0.0,0.0,0.0,0.0,0.0,0.0,0.0,0.0,0.0,0.0,0.0,0.0,0.0,0.0,0.0,0.0,0.0,0.0,0.0,0.0,0.0,0.0,0.0,0.0,0.0,0.0,0.0,0.0,0.0,0.0,0.0,0.0,0.0,0.0,0.0,0.0,0.0,0.0,0.0,0.0,0.0,0.0,0.0,0.0,0.0,0.0,0.0,0.0,0.0,0.0,0.0,0.0,0.0,0.0,0.0,0.0,0.0,0.0,0.0,0.0,0.0,0.0,0.0,0.0,0.0,0.0,0.0,0.0,0.0,0.0,0.0,0.0,0.0,0.0,0.0,0.0,0.0,0.0,0.0,0.0,0.0,0.0,0.0,0.0,0.0,0.0,0.0,0.0,0.0,0.0,0.0,0.0,0.0,0.0,0.0,0.0,0.0,0.0,0.0,0.0,0.0,0.0,0.0,0.0,0.0,0.0,0.0,0.0,0.0,0.0,0.0,0.0,0.0,0.0,0.0,0.0,0.0,0.0,0.0,0.0,0.0,0.0,0.0,0.00012932849998329953,-1.1219901011792702e-12,-4.5778332123084625e-10,-3.309915654886745e-10,1.3370258590018276e-14,-1.1313079440502775e-13,8.421433659773261e-5,5.4104813921802136e-15,8.732411017761544e-13,3.632551579884383e-13,-2.169960509158771e-13,5.710040034219607e-12,-8.888880795661966e-13,1.643911946560467e-12,3.053198198822842e-13,-3.14939508911402e-13,-3.6138386661303385e-12
0.0,0.0,0.0,0.0,0.0,0.0,0.0,0.0,0.0,0.0,0.0,0.0,0.0,0.0,0.0,0.0,0.0,0.0,0.0,0.0,0.0,0.0,0.0,0.0,0.0,0.0,0.0,0.0,0.0,0.0,0.0,0.0,0.0,0.0,0.0,0.0,0.0,0.0,0.0,0.0,0.0,0.0,0.0,0.0,0.0,0.0,0.0,0.0,0.0,0.0,0.0,0.0,0.0,0.0,0.0,0.0,0.0,0.0,0.0,0.0,0.0,0.0,0.0,0.0,0.0,0.0,0.0,0.0,0.0,0.0,0.0,0.0,0.0,0.0,0.0,0.0,0.0,0.0,0.0,0.0,0.0,0.0,0.0,0.0,0.0,0.0,0.0,0.0,0.0,0.0,0.0,0.0,0.0,0.0,0.0,0.0,0.0,0.0,0.0,0.0,0.0,0.0,0.0,0.0,0.0,0.0,0.0,0.0,0.0,0.0,0.0,0.0,0.0,0.0,0.0,0.0,0.0,0.0,0.0,0.0,0.0,0.0,0.0,0.0,0.0,0.0,0.0,0.0,0.0,0.0,0.0,0.0,0.0,0.0,0.0,0.0,0.0,0.0,0.0,0.0,0.0,0.0,0.0,0.0,0.0,0.0,0.0,0.0,0.0,0.0,0.0,0.0,0.0,0.0,0.0,0.0,0.0,0.0,0.0,0.0,0.0,0.0,0.0,0.0,0.0,0.0,0.0,0.0,0.0,0.0,0.0,0.0,0.0,0.0,0.0,0.0,0.0,0.0,0.0,0.0,0.0,0.0,0.0,0.0001263683403681917,6.133190516615966e-14,-1.0968591381014889e-12,-9.0637880925592e-13,5.182929583147112e-12,-6.432996098093448e-13,5.731604014420357e-13,1.534708447296558e-7,6.020370495920638e-12,2.5454830178396692e-11,-2.2791746903590552e-11,-1.3527270840276128e-8,-1.186878722182001e-11,-0.00036703468301139074,-1.9439839101927663e-13,-8.145523722150759e-11
0.0,0.0,0.0,0.0,0.0,0.0,0.0,0.0,0.0,0.0,0.0,0.0,0.0,0.0,0.0,0.0,0.0,0.0,0.0,0.0,0.0,0.0,0.0,0.0,0.0,0.0,0.0,0.0,0.0,0.0,0.0,0.0,0.0,0.0,0.0,0.0,0.0,0.0,0.0,0.0,0.0,0.0,0.0,0.0,0.0,0.0,0.0,0.0,0.0,0.0,0.0,0.0,0.0,0.0,0.0,0.0,0.0,0.0,0.0,0.0,0.0,0.0,0.0,0.0,0.0,0.0,0.0,0.0,0.0,0.0,0.0,0.0,0.0,0.0,0.0,0.0,0.0,0.0,0.0,0.0,0.0,0.0,0.0,0.0,0.0,0.0,0.0,0.0,0.0,0.0,0.0,0.0,0.0,0.0,0.0,0.0,0.0,0.0,0.0,0.0,0.0,0.0,0.0,0.0,0.0,0.0,0.0,0.0,0.0,0.0,0.0,0.0,0.0,0.0,0.0,0.0,0.0,0.0,0.0,0.0,0.0,0.0,0.0,0.0,0.0,0.0,0.0,0.0,0.0,0.0,0.0,0.0,0.0,0.0,0.0,0.0,0.0,0.0,0.0,0.0,0.0,0.0,0.0,0.0,0.0,0.0,0.0,0.0,0.0,0.0,0.0,0.0,0.0,0.0,0.0,0.0,0.0,0.0,0.0,0.0,0.0,0.0,0.0,0.0,0.0,0.0,0.0,0.0,0.0,0.0,0.0,0.0,0.0,0.0,0.0,0.0,0.0,0.0,0.0,0.0,0.0,0.0,0.0,0.0,0.00012291536953841706,2.1409940491093955e-11,-1.6193846872104632e-14,-3.7842274853664706e-14,3.207839311015861e-11,-5.509756191076344e-15,-2.2441421258599367e-13,-1.5848879455032562e-13,-2.500925484886379e-13,-1.3433186881232059e-12,2.544126701888179e-14,4.075956777606774e-12,-4.954016028791659e-14,-8.219622598645896e-14,-1.7816027645701524e-13
0.0,0.0,0.0,0.0,0.0,0.0,0.0,0.0,0.0,0.0,0.0,0.0,0.0,0.0,0.0,0.0,0.0,0.0,0.0,0.0,0.0,0.0,0.0,0.0,0.0,0.0,0.0,0.0,0.0,0.0,0.0,0.0,0.0,0.0,0.0,0.0,0.0,0.0,0.0,0.0,0.0,0.0,0.0,0.0,0.0,0.0,0.0,0.0,0.0,0.0,0.0,0.0,0.0,0.0,0.0,0.0,0.0,0.0,0.0,0.0,0.0,0.0,0.0,0.0,0.0,0.0,0.0,0.0,0.0,0.0,0.0,0.0,0.0,0.0,0.0,0.0,0.0,0.0,0.0,0.0,0.0,0.0,0.0,0.0,0.0,0.0,0.0,0.0,0.0,0.0,0.0,0.0,0.0,0.0,0.0,0.0,0.0,0.0,0.0,0.0,0.0,0.0,0.0,0.0,0.0,0.0,0.0,0.0,0.0,0.0,0.0,0.0,0.0,0.0,0.0,0.0,0.0,0.0,0.0,0.0,0.0,0.0,0.0,0.0,0.0,0.0,0.0,0.0,0.0,0.0,0.0,0.0,0.0,0.0,0.0,0.0,0.0,0.0,0.0,0.0,0.0,0.0,0.0,0.0,0.0,0.0,0.0,0.0,0.0,0.0,0.0,0.0,0.0,0.0,0.0,0.0,0.0,0.0,0.0,0.0,0.0,0.0,0.0,0.0,0.0,0.0,0.0,0.0,0.0,0.0,0.0,0.0,0.0,0.0,0.0,0.0,0.0,0.0,0.0,0.0,0.0,0.0,0.0,0.0,0.0,0.00010511936031804596,2.2962103547395468e-14,2.807342723102319e-13,-7.416947794431099e-11,6.04394639338773e-14,1.4361857354476895e-12,1.0135868413320106e-12,-8.618652432377572e-13,-2.4756276853483747e-12,-4.3428984386818204e-13,-1.2388767737046634e-11,-2.216485546754534e-12,8.32579698625709e-13,2.3244741849896548e-12
0.0,0.0,0.0,0.0,0.0,0.0,0.0,0.0,0.0,0.0,0.0,0.0,0.0,0.0,0.0,0.0,0.0,0.0,0.0,0.0,0.0,0.0,0.0,0.0,0.0,0.0,0.0,0.0,0.0,0.0,0.0,0.0,0.0,0.0,0.0,0.0,0.0,0.0,0.0,0.0,0.0,0.0,0.0,0.0,0.0,0.0,0.0,0.0,0.0,0.0,0.0,0.0,0.0,0.0,0.0,0.0,0.0,0.0,0.0,0.0,0.0,0.0,0.0,0.0,0.0,0.0,0.0,0.0,0.0,0.0,0.0,0.0,0.0,0.0,0.0,0.0,0.0,0.0,0.0,0.0,0.0,0.0,0.0,0.0,0.0,0.0,0.0,0.0,0.0,0.0,0.0,0.0,0.0,0.0,0.0,0.0,0.0,0.0,0.0,0.0,0.0,0.0,0.0,0.0,0.0,0.0,0.0,0.0,0.0,0.0,0.0,0.0,0.0,0.0,0.0,0.0,0.0,0.0,0.0,0.0,0.0,0.0,0.0,0.0,0.0,0.0,0.0,0.0,0.0,0.0,0.0,0.0,0.0,0.0,0.0,0.0,0.0,0.0,0.0,0.0,0.0,0.0,0.0,0.0,0.0,0.0,0.0,0.0,0.0,0.0,0.0,0.0,0.0,0.0,0.0,0.0,0.0,0.0,0.0,0.0,0.0,0.0,0.0,0.0,0.0,0.0,0.0,0.0,0.0,0.0,0.0,0.0,0.0,0.0,0.0,0.0,0.0,0.0,0.0,0.0,0.0,0.0,0.0,0.0,0.0,0.0,0.00010479454157502566,-2.619327790232902e-11,-5.311107101925783e-14,-2.1742709403306534e-6,-9.251052872580577e-12,2.4454409750414248e-11,5.770173951650013e-12,6.883388906974084e-13,2.106916637453826e-12,5.790905018833277e-13,-1.1798856728638957e-11,1.9808537300490633e-12,6.66193325994419e-12
0.0,0.0,0.0,0.0,0.0,0.0,0.0,0.0,0.0,0.0,0.0,0.0,0.0,0.0,0.0,0.0,0.0,0.0,0.0,0.0,0.0,0.0,0.0,0.0,0.0,0.0,0.0,0.0,0.0,0.0,0.0,0.0,0.0,0.0,0.0,0.0,0.0,0.0,0.0,0.0,0.0,0.0,0.0,0.0,0.0,0.0,0.0,0.0,0.0,0.0,0.0,0.0,0.0,0.0,0.0,0.0,0.0,0.0,0.0,0.0,0.0,0.0,0.0,0.0,0.0,0.0,0.0,0.0,0.0,0.0,0.0,0.0,0.0,0.0,0.0,0.0,0.0,0.0,0.0,0.0,0.0,0.0,0.0,0.0,0.0,0.0,0.0,0.0,0.0,0.0,0.0,0.0,0.0,0.0,0.0,0.0,0.0,0.0,0.0,0.0,0.0,0.0,0.0,0.0,0.0,0.0,0.0,0.0,0.0,0.0,0.0,0.0,0.0,0.0,0.0,0.0,0.0,0.0,0.0,0.0,0.0,0.0,0.0,0.0,0.0,0.0,0.0,0.0,0.0,0.0,0.0,0.0,0.0,0.0,0.0,0.0,0.0,0.0,0.0,0.0,0.0,0.0,0.0,0.0,0.0,0.0,0.0,0.0,0.0,0.0,0.0,0.0,0.0,0.0,0.0,0.0,0.0,0.0,0.0,0.0,0.0,0.0,0.0,0.0,0.0,0.0,0.0,0.0,0.0,0.0,0.0,0.0,0.0,0.0,0.0,0.0,0.0,0.0,0.0,0.0,0.0,0.0,0.0,0.0,0.0,0.0,0.0,2.9418391592468743e-5,-2.3023770707886135e-13,8.843680389418605e-11,1.7120740058748544e-11,-1.7703936989682752e-6,-2.3238683509798417e-10,2.6064085944344105e-13,9.445628509184658e-12,2.63063346296514e-12,5.107938746039531e-11,4.982396726998632e-9,2.388531682413552e-11
0.0,0.0,0.0,0.0,0.0,0.0,0.0,0.0,0.0,0.0,0.0,0.0,0.0,0.0,0.0,0.0,0.0,0.0,0.0,0.0,0.0,0.0,0.0,0.0,0.0,0.0,0.0,0.0,0.0,0.0,0.0,0.0,0.0,0.0,0.0,0.0,0.0,0.0,0.0,0.0,0.0,0.0,0.0,0.0,0.0,0.0,0.0,0.0,0.0,0.0,0.0,0.0,0.0,0.0,0.0,0.0,0.0,0.0,0.0,0.0,0.0,0.0,0.0,0.0,0.0,0.0,0.0,0.0,0.0,0.0,0.0,0.0,0.0,0.0,0.0,0.0,0.0,0.0,0.0,0.0,0.0,0.0,0.0,0.0,0.0,0.0,0.0,0.0,0.0,0.0,0.0,0.0,0.0,0.0,0.0,0.0,0.0,0.0,0.0,0.0,0.0,0.0,0.0,0.0,0.0,0.0,0.0,0.0,0.0,0.0,0.0,0.0,0.0,0.0,0.0,0.0,0.0,0.0,0.0,0.0,0.0,0.0,0.0,0.0,0.0,0.0,0.0,0.0,0.0,0.0,0.0,0.0,0.0,0.0,0.0,0.0,0.0,0.0,0.0,0.0,0.0,0.0,0.0,0.0,0.0,0.0,0.0,0.0,0.0,0.0,0.0,0.0,0.0,0.0,0.0,0.0,0.0,0.0,0.0,0.0,0.0,0.0,0.0,0.0,0.0,0.0,0.0,0.0,0.0,0.0,0.0,0.0,0.0,0.0,0.0,0.0,0.0,0.0,0.0,0.0,0.0,0.0,0.0,0.0,0.0,0.0,0.0,0.0,2.6339778897431863e-5,-2.7538693893714806e-13,2.514224575320693e-12,2.883047018189706e-12,2.386552296223867e-13,-2.124128462615971e-12,-7.473956915094381e-13,-9.557173020123957e-12,-1.65059981751809e-11,-4.398070965122521e-13,4.818400597375827e-12
0.0,0.0,0.0,0.0,0.0,0.0,0.0,0.0,0.0,0.0,0.0,0.0,0.0,0.0,0.0,0.0,0.0,0.0,0.0,0.0,0.0,0.0,0.0,0.0,0.0,0.0,0.0,0.0,0.0,0.0,0.0,0.0,0.0,0.0,0.0,0.0,0.0,0.0,0.0,0.0,0.0,0.0,0.0,0.0,0.0,0.0,0.0,0.0,0.0,0.0,0.0,0.0,0.0,0.0,0.0,0.0,0.0,0.0,0.0,0.0,0.0,0.0,0.0,0.0,0.0,0.0,0.0,0.0,0.0,0.0,0.0,0.0,0.0,0.0,0.0,0.0,0.0,0.0,0.0,0.0,0.0,0.0,0.0,0.0,0.0,0.0,0.0,0.0,0.0,0.0,0.0,0.0,0.0,0.0,0.0,0.0,0.0,0.0,0.0,0.0,0.0,0.0,0.0,0.0,0.0,0.0,0.0,0.0,0.0,0.0,0.0,0.0,0.0,0.0,0.0,0.0,0.0,0.0,0.0,0.0,0.0,0.0,0.0,0.0,0.0,0.0,0.0,0.0,0.0,0.0,0.0,0.0,0.0,0.0,0.0,0.0,0.0,0.0,0.0,0.0,0.0,0.0,0.0,0.0,0.0,0.0,0.0,0.0,0.0,0.0,0.0,0.0,0.0,0.0,0.0,0.0,0.0,0.0,0.0,0.0,0.0,0.0,0.0,0.0,0.0,0.0,0.0,0.0,0.0,0.0,0.0,0.0,0.0,0.0,0.0,0.0,0.0,0.0,0.0,0.0,0.0,0.0,0.0,0.0,0.0,0.0,0.0,0.0,0.0,1.6235631386374356e-5,-3.881284685196789e-11,5.4067658787568354e-11,1.496601993764478e-10,2.3151525132141268e-12,6.718396831456548e-12,2.076049540257816e-12,-3.129498611998015e-11,1.3140053709568673e-10,3.0814657251232853e-14
0.0,0.0,0.0,0.0,0.0,0.0,0.0,0.0,0.0,0.0,0.0,0.0,0.0,0.0,0.0,0.0,0.0,0.0,0.0,0.0,0.0,0.0,0.0,0.0,0.0,0.0,0.0,0.0,0.0,0.0,0.0,0.0,0.0,0.0,0.0,0.0,0.0,0.0,0.0,0.0,0.0,0.0,0.0,0.0,0.0,0.0,0.0,0.0,0.0,0.0,0.0,0.0,0.0,0.0,0.0,0.0,0.0,0.0,0.0,0.0,0.0,0.0,0.0,0.0,0.0,0.0,0.0,0.0,0.0,0.0,0.0,0.0,0.0,0.0,0.0,0.0,0.0,0.0,0.0,0.0,0.0,0.0,0.0,0.0,0.0,0.0,0.0,0.0,0.0,0.0,0.0,0.0,0.0,0.0,0.0,0.0,0.0,0.0,0.0,0.0,0.0,0.0,0.0,0.0,0.0,0.0,0.0,0.0,0.0,0.0,0.0,0.0,0.0,0.0,0.0,0.0,0.0,0.0,0.0,0.0,0.0,0.0,0.0,0.0,0.0,0.0,0.0,0.0,0.0,0.0,0.0,0.0,0.0,0.0,0.0,0.0,0.0,0.0,0.0,0.0,0.0,0.0,0.0,0.0,0.0,0.0,0.0,0.0,0.0,0.0,0.0,0.0,0.0,0.0,0.0,0.0,0.0,0.0,0.0,0.0,0.0,0.0,0.0,0.0,0.0,0.0,0.0,0.0,0.0,0.0,0.0,0.0,0.0,0.0,0.0,0.0,0.0,0.0,0.0,0.0,0.0,0.0,0.0,0.0,0.0,0.0,0.0,0.0,0.0,0.0,0.00012518530348856353,8.9906136379674e-12,2.669781270024784e-8,4.579083324948113e-13,-8.365341235965708e-12,5.934098345321544e-12,-1.8976714379160222e-6,-8.338902367513569e-11,-1.0168387790981389e-11
0.0,0.0,0.0,0.0,0.0,0.0,0.0,0.0,0.0,0.0,0.0,0.0,0.0,0.0,0.0,0.0,0.0,0.0,0.0,0.0,0.0,0.0,0.0,0.0,0.0,0.0,0.0,0.0,0.0,0.0,0.0,0.0,0.0,0.0,0.0,0.0,0.0,0.0,0.0,0.0,0.0,0.0,0.0,0.0,0.0,0.0,0.0,0.0,0.0,0.0,0.0,0.0,0.0,0.0,0.0,0.0,0.0,0.0,0.0,0.0,0.0,0.0,0.0,0.0,0.0,0.0,0.0,0.0,0.0,0.0,0.0,0.0,0.0,0.0,0.0,0.0,0.0,0.0,0.0,0.0,0.0,0.0,0.0,0.0,0.0,0.0,0.0,0.0,0.0,0.0,0.0,0.0,0.0,0.0,0.0,0.0,0.0,0.0,0.0,0.0,0.0,0.0,0.0,0.0,0.0,0.0,0.0,0.0,0.0,0.0,0.0,0.0,0.0,0.0,0.0,0.0,0.0,0.0,0.0,0.0,0.0,0.0,0.0,0.0,0.0,0.0,0.0,0.0,0.0,0.0,0.0,0.0,0.0,0.0,0.0,0.0,0.0,0.0,0.0,0.0,0.0,0.0,0.0,0.0,0.0,0.0,0.0,0.0,0.0,0.0,0.0,0.0,0.0,0.0,0.0,0.0,0.0,0.0,0.0,0.0,0.0,0.0,0.0,0.0,0.0,0.0,0.0,0.0,0.0,0.0,0.0,0.0,0.0,0.0,0.0,0.0,0.0,0.0,0.0,0.0,0.0,0.0,0.0,0.0,0.0,0.0,0.0,0.0,0.0,0.0,0.0,0.0005195305114660346,1.3321563669563983e-7,-2.670799457161511e-13,2.6769721505261584e-12,-2.3201641354400015e-14,5.644020516318821e-12,-2.09434247128454e-6,4.0594212248124034e-13
0.0,0.0,0.0,0.0,0.0,0.0,0.0,0.0,0.0,0.0,0.0,0.0,0.0,0.0,0.0,0.0,0.0,0.0,0.0,0.0,0.0,0.0,0.0,0.0,0.0,0.0,0.0,0.0,0.0,0.0,0.0,0.0,0.0,0.0,0.0,0.0,0.0,0.0,0.0,0.0,0.0,0.0,0.0,0.0,0.0,0.0,0.0,0.0,0.0,0.0,0.0,0.0,0.0,0.0,0.0,0.0,0.0,0.0,0.0,0.0,0.0,0.0,0.0,0.0,0.0,0.0,0.0,0.0,0.0,0.0,0.0,0.0,0.0,0.0,0.0,0.0,0.0,0.0,0.0,0.0,0.0,0.0,0.0,0.0,0.0,0.0,0.0,0.0,0.0,0.0,0.0,0.0,0.0,0.0,0.0,0.0,0.0,0.0,0.0,0.0,0.0,0.0,0.0,0.0,0.0,0.0,0.0,0.0,0.0,0.0,0.0,0.0,0.0,0.0,0.0,0.0,0.0,0.0,0.0,0.0,0.0,0.0,0.0,0.0,0.0,0.0,0.0,0.0,0.0,0.0,0.0,0.0,0.0,0.0,0.0,0.0,0.0,0.0,0.0,0.0,0.0,0.0,0.0,0.0,0.0,0.0,0.0,0.0,0.0,0.0,0.0,0.0,0.0,0.0,0.0,0.0,0.0,0.0,0.0,0.0,0.0,0.0,0.0,0.0,0.0,0.0,0.0,0.0,0.0,0.0,0.0,0.0,0.0,0.0,0.0,0.0,0.0,0.0,0.0,0.0,0.0,0.0,0.0,0.0,0.0,0.0,0.0,0.0,0.0,0.0,0.0,0.0,0.0004756974050907285,-1.1669424856473694e-13,4.667769942589477e-13,1.0502482370826323e-12,2.613951167850107e-11,-2.260494558041393e-6,-2.3338849712947387e-12
0.0,0.0,0.0,0.0,0.0,0.0,0.0,0.0,0.0,0.0,0.0,0.0,0.0,0.0,0.0,0.0,0.0,0.0,0.0,0.0,0.0,0.0,0.0,0.0,0.0,0.0,0.0,0.0,0.0,0.0,0.0,0.0,0.0,0.0,0.0,0.0,0.0,0.0,0.0,0.0,0.0,0.0,0.0,0.0,0.0,0.0,0.0,0.0,0.0,0.0,0.0,0.0,0.0,0.0,0.0,0.0,0.0,0.0,0.0,0.0,0.0,0.0,0.0,0.0,0.0,0.0,0.0,0.0,0.0,0.0,0.0,0.0,0.0,0.0,0.0,0.0,0.0,0.0,0.0,0.0,0.0,0.0,0.0,0.0,0.0,0.0,0.0,0.0,0.0,0.0,0.0,0.0,0.0,0.0,0.0,0.0,0.0,0.0,0.0,0.0,0.0,0.0,0.0,0.0,0.0,0.0,0.0,0.0,0.0,0.0,0.0,0.0,0.0,0.0,0.0,0.0,0.0,0.0,0.0,0.0,0.0,0.0,0.0,0.0,0.0,0.0,0.0,0.0,0.0,0.0,0.0,0.0,0.0,0.0,0.0,0.0,0.0,0.0,0.0,0.0,0.0,0.0,0.0,0.0,0.0,0.0,0.0,0.0,0.0,0.0,0.0,0.0,0.0,0.0,0.0,0.0,0.0,0.0,0.0,0.0,0.0,0.0,0.0,0.0,0.0,0.0,0.0,0.0,0.0,0.0,0.0,0.0,0.0,0.0,0.0,0.0,0.0,0.0,0.0,0.0,0.0,0.0,0.0,0.0,0.0,0.0,0.0,0.0,0.0,0.0,0.0,0.0,0.0,0.0007127884502698581,4.361216105322693e-12,0.00014259180971665556,-1.1214555694925272e-11,-1.5612779518834602e-13,5.6072778492202606e-12
0.0,0.0,0.0,0.0,0.0,0.0,0.0,0.0,0.0,0.0,0.0,0.0,0.0,0.0,0.0,0.0,0.0,0.0,0.0,0.0,0.0,0.0,0.0,0.0,0.0,0.0,0.0,0.0,0.0,0.0,0.0,0.0,0.0,0.0,0.0,0.0,0.0,0.0,0.0,0.0,0.0,0.0,0.0,0.0,0.0,0.0,0.0,0.0,0.0,0.0,0.0,0.0,0.0,0.0,0.0,0.0,0.0,0.0,0.0,0.0,0.0,0.0,0.0,0.0,0.0,0.0,0.0,0.0,0.0,0.0,0.0,0.0,0.0,0.0,0.0,0.0,0.0,0.0,0.0,0.0,0.0,0.0,0.0,0.0,0.0,0.0,0.0,0.0,0.0,0.0,0.0,0.0,0.0,0.0,0.0,0.0,0.0,0.0,0.0,0.0,0.0,0.0,0.0,0.0,0.0,0.0,0.0,0.0,0.0,0.0,0.0,0.0,0.0,0.0,0.0,0.0,0.0,0.0,0.0,0.0,0.0,0.0,0.0,0.0,0.0,0.0,0.0,0.0,0.0,0.0,0.0,0.0,0.0,0.0,0.0,0.0,0.0,0.0,0.0,0.0,0.0,0.0,0.0,0.0,0.0,0.0,0.0,0.0,0.0,0.0,0.0,0.0,0.0,0.0,0.0,0.0,0.0,0.0,0.0,0.0,0.0,0.0,0.0,0.0,0.0,0.0,0.0,0.0,0.0,0.0,0.0,0.0,0.0,0.0,0.0,0.0,0.0,0.0,0.0,0.0,0.0,0.0,0.0,0.0,0.0,0.0,0.0,0.0,0.0,0.0,0.0,0.0,0.0,0.0,0.0007402816286018808,-5.039295887309257e-12,-1.6041118693504515e-9,-1.7982514094373912e-12,5.981051683399725e-6
0.0,0.0,0.0,0.0,0.0,0.0,0.0,0.0,0.0,0.0,0.0,0.0,0.0,0.0,0.0,0.0,0.0,0.0,0.0,0.0,0.0,0.0,0.0,0.0,0.0,0.0,0.0,0.0,0.0,0.0,0.0,0.0,0.0,0.0,0.0,0.0,0.0,0.0,0.0,0.0,0.0,0.0,0.0,0.0,0.0,0.0,0.0,0.0,0.0,0.0,0.0,0.0,0.0,0.0,0.0,0.0,0.0,0.0,0.0,0.0,0.0,0.0,0.0,0.0,0.0,0.0,0.0,0.0,0.0,0.0,0.0,0.0,0.0,0.0,0.0,0.0,0.0,0.0,0.0,0.0,0.0,0.0,0.0,0.0,0.0,0.0,0.0,0.0,0.0,0.0,0.0,0.0,0.0,0.0,0.0,0.0,0.0,0.0,0.0,0.0,0.0,0.0,0.0,0.0,0.0,0.0,0.0,0.0,0.0,0.0,0.0,0.0,0.0,0.0,0.0,0.0,0.0,0.0,0.0,0.0,0.0,0.0,0.0,0.0,0.0,0.0,0.0,0.0,0.0,0.0,0.0,0.0,0.0,0.0,0.0,0.0,0.0,0.0,0.0,0.0,0.0,0.0,0.0,0.0,0.0,0.0,0.0,0.0,0.0,0.0,0.0,0.0,0.0,0.0,0.0,0.0,0.0,0.0,0.0,0.0,0.0,0.0,0.0,0.0,0.0,0.0,0.0,0.0,0.0,0.0,0.0,0.0,0.0,0.0,0.0,0.0,0.0,0.0,0.0,0.0,0.0,0.0,0.0,0.0,0.0,0.0,0.0,0.0,0.0,0.0,0.0,0.0,0.0,0.0,0.0,0.0005797858178326787,-3.057355893984771e-13,1.3823685401004812e-13,1.7367538217147496e-12
0.0,0.0,0.0,0.0,0.0,0.0,0.0,0.0,0.0,0.0,0.0,0.0,0.0,0.0,0.0,0.0,0.0,0.0,0.0,0.0,0.0,0.0,0.0,0.0,0.0,0.0,0.0,0.0,0.0,0.0,0.0,0.0,0.0,0.0,0.0,0.0,0.0,0.0,0.0,0.0,0.0,0.0,0.0,0.0,0.0,0.0,0.0,0.0,0.0,0.0,0.0,0.0,0.0,0.0,0.0,0.0,0.0,0.0,0.0,0.0,0.0,0.0,0.0,0.0,0.0,0.0,0.0,0.0,0.0,0.0,0.0,0.0,0.0,0.0,0.0,0.0,0.0,0.0,0.0,0.0,0.0,0.0,0.0,0.0,0.0,0.0,0.0,0.0,0.0,0.0,0.0,0.0,0.0,0.0,0.0,0.0,0.0,0.0,0.0,0.0,0.0,0.0,0.0,0.0,0.0,0.0,0.0,0.0,0.0,0.0,0.0,0.0,0.0,0.0,0.0,0.0,0.0,0.0,0.0,0.0,0.0,0.0,0.0,0.0,0.0,0.0,0.0,0.0,0.0,0.0,0.0,0.0,0.0,0.0,0.0,0.0,0.0,0.0,0.0,0.0,0.0,0.0,0.0,0.0,0.0,0.0,0.0,0.0,0.0,0.0,0.0,0.0,0.0,0.0,0.0,0.0,0.0,0.0,0.0,0.0,0.0,0.0,0.0,0.0,0.0,0.0,0.0,0.0,0.0,0.0,0.0,0.0,0.0,0.0,0.0,0.0,0.0,0.0,0.0,0.0,0.0,0.0,0.0,0.0,0.0,0.0,0.0,0.0,0.0,0.0,0.0,0.0,0.0,0.0,0.0,0.0,0.0006026525210573005,8.349331162861953e-13,4.453689393657971e-13
0.0,0.0,0.0,0.0,0.0,0.0,0.0,0.0,0.0,0.0,0.0,0.0,0.0,0.0,0.0,0.0,0.0,0.0,0.0,0.0,0.0,0.0,0.0,0.0,0.0,0.0,0.0,0.0,0.0,0.0,0.0,0.0,0.0,0.0,0.0,0.0,0.0,0.0,0.0,0.0,0.0,0.0,0.0,0.0,0.0,0.0,0.0,0.0,0.0,0.0,0.0,0.0,0.0,0.0,0.0,0.0,0.0,0.0,0.0,0.0,0.0,0.0,0.0,0.0,0.0,0.0,0.0,0.0,0.0,0.0,0.0,0.0,0.0,0.0,0.0,0.0,0.0,0.0,0.0,0.0,0.0,0.0,0.0,0.0,0.0,0.0,0.0,0.0,0.0,0.0,0.0,0.0,0.0,0.0,0.0,0.0,0.0,0.0,0.0,0.0,0.0,0.0,0.0,0.0,0.0,0.0,0.0,0.0,0.0,0.0,0.0,0.0,0.0,0.0,0.0,0.0,0.0,0.0,0.0,0.0,0.0,0.0,0.0,0.0,0.0,0.0,0.0,0.0,0.0,0.0,0.0,0.0,0.0,0.0,0.0,0.0,0.0,0.0,0.0,0.0,0.0,0.0,0.0,0.0,0.0,0.0,0.0,0.0,0.0,0.0,0.0,0.0,0.0,0.0,0.0,0.0,0.0,0.0,0.0,0.0,0.0,0.0,0.0,0.0,0.0,0.0,0.0,0.0,0.0,0.0,0.0,0.0,0.0,0.0,0.0,0.0,0.0,0.0,0.0,0.0,0.0,0.0,0.0,0.0,0.0,0.0,0.0,0.0,0.0,0.0,0.0,0.0,0.0,0.0,0.0,0.0,0.0,0.00010909835685687648,4.120767016191102e-12
0.0,0.0,0.0,0.0,0.0,0.0,0.0,0.0,0.0,0.0,0.0,0.0,0.0,0.0,0.0,0.0,0.0,0.0,0.0,0.0,0.0,0.0,0.0,0.0,0.0,0.0,0.0,0.0,0.0,0.0,0.0,0.0,0.0,0.0,0.0,0.0,0.0,0.0,0.0,0.0,0.0,0.0,0.0,0.0,0.0,0.0,0.0,0.0,0.0,0.0,0.0,0.0,0.0,0.0,0.0,0.0,0.0,0.0,0.0,0.0,0.0,0.0,0.0,0.0,0.0,0.0,0.0,0.0,0.0,0.0,0.0,0.0,0.0,0.0,0.0,0.0,0.0,0.0,0.0,0.0,0.0,0.0,0.0,0.0,0.0,0.0,0.0,0.0,0.0,0.0,0.0,0.0,0.0,0.0,0.0,0.0,0.0,0.0,0.0,0.0,0.0,0.0,0.0,0.0,0.0,0.0,0.0,0.0,0.0,0.0,0.0,0.0,0.0,0.0,0.0,0.0,0.0,0.0,0.0,0.0,0.0,0.0,0.0,0.0,0.0,0.0,0.0,0.0,0.0,0.0,0.0,0.0,0.0,0.0,0.0,0.0,0.0,0.0,0.0,0.0,0.0,0.0,0.0,0.0,0.0,0.0,0.0,0.0,0.0,0.0,0.0,0.0,0.0,0.0,0.0,0.0,0.0,0.0,0.0,0.0,0.0,0.0,0.0,0.0,0.0,0.0,0.0,0.0,0.0,0.0,0.0,0.0,0.0,0.0,0.0,0.0,0.0,0.0,0.0,0.0,0.0,0.0,0.0,0.0,0.0,0.0,0.0,0.0,0.0,0.0,0.0,0.0,0.0,0.0,0.0,0.0,0.0,0.0,0.00014351830905816117
