1.1888079984194564,0.0098292660993658,0.20669097166003714,0.6824918216247138,0.047628284111416765,1.022516983463328,0.021631426811257928,0.10768743039055506,0.39234349241050603,0.014375080847433247,1.1502749622154684,0.07196518841712594,0.5239767435963162,0.27788318438686405,0.847682273334618,0.031551021585255766,0.14752224508498127,0.011695436929011559,0.057369087399756116,0.33270835929314657,1.0917396363030816,0.6004128490401699,0.08723495872752088,0.94101500664952,0.03750907217255892,1.18041493778447,0.1736981011293804,0.017741282847796677,0.4566958350951854,0.7730695610679672,0.026629569677025886,0.2376927678071387,0.12524870760312215,0.0635936434280729,0.043294672415114005,0.3058392970559066,0.09725081175808263,0.8964022635961438,1.1188541905447456,0.015911421917043585,0.641600839240961,0.42630444520150257,0.01083342642488533,0.02389625265142899,0.18812183465259388,1.1862838740066455,0.9814993393560083,0.5605774902623931,0.3611184281100961,0.7173472257934312,0.13807050861610054,0.25826375780435556,0.08142937557978493,1.059905062587531,0.019538166941511604,0.05203767823982746,0.03445973663611354,0.48927021790384656,0.013337479401815058,1.1659640972801262,0.799629609302946,0.1160421322406444,0.16433642395424766,0.22563365762820992,0.028203653119197508,0.06776456104723227,0.03946613104287307,1.135114721238399,0.012460949299352314,0.07693937706150758,0.7482820010846508,0.2914822097224775,0.010261593146193827,0.8707855310498038,0.09269540688962945,0.15590096161760764,0.40753111896921823,1.1883410954927291,0.1972216417539627,0.016815380793596832,1.0020173478945604,0.3465406821581433,0.5803830872783949,0.02996343689312419,0.060297783208268826,0.1319353209220188,0.025106013818785192,0.1022121712889813,0.02045331914110334,0.661641160263201,0.5077092105788894,0.9224323475303512,0.04525215924546485,1.0425679256929266,0.8274690021725257,1.1757506119116117,0.37530759373377287,0.05466261820486017,0.31802977773820357,0.2167905305163448,0.44108927506789336,0.0152181767850523,0.6220603156107415,1.0769966684204495,0.022694367450100734,0.5408826643410398,0.9599202976775838,0.2524628377041591,0.18013872534510625,0.4738889718963813,0.01862813843150708,1.1060217630349674,0.04966874338371192,0.033473595491774734,0.7003119816235753,1.1582720846680772,0.11877524645002265,0.08428551033202017,0.011262847203945539,0.14293333809830674,0.013814795872621664,0.03548035793025832,0.07440690638072499,0.2642270843101589,0.06568527494080585,1.1843336437197567,0.11342265699696695,1.1403751633324242,0.0274186606768402,0.41740223793797104,0.128347828861563,0.20212400847779324,0.09971064070145351,1.012375332789544,0.030746716363367226,0.06186957638020597,0.3681332312883353,0.016246390287188214,0.4991770090070335,0.192350608967292,0.05600469063080349,1.1295499172092958,0.02451045268244683,0.6515771598815683,0.0947547480298287,1.0513491928694723,0.02215422750060224,0.39950073149972637,0.014945893121175113,1.1886423293234991,0.019992487616855095,0.4819437676845696,1.1780821465598061,1.1457776341248471,0.015583812154567457,1.1879507716471882,0.4776217561148565,1.1321896729604357,0.015737588834515582,0.04131593982607502,0.16878253200296692,0.7863869892617378,1.0467167014829597,0.2443821787737816,0.1103068868567706,0.9314966136470353,0.04426976445898239,0.6568863328642917,1.0844960151818002,0.15184500697704245,0.23136202003767262,0.5704281132863208,0.883620191702425,0.01356217599055732,0.034993028165767937,0.020239688595714594,1.1123849517675457,0.4943853447029461,0.05324541899121457,0.29847617423398726,0.012088820438753164,0.11183306442837891,1.176698817290471,0.7596343588332211,0.04036350598765549,1.1704925584988364,0.02587247145407642,0.24832328512134452,0.991104368946194,0.5500931203704253,0.0398770740549942,0.5911342462488128,0.0698568561315676,0.5603023774471174,1.1826189603565287,0.04650911715746926,1.0686164979731465,0.06671479006421269,0.02906409738675076
0.0,1.1887673627055977,0.20498902257472862,0.04208483335016716,0.6830040357659783,0.012993535654830456,1.0191576632770483,0.3746317366604308,0.09889571235188076,1.145091944490984,0.004528268293174938,0.5148880591793118,0.0660462876817263,0.1495114157146537,0.025704485614227304,0.8632398015759993,0.284049073262568,1.1793661009792966,0.6046856652503486,0.1213709373595088,0.008520841181991257,0.05307214402805911,0.4446104489610505,0.018539828862377095,0.7872565962898473,0.0018249215979385706,0.24352187645757453,1.0881934504995574,0.08068464028728667,0.032372419066186944,0.9359348002278204,0.17728018962898426,0.32906678153663277,0.5630154716253655,0.7243117490888522,0.1340393069827464,0.4075690263837376,0.021829728147373734,0.006738519656059675,1.1200810976630677,0.04724560600566827,0.08866274722483597,1.1858064685394607,0.9803665189837227,0.22527151838054035,0.0009457903645441358,0.015723787496561448,0.05943439262040683,0.10982932092201696,0.03809701552930899,0.30172094564130725,0.16212025252155302,0.4690880915534962,0.010572029007664345,1.056159947574932,0.6453051585557701,0.8245968445170073,0.07314024174151346,1.160251268019455,0.0032703260798498178,0.029882562664997062,0.3516098360582733,0.25678632094982806,0.18727630577724075,0.9116540199532108,0.5380203958928985,0.7648699979877038,0.005625920397689902,1.1713765788810218,0.4898180915150504,0.03482907988310038,0.14165631750408353,1.188185036738678,0.023826244415952366,0.4236763174908539,0.2698591181056006,0.09412831499045483,0.0003913372697464525,0.21492640311591193,1.1045043006082926,0.014345307378462182,0.11553903027996211,0.05617267560725608,0.8856606692117601,0.584375485945746,0.3142750357101229,0.9603550891604731,0.3912722445049361,1.039888407731905,0.04464579437452024,0.06926157101243928,0.0198836852012656,0.7050883036271162,0.011689901662274793,0.027414529831985526,0.0023485168933335423,0.10465721125679746,0.6246802914535764,0.12805467195187953,0.1952139042117893,0.08465674291685714,1.1316546679728692,0.049923729918776596,0.009472602196896553,1.0007536975635103,0.06289143841626964,0.017207206283337856,0.16617643150706765,0.23506924067962442,0.07658504546912956,1.0724024389985551,0.007589627027818672,0.6650552704789681,0.8373545013593052,0.04000272333688793,0.003909135765371418,0.34463123281795205,0.4567390759507057,1.1829825808241938,0.2923921269615974,1.1535027614577833,0.8117511797438318,0.5022869162647625,0.15811375331726762,0.5502122750295506,0.0012880823019007805,0.35854380777091593,0.0052535979705542225,0.9236410837844342,0.09119886139292827,0.322058455814673,0.20968259755440102,0.39933550159308195,0.013659481411623497,0.8744782522316106,0.5740006521628547,0.10722738049369884,1.1143621940618815,0.07102394560982384,0.22036088414563199,0.6146112517771893,0.006012326227236754,0.9701400302544524,0.0459336349215516,0.4162510547877038,0.011122978759365548,1.0100655193600414,0.09660813873867521,1.1360818806378303,0.00023038895179887386,1.0480688431960112,0.07475613920952863,0.002097258583105241,0.004862383169066154,1.125599350144342,0.0005357623920368295,0.0757305110858428,0.005829886752664325,1.123019171771095,0.7447620187261041,0.2503340016459659,0.031106522469293584,0.011421825139189372,0.17210630072367697,0.36712322782238604,0.01922373830675297,0.7146149436010302,0.04524988544558978,0.00898924461667747,0.27656798693347523,0.18241532258830695,0.05778654566273799,0.02281522353343429,1.1571272006484619,0.8178399995872395,1.0436767137549898,0.007169787651518589,0.07203791422008662,0.6356577842499122,0.13786437955634476,1.1754913230016888,0.3628744624215905,0.002248437455560721,0.0336871308170911,0.7549916983371368,0.0028641767494606467,0.9479584415367261,0.16917207721307043,0.015074939779008232,0.06124681142267817,0.760316962830518,0.05448490649683062,0.5262581925518809,0.059481166194182665,0.0015395089055921386,0.6932413808161401,0.010011744267279408,0.544111070392773,0.8987931991687914
0.0,0.0,1.1526156340967102,0.5612341250739924,0.5601913915296668,0.2089626318656906,0.2120484308150565,0.9782211948460238,0.953610094688264,0.08338756205497337,0.07715757282584665,0.7758678777710688,0.7640845341828006,1.1076762525882666,0.3800892451994502,0.3640239234712189,1.099501110767944,0.03372803430691418,0.6562642409926948,1.039105740148642,0.14125166409486556,0.6623127413034381,0.8759244028545381,0.2873164043731947,0.44305680920824064,0.031691540494638376,1.1377274351239097,0.1447196209752168,0.8593888775256827,0.4586734544218201,0.2920679405048953,1.1425344337921506,1.042692327089401,0.710505005937122,0.5124203016535751,1.074700384675781,0.9300841652982065,0.3310461476081748,0.11307803858874527,0.11165825884145048,0.6105537716332928,0.9037256161846787,0.017965284656352325,0.24921215646700134,1.148165039683384,0.01652875811159517,0.2482825356557407,0.714426692963112,0.9990519322236968,0.5207305059003211,1.0784571547331696,1.1270367142179316,0.8405507566019855,0.17282519404019245,0.17635469298774076,0.6055021371631123,0.40364315287998004,0.8126572118804531,0.06414180605968862,0.05621492327147907,0.43015527179970975,1.0113024380751496,1.1271494039161283,1.1486539850516737,0.31578917950393043,0.744095672440975,0.4672817831829019,0.0951342654800501,0.04787350526308368,0.8110017897774725,0.48588967200373595,1.0922871440339563,0.007667732088840706,0.35663975433134465,0.9064779141806808,1.1147525729106833,0.9313013796003591,0.006866839799402155,1.1515004096786743,0.12808775387445342,0.22861558557297784,1.0198292877209434,0.6882621320194132,0.34151247135295904,0.6824252118336387,1.062436156154941,0.2684455008077337,0.9539614078824438,0.1921171849213814,0.5861319743199328,0.7866802798512099,0.3054177871104936,0.534416109886809,0.1896583748049633,0.40092413758502665,0.04063273920104666,0.9785147946456269,0.6310197769989694,1.058915155304856,1.1514464536707105,0.8820892319408903,0.09894781229452071,0.6348431657002983,0.1560135864596131,0.22967920370494235,0.7409398941634194,0.2690331461095301,1.1319708367469559,1.1432180963888274,0.8346002520461009,0.1604437002361473,0.12661863613561566,0.5815535128258192,0.3904398981734025,0.5403556553545735,0.06689597070731455,1.02115330915038,0.8583392959868511,0.025788617048522776,1.0898148186730408,0.07300314041518163,0.41706884075809897,0.7934402933150984,1.1215617706370526,0.7276133389212575,0.022455056751531068,1.0014212117655985,0.08906731985712532,0.3040450926226055,0.9167939080517074,1.05214921942389,1.1523614162841214,0.942154622568702,0.2186904789137773,0.35269983247753,0.695991414973405,0.9889296905430862,0.11776679222834191,0.7986538829539352,1.15000651395335,0.6436696790003342,0.10139759176045068,0.2590302399030736,0.5983351691252463,0.9173550570404922,0.18115408549449352,0.2207618428630511,0.9431029890799242,0.09393329028215215,0.004047472025296785,0.18421014172052821,0.8230797451437457,0.03635036288824967,0.08265859536129501,0.10566247236725639,0.009391105761726696,0.8292535501769112,0.09844458510876379,0.10847936992740952,0.4894519054602426,1.1325721528179706,0.4442938935240357,0.18564533448609144,1.1381311296118939,0.9890896686430327,0.29657021639688014,0.5234653877437062,0.5918822199959342,0.14854099668026097,1.1077508411244947,1.1460572835999758,0.7013505763435262,0.343766572221716,0.06831422651748226,0.41068826618862764,0.18845934726614272,0.1199592351641469,0.8054137167288082,0.6173727231335521,1.0838719381277133,0.04098535785638622,0.9952096554237475,0.03892883043965631,0.47335029916801385,0.47812314400568245,0.04937423039981836,0.28041196214697783,1.1352355971270895,0.23907194500894838,0.7284798148282906,0.4722668700916565,0.6742696467750525,0.7601706167212717,0.7147936667229238,0.026789708782464318,0.5481744060446294,0.16428974338911792,0.7358385205852379,0.3284697054627728
0.0,0.0,0.0,0.7941753548025605,-0.17196066254381726,0.477059501593347,-0.07432709059684255,-0.19955836082616907,0.48965309754060476,-0.030238688812992052,0.1995703575526905,-0.20655762635414934,0.7073721916590803,0.2005174994628105,0.709864572051369,-0.12151764773341421,-0.14123623260426504,-0.012375946996210783,-0.19079819054342803,0.348539041116405,0.34479806174020355,0.7722806444634924,-0.2103257671056177,0.6020019495187455,-0.14347956638316323,0.08516872088489444,-0.08443170303990252,-0.051672763709781716,0.6128910148657959,0.7667987828337719,-0.09991473426139755,0.08639487847213628,-0.17897070708698393,-0.19916998965612,-0.1609955370931174,0.2777305119179797,-0.20705506289707107,0.6583105754794463,0.28331532632279016,-0.040208105011001215,0.7892153973363959,0.5586362341756606,-0.006616214871073317,-0.08640218395066585,-0.04889315314526688,0.04497197662391152,0.5435841718884852,0.7439966434549314,0.4187676668395967,0.789594200975907,-0.15863650672879503,0.14496258780689303,-0.21023657762972847,0.4092253625711131,-0.06243701435765363,-0.1814228793857954,-0.13277483102063464,0.6630524574484659,-0.023367792209824725,0.14802558606056507,0.7497879685886001,-0.1909119022306096,-0.10602903446283292,0.052333062527394045,-0.10719267256635517,-0.203372667665867,-0.14979725555757673,0.24222425261485792,-0.01750835620496379,-0.20906615953342897,0.7791795409349127,0.23844781170348625,-0.002830590861984962,0.6867494585577633,-0.20905209092443852,-0.12431807884283626,0.5215754864285069,0.018829952625243184,-0.025307499850591823,-0.045932121368803695,0.5112663934643576,0.38337612836299045,0.7595484642581136,-0.11491355735122533,-0.19506471467965691,-0.16886836702455363,-0.092522873315364,-0.20397713116207042,-0.06772195128450524,0.7930830616045909,0.6877683821209948,0.6264872116925859,-0.16616337918365634,0.4416138958582128,0.7280386583255424,0.10839605920984259,0.4518350269074199,-0.18630798973085536,0.3103344318645708,0.027671560016937092,0.5859238491965316,-0.03574436810198006,0.782711338811914,0.37551399000137126,-0.0800955276333644,0.7255702627729533,0.5755915801449909,0.12843870253924533,-0.06887260186282326,0.6404010152133102,-0.057048911584804046,0.31333050523761785,-0.17654201676603937,-0.12907677255428798,0.7928114747647986,0.17456176552905323,-0.1876186036509035,-0.21047394724602494,-0.00948018066680335,-0.14992041769817946,-0.026539662100859736,-0.13647851178785442,-0.20795407090148071,0.16191905063981452,-0.2014117936158818,0.0608032690224493,-0.19385855883533323,0.2279945576548244,-0.10360798029664296,0.5413961982195098,-0.17443025871650486,-0.012292780492166379,-0.2056430164547399,0.49422922784415807,-0.11821377453935354,-0.19711194248647257,0.43528980652287597,-0.04234240106871652,0.6766618914273058,-0.03803175116378189,-0.18860212811663823,0.25673663856451845,-0.08953787381020262,0.7914911147106601,-0.2082509541001232,0.4254224728813154,-0.07718680696141063,0.5049102552453296,-0.033974981286708866,0.011124066075167456,-0.06507749798739076,0.6524939501539745,0.09731554107121138,0.21277982587092664,-0.03810627279984644,0.025699490610594577,0.6460682948758373,0.2499169663621659,-0.039094591475545976,-0.15539376543296046,-0.09593154795065877,0.7587398024740937,0.43401717139812945,0.10541583345019441,-0.1970863228164532,0.6147265042587896,-0.16361522207059398,0.7924184121602429,0.36009505756908605,-0.13267229168271938,0.06846511326321948,0.7521025121018242,0.6728633821922648,-0.024863041075931517,-0.1347255539105876,-0.06650029283359755,0.29867600259447474,0.6701751724347124,-0.18373717548972726,0.25769382378838007,-0.015013452372309145,-0.19554360244466068,0.10399699094867973,0.7739409261915237,-0.1525566678324754,0.13076138519358527,-0.09628499873089226,0.11664203244528616,0.5286880948578077,0.7345574153995723,-0.15107141585001146,0.766754131574798,-0.20508589148861503,0.7437596737261419,0.07228475496890305,-0.16929353738624559,0.3922793500119214,-0.20241544043054588,-0.11102151692209726
0.0,0.0,0.0,0.0,0.7753171133024276,0.03081698528297241,0.4781948310282537,0.4186338892620738,-0.1001245891229465,0.2132498653321227,0.015599036073364155,0.6681483443040188,-0.053303838873211225,-0.09134379576999609,0.028408775386864236,0.6846029580794957,0.1949838321626609,0.09004529612714932,0.751171897356463,-0.10742027786521784,0.024836018415863564,-0.024940344733053718,0.5607716321548158,0.03282252237320974,0.7448303733934134,0.00698893363463804,0.09078697497211168,0.3495352621337941,-0.07938113917929776,0.019107622867047588,0.6016222679024913,-0.053556415435792,0.3101000074653725,0.7201841065550034,0.7711948984217534,-0.10334830392509273,0.4896453927343937,0.03164988713734377,0.02119928944512773,0.27828733604160627,-0.011563147062558895,-0.09013539097725086,0.04859823755982244,0.5395557262298591,0.046108044961210196,0.003745694031006626,0.0324842274899458,-0.039276888887306294,-0.10611446610264734,0.008414112129492213,0.24072529894307274,-0.07652171277226406,0.6023557801346777,0.028112518922015082,0.4127640134607916,0.76910970057658,0.718842365861999,-0.06690336113108987,0.16684235378524098,0.011842112772627698,0.023052019196586258,0.3651204539078842,0.12443880912923976,-0.035769058206368005,0.6319321095086586,0.6953479254823762,0.7568270807211264,0.018535816734901334,0.12628669876796683,0.6340924704426181,0.014763294042251678,-0.09834770445419617,0.02091957009155823,0.030210062133749462,0.5217579528674623,0.15814819981894304,-0.09600442464010397,0.0015828291418922425,0.022016936188350968,0.31434748508397614,0.0318167458501375,-0.10738439616861463,-0.031999042871530846,0.6615200106457054,0.7376834506252185,0.2728601792856946,0.5685694244515129,0.45537659467445785,0.44243701378158057,-0.005671891825435047,-0.05967531468184315,0.03253524460733528,0.7744863824408399,0.029511628286316052,0.026426799383770697,0.008814747507529766,-0.1038739697428684,0.7614907589766444,-0.10595785599912837,-0.020353111044091467,-0.08505718041406365,0.24951132370972606,-0.017705731618479072,0.026473520333963163,0.5081715741513357,-0.04675148551700005,0.03282726920504149,-0.07089316730886636,0.0698052283738476,-0.07286943722507323,0.3815728233839922,0.023030640700669434,0.7735853475127317,0.7083370143705101,0.004469450427681398,0.013803101342132649,0.348341280293031,0.5819274866939176,0.06930862191436657,0.21662734047828006,0.18842247271590964,0.7285976794741272,0.6516247909343698,-0.08168302888155093,0.7080518693964853,0.0050352665701024184,0.3815454641527988,0.017574604363804504,0.6172879728592418,-0.09301112163452786,0.2925525404002263,0.010246687844625131,0.47255040500001383,0.031353401143250845,0.6733197541774347,0.7296104715797951,-0.10511878366861348,0.29184474024468837,-0.06302425426778965,0.03453919844163285,0.7566585588573987,0.019496036457881467,0.5546013793709008,-0.008577451031886169,0.5071763677196478,0.02883510638718988,0.49320464028775973,-0.09826340515051998,0.23794929964934464,0.0009375599006528359,0.42770520634340187,-0.06975675858666454,0.007948318855055777,0.01652610426492669,0.2648081342172178,0.002155131287934782,-0.07143071361749806,0.019047386039593637,0.27116202099533177,0.7651742193417089,0.10797773378922694,0.0211756759513221,0.029200110505498717,-0.06197232735696305,0.4015075515772017,0.03271072775261175,0.7731479813498567,-0.007031199253552826,0.025667729593017708,0.17555267492735505,-0.04465902468991271,-0.035623368001280846,0.03100332955719942,0.1770485638237076,0.7240779476608554,0.4356604296152582,0.02214922148553111,-0.0649025995691328,0.7659245470822876,-0.1010655419512031,0.108751986716003,0.39167292845328755,0.008471778524222108,0.016833791113361297,0.7612217980092313,0.010537336470334311,0.5856698524527046,-0.06648649506630015,0.032213113772766734,-0.043230550979861254,0.7589224177293371,-0.02816931908769569,0.682024691771978,-0.039379815382505345,0.005960650737393421,0.775331904235938,0.02731050325463061,0.7018349955750924,0.6469451674767285
0.0,0.0,0.0,0.0,0.0,0.30879411831778303,-0.013741711087456584,0.04475438230643415,-0.1359891885789963,-0.00739534569712058,0.1932400128445822,0.024908379672241826,-0.12743185529573284,-0.06485216446664602,0.1939712283896011,-0.01310652094018644,0.04012513671052406,-0.003293956690408735,0.01038356784115284,-0.1069972840340941,0.28039733180915855,-0.07931011535012719,0.036426892516775534,0.2792001990891974,-0.00937549848558976,0.0914297742256751,0.025840133786462865,-0.011201855589609497,-0.14431440514431038,0.10660637255514512,-0.014502940784639907,-0.028208241025516227,0.04575797019741294,0.016887685105533325,-0.004332447916069654,-0.08790386730341287,0.04152011695989369,0.2434295615575624,0.24989099376977988,-0.009324864091127214,-0.04250195220665095,-0.1434169743332993,-0.0018053606616408775,-0.014400481630176242,0.015361808836694255,0.04979936430117146,0.30073061889905595,-0.10795400262434635,-0.12325758043563582,0.03970649175316808,0.043361319349174955,-0.047270011560590686,0.03256896338693629,0.3010463906421457,-0.012610636562365597,0.004660419695687231,-0.011516134307775825,-0.13931855469259521,-0.005912659776622791,0.15060271178000012,0.13859234096534592,0.045893287726033315,0.031741623350760105,-0.017030174399948764,-0.01425837582616839,0.02101134057276332,-0.007793341626161645,0.22414879975313773,-0.004553651479897284,0.029139311373749765,0.07659367823377425,-0.07641732355269887,-0.0007847390855051375,0.2185168247931436,0.03944905672216706,0.03633512863202117,-0.1401479557250406,0.02125090709377049,0.008051345235505028,-0.010309053885231432,0.3067037032778933,-0.11544871541677906,-0.0946324443217942,-0.0137525624791809,0.013484534444587358,0.044811552525515795,-0.014533397983755617,0.043316000946220234,-0.013170225063349012,-0.02232206483468268,-0.13382705549498966,0.26563807952292323,-0.0024182531351331377,0.3066386461676548,0.17124441478193775,0.11416844274919878,-0.12973102755579644,0.0074810276498674735,-0.09698171020125133,-0.008963090243294235,-0.1445306129173728,-0.00849413800477113,-0.0608023204422488,0.2917632185807416,-0.014120301380233184,-0.11929084448642674,0.29073214252491625,-0.041931099275706485,0.02134960778765929,-0.14243612688233606,-0.011949642053332966,0.2660313427896954,0.002136551246207383,-0.012109649131595112,0.019980936057782672,0.17324900400684973,0.046000387844631764,0.03454940294842316,-0.002555329384029796,0.04184156148224867,-0.006612244245759154,-0.010848472263060233,0.02703992873782917,-0.05270307447337344,0.018984350783467663,0.06653089077096097,0.045669743974482674,0.21429724451607923,-0.01440617819983374,-0.14212552320449065,0.04540444982873319,0.00393272142921458,0.042469865757435714,0.3082727689820743,-0.013455088317161206,0.01512109029415285,-0.1265992000664736,-0.00970261815049936,-0.13660321399020278,0.012023128310030395,0.00892295109841494,0.23370676634058582,-0.014486044648938495,-0.03262433175095909,0.04043580062639553,0.3042624528182225,-0.013943719486260064,-0.13811703938013178,-0.008149844020884322,0.012622733561946715,-0.012901381443198771,-0.14097132910359597,0.10344499732151624,0.20325070135540144,-0.008940505051147204,0.028861697682430004,-0.14180338060235717,0.22927756116127995,-0.00912275496446446,-0.006174623217712209,0.029037290810252622,0.1227047118112242,0.3056297254158323,-0.034435380349078025,0.045246092770656415,0.2725122058599626,-0.0033890772122470753,-0.027230313314188216,0.2863945698331847,0.038271571698259135,-0.02232426951301815,-0.10156274780044663,0.23133767986908263,-0.006245649834371132,-0.011173794666907011,-0.013048828054272196,0.2584407555428154,-0.1379851579582361,0.005956929935589569,-0.08211382406511317,-0.003949271911372978,0.04547526561969774,0.1099384957419455,0.090324151173881,-0.007021775520055532,0.13510603670273663,-0.014544615301582312,-0.038097438517569575,0.3039819092859886,-0.11423239726036191,-0.007443361060241764,-0.08663178708251656,0.02298724109971496,-0.1081257145847281,0.07839444273371554,-0.001150086940649703,0.2968088335844501,0.019995514209808225,-0.01404017910202927
0.0,0.0,0.0,0.0,0.0,0.0,0.30784088651506264,-0.12887018719004234,0.037436512987994296,0.2035983030043134,0.0016407568669565076,-0.1312220546775583,0.017824762896224595,0.03563328231110777,-0.004021402001798541,0.2101912012783226,-0.06993493476135948,0.09622386276374534,-0.07622592033897017,0.04133378931194176,0.0014006690234111068,0.007514038459688226,-0.14428365028870008,-0.002205436334063935,0.12321244270958394,0.0009507011211363204,-0.034058253129580496,0.2822750730266528,0.028355804312362135,-0.003758280879629023,0.2751155386048538,0.020880988482704685,-0.10405836276201709,-0.1066794964345742,0.0473359324564966,0.04010380690423499,-0.13967035563405344,-0.003270246449503765,0.0016643959443006981,0.2469869413789332,0.0032374149835119386,0.032963282805384415,0.05362018233172533,0.299571206865797,-0.017563148648203266,0.0005449839279001062,-0.001099691675935535,0.012550816583690535,0.04034284478408951,-0.0019731409942132,-0.08428895767637476,0.02988521526675401,-0.14293465907306335,0.0008594699820008352,0.30150627617800135,-0.039387962907031324,0.16742560468881007,0.02320668003624418,0.16677726594918377,0.0014190436477273768,-0.004094037585463787,-0.1177014260159705,-0.046075782215347694,0.01390818746627706,0.25632679461725516,-0.12092725227284096,0.0961118532841405,0.0017065095318732197,0.13093885659637056,-0.13909391950586814,-0.003157980109404813,0.03828566215996179,0.023547887791511846,-0.0037344040563085626,-0.14266359860217884,-0.05771725459998626,0.035560770434136225,0.00023949648438537308,-0.008446736235853323,0.2665439809156954,-0.0005376303027146845,0.041094252817668465,0.009943592487198484,0.23280522358977243,-0.09206917980446495,-0.09376927110651338,0.2903148137438721,-0.13510480190482338,0.30619327340573754,0.0015241004366835394,0.020315523774942303,-0.0026791957823403523,0.024881240661765797,0.00048516111771943984,-0.004147385072193963,0.001148103320388384,0.03921030803212527,-0.05890176852131873,0.040974776949119746,0.007890378369941596,0.030766215397440476,0.2290291823643906,0.005141654149663805,0.0011766481440639116,0.30563250816870297,0.015323360857340795,-0.0016959552615422068,0.027682977996016735,-0.026383513880973757,0.025643713242715725,0.29353163045933545,0.0015661602369244454,-0.019298743765778652,0.1819784400173695,-0.0010967317624158437,0.0015521465780390844,-0.11375425918442472,-0.14405012248249632,0.07528271004088323,-0.07684603167155893,0.18447570714129682,0.15244059318969513,-0.13561407149223528,0.03189802580218553,-0.1143726666948972,0.0007142371581559542,-0.12136863768060853,0.0016967598404785452,0.26602360409616876,0.03422709776239165,-0.09930829188590774,-0.003943681682673257,-0.13755593927702126,-0.00026182414106568026,0.22176647528958357,-0.09943684388391458,0.03982724893561735,0.2547338222114305,0.021646605526426055,-0.013203014104367864,-0.06783159208180549,0.0017036572845394785,0.2952262574614346,0.0023540102440220445,-0.14147221509910995,0.000680710381246486,0.3071584145626474,0.03658234842063775,0.2212518829532539,0.00014342332982400402,0.30423029753914005,0.024366574327043967,0.001057406914164381,0.0016727792663970209,0.23882755184861215,0.00032285213416511504,0.025051865428959534,0.0017066174955017296,0.24272987243196625,0.07178031267715397,-0.04024417532190803,-0.003964036398808599,0.0005789901084459931,0.024184453126376293,-0.12554654361292997,-0.0024523657722368124,0.03593118079428234,0.001908526300442034,0.001296848917139742,-0.06355875782234277,0.017390395989843856,0.011229862186977553,-0.0035188117187002345,0.17526990289511507,0.1595802338092923,0.30538079423537334,0.0016213332063337459,0.02239960007101261,-0.04871288821952973,0.039287189190360554,0.1144489010126051,-0.12352774592510528,0.0011128615418510826,-0.003469397578712756,0.08413907072272639,0.0013114364466114592,0.2831001209228515,0.025955604916525765,-0.0008347839014826865,0.014006084915455902,0.09059084734882343,0.008612409328517348,-0.12651799059565527,0.01258836896896074,0.0008293445490908756,0.011393717385031126,0.0010282195451377294,-0.11774822234118863,0.2450885910558067
0.0,0.0,0.0,0.0,0.0,0.0,0.0,0.2659208111194309,-0.11884056766574837,0.01743731283496041,-0.0053651004094645155,0.16544084805429898,-0.057493236085088266,-0.1094936858237768,0.013124893363570318,-0.0376540573642363,0.18035429897493577,0.010322572685414888,0.06525860600617513,-0.12949605733543484,-0.004579342537899308,-0.024358425512360376,0.2371144817451314,0.00720496650891777,-0.03870069563471802,-0.0031089167047323703,0.09436995676577184,0.014381134675911107,-0.0908584605600768,0.012251753998235814,-0.022651727217327826,-0.06269683763700831,0.24281744897065868,0.11008422347763522,-0.021834185874416275,-0.12460531042582745,0.26027748565641995,0.010679296115199563,-0.00544197868677141,0.01750085055223522,-0.010514919755274169,-0.10520607094007067,0.006064567012505626,-0.010515551169291244,0.04997532236592807,-0.001782201562436176,0.00359362411311008,-0.040590766122984054,-0.12727870674032546,0.0064244345221963406,0.2095346393302404,-0.09092326162628474,0.21498323371820968,-0.002809658191785486,0.00871251668594696,0.027733370487636962,-0.0406418691602805,-0.07462118932669996,0.015785557163806127,-0.004640291623478489,0.013352553963429424,0.2591489101847693,0.12494352584632443,-0.041363960799066485,-0.02864081566853579,0.13873813681268105,-0.0348164242258557,-0.005579902911491137,0.013308537080009663,0.19347507947000941,0.01028966943531455,-0.11832504328731171,0.0027472223373824376,0.012191654744215203,0.2520457440104013,0.15293753737345817,-0.11317515480771717,-0.0007832074244990026,0.024360637681753974,0.016349128317279433,0.0017571012562292154,-0.12920968663071594,-0.03219845258030282,-0.034075958830299645,0.08647583463203323,0.2266487557751621,-0.01607875876842696,0.265129392822189,0.005110610493023606,-0.004953992288724244,-0.06543701715433693,0.008751328850773172,-0.012789660049150307,-0.0015859168479868493,0.01353233808654293,-0.003754401815835403,-0.12407395733368777,0.04588141417187586,-0.12782172407542194,-0.023276734120008698,-0.09839137715460745,0.017806099213788618,-0.01668559326722241,-0.0038467546176006104,-0.0048877173092606386,-0.049489530846056666,0.0055413270718808,-0.0839384203576023,0.07404317691703229,-0.08232754420283805,0.011852412547457225,-0.0051206075878793954,0.012291668348920131,-0.040158917237522185,0.003569261172836816,-0.005075448849258679,0.25515088944303416,0.22668090777809202,0.008301364499301378,0.19485066423146494,0.016714684632670843,-0.040566115812521536,0.17972769716024423,-0.09736309146969092,0.12467442637296615,-0.002335675801083643,0.2622061523985297,-0.005548094134419806,-0.025772869770392816,-0.10909759704395725,0.23569899879946035,0.011446613985196037,0.26319987013707996,0.0008557479884356688,-0.03600663581292019,0.09780420346042379,-0.12584164223891092,0.017169317372255997,-0.06967059507848851,0.037814968810486356,0.05543456324607294,-0.005570500432902818,-0.013365348235350868,-0.007648699393763808,0.2562308376993115,-0.0022252128429341637,-0.00238251131253617,-0.11627281042359285,0.017778572804137523,-0.00046902791631804467,0.006972995867735198,-0.07829334895505553,-0.0034578369910542328,-0.005469752370770186,0.017710763733963568,-0.0010557963953506627,-0.08045927175363725,-0.005580215955854218,0.01762660174378118,-0.02938230086466329,0.11030740046571955,0.012925642665286176,-0.0018926601983074406,-0.07295512322073791,0.2647609236815274,0.008011038137559663,-0.017512308727743415,-0.006202466322298607,-0.004239820736622637,0.16631472231947758,-0.051965519766178025,-0.036341596097507506,0.011489466399958976,0.016259377974771685,-0.040675146617907734,0.005985318639458032,-0.0053010886926159045,-0.0720616596743644,0.03597529545418739,-0.12174636404633818,0.01195238049229654,0.2636627980267231,-0.0036391667475023427,0.011307042644587654,-0.03238579762182986,-0.004288460698286997,-0.01946359424061644,-0.0784992168098072,0.0027281028695696056,-0.04526504173460852,-0.03375247343750687,-0.027905073015134754,0.15235095785427236,-0.04071147600160811,-0.002712081926549619,-0.006249936103392009,-0.0033614119761854067,0.13169896648905338,-0.031480026385971395
0.0,0.0,0.0,0.0,0.0,0.0,0.0,0.0,0.23743576971449873,0.0027741384365489318,0.016952678857554495,0.016690509055187226,0.14938709337405712,0.12690087964520264,-0.040458311294629665,-0.005771870639346569,-0.03303024292595073,0.0016451163968183192,0.008302867190252788,0.2059569617772355,0.014441219598484895,0.06827488550695919,0.015305327963117878,-0.022495999861632126,-0.005777098010265819,0.009832831082165807,-0.03224753765967234,0.0022805595138863668,0.21250393049145017,-0.037174795260813874,-0.003530545092305947,0.05195773067964205,-0.017400290294433216,0.012879275226642922,-0.003152932277213502,0.1724207482474098,0.009213058783247767,-0.033166481875161365,0.01717837632258391,0.002780575663153564,0.03030342035603612,0.2304615899857125,0.0009669201699163665,-0.001650648408970328,-0.022045484389941614,0.005638075018079734,-0.011262640296859932,0.10986536633049453,0.22843397591530953,-0.019168461982723022,-0.027895320399564456,0.0907373191159553,0.01708238644312136,0.008848494148128093,0.0013784800111836326,0.0037366866844486934,-0.006155194407334873,0.18470745216347279,0.002513263420897708,0.014669405424024985,-0.040772779958349735,-0.008350622626699476,-0.035193330271164,0.03021534449978776,-0.004442608004185775,0.015163928330990176,-0.0051438809218368195,0.017623121405207772,0.0021200787858701104,0.017423803457637485,-0.03100931517520748,0.15018461071148187,0.0004381161626513499,-0.037723789632429616,0.012404343140093888,-0.03528684699140008,0.23628181887817137,0.0024780476162182897,-0.012370855115655012,0.0025952691893442485,-0.005515407075233342,0.2186234049076543,0.08877576506883045,-0.005254266230445308,0.010602354842960342,-0.023296484638182333,-0.0025165125551129745,0.005099698241183894,0.0008075021450804011,0.014434709060214934,0.1664265624930974,-0.027267904133469106,-0.0018225957210473128,0.004990292227372844,-0.041560513241312554,0.011872476890214784,0.23451025974390313,0.006019278268999995,0.18903573026364706,0.015350155656938676,0.22289631922934222,0.002830843477072398,0.04750168522488148,0.012123774308180759,-0.0007692230800600379,0.13119290060284547,-0.017334154209178956,0.07975499936522593,-0.028514008785363396,0.19870258076846498,0.0018775438725016837,0.016156707645217094,0.0016922482400547288,-0.006108092020975558,-0.010582044671915763,0.01604132700015634,-0.011101178214052059,0.016388506674409574,0.00132328473262011,-0.03085849999476774,0.0026602980317314154,-0.006115371433825588,0.017197779496793707,0.10194349553420728,0.01411536757848253,0.007388351529225699,-0.0057026635913509606,0.017525558160347527,-0.0040075970292854386,0.23378849997093068,-0.020230406647019167,-0.006237008488136004,0.007246382799077776,-0.0026880037023080255,-0.0055361801323490474,0.011734743882869448,0.2318614722546332,0.0027270272058902943,0.17505430763558513,-0.017839744286427112,0.007165793232779293,0.01759029008623321,-0.0020949464838152625,0.022168100729050084,0.011040135286596907,0.007005029080464331,-0.0003753524593272527,0.23731406907419209,0.0028271230855404094,0.0014840469102168161,0.0011025362630387556,0.1915414311667878,0.01093550352199571,0.017280979658349665,0.002814776226374737,0.003340398042305455,0.19543305653461565,0.017622466935050693,0.0028010076110343177,-0.004295338785495252,-0.03416607465364956,-0.03934895880637298,0.005956768519021685,0.06446541758001613,-0.0025762018693159423,-0.02498706998473741,-0.0025125813595005793,0.018027889607379693,0.013366707039641173,-0.03447924070787187,0.040376382528180106,0.09930124530435103,-0.03561910667337239,0.0025882991976455896,-0.006145524930106924,0.0009460201793666372,0.01672992649258944,0.17977743523372092,0.004789848217392459,0.16135188084263982,0.0019044517815841524,-0.004101828143352537,0.011508430304449948,-0.03418583896449115,-0.004760770357754468,0.013559051491685355,-0.0030401017466762537,0.07191025074894128,-0.008556493648658273,0.12120628684283698,-0.004975336665455673,0.07764177821616686,0.016025964188314007,0.11016197657676885,0.008578429149760664,-0.0008825639562637471,0.010590312398538408,0.0146578124339982,-0.0048691701080003326
0.0,0.0,0.0,0.0,0.0,0.0,0.0,0.0,0.0,0.0816098529627778,-0.00019198679391566894,0.01879491346584042,-0.0010577970157962784,0.0026620119615928385,0.0004382481362986071,-0.04290628061775055,-0.005836055894898205,0.05603038937389012,0.0158359446916855,0.0015755192414046047,-0.00016298211014340177,-0.0006022790830894776,0.01089706816086963,0.0002494486657783695,-0.029567928526159467,-0.00011153750285066027,-0.0035654810151578894,0.05170257715085024,-0.0009455795573422572,0.0003907471132599726,-0.03737337952788574,0.0020355936668059044,-0.004812172450564822,0.01932997821493906,-0.01166559914790405,0.0022579630024214645,0.004995831291400702,0.00036423892803558985,-0.00019420409387002895,0.07319829794013277,-0.0002857273202477378,-0.0006170121399352697,0.03405755384178752,-0.021790282924186857,-0.0019100891466909001,-6.39814662172919e-5,0.00012572852845948076,-0.0008826949071208304,0.0007789030634519107,0.00019482895770416353,-0.005916927774617868,0.0025889734258710655,0.014370030946577734,-9.962823212570355e-5,0.026714271228898287,0.008962844102812078,-0.03790573178630518,-0.001089678465953255,0.07885015651070174,-0.00016626633422415154,0.0004338471304011829,-0.002838354912810729,-0.004579222623381015,0.0014278107498820235,-0.041765330355497524,0.019640664141655023,-0.023507255564213927,-0.00019941640579074313,0.06970448849562587,0.016773037510994605,0.00032159893879681945,0.002522635237538496,0.015726200034878755,0.0004114949168496416,0.007596930173215264,-0.005339387269701915,-0.0003087925357274105,-2.812773603353244e-5,-0.0009220497013374696,0.06357115659951655,6.173966890043333e-5,0.0011857707630120045,-0.000750490211768294,-0.04354048083653125,0.018005883582941255,-0.005594437595882638,-0.030055880223885497,0.0024309038483799053,0.014421151617020869,-0.00013950034688082444,-0.001092810665530765,0.0003012420799402103,-0.0060830256537059745,-5.61034205943049e-5,0.0004470875608897029,-0.0001346369588175406,0.00040434227571106425,0.012856950019106379,0.001969028571671752,0.0008338988352562879,-0.0008023528069445871,0.07851329316699174,-0.00043527251177273894,-0.00013668604437362845,-0.011257587824737701,-0.0009909248967573815,0.00019285833437203837,0.0024886861528710807,-0.0028249266650162918,-0.0010458333675551752,0.039427578929614536,-0.00018251194560610232,0.004532338980899125,-0.04003722523718576,0.00010615071919359359,-0.00018174237479389192,-0.0035437127539560405,0.012688034822831958,0.04587210249622666,-0.005951213104766726,0.08112417045627185,-0.03535440835099029,0.0179119506383426,0.002651796485083545,0.01965340649059697,-8.383074126697472e-5,-0.0020611369366763128,-0.0001983694553791659,-0.039943819231391016,-0.0004811162960668529,-0.005236125623642564,-0.0004290396289824179,0.0036844074522923266,3.0126747527185682e-5,-0.04345758990895767,0.018772178972943036,0.0005901806207043693,0.06993059453041696,-0.0010975346349024612,-0.0014408547048713007,0.014459061471348924,-0.00019898321454977428,-0.026272421209980325,-0.0002117145149601081,0.006396802262886092,-7.881552733942817e-5,-0.005759893557805898,-0.0001519766223606765,0.07996360186433142,-1.684614711387893e-5,0.020518755054795786,-0.0010738437008701535,-0.00012402810555850398,-0.00019565796986279,0.07597699582478054,-3.7913836469440596e-5,-0.001060239728933674,-0.00019937667176087842,0.07472808664156835,-0.017696406458395424,-0.004112547288833939,0.0004162503343141649,-6.699409594408421e-5,0.0022780766102858513,-0.0010033708600758284,0.00027655923134932734,-0.008827497778733534,-0.00017327533951249383,-0.00015078017884283146,-0.005619764252609593,0.0017448792017813993,-0.0008192769439884344,0.00038990338926492925,0.08014536291597696,-0.036610849285668774,0.017221102295822,-0.00018906125902023202,-0.0010956057360918898,0.010883402006677432,0.002406158947326694,0.06373932992780368,-0.001539806288273378,-0.00013051563426493565,0.00035682185181520496,-0.020681182865360775,-0.00015371854344332892,-0.034145257088959304,0.0023915736379781175,9.56468221070375e-5,-0.0009438084695361561,-0.022213245792275894,-0.0006721959219334356,0.01934111588142972,-0.0008843885569596978,-9.732211487915991e-5,-0.002761754595280239,-0.00011932229121924209,0.019685599430694933,-0.043002056426512406
0.0,0.0,0.0,0.0,0.0,0.0,0.0,0.0,0.0,0.0,0.08016174573316351,-0.0011256916671283689,0.016513013306163365,-0.005921302441122692,-0.040713106880178276,0.0003037670500841807,0.0022110772548615616,1.828207858855373e-5,-0.0005457779492479412,-0.005884897724407057,0.05145681134775773,0.01484814432813369,-0.0010437480129626734,-0.036591023460623096,0.00033598006187466765,0.05351396953222654,0.0020938856249487817,-3.684746472653882e-5,0.009501510856384959,-0.025020720802334247,0.00015919388872323651,-0.0029114818722833944,0.0011837656019235534,-0.0008583636006970295,0.00019400438423253512,-0.006598371097753794,-0.0006300702789529014,-0.04291608943157393,0.06998186415958975,-2.05968660521841e-5,0.008930792593055665,0.004979448093240529,1.3440852737199746e-5,6.409679918463864e-5,0.0013994934533395616,0.03176127808788774,-0.022595649104964782,0.01721379540723797,-0.003724463656568796,-0.00930406726132616,0.0018823067388415095,-0.004683790401270773,-0.0011613911216015837,0.026803261585285874,-3.313710846709554e-5,-0.0002413856927816401,0.00034269346835639623,0.013639743867667172,1.176959741454155e-5,0.07453359583965734,-0.0317799733813769,0.0005702529387037834,0.0023135594049706744,-0.0017602014563141183,0.0002129101969780243,-0.0010173859784737872,0.0003058718038410393,0.07762276473629937,1.756749440856511e-5,-0.001180757032542351,-0.01811131293181377,-0.006425050323721612,6.795516203634445e-6,-0.04279238897101452,-0.0008475130414220493,0.0023423757611977848,0.0021589164000057393,0.014227469862904296,0.0007722547563941099,-3.059653139901379e-5,-0.01232339195936102,-0.005002005954659544,0.01645757317615251,0.00026581194638606627,-0.0007019540658854573,0.0015787770885288298,0.00010529420483625366,-0.0003489172452794557,-2.2351443377611667e-5,0.0048872280444174935,0.01540400076629806,-0.040316754227488275,0.00011371195513687075,0.013809837474651015,-0.03760890979819066,0.06313512992246358,-0.002178602476420062,-0.0003925075744309378,-0.0064426528473215516,-0.0009165433449450365,0.00721775665142391,-1.1410228982784024e-5,0.012162376210106147,0.04009548240927926,2.7229404456795756e-5,0.017162176051347157,-0.031084384540044377,-0.004222628994217015,0.0018339239411386918,0.01182146176188736,-3.785063526448035e-5,0.06181089574906392,-0.00010821020108032619,0.0003342884407243349,-0.0046183970005986355,0.07869045773750422,0.0007573857107534184,-0.0011160512637372877,1.6628233198691525e-5,0.002074134096377665,6.8568452168928065e-6,0.00034598078508912703,-0.001162817723657245,-0.005116554820313128,-0.000944091325142169,0.04109268962088339,0.000389707460346658,0.07913423645910761,0.00018663677331679925,0.0036302396330319836,0.0013739918685671806,0.0003854796661388924,-0.0004957178357775893,-0.006343378769951126,0.00028585729071055154,-0.000779515427881035,-0.0029945904130087653,-2.4649674537212982e-5,0.014649723965964836,0.0011240044599486712,-0.0004692205112685301,0.07545163774951943,8.465996269178584e-5,0.007004950185027524,-0.000754679266890042,0.020296404136265742,1.264867293253689e-5,0.0009973276390333144,-7.675036682367334e-6,0.00856439762400221,-2.8533900392376827e-5,0.012808678687055021,0.058816922694826926,0.08002725795931011,-1.6352045437389184e-5,0.01908766288453815,0.012287966489563904,0.07654822148813255,-1.8372854385544948e-5,0.0002600137318948845,0.0022333643747357024,-0.028523483397096868,0.016846594667402407,-0.0035253887533062854,0.00017616448003329824,-0.03870269697691385,0.00015571442232372826,0.005908875625609986,0.04592152820107979,0.0022984485734215453,-0.0023109406903576435,0.01694084762285229,-0.043164110906453675,9.585093699544301e-6,0.00034510410044585497,-2.540462407049412e-5,0.06603807154552045,0.01417839237512038,-0.0003108274580302262,-0.006557008396807437,1.8473144019939103e-5,0.00028040960710282853,0.061480114587400575,-0.021320346552408144,0.00028564998114129886,0.0703420703409885,0.0001323809387008751,-0.0038725420410274125,-0.018051983852142614,0.017283744743579223,0.00029709642528930036,0.015699503789210548,-0.001078204884343386,0.01721851591593383,0.047241091189935996,5.549797499277487e-5,0.03355387277262437,-0.0009819319671390719,0.00023998648486509556
0.0,0.0,0.0,0.0,0.0,0.0,0.0,0.0,0.0,0.0,0.0,0.07793016268055444,-0.006139741402399374,0.01591982640718239,0.0020550445884510264,-0.029629125116335725,-0.03408606497392787,-0.0018281655611501787,0.04597761255786961,0.009402543988440188,-0.00023970218599560477,-0.003417546506814273,0.05413991660501266,0.0009759270978606962,-0.03216721851269926,0.00010028801372600753,-0.021108062986626236,0.003677808721868238,-0.005563296446159791,0.001995197119698818,-0.015708611742985424,0.012168759696006662,-0.02746547632426946,0.06725324750804652,-0.01813100115997465,0.013493453206409512,0.02642835279673787,0.0015768772235624493,-0.00016041932266075147,0.0020577582130742135,-0.0015941312868868983,-0.0036473005656071046,-0.0013441391645051867,-0.006356152331417948,-0.011355064458178642,7.289709157629581e-5,0.00043190761379068493,-0.005074139396351398,0.004638729760579999,0.0010406077402569417,-0.03428639834399218,0.01548399480610213,0.06769798122622006,-0.00021371450441147352,0.0033031472615403647,0.021353088521675917,-0.03314608671322296,-0.006372935976014205,-0.0011766954153601505,7.382902556352496e-5,0.002157515764407213,-0.01594520633544357,-0.02700764248858935,0.00853022681595442,-0.02093886522945617,0.07522670358537044,-0.02906901090187529,-8.148488504745117e-5,-0.0017565708922352224,0.07493822864183104,0.001677952450457289,0.015082186462847378,-0.0006795992196085832,0.0018636656320111856,0.039204178148066725,-0.03135490688662132,-0.0018299489102745732,3.586755014194149e-5,-0.005491409915826375,0.003055501658289313,0.0001943574054363011,0.007069991580197618,-0.004287973385799546,-0.02603341941337987,0.05726953988890522,-0.03220852249256981,-0.010420192582353164,0.013137766250941972,0.002226178705182226,-0.0007707009652233321,-0.006366648456314867,0.0012344835599802189,-0.01052149731105147,-0.000138892977866591,0.002153186819127013,9.99451494442624e-5,0.002404902879365766,0.03394810514710964,0.011760492964818469,0.004978672758213974,-0.004732513142416556,0.0011402509720074131,-0.0024492706979782754,-0.0002452160394848243,-0.00270499470351408,-0.00572733488831718,0.0007141629659660237,0.014883187024830626,-0.01675860530767197,-0.006134556793959167,0.003775682816097322,-0.00020792895720775215,0.009744063080439522,-0.03242983579634834,0.0005734730323178902,4.0534189449845645e-5,-0.020013266358573336,0.06147442916572648,-0.001662842568698381,-0.034634973903249065,-0.0006854716306449261,-0.03335562887652791,0.07722351937996551,0.01586014266995563,0.07191986142599274,8.797152201276745e-5,-0.011513897621577729,-5.333757543199931e-5,-0.018386459440902243,-0.002847492685553548,-0.030012853740558836,-0.0025572078626559997,0.01971150784894614,9.007268419192202e-5,-0.027941319501471044,0.06241835020730507,0.0035126097971524385,0.002462301934041403,-0.0064058886192525,-0.00857341070822078,0.040072298380329975,-0.00011023367164939247,-0.008386854970250527,-0.00117561018394923,0.03340583734305206,-0.00018217814666596102,-0.0012574219003280282,-0.0009015259452037697,0.0007670512481853261,2.2107687102745726e-5,0.0028431690196644094,-0.006289331919528108,0.00010155415991205098,-2.408442314861342e-5,0.0016338854656820492,4.704964805036768e-5,-0.00621474931253126,-9.676678974434554e-5,0.0018356943964893803,-0.024521651644735118,-0.024301623766350915,0.0020984198361715736,-0.00016071197406453938,0.013621319697745531,-0.005562797858634797,0.0011089325174982014,-0.014482263415855701,-0.0009596298311971342,-0.00024606528136911866,-0.0329200170362976,0.010427921074766519,-0.004695732774082268,0.0017280780683898564,-0.0009582571753811082,-0.03332336683528535,0.0025307870943923915,-0.00018636884762457932,-0.006400984352198784,0.02722253504088816,0.014382842301690095,-0.0018472025725628236,-0.008569613093891272,0.00010089552425668373,0.0018440355136770932,-0.027048628383854405,8.896214686413276e-5,-0.013082234728033838,0.014301327555625944,0.0003161106718864897,-0.005441558756234159,-0.028188611672215296,-0.003826837359284153,0.07722258661112194,-0.005084281953912375,9.541410313287903e-5,-0.005099167717212401,-0.00023498309530801446,0.07372355985196538,-0.023555152418183168
0.0,0.0,0.0,0.0,0.0,0.0,0.0,0.0,0.0,0.0,0.0,0.0,0.06941724760482146,-0.033920480705913164,-0.03249634900700655,-0.0007601807151910673,0.010492243909168983,-4.972465207415023e-5,0.0007243123338132909,-0.03340740655720638,0.003893377681165956,0.04617514511763034,-0.0016011762149903076,-0.015674878679099863,-0.0007874079175880873,-0.0016320553071111669,0.010899187844742078,9.961411315766324e-5,0.04746738288563806,-0.0309134319485458,-0.0004143850066859707,-0.01650218535898873,0.004810403597106235,0.0006921035480763752,-0.0004154882937625735,-0.037731105543683675,-0.001519031463905397,-0.025164744799740783,0.002607836229325161,5.585429102805414e-5,0.02276010499016694,0.026176224563246923,-3.656471945333025e-5,-0.00016961555028142098,0.00751590785123601,-0.0011863787747190305,-0.006968237668942855,0.06343350636377994,-0.02085666603773265,-0.01574495233151839,0.008472314494812972,-0.02675516688953659,-0.0011227911401363207,0.003466712672723674,8.920119683917448e-5,0.0004103532337356739,-0.0008328536178885439,0.06337099133911236,-3.199067126994994e-5,-0.0012012771020473566,-0.03370964442403362,0.0020784238308943714,0.011727810706243482,-0.009901016247830826,-0.000547999234503914,0.00042378499189938275,-0.000697787206663834,0.0013251732182581306,-4.776889434351234e-5,-0.0006013891931022591,-0.025756491468247083,-0.0368025636623772,-1.848843450875421e-5,-0.029607846203439057,-0.001720410109992,0.011528052655955339,0.011625291109416729,-0.0005837506999162299,0.004210762372387115,8.285748621996536e-5,-0.0031413649101345842,-0.028230279189411005,0.05591217021852193,-0.0006746028025519114,0.0007667420155755045,0.0068038455372875254,-0.000276751260852492,-0.0009734386061017578,6.000477260446069e-5,0.011223676970142489,0.06807130770934555,-0.019778647018173518,-0.00023419198019826424,0.0022510189054301875,-0.03389107713164373,-0.0016263958709209106,-0.01208558500480525,0.0005989014842242264,-0.036743244272557915,-0.005117246283840531,0.03708515071794906,3.0968295945226074e-5,0.034157706733877496,0.0039806954393997,-7.247930657877424e-5,0.06810553922447471,-0.011496318669768323,-0.02408154580929141,0.009692157482274682,0.056976689497277785,0.00010212684671399227,0.003378909749852669,0.00019913764458670246,-0.0008209750331203737,-0.008593592664422722,-0.00065946829805425,0.0028630353820232827,-0.0013953889815877488,-4.523153031646235e-5,0.009610573804084383,-1.863222642124996e-5,-0.0008312592109786184,-0.00028963481990747745,-0.02926460441723894,0.0005799995267633943,-0.0014316794680667487,0.0013660063021282726,0.0008675131889183861,-0.00048315813036326226,0.019315507996904575,0.005747367967694581,0.0021165902616326654,-0.001290619856390997,-0.0014569900533249658,-0.0007205851044925039,0.0007472340667502225,-0.016695526636266486,6.681302164419624e-5,0.06631221864048865,0.006081423118676211,0.0006708052046429569,0.001792484255182634,-0.00022328443366778002,0.016959416538844353,-0.001664820169233118,0.0029539118245282413,-3.374701950616515e-5,0.005417195530076601,2.083658422285917e-5,-0.00035980903106271246,7.671046661563546e-5,0.06059338839044094,-0.001652619946199127,0.00039176272058708396,4.436197702082273e-5,-0.0007657361098167012,0.05872398880171332,0.0015735981874528194,4.983466200186298e-5,-0.0005764491184334487,0.011472915151577846,-0.03265566439812881,0.00260522173611366,-0.020045303417334157,0.0005859261387317013,-0.01778918081084997,-0.0003272716994104858,0.013914486582085028,0.003995662552366388,0.0111252674443724,-0.013050348911324032,0.06000252375389097,-0.02751803746115727,-2.6049757666672743e-5,-0.0008337723905589833,6.82468797355313e-5,0.0030291314093780575,0.06500872222364626,0.0005042352461671899,-0.03753466713613558,-5.0238215468786025e-5,0.0009577762349903368,-0.0016418778095072856,-0.02843302380766752,-0.0006429416853541752,-0.0014475866400812853,-0.00034630675417328784,-0.02205368265277165,-0.005104526131558577,0.066311611117677,-0.0006736646913350076,0.050901785459620624,0.00022803706102111855,0.06351964527936464,-0.0015527744543536947,-0.0001111231782853496,0.0038132285344858585,0.0005078731556817272,-0.0006135740082957779
0.0,0.0,0.0,0.0,0.0,0.0,0.0,0.0,0.0,0.0,0.0,0.0,0.0,0.05638856088696975,-0.005230201363966022,0.001953774678907952,-0.02607039330850146,0.0001278028909366969,-0.0018610926429200878,0.03504960758231751,0.0006683498158893033,0.004245836464825118,0.004103740612073322,-0.00262111167023034,0.00202370787704218,-0.0002813949421716939,-0.02630271335240856,-0.0002560289096977187,-0.008527525542348265,-0.004717533044072271,0.0010650429461863335,0.034019433763906495,-0.012157310679455734,-0.0017779732312707653,0.0010678066016096982,0.05069733744385209,0.0038849035102113344,-0.004143238836175662,0.0004485434468144931,-0.000143557233767012,0.0026714578396957187,-0.008208702271695269,9.397908169835997e-5,0.0004359442685400544,-0.017746312743888097,-0.00020458188132947884,-0.0011776323998373647,0.003410705926681727,0.0161214994390881,-0.002246390710008351,-0.021220545093648076,0.05006671641828163,0.002880256484686871,0.0005933090786093179,-0.00022926526130385825,-0.0010545062599436675,0.0021405338806811487,-0.004842113738211667,8.222278685801254e-5,-0.0002070452361824564,-0.005260548373111638,-0.005279634931863483,-0.028637400083960204,0.021344432871813986,0.0014084502094585123,-0.001088468702308535,0.0017933577118994313,0.00022813430948226166,0.00012277616981611585,0.0015435536836099634,-0.003830668928270803,0.05550076713035597,4.7519198117949824e-5,-0.004821121104632995,0.00440463043637315,-0.028412078712781057,-0.004880359233036442,-0.00010066994339948266,-0.009777749878386565,-0.00021296101686758628,-0.0005331441049637501,0.025674262992431147,0.004183919556840957,0.0017338349009283923,-0.001969947497430572,-0.01711952151949352,0.0007113019600504903,0.00248613300406201,-0.00015422437223120667,0.0014160994236051445,-0.0021886377279409226,-0.00328777038393297,0.0006018652112439885,0.00038446119263143994,-0.0053909921755601045,-0.0002803877512603929,0.007873160658322794,-0.0015389521238426066,0.044345596964463184,0.011339213900061122,-0.009017295533457838,-7.959503107349316e-5,0.0036452545147661404,0.000682454988135525,0.00018628595726485406,0.0018821556500862922,-0.0019326637948390182,0.046437440544592035,-0.023177199115910666,-0.0068791003476660366,-0.0002624870012480835,0.0005806699150566997,-0.0005117527017457211,0.002110011853927188,-0.0011907820965181897,-0.00011363608691931961,-0.007262613920287205,0.0035780594328355822,0.0001162546199926256,-0.02397621820667768,4.788875608173555e-5,0.002136427807943529,0.0007435713317278887,0.05297429262114037,-0.001489850790196327,-0.00024686979900169796,-0.0034742164136354376,0.00014938331188611408,0.001241799928584228,-0.006981884690624692,-0.014496638305427648,-0.0048652204475382625,0.003298590995627088,-0.00024773665914365115,0.001852012587260942,-0.0019197250920735874,0.011878164190328725,-0.00017172344374298494,-0.00341632570733343,-0.014252912656502194,-0.0017236662041588647,0.00030849528140511746,0.0005738829300791525,0.002068989255788846,0.004260340702444448,0.000505055354776077,8.673648547626965e-5,-0.0025546514359739386,-5.3554406504908296e-5,-6.205137830728814e-5,-0.00019716146081045867,-0.005854156125488439,-0.0002849248115723388,6.747607851210067e-5,-0.0001140195926895555,-0.0001320519443195474,-0.006418481097448709,0.00027086166126430287,-0.0001280855344018763,0.0014814957261741197,-0.02786463157220583,-0.005042497774553368,0.0004451884440506226,0.04016016280246159,-0.0014921954568540188,-0.002965896996656008,0.0008410835225930867,0.0017289640920901482,0.0006854870666845476,-0.02753105185962665,0.027571768333720208,0.0038893997248445247,-0.004506744585671083,6.695338067980819e-5,0.002142890981657826,-0.00017540828600648344,0.0005207887686215806,-0.004109970763685798,-0.0012957319758737631,0.05359170575236802,0.00012912285296708446,-0.0024376490801544795,-0.0002830633450222038,-0.004281815501901302,0.001652393221347955,-0.00024952824835537327,0.0008900711459774534,0.04339033301717774,-0.0008644574048736076,0.002691208676675741,0.0017313575406214439,0.0043002712881865055,-0.0005856303725169361,0.0033946013512491826,-0.0002677395571151037,0.00028557945946915424,0.0006532110018239306,-0.0013045148906575064,0.001576985060708513
0.0,0.0,0.0,0.0,0.0,0.0,0.0,0.0,0.0,0.0,0.0,0.0,0.0,0.0,0.05157915827566136,6.17936317284557e-5,-0.000772249699073916,4.042320676171877e-6,-5.883340847067084e-5,-0.001723445897168555,-0.009408115288018463,-0.00877377684751583,0.00012912040620681318,0.03222932382468902,6.40028599673197e-5,0.004044203085162925,-0.0007321184476858569,-8.09799739590246e-6,0.003554119823870002,0.034207538990615245,3.3685766561232974e-5,0.0005864245152835151,-0.0003724802667788833,-5.6184788415872474e-5,3.376897597171905e-5,-0.0010404421607757201,0.00012174894178998888,0.04670424656488392,-0.006372975714858297,-4.540612623940442e-6,-0.007923423598021378,0.0022643467492345667,2.972496358605027e-6,1.3788416130663335e-5,-0.0004696168740651616,0.0029422223128320888,0.015325595437562227,-0.004788753978421927,-0.0014921949903814171,0.011815689781802542,-0.0006387982985638157,0.0004954759372490501,9.077645472620764e-5,-0.008230405963161484,-7.2514665181255996e-6,-3.334233392341747e-5,6.769921010387248e-5,0.003031841189062412,2.6006512732928363e-6,0.002970542509465894,0.043208865436902014,-0.00016335256439395154,-0.0008179231858921271,0.000435686326263198,4.454694967578399e-5,-3.438386265673518e-5,5.671668978966005e-5,-0.0032552984870571158,3.883328272289012e-6,4.869646581329883e-5,0.024333090031937583,-0.0004964310412665508,1.5030009718143551e-6,0.050954802262018456,0.00013831250872509745,-0.0008276088163845613,0.001017127958165948,0.0014482442546187204,-0.0002482930050033017,-6.735799517057942e-6,0.007092237995210309,-0.001753581665259174,-0.0071571548862711335,5.48378754140403e-5,-6.226483643580651e-5,-0.0005200154919605512,2.2497576497721778e-5,7.771209857133384e-5,-4.8779792117705465e-6,-0.004950397621229861,0.0017084037180121986,0.03912446695545764,1.9033224694087605e-5,-0.005279866835055895,0.04955314546861759,0.004027616838321198,-0.0009532609886448387,-4.8655518122965214e-5,-0.0014317280587575886,0.00025284190805158267,0.003056464749151621,-2.5175350822805873e-6,-0.009145790761223916,-0.009546983298971221,5.892030269255182e-6,-0.0021450053247890444,0.024459380515573705,0.0005685765942972758,-0.0006319071954899915,0.0035659290398366034,-8.302252858752279e-6,-0.008216769512483919,-1.618212476641785e-5,6.673431191348113e-5,0.005578342877632238,0.001628618085005091,-0.00022410983140691354,0.00011268227737331587,3.677056754860766e-6,-0.0007160440008656623,1.5146888091160594e-6,6.756886452686671e-5,2.3468976504658885e-5,0.00038276435760395395,-4.707217119020793e-5,0.0035495653201966775,-0.00010774494848778089,-0.002134084723188311,3.927620912484063e-5,0.0016911383494242773,-0.00044245269025906467,-0.0001203367112730981,0.00010324824954131743,0.003326961811183194,5.857537374567988e-5,-6.0671500608381635e-5,-0.001259009307783903,-5.431488273635993e-6,0.0024098885762403243,-0.00037041661495768854,-5.449243309829152e-5,-0.004396019183486019,1.8151222995775734e-5,-0.006665925402034486,0.00013366633224702306,-0.006972922834071077,2.743388061886209e-6,0.00046864356218738,-1.6938886336520377e-6,0.0008927419568210851,-6.236045919219934e-6,0.0033522435901532075,0.0040938699482313805,-0.0009650140612795641,-3.6063590067351014e-6,0.0018995700554142625,0.003484872267647447,-0.0038622861145797146,-4.051254354135547e-6,4.6852854261017344e-5,-0.0007866164093072122,0.03900609560255618,-0.006129547377756943,0.0006080196024368358,-4.6394236673215046e-5,0.03588291094517384,2.659859073024333e-5,-0.00581687997235581,-0.009620907411841663,-0.0008087420223644344,0.0005237664003562497,-0.006033236667216607,0.04926870952349581,2.1176901094737405e-6,6.777351041156013e-5,-5.5480095667766964e-6,-0.007384844603965217,0.0027373751197121462,-4.096800314256035e-5,-0.0007661213912476581,4.084069923909056e-6,-7.569841048415955e-5,0.0040664895957112715,0.028956185722151504,5.225808340414368e-5,0.0035821111663687137,2.815174237854368e-5,0.0005978902160766389,0.01137224520663919,-0.003386783990956733,5.4755654047354436e-5,-0.008151485127326073,-1.849548675805806e-5,-0.004752687987454526,0.00384889074834176,9.03090013907902e-6,-0.00910183565242781,-4.121269635995455e-5,4.9877232812596225e-5
0.0,0.0,0.0,0.0,0.0,0.0,0.0,0.0,0.0,0.0,0.0,0.0,0.0,0.0,0.0,0.05097332291942662,-0.004191019935533062,0.00483238097530299,-0.010217015660239127,-0.0002587844204941597,3.411283466097013e-6,-3.987315212297581e-5,0.004641893737279552,-7.726207606027117e-6,0.03875436506859222,-1.5369006626270025e-6,-0.0022530577668343414,-0.009457948505223725,9.279251194900638e-5,1.4907375577095579e-5,0.033496944387303905,0.00047747554062919673,-0.0035210228821722753,-0.006761208988330985,0.014409680327557406,-0.0002391978077781532,0.0029099564136242837,-7.0769165148075345e-6,2.360827971703189e-6,-0.005366918468740616,-2.224586780092252e-5,8.772604501837917e-5,0.0035562254977725945,0.014749609180424221,-0.0010687944476289665,-1.1197611796674359e-6,-4.4950497949639025e-6,-3.461190556219958e-5,-0.00014651695365757242,1.2506817417417554e-5,-0.004332065733284052,0.00027012278960928044,0.004236113850279304,2.8812652719243757e-6,-0.008327807860974569,-0.008064158660820999,0.04844412314070558,5.262968099724244e-5,0.0031012331486936435,-1.124637356629899e-6,1.0495351952062377e-5,-0.002022048378720674,-0.003067611664497699,0.0004520021968887189,0.04205303458847399,-0.0032642458596057054,0.030635501561297292,1.2176144207617696e-6,0.004637830582543872,0.0028259875310024875,1.6270267038591755e-5,-0.00014584552950794,0.0017988169472767683,-4.12882232204332e-6,0.003958232229173613,-0.0037242529848451407,5.094563728347026e-5,-5.515479570253065e-7,-0.00046674682644740685,-0.007919626364560298,-2.221465557499515e-6,-0.00021370984892029547,-4.101341703007503e-5,0.048423604865159335,-0.009078686477057117,-0.004112559891129195,0.02336422499548256,0.001540387352422799,-0.005541568445070469,-1.0894122260877435e-5,2.3572043820219328e-5,-8.114432225237838e-6,0.007163016613124966,1.8023828811527668e-6,4.372753120008136e-6,-1.5288432393509665e-6,-7.599015505733829e-5,-0.009974034135268813,-0.00027012929942054535,0.00031470156087900505,9.74709739391439e-5,-0.002985342638652796,-3.2335524179154585e-5,3.410994923805673e-6,0.006462273264126711,-1.963618463864049e-5,-6.5388388845844e-6,0.00034667955650750866,-0.0016994133926137914,7.49907374778388e-5,-0.009622778141957535,3.015706227475292e-6,-0.00456078406593854,0.050223022764328294,7.456594375112087e-6,-6.151289678680782e-7,-0.002552197479823957,0.0046126661846042985,0.004397603765246027,-0.004322077773823394,0.0018043250193745068,0.04580045930017178,0.0015511374690465828,0.00018615313198999187,-0.005025712193863421,-1.3502195380872897e-6,-0.0014489194126088996,8.003285067797896e-7,0.03808582812424538,7.38950080118203e-5,-0.0038445128092601567,-0.00020395855832417947,0.0022465612625175353,-1.0702823405208503e-6,0.05006086056869639,-0.00806789034670908,-0.0001114997501281723,-0.006408253554006612,3.69788426275167e-5,-0.0007714862794798987,-0.010282714612890237,1.639295530748363e-6,0.019137519025807844,-1.659621118672388e-5,0.0035224905346009213,2.412445852046817e-6,0.003038473048342118,2.6295682092449025e-5,-0.002010823221437855,-3.4004649646808785e-7,-0.0071247169598031655,6.375288455058955e-5,-1.5548908341514911e-6,3.6278189855249606e-7,-0.004269557560186267,-7.233161458091948e-7,6.994669233836353e-5,1.4423940313052408e-6,-0.004792716706132083,0.02262482685121256,-0.0026846056541266856,1.2979154869828403e-5,2.1060945293137118e-6,0.0004339080784441267,-0.0006912206104610289,-8.032984569391167e-6,0.010665369123705883,-1.3573519978666582e-5,3.4643071774613133e-6,-0.003980919063690165,0.0004839090633383833,-3.883050445414598e-5,-5.8413110345001445e-6,0.0025241086659193346,0.047154567151188355,-0.006319711783108908,2.7233921103246788e-6,4.458616995461757e-5,-0.009177313510095432,-0.0001993624714148265,0.004880043841235985,-0.0010720244559659217,-1.5439642247678027e-6,1.606114867495268e-5,0.026746058819241,-1.3578830812939932e-6,0.02862882791908724,0.0003950654377449933,-3.4477390899802063e-6,-2.7738102856959567e-5,0.028858399264881072,-4.1238657867257435e-5,-0.0015626916750859988,-3.4463346322836306e-5,-1.463460310484922e-6,0.0031312888984735324,3.221173490655382e-6,-0.0041507625631438385,0.04562468080571033
0.0,0.0,0.0,0.0,0.0,0.0,0.0,0.0,0.0,0.0,0.0,0.0,0.0,0.0,0.0,0.0,0.04266607385922461,0.00014705851313783953,0.003752173460177515,0.0038292593031169424,-5.059683685325846e-5,0.0005913930610114772,-0.009741495443001744,0.00011459663069180896,-0.001378230845092381,2.2795617634385013e-5,0.028208021939729735,-0.00027273033146473554,-0.0013760084460838692,-0.00022110873503678168,0.0005605455572353351,-0.006907652182739347,0.02512005838132406,0.003869238132422206,-0.0013194525140776152,0.003533012031417143,-0.009136852689982154,0.00010496620017230755,-3.5016271692378e-5,-0.00015918308208187916,0.0003299510802424471,-0.0013006780210937634,0.00010840987268510454,0.0003314023592460724,0.014223881617714044,1.660852152364282e-5,6.667146865222473e-5,0.0005133498103431415,0.002170331619050311,-0.00018550283843607145,0.038913520980228024,-0.003952001225692616,-0.006813268638383696,-4.2735500617948365e-5,-0.00023033302265282313,0.0019058346349156436,-0.0007264814897889332,-0.000780514687694854,9.385418811057367e-5,1.66808459186278e-5,-0.00015566894412765063,0.011606819208692594,0.03630982710328932,-0.006471620732816255,0.0005209499004289131,0.002448850762768981,-0.0015850736526809147,-1.8059900195021814e-5,0.00014083423508328628,-0.003619790428916914,-0.00024132318265972198,0.002150779557916352,5.4880878193130164e-5,6.123948574900009e-5,-0.010425573468619036,0.041268146307610575,-0.0007552385208322614,8.180669491999246e-6,0.006379782961972512,-0.0002320213145515362,3.294921808439939e-5,0.003164171041668359,0.0006083006226656301,0.000312976773764079,0.004137532098031199,0.033400904552949015,0.00047183678413320964,-0.005783279344987857,-0.00014900708304862138,0.00016158232289787243,-0.00034959294193790704,0.00012035484755529004,-0.0008376470008408178,-2.6733301733487113e-5,-6.48574880086325e-5,2.2676108342276666e-5,0.0011260044436644107,0.0029555681691554787,0.003993711378744912,-0.004459791334963274,-0.0014452849322179808,-8.920757450951051e-5,0.00047959900506081466,-5.0592556804668256e-5,0.000157274545605373,0.00029123195547119113,9.698534889940513e-5,-0.005059321227716724,0.021936092926627862,-0.0011120925305243218,-0.0002723707825745336,-4.47295565443982e-5,0.000861831411259121,-0.00047373527692865034,-0.00011059711556504199,9.123715691536153e-6,0.01570730030933622,-0.008486545412490101,0.00013395455001343645,0.04158394060542796,5.4475068921962426e-5,-0.0009754136394190668,-0.001730136508591051,-0.0027293504271493378,0.003301360570832976,2.0026725922525458e-5,0.007745646280760167,-1.1870632205465267e-5,0.0005583187910761235,-0.0010955415127863796,0.029205632479755748,0.0028197856520258417,-0.00771992955454456,1.5874640294199095e-5,0.0001710394397156646,0.004105779674358616,0.0016519211412944145,-0.00018926997525537724,-0.00054841888859793,0.010405545640433346,0.0033961560954036294,-2.431435856784264e-5,0.0004088667209021665,0.00024615570573263885,-0.010059334661382544,-3.5781877351919476e-5,7.613219453949443e-5,-0.0003897855737386856,-6.0235795543212146e-5,5.043637560145071e-6,-0.00019445174631122817,-0.0009454588458394634,2.3062451466156116e-5,-5.380853546598556e-6,-0.00012710872285169266,1.0728369564478029e-5,-0.0010373015877706625,-2.139387624307346e-5,-0.00014244073084116647,-0.0015725737742268992,0.03269820174552202,-0.00019250910106910555,-3.1238013441475554e-5,-0.006305071465757282,0.003375672736182328,0.00011914680353918507,-0.00110639304865718,0.00020132318649707367,-5.1383294923333035e-5,0.04245448495088676,-0.006965765825839705,0.000575921490840668,8.663945406516617e-5,7.630678440869342e-5,-0.0008590744929621836,-0.0001711399129091799,-4.039389531744767e-5,-0.000661234074227732,0.002412897584945429,0.0029424723427644104,0.00014835681103751367,0.0054767978619817085,2.2900385808113458e-5,-0.0002382215994142486,-0.0016057728371125398,2.014039311844138e-5,0.0005307892278245453,-0.005753460804967549,5.11375497226728e-5,0.00041139755900765313,-0.0016006947178416363,0.000611644031994321,0.0013346188040070921,0.0005111463560324086,2.1706335675458528e-5,-0.0004236418845897488,-4.77770872706004e-5,0.002913427710209054,0.00043992568390628504
0.0,0.0,0.0,0.0,0.0,0.0,0.0,0.0,0.0,0.0,0.0,0.0,0.0,0.0,0.0,0.0,0.0,0.016706009785648353,0.0008302619984828995,-1.0505016170790102e-5,1.395294204398409e-7,-1.6307859726186513e-6,-0.000328033430461712,-3.1601965054190023e-7,-0.0018731583117062457,-6.286281114675377e-8,-4.634475487282566e-5,-0.008769897022455104,3.792715690136761e-6,6.097424811421988e-7,0.003348925268704407,1.7996663787322243e-5,9.425415835581132e-5,0.0005522750732366295,-0.0009817729968022513,-9.653451284106115e-6,-0.0001796324165542582,-2.894619951109283e-7,9.656335280278618e-8,-0.007631292324738234,-9.098718944247677e-7,3.5838711853551136e-6,0.013553643860084737,0.003132223805027719,-2.93946955694281e-5,-4.5800837434884243e-8,-1.8385791900753023e-7,-1.4155237566855428e-6,-5.967936714029943e-6,5.115510976201014e-7,4.5608699355277785e-5,1.0569295019249507e-5,-0.0003166748840989489,1.1785043668275629e-7,-0.005092744768338679,0.0006381294363969754,-0.0014140963485234572,2.1518035830721213e-6,0.008021298973718815,-4.6000282262660634e-8,4.2928243228332307e-7,7.887488643175502e-5,-4.466748986442579e-5,1.6442926790646922e-5,0.0024361652694452167,0.0002644696638000502,-0.0017416880056598382,4.980326034422862e-8,0.014219456474337618,-0.00021867009320333935,6.654858879324078e-7,-5.856116977949244e-6,0.007169239025563069,-1.6887815346673867e-7,-0.0002616367290575611,-2.9486876628128376e-5,2.080301054983189e-6,-2.2559594277033244e-8,-1.4315419580426493e-5,-0.00910527608149572,-9.086308089834666e-8,-8.691845719426153e-6,-1.6773808214606426e-6,0.0011253891020432394,0.0007416406836838322,7.441575927298712e-5,0.0036169766797139653,-8.685748959503118e-5,-0.0027331404323023777,-4.4558197062315557e-7,9.63867209070851e-7,-3.3189886769943843e-7,-0.0005153912930388583,7.372164187143794e-8,1.788552417750593e-7,-6.253324458150278e-8,-3.0985303407152655e-6,0.0008022571883357188,-1.0935480404578034e-5,1.1043686719296424e-5,3.98306095114352e-6,-0.005005881282545877,-1.3225282338688115e-6,1.395176158401264e-7,0.0018532031768425117,-8.030261739740811e-7,-2.6745357551429477e-7,1.3452804568161461e-5,-4.075660536105826e-5,3.065668207470875e-6,-0.007268800577535523,1.233493916764889e-7,0.00035299366636442497,-0.0010455330557937919,3.0498693614113505e-7,-2.516020495080464e-8,9.02770155987614e-5,-0.00033599769044629686,0.01604454519771856,2.124199180229273e-5,0.004206440272654113,-0.0016759455932375995,-0.00012197771208466436,7.3352616631710315e-6,0.00040928157141811877,-5.522711988057757e-8,6.152912722372904e-5,3.273529810333302e-8,0.0029461934000535152,3.018221682568902e-6,8.72982826214115e-5,-6.536521700397911e-6,-0.00013289831765543155,-4.3777024207283206e-8,0.0005489526755927527,0.0006595260928028381,-4.544195906620636e-6,-0.008419016828329911,1.512004560443441e-6,-2.243440283250387e-5,0.0008319008472967462,6.705099682057735e-8,0.0034696011142856743,-6.788006504689694e-7,-0.00022610200276207244,9.867463231736888e-8,0.0009948607977152382,1.0734684865009643e-6,-0.003598216253249742,-1.3908692917814797e-8,-0.0039174828272935825,2.606439432771677e-6,-6.359865178207083e-8,1.4838622876203187e-8,-0.006561824820225511,-2.9585312658591215e-8,2.8595602835870914e-6,5.899727057335807e-8,-0.007101549404943465,-0.0014262876443386816,-4.719590608221126e-5,5.308748307767967e-7,8.61441554430598e-8,1.6598220342373497e-5,3.2152585810350796e-5,-3.285675026422139e-7,-0.0007483811130611486,-5.551711799318618e-7,1.4169820921414835e-7,-1.694408724045215e-5,1.7931736435938447e-5,-1.5880793562517877e-6,-2.389228712450974e-7,0.006222206300252775,-0.001565668606999531,-0.0032784011192324566,1.113930657673925e-7,1.823001790947851e-6,0.0007323573591553632,-8.02678392452909e-6,0.015921166314505485,4.775082222284418e-5,-6.315172632258446e-8,6.569333521574523e-7,-0.0016060999266664753,-5.554057597649985e-8,0.0035830319916670657,1.5224998839567838e-5,-1.4102050155849469e-7,-1.1343812369964085e-6,-0.0016843306747404917,-1.6866164948000355e-6,0.0001256927509536829,-1.4094473948126093e-6,-5.985893068516323e-8,-0.00023135792766009318,1.3175347565768842e-7,0.00033725775411188355,0.0018068696487018845
0.0,0.0,0.0,0.0,0.0,0.0,0.0,0.0,0.0,0.0,0.0,0.0,0.0,0.0,0.0,0.0,0.0,0.0,0.01576617916922357,-0.0002818920117340307,3.744146456371525e-6,-4.3760673921146415e-5,-0.008563927361436076,-8.48010304530797e-6,-0.007921192749080107,-1.686866999726822e-6,-0.0012432999306577883,-0.001169265062663246,0.00010177409245098754,1.636189109555402e-5,0.003165100414891232,0.0004829118176096356,0.00252274424653035,0.012352581793068614,-0.007362476679292412,-0.00025904062399639084,-0.004753679456515556,-7.76745238915581e-6,2.5911906808704804e-6,-0.000550287574969689,-2.4415593738820678e-5,9.616992482565854e-5,-6.519698003922647e-5,0.0018140174907085185,-0.0007886662419969544,-1.229024252660457e-6,-4.933661966218626e-6,-3.798430565163822e-5,-0.00016014401192606103,1.3727013488954415e-5,0.00122231795198136,0.00028361362777847005,-0.008156603005344692,3.162410483862625e-6,-0.0011090228889615399,0.009405484824672369,-0.004200298804744994,5.774170663934364e-5,0.00013904238538738143,-1.2343762171403034e-6,1.1519407995656514e-5,0.0021074781498574054,-0.0011981619525483203,0.00044121451988627226,0.002972688305974423,0.006286529654661092,-0.009044372652361757,1.3364257041969372e-6,9.369904216106002e-5,-0.0055451188062212034,1.7857715100023957e-5,-0.00015714274371461093,-4.921840353960435e-5,-4.53169342176678e-6,-0.006888909875066296,-0.0007908309270613104,5.58229794369265e-5,-6.053664177047505e-7,-0.0003841026461213063,-0.0009082585310498612,-2.4382291072669094e-6,-0.0002332374617350346,-4.501100468882384e-5,0.0017998396324171249,0.015425172098352159,0.0019933423425729535,0.002625211164226543,-0.0023076462965994733,-0.0007468701809659632,-1.1956791256310616e-5,2.586450725982737e-5,-8.906207545552936e-6,-0.004597021471424882,1.9782539206290074e-6,4.799419674490836e-6,-1.6780233499410123e-6,-8.314619689175616e-5,0.01360329054745422,-0.0002934428594698197,0.00029633253051590395,0.00010688182813719496,-0.0002700046425168803,-3.548885531211126e-5,3.7438296742452075e-6,0.0008420537205671653,-2.1548484090861927e-5,-7.1768762761056095e-6,0.00036098799741951716,-0.0010934494328369508,8.226443591962167e-5,-0.0012459958757570248,3.309970000931912e-6,0.0044629720337665095,-0.0027401353083706917,8.184050063669993e-6,-6.751514682358564e-7,0.0024136110691355796,-0.00871820891454481,-4.355507986164454e-5,0.0005694511131245395,0.00010435985028447551,-0.005632539917480312,-0.0030562615529443125,0.00019683288205702698,0.009471729751672535,-1.4819700674150499e-6,0.0016428734760884933,8.784222445350168e-7,0.0031707955444581605,8.099122945496707e-5,0.0023375125121985257,-0.00017538699564315587,-0.003524456979846594,-1.1747171451757369e-6,0.0009859073154411906,0.01424815757781063,-0.00012193927680539834,-0.0006887454303519132,4.0573278429829254e-5,-0.0006019334936123708,0.014977726391147816,1.7992532270098679e-6,0.0022580480539491866,-1.821500472573351e-5,-0.005968043358777913,2.647845022838649e-6,0.00040254989428338995,2.8805544054701853e-5,-0.00017083584481247522,-3.7322725402497075e-7,-0.0009562819886533526,6.994144838287925e-5,-1.7066125944511357e-6,3.9818110842175727e-7,-0.00041476807422297123,-7.938952572820971e-7,7.673371691473485e-5,1.5831386546550732e-6,-0.0004780486509377706,-0.00888974483857062,-0.0012660627901294802,1.424554867136718e-5,2.3116008505405836e-6,0.0004453889651803045,0.0008576422605903324,-8.816813394663335e-6,-0.006125943714754579,-1.4897519224627069e-5,3.8023440186902783e-6,-0.0004543888452487915,0.00048116688195015017,-4.2614679913728524e-5,-6.4112803656325335e-6,0.00012881022655823166,-0.004964176138844025,-0.0008505142058604076,2.9891327485222594e-6,4.891860803998511e-5,0.011557400007442799,-0.00021539049035366786,4.9092727469614276e-5,0.0012743678080236103,-1.6946197998616654e-6,1.762821568428772e-5,-0.009124000712116803,-1.490381391201917e-6,0.0029771935975531124,0.0004085415542122901,-3.78415832276616e-6,-3.0440098884565883e-5,-0.009116574544978212,-4.52588357379226e-5,0.003051620184012453,-3.7821251849961034e-5,-1.6062605487669005e-6,-0.0022946305824307245,3.535485981823687e-6,0.007915382657221356,0.0025210388749097356
0.0,0.0,0.0,0.0,0.0,0.0,0.0,0.0,0.0,0.0,0.0,0.0,0.0,0.0,0.0,0.0,0.0,0.0,0.0,0.01572100452127667,-0.0002958544130149949,0.0034477935133616095,0.0005424613344519768,0.0006700633051952242,-3.8716120537229374e-5,0.00013329293736308548,0.0029638591508586677,-6.123321603942322e-6,-0.007811265834508594,-0.0012925576722767026,1.6442675726994805e-5,-0.006050977048842516,-0.0010792011631295423,-6.8996624363445e-5,-3.2622380010822974e-5,0.010978502772611292,0.0005354029695455269,0.0006137396148495885,-0.00020475055696928205,-2.882948596247097e-6,0.00192622637815985,-0.007231197697998553,-3.4168383585961024e-7,9.4640683638005e-6,0.00283713098365052,9.711510446460813e-5,0.0003898425020017516,0.002985831010685632,0.010541253065683119,-0.0010841017624329554,-0.0008690175803445101,-0.005438088130079478,0.0003503406314252852,-0.000249886406171632,-5.804431727907346e-6,2.485511935288255e-5,-2.1129285177098604e-5,-0.004488436308729874,7.28644523754804e-7,9.753798068087358e-5,-0.0009100822042155646,-0.0006061908912857674,0.0021486198025315135,-0.004213036796290064,1.5389163966678513e-5,-7.044716339995456e-5,-4.309429275055525e-5,-0.00010560166309135412,4.910437378720772e-7,0.0001674626334622131,-0.0014105822359249975,0.0054519387845529356,-2.579441350009985e-7,0.00035806189091913855,0.0006032482113476284,0.0010768549562344793,-0.004113972373904366,4.783487796525018e-5,0.0017741578686830183,-4.757518685927713e-6,0.0001926619976203051,0.014289919215479226,0.0035427980395149683,9.269746272813345e-6,-3.4710974979344226e-5,-0.001116571834852826,1.3673837975919855e-5,0.000337795606609327,-3.907405469655228e-6,0.0009436998802982032,-0.0020196004336154984,0.0007037270849281537,-1.9276253628724508e-5,-0.0001563168546825266,-0.00037919610448937976,0.0001325941221085783,0.00575052211630457,2.1035271685566847e-5,0.014310522425195335,-0.0022865757052852793,-0.008128600627991107,-1.4147018946686068e-6,0.0027983177244684655,-0.0002958291460607393,4.398703760341768e-6,0.0016908643304835748,0.0005670911128440205,-0.006164257778887084,0.003141978413393232,-0.006362021688758642,-6.523451513156209e-6,-0.00026154689221156286,1.4994255964737842e-5,-1.3879452880977154e-5,-0.0006462527322951042,5.334913461608481e-5,-0.0007841227189405077,0.0004566518267939783,-2.2826231761269466e-7,-0.0004868128742190847,5.468761600971875e-7,-2.8099123614373057e-5,7.341558736127362e-5,-0.00423854529866592,-7.759617088698373e-5,0.0001171023878601773,-0.00041898159729914896,-6.941116305874667e-5,1.644522007862706e-5,-0.006037933562671584,-0.001134764228630169,0.00092483345167731,0.0004526209760259812,9.282299096514481e-5,5.06336476103926e-6,-5.313558028497594e-5,0.008242993360935891,-3.608109744470456e-6,-0.0031621440769090663,0.002433757010647422,1.2557183476043983e-5,-0.0001421733376510699,1.1771436299693195e-5,0.001437360102374886,0.0005865320686491658,-0.00020922648847828898,2.1037914593668162e-6,-0.0020988045606784287,-8.951340195200236e-7,2.9491692523307298e-5,-5.004061896808485e-6,-0.005424462454373038,0.00013485319224065527,-3.146347593843324e-5,-2.173080414374659e-6,6.273205940916493e-5,-0.0059424454525502796,-0.00012509641250996005,-2.504562825782889e-6,-4.108193189670493e-5,0.0026050637937781473,-0.0011254187037471031,-0.0001826571926982475,-0.00643847820039782,-0.00018861761542863468,0.0006966662548526198,-2.646168229919456e-5,0.0011756977665721834,-0.00030045294749304755,0.000537771124762301,-0.005240487004193199,0.003352146963934229,0.0005065784072927766,6.750145626934129e-7,-2.4867357198439343e-5,-4.450097283610154e-6,-0.00023619506495670218,-0.0038079601355869865,2.5216443963657088e-5,0.008277579762321019,2.572804169068198e-7,-0.0003015580864998394,0.0001339055424919987,-0.0013925239841903715,-4.287200784415817e-5,0.00011776701334926321,1.548801218145616e-5,-0.00641066274373182,0.00029901293452078815,0.002390721802095709,-4.31703889707958e-5,0.0035643190983111177,-4.4870940855833945e-5,0.0029729513223320393,0.00012692357665453522,-9.193016953332227e-6,-0.0002793661424089346,-7.622005485620013e-5,1.3020736308329004e-5
0.0,0.0,0.0,0.0,0.0,0.0,0.0,0.0,0.0,0.0,0.0,0.0,0.0,0.0,0.0,0.0,0.0,0.0,0.0,0.0,0.015349757355975263,-0.0014467547829950347,3.0759485864522435e-6,-0.009005647241874502,-2.1954706478122687e-7,-0.009277184647238016,1.6699059297955266e-5,-3.472345250349171e-8,0.0004923831703320548,0.003377135889749861,9.32413020870843e-8,-3.212227684801039e-5,-6.115959171910637e-6,-3.91256638801211e-7,-1.8499134765882406e-7,3.2689381249314675e-5,3.0357529954836707e-6,-0.005420825599503232,0.012243065218572591,-1.6348303763375486e-8,-0.0012705890534789118,0.0002699111024828412,-1.937584075619682e-9,5.366778623574914e-8,1.5909147630312536e-5,-0.006813500305633238,-0.007670115549731562,-0.0007902969706453802,-6.28671985260444e-5,0.0016168196126044294,-4.921869140676372e-6,-2.7147695777658053e-5,1.9865999185874657e-6,0.01025403111025495,-3.29151269210318e-8,1.409455816094079e-7,-1.1981759498080764e-7,0.0004608482480731052,4.131915578629938e-9,-0.006648238040639916,0.0030897528187064033,-3.4362616161698412e-6,1.21315635753183e-5,-2.2875268269431054e-5,8.726716445851439e-8,-3.994806843789849e-7,-2.4437431242962404e-7,0.0067059102216702636,2.784554559526361e-9,9.496059342747206e-7,0.002881805289121336,2.1255659021949075e-5,-1.462719128488546e-9,-0.002468234084754215,3.4205379063594047e-6,6.088697505721244e-6,0.00010418756998960885,-0.0033682726898407486,9.90558599014447e-6,-2.6978408377889078e-8,-0.004616341140146912,-3.5256323739683664e-5,-0.0011845680270520193,5.256584805455876e-8,-1.968346581682127e-7,-6.32601916769395e-6,7.754007826470356e-8,1.9152341083080163e-6,-2.2157682323537142e-8,-0.000774306655250588,0.00026870666266781977,-0.007948953241471865,-1.093096199938746e-7,0.005514407943478219,0.0016973611562669767,-0.009170523937761842,-5.993047665542326e-5,1.1928437934220316e-7,2.676528386316214e-5,-1.2564659425848418e-5,0.00039619713299420835,-8.022333037860241e-9,-0.0014913965671517278,0.013881177941926195,2.4943680964299575e-8,-0.00035037931994137575,-0.009097786245357247,-3.1428824769265916e-5,1.7669580598747488e-5,0.0005220097037342469,-3.699247006174014e-8,0.014723918036882421,8.502773824717887e-8,-7.870605553812926e-8,0.0008059093692763946,-0.0035878191006432636,-4.4445928848245415e-6,2.589409409048553e-6,-1.294407606677987e-9,-2.7562615123908662e-6,3.1011643414528765e-9,-1.593413819091387e-7,4.1630942892921806e-7,-2.061916561179065e-5,-4.400210412101819e-7,-0.008193119778511386,-2.375175217908276e-6,0.004477875304469019,9.325573295429329e-8,0.00018906112956938593,-6.430090994517789e-6,5.148366723726799e-6,2.5663277498011518e-6,-0.0024589084417993264,2.8712770510794285e-8,-3.0131433385618867e-7,-6.615270276974555e-5,-2.046046623643897e-8,0.0003735866625807114,1.3621995518242788e-5,7.120779899648826e-8,0.00886170102990197,6.675215584563518e-8,-0.0010569048321656994,3.3257128085722034e-6,0.007981564018614298,1.1929947246610674e-8,4.3978060266532946e-5,-5.076028496401735e-9,-0.0020784769461022587,-2.8376483342070147e-8,0.0005010850765446043,-0.00935652215569771,0.0020592684696355674,-1.232286436953313e-8,-0.004413478904066472,0.0005152817171892031,0.007868443051321393,-1.420259614139671e-8,-2.3296283758623413e-7,1.469508085778902e-5,0.0033529734008154004,0.006688887508703411,-3.362852959978216e-5,-1.0693179008949255e-6,-0.008566143543334468,-1.5005594724608168e-7,-0.0009159614132181368,0.014866561123487393,3.042220354775225e-6,-2.8178452392449884e-5,-0.0009979616972559373,-0.003957224602991559,3.827797359325553e-9,-1.4101503674086356e-7,-2.523511911515136e-8,0.013720671327642726,0.00042050564066055694,1.4299451702839724e-7,2.8930435403173e-5,1.4589557926643779e-9,-1.7095604668993659e-6,-0.009273320611523264,0.0031855292815263165,-2.431138069410805e-7,-0.008083763315218253,8.782769942891441e-8,-3.3114163405052925e-5,-0.0064492237261484986,-0.0005564386635763822,-2.448058370836051e-7,-0.0013475213623329481,-2.5444643933388864e-7,-0.000784274596926176,-0.008859787123540129,-5.213072777617582e-8,0.012300484806636109,-4.3221715659438334e-7,7.383654580223968e-8
0.0,0.0,0.0,0.0,0.0,0.0,0.0,0.0,0.0,0.0,0.0,0.0,0.0,0.0,0.0,0.0,0.0,0.0,0.0,0.0,0.0,0.013389984474857139,-4.047203332860101e-5,0.0027736015171539647,2.8887077785150833e-6,-0.00025496737430317514,-0.0002197186790972237,4.568765338315138e-7,-0.0062899488093072714,-0.00668922776088224,-1.226829717390375e-6,0.0004226412322507505,8.047119352216315e-5,5.147989797351108e-6,2.4340381965388802e-6,-0.0004299931265023901,-3.9943155902751226e-5,0.0028383457851596247,0.0001749021772040571,2.151040966630681e-7,0.008865498016110042,-0.0034968319091499083,2.5493904578822716e-8,-7.061381238867329e-7,-0.0002093250250765544,-0.0001916269245624347,0.0013537610152142318,0.008680053164448904,0.0008252608120612365,-0.005560761356489628,6.475985046865445e-5,0.00035718085537391934,-2.6138843390434378e-5,-0.0002926083157905833,4.3308335655077863e-7,-1.8545025199696726e-6,1.5765094990932182e-6,-0.005750773072927749,-5.436601711180796e-8,-0.00017141507450515434,-0.0046751497141047675,4.521287536169085e-5,-0.00015962175365865462,0.00030097843273000166,-1.1482245259254432e-6,5.256198367479531e-6,3.215374255449429e-6,0.00013247131689127507,-3.663801493588989e-8,-1.2494514146140435e-5,-0.007302402290599974,-0.0002796287976046419,1.9245870088998305e-8,0.0017270458518010864,-4.500599381231386e-5,-8.01124314463562e-5,-0.0013577883106466223,-9.570735567652926e-5,-0.00013033280494271105,3.5497053181694944e-7,0.0005802768071548056,0.0004632647282201829,0.01209285929556586,-6.91639252186055e-7,2.5898671653946638e-6,8.323506583192486e-5,-1.020239721958675e-6,-2.5199841082881277e-5,2.915414145934962e-7,0.004555442387834324,-0.0032890920865155035,0.003072885637702955,1.4382499312467731e-6,-0.00028015485679211183,-0.001916415020779244,-0.0002473660163905755,0.0007856039502801497,-1.569493583679447e-6,-0.00035200975666008704,0.0001653186302053464,-0.0051017656718668715,1.055544867364236e-7,0.012050509045965186,-0.00015839487789964584,-3.2819844539067485e-7,0.0040579279640970065,0.002189949327214469,0.00041351090037663346,-0.00023248820639770303,-0.006595326197727573,4.867312498149327e-7,0.00012460051330862653,-1.1187590995584412e-6,1.0355811556023345e-6,-0.0032791536696698833,-8.85219609233209e-5,5.84800698008892e-5,-3.4070356387305034e-5,1.7031236275851964e-8,3.626570669851259e-5,-4.080382129167509e-8,2.096546781840357e-6,-5.4776238724374214e-6,0.00027128247542564766,5.789611269285253e-6,-0.00022861821874822847,3.125155048380307e-5,9.464435978336315e-5,-1.2270195350557599e-6,-0.0024568509268764797,8.460440325108643e-5,-6.773959317157521e-5,-3.3766656458003816e-5,0.00025429332068541,-3.777904715258679e-7,3.964566849716579e-6,0.0008678404768663971,2.6921021044454257e-7,-0.004617100295790223,-0.0001792316430961971,-9.369222212807147e-7,0.0001603630805740171,-8.782967055639788e-7,0.006789949378051932,-4.375832480129385e-5,-0.0003101754916814966,-1.5696922285815845e-7,-0.0005742321926417859,6.678821613527158e-8,-5.920435243701147e-5,3.7336574034032383e-7,-0.00629212777524866,-0.00025479315616125397,4.6085065099641515e-5,1.6213903182496792e-7,-0.00012510611805703303,-0.006492359924227762,0.000148783314368652,1.8687177573978644e-7,3.065226867740878e-6,-0.0001933513180603853,-0.005808091472646015,-0.0003009020694511307,0.00044245667218249053,1.406963274182911e-5,0.002968337698173273,1.9743729603055467e-6,0.005620690125845923,-7.792001711674323e-5,-4.0028218441847114e-5,0.0003707530715543747,0.010598045112927182,0.0023961106979016582,-5.036454133074075e-8,1.8554165171146827e-6,3.3203302302325227e-7,0.0001582939128916828,-0.005222242564583279,-1.8814615669099898e-6,-0.00038057496908976883,-1.919634320707037e-8,2.2493673295836002e-5,-0.000251118536801496,-0.007213525723768445,3.1987889605600416e-6,-0.00021308818539930564,-1.1555998428258174e-6,0.00043568720848880985,0.000977533599966123,0.006300520855273254,3.221051951224485e-6,0.01309368276474357,3.3478989405970957e-6,0.008621386081482758,-0.0002455812650706453,6.85914157742362e-7,-0.00023681793262070766,5.686931004523071e-6,-9.715101190875592e-7
0.0,0.0,0.0,0.0,0.0,0.0,0.0,0.0,0.0,0.0,0.0,0.0,0.0,0.0,0.0,0.0,0.0,0.0,0.0,0.0,0.0,0.0,0.012959948560493463,2.5482959141535307e-6,-0.0013286578588057078,-2.3573372833382472e-7,0.0027678627898674348,-0.00021018652307490585,6.96135236721945e-5,-5.784029975137547e-6,0.0005643901155253047,-0.0008723295434815455,-0.005646041771597222,-0.002310485281451323,-0.0011191487244630398,0.00014379825981446827,0.00905093358177271,2.5935635097806096e-6,1.6169834858286072e-7,-9.895898491377724e-5,4.357510436905328e-6,6.719185028212595e-5,-1.1728520288930127e-5,0.00032485575479480655,0.0017181798638534718,-1.7717173312055074e-7,1.2476663851755758e-6,-9.012382324419995e-6,-6.479579914604409e-5,-4.416611724086842e-6,-0.0027695271718248264,-0.0004332074686733985,0.009667769040468363,-2.704043819459457e-7,-0.00019924008139561247,0.0008507737024200725,-0.0007251822874867213,3.501087079941252e-5,2.5011193735838788e-5,-1.5848341429163416e-7,-4.1310155755245304e-6,-0.004617965075017048,0.002692837907572092,-0.0008521765830073225,0.0005282228268824806,-0.002310986020097996,-0.0014787806756158032,1.2247444825544663e-7,1.6855395409169817e-5,0.005009554000640179,-6.133054774716846e-6,0.0001377288881765978,-8.854101085072672e-6,1.5706282091021043e-6,0.012083678221820698,0.0017878985813021353,3.762006564564993e-5,-8.84878433064027e-8,0.0008207990432299524,-0.0001633046679363644,5.353824205655989e-7,-5.221618176592935e-5,-5.170775367964612e-6,0.000318172726448754,-0.0011749092734647207,-0.004498394567325119,0.00046935441560319574,0.004668726100911354,-0.00013412351838379394,2.8215329399383136e-6,1.3820629136040275e-5,2.8177619516166193e-6,-0.0006611565272053643,-2.588162850595987e-7,-1.7194112691283944e-6,-2.287054441674183e-7,-4.4136156784806016e-5,0.000718631398310236,8.488859484743646e-5,-0.0005950786518063198,7.470620965260826e-5,-4.8560529545440744e-5,3.702796406626469e-6,-1.4640573465911875e-7,0.0001509868488696377,-7.715764930217818e-6,2.0153265529744146e-6,-0.000583197046680154,0.002413680160704342,5.353535213916137e-5,-0.00022392102994056487,1.1518972265394893e-7,0.0005137975223937071,-0.00047636998741692956,-2.4864387647442375e-6,-8.184349152086882e-8,-0.005330207381929086,0.011807591342951231,-7.83525290132305e-6,-0.0012918041661190286,1.877187585728626e-5,-0.0009643693652123522,0.002273199850380629,-0.00028115460250170064,-0.0025745771548646096,-2.1137250523487956e-7,-0.00356728605861114,8.75026832694658e-8,0.000564474540966228,5.5945786055556434e-5,-0.005254687771305566,0.00037005307973703595,0.006937121688340508,2.3472104286159436e-7,0.00017379225636905801,-0.0017903517457511782,-5.7647551497290156e-5,-0.00012385056471042458,2.313556083799615e-5,0.0013004819300363782,0.0004283893380949852,1.4826007864606355e-7,0.0004040555633133343,3.8128319392366734e-6,0.01090440379985953,-2.8659887625736994e-7,7.221338606217489e-5,1.8802183963438013e-5,-3.072603984156471e-5,-5.473837851975769e-8,-0.00017176687712970462,4.401071177306661e-5,-2.355724749601377e-7,4.260783127301721e-8,-7.459233494113176e-5,-1.156689299604836e-7,4.9207284128440277e-5,1.3755487667954273e-7,-8.597066846797639e-5,-0.0014095769210245059,0.0028337527885525992,-5.0821299259322445e-6,-2.780064999162291e-7,-0.0007685493822354708,-0.0018373020366052664,2.7246208066404476e-6,-0.0009077128426892583,3.3359370617902853e-6,-7.2026771308795e-8,0.0010292339652082552,-0.0009022622454677242,-7.497112688087348e-6,2.1847186117525116e-6,2.3170309467411387e-5,-0.0008534657674240366,-0.00015275171660669918,1.4634135427583643e-7,2.8785080328185563e-5,0.0008624719424546968,0.00015510893853602555,8.831318176563834e-6,-0.0027492734564711985,-2.321749441165202e-7,-6.1477083188592035e-6,-0.001471082407146051,-1.970130444350352e-7,0.0005316238777652691,-0.0006837716033734232,9.014173336945525e-7,-9.200709303890506e-6,-0.0014813604966375617,-2.3289316167815105e-6,-0.0014513849953518127,-9.038552055256493e-6,-2.27055830848656e-7,-0.00031525428842774203,-2.1887301564382157e-7,-0.0025154820002010175,0.00044692484990488927
0.0,0.0,0.0,0.0,0.0,0.0,0.0,0.0,0.0,0.0,0.0,0.0,0.0,0.0,0.0,0.0,0.0,0.0,0.0,0.0,0.0,0.0,0.0,0.011875824033561829,8.66116390858686e-8,-0.001583972612889856,1.4503366919545523e-5,1.3708464154654543e-8,0.00040143222211875504,-0.00548331926620238,-3.6807693779302776e-8,-2.8851808089064697e-5,-4.3178376456117e-6,1.4205022143141552e-7,7.289687963658992e-8,2.949539635171749e-5,8.024498633974217e-7,0.008748159410686272,0.001083090036667601,6.454169629068554e-9,0.0006686459862831704,0.0002313688785501657,7.649464205321337e-10,-2.118668945729782e-8,1.4014380747709562e-5,-0.0011905870658429415,0.0070327580599645525,-0.0003163048413673686,-5.637876588794141e-5,-0.00214692222759082,-3.855511775782751e-6,-2.4446971330158798e-5,-2.7843534880185693e-7,-0.001772144656071148,1.2994476485673925e-8,-5.513060719371162e-8,4.7282923343543354e-8,0.00034413564590071933,-1.631253374427641e-9,-0.0010646132236984593,-0.0052473046884639555,-2.115763156308319e-6,1.039011048356697e-5,-2.0497290471243287e-5,-3.444811017216891e-8,1.347224216574637e-7,9.637875735387105e-8,0.0008216462417576949,-1.0993227466927523e-9,-2.1641574162372675e-7,-0.0043751943230827895,1.9177173954681842e-5,5.774737958511661e-10,0.0042040384050378715,4.995674262067696e-7,5.121050130596007e-6,9.115831316847257e-5,-0.0005946591639440199,8.779221800723047e-6,1.0650824907441154e-8,0.0032140285360514865,-3.1719191662118934e-5,-0.00026153522997402997,-2.0748895100165854e-8,7.415452029120729e-8,-4.75400858438977e-6,-3.061034162864556e-8,7.29730385961688e-7,8.747535347230204e-9,0.0006021991590370855,0.00018582321570803818,0.011635102946574088,4.304452369861575e-8,-0.0016689248298887643,-0.002948316478490287,-0.0015366277419004125,-5.349253776299494e-5,-4.6359326706596866e-8,2.414365600740048e-5,-1.1231426370597816e-5,0.0003324050483592055,3.16715111695774e-9,0.0004053892865638898,-0.0009698771968100465,-9.84726823825954e-9,-0.00018880431083135752,0.010388045441614906,-2.8285476008988212e-5,1.5456760397143806e-5,0.00040865384273433797,1.4604210578536889e-8,0.0007700764417104229,-3.3377380551582055e-8,3.106158367389101e-8,-0.0009583517672191495,-0.0005496754683171572,-2.8745500339797726e-6,-1.9260277184472212e-7,5.110206465568831e-10,-2.2147029267781264e-6,-1.2243196294557073e-9,6.287437413366076e-8,-1.1139966891730478e-7,-1.8577531266191313e-5,1.5463136211937653e-7,-0.0014203695812153262,-1.381902092569321e-6,0.0005872357888926793,-3.6812758627743816e-8,0.0001637932131070201,-4.6858153302693595e-6,4.57506420890803e-6,8.316269843693629e-7,0.0014438410774321915,-1.1333232532181023e-8,1.1175645173874477e-7,-5.920014369754238e-5,8.077613212977389e-9,0.00026860125321121213,1.2036224946172352e-5,-2.754505140212408e-8,0.000994190074491942,-2.6351850865526514e-8,0.0006907235426408725,6.668841184125817e-7,-0.0018647010652044912,-4.709727358469484e-9,3.873341954076614e-5,2.003975728815867e-9,-0.00036785848204962476,1.120265475285455e-8,0.00038327718919871194,-0.0015828288780795,0.00028602721655618103,4.864958266046418e-9,-0.0007773151230341049,0.000399225304183116,0.0009226092513368594,5.60706658972141e-9,9.184609374104665e-8,1.2677489834031664e-5,-0.005585184995264053,-0.0018006396083056623,-3.0235119809933944e-5,-5.725109573732685e-7,0.011966126199252167,5.911195750140031e-8,0.0006591984165430644,-0.0004787298167620832,2.529573340626875e-6,-2.5280523218946954e-5,-0.0003153541510970289,0.006590537288838375,-1.5111844747209315e-9,5.564545419898462e-8,9.962476982878933e-9,0.0009793647566761602,0.0003081922181980856,-5.57883720564644e-8,2.6103932026440208e-5,-5.759869763796724e-10,-9.556564605735394e-7,-0.0015599642814209326,-0.005004903185644542,9.586649562038424e-8,-0.0013235633361103891,-3.467113181564827e-8,-2.9787896932658328e-5,0.005246276426414267,-0.00026649873475162943,9.65422122695458e-8,-0.00014403271108612384,8.139417208879483e-8,-0.0003156271769706384,-0.001525716246584257,2.0516054119059934e-8,-0.0014431558855510114,1.4900621593600832e-7,-2.9145769290576718e-8
0.0,0.0,0.0,0.0,0.0,0.0,0.0,0.0,0.0,0.0,0.0,0.0,0.0,0.0,0.0,0.0,0.0,0.0,0.0,0.0,0.0,0.0,0.0,0.0,0.011857499491898661,3.5454258708103146e-9,9.361834935029682e-5,0.0026889385499496944,2.3667518090044557e-6,-1.5683954912827485e-7,-0.006963372610095212,-2.967641597419909e-5,-0.00017968030545824026,0.0008997486504226407,0.00607894180819288,4.8945318189911085e-6,0.00017975736459275037,2.438658230403895e-8,-2.406994284499933e-9,0.0012682182654487244,1.434481756000222e-7,2.2855578507866886e-6,0.00015053607262677595,-0.004086649102833887,5.827843574430923e-5,2.6654716777869436e-9,-8.8986123103892e-9,-3.044763531746072e-7,-2.2052628619361532e-6,-1.3466213752157746e-7,-9.129189382620801e-5,-1.4742167375980423e-5,-0.0002500206007719043,3.739678626645379e-9,0.0025422981002464536,-0.0015586422968057508,0.007604753400944975,1.189276591492624e-6,-0.00032092738048184523,2.381475305092148e-9,-1.0229391272857711e-7,-0.0001396866029249669,9.081203496551315e-5,-2.8982116611871355e-5,-0.006411824108917387,0.0005273034856625119,0.01143967950617038,-1.8325152896204344e-9,-0.0002163136633525303,-0.00030517466688634136,-1.7681473273556896e-7,4.6878480805708496e-6,0.0001136441610771966,2.275723221880386e-8,0.0001598552656945842,6.005387293727081e-5,1.2799414477223462e-6,1.3314355460058343e-9,2.7870833156089285e-5,0.0020912304698530427,-5.251737845969142e-9,-1.7772211573512348e-6,-1.741058797290933e-7,-0.0037685482663447974,0.0007005245943332172,-0.00014630669919502156,-0.005860909029593888,0.00011425057683838805,0.0017083454159000891,9.164795255713678e-8,4.6910491652433243e-7,1.0931102346778686e-8,0.002897564345753632,3.3801938732487524e-9,-3.6994156601257103e-8,3.4388480840591937e-9,-1.5020247736720763e-6,-0.0009231168398165769,2.8893988401181952e-6,-2.023200376032532e-5,2.540613463065278e-6,0.0006226254508242279,1.2308425474569182e-7,2.1006038486979755e-9,-0.0019101938078028118,-2.612700432063294e-7,-7.275292026195611e-9,-1.9845003648408687e-5,8.175789935819368e-5,1.8193892086119177e-6,0.0028613494284680913,-1.703814382879602e-9,-0.0012906273507377944,0.005184097164789562,-7.76396690543931e-8,1.2290436256027198e-9,-0.0001642598558564639,-0.00013122105264817867,0.0001005642535323204,-4.290040637336862e-5,-0.0002408369561146957,0.009660464827420646,-0.0002056675381855093,-9.568313221087715e-6,0.0007680161778396397,3.179677240244798e-9,-0.000105566197460285,-1.310744386725416e-9,-0.006911605732076799,1.9032288356670947e-6,-0.0001691113474003654,1.2570833455461195e-5,0.00015547852869116546,-2.5563126165410565e-9,-0.002030146631665816,0.0008696241952130015,-1.9619154192059535e-6,0.0015867974362981428,7.855859294333232e-7,4.413534432611336e-5,-0.0004577834035109198,-2.2150776084161957e-9,-0.005065040516623298,1.2474572943864958e-7,0.00018089756723649273,3.864478654723299e-9,-0.0009154626345686029,6.397533654508036e-7,0.00039401940501311686,8.236483509609451e-10,0.0021898980267342854,1.4953504159246774e-6,3.5425678012949134e-9,-6.388464187691505e-10,0.0009561707485846865,1.7403677109324342e-9,1.6721281856989706e-6,-2.0566338185488707e-9,0.0011019064431955134,0.009295113148207997,9.571255200340655e-5,-1.3220239301139014e-7,3.6890467899108268e-9,-2.6149066164174023e-5,-5.259452040097234e-5,5.3426050282403325e-9,0.00444315393432344,1.0874220911519014e-7,1.0449755220702852e-9,3.4479900498702034e-5,-3.0690330361934754e-5,-2.529026338963883e-7,2.6229341935374502e-8,-0.00029728919302005166,0.008747016278643554,0.0019465003148449028,-2.172114105614857e-9,9.776096438485927e-7,-0.0013430078914955766,5.2794775570942e-6,-0.00011334192840456279,-8.008309755964921e-5,3.491206817423548e-9,-1.7271391092616444e-7,0.01056076040499186,2.9613708215593935e-9,-0.006601114930483185,-2.326602507979637e-5,-7.63600333849975e-9,-3.112509189121406e-7,0.011081483823096813,-7.822614445080121e-8,0.0002508712327634173,-3.053721578325966e-7,3.415299440453693e-9,0.0011894989849741242,3.090784490108121e-9,0.0006575873065413326,-0.0053655990554088324
0.0,0.0,0.0,0.0,0.0,0.0,0.0,0.0,0.0,0.0,0.0,0.0,0.0,0.0,0.0,0.0,0.0,0.0,0.0,0.0,0.0,0.0,0.0,0.0,0.0,0.01168802255343776,6.022704319917997e-7,-2.463693749114457e-10,1.6669928784705313e-5,-0.00021243172251796344,5.836972627056488e-10,-1.1981548340138641e-6,-1.792575362613004e-7,5.626174503773038e-9,1.1833091226510282e-9,1.2248888815576436e-6,3.3269776445989e-8,0.00020072814496427347,-0.001920580054629942,-1.166672087668829e-10,2.7633343840108297e-5,9.608093801827142e-6,-1.3897122918075215e-11,3.597883157924948e-10,5.819744278797533e-7,0.009851592062326914,-0.0003453459974353967,-1.3128692133651577e-5,-2.3413000040592156e-6,-8.684104162559066e-5,-1.6008480505810704e-7,-1.0152343495534365e-6,-1.1487068562032585e-8,0.0007565582036444273,-2.315382325042641e-10,-1.8166830786321148e-9,-3.432362792319517e-10,1.4289957555838105e-5,2.960615970713904e-11,0.005795567098682888,-0.00019628747802223045,-8.782148717054673e-8,4.3145511859809536e-7,-8.512069391586609e-7,5.143817467335302e-10,5.434845174586533e-9,5.323447644454816e-10,-0.002144909639131469,1.996317639502017e-11,-8.894765639757104e-9,-0.0001734606843759228,7.963919898753161e-7,-1.0490516256860502e-11,0.00012407749783658323,2.0697660638436766e-8,2.1264981295901988e-7,3.7855833867073952e-6,0.005165373341455042,3.64576884362741e-7,-1.9203928582062982e-10,-0.0003056160309990272,-1.3172378966117245e-6,-1.0851407488840485e-5,2.814750629904583e-10,2.8669967468896693e-9,-1.9738106828268565e-7,5.066396804576191e-10,3.026975470569602e-8,-1.5494049130571506e-10,2.48113247171287e-5,7.715819034366299e-6,0.0001401363934951998,9.086254584492403e-10,0.0004683611849887407,-0.00010429670261173929,0.010321955742995098,-2.2214358248931445e-6,-1.6452008003691526e-9,1.0026411886561476e-6,-4.6641488160951853e-7,1.380369495164743e-5,-5.7337366838789534e-11,1.6787102992213415e-5,0.0006236184087001936,1.704959075054856e-10,-7.838286519969673e-6,-0.00018708228066237863,-1.1746390483086367e-6,6.41866738130304e-7,1.696945785337962e-5,-2.6147651312493246e-10,-0.0010052068666083925,-9.946051230594306e-10,-2.826008547375363e-10,-3.906633370529111e-5,0.002509125302711497,-1.193250711277999e-7,-7.958639862432522e-9,-9.286141363047986e-12,-9.195961090982423e-8,2.2212713890535192e-11,-3.193284696639121e-10,-4.563832696867491e-9,-7.714886198068317e-7,6.188607737342056e-9,0.011308553840563285,-5.7355870280177964e-8,-0.0017400064181654956,5.677883761585804e-10,6.801902522293504e-6,-1.9454219461953275e-7,1.8999040555906042e-7,3.448883069148469e-8,-0.00018430173039330657,1.4517318575388946e-10,4.377254424932842e-9,-2.4584639587521587e-6,-1.458846195661131e-10,1.1153213526630686e-5,4.998294540934472e-7,-1.0050356345102528e-9,-0.0022723374309448615,4.4207580117001776e-10,2.850654204953592e-5,2.763964515140463e-8,0.0006482433928717373,8.210674565762899e-11,1.6085098574777327e-6,-3.630302787846238e-11,0.0032317893940643524,-1.9905573609981188e-10,1.591548816573864e-5,0.01114973383300741,-0.0009662896851661507,-8.801132411270832e-11,0.006677012670818228,1.657784398124473e-5,-0.0022456858915779862,-1.0139669759648636e-10,9.946470831934125e-10,5.264443964448167e-7,-0.0002129582498343493,0.0005594299429126775,-1.2556023596004306e-6,-2.3759391798265843e-8,8.061774993716677e-5,1.1070453114860796e-9,2.7182449870986944e-5,0.00036931620916329455,1.0503819667607674e-7,-1.0498454787361024e-6,-1.3087150008013024e-5,0.00017542763759491277,2.7425141581684004e-11,-3.4244396461012366e-10,-1.7672357417088134e-10,-0.0014890224893750915,1.2797301494360974e-5,-1.909403239724115e-9,1.0840475532503219e-6,1.0462938927722374e-11,-3.9662408299936715e-8,0.010684586235118974,-0.00019651950738802017,7.776829889136525e-10,0.007957445394359884,5.625385103745569e-10,-1.2370308662257522e-6,-0.00035729772091171934,-1.1062847702866917e-5,6.477867657301723e-10,-5.9743013198417355e-6,3.3040647923300812e-9,-1.3100615587190973e-5,0.011751764708341482,4.911739528039911e-10,0.0007587141944283107,5.988491354240875e-9,4.1721206444536444e-10
0.0,0.0,0.0,0.0,0.0,0.0,0.0,0.0,0.0,0.0,0.0,0.0,0.0,0.0,0.0,0.0,0.0,0.0,0.0,0.0,0.0,0.0,0.0,0.0,0.0,0.0,0.011398282667152626,-6.670827321163562e-6,0.0004122564813117289,-2.7308817168212766e-5,1.5804532490090683e-5,-0.005017311261542103,-0.004715520489525171,0.00015233378020070723,3.203992167311608e-5,0.0008506407565200404,0.0008982874372131766,4.237316351935735e-6,-3.1779528275498004e-7,-3.1589839080897955e-6,2.498591934259661e-5,0.00039810560675519936,-3.76271042671407e-7,9.741900386188662e-6,0.008389974564113402,-5.624506089317359e-8,-1.5318113825904363e-6,-5.303625895568308e-5,-0.000384032824962652,-2.3452345029470067e-5,-0.004082838461141542,-0.0025316763833064175,-0.00031091045014542475,6.114445939487914e-7,-6.269253777541002e-6,-4.918949470974225e-5,-9.293599466200787e-6,0.00020715822232569354,8.016440235200766e-7,1.0860000442734968e-7,-1.780830920070183e-5,-0.002342011577388873,0.009265340602803698,-0.004825833365738404,1.392767786476986e-5,0.00014714966465331623,1.4414300274670762e-5,-2.0587274341890846e-7,5.405360674918284e-7,-0.0002407919175364318,-3.079037148193035e-5,0.0008133348825321557,-2.8406613414754544e-7,3.957548617601643e-6,0.0005594820035882378,0.00494987004482663,0.00022293910800836025,-4.10073634141423e-8,0.004266724496251058,-5.199778772360864e-6,-8.986580552178999e-7,-0.00030943570725752733,-3.032707609238861e-5,7.621484209885663e-6,7.762792140091187e-5,-0.005119992956464277,1.3718162836878978e-5,0.0008158087473583231,-4.1951445672374245e-6,1.5962937488277093e-5,8.171287332841269e-5,1.8966947802742431e-6,2.4602399259481327e-5,5.640524553168149e-7,-6.438539137655142e-6,5.361635537893073e-8,-0.0002615953829626332,-4.454640654622228e-5,0.0005026113536445516,-0.0033150339979035426,0.0004425370782096472,-1.5525635512891872e-6,2.14392775055077e-5,3.329564029577425e-7,4.616424840118987e-6,-4.551034295332099e-5,-1.2574059619293596e-6,-0.003396286387270214,0.010870715946228085,0.00031691530767321023,-7.079686538599838e-6,-2.436732118514895e-7,-2.6930593094927616e-5,-7.651855942642488e-6,-1.352206960005424e-5,8.150813150605556e-8,-0.003171165821662594,-0.0002153707270494268,-2.513555476139321e-7,-0.0023053181468358614,6.014062264723622e-7,-8.646196598658395e-6,-0.00012355658213498912,-0.0016479548166015924,0.00016756040995346966,-4.3659296604099235e-8,-0.0015339428765014128,-1.3638094136850757e-7,1.537364923730555e-5,0.0003315072473196271,-0.005086946649658509,0.0019702461501256287,0.000930443115502303,-4.355491814167578e-7,3.930753752432799e-6,0.00011851920450048842,-0.0003416752227795482,-3.950120880591046e-6,0.0001368402175609393,0.00655931445242101,-2.7212790826465728e-5,-2.657793857459528e-7,1.1969847738920005e-5,2.1728077882771314e-5,0.0007467834681670243,6.38906315582169e-7,2.223207711934259e-6,0.00011143006941593823,-9.8286717022472e-7,-2.7291128828018176e-8,-5.389668764266603e-6,0.00026047230669956595,2.7943400862536277e-8,-6.022536074541661e-8,-2.382998802413029e-6,-4.964892660966238e-8,0.0002912645643383824,-2.395885520559648e-7,-2.7455271671440555e-6,2.6931680442348754e-5,0.01070200919388784,-2.3017218088580432e-5,6.130390172855726e-7,-0.0044485208725118745,-0.000637234435619361,9.26373568294302e-7,2.997484955897991e-5,1.894048079350052e-5,1.6251365574500477e-7,0.002516735472326032,-0.005151321670373679,-4.405261835357099e-5,4.559646230228224e-6,7.42500342515555e-7,-9.27221865572406e-6,-4.78506673008966e-6,-2.996828428868409e-7,0.0001702884547404814,-5.170015998784361e-5,0.0009168391844731247,2.8325468661854115e-7,-0.0010623610555036999,4.3575112187999235e-8,-3.0074827961747486e-5,2.1057165385599894e-5,9.538211258610283e-8,1.5231622651358907e-5,-0.0039703437449340765,-1.3112440255766045e-6,-5.421640057715566e-5,1.754007794003243e-5,-1.3625963713102881e-5,8.945665839394088e-5,-5.3192296761705536e-5,-2.6034724712061006e-8,1.3299362579210546e-5,4.982980875270069e-7,0.00016214140369001022,1.1296839921381634e-5
0.0,0.0,0.0,0.0,0.0,0.0,0.0,0.0,0.0,0.0,0.0,0.0,0.0,0.0,0.0,0.0,0.0,0.0,0.0,0.0,0.0,0.0,0.0,0.0,0.0,0.0,0.0,0.010836024945688253,7.639705142133677e-8,-5.061004213531198e-9,-0.004561615799504821,-8.64402799212852e-7,1.0564537799392331e-5,-6.696590995580684e-5,-0.0003159712462964383,1.568085739618729e-7,-1.2919672771754728e-5,7.852855022959463e-10,-5.889428839707784e-11,0.006287295279137375,4.630501413845637e-9,7.377111749708722e-8,0.0008760520832267289,-0.0048116891430622045,7.968644607608427e-7,-1.0426936441948507e-11,-2.8388048171178165e-10,-9.828865346964714e-9,-7.11258645750713e-8,-4.346290297546057e-9,4.3291143885740485e-6,-4.5357183558644023e-7,1.854182062055498e-5,1.1330900721921108e-10,0.007561995624753597,0.00011095856435548974,0.0005240813894182414,3.83904709373328e-8,-0.0018149052596560529,2.0126033087167876e-11,-3.3003221935423e-9,9.028035519098534e-6,-1.102729909291889e-6,-7.98565747733287e-7,-0.002957700853509066,-3.932140559551643e-5,-0.00028485706676359955,-3.815293743901528e-11,-0.0012439602638279947,2.2710156341818128e-5,-5.706213991513759e-9,1.4933402129503296e-7,0.0006621486599243049,7.334338005645838e-10,-1.1636222127935622e-5,-1.4539887346522026e-6,4.130958665984292e-8,-7.598688921868391e-12,5.376637087024118e-7,0.00948429046617416,-1.665437382058311e-10,-5.728564915563671e-8,-5.620320465789619e-9,-0.001135236139620532,-5.1948173945573045e-5,7.81412240788345e-6,-0.00532652282832993,-8.06093459264367e-6,0.004235896196723436,2.9583221585739914e-9,1.5143127464119133e-8,3.5150685333651865e-10,-0.00017295322450121435,1.0453074344506119e-10,-1.1932278419399366e-9,9.938127962772334e-12,-4.846117074521179e-8,6.718592144773912e-5,9.284669198058555e-8,-5.243401124252361e-7,8.200677333953591e-8,0.0032519929677926954,3.973217389106103e-9,6.170193093149015e-11,-0.002918370647462498,-8.434112140079998e-9,-2.330269551785449e-10,-6.033670726684044e-7,5.641954244117878e-7,5.8729940405982876e-8,0.010032154718179644,-4.516105198465642e-11,8.883735705443087e-5,0.0005343113136216855,-2.50597684383768e-9,1.51027760269832e-11,1.0359433148619767e-5,9.700540498285752e-6,0.0005843472131948482,1.7963130224405468e-6,-0.0013439586928494355,0.0003913337858107263,1.532436331106736e-5,-2.973342394535423e-7,-5.7232934923535586e-5,-8.093188609683954e-12,6.968081737510971e-6,-2.5274168270914568e-11,-0.0038069672681852146,6.142873931850025e-8,9.5437237950014e-6,2.706944168097511e-7,-1.1080327954515431e-5,-8.071938448007347e-11,-0.0004967043531751371,-6.462097222540258e-5,-6.328946849248593e-8,0.007633191998238444,2.5359292505067343e-8,7.29946424316827e-7,3.3556726742389346e-5,-4.925625582651389e-11,-0.005227843611709854,4.0267406984661916e-9,-1.3098192968799642e-5,1.1840168674637905e-10,-0.0015742739717863438,2.0646776581745266e-8,0.0020928558278083876,-5.057791228783649e-12,0.0059618034949726565,4.8270375602767106e-8,5.176739362427914e-12,-1.1163676988747526e-11,0.004866808776088857,-9.202278438868074e-12,5.397658815902891e-8,-4.440131364313781e-11,0.005541781398446422,-0.0003768244384447603,-5.856026608677689e-7,-4.265659198509272e-9,1.1361227954859884e-10,-7.786315125395671e-7,3.549763108461421e-6,1.7168279865774987e-10,-0.00024966628092566246,3.5101360346787593e-9,3.012033971811366e-11,-1.0350230008185026e-6,-8.709059099934961e-7,-8.163988184748633e-9,8.450113802330672e-10,-0.0016714283125947042,0.00046606267422139735,0.005042205613117421,-5.55417604394478e-11,3.1557860578452497e-8,9.673584172683137e-5,1.687085942496689e-7,-0.0006547869678009437,5.348376465356843e-6,8.072945188389118e-12,-5.5736210390737266e-9,-0.0003509100277053376,1.7674735989317223e-11,-0.005091941636533865,-7.003503959627948e-7,-2.430022458186e-10,-1.0047561839230928e-8,-0.00032034738277116564,-2.52520982681959e-9,-1.8711323155123596e-5,-9.857773666395618e-9,-4.825709125065471e-12,-7.522556386827901e-5,9.234419605990465e-11,-4.902320479688135e-5,-0.0020215645513456267
0.0,0.0,0.0,0.0,0.0,0.0,0.0,0.0,0.0,0.0,0.0,0.0,0.0,0.0,0.0,0.0,0.0,0.0,0.0,0.0,0.0,0.0,0.0,0.0,0.0,0.0,0.0,0.0,0.009475235027222284,-0.0009078796717624319,-1.7021496397235832e-7,-0.0007680792002500683,5.755801766956557e-5,-1.99448059135666e-6,-4.1708395821829673e-7,0.0009687732069982736,-1.1687458053684262e-5,0.00014089837486731558,-1.0567473947474552e-5,-9.319619493632522e-9,0.0008284991578916952,0.006610931539473686,-2.1353672809683035e-9,-8.879540932161084e-8,0.00011416747243454207,-1.8702864144117903e-6,-5.093638002608677e-5,-0.00171754929770035,-0.001865667578459382,-0.0007794067359149734,4.581880415361485e-5,-0.0007254362537021922,4.068205788245348e-6,2.0332031354585284e-5,2.1138447207687543e-8,6.433439718373883e-7,1.1749416183176548e-7,0.005802404100696354,4.133957892176207e-9,3.6112166002393104e-6,-0.0005920856245280299,2.95819102542255e-5,-4.784945992883332e-5,-0.0004908460064190499,-1.5856558313982644e-7,-1.9267021199578688e-6,-1.864895422301617e-7,-6.845775051206464e-6,2.9503210704879532e-9,3.1520107707336677e-6,-0.0010235070051194343,0.0006193503394853593,-1.618304718033989e-9,0.00013159361483936028,-7.29891069502351e-6,-4.025914141997601e-5,0.0027975382946876597,-1.3635949169041276e-6,0.00011455255529786768,-8.3677718633249e-9,-2.988255277370925e-5,-0.001056421031300966,-0.000993527944827247,-9.066656032931799e-8,-1.0162529235791585e-6,6.023261041333342e-5,-1.3672217351547671e-7,-1.0569320562869086e-5,2.0791205008926754e-8,0.000529895398282133,0.0024413299074182047,6.306910559534981e-5,-3.20826594025487e-7,1.875612293410232e-5,-0.00021407928282205603,1.7828751874487464e-6,-0.0017481576423608587,5.828833232287799e-7,0.0008000375785230526,-0.00023979060138156147,0.008771675760798943,-5.8860514187675125e-9,0.0007096007031223481,1.1071617830481028e-5,-3.6931765974669064e-8,-0.0014467258885499555,-4.181167384551109e-5,-0.0008190973445391811,5.555494793805247e-5,0.008215774479134172,1.1836377004709606e-8,-8.1027326979371e-6,3.519966651222263e-7,9.590950684615421e-8,-0.0004492993938373825,2.710345467489748e-6,3.971595453362239e-5,2.816934053101284e-6,-1.4194508378659813e-9,2.4578271254622467e-5,2.9593593506272827e-9,1.1008530887026217e-7,1.6175997233952941e-6,-0.0005632042582530366,-2.1939192604061763e-6,-1.4517791094189609e-6,1.9510540499700574e-5,-4.5350019686342025e-6,-1.7065621248654006e-7,0.0048595344083159275,6.113234078067565e-5,7.07133907712375e-5,-1.2082718767412055e-5,-1.4483067870267264e-5,-4.7476845023643796e-8,-1.5516752784585307e-6,-0.001948567999915426,-9.809655094419528e-9,0.003981316667741613,0.00012617534512649454,3.5613468299050793e-7,-8.837817840748976e-6,-1.1461982763729577e-7,0.0007209242719386806,-9.731820782809561e-6,2.1245199703849548e-5,-1.6424609900057866e-8,0.0012149322343357912,-4.001537055365793e-9,-9.074964630496923e-7,2.25204326094874e-8,0.0070533009390529,9.291863551937174e-7,-2.0026410378745236e-6,-8.029689509644549e-9,-1.6509485545984253e-6,0.007711742796947754,-7.966907316315351e-6,-8.723743303639795e-9,-3.496900245563426e-7,-3.2141317620957275e-5,-0.0007652410094040923,2.0385047354483465e-5,-0.0008400556800052843,8.16071725323975e-6,3.080394493558309e-5,-3.9057190415165183e-7,0.0006286035284665284,5.40397784708028e-6,-2.3007628546986992e-5,-0.0006401952838378059,-0.0014358781188670863,0.00015161541160889488,3.751769434442094e-9,1.1768191082779536e-7,2.2016377495251414e-8,-9.965190681654755e-6,0.004869246842039101,6.763397550173424e-7,0.0008508781803031368,1.5695732876668243e-9,1.3562202989734603e-5,1.4489794483203627e-6,-0.0009997790468943084,-2.72959604631337e-7,3.1716897971367088e-6,-1.5843556430908125e-7,-0.0008455287871651061,-4.360201344842261e-5,-0.0017403869422772575,-2.271421942856806e-7,-0.0004482166639195933,-1.1712913892957065e-6,-0.0017222512339467092,-8.657189105439692e-7,-1.7357702549837188e-7,1.65696335822913e-5,-2.1229867675701017e-6,-1.3165694615471019e-7
0.0,0.0,0.0,0.0,0.0,0.0,0.0,0.0,0.0,0.0,0.0,0.0,0.0,0.0,0.0,0.0,0.0,0.0,0.0,0.0,0.0,0.0,0.0,0.0,0.0,0.0,0.0,0.0,0.0,0.008659202957718487,-5.5076427164801e-9,-2.4839896792266048e-5,1.86239492576183e-6,-6.453507609518265e-8,-1.3495544743516092e-8,3.11456981866752e-5,-3.781692376217082e-7,-0.0018960108924554258,0.00014643344810357772,-3.015587686177617e-10,-0.0015260148089474644,0.00012097874279509696,-6.908669529650146e-11,-2.873156193444641e-9,3.6939489830749745e-6,2.5917527202643337e-5,0.0007035581483139054,0.0006014920815357063,-5.707758360362976e-5,0.004476051563398864,1.4825504001512937e-6,-2.3447749412652653e-5,1.3163428602783258e-7,-0.000281665174002245,6.839755353108154e-10,2.081654201276968e-8,3.801735566766798e-9,-0.00024352780528006277,1.3374702908434635e-10,-5.00423538584225e-5,0.006530728742640369,9.57177030545853e-7,-1.5482469247524268e-6,-1.587727977203072e-5,-5.130689672048394e-9,-6.234200081777322e-8,-6.034207083911409e-9,9.486368602664215e-5,9.54648862673053e-11,1.0198912473494762e-7,0.008060521536296005,1.9967778809111606e-5,-5.2352422912176885e-11,-0.0017309781251336586,-2.3616968530866976e-7,-1.302654120485142e-6,6.808184196000992e-5,1.88960439348159e-5,3.706292966678996e-6,-2.707435339304011e-10,0.0004133547345924631,-3.3117029255619996e-5,0.0005407937306219619,-2.9336759644787764e-9,-3.288274762043631e-8,1.948935823623513e-6,-4.423918851042384e-9,-3.4198983673083643e-7,6.727160966053527e-10,-0.0013719667067663228,-0.00020401228219964107,-0.0008607402458360187,-1.0380937228435257e-8,-0.0002597765840678178,0.0026056183390999726,-2.4706199704819867e-5,-5.1526474818285026e-5,1.886023977563817e-8,2.562204533256847e-5,-7.75727264939326e-6,9.731222932617087e-5,-1.904577567894972e-10,-0.0009144977213276125,-0.00015339897722447794,-1.1950216088277912e-9,0.00031535530477433036,0.0005760806407380496,-2.6480219265837763e-5,1.79754178135601e-6,-0.00015012660072764625,3.8300184783855503e-10,0.00011227695648944085,1.1389487478541289e-8,3.1033236473863975e-9,0.002086371602029724,-3.755847126466769e-5,1.2850825855806208e-6,9.114709204184278e-8,-4.592102078331498e-11,7.952742250070936e-7,9.574820654191158e-11,3.5620181779165006e-9,5.234038933831956e-8,-1.8199630069831866e-5,-7.098826910842215e-8,2.0118051467680073e-5,6.31299395895534e-7,6.28429746943556e-5,-5.5218924973620576e-9,0.00010460443108986327,1.9780484980134444e-6,2.2878452082593403e-6,-3.9095866414153515e-7,0.0002004373827223515,-1.5362063976833513e-9,-5.0207333350042756e-8,-5.8643466468698494e-5,-3.174042139292214e-10,-0.0002474800495712806,4.08241754070219e-6,1.1523402149606538e-8,0.00012246726804493585,-3.7087604708797113e-9,-0.001577605696681189,-3.1489097571248015e-7,-0.0002942873226525085,-5.314813608304195e-10,3.173142794402933e-5,-1.2947445428096859e-10,1.2575650725038187e-5,7.286945989639098e-10,-0.0002092443349228784,-1.2876208105680512e-5,2.7751338601799637e-5,-2.598290422877807e-10,2.287805133770863e-5,-0.00017966190237477612,0.0001103992024821088,-2.8226911686483794e-10,-1.1314845399058302e-8,-1.0399816259830562e-6,0.007907558901512011,-0.0002823551117170232,-2.7163692213821125e-5,2.640550170396389e-7,-0.0004217741028171962,-1.2637686989453793e-8,-0.0015042272986132727,-7.487597633931617e-5,-7.44452325183992e-7,-2.0706455284033792e-5,0.0006280147195222121,-0.002019903879590011,1.2139934990474084e-10,3.807809683647482e-9,7.12366259923409e-10,0.00013808616222420997,-0.0002523935271850532,2.1884218319971288e-8,2.7399908467262243e-5,5.0786801047299055e-11,4.388300143170202e-7,-2.007924008287735e-5,0.008654553315636661,-8.832133855898603e-9,-4.395166422511992e-5,-5.1265019784542374e-9,-2.7337941819566224e-5,0.0006027173694635227,0.00047647243720655083,-7.34961249853203e-9,0.00030761854626374985,-3.789929729492914e-8,0.0005993405765920682,1.1996711576618096e-5,-5.616437787945239e-9,-0.00022956143720346037,-6.869312222041645e-8,-4.2599915510048974e-9
0.0,0.0,0.0,0.0,0.0,0.0,0.0,0.0,0.0,0.0,0.0,0.0,0.0,0.0,0.0,0.0,0.0,0.0,0.0,0.0,0.0,0.0,0.0,0.0,0.0,0.0,0.0,0.0,0.0,0.0,0.007927934830992687,2.2852894357308224e-6,-2.8130817070709448e-5,0.00017831518762697596,0.0008390893201292351,-3.9674033160775247e-7,3.440322494108137e-5,-3.8313011928240533e-10,3.165351779625127e-11,0.0006267034460967238,4.397549894459417e-9,-5.4420840807672474e-8,0.0001439054095613157,0.00514771645579943,-2.1194977024213846e-6,5.595860949064769e-12,1.5111184683543877e-10,-1.0285292820865925e-8,1.4930335425648513e-7,-2.0508716052874502e-9,-1.152691021558058e-5,1.1922139989975134e-6,-4.937436798312007e-5,-6.09025551931053e-11,-0.001394681110337953,-0.00029536589540255236,-0.0013503700134721896,2.2180967937704497e-8,-0.00027852165801793045,-1.0834841900167675e-11,6.130301485647899e-10,-2.4039902285161335e-5,2.9354045173527647e-6,2.115932133422888e-6,0.0060554846950912865,0.00010470603183095918,0.0007531909804830199,2.0509570009110896e-11,-0.0001988066493445207,-6.047399423986901e-5,-1.18034268360847e-9,-3.8434650701237595e-7,0.00010906234153879773,-3.3022736700638836e-10,3.09856439356832e-5,3.870926267943574e-6,-4.9891134078083365e-8,4.081886692163098e-12,-1.4292698331244933e-6,0.0005616914487142445,8.907581232699798e-11,1.2983994920171873e-7,-5.989378529735589e-9,0.0026080410156799857,0.00013832252083642303,-2.0806744633616652e-5,0.007320646001380261,2.146503868726818e-5,-0.0013542215767165342,2.54623941271662e-9,1.1949984969349012e-8,-1.7986399181896864e-10,0.00045977990139125634,-5.6130870494449605e-11,3.911801740359502e-10,-5.352344288404723e-12,9.147690185159499e-8,-0.00017887288048947322,-2.3004444622711645e-7,1.391099105985879e-6,-2.997597728769716e-8,0.00039615884359740685,4.019797739565942e-9,-3.3174565486892124e-11,0.002266781464879996,-8.383511270560388e-9,1.2305041712719378e-10,1.589087096751502e-6,-1.5011886142240253e-6,1.9900040239689015e-8,-0.000787846439561581,2.4261439010926512e-11,-0.00023642374926005099,-0.0013591284898172508,-1.5240663018421903e-9,-8.125938331302834e-12,-2.75850316419743e-5,-2.5831236708872034e-5,9.565695098784666e-5,-4.782830757717596e-6,-0.00019935620294381684,-0.0010180838968472379,-4.080658230355373e-5,7.79659370507914e-7,0.00015240012663428345,4.34511025201108e-12,-1.8554717457211384e-5,1.3588651851153963e-11,0.007245421683854842,-5.9168875740306235e-8,-2.5412439168065463e-5,-7.193058624916339e-7,2.9505272974961784e-5,4.325148546547915e-11,0.0011810616613643138,0.0001720690150989003,1.2665497128994961e-7,0.0006592877249907798,1.7779304283059317e-8,-1.9410450913338067e-6,-8.93443605017231e-5,2.647962352237742e-11,0.006401379146250265,3.6597368315932915e-9,3.487864059630051e-5,-6.361941385356535e-11,0.001027787939802765,-2.887285208244668e-8,0.00026939096804459093,2.7179330467103415e-12,-0.0014772275174819445,2.275291138090919e-8,-2.7840120849755497e-12,6.001823706529185e-12,0.0005402089928132828,4.95162959090268e-12,2.1715476186946047e-8,2.3867082771003982e-11,0.0005867849707316027,0.0009989742213189971,1.5586962141924156e-6,4.22435771273068e-10,-6.101340441780671e-11,2.055344107810815e-6,-9.452402904407298e-6,-8.87832121264306e-11,0.0006634023186812348,3.104231780160915e-9,-1.6205181219275443e-11,2.7556433356679207e-6,2.3053549934166586e-6,-8.652682772549665e-9,-3.981897042929779e-10,-0.0002527554178255302,-0.0012074246907058121,-0.0014389362118239853,2.985026764695593e-11,2.0333990067661222e-8,-0.00025752680840102554,-4.309623625939745e-7,-0.00010577059838905325,-1.424177103443919e-5,-4.349097784422343e-12,-6.113331313112244e-10,0.0009291745888012794,-9.520926886485459e-12,0.007957464763530805,1.8467735965052327e-6,1.2967295861317704e-10,-1.028018535821633e-8,0.0008476269036184433,-2.6852899912495722e-9,4.9825254625961745e-5,-1.0310759454373592e-8,2.588977912320646e-12,0.00020007078396170296,-4.963257960580354e-11,0.00013053976172196243,0.004410996772125135
0.0,0.0,0.0,0.0,0.0,0.0,0.0,0.0,0.0,0.0,0.0,0.0,0.0,0.0,0.0,0.0,0.0,0.0,0.0,0.0,0.0,0.0,0.0,0.0,0.0,0.0,0.0,0.0,0.0,0.0,0.0,0.007525822160105707,-0.0008138271138179851,2.8154307295216374e-5,5.644129330089268e-6,-0.0018415309679393219,0.00016528422886093367,-1.8203735411217549e-6,1.5048045219065582e-7,-5.8495140445671964e-8,2.0892967143141048e-5,-0.00025849782006606605,-1.349724599851054e-8,-3.0729733051129345e-7,-0.001573363802093655,2.663600561105824e-8,7.178575701662732e-7,-4.886626365969589e-5,0.0007075192654342173,-9.743901654072502e-6,-0.000647618593677658,0.004835312248535259,-5.752251078459896e-5,-2.892778175335773e-7,1.24542281933229e-7,-9.0092909500173e-6,-1.2516974730019154e-6,0.00010538085139666764,2.6107725483778947e-8,-5.142931900683923e-8,2.9126507127577968e-6,-0.00041831959940328715,0.0006738332108609574,0.005594615924350673,4.0382737368610916e-7,2.7218045345096184e-5,2.4088566550619456e-6,9.748955128599575e-8,1.8642205614529065e-8,-4.4561270409341155e-5,-5.6078306245397625e-6,-0.0017525163430506386,-1.0229477248196623e-8,-1.5688589434432049e-6,0.00010321947807062821,0.000568127453005769,-0.0002369310396447238,1.941989750876724e-8,-0.0015468142915960213,-5.221556876360671e-8,4.2312728966555314e-7,0.0006141256111184524,-2.845592687791988e-5,4.903639008125458e-7,1.4331126170985911e-5,-0.0008515179506042537,-2.8928844456853083e-7,0.0001494720383557359,1.1716700669162382e-7,1.2097373505489003e-5,5.6774614748431416e-5,-8.545532904388384e-7,4.397917618794351e-6,-2.6666798683658664e-7,1.8586280363827858e-6,-2.5391071745060287e-8,0.0004339672996348013,-8.189554754630954e-6,-0.0010777264553871965,0.0029527806893172156,-0.00014239910469634827,-3.7049532367060954e-8,1.9098483768459908e-5,-1.5759219525737278e-7,-1.6599488257358945e-7,-3.983055066601084e-5,5.845045363484137e-7,0.006173639627621044,-0.0007744335026942859,9.454271403681809e-5,7.183264582056309e-8,1.1537411344866361e-7,-4.906588689117738e-6,-9.437604902117469e-7,-7.240985938542582e-6,-3.8599260997608344e-8,-0.0005616085524777424,-3.9832593627910114e-5,-8.971662119193812e-9,-0.00034731822187867835,1.8681160746808603e-8,-1.2478144822829513e-6,-2.2865717272133983e-5,0.0032746898990597996,3.098288711030939e-5,2.0675769604035363e-8,-0.00027590635389738457,6.458313743685389e-8,2.1349240411455864e-7,-0.0002810271937874546,-0.0008643122180080746,-0.0009403377127032174,0.00017087462014786904,2.0539954964854762e-7,3.1283677584285055e-7,2.189349549690992e-5,0.0006005607038074975,-6.145846142963458e-8,8.446951307079979e-5,-0.0017243658684853132,-5.009774892336043e-6,1.2585568901680754e-7,-3.2274303088483144e-7,1.7387750258909586e-5,0.00013762651070469543,-3.0217703720085e-7,-7.980011253763125e-8,-0.00013709607668445733,-2.5208311156791013e-8,1.292427824883396e-8,1.3006246589117613e-7,0.00010809738537428967,-1.323313944775461e-8,2.8519966056322763e-8,-5.0473978004006326e-8,2.3512305425068467e-8,0.00010316805884291353,1.1345443677667775e-7,-5.4800553449170715e-8,4.642408853672294e-6,0.0004518414919315772,2.006997587105028e-6,-2.8988532202014767e-7,0.007380942543403455,-0.00011540648300359576,-4.219108281419558e-7,5.322511909008465e-6,1.4748489032199572e-5,-7.692963738681904e-8,0.0003248764002938145,0.006839582377182409,-4.110953613831341e-5,-1.8918320627699446e-6,2.3689335055394173e-8,-1.297759812076099e-6,1.2556340843811058e-7,1.4189920829782118e-7,9.660645440404346e-5,-9.487449482694365e-6,-0.0019844944274001884,9.919035633037282e-9,-0.00019179084151463543,-2.063583979485994e-8,-2.904429191158912e-6,3.578385631611643e-6,-4.516995120878495e-8,-1.755663516815942e-7,0.00691264512550417,6.160261094878511e-7,-4.884164511798129e-5,2.9551409546464013e-6,-1.2757977849986068e-5,1.6550740634910425e-5,-4.898714736984458e-5,1.2329269348887501e-8,2.3941916762019383e-6,-2.358062032119485e-7,2.9986306352113952e-5,5.226167794525761e-7
0.0,0.0,0.0,0.0,0.0,0.0,0.0,0.0,0.0,0.0,0.0,0.0,0.0,0.0,0.0,0.0,0.0,0.0,0.0,0.0,0.0,0.0,0.0,0.0,0.0,0.0,0.0,0.0,0.0,0.0,0.0,0.0,0.0071884693860635755,-0.00035954746602684455,-7.20977815741321e-5,-6.05316098859319e-5,-0.0020492006004863054,-6.320179018224436e-8,5.2245802941213364e-9,7.472164215235002e-7,7.253847893210519e-7,-8.970151022650798e-6,1.7241378299294647e-7,3.92541292131981e-6,0.0006099566730998237,9.247470517134043e-10,2.4923404518241836e-8,-1.6965833779211036e-6,2.442073940093683e-5,-3.3829957815554644e-7,0.003667143122878871,0.0001028627974106036,0.0007318333757197257,-1.0043487676386737e-8,-1.5909019124531862e-6,0.00011508144435049026,1.598916532079652e-5,3.6585186638971034e-6,-3.3349991461803285e-7,-1.785550019772285e-9,1.011246975535268e-7,0.004472469492370016,-0.000999790382407321,-0.00015537083965292802,-5.158486954097907e-6,-0.000347504075066898,-3.077066679302731e-5,3.384785335561394e-9,-2.381352194998249e-7,0.000568025286581461,-1.9469887338466797e-7,-5.507803642640544e-5,1.3067108827217317e-7,-5.4469370513187823e-8,-0.0012955631495644821,-0.0013310558373754717,-8.217764215577345e-6,6.742102631081832e-10,0.00035700796468777606,6.670011420184123e-7,1.4690613627471063e-8,2.1105918213648147e-5,-9.879614909396708e-7,-6.263903127924051e-6,-0.00018303895754621173,0.006110634361481819,3.6953673832521314e-6,-0.0018167758312320106,-1.4966900255692975e-6,4.2000991597496925e-7,1.9711037115513686e-6,-2.9669336646532808e-8,-5.617863011744798e-5,-9.258459277600245e-9,6.452991663783165e-8,-8.81560373633829e-10,1.5016257644026138e-5,0.00010460830237945229,-3.622310585416131e-5,-0.00018416911942015988,-4.9424765265430314e-6,4.7327037611414197e-7,6.630817299333104e-7,-5.471437431031445e-9,2.120416486757416e-6,-1.3828667612100724e-6,2.0293483738147458e-8,0.00010640998056357735,0.0004693434570762471,3.2821243969390934e-6,-9.175897160260834e-7,4.005696635396403e-9,6.267572289715989e-5,1.2055584066937502e-5,-2.5140061483380176e-7,-1.3401229695607554e-9,0.005734556358556052,0.0005058269913949951,1.1460374435329312e-7,0.001583861366424104,-2.386332350663926e-7,1.5939562828276993e-5,0.0002916719334631054,8.000739322336288e-5,-0.00039562730559595437,7.178293871372364e-10,0.0030600924071748194,2.2423133316594186e-9,-2.7271502469172618e-6,-9.750063477743478e-6,0.006983007789857158,0.0001614562599819039,-0.0020998306080265406,7.131288541113916e-9,-3.996173156252014e-6,-0.0002796125101255839,2.075786353520877e-5,7.850698518196494e-7,2.932585672112597e-6,0.0005270171680261084,6.399082102273826e-5,4.369596040757666e-9,4.122715968767737e-6,6.036868850003073e-7,-0.001718875719473839,-1.0491347235064081e-8,1.0193663953486903e-6,-4.753505276203215e-6,3.220104975760715e-7,4.487051449535554e-10,-1.6614163018631122e-6,3.752769208359976e-6,-4.594467934486272e-10,9.902162795647478e-10,6.447539910365084e-7,8.163266743799691e-10,3.5815997036419125e-6,3.939038181183995e-9,7.000214637162053e-7,-5.930194667791332e-5,-0.0005232795135604631,6.968117417676915e-8,-1.0064538527427401e-8,6.928128399392763e-5,0.0013256183043555483,-1.4648372924905971e-8,-6.798939586023769e-5,5.120541675370988e-7,-2.6709251844604383e-9,-0.0009440624673509327,-8.510893328549179e-5,-1.4272804274488005e-6,-6.568275576114745e-8,-3.0260708026893913e-7,1.657756425303489e-5,-1.6039454552928314e-6,4.92660186818364e-9,3.3539275988344496e-6,0.00012118827634487365,-6.395579089304576e-5,-1.2670613808414141e-7,0.0021679458581372307,-7.164741324205685e-10,-1.008391519486366e-7,-4.5710179366403445e-5,-1.5682729580313874e-9,2.242682177165327e-6,9.400938989803085e-5,2.1387904047038226e-8,-1.6957250653783786e-6,-3.7748881221289114e-5,-4.4294473323903427e-7,-0.00021127006304462857,-1.7007802195272937e-6,4.2804040636778093e-10,-3.058314714018391e-5,-8.186989493028203e-9,-0.0003828768106188646,-6.675901689239473e-6
0.0,0.0,0.0,0.0,0.0,0.0,0.0,0.0,0.0,0.0,0.0,0.0,0.0,0.0,0.0,0.0,0.0,0.0,0.0,0.0,0.0,0.0,0.0,0.0,0.0,0.0,0.0,0.0,0.0,0.0,0.0,0.0,0.0,0.003409095273417684,0.0009604603383896581,-1.9657373130393576e-6,0.0007157212114000341,-2.0524300119848244e-9,1.6964330147993203e-10,-9.99584617058585e-6,2.355671768781762e-8,-2.913032955103654e-7,-2.3064549841665487e-6,-5.2511837839256835e-5,1.9680622497859037e-5,2.9987488073222624e-11,8.093698937221665e-10,-5.509611446351955e-8,7.930566869787629e-7,-1.0986161838810884e-8,7.864924961750784e-5,3.3402576569182063e-6,-0.001240214763786175,-3.261695304336535e-10,2.128219591317016e-5,-0.0014917455029446252,-0.0002138296161308446,1.188094816261885e-7,4.461376569366429e-6,-5.8001969998133396e-11,3.2840032084345068e-9,-0.00017833418550231706,-3.1177287390338655e-5,-5.043473625195301e-6,6.900587672780382e-5,0.002387455490474838,0.00041100390949700544,1.0994223671700029e-10,3.1856407480834e-6,-0.0015258375478716954,-6.3228300757716724e-9,-1.7886266122222675e-6,-1.7480447373656362e-6,-1.7687976811686165e-9,0.0007015942615970394,-3.980044467004234e-5,-2.668696447661238e-7,2.187053812068355e-11,1.1555524501877625e-5,-8.92277065132068e-6,4.77027011046426e-10,6.854083691011847e-7,-3.2083840984323455e-8,8.379103664227005e-5,0.002043941826920241,8.571958284007802e-5,-4.943431593271882e-5,0.00039002565070668207,2.0021877255937963e-5,1.3639735953379532e-8,6.401107675272863e-8,-9.635161138696126e-10,0.000746639387911595,-3.006348940399904e-10,2.0956264895275666e-9,-2.865679697719719e-11,4.876488112413115e-7,-0.0013236431880079321,-1.176331982131985e-6,-5.976093269963198e-6,-1.605056471927078e-7,-6.331148617254148e-6,2.1533428302787285e-8,-1.7768562172539863e-10,-2.836570918331143e-5,-4.490818379087512e-8,6.589754832066452e-10,3.4553710590614926e-6,1.5068602028081074e-5,1.0658611040908732e-7,1.2275003365530324e-5,1.3008725419866928e-10,-0.0008234229090686436,-0.00016123959085524419,-8.164220709010952e-9,-4.3492861955913194e-11,-0.00014047480963283254,-0.0006402131707096459,-1.5331041527417713e-6,3.9845319314193693e-5,3.1923022312295756e-6,-0.000213138350685527,-0.0010216870906611217,2.598116433641342e-6,0.0032370103973658167,2.326719210901091e-11,-0.00017931202801038245,7.282738542008597e-11,3.6481756910030264e-5,-3.166307417506699e-7,5.262484446680492e-5,5.231356249199104e-6,0.0005779560889255673,2.3160610099753457e-10,5.345506229694266e-5,0.0029180438358144055,6.741058222421819e-7,-1.0502227995458546e-5,9.52348731318976e-8,1.7033600814889987e-5,-0.0007953643259559706,1.4192905007981042e-10,-5.515118631116271e-5,1.9604575192909553e-8,0.0007629163544170657,-3.407072226396824e-10,-1.363650217608807e-5,-1.5436896713438504e-7,-4.307677559372403e-6,1.4573953193623228e-11,2.2225496061088147e-5,1.2187014206575708e-7,-1.49171063086916e-11,3.217426735321441e-11,-8.625160735077627e-6,2.6511141470637758e-11,1.1631147609830189e-7,1.279297415140765e-10,-9.36449788054476e-6,0.0007912765894630196,-1.6529140937655718e-5,2.2629158442898053e-9,-3.2685368090283845e-10,2.2496165322701754e-6,-0.00011611974131931441,-4.757232956915696e-10,0.0009047770704022047,1.6628764467589087e-8,-8.674087371939523e-11,-2.7308554728357864e-5,-2.763106319138314e-6,-4.63506624410039e-8,-2.133008074337987e-9,4.048109135430698e-6,-0.0002216843598071053,2.145668242734774e-5,1.600032871006584e-10,1.0891786258798994e-7,-0.0015558119738632108,-2.076932077893295e-6,1.6950045043284642e-6,-0.00015684108668915042,-2.3289118572773608e-11,-3.2748058603484456e-9,0.0006102749036743611,-5.0942148194317243e-11,-3.0001137607061525e-5,3.052633710250003e-6,6.945538948871679e-10,-5.50682260909293e-8,0.0005041131141812584,-1.4384476661507464e-8,0.0011905898748970443,-5.523234496951345e-8,1.3857045904863024e-11,0.0004056085267988117,-2.65848484096059e-10,0.002881963266345929,8.930363135165899e-5
0.0,0.0,0.0,0.0,0.0,0.0,0.0,0.0,0.0,0.0,0.0,0.0,0.0,0.0,0.0,0.0,0.0,0.0,0.0,0.0,0.0,0.0,0.0,0.0,0.0,0.0,0.0,0.0,0.0,0.0,0.0,0.0,0.0,0.0,0.003166212024369297,1.7163655157746381e-7,-6.211453068186071e-5,1.791808602807491e-10,-1.4788762534540285e-11,-4.7735496479859756e-5,-2.0568188324288185e-9,2.5434966320554853e-8,-1.1014576510817443e-5,-0.00025071544067162667,-1.718395269926052e-6,-2.6151645207790364e-12,-7.065256647248168e-11,4.810649062335427e-9,-6.924509624106452e-8,9.591857464191895e-10,-6.866853389480984e-6,-2.9165162922169195e-7,0.00010320949096165923,2.8445533426107157e-11,0.00010163177421377315,-0.0012108498971362771,-0.0009975272608375777,-1.0373701345620576e-8,2.1305493114537732e-5,5.110465224860947e-12,-2.8671763826414644e-10,1.55618488952973e-5,2.722206354832556e-6,4.4036652780684824e-7,0.00032899335948265195,-0.00011880972105558497,0.001732864965180815,-9.565306434377593e-12,1.5213164524195957e-5,0.00012104171740866651,5.520639408500047e-10,1.5617237437084898e-7,-8.347864346471997e-6,1.5442888205631235e-10,-6.062369092157295e-5,3.475110680189807e-6,2.3301502598425597e-8,-1.8999552391544424e-12,-1.0089601752703997e-6,-4.261091145867103e-5,-4.164257216501554e-11,-5.984582717332352e-8,2.801437753299783e-9,0.0003986916212825767,0.00018185626449462657,-7.483836962856378e-6,-0.00023598184800720565,-3.394309651745882e-5,9.561176558911835e-5,-1.1909145228976894e-9,-5.589106611947683e-9,8.416208205870901e-11,0.001963835560030653,2.6245928176713045e-11,-1.8300154997052527e-10,2.5352521837606086e-12,-4.257862034175711e-8,-0.0006231326633712193,1.0271031787386906e-7,5.21797398828488e-7,1.4014518141219375e-8,-3.023463744192854e-5,-1.8801437764785804e-9,1.5530057734409183e-11,-0.00013544489888803603,3.921106777795337e-9,-5.756801615432108e-11,-3.0170268903850286e-7,-1.315700155861359e-6,-9.306471987857825e-9,5.861906344880815e-5,-1.1377502402075267e-11,-0.0010449500278260063,-0.0007578145172058158,7.128064400981495e-10,3.8258972707174304e-12,1.2260250468098333e-5,5.4181664288183436e-5,-7.321406694501768e-6,-3.478956788602907e-6,1.5244972167328054e-5,-0.0009840847004752161,7.722957541593186e-5,-2.2685225965519953e-7,-9.901055701368584e-5,-2.003179253062711e-12,1.564369391804451e-5,-6.32050788909665e-12,0.0001740214895866429,2.764638400040231e-8,-4.594271603672546e-6,-4.567711317318331e-7,-5.0237330086468514e-5,-2.0252866661068068e-11,0.00025398810053163024,0.00011286736976878295,-5.885889255397196e-8,-5.015371110415845e-5,-8.315417782455605e-9,-1.4872734128196586e-6,-0.00027315514792115717,-1.2359423582223711e-11,-0.0002632968606265844,-1.7117661476290067e-9,-6.607144180424385e-5,2.971844637873633e-11,-6.511567819012427e-5,1.347865870225851e-8,-2.0571480698493377e-5,-1.279998581426468e-12,0.0001061357373122426,-1.0640885050226652e-8,1.3476917268304379e-12,-2.780487503646995e-12,-4.118976145869979e-5,-2.3354014057349186e-12,-1.0155658907301956e-8,-1.1131985361320432e-11,-4.4720482983825764e-5,0.003042328356123349,1.4432236486046437e-6,-1.9752827054326786e-10,2.8560205273597246e-11,-1.9642334650597343e-7,1.0126864962616962e-5,4.153414750960827e-11,0.0026905348447720727,-1.4518893303358717e-9,7.587126354910503e-12,2.384392831137514e-6,2.4125824024396666e-7,4.047151151106147e-9,1.8620236961831772e-10,1.9331915339858155e-5,-0.001028988316465261,0.00010246390378953515,-1.3986435701051076e-11,-9.510022385476693e-9,-0.0009917376920097096,1.8134559187462135e-7,8.09456781218692e-6,1.3680914018441272e-5,2.0710093603091925e-12,2.860052968865512e-10,0.0024731867158642624,4.492665808078142e-12,-0.00014319170465940933,-2.665381069496691e-7,-6.067509539631778e-11,4.8081429926656865e-9,0.0020895789528212767,1.2560529319895973e-9,-7.393823753457036e-5,4.822519523251536e-9,-1.2009662745496694e-12,0.0008888718927284235,2.320407101264945e-11,-0.00011860217216300189,0.0004254225834890923
0.0,0.0,0.0,0.0,0.0,0.0,0.0,0.0,0.0,0.0,0.0,0.0,0.0,0.0,0.0,0.0,0.0,0.0,0.0,0.0,0.0,0.0,0.0,0.0,0.0,0.0,0.0,0.0,0.0,0.0,0.0,0.0,0.0,0.0,0.0,0.003060713169413686,-1.1174329722760984e-5,4.515776956240395e-6,-3.732949500315975e-7,8.100055063580751e-10,-5.182872733628164e-5,0.0006391279887495532,1.868723964862136e-10,4.252032106201792e-9,-0.00024658389160538347,-6.60755882513804e-8,-1.7807797971401004e-6,0.00012121734344360548,-0.001689689964522543,2.417155935667692e-5,-4.0465233103391915e-5,-0.0012533172666051745,3.616472382986747e-6,7.176078032463556e-7,-1.7244731598765778e-9,-1.8900039909687826e-7,1.6031843491039674e-8,-0.00026132076264465327,-3.615370141638039e-10,1.2758006039623988e-7,-7.22537472236435e-6,1.5238529620702158e-5,9.683773495697926e-5,0.00044205122934680733,-5.56178645150586e-9,-5.749595500195227e-7,-2.06985597233842e-8,-2.4184108166960237e-7,-2.580715854810902e-10,2.457938505697713e-6,1.3911270072265754e-5,0.0020636112034444847,1.4163907387424524e-10,3.891848126740631e-6,-7.126504170945989e-6,7.245529348278123e-5,0.0005839848023446874,-4.817464724951923e-8,-0.00023428848141822153,7.230845508252677e-10,-1.049646292152206e-6,-0.001425094083948152,7.05888005485085e-5,-6.709944845725542e-9,1.8759512684310945e-7,-2.779410501140299e-5,4.000706643943053e-9,-9.55314126901397e-6,-1.6222542825759754e-9,-3.000973683133278e-5,-0.00014081244366494057,2.1198791126902237e-6,2.709898864272078e-8,6.61519871512877e-7,-4.610674376559141e-6,6.298740521498576e-8,-0.0010534465121837039,-1.7783453747558205e-7,0.0021314014371044618,0.0003389208421781872,0.00035256712353821137,5.130614126628858e-10,-4.737707227508009e-5,3.909371172676509e-7,2.2975663359033187e-9,9.880045450553836e-5,-1.4499729192554738e-6,-0.0010297178392728904,-0.00012160662687181325,-0.00023438749693161052,-9.947206202156693e-10,-2.8620708546002876e-7,-8.836276472009139e-8,1.2397205830940131e-8,1.79626073626046e-5,9.575259901440635e-8,1.5192068762745389e-5,2.626988143578387e-6,1.241855566747341e-10,-2.9242617773240047e-5,-2.5870654555549934e-10,1.5419781300699997e-8,1.111041248595051e-6,-0.0012235523991791402,-3.240941469628916e-7,-5.129006297131084e-8,1.2187976344081058e-5,-1.6021051618081072e-7,-2.945283922087448e-9,0.0006939746286135266,-1.2826936408016193e-5,-0.0001375132235609527,-1.1288144892193649e-5,-5.09531983966589e-7,-4.260875507210201e-9,1.647975621801841e-7,-0.001447417043660939,8.510503452094703e-10,-0.00020948731336085862,-0.0002671691433998391,-1.0565020916205982e-7,-3.122085942729834e-7,4.464677607688325e-9,-4.313344994675931e-5,-9.444846241620777e-6,7.496067168744972e-7,1.1046773298667313e-9,0.0003372010140309403,3.490441744493136e-10,-3.2060996846693575e-8,-1.8008093251460382e-9,-0.00026802999792704404,3.2827348769486107e-8,-7.074925507289248e-8,6.989091890690594e-10,-5.832659261149669e-8,-0.0002557892622168421,-2.81444880773502e-7,7.588334976872262e-10,-2.3745329163444332e-8,6.753593864829381e-5,-4.97873276079204e-6,7.191147696173403e-7,-0.0004762875050593583,5.972790411532558e-6,1.0466287173905355e-6,1.5946161141652626e-8,-3.658630080372642e-5,1.9083838065792332e-7,3.789085820875021e-5,0.0003190935999643159,0.00010197704584293365,4.693043284786218e-6,-3.2802892044159523e-10,1.6336589282550326e-8,-1.7384725701494854e-9,-3.5200752348194883e-7,-0.00023957617445258508,-2.0524009534785092e-7,0.0028208384049790308,-1.3742156471323734e-10,9.256888317095374e-6,5.119119236118061e-8,7.204978903704875e-6,-2.5260902033141698e-8,1.1205260438755749e-7,2.426723004059731e-9,-0.0007662145829500591,-1.528167917929946e-6,0.0001211546045815735,-2.342209739278057e-8,3.1648085078281394e-5,-5.164722809983384e-7,0.00012151716899034763,-3.058513977635766e-8,2.4310322773573245e-8,5.849614694948982e-7,-4.7305722308534705e-7,-7.17894824503328e-9
0.0,0.0,0.0,0.0,0.0,0.0,0.0,0.0,0.0,0.0,0.0,0.0,0.0,0.0,0.0,0.0,0.0,0.0,0.0,0.0,0.0,0.0,0.0,0.0,0.0,0.0,0.0,0.0,0.0,0.0,0.0,0.0,0.0,0.0,0.0,0.0,0.002946886664310994,5.0054259920506985e-9,-4.13731272679533e-10,-3.04449139916749e-7,-5.744835838112603e-8,7.036263999891083e-7,-7.024937933234526e-8,-1.5982159801829794e-6,0.00011525774066565377,-7.322969119410315e-11,-1.973923986030425e-9,1.34351269722745e-7,-1.7248510349899493e-6,2.6792667204461468e-8,0.00046301654854525307,1.496880991578488e-5,-0.0013080560894979726,7.954015976002586e-10,6.481611110641283e-7,7.103757478926206e-5,-6.0258353898617005e-6,-2.894398317118488e-7,1.3588341381611184e-7,1.4145810058446756e-10,-8.008756936159517e-9,-0.001020396467943469,-0.0001836668577641051,-2.8100986927101697e-5,2.0904865911452025e-6,0.00021557116741123907,7.77993128362917e-6,-2.68063053514517e-10,9.70274665288365e-8,-0.0009069003445719733,1.5419827731637953e-8,-2.7352375249963062e-6,-5.324140445347035e-8,4.313798637225569e-9,0.0022102897617914483,-0.00023460467159272676,6.387871831491344e-7,-5.342706408984568e-11,6.73356058799841e-5,-2.717643411192365e-7,-1.16353738023855e-9,-1.3570950106987893e-6,7.82397134677362e-8,2.5220760377730266e-6,-7.049323550378977e-5,0.0005035576295695277,-1.5037241164355894e-6,0.001912527289080691,6.097479514607652e-7,-3.3263704230252616e-8,-1.5601915831177163e-7,2.349792447314422e-9,-1.0185616323357973e-5,7.332858659700194e-10,-5.11063186351541e-9,6.981073583674502e-11,-1.1154373311537625e-6,6.683919270071082e-5,1.136877138687875e-6,-3.3998265602036176e-5,3.8925840906878313e-7,-1.9283190773793838e-7,-5.251379800920966e-8,4.333125624534932e-10,-8.63610340933361e-7,1.0949876078818136e-7,-1.6071350645935174e-9,1.6496319299641387e-5,8.850029280788697e-5,-2.594791585895373e-7,3.738537829733622e-7,-3.171999408405152e-10,3.321238968499201e-5,-4.659707932364822e-6,1.9910357163148557e-8,1.0609122078590069e-10,-0.0008111212018241427,-0.0009318109269968877,-4.669486785152332e-8,0.00023477998876670416,9.723011733729081e-8,-5.795758569205537e-6,-0.0004128959055093877,1.0699987626866747e-5,0.00012164859570993869,-5.682247292270409e-11,-0.001013775572472036,-1.7755021333762554e-10,1.1070569158748993e-6,7.620636747247829e-7,0.0003084757440434901,3.036474534692015e-5,0.002629473671201455,-5.64786936650083e-10,1.6015571001489512e-6,-6.191632865983946e-5,-1.5084733939155225e-6,-3.1987181206854654e-7,-2.3207850128527372e-7,9.955280249815903e-5,3.970793250185377e-5,-3.4607739848696156e-10,-1.6781326582883653e-6,-4.7810445670660864e-8,0.002749966063312839,8.308815007164241e-10,-4.1521308372212924e-7,3.672239105119058e-7,-1.3120183730342036e-7,-3.5545833384764666e-11,6.768754383888407e-7,-2.9680944178698816e-7,3.639350826675429e-11,-7.840050797423983e-11,-2.6270179244422667e-7,-6.463050044680846e-11,-2.832127366798747e-7,-3.118878449133803e-10,-2.852200308004261e-7,8.925106292899623e-6,-9.731941404657035e-5,-5.518646040046413e-9,7.970498543152385e-10,1.147595780361218e-5,-0.0006433394067353005,1.1601655179301915e-9,-5.9935857685113815e-6,-4.055335030819094e-8,2.1155139471520913e-10,-0.00016098448672004234,-1.5103711759762086e-5,1.1302855434566453e-7,5.201973541354691e-9,1.2329608228403238e-7,-6.140385577132195e-6,6.534523353519467e-7,-3.9008114347202266e-10,-2.653868120515386e-7,7.714068263903949e-5,-1.5660894412255255e-6,5.162615054722933e-8,-0.0008784859467730791,5.6765961263904785e-11,7.98639715649459e-9,9.49481185363384e-6,1.2420320743107889e-10,-9.121182911713621e-7,1.5117688901356236e-5,-1.6938522050210554e-9,1.3427780456630588e-7,8.803664847908505e-6,3.507897173420398e-8,0.0001933164133832605,1.3468348292760652e-7,-3.3841065010985544e-11,-9.137427602454312e-6,6.483770986240593e-10,0.00017747496625556116,2.698331606681999e-6
0.0,0.0,0.0,0.0,0.0,0.0,0.0,0.0,0.0,0.0,0.0,0.0,0.0,0.0,0.0,0.0,0.0,0.0,0.0,0.0,0.0,0.0,0.0,0.0,0.0,0.0,0.0,0.0,0.0,0.0,0.0,0.0,0.0,0.0,0.0,0.0,0.0,0.002823112235464995,-0.00032856729972513315,1.5390507321143587e-13,-0.0002827377402592889,2.2443873467130014e-5,2.1322044697784338e-14,7.985327778908409e-13,1.1502340543180556e-7,-5.817918135602897e-5,-0.0015195102808802175,0.00011668306812972062,-7.991092607657406e-6,0.0006045065898885075,1.809953226896821e-8,5.441529477631276e-7,6.28277004725313e-10,0.0006300254040730778,-3.380976045078308e-13,-3.7555341077268624e-11,3.197181514621794e-12,-4.706502986104325e-5,-8.361876605122015e-14,0.00011233035819180123,-0.0009146616636557772,-5.316079944269126e-9,-4.494967640037983e-8,-2.048481817157069e-7,-1.0716122498986708e-12,-1.1338721019218091e-10,-4.139366073404951e-12,-0.00021290220742970894,-4.1763279730097085e-14,4.586707598491339e-10,0.0006306951047721938,-5.312575514100239e-7,2.5577049147459306e-14,0.0017879563392123564,-5.866143137957419e-10,-3.346136891575379e-8,1.2213024220549326e-5,-4.2417552327295544e-5,1.0930319448929018e-7,1.3773846654725683e-13,-0.0009085045739665784,-3.7937242451491222e-6,0.00010456326954836104,-1.3206711804620032e-12,3.720960606469945e-11,1.2103119495744947e-8,7.489757246170065e-13,1.0759240754853625e-9,-3.2897973328105957e-13,-0.0002452755520934912,-3.955657323914313e-5,0.0015873415152531823,5.376568439309851e-12,0.0005795754683973782,-0.0009960958149319522,5.545934926445514e-5,-8.100914919604625e-6,-3.534192408145064e-11,9.004508656703398e-7,-1.576748254876441e-7,1.835324212277724e-5,1.1822643593114762e-13,-0.00017322856952797178,0.00034366470742820665,4.693881682693442e-13,6.125542244065125e-5,-0.0012064412431110978,4.5710938326092e-7,5.668530828139194e-8,-2.8883953469934684e-5,-2.1551348344109302e-13,-0.00025185964308026764,-1.764276965474893e-11,2.5053675118615984e-12,0.00032221679228761725,8.430559864071659e-5,-5.66534182928248e-9,4.2391977563836764e-10,1.6427816525067546e-14,1.3256805156340332e-8,-3.474891882761148e-14,3.000629774462824e-12,2.1265088896623697e-10,5.150056379800233e-7,-6.412181807665276e-11,-4.516055723035562e-5,-3.901378643178566e-9,-0.00014104535642339749,-5.962449631585527e-13,1.9143214201077932e-5,5.450707431357664e-9,6.414132291454029e-8,6.159869945342247e-10,-0.00044310476212852895,-7.995408642420205e-13,3.2738659526592487e-11,-8.753568963071734e-6,1.5912874045890177e-13,-4.7923538807114785e-5,1.2464389614155687e-7,-2.0979625985663863e-11,-0.0002748352526609984,8.763213169105404e-13,-0.000287719951690262,-4.595409299651336e-10,0.000657522147994964,1.8069715146667258e-13,5.571047324034829e-6,8.023402745225628e-14,-2.822963793254923e-5,-3.6934549043879137e-13,-4.036306505693489e-5,2.890402877995872e-5,-6.228798471925305e-5,1.339598540505328e-13,-5.135628595473084e-5,-3.4610913974133575e-5,-0.0002477605311107426,1.542219688943778e-13,-4.738808212677954e-12,-3.140187975769971e-8,-0.000484839496789395,0.0006304074312194152,2.1599200752058705e-7,-1.652074386809083e-9,0.0008139948642884416,3.1362651863988945e-12,-0.00027162060963233835,0.00016782607350344334,-1.7431204601168123e-8,-1.4727846258636283e-7,0.00012166361164266935,0.002557073342025196,-5.653142577364779e-14,3.2493280379461904e-12,-3.6376743541303796e-13,-0.0003097998807492566,-4.8831874055452446e-5,-4.081077363241947e-11,-4.403385929094392e-7,-3.1952545002496576e-14,-2.7707870608841848e-9,4.507303156074684e-5,0.0004085601871929171,-5.0534178865486895e-12,9.865966855061582e-5,4.571671823434126e-13,3.442946303225995e-7,-0.0013138890866303196,9.251509488728362e-5,-4.689650451135652e-12,5.930373759031639e-5,-1.01264988777143e-10,0.00011626925762339284,-2.6929911593883718e-5,4.787965974220256e-12,0.0005139443934640655,-9.351772555807613e-11,-1.3960804278013888e-12
0.0,0.0,0.0,0.0,0.0,0.0,0.0,0.0,0.0,0.0,0.0,0.0,0.0,0.0,0.0,0.0,0.0,0.0,0.0,0.0,0.0,0.0,0.0,0.0,0.0,0.0,0.0,0.0,0.0,0.0,0.0,0.0,0.0,0.0,0.0,0.0,0.0,0.0,0.0027627916119718583,1.0384950001084379e-14,-9.735370314631767e-6,7.733343421607994e-7,-1.1751512195245669e-14,5.404404908332395e-14,3.963267257708043e-9,0.000685602122949762,0.0005305415854737888,4.020212430980603e-6,-2.753440365337937e-7,2.071658741168254e-5,6.235279578073222e-10,1.8749626382496163e-8,2.156189804214168e-11,-0.0014858145014574617,-2.853841309128055e-14,-1.2625334183136174e-12,9.067019881391557e-14,-1.6216799651124808e-6,-1.3455472486469522e-14,-0.0012935976398383206,-2.9909606783277898e-5,-1.8318670548036557e-10,-1.5487921627181745e-9,-7.058444791009955e-9,-4.294077416807499e-14,-3.846784325578803e-12,-1.5603581840868108e-13,0.0021435941959528316,-1.3040721499146172e-14,1.5804865876321755e-11,2.146879367807139e-5,-1.8305256843143448e-8,-1.1638630943672596e-15,3.484367786216583e-5,-2.025478789615554e-11,-1.1528915866097907e-9,4.208165938167574e-7,0.0005003845257947674,3.766185440264659e-9,1.5868461296203808e-14,0.0005304583382766658,-1.3071784455066328e-7,3.6024508387857476e-6,-8.076429007123988e-14,1.3230244507732126e-12,4.1701283812119616e-10,3.467363372462325e-14,3.7153442717996816e-11,-3.3206478183933334e-14,-8.44128769952226e-6,-1.3629599172602124e-6,-7.017447489534355e-5,2.0411837116312075e-13,-0.0009117711612884714,-3.036191587286624e-5,-0.0006482396427462589,-2.791280283506541e-7,-1.191003586235844e-12,3.102628622432548e-8,-5.4330003066960335e-9,6.323855972323879e-7,1.5084599814629576e-15,-5.966472897434006e-6,-0.0012069102487009358,3.700399583035197e-14,2.1105660202489258e-6,0.00023219293221753427,1.5750362535400525e-8,1.953257263349293e-9,-9.952327551110364e-7,-1.2341458581835403e-14,0.0017010511579735824,-6.256899820417296e-13,8.237413693571536e-14,1.1064980341514457e-5,-0.0009540020425538997,-1.9528248422473273e-10,1.4612368479226576e-11,-3.783143394003051e-15,4.568433716326511e-10,-4.6415305471082625e-15,9.6726288395015e-14,7.349917264084976e-12,1.7745185336079738e-8,-2.1824732148834595e-12,0.0005316325631486962,-1.344850730057095e-10,0.0014760619591862039,6.9698280875361076e-15,6.596059933829588e-7,1.8766373166218196e-10,2.210006741500821e-9,2.1213054271014876e-11,0.00033398104700983083,-4.864049662264484e-14,1.1916490333720542e-12,-3.016163121253546e-7,2.1254374192937662e-14,-1.6512566097935672e-6,4.2947534688488535e-9,-7.128629224266314e-13,0.0026310201160232036,6.137370681150121e-14,-9.904781704179733e-6,-1.588645065260536e-11,-0.0012710565291999326,-1.0550464777338478e-14,1.9195826141662409e-7,2.452028633214217e-15,0.00033308001139470785,-2.5443038270904997e-14,-1.3907580437381029e-6,-0.0003386799486373037,0.000672671456731477,1.1753110552314801e-14,0.0006057033515777837,-1.1925615690065472e-6,0.0024324425084666164,1.5813770323595433e-14,-1.808317206829602e-13,-1.0818960924327416e-9,-1.613493981366791e-5,-0.0010935290274843752,7.4423705736681375e-9,-5.6931853395018635e-11,-5.603915558458211e-5,1.3562379051222015e-13,-9.34927217132591e-6,-0.0007031112089566691,-6.006024216283384e-10,-5.074640392699094e-9,4.191719349703356e-6,2.997704174736899e-5,-1.2557758380761124e-15,9.04158603414801e-14,-3.516172346613115e-14,0.002351920356175272,-1.6825565811358329e-6,-1.4215382487021593e-12,-1.5172384137702638e-8,-5.02310335230445e-15,-9.542891748707994e-11,-0.0005273937958322874,1.384960178866951e-5,-1.707855139783513e-13,-0.0011450591172702635,4.01848268184356e-14,1.1863103371964238e-8,0.0005853137864836542,3.1875843128745662e-6,-1.707855139783513e-13,2.043068486104444e-6,-3.496079933203897e-12,4.0059571918787345e-6,0.00031669055658720266,1.808317206829602e-13,-0.0014838579935022424,-3.1545089052471946e-12,-4.2696378494587823e-14
0.0,0.0,0.0,0.0,0.0,0.0,0.0,0.0,0.0,0.0,0.0,0.0,0.0,0.0,0.0,0.0,0.0,0.0,0.0,0.0,0.0,0.0,0.0,0.0,0.0,0.0,0.0,0.0,0.0,0.0,0.0,0.0,0.0,0.0,0.0,0.0,0.0,0.0,0.0,0.0026160090911436294,-1.9795508433966976e-12,2.4423000946146473e-11,0.0008383854781642314,0.0006334928714495251,4.00199644814138e-9,8.093540038992751e-15,2.7324233493610693e-14,4.615748928327779e-12,-5.987944002767519e-11,9.074355749024689e-13,1.5983113736887868e-8,5.197990000028974e-10,4.1760219285556854e-7,-1.0215866545943405e-14,-0.0013858522501105776,-6.084394630888322e-6,7.409929958414316e-5,-9.979511003022272e-12,-0.0015645342531844238,2.162063076092214e-14,-2.0439471374705439e-13,-3.283392360033329e-8,-6.374424100577189e-9,-9.758335599334945e-10,-0.00018605352928813263,-6.303996052787348e-7,-2.151479198046081e-5,7.301070169543224e-15,-0.0011418335485432745,5.627036342442595e-7,5.319148863221907e-13,-9.500780226012141e-11,0.0006362629691350102,5.984511234054181e-14,-7.749262383578033e-8,-8.138017786360959e-9,2.2172002145316232e-11,-4.0375535830687225e-16,2.33818658853225e-9,0.001768094250055316,-1.7756409022278014e-14,-4.7074688834551855e-11,2.7758161090980456e-12,-0.00012650444432084403,9.884383962509215e-7,1.7290682570974044e-8,0.00039117436281462805,3.516684925432106e-8,-0.0009022449321356317,-1.108778732675193e-12,-5.4231866992580684e-12,-5.3139866586366874e-15,4.954265207909843e-6,-2.7365488533140573e-14,-1.0104298552765116e-13,1.0087569475784703e-14,-3.870611878282564e-11,-3.2838381347021127e-6,3.9567768343233124e-11,-1.1805288838248693e-9,1.3555715268758212e-11,0.0019081634300095597,-1.676975398748493e-12,-2.133370670566793e-15,0.0005283839788006577,3.80624037999855e-12,7.684698520650405e-15,5.728182627946296e-10,3.072625662243074e-9,-8.902228495598402e-12,-0.0011618123716285098,-7.631071476177945e-15,-4.838147537980747e-6,7.673901177093626e-5,6.801429437387891e-13,7.195404752518226e-15,-2.6708121121116046e-8,1.9070621384495273e-7,0.0005563102738440098,8.123769156973555e-9,-0.0010979694670158464,5.284066082144098e-5,3.78290790024482e-7,3.715529174451169e-10,-5.317798754671945e-7,-2.0878180019825195e-15,-3.1610558624405725e-8,1.758358729624589e-14,-0.00012840768125288424,2.6375360042516796e-11,1.053722310925431e-8,1.0543788350494411e-9,2.8637979356627435e-8,-9.156877914653624e-15,-6.235097735856598e-5,6.132546355493713e-7,-5.250093032506701e-11,0.0025079703661193913,-8.003974997181201e-12,3.4567703422435393e-9,-1.4600749676351656e-6,3.909207598865385e-15,0.0005367453534120247,-1.6533460859459318e-12,-4.476502055418905e-8,4.705395176398405e-15,0.0003119473804034263,1.2689693730505469e-11,0.0013503120812673735,-3.7982410715649405e-15,-0.001204979638376563,-1.0211592135357673e-11,9.184393833723483e-15,1.1536423383218743e-15,0.0024322018480514465,-2.7357381439113756e-16,-9.881524509695607e-12,5.7573719525243955e-15,0.0025544984643911355,-1.4381375481007082e-5,-3.3781685984132576e-9,-1.644533359989871e-13,-1.5914838967643912e-14,3.9852878753509375e-10,-1.8958392771816136e-8,2.6524731612739856e-15,3.920236416686184e-6,-1.3474563659271847e-12,-7.957419483821956e-15,-5.581631102946783e-9,-5.244257736618022e-10,3.909745439717854e-12,4.509204374165775e-14,-0.0014079059721737001,6.458249343120089e-5,-0.001053390294392126,-6.631182903184964e-15,-9.156337352717798e-12,-5.11355408716695e-6,-5.4428749269342184e-11,-0.0006109120898168857,-2.670221389690702e-8,1.1936129225732935e-14,2.705522624499465e-13,-2.0211675560867165e-5,1.1936129225732935e-14,0.00018166804205960445,5.248713891528963e-10,1.5914838967643912e-14,4.7001824417775025e-12,-2.1591876686750492e-5,1.2997118490242528e-12,-3.8556014599671067e-7,4.636523085906926e-12,1.3262365806369928e-15,3.078993222222795e-6,-1.85673121289179e-14,-6.335252201923654e-7,-0.00018105981663769916
0.0,0.0,0.0,0.0,0.0,0.0,0.0,0.0,0.0,0.0,0.0,0.0,0.0,0.0,0.0,0.0,0.0,0.0,0.0,0.0,0.0,0.0,0.0,0.0,0.0,0.0,0.0,0.0,0.0,0.0,0.0,0.0,0.0,0.0,0.0,0.0,0.0,0.0,0.0,0.0,0.002541114557375232,-0.0002835861600269537,1.3107118938060723e-13,-1.0267243168147566e-11,-1.4538331129823856e-6,7.507953460697324e-7,-4.31348673020786e-5,-0.0014331372379041791,0.00010100025043826465,-0.0015503553067109555,-2.287697315674676e-7,-6.877789483774034e-6,-7.940314497875416e-9,1.447728533503539e-5,3.2549345362850796e-12,4.751112163064711e-10,-4.0271622937191575e-11,0.0005931690369900764,-3.222166738939928e-13,-1.3343834816793994e-6,0.00039889426225826123,6.719207238169574e-8,5.681386434461854e-7,2.5891672115959735e-6,1.3817087880539012e-11,1.4328920875070284e-9,5.195880399029572e-11,1.350851178532386e-6,-2.5668107920368915e-13,-5.797300551502488e-9,-0.0008816057671345471,6.714799576213082e-6,1.2560988982308194e-13,-7.15742467589846e-5,7.415330694009624e-9,4.2293160105246556e-7,-0.00015434082106269918,5.493908321827338e-7,-1.3815329778985454e-6,-4.4236526415954943e-13,-2.6020569533354863e-5,4.7949924729402465e-5,-0.0012551879300465717,1.6722499245142474e-11,-4.71200925823283e-10,-1.5297641821544475e-7,-9.79757140620039e-12,-1.3598876195418531e-8,3.353237928320535e-12,0.0017121037879195193,0.0004973727238968526,2.886889694832087e-5,-6.820070887437596e-11,1.496581719256492e-5,0.00020929977589661378,-6.953909863433958e-7,0.00010238619605882489,4.4686537499495027e-10,-1.1381174040581644e-5,1.9929213127758392e-6,-0.00023185031852810875,2.0752938318596147e-13,0.001819331964301775,6.413135301717933e-6,-5.3411509672597445e-12,-0.0007625019469797784,-3.246300929469055e-5,-5.777607935415585e-6,-7.164715589450469e-7,0.0003644630200015746,1.5673929730097616e-12,-1.5922681876151707e-6,2.2203459481074865e-10,-3.105294928408886e-11,-0.0011405404578046854,-9.370086654171222e-7,7.160759860954963e-8,-5.356442606020816e-9,1.0922599115050603e-13,-1.6755913660355236e-7,-2.1845198230101206e-13,-3.873153646196944e-11,-2.6867190851219173e-9,-6.509383366432711e-6,8.107408419137461e-10,5.806738550945821e-7,4.9311996082340196e-8,1.1088391499402099e-6,7.274451010623701e-12,-0.00024190263299490666,-6.889337641985602e-8,-8.107120062520824e-7,-7.785890791586831e-9,-1.2570335057157375e-5,1.069322453363454e-11,-4.1368251888342655e-10,0.00011063626393333847,-1.8568418495586024e-13,0.0006033234925259541,-1.5754292971538583e-6,2.6548469409041997e-10,1.2233510237064533e-6,-1.086798611947535e-11,0.0023067098756237993,5.808223150617539e-9,1.6133082941716205e-5,-2.5886559902669928e-12,-7.040659880624508e-5,1.6383898672575906e-13,3.658785842157031e-7,3.5389221132763955e-12,0.0005090262522473217,-3.656073542344782e-7,5.692703120952975e-7,1.2014859026555664e-13,6.646751521583938e-7,0.0004366222024390669,1.3345414661529995e-6,6.553559469030362e-14,5.956093297437093e-11,3.9690147450702737e-7,0.0002904632450467752,1.5917898389404864e-5,-2.7300172728930964e-6,2.0881956059343122e-8,1.7539298372190978e-5,-4.0162396946041064e-11,0.0020297424438359976,2.7011683730392354e-6,2.2031913508413527e-7,1.8615182511437202e-6,-0.0014796211635364912,-4.178129766338807e-5,-3.0037147566389156e-13,-4.103620487524511e-11,3.511615615488769e-12,-9.671051882323007e-7,0.000615110668051579,5.158306658073798e-10,5.565634496172881e-6,-1.6930028628328435e-13,3.502108585219029e-8,-5.672820932235831e-7,-0.00044980441817817925,6.33947652637537e-11,-1.2059880232492043e-6,-5.9965069141627806e-12,-4.351693597436819e-6,-3.762176220647379e-5,-0.001145460014621309,5.874173804074214e-11,-0.0006985182294919896,1.2798009383104792e-9,-0.001428398417335112,3.4500348754860426e-7,-6.110101944959307e-11,1.079833803514704e-5,1.1814101654821034e-9,1.7902139949567937e-11
0.0,0.0,0.0,0.0,0.0,0.0,0.0,0.0,0.0,0.0,0.0,0.0,0.0,0.0,0.0,0.0,0.0,0.0,0.0,0.0,0.0,0.0,0.0,0.0,0.0,0.0,0.0,0.0,0.0,0.0,0.0,0.0,0.0,0.0,0.0,0.0,0.0,0.0,0.0,0.0,0.0,0.0024961949411848863,-2.2978933488429633e-12,1.2705964774720818e-10,1.8120501003114452e-5,2.4582730295102195e-8,-1.4123286806204212e-6,0.0005151442336669153,-0.0012273079280132903,-4.5710435550500114e-5,2.8513766275078326e-6,8.572231250479979e-5,9.896851603235063e-8,4.740208153553722e-7,-4.071548893742306e-11,-5.919922702019219e-9,5.014575387154218e-10,-0.0013514512600832378,3.821740198242951e-12,-4.369086831225913e-8,1.2936736869295143e-5,-8.374771513519484e-7,-7.081250471700079e-6,-3.2271161079595724e-5,-1.723783198726671e-10,-1.7860516239647486e-8,-6.482146798378479e-10,4.4230134769133765e-8,2.950772370321875e-12,7.225799287723059e-8,-2.7640220283584755e-5,-8.367322759285111e-5,-1.7703539844105427e-12,-2.341950289939255e-6,-9.24241812515621e-8,-5.271398243532229e-6,0.0016330123954111729,1.798836115890831e-8,1.7219352535077647e-5,5.431486895601609e-12,-8.519728029039909e-7,-0.0005902256863347694,0.00025249339565637307,-2.0903054944651858e-10,5.871420424572966e-9,1.9066940784466314e-6,1.2163126307119834e-10,1.694954960720899e-7,-4.206085771781473e-11,2.8061695095652973e-5,-0.0007203992466285917,9.451811684196191e-7,8.487158415692488e-10,4.900162186689868e-7,6.826893876187332e-6,-2.2768738162407255e-8,-0.0012195548981719568,-5.569787166601331e-9,0.00014158005689980739,-2.483963425985027e-5,0.0016051517071624744,-2.422636980306251e-12,-5.790926347616723e-5,2.0998152198542502e-7,6.690870808587173e-11,0.0004647360230265722,-1.0629022052169815e-6,7.201058713098269e-5,8.93006655130706e-6,-0.001201824067812796,-1.9892005312762695e-11,-5.2134722669403535e-8,-2.7679511583070586e-9,3.8762175036790987e-10,-3.151279621094821e-5,-3.067971178291551e-8,-8.925088391306382e-7,6.676348928149071e-8,-1.5220343543152292e-12,2.088449062325603e-6,2.488111015629647e-12,4.824630826457288e-10,3.3488056826449835e-8,8.112974890642159e-5,-1.0105536724146553e-8,1.9012646883657076e-8,-6.14618413816652e-7,3.63059385311317e-8,-9.095106466133107e-11,0.0023590634532138807,8.586861514421095e-7,1.0104667279942278e-5,9.704274294616315e-8,-4.1158189148943513e-7,-1.3299335789826558e-10,5.155076509173658e-9,-0.0013327277708502937,2.380642140539588e-12,-0.0010801133409949124,1.9636067505970357e-5,-3.308831931173138e-9,4.005552320629091e-8,1.347192108489009e-10,2.225557349670812e-5,-7.239280595602504e-8,5.282355437979884e-7,3.154004708392832e-11,0.0007804464540163875,-2.1607408390126654e-12,1.1979683217735992e-8,-4.4797312781874834e-11,-0.0013834879959348895,-1.1970707509156101e-8,1.8639342894880153e-8,-1.6875807743787718e-12,2.176312282395487e-8,-0.001316446843866092,4.3696007248682436e-8,-1.0488742896813357e-12,-7.438046783119257e-10,-4.9469573632351235e-6,9.37769146321805e-6,5.211898334685429e-7,3.402645943769381e-5,-2.602685250918645e-7,5.742564845082402e-7,4.993167232378888e-10,2.7430443582272944e-5,8.844268381149333e-8,-2.746046947849684e-6,-2.3201776531089627e-5,0.0004025539815080523,-1.367519559479057e-6,3.3579844657249013e-12,5.111475029449461e-10,-4.4309828132164673e-11,-3.1665393222246856e-8,-0.0012380419352730585,-6.428316421091183e-9,-6.934193231618726e-5,1.5789198481223047e-12,-4.364996417017278e-7,-1.8574324140079912e-8,-1.4280062442726203e-5,-7.912167503710348e-10,-3.9486961860305794e-8,7.429818609262845e-11,5.423858441591898e-5,-1.2318200269963403e-6,0.0005468304506044817,-7.336195333761508e-10,9.776363316512495e-5,-1.5952783472811605e-8,0.0005173462555392741,1.1296215266083128e-8,7.614396563339114e-10,3.5356360764786893e-7,-1.4726073942359174e-8,-2.230724647396456e-10
0.0,0.0,0.0,0.0,0.0,0.0,0.0,0.0,0.0,0.0,0.0,0.0,0.0,0.0,0.0,0.0,0.0,0.0,0.0,0.0,0.0,0.0,0.0,0.0,0.0,0.0,0.0,0.0,0.0,0.0,0.0,0.0,0.0,0.0,0.0,0.0,0.0,0.0,0.0,0.0,0.0,0.0,0.0024676861175301325,-5.982133899559267e-5,-3.807147101816116e-10,7.715745918387903e-15,-2.4331168793776547e-14,1.1153941815496957e-13,4.498075315364137e-12,-7.269423233895822e-14,-1.5205394833345596e-9,-4.9398055147855704e-11,-3.972791467220233e-8,8.10815275108832e-15,0.00012195368898544375,5.788301797932748e-7,-7.048857830246783e-6,-3.282980408737449e-13,-0.0010406564044592303,-1.4029323664491443e-14,2.741406878557868e-14,3.123640988889161e-9,6.064646067173365e-10,9.271761908838149e-11,1.7682912633031438e-5,5.99720864014169e-8,2.0467608612051224e-6,2.7813392947376762e-15,-0.0014137482643164188,-5.3531928757917745e-8,-5.4833269244146054e-14,8.9198168544244e-12,0.002125734051391763,-4.002947571205808e-15,7.372089633531103e-9,7.74325658990102e-10,-6.081978576317255e-13,5.611375666905505e-15,-2.2243915922356913e-10,-8.974736665746477e-5,-2.2231715391294296e-15,3.823159807420083e-12,-1.8767393196196274e-14,1.2029586316354792e-5,-9.403376926092179e-8,-1.6449389540947111e-9,-3.7060786653142766e-5,-3.3455794907643004e-9,8.210087902905034e-5,1.3925730568887328e-14,-1.6298751580534857e-13,4.970580570162463e-15,-4.7131637268257974e-7,1.3720905113996985e-14,2.898303386573123e-14,-1.3902178789689946e-15,2.458155915518457e-12,3.124033639056098e-7,-3.669249860694686e-12,1.1225042511789599e-10,1.9667483887510037e-13,0.00015085738674365962,-5.49538785023245e-14,-7.174857759622086e-15,-4.961078197358115e-5,1.2458351453521448e-13,-1.6136912149916873e-14,-5.458478330461236e-11,-2.9222709739021434e-10,-2.611755323441566e-13,9.619350483024998e-5,1.550149212756208e-14,4.60270228055031e-7,-7.299735632581422e-6,-5.874558128387265e-14,-1.3847509993645336e-15,2.5407896913841316e-9,-1.8142487831194044e-8,0.0013903337400986416,-7.728214565081089e-10,-0.0004929888546305268,-5.02669729577316e-6,-3.598799381270382e-8,-3.528659841052442e-11,5.0590093441677606e-8,1.1234473801459385e-14,3.007295900395391e-9,-7.054845560639154e-15,1.2199241784233281e-5,-3.3236698899672244e-13,-1.0025888217513898e-9,-1.0034174045674422e-10,-2.7243064704383903e-9,-9.557249206144522e-15,5.9298726989260955e-6,-5.834109271427402e-8,3.735788123569355e-12,-5.979160579869809e-5,-2.617548755282962e-13,-3.289067922599074e-10,1.3890202260497418e-7,5.596127058610323e-15,-5.078152393562559e-5,6.129368427811795e-14,4.258480749727659e-9,-3.650194489615377e-16,-2.9172489856894798e-5,-5.179985784237773e-13,0.00016857251055744764,1.4051236567893032e-14,0.00010807493319426349,-3.536611966306707e-13,-9.13041243213291e-15,-1.4188314477687266e-15,7.676147760822511e-5,1.1232573296564136e-14,-2.5926813758383756e-13,1.3757567281421021e-15,3.9838626087985296e-5,1.3681459632115607e-6,3.215242323211229e-10,-1.1247611849196211e-14,-9.841660368046686e-15,-3.7949442379188016e-11,1.8037120265845013e-9,-8.435708886897159e-15,-3.7294556927835677e-7,1.1247611849196211e-14,5.6238059245981055e-15,5.311122315190451e-10,4.9804425268240824e-11,6.186186517057917e-14,2.2495223698392422e-14,-0.0007835554271612178,-6.143629962884403e-6,9.526396808427331e-5,1.8277369254943843e-14,-3.1493313177749394e-13,4.864707300322698e-7,5.083920555836687e-12,-0.0009617075902775579,2.540408107483155e-9,-8.435708886897159e-15,-1.968332073609337e-14,1.9227970168468142e-6,-9.841660368046686e-15,-1.7234133910038516e-5,-4.993939661043118e-11,-9.841660368046686e-15,1.3497134219035454e-13,2.0540970035582487e-6,-2.2495223698392422e-14,3.667958700141376e-8,1.6309037181334506e-13,7.732733146322396e-15,-2.9291534670687616e-7,-7.0297574057476324e-15,6.026938329452256e-8,1.721357714475666e-5
0.0,0.0,0.0,0.0,0.0,0.0,0.0,0.0,0.0,0.0,0.0,0.0,0.0,0.0,0.0,0.0,0.0,0.0,0.0,0.0,0.0,0.0,0.0,0.0,0.0,0.0,0.0,0.0,0.0,0.0,0.0,0.0,0.0,0.0,0.0,0.0,0.0,0.0,0.0,0.0,0.0,0.0,0.0,0.002404693108095524,2.1789602757615508e-8,-6.558005290068953e-15,-4.6669591136642765e-14,-8.058005523784884e-12,-2.6083835773397706e-10,6.532332840994798e-13,8.7028281606696e-8,2.8257347082786996e-9,2.2738601978632272e-6,3.985407753745604e-14,-0.0010597453303596432,-3.312967702921347e-5,0.00040232498906348147,1.925706474591912e-11,7.790639204389803e-5,1.9346670391904682e-14,-1.8589089171205753e-13,-1.7878104354723513e-7,-3.470880361800273e-8,-5.311438583397981e-9,-0.0009717331879462793,-3.4325508958331618e-6,-0.00011710481751130185,1.792765363929713e-14,4.539978254906002e-5,3.063943146824253e-6,4.1890231463854747e-13,-5.126058888547944e-10,6.131749910981406e-6,5.466270137502866e-14,-4.219499784777198e-7,-4.431087926802224e-8,3.3957095063740026e-11,-5.679069928641131e-15,1.273010337781567e-8,0.00014567911909483297,-4.305330774390894e-14,-2.251903167370119e-10,-4.019253885279449e-12,-0.0006761152668964544,5.382083220443226e-6,9.414809984378512e-8,0.0017601193193285977,1.9148565579857776e-7,-0.001076060401814604,-3.589142604473508e-13,1.0659076858053655e-11,4.189096606763784e-15,2.697539823348989e-5,1.2378774602206087e-14,-8.38695498439227e-14,4.1482833308169704e-14,-1.459857383454615e-10,-1.7880604651514687e-5,2.0741146018223828e-10,-6.426906609064449e-9,-1.2170323019184521e-11,-6.192377294672774e-5,9.346883287918052e-13,1.033730412679057e-14,0.0015004944045860019,-7.009205548208738e-12,-5.976139349791734e-14,3.115214380328583e-9,1.6730230110802202e-8,1.5939570383832506e-11,-0.0005259176058259907,2.808307120678101e-14,-2.6343761929561173e-5,0.00041609739383357354,4.816376479241516e-13,1.7784837939627157e-14,-1.4542642579980832e-7,1.0384028924167986e-6,-5.9651342063219924e-6,4.423347585216292e-8,5.6376754828114906e-5,0.0002871771361632095,2.0598075616622506e-6,2.0187878228014056e-9,-2.895561864407745e-6,4.639733273207544e-15,-1.7212000700165723e-7,-6.016156716614483e-15,-0.0006587833175844373,1.850759202630122e-11,5.7375005248269474e-8,5.7405760729134436e-9,1.559359254693795e-7,-2.927611423214922e-14,-0.0003351372302537223,3.339194700916537e-6,-2.142017333508999e-10,6.134068141308792e-5,1.5803245244666298e-11,1.882080467362711e-8,-7.950159013468085e-6,2.633056193466378e-14,0.0022498637257064393,-2.938627379128187e-13,-2.4374621621740835e-7,6.404733238205372e-14,0.0007445015615360268,2.795656358766502e-11,-5.4093477699367495e-5,-4.49237947288142e-15,-0.0011574876332130632,1.9181780485339864e-11,1.6157730924073285e-14,7.18155665389824e-15,-4.380577247023331e-5,-2.255983673362158e-14,1.786040714149635e-11,-2.347669944745634e-15,-2.6113811962098027e-5,-7.829352670121081e-5,-1.839414948746604e-8,-1.269647801393332e-13,-2.8855631849848457e-15,2.1679120786263747e-9,-1.0322864523876842e-7,2.3084505479878766e-14,2.134489066561706e-5,-4.039788458978784e-13,6.34823900696666e-14,-3.0392275041622064e-8,-2.8543760180815294e-9,-6.255900985047145e-12,5.7711263699696914e-15,7.162689816125775e-5,0.0003508454415780954,-0.0011382618930159843,2.019894229489392e-14,1.797128751608562e-11,-2.7843448400550893e-5,-2.923421773971847e-10,1.982604636627261e-5,-1.453935102160081e-7,5.7711263699696914e-15,2.1930280205884826e-13,-0.00011002454848681715,2.597006866486361e-14,0.0008712436245057057,2.855484074344564e-9,-5.7711263699696914e-15,-8.345048730976174e-12,-0.00011753106936175672,-1.627457636331453e-12,-2.0993904333484724e-6,-8.021865654257871e-12,1.1542252739939383e-14,1.67649655918148e-5,3.7512321404802996e-14,-3.4495696401646246e-6,-0.0009584658443818842
0.0,0.0,0.0,0.0,0.0,0.0,0.0,0.0,0.0,0.0,0.0,0.0,0.0,0.0,0.0,0.0,0.0,0.0,0.0,0.0,0.0,0.0,0.0,0.0,0.0,0.0,0.0,0.0,0.0,0.0,0.0,0.0,0.0,0.0,0.0,0.0,0.0,0.0,0.0,0.0,0.0,0.0,0.0,0.0,0.002300774953510062,-5.678325653860781e-11,3.2613156374916907e-9,-1.180350791108927e-6,-3.890463967233134e-5,1.0556049613046393e-7,0.000509279164424762,0.00042036332581208216,1.7747617229945172e-5,-1.0946972235690306e-9,2.780147808662519e-9,-1.0612851688764988e-6,8.611685714773763e-8,2.8597321906565107e-6,-2.1965360846717036e-10,1.0082737585504228e-10,-2.9875544738456455e-8,-0.00015013618654072464,-0.0012114413235322762,-0.0007761764457098555,-2.1713232089194857e-8,-3.2028165542813176e-6,-1.1512507896031779e-7,-1.0217849646951521e-10,-1.280910596827996e-10,1.2957706652855997e-5,6.383074991800626e-8,-7.644372316452749e-5,-1.7347423603679205e-11,5.408535819735132e-9,-1.6574023537792145e-5,-0.0009243991099965397,5.0522009197355746e-6,-4.1522831741212677e-11,0.0016063187873926752,-4.082555699552933e-10,1.967400504749393e-9,-3.358636662334945e-5,-5.808630138635933e-7,-3.1067233120421577e-8,1.0528563959403402e-6,0.0003412063623317209,5.117755361777495e-9,3.0394173351408044e-5,2.6609837958967727e-9,-6.479974467012165e-8,1.5907852360722884e-6,-2.182735352681016e-9,1.5196077678130857e-7,-1.131708277544057e-9,-1.5765743907208005e-8,5.252481388763509e-11,-2.178146020591559e-5,-9.986373250564637e-7,3.093298635521924e-5,-0.0009226243909689566,-1.813529484690758e-6,1.7441519503615713e-10,1.3365540866196804e-7,-4.847869019036527e-10,-2.2309896603407634e-9,-1.057560129342397e-6,2.454407104805394e-9,0.0004629527532052379,0.0013410302965217254,2.3806589848142335e-6,1.4302576790349143e-9,1.2051513338021925e-10,-4.960929826969468e-7,6.55646237008363e-8,7.277299694197236e-8,7.07890693368495e-11,-0.00015998090647240424,1.197241786867314e-5,1.6816626219421985e-11,0.00037211715315304584,-1.5897381658503796e-10,8.380619962545063e-8,6.005290183468772e-6,0.0003005618535683586,-1.812125766880936e-6,-4.393554712420005e-11,-0.0001101944014959753,-8.384185955881118e-11,-1.008046963304422e-8,2.7542609167409096e-6,0.00015377393393576142,0.0007651129039025051,1.740203946973497e-5,9.502720807434065e-10,-2.065187859221871e-8,9.244102810617801e-7,-3.196716206103526e-5,-1.724367684221075e-10,2.3465760022280006e-6,0.0021917756533267243,-5.932704992292211e-7,-9.243112632224623e-11,2.8305494330131254e-9,-5.138996908009315e-8,-1.298186845327877e-5,-1.2199171519460751e-9,-1.3928123362909502e-9,4.163057395935536e-6,1.5229059497416295e-10,-2.7673845442865158e-11,2.9598709775412485e-9,2.8507424131395e-6,2.748082821222617e-11,-4.304284243249472e-11,1.2324150176299498e-10,-5.023273427379709e-11,2.6600781590506147e-6,-1.0080324870121241e-10,7.337067479664599e-11,-1.326200642368205e-7,-0.0008288740543163669,-2.1656581532002315e-8,-1.2037037045724e-9,0.0003214838045719286,-4.6667133052245795e-5,-1.3263179003358183e-9,8.936591619108376e-8,-6.334072742372152e-8,-2.0409159424690182e-10,-0.00048504943168417374,-0.00042001651399620784,-9.24461913170976e-7,3.1583891992534497e-9,-2.019925318637028e-10,8.83329844813192e-8,2.861938860145791e-9,7.3177657566007e-11,2.6587027182650815e-6,-1.1525198296403216e-6,-4.3603158906919716e-5,-5.587848826998754e-11,-7.826314478970935e-5,4.289807950951548e-11,3.297762116067098e-8,-1.4082358606482354e-7,9.110413286160317e-11,5.061828619199847e-9,0.0004239373147904081,2.844591436542112e-9,-1.24898342369077e-6,-1.304208741652275e-7,-2.252176196661852e-7,-2.8606959256890913e-6,-1.1853106101217342e-6,-2.6202089059242864e-11,1.3639514348796553e-7,-8.166559028335658e-10,-2.640689481724313e-6,-3.093173502451301e-8
0.0,0.0,0.0,0.0,0.0,0.0,0.0,0.0,0.0,0.0,0.0,0.0,0.0,0.0,0.0,0.0,0.0,0.0,0.0,0.0,0.0,0.0,0.0,0.0,0.0,0.0,0.0,0.0,0.0,0.0,0.0,0.0,0.0,0.0,0.0,0.0,0.0,0.0,0.0,0.0,0.0,0.0,0.0,0.0,0.0,0.0022082522836823883,-4.669277468527257e-5,1.2475064845594886e-7,3.757539940826403e-9,-1.310873116881943e-6,3.844862225632087e-12,-2.690274754054318e-10,1.0443162974785896e-13,0.00011944776390599605,1.1069384911559135e-14,-7.128159396586184e-14,-9.278370625171252e-16,-4.2713742967547695e-8,7.849991706410526e-15,-0.001161863108431975,2.518550983030996e-6,-1.0325890295248987e-12,-8.049277523869381e-12,8.539486632377755e-11,1.5152943229717413e-14,-1.951247884497095e-14,1.9035452038398198e-14,0.00024300721619337925,1.413685808037425e-14,5.667745411253586e-14,-1.6051992847665653e-6,2.709832390744387e-10,-5.499394007097558e-15,-3.0676212993143826e-6,-2.187974790451937e-13,-6.575681805975395e-12,-3.0493666530773492e-9,0.0018224446442974026,-1.4928744220314647e-11,9.416269954574772e-15,-4.637303651635481e-5,1.8673960609964505e-9,1.0424711692485475e-7,1.1770157395270522e-14,3.335778397293108e-14,2.589860426844426e-12,1.584287836750526e-14,1.9081519438291057e-13,6.352936771313087e-15,1.6670386659721765e-7,-4.0128629048471274e-8,6.212765522482862e-6,7.049793083300389e-15,7.666667808787922e-5,2.6231991173918923e-6,-0.001043088071462302,3.5361621153919723e-9,-6.338614808593545e-14,-4.59281134510372e-10,5.732059467287475e-11,4.8379214740074364e-9,-9.42228295322363e-15,-8.84239340262747e-8,8.912762763665511e-5,-2.519541562375139e-14,6.677095122965202e-8,-2.0516279568591792e-5,-2.2306091076996972e-10,5.3358430048338195e-12,-2.22146326364937e-8,1.5748057622406545e-14,-7.007393619327428e-5,-2.5325616611999614e-14,-2.0309855359959123e-14,-5.93833635314607e-7,-0.0005477068841558989,-1.1474780426753003e-12,6.276418312512426e-14,7.070508339090514e-15,2.7185458399605113e-12,6.280424052670933e-15,5.2972583446210264e-15,-4.0399138098837336e-14,-2.5705037385284067e-10,-1.5174653507465346e-14,0.0015136356381599055,-8.225078647874843e-13,0.0002582636224268011,6.02530155314689e-15,-2.5527984722988955e-9,1.2518207284067032e-12,-1.340746840196568e-11,1.0811442680128893e-13,-2.9043741339605016e-5,5.7534671113401135e-15,5.519295330345499e-14,3.9864745659645924e-9,-6.288945983071335e-15,-4.656203933244352e-8,-7.729878054377601e-12,3.598109023880617e-15,0.00016787838029473518,3.2150410399069954e-15,9.448306032993349e-8,-1.51566432322779e-13,0.00010483309623366176,1.5353130422662798e-15,-1.7855993067659204e-9,3.146171980062277e-15,0.0012401810713891335,-4.6372734757215765e-15,-3.4242170849179095e-8,-0.0006333104070761735,0.00017401966758859226,-4.7102148965992194e-15,0.002153106503710078,-2.7960529565464267e-8,0.00020822601380556555,-7.853753242812507e-15,1.2569023847829963e-14,-5.191006849153775e-12,1.3330313533942497e-6,9.118266042143081e-5,-1.0281461507524909e-10,-3.26794620043579e-13,4.961229809282444e-6,3.142255961957491e-14,1.3929434657804608e-7,4.87259683386992e-5,-3.4816196058488996e-12,6.488130110249827e-11,1.2658827009417937e-7,-2.645755588546801e-6,6.2845119239149815e-15,6.2845119239149815e-15,-3.1422559619574907e-15,-5.720195352167667e-5,-4.603389901439106e-8,-4.3991583467404866e-14,2.2485983663767803e-10,6.2845119239149815e-15,-5.781750970001783e-13,-0.0009014215411384119,-1.075992503005739e-6,3.1422559619574907e-15,-0.0013383900578689686,0.0,-1.662379094113991e-10,-5.137553083318903e-5,1.0048074845108864e-7,9.426767885872472e-15,5.5092092844949766e-8,-2.5138047695659926e-14,1.2438049591726034e-7,0.000804349231213138,3.770707154348989e-14,0.00011508074596099327,-6.2845119239149815e-15,2.1995791733702433e-14
0.0,0.0,0.0,0.0,0.0,0.0,0.0,0.0,0.0,0.0,0.0,0.0,0.0,0.0,0.0,0.0,0.0,0.0,0.0,0.0,0.0,0.0,0.0,0.0,0.0,0.0,0.0,0.0,0.0,0.0,0.0,0.0,0.0,0.0,0.0,0.0,0.0,0.0,0.0,0.0,0.0,0.0,0.0,0.0,0.0,0.0,0.0020304661140716084,-7.791840937052144e-6,-2.3469472193785324e-7,8.187456004971454e-5,-2.3643531730814563e-10,1.680117511651176e-8,-8.300047226094923e-12,-0.0009526265305383207,-1.788045345419533e-14,5.547441654749659e-13,5.303239572337314e-14,2.6678630907218513e-6,-2.8840650041730076e-15,6.353274678238196e-5,-0.00015727214444339593,7.025410682196911e-11,5.012403508409082e-10,-5.333077372665395e-9,1.0501516194591388e-15,1.5214521735505532e-12,2.8150639096094243e-14,-8.575728522192003e-5,-1.3138727568844858e-14,-6.0481202593871235e-12,0.00010025469945722235,-1.6926602927756562e-8,3.0657905671189955e-14,0.0001910495559138835,7.902383964731487e-12,4.093351477523029e-10,1.9045485014707063e-7,4.750184911186947e-6,9.313668128914176e-10,1.112444260996814e-14,0.00146972187301996,-1.1664447726083495e-7,-6.511195147534643e-6,2.3271109077126823e-15,-6.65104076394614e-13,-1.5905662136425906e-10,-5.5699221726068385e-14,-1.4148447584707813e-11,-2.463229250478244e-14,-1.0412174296008078e-5,2.5064005331962503e-6,-0.0003755950705595426,-1.4139416762259137e-13,-0.0009654707966523608,-0.00016375516503512336,2.3046530846832115e-5,-2.2087463980290683e-7,4.679709090323993e-13,2.868098531025514e-8,-3.582928348586647e-9,-3.0216805630650067e-7,3.0259687256743296e-14,5.522899941152217e-6,-0.000426665005489168,5.768223328247826e-14,-4.170465166012624e-6,0.0010883828299429934,1.3937580512917438e-8,-3.328783413266287e-10,1.3875041762132312e-6,-5.3195967683499384e-14,0.00010586942004471234,1.5376825188605327e-13,7.192793120211433e-14,3.709002117438526e-5,5.077827861204918e-5,7.493694095354661e-11,-5.5453138127012595e-12,-1.3533975326382387e-14,-1.7163044150698504e-10,3.457366403298488e-14,-1.0031301936843938e-13,-2.7981209378825043e-12,1.6056853638847508e-8,8.324975475646173e-13,-4.467009361171249e-6,5.167912567877471e-11,-6.904708789421803e-5,-2.4678961743943872e-14,1.5943885916458625e-7,-7.166304411428268e-11,8.315698287769242e-10,-8.018289950226804e-12,0.0007499092365862552,1.0165095422554647e-13,-4.719625660109505e-13,-2.4900240331653775e-7,1.0384514155214423e-14,2.908224541362482e-6,4.841286527627922e-10,2.4217120722786946e-13,-7.885385645149593e-5,4.337098664326531e-14,-5.901342553716188e-6,6.166763993401359e-12,-0.0010526173118033694,1.2524597290184441e-14,1.1151876023378143e-7,1.3497300558849124e-14,3.772534571898764e-6,-8.687810800723426e-14,2.1387336219922574e-6,1.0164627235692218e-5,-3.4497662646144335e-5,-3.062658546547928e-16,4.556698340872472e-6,1.7463809540822417e-6,-8.544930883159856e-5,9.95371610095283e-15,-1.3669558641376105e-14,3.2194544512169004e-10,-8.324813211599119e-5,-0.001032783198933548,6.420919763261749e-9,2.189863294348452e-11,-0.0002950810484269813,-1.161912484516969e-13,-8.70021237222322e-6,-0.00018014773279816543,2.1882229473114868e-10,-4.0561407965382486e-9,-7.906596509694995e-6,0.0001644142208390172,6.834779320688053e-15,4.7843455244816366e-14,-4.7843455244816366e-14,6.401585058350923e-5,2.87523101556031e-6,5.467823456550442e-13,-1.4053509204495077e-8,-2.3921727622408183e-14,3.652506068975695e-11,1.763957170446087e-5,6.720125285187283e-5,-2.733911728275221e-14,5.078992500120151e-5,-6.151301388619247e-14,1.0377218103483388e-8,0.001956954459072594,-6.2759597804063504e-6,-4.1008675924128316e-14,-3.4410136103009904e-6,1.2575993950066017e-12,-7.768693518505559e-6,-4.8378922476610425e-6,-1.0935646913100884e-13,-0.0007152051573481179,1.1072342499514645e-12,3.417389660344026e-14
0.0,0.0,0.0,0.0,0.0,0.0,0.0,0.0,0.0,0.0,0.0,0.0,0.0,0.0,0.0,0.0,0.0,0.0,0.0,0.0,0.0,0.0,0.0,0.0,0.0,0.0,0.0,0.0,0.0,0.0,0.0,0.0,0.0,0.0,0.0,0.0,0.0,0.0,0.0,0.0,0.0,0.0,0.0,0.0,0.0,0.0,0.0,0.001994978078683139,8.647533784038706e-5,-0.0002563527631769535,8.711371130321792e-8,-6.1906200091549305e-6,3.0655546029268266e-9,-1.065488859352612e-6,4.900786615863853e-13,-1.8326830983058325e-10,1.502954738135509e-11,-0.0009562923147413002,-1.5084131932595262e-13,7.537387233344397e-8,7.205184201738251e-5,-2.591490309977656e-8,-1.8479070796574808e-7,1.965059226809651e-6,-3.942728028835047e-12,-5.533163643012455e-10,-1.997689591301295e-11,-1.0169024669681214e-7,-1.0366413321989318e-13,2.238108393645519e-9,-0.0001548470464805448,6.236991316592421e-6,8.028898443357056e-14,-1.2408852275423425e-5,-2.8627786154453e-9,-1.5092239724439277e-7,-7.015986731887277e-5,5.635658082493137e-9,-3.431807657118302e-7,-3.977158154818593e-14,9.575121779201325e-7,4.297914600349539e-5,0.0011943197403118306,-5.358955000618419e-12,1.8178691063348716e-10,5.8640236128014766e-8,8.017223510775581e-13,5.250180765030786e-9,3.0824610592231823e-13,0.00015712315400529903,-0.0008752853305508967,3.841933721391417e-6,2.621627569822164e-11,-1.023129744262558e-6,3.770796476706544e-5,2.7343035368846314e-8,8.138155558813274e-5,-1.7249740601868858e-10,-1.0568046822024147e-5,1.320144224218144e-6,0.00011109367885077051,8.24443666234609e-14,-0.00031746952547109987,-4.92498588754414e-7,-2.763086227993441e-13,0.001288247115497518,-1.7183487529796291e-6,-5.135516169030065e-6,1.2257446393893833e-7,-0.0005039883589433151,1.2255743280551922e-13,1.2502679176669593e-7,-8.569004169677827e-11,1.1537292591647774e-11,-0.00017676203603886597,6.023956103113922e-8,-2.7605206165689618e-8,2.068222096424575e-9,-2.4885364977771765e-14,6.327445110981327e-8,-1.0088033103031984e-13,1.4552236264578775e-11,1.0373868568875004e-9,-5.916355521222616e-6,-3.129993565217688e-10,-5.299786810956434e-9,-1.9024991130109092e-8,-8.188969196668682e-8,-1.9435411550790346e-12,-5.872239479159373e-5,2.64741486331741e-8,-3.06408414212324e-7,3.005977896538848e-9,6.188106721185296e-7,-3.509151124673291e-12,1.5960551170014243e-10,9.174624887735308e-5,-2.5463192627298644e-14,-0.0010297752882405873,-1.783432859473331e-7,-1.0236592139820465e-10,-9.347918418037623e-8,4.088372844662387e-13,0.00012438183475021154,-2.242247232985105e-9,-1.150575667204508e-6,-2.8142780206877335e-13,-4.108516275021169e-5,1.3636959219241571e-14,4.476216590061741e-9,3.457163555913729e-13,-0.0007720586539405381,1.2059360980658375e-8,-4.091933062452167e-8,-3.142912318498381e-14,5.4063208132178005e-9,-0.0006326434109589466,-1.0131228514685855e-7,3.649357581616158e-14,-2.3011642362783934e-11,-1.1877741633809673e-7,5.234891741902208e-5,-1.111833183642913e-6,-2.3658991305201004e-6,-8.058359945382924e-9,2.0729083331523013e-6,1.535964520466352e-11,0.00015347336597156276,-2.098522656264838e-7,-8.069061611226608e-8,1.4944632043304587e-6,0.0017483459832947812,-7.0393321867056786e-6,-1.59996304215245e-13,1.53179070383465e-11,3.339053305361635e-13,7.573429233845254e-8,-0.001024581280482356,-1.9914670422061017e-10,5.178338875010137e-6,-1.5303994316240827e-13,-1.3513482632129073e-8,2.0927906147573005e-8,-7.994352118868282e-5,-2.4347263684928587e-11,6.025727941010556e-8,8.625887705517556e-13,-3.823609709023774e-6,7.271345081309187e-7,0.0018031173303506886,-2.2566435255402383e-11,0.0004934339154127369,-4.942911909703673e-10,0.0019961091925622836,-5.739943933693496e-9,2.359597669122222e-11,-8.145490871859683e-7,-4.562259832892447e-10,-5.314659844367269e-12
0.0,0.0,0.0,0.0,0.0,0.0,0.0,0.0,0.0,0.0,0.0,0.0,0.0,0.0,0.0,0.0,0.0,0.0,0.0,0.0,0.0,0.0,0.0,0.0,0.0,0.0,0.0,0.0,0.0,0.0,0.0,0.0,0.0,0.0,0.0,0.0,0.0,0.0,0.0,0.0,0.0,0.0,0.0,0.0,0.0,0.0,0.0,0.0,0.001980477192378232,3.4125750588476764e-6,2.8885217815545695e-6,-0.00020520787753154285,1.0165185659330019e-7,1.4195546263381915e-8,1.5850501152997443e-11,-6.078239747183214e-9,4.934256804551141e-10,-0.00016924148367069121,-1.2753276789768057e-12,-1.0041733940005065e-9,-9.598630727719793e-7,-8.59293086458968e-7,-6.127304938465842e-6,6.515542926147906e-5,-1.2425335386602592e-10,-1.8344649684559465e-8,-6.593303954411297e-10,1.3545941993316718e-9,-7.708024433376299e-13,7.421672727135357e-8,2.062324709678139e-6,0.00020622217674702264,-7.007294939432999e-14,1.6531963388775278e-7,-9.49291699451272e-8,-5.00429040097709e-6,-0.00036003987000362886,-7.486593913290216e-11,-1.1379189977665668e-5,-2.4245240490438173e-12,-1.2756864524777047e-8,0.001205866416650865,-9.281450623597073e-6,-1.777610580235363e-10,6.0306461999545846e-9,1.944387619353799e-6,2.9430638745618596e-11,1.7407460424343988e-7,1.516378624893301e-11,-2.0795503223900506e-6,-7.916806573074939e-5,-5.1185374497863254e-8,8.703060314775784e-10,1.3630870407982647e-8,-5.023608223782839e-7,-3.6409904505293863e-10,0.0013429966622679269,-5.7198025964413375e-9,-0.00034225557407495003,4.3772717748805486e-5,0.0001286348776002057,1.1211671903092798e-12,3.998692451944577e-6,6.561855214723121e-9,-1.2893422688556717e-11,2.1795599381296735e-5,2.2893112858925185e-8,-0.00017024866818341473,4.06432927911701e-6,-0.00015360687122047487,8.15649130950001e-12,-1.6654938612044352e-9,-2.8413179520412924e-9,3.75562979573851e-10,2.3517796945851375e-6,-8.025314748233824e-10,-9.1534819458958e-7,6.857350039401036e-8,1.4014589878865997e-14,2.098060120001743e-6,-9.109483421262898e-13,4.801959076094645e-10,3.4396063998060334e-8,-0.00019609085896982732,-1.0379205264288157e-8,7.04373287311805e-11,-6.308354828325432e-7,1.0906153843733519e-9,-5.748784768310832e-11,-0.00019796515329060228,8.778296239081489e-7,-1.01598774932675e-5,9.966839971692405e-8,-8.24461505065832e-9,-1.1817102185859807e-10,5.294824172954604e-9,0.0018163054737027973,-8.689045724896918e-13,-0.0001281850363973401,-5.913517639349536e-6,-3.3976971702322723e-9,1.245280398276517e-9,1.6144807540453628e-11,-1.6390622325761748e-6,-7.435446266068307e-8,1.532899023442508e-8,-8.072403770226814e-12,-0.00029237599486234354,9.389775218840218e-13,-5.947791944590729e-11,1.6887580804033525e-11,-0.00017660512007515396,-1.606632583713198e-10,5.452236046474027e-10,7.147440838221659e-13,-7.186681689882484e-11,-0.00016861382647260977,1.349661063694311e-9,4.484668761237119e-13,-7.596468297940525e-10,-3.938427585247792e-6,-6.973608350032966e-7,1.481252456820911e-8,-7.843924202935131e-5,-2.6721142025977917e-7,-2.761659023169818e-8,5.121491725332789e-10,-2.02765082045032e-6,2.7961349142718284e-9,-2.6755481134682707e-6,4.955108619518341e-5,-8.115149166291108e-6,9.378333707663112e-8,-1.1491963700670118e-12,5.060388113460934e-10,1.6439113927909813e-11,-1.0091065296378672e-9,-0.00015143619153192272,-6.6009278913053996e-9,0.00017087625497219663,-4.204376963659799e-13,-4.480868565045566e-7,-2.788623094096756e-10,1.0648258481949816e-6,-8.063714724501917e-10,-8.025314748233824e-10,2.912231776828354e-11,-0.00012676362276368365,-9.687445107867332e-9,1.3441801930377964e-5,-7.468374946447689e-10,-4.9244136293205385e-6,-1.638518578605594e-8,3.166391409533945e-7,7.635148566006195e-11,7.813133857467793e-10,1.0852449935317703e-8,-1.5125049922507822e-8,-1.7686412427128887e-10
0.0,0.0,0.0,0.0,0.0,0.0,0.0,0.0,0.0,0.0,0.0,0.0,0.0,0.0,0.0,0.0,0.0,0.0,0.0,0.0,0.0,0.0,0.0,0.0,0.0,0.0,0.0,0.0,0.0,0.0,0.0,0.0,0.0,0.0,0.0,0.0,0.0,0.0,0.0,0.0,0.0,0.0,0.0,0.0,0.0,0.0,0.0,0.0,0.0,0.001916571185527043,-1.590554331593724e-9,1.1292620333164718e-7,-5.596084895799115e-11,1.1510809300518473e-5,-2.822281025271742e-14,3.4224401748708817e-12,-1.9792644251676513e-13,-3.621490574895479e-5,-1.945203615489866e-14,-8.142898782878251e-7,-0.0007564988534930821,4.734553436769574e-10,3.374137463738832e-9,-3.5876387561877814e-8,-2.4951272066195952e-14,9.985156151394418e-12,4.3540261532003797e-13,1.0985893452366779e-6,-6.379604890244345e-14,-4.076679796238147e-11,0.0014567145581976578,-1.1284129711185339e-7,6.529328021558495e-14,0.00013378948000256492,5.2187434727322395e-11,2.755764595362778e-9,-2.21857482124159e-6,-6.088561895218254e-8,6.266118757142574e-9,1.1557962612834662e-14,-1.034428798578108e-5,-3.944342744036032e-7,-6.314484534283178e-5,-3.105069207916441e-14,-3.3811425565067317e-12,-1.070622356827421e-9,-1.1033066123949929e-13,-9.585045643267754e-11,-4.148196266687182e-14,-0.0003240307102894572,-3.1073764563548796e-5,-4.1498910306536146e-5,-6.517571472684893e-13,1.1053189028138102e-5,-0.00040278179122499595,-2.953948305199693e-7,9.272030360212774e-7,3.0014487435873954e-12,1.7843474602596783e-7,-2.4103287533217232e-8,4.278680011108382e-6,1.248558290236462e-14,0.00014596760229110934,5.3206172295868355e-6,7.364416642110633e-14,2.942486627459796e-5,1.856347060010125e-5,9.370773656795587e-8,-2.2382232821625925e-9,-1.9605239532714447e-5,-7.969165467696245e-14,-1.3507055437649575e-6,1.5400450163727034e-12,-1.0391965068385682e-13,0.001023441565895476,-6.507883519883724e-7,5.045339190544649e-10,-3.7756878170511976e-11,3.9800247274469206e-14,-1.155228225490811e-9,-4.906461903036657e-14,-3.191889163888716e-13,-1.8928260242765516e-11,1.0787778251923487e-7,5.620905683150681e-12,5.7256059379880243e-8,3.4762096036907907e-10,8.846811583802357e-7,-4.2458199090425225e-14,-2.039880277676029e-6,-4.831449647959356e-10,5.594685305170216e-9,-5.497799260885303e-11,-6.685196278637965e-6,1.6696523324715995e-13,-2.939878821280234e-12,5.071875889289213e-7,-2.0175697956250387e-14,-3.7883981060575954e-5,3.2563510762607483e-9,1.936955524452649e-12,1.0098851750193096e-6,2.169414274563147e-16,-0.00018167423565382357,4.095411688619451e-11,1.2430032126395399e-5,1.4373420606158472e-14,-1.1543484091231502e-6,-2.339474527950463e-14,-4.835475543024407e-8,-1.0247885213835843e-13,-2.9685378970240935e-5,-1.302841955062749e-7,4.4206513376693673e-7,-1.2726466161702814e-15,-5.8405629367559616e-8,-2.4492771501545922e-5,1.09450407040666e-6,-5.872608864655532e-14,3.91011065636939e-13,2.1689818267620604e-9,-0.0005420779437267769,1.2011479931538532e-5,4.318239317546435e-8,1.4757047254964477e-10,-2.239207495249046e-5,-2.7515593507784597e-13,-0.0002699257553075885,2.2671028966313426e-6,1.4733876228852657e-9,-2.7283246043448336e-8,-3.686671466804514e-5,7.596485568796212e-5,-4.344567395965989e-14,-2.317102611181861e-13,-1.3033702187897967e-13,-8.181802858111099e-7,-3.8277431848316025e-5,3.82321930845007e-12,-9.307847531169759e-8,-1.0137323923920641e-13,2.470610659172659e-10,-2.2609273547520206e-7,0.0007845129402323675,3.91011065636939e-13,-6.509797254324893e-7,-1.448189131988663e-14,6.978029819409038e-8,-7.855433973555519e-6,2.6203813480922648e-5,2.7515593507784597e-13,-5.1756070451645315e-5,8.89188127041039e-12,9.425760248847581e-7,6.200954702210033e-8,-4.779024135562587e-13,8.799825680046399e-6,8.196750487055833e-12,1.0137323923920641e-13
0.0,0.0,0.0,0.0,0.0,0.0,0.0,0.0,0.0,0.0,0.0,0.0,0.0,0.0,0.0,0.0,0.0,0.0,0.0,0.0,0.0,0.0,0.0,0.0,0.0,0.0,0.0,0.0,0.0,0.0,0.0,0.0,0.0,0.0,0.0,0.0,0.0,0.0,0.0,0.0,0.0,0.0,0.0,0.0,0.0,0.0,0.0,0.0,0.0,0.0,0.0017541639144159442,-3.473619867369741e-5,8.781661385421379e-5,3.2010179277093405e-12,1.3756782167316415e-8,-5.251499000942537e-6,4.2612632194032845e-7,8.610785069815198e-8,-1.0866363237398757e-9,-2.3985933614224807e-13,-1.9738516970968235e-10,-0.0007254288157840304,-0.0006893388323251766,6.180014895434483e-5,-1.074423799806926e-7,-1.5848284559480574e-5,-5.696682060665417e-7,4.1111953670385947e-13,-6.332224147531449e-10,6.411692032596853e-5,2.7056900205201e-10,6.072916184484574e-6,-8.560058745676273e-11,3.718486962301085e-11,-8.198950729466559e-5,-0.0010231550488853012,1.722864226521742e-7,-7.433180476654971e-14,-7.53237590885258e-5,-2.0199827239431745e-9,-2.7401850182679238e-12,8.312774080823416e-7,4.669173057741329e-9,-1.5372977228971103e-7,5.209788973856868e-6,0.0014144597978365033,2.5322379950974112e-8,0.00015007303304004346,1.3167609957376275e-8,7.653415386013077e-10,4.027893006236225e-8,-1.1412368453833053e-11,7.519383055981301e-7,3.146295492710698e-12,-1.0960439226392497e-10,6.272031290510345e-14,-3.8726559316161855e-7,-4.941501123425664e-6,-2.032113854558025e-6,7.007714887055438e-5,-6.511143907464867e-8,8.631886799148864e-10,-1.9040855650248636e-9,1.2976175319873403e-12,-1.1039526424601572e-8,-1.1072285564429604e-8,5.273831181227194e-12,-3.824849666491718e-5,0.00012194739934570443,7.812755918683908e-8,7.076459020555612e-9,-3.809360839044127e-13,-2.45479057068602e-6,3.2442990630850875e-7,-2.693104837500691e-10,-2.495948476457881e-13,-0.0007649412668054895,5.92392751122198e-5,8.32272777476863e-11,0.0010106796464214288,-7.861009254535454e-10,4.1469230499273925e-7,2.9715369847824613e-5,-2.4803197413427588e-5,-8.966829638097308e-6,9.41558937457695e-14,-0.0005364923531820772,2.08812243404207e-13,-4.988179249759889e-8,9.771526987955693e-8,0.0006797084406063384,-4.5678120210112784e-5,8.600134526027394e-5,-1.631056497344956e-12,-1.0219198148540364e-7,4.574205377847428e-6,-3.122216481629468e-7,-8.529676435441958e-10,6.522161658579113e-8,-5.874400692428494e-5,-2.9356466189264772e-6,2.4170646770798817e-13,1.400564080568533e-8,6.698400429198272e-10,-6.421000480348415e-5,3.4655618768445363e-12,-6.892093282882569e-9,1.340550897588557e-7,7.541707094627924e-10,-4.084056966780394e-14,1.464582524597588e-8,8.98449710911565e-8,-1.1800793634957327e-14,7.26494694327996e-14,6.103745559884665e-10,-9.28443548602443e-14,8.577043967642848e-8,2.414890300201397e-13,3.6366775602168864e-10,-6.562367604608038e-7,-0.00031570380756626497,-1.3639150813701551e-10,3.449344405321274e-12,-2.6482181293161915e-5,-0.00022868666334533726,-6.139200134241534e-12,4.422032945518199e-7,7.879695017660525e-10,5.379711457840519e-13,-0.000723907772410456,3.4017678700887866e-5,4.099340130874475e-9,2.1202392216194988e-11,-9.98822545551884e-10,4.370923787947023e-7,1.4161868895234549e-8,-1.898721691002536e-13,7.705151861678965e-8,-5.702948192957992e-6,3.377089184277403e-6,-2.766121050175528e-10,-0.000382419608455723,9.49360845501268e-14,1.6917610266832597e-10,-6.968302276907004e-7,-1.1075876530848127e-13,2.504673402396782e-8,-3.4987636752711684e-5,-2.1518845831362076e-12,-6.821537419264812e-9,-6.45354553542438e-7,2.4608698929853537e-9,-1.4155373368329629e-5,-1.6056856433578114e-10,9.49360845501268e-14,6.749153085145952e-7,2.4683381983032968e-12,-1.3066755717078178e-5,-1.5305867701280488e-7
0.0,0.0,0.0,0.0,0.0,0.0,0.0,0.0,0.0,0.0,0.0,0.0,0.0,0.0,0.0,0.0,0.0,0.0,0.0,0.0,0.0,0.0,0.0,0.0,0.0,0.0,0.0,0.0,0.0,0.0,0.0,0.0,0.0,0.0,0.0,0.0,0.0,0.0,0.0,0.0,0.0,0.0,0.0,0.0,0.0,0.0,0.0,0.0,0.0,0.0,0.0,0.0017348535884688765,5.22281908981349e-7,-2.2999180799071635e-10,8.184745239208215e-11,-3.123554442920398e-8,2.534636343474385e-9,-6.1795785967938325e-6,-6.485242039049186e-12,1.629425376553786e-11,1.4148566453273843e-8,-4.076376107801389e-6,6.069979022481784e-5,-0.0007632929054088519,-6.389146883612852e-10,-9.42632668758398e-8,-3.3884245148837903e-9,-2.2048804754327787e-11,-3.6185865609859786e-12,3.8134574390166295e-7,-1.942290035718135e-8,-0.00042272895575890543,-4.2633239316175935e-13,-2.664371176116971e-9,-4.873522496801434e-7,4.0362431642389885e-5,-1.2364186082228508e-5,1.2817055658027568e-12,0.00013653165846823354,-1.203015138564705e-11,2.0674896077759292e-10,-5.963792427311047e-5,-3.3510000915438833e-7,-9.143569837891458e-10,3.0987241120110396e-8,4.678380886690989e-6,1.504629326182861e-10,8.881856879392724e-7,7.835286404996749e-11,-5.4915322493163396e-8,-2.8906488601998702e-6,8.298001494733106e-10,4.472302983378824e-9,-2.2104955570525332e-10,7.85093025962232e-9,6.1114325358746884e-12,2.7791328252974714e-5,-2.9391627019650436e-8,0.00014534366446325027,-0.0005215784234113404,4.6727647822169886e-6,5.16077756986515e-12,1.366421445404843e-7,-1.0635106103186026e-10,-6.580837382808375e-11,7.946188044026621e-7,-3.7147403607734153e-10,0.0016207035136468677,-4.6967011399118106e-5,-5.606851948437047e-6,4.202112591837478e-11,2.6899531665578927e-11,-1.4600854589434379e-8,1.929612590541181e-9,1.9351203085991878e-8,1.2895856315128178e-11,-4.185918201837989e-6,3.523042673501107e-7,4.041725455641944e-13,-5.2748311592171334e-6,-4.680334083256216e-12,2.4665530646448263e-9,1.7673956951162318e-7,0.0014019801128145124,-5.3333404616648365e-8,-1.1849198366212455e-12,-3.07131126266891e-6,-1.7883460652532827e-11,-2.9655800538238157e-10,-7.0125816944873255e-6,2.9355513489729224e-6,0.00012211894247348622,5.100489802637091e-7,1.3358418342848802e-10,-6.078792541339152e-10,2.7206608091254612e-8,2.240541222172505e-5,-4.958284433887615e-12,-4.680666828866227e-6,7.063906633685358e-5,-1.7460712658166528e-8,-2.0409096421371648e-11,8.324931927502951e-11,-4.808032880028601e-8,-3.815387194673731e-7,-2.483523167778438e-10,-4.10714961057514e-11,-9.620468386251025e-6,4.556291387647116e-12,1.1029762355359253e-12,8.70999915586455e-11,-6.447738108863441e-6,2.4992091379870132e-12,-8.886386634725854e-12,3.570456237550953e-12,1.1866798427239255e-12,-6.1553469195220855e-6,-2.227380505722355e-11,2.2789871857973575e-12,-3.903387227436126e-9,4.156530339701527e-5,9.789025776617216e-9,-2.4010999061136724e-10,0.0008316543922783271,-1.3297400071897616e-6,4.479664003943419e-10,2.629946741515125e-9,-5.6539887240171695e-8,-4.530860163988487e-11,1.8038456950135136e-5,-0.0005703409037739138,-2.9418452676456874e-7,-1.5158543037343966e-9,-5.951553605239114e-12,2.5999329926887043e-9,8.440966887430528e-11,1.6190785614252644e-11,-5.529647586192513e-6,-3.392052779946002e-8,-0.00023824618070995376,-1.7118716015069494e-12,-2.208507759438535e-6,4.575656804027921e-12,-1.213560177228289e-8,-4.144457146048339e-9,1.3151013611576751e-11,1.49012823331175e-10,0.0012843029934213957,1.5698022573818867e-10,4.895430579477416e-7,-3.838368104178891e-9,-1.7660448182586378e-7,-8.419381306451527e-8,1.1511072614933123e-8,-1.247906401098524e-12,4.01435490433381e-9,-1.7579481455475102e-10,-7.771922668921574e-8,-9.102677256013028e-10
0.0,0.0,0.0,0.0,0.0,0.0,0.0,0.0,0.0,0.0,0.0,0.0,0.0,0.0,0.0,0.0,0.0,0.0,0.0,0.0,0.0,0.0,0.0,0.0,0.0,0.0,0.0,0.0,0.0,0.0,0.0,0.0,0.0,0.0,0.0,0.0,0.0,0.0,0.0,0.0,0.0,0.0,0.0,0.0,0.0,0.0,0.0,0.0,0.0,0.0,0.0,0.0,0.0017212969390486199,-1.7737284302653037e-13,3.870598575909279e-7,-0.00014773149537832095,1.1989463016038746e-5,5.701730663107376e-10,-3.0574692191109905e-8,-9.674882346901656e-14,-1.2899843129202209e-12,-0.00015599744163683626,9.853726933030798e-6,-7.048764532266493e-7,-3.0229903893968276e-6,-0.0004377085250849514,-1.6028137260034478e-5,1.1287362738051933e-13,-1.7818166319073133e-8,0.0015468141948075378,1.7737284302653037e-12,3.62357883483603e-8,-2.406594734183964e-9,2.902464704070497e-13,-0.0004398042183779067,1.3477219467916293e-5,1.1407976271309973e-9,3.224960782300552e-14,1.0991638994252224e-6,-5.6833290368835696e-8,-9.674882346901656e-14,5.497913141665981e-9,3.089512429443929e-11,-4.325336105994038e-6,0.0001463124499408711,2.6810686179963106e-5,7.124792982709229e-7,0.00019962423574057883,3.704747227773596e-7,5.063188428211867e-12,2.6644625983367164e-10,-3.224960782300552e-14,2.1156224541032498e-5,-1.612480391150276e-14,-6.449921564601104e-13,-8.868642151326518e-14,-2.564295316438461e-9,-0.00013898683181333117,-1.330567219404691e-8,-9.035830568202544e-7,-4.310482581622918e-10,2.4286276662486413e-8,-1.2609596658795158e-11,-1.7737284302653037e-13,-3.106073248053199e-7,-7.333560818951456e-11,8.06240195575138e-14,8.78597995655459e-8,-1.8199777218427073e-6,5.173482086966546e-10,1.9910449925492522e-7,0.0,-6.906248458558125e-5,9.12813836267747e-6,-1.7737284302653037e-12,-4.837441173450828e-14,-0.00011760290723928473,0.0009208695537827856,2.341386027165847e-9,-7.241568683637901e-6,-2.212432745324777e-8,1.166775860118153e-5,0.0007643039522291574,-4.952314276516374e-8,-0.0002497294256196569,4.837441173450828e-14,-0.00015876508375944033,9.674882346901656e-14,-1.403471456839965e-6,6.469271329294907e-10,2.6194882756548307e-5,6.548584724790494e-7,0.00016401170989192594,6.449921564601104e-14,-2.8752624178686545e-6,0.00012830688514968986,-2.0670708630233618e-9,-2.4005060082269807e-8,4.316932503187519e-10,8.675568909227436e-7,-8.255724061624111e-5,1.2899843129202209e-13,3.940664073865541e-7,4.514945095220773e-12,-0.00025643821401226266,-1.4512323520352485e-13,-1.9391579535306623e-7,8.87573706504758e-10,2.1220241947537633e-8,1.612480391150276e-14,4.120713634341381e-7,5.948762659031599e-10,-2.418720586725414e-14,4.837441173450828e-14,1.7172400172025273e-8,8.868642151326518e-14,5.678510945474812e-10,1.9349764693803313e-13,1.0234413042630803e-8,-1.846380320969284e-5,4.6147093860196715e-6,-9.029890190441545e-13,-1.2899843129202209e-13,1.4896609847171418e-7,-0.00010012902857444137,-4.837441173450828e-14,1.2441709715413686e-5,5.0954380360348725e-12,-1.1287362738051931e-13,8.84012730608628e-6,-3.424361397454508e-7,2.728316821826267e-11,3.224960782300552e-14,-2.8109790165981947e-8,1.2298012686866526e-5,3.984561595042059e-7,1.4512323520352485e-13,5.099307988973632e-10,-0.00016042071128789229,2.1112205761330564e-8,-7.781443372397356e-9,-0.00013785121231223065,-4.03120097787569e-14,1.1932354894512043e-12,-1.9605951450399467e-5,-1.3706083324777345e-13,7.047115932314581e-7,1.4051495974326429e-7,6.449921564601104e-14,-4.5407447814791774e-11,-1.8157646975759254e-5,1.654404881320183e-11,-0.0003859396601102852,-9.3523862686716e-13,2.418720586725414e-14,1.8988958919445014e-5,-1.2899843129202209e-13,-0.0003625835441804166,-4.306456282585431e-6
0.0,0.0,0.0,0.0,0.0,0.0,0.0,0.0,0.0,0.0,0.0,0.0,0.0,0.0,0.0,0.0,0.0,0.0,0.0,0.0,0.0,0.0,0.0,0.0,0.0,0.0,0.0,0.0,0.0,0.0,0.0,0.0,0.0,0.0,0.0,0.0,0.0,0.0,0.0,0.0,0.0,0.0,0.0,0.0,0.0,0.0,0.0,0.0,0.0,0.0,0.0,0.0,0.0,0.001623665231624302,-3.41465076938497e-14,-5.032731192336033e-14,-4.1426232814178907e-14,7.892215725988686e-8,-3.2055331595242246e-14,-0.00016589077393344004,-2.100036598766103e-5,-2.2217425740813567e-13,2.3942918121486867e-12,-3.0359723395680574e-11,-3.3023827163730466e-16,5.475010885930935e-14,-3.593974075993031e-14,0.0002232090152985478,-1.9233141424824152e-14,2.0316625383919863e-13,6.413626141549649e-6,1.859870269089819e-10,2.3504530899366052e-14,3.092941545011715e-5,3.7426775117061453e-14,1.7451006219383635e-12,4.833201003886882e-9,-1.2407568736666898e-5,5.983158497258365e-12,4.272978013292491e-14,-0.0002953225098433207,8.513008960909576e-10,1.3749747096403145e-7,-2.6114102685558924e-14,6.726668769880262e-14,2.764391875487006e-13,-5.1205353633754867e-14,2.9531772852011016e-13,-2.9874720618348493e-14,6.509058954883999e-7,6.771814856663507e-8,-5.799715977811096e-5,7.923593328175022e-14,0.0011035552499352311,-2.4599232796679736e-5,-6.0191009366321155e-5,-2.0165232700717764e-9,-1.5183234217141307e-14,-3.6821328034635696e-10,-2.1675792193015756e-11,-9.323830321916452e-9,2.6530875048945126e-18,-3.152545681489726e-7,0.000923241732401249,-4.7043519045383646e-14,-6.412039371383321e-8,0.00010814309181446349,2.543647008976213e-11,-1.9831486955069485e-12,4.272532182670505e-8,2.993694273407345e-14,-0.0002683823796905934,-1.3575250738979873e-13,-1.6097217119414777e-14,-1.1400473896829764e-6,-0.00013254899807529954,-2.1797995208575045e-13,2.3735302587622905e-13,1.0684252960636397e-14,-7.910852559820981e-16,-2.1370411276026754e-14,-4.146137652826849e-14,1.3477746984288538e-13,-3.637687901651495e-11,9.237976411541976e-14,1.1667751881612174e-5,-6.86270414346268e-14,0.00017991920972874875,5.96770658415598e-14,4.4446795830958874e-9,1.3961675186302236e-13,5.162578976728712e-12,2.57238545087367e-13,-0.0002726170966088375,-3.1410013565081118e-16,6.529971928985589e-14,-1.1021782439534421e-9,5.128056410854952e-14,8.255922922228358e-8,3.1454635443531468e-12,5.0811645508747954e-14,0.00020489224403058516,-2.987214340964228e-14,3.780807109913237e-7,1.0874127646891952e-13,0.0015035271592146787,-5.557796914604626e-14,2.5143804441910384e-9,2.1370312511691987e-14,-9.853933269786166e-6,-3.8417374253620934e-14,6.469250894220889e-8,-2.6548146501504942e-5,8.996486132261052e-5,1.875951631392815e-18,-1.1902170198849316e-5,5.337649776972521e-8,0.00022222585575776792,4.701070563268637e-14,1.709439549177416e-14,1.6068731762267709e-12,-1.0104974450709836e-5,0.001318463829462981,2.376120973356608e-11,-3.418879098354832e-14,-4.370014176402138e-5,-1.709439549177416e-14,5.525726418821735e-7,0.0004161525996225697,6.153982377038697e-13,-2.1573127110618988e-11,8.030687167224025e-8,2.6757220531230814e-5,-8.54719774588708e-15,-5.983038422120955e-14,-3.8462389856491856e-14,-0.00016416621733168616,8.341654734493987e-8,-4.2735988729435394e-14,1.6916613778659707e-10,-1.4957596055302388e-14,-1.5384955942596743e-13,-4.6070321546036024e-5,5.674957072585825e-6,-4.2735988729435394e-14,-0.00013263420638880233,-1.2820796618830619e-14,2.988100331962123e-11,-0.00015126666314043552,-5.709835793371421e-8,-1.709439549177416e-14,1.1262061260308684e-7,-1.7094395491774158e-13,-2.0538574295456815e-9,1.2636342894778146e-5,-6.837758196709664e-14,0.0014007884352352342,0.0,4.2735988729435394e-14
0.0,0.0,0.0,0.0,0.0,0.0,0.0,0.0,0.0,0.0,0.0,0.0,0.0,0.0,0.0,0.0,0.0,0.0,0.0,0.0,0.0,0.0,0.0,0.0,0.0,0.0,0.0,0.0,0.0,0.0,0.0,0.0,0.0,0.0,0.0,0.0,0.0,0.0,0.0,0.0,0.0,0.0,0.0,0.0,0.0,0.0,0.0,0.0,0.0,0.0,0.0,0.0,0.0,0.0,0.001620080390894454,-5.967644129459831e-6,7.241633070965789e-5,-2.2188176033168834e-13,-0.00018467687553902175,-1.3318450508977496e-15,-4.296498337033755e-14,1.1292657099339305e-8,-7.141598697253546e-10,5.115191848285457e-11,-0.00015875788138139193,-5.172560026868014e-7,-2.1196837436038004e-5,3.8942061822323985e-14,-0.00010765101650450515,1.8505749739770478e-7,-2.8858823417857614e-16,-2.55816574016335e-12,-1.4541859478981833e-5,-1.654966444948718e-14,2.93439695366377e-8,-9.765345988089666e-10,1.869535831398612e-14,-2.1684496267546487e-14,-7.956497296523957e-11,-0.0003343493286472784,-3.6182798350941515e-14,-2.855950323541579e-13,-2.4510600331947008e-14,-0.00011718628812560359,9.402192604750042e-7,-1.942435648406531e-9,0.00016408016510244283,-1.4323086231184064e-8,0.001132231257952049,1.0159737985229723e-13,-6.365630966722438e-14,1.5917517319876987e-14,4.882498323238544e-6,-2.4347954266999614e-15,5.103228209651547e-14,3.087545454515442e-14,1.5007599060458358e-13,-3.2066662604076127e-6,1.088780135117602e-12,6.545772418732383e-11,2.229088077245914e-13,0.00014626489055523276,1.314976233025657e-13,1.0935474015884473e-14,-0.00029311136728453225,1.7170954150104505e-13,2.367535113088466e-14,-6.360017681285104e-12,1.316806030682908e-10,-2.0926192616496498e-13,0.0010121225937683575,-5.656707558776682e-15,-4.7568504207787675e-6,7.466078816246973e-5,8.965850291203896e-15,1.500871393728485e-15,8.516220629079203e-9,-3.237577175434656e-8,1.4146481682576324e-5,5.2496304325272e-10,-0.00013360297116794722,5.180586384693439e-5,1.9036699379116461e-7,3.4369828587116794e-12,-4.649261321310993e-7,-1.9039384437011966e-14,1.1487889083425016e-8,2.090127187477021e-14,-0.0001024437504545059,-3.6985302446587296e-16,-1.8978993408318726e-9,-4.756244746860826e-11,-1.1689531572903701e-8,-1.8610538541934158e-14,-5.889620734489252e-5,5.743596663547344e-7,1.1694324167963328e-13,-0.00014319299550755632,-8.600359219793402e-14,-6.270978908133696e-11,-1.42079817123781e-6,5.140131186314684e-14,0.00012634472633704918,-2.6769046484896924e-14,1.7667844562130437e-8,5.742291372397158e-14,-0.00025021334450619944,-5.786372489297016e-14,0.0001279265728189046,-6.636127187763956e-15,0.001497335743553349,-1.4212289404621662e-13,1.8719971024725378e-14,6.167691428449516e-15,0.00010321353316205696,-6.6966339551957055e-15,-2.384597684364854e-13,-8.211530776346171e-15,6.143926823688727e-5,-1.4176488162403744e-5,-3.342839000187823e-10,-3.4264442396349144e-14,-1.7132221198174572e-14,-1.0690506027660933e-11,7.239048745076684e-9,8.994416129041651e-14,3.864272954593381e-6,-8.566110599087286e-15,2.1415276497718217e-14,-6.405394861573509e-10,2.5047307391731225e-11,6.852888479269829e-14,4.2830552995436434e-14,-0.00016977149679228581,6.32306480761464e-5,0.0013241679355365501,4.283055299543643e-15,-5.1396663594523717e-14,-5.006771171387053e-6,-1.4733710230430133e-12,-4.701440697781632e-5,9.970815679568016e-9,6.4245829493154646e-15,6.852888479269829e-14,-1.9919442665644544e-5,0.0,0.0001084570820377867,-1.0245068276508395e-11,2.99813870968055e-14,2.0558665437809487e-13,-2.1276297315261e-5,1.0279332718904743e-13,-2.880733653676004e-7,5.1396663594523717e-14,-1.2849165898630929e-14,3.033117360114209e-6,1.2849165898630929e-14,-5.383128243166543e-7,-0.00016218678163648406
0.0,0.0,0.0,0.0,0.0,0.0,0.0,0.0,0.0,0.0,0.0,0.0,0.0,0.0,0.0,0.0,0.0,0.0,0.0,0.0,0.0,0.0,0.0,0.0,0.0,0.0,0.0,0.0,0.0,0.0,0.0,0.0,0.0,0.0,0.0,0.0,0.0,0.0,0.0,0.0,0.0,0.0,0.0,0.0,0.0,0.0,0.0,0.0,0.0,0.0,0.0,0.0,0.0,0.0,0.0,0.001605095952559761,-0.00018625433094304384,1.592173519526232e-11,-2.1081765389720286e-7,-1.4111077305568712e-14,-1.5794164534790248e-14,-4.348822896991732e-6,2.7495792470465413e-7,-1.96691399512353e-8,4.645213161618895e-5,0.00019868855711763616,0.00024882517473159024,4.3470457437468504e-14,-1.229539143938853e-7,-7.124810153304034e-5,1.807444513971925e-13,1.0110315008730034e-9,-1.6614021084018067e-8,7.949873873644173e-14,-1.1299905491182092e-5,3.760669411715081e-7,3.2128830344433535e-11,1.9790725542080086e-14,3.0670680777348216e-8,-3.58665942499692e-7,-1.0067852230303378e-15,1.5298486886810645e-10,9.413332836119673e-13,6.687155755043643e-5,-0.00035307447179062766,7.48069007163069e-7,-1.0477404799852802e-5,5.515549155772691e-6,-1.555691804024891e-6,1.5515028354221463e-13,7.265648791938377e-12,-2.2019686374732426e-14,-0.0003209543079829037,1.2821536523018919e-13,-9.453034725667986e-14,-9.935091807299901e-15,-7.173921139004215e-11,0.0010527912921318423,-3.714421253013008e-10,-2.5213392325030925e-8,-1.2074153743824913e-11,1.6586803689515407e-7,-3.9924116518199474e-13,9.912420260554002e-14,3.7438391486838577e-6,-2.149388308297805e-12,-9.285358255321481e-14,2.451615880315379e-9,-5.078450320687367e-8,1.4310757671069104e-11,6.645819883838954e-7,-7.760472090091782e-14,0.0009141932212157179,-0.00014174522724921877,-7.679387991736488e-14,4.327368992964458e-14,-3.279522541201143e-6,1.2467416896091394e-5,1.6161656656747e-8,-2.0206618636200766e-7,-1.5243470973622026e-7,-0.00018130061812735425,-7.327782530455984e-5,-1.3817568170456211e-9,0.00017823563615066717,6.526994538166858e-14,-4.424029144391873e-6,5.785409202457684e-14,2.1459440137958048e-5,1.821429117495667e-11,7.308429315981264e-7,1.8273034342971097e-8,4.5015509038782915e-6,3.1903743822888714e-14,4.452267661640892e-5,-0.00021794754434853325,-5.786201427138965e-11,-1.5882141507955136e-7,1.1788186310879278e-11,2.4207544577127786e-8,0.0004937741153091506,1.848833505678801e-14,-5.662634731106959e-6,-3.413259862018374e-14,-6.803725885507438e-6,4.2645223164957e-14,2.087403208204317e-6,2.4938351194843128e-11,1.4540230522906578e-7,2.7088711257315383e-14,-8.45580891881114e-7,1.6604811440281513e-11,7.482574188927607e-14,5.917256666461267e-14,1.1650775516576167e-7,5.96410058873144e-14,1.5742545018862404e-11,3.339271457472971e-14,6.916484694145169e-8,0.00028600182955493194,1.2876911095157326e-7,1.5562943769329555e-13,1.3833727794959605e-13,4.156620190551513e-9,-2.7878393654709535e-6,0.0,-0.00019054855193052783,1.0375295846219703e-13,4.3230399359248764e-14,2.46673903779375e-7,-9.555647474368348e-9,8.300236676975763e-13,-6.916863897479802e-14,-1.937607249873222e-7,-0.00019107580053308364,-1.2775256713201625e-6,-8.646079871849753e-15,1.4214155309320994e-11,0.0015029090795720182,5.88694286314506e-10,-5.370439885328551e-8,-3.839858811597198e-6,2.593823961554926e-14,5.187647923109852e-14,0.00030410552916927306,2.593823961554926e-14,-1.0563310040681e-5,3.92103180620335e-9,-1.0375295846219703e-13,-1.2450355015463644e-12,0.0002817846570627627,6.571020702605812e-13,0.0001107796152620316,0.0,-2.593823961554926e-14,-0.0002825853963887657,1.469833578214458e-13,0.00020660039554891823,6.641142042746393e-5
0.0,0.0,0.0,0.0,0.0,0.0,0.0,0.0,0.0,0.0,0.0,0.0,0.0,0.0,0.0,0.0,0.0,0.0,0.0,0.0,0.0,0.0,0.0,0.0,0.0,0.0,0.0,0.0,0.0,0.0,0.0,0.0,0.0,0.0,0.0,0.0,0.0,0.0,0.0,0.0,0.0,0.0,0.0,0.0,0.0,0.0,0.0,0.0,0.0,0.0,0.0,0.0,0.0,0.0,0.0,0.0,0.0015856005709596773,6.30171772426822e-13,2.5647879107234334e-6,-1.7504771456300612e-14,3.5009542912601224e-14,-1.5393815051116662e-7,9.733353120561393e-9,-6.963398085316384e-10,-0.0005545540663678941,6.992060958251617e-6,-0.0006136188685709017,1.7504771456300612e-14,1.4958441976982417e-6,-2.5207638306253525e-6,1.7504771456300612e-14,3.570973377085325e-11,2.021238149752686e-7,-4.3761928640751527e-14,-3.999893492269917e-7,1.331230867343079e-8,1.085295830290638e-12,2.1880964320375763e-14,1.085715944805589e-9,4.3634923821736624e-6,-8.752385728150306e-15,5.321450522715386e-12,-1.7504771456300612e-14,-0.0007771932646930331,-1.176064386013098e-5,2.647981787737506e-8,0.00012717142900950826,1.9523771796070326e-7,1.8925931196485117e-5,-7.001908582520245e-14,4.201145149512147e-13,2.6257157184450918e-14,0.00011613090666033312,7.001908582520245e-14,-7.001908582520245e-14,-1.7504771456300612e-14,-2.660725261357693e-12,2.2338767308463253e-5,-1.3303626306788464e-11,-8.9232322975638e-10,-4.201145149512147e-13,-2.017935489512483e-6,-1.400381716504049e-13,3.5009542912601224e-14,-4.553545466905353e-5,-1.575429431067055e-13,8.752385728150305e-14,8.661360916577543e-11,-1.7975299713045972e-9,5.251431436890184e-13,-8.085210969437439e-6,-8.752385728150305e-14,-4.286120508123053e-5,0.0013697723496728762,-1.7504771456300612e-14,1.7504771456300612e-14,-1.1608744315303615e-7,4.4129640871871165e-7,-1.966228355164974e-7,-7.1525896552160805e-9,1.8545068820894824e-6,0.0012859488384929178,-2.5913818597107037e-6,-4.894334099181651e-11,6.243360037110862e-6,5.689050723297699e-14,-1.5660062624966993e-7,1.3128578592225459e-14,-0.00025801543693177185,7.001908582520244e-13,2.587023171618085e-8,6.466262575957446e-10,1.5934425410864468e-7,2.6257157184450918e-14,-0.0005075353422287658,-7.449850082560111e-6,-2.2756202893190797e-12,1.93220370071359e-6,4.201145149512147e-13,8.567535341571772e-10,1.3103364859457976e-5,-2.6257157184450918e-14,6.879554039078973e-5,0.0,-2.4083568706996323e-7,0.0,-2.5391414740093673e-5,1.085295830290638e-12,-1.768946780089033e-6,8.752385728150306e-15,1.0287102421726126e-5,7.001908582520244e-13,4.376192864075153e-15,-6.126670009705214e-14,-1.417421281154127e-6,4.3761928640751527e-14,5.251431436890184e-13,1.3128578592225459e-14,-8.414539437898555e-7,-0.0004060699379958573,4.558872658993106e-9,1.5754294310670553e-13,1.0502862873780368e-13,1.4690004206127474e-10,-9.868342916123801e-8,8.752385728150307e-14,9.915950292958073e-5,0.0,-1.7504771456300612e-14,8.732010174175173e-9,-3.3847226087902866e-10,-5.251431436890184e-14,-6.126670009705214e-14,2.357276407170259e-6,0.0014882285370989973,1.5541948129279317e-5,-6.126670009705214e-14,5.951622295142209e-13,1.8341416909390507e-5,2.0620620775522122e-11,6.53363774110189e-7,-1.3592265984285697e-7,3.938573577667638e-14,3.5009542912601224e-14,-0.0005761180751524268,-2.625715718445092e-14,0.00012797885185709086,1.3863778993390085e-10,-1.1378101446595399e-13,-4.2011451495121474e-13,-0.0006162633066927057,7.001908582520245e-14,3.908706236418039e-6,-8.752385728150307e-14,-4.376192864075153e-15,6.249576443580962e-5,8.752385728150307e-14,7.255979557269232e-6,-0.0007842324076048991
0.0,0.0,0.0,0.0,0.0,0.0,0.0,0.0,0.0,0.0,0.0,0.0,0.0,0.0,0.0,0.0,0.0,0.0,0.0,0.0,0.0,0.0,0.0,0.0,0.0,0.0,0.0,0.0,0.0,0.0,0.0,0.0,0.0,0.0,0.0,0.0,0.0,0.0,0.0,0.0,0.0,0.0,0.0,0.0,0.0,0.0,0.0,0.0,0.0,0.0,0.0,0.0,0.0,0.0,0.0,0.0,0.0,0.0015401181228195636,-1.0494370007415518e-15,2.615167647895424e-9,-5.111324334704744e-6,-4.9158201975822385e-9,7.404662868478474e-8,-8.54007872600494e-7,1.9086404044135666e-13,4.5051435868178686e-11,-5.779239755244035e-13,-3.497078475514161e-9,-2.764463425366065e-14,-1.0675963031443271e-10,7.0179007817116e-6,5.261138882481306e-6,8.928156146820944e-15,9.611373307908597e-7,-4.317281301571364e-10,4.923735398889421e-8,0.00013640709852279876,1.9593212599866086e-10,1.6567063260704322e-7,-1.2793744591299268e-13,-5.963797621912491e-8,2.4080265462915e-5,0.00012076218974097587,2.4591812086069053e-13,-1.2862695055821847e-11,5.698034929356121e-9,-1.0610002521670518e-13,1.009648690069257e-9,1.0038636893890361e-13,1.9842541492542155e-5,0.0008927197731149704,-2.96883739009175e-7,7.814816546875099e-13,2.3344541483179967e-8,-2.8355953265089154e-6,9.494562294071006e-10,-5.704440464556179e-5,4.784636804142074e-12,-1.0418694692670506e-5,-6.105220536577432e-7,-0.0002572581449967394,-1.7196037913685817e-14,-4.936172591214043e-5,-8.851979891145216e-9,6.100717519703102e-16,-0.0002795116725333876,1.2863297297499717e-7,7.27194660695912e-7,-5.72697061170523e-8,0.0010116585567850377,-5.0756921798127536e-14,3.9893597442577195e-9,-1.7125474328536249e-12,1.9644097550642906e-13,-6.9921532242533775e-6,2.088933461070432e-9,-5.063814567254814e-9,8.881084932035694e-11,-1.0804985998629962e-13,-6.432383931947284e-9,-1.8780529282741045e-14,2.307391308418186e-13,-6.653512522117612e-11,-1.0248846193140683e-6,2.544411224008341e-11,-1.8425405226367302e-10,-3.6885411511921113e-9,-2.824940453876338e-9,2.1370276345816938e-13,0.0001251461282405924,3.5719767279577283e-9,1.475840356929233e-7,5.614846034557023e-10,-3.435249562905966e-8,-1.1672216061626488e-13,-1.2071503283919651e-11,-3.1178100929257816e-5,-1.8812320572758878e-14,0.0013341458817783913,8.593274514441999e-8,4.464024726513268e-12,-3.1995038558958543e-9,-1.002360194314309e-13,1.7372591556584214e-5,-3.702380909820857e-10,1.2800826811704853e-8,-7.971916142521715e-14,7.103834824420118e-5,-5.334135434284091e-14,1.5577973667517134e-10,-4.209184652906585e-15,0.0014032987248574686,4.18752656337847e-10,-1.4146328331853672e-9,-1.9765893822065135e-13,1.878583960090084e-10,0.0012176313351617756,-3.4766778899153277e-9,-1.6185116993567804e-13,-7.569121865290776e-13,5.070345685621059e-8,-3.536587273218474e-6,1.925887367404585e-8,6.758457379618149e-7,-1.5859112479656863e-9,-1.595804450677996e-7,2.523040621763592e-13,2.0429202069737123e-5,-4.937950931165888e-9,2.200423021802427e-8,-6.080963303174698e-7,0.00010580531788522542,5.463690602028999e-7,-9.0108593634414e-15,7.20868749075312e-14,9.0108593634414e-14,2.498314823670309e-9,0.0014865110366302173,2.6672143715786546e-12,4.782964294288445e-6,-8.10977342709726e-14,-2.644074484733337e-9,7.264915253180995e-10,4.384706369008056e-6,-7.929556239828432e-13,2.091384414817295e-9,1.80217187268828e-13,8.525481133839015e-7,-4.902923918648318e-8,-0.00017416492982428398,-6.848253116215464e-13,6.372401138297359e-5,3.8854825575159314e-11,-4.124951119093755e-6,-1.9946438286913884e-10,6.848253116215464e-13,-8.174795788263854e-9,3.701661026501727e-11,3.964778119914216e-13
0.0,0.0,0.0,0.0,0.0,0.0,0.0,0.0,0.0,0.0,0.0,0.0,0.0,0.0,0.0,0.0,0.0,0.0,0.0,0.0,0.0,0.0,0.0,0.0,0.0,0.0,0.0,0.0,0.0,0.0,0.0,0.0,0.0,0.0,0.0,0.0,0.0,0.0,0.0,0.0,0.0,0.0,0.0,0.0,0.0,0.0,0.0,0.0,0.0,0.0,0.0,0.0,0.0,0.0,0.0,0.0,0.0,0.0,0.001441627344249321,-7.188710818046024e-15,5.2879599698057405e-14,8.187976445980883e-11,-5.264187053332295e-12,1.9919290817525714e-13,-5.2454088979341945e-6,-3.7288713003941865e-9,2.943515767423402e-7,3.6068131469998695e-14,0.0010688023851146283,1.3444384230755476e-9,-2.6033899546195366e-17,-1.4053886776463907e-13,0.00016334186965169244,-1.9174391362156954e-14,2.1335163460204145e-10,-7.318818602162407e-12,-1.173492285210499e-13,-4.852164991844751e-15,-4.2985870121642574e-13,0.0001433385563524027,-5.774331470067029e-14,-4.7955716679240737e-14,8.675731568609561e-14,-3.2150546721680435e-6,6.272777411790111e-9,-1.426450798525552e-11,6.1829536519891545e-6,-1.0429668441699646e-10,2.4850291469439588e-5,6.752433119771719e-14,-7.71093544901272e-14,3.3645728156266674e-14,-6.150150896052473e-8,-9.751027177798946e-15,1.9375453755951944e-14,1.4470853939851042e-14,-7.231964030318679e-14,-1.1913129287845868e-8,1.199255306335033e-13,3.9384207404797515e-13,1.3533078329889547e-13,-0.00029354494601713894,1.446103142652784e-13,-1.2095383853075598e-14,-1.078776829092493e-5,7.708860216229364e-14,-1.5561936983856745e-16,-3.0811664418300107e-13,1.0031354254281709e-12,1.3457279457035932e-13,-5.069599713451339e-5,1.557159126681936e-16,2.284250703890992e-8,4.78686626504055e-7,-2.885336865138354e-14,2.3754773600869823e-15,6.167108317072747e-11,-2.3555084821982e-10,-0.00015699164633173763,3.945772125700444e-12,0.0008214680282080594,-2.767490140510071e-7,1.3822809644837826e-9,4.856807328358901e-14,-3.3295531489578204e-9,-1.454092423669054e-14,8.330504720732597e-11,4.088915449203741e-14,-3.561778658163913e-6,-1.359252362699927e-13,-1.3796092345431795e-11,-4.187955940016088e-13,-8.487470705780157e-11,-4.817910773282118e-14,-1.4064906580448828e-6,3.973664132452781e-9,-1.885036332625061e-13,0.00010703590072710303,-1.9029174426664905e-14,-4.075724793458194e-13,-6.988366655473942e-9,4.5772461955567317e-14,4.792890674479138e-6,2.889206772469365e-14,1.2835393745070383e-10,4.331914125931423e-14,-8.872670258005965e-6,-1.7515565648910111e-13,-0.0003274246171621932,-9.642044952107278e-15,1.964716163608491e-5,1.0566704290823236e-13,-7.227640669083399e-15,-7.110857247250687e-15,-0.00014748762960420698,-7.297711691034324e-15,-7.705968974271541e-14,2.885606181179386e-14,-7.572564401975958e-5,2.066637571803153e-7,-2.541389073866925e-12,1.4439710646971165e-14,-1.4439710646971165e-14,-1.9252947529294887e-13,5.252204085991645e-11,5.294560570556094e-14,-5.228700087647882e-8,9.626473764647444e-14,9.626473764647444e-15,-4.697719197147953e-12,1.540235802343591e-13,1.0589121141112189e-13,3.3692658176266054e-14,0.0011978548151089252,-1.8872247446029622e-7,2.4225421381996742e-5,1.925294752929489e-14,-8.663826388182699e-14,-9.781036427412623e-9,-1.925294752929489e-14,0.0004928496856785279,7.246809450026596e-11,-1.4439710646971165e-14,0.0,2.8595863882730876e-7,-1.925294752929489e-14,4.021013054845951e-6,-3.8505895058589775e-13,9.626473764647444e-15,1.8290300152830143e-13,3.007496772607945e-7,1.6365005399900656e-13,-2.084401111311582e-9,1.9252947529294887e-13,0.0,-3.320948620507087e-8,-7.219855323485582e-15,-3.869534406227804e-9,-4.970609089215956e-6
0.0,0.0,0.0,0.0,0.0,0.0,0.0,0.0,0.0,0.0,0.0,0.0,0.0,0.0,0.0,0.0,0.0,0.0,0.0,0.0,0.0,0.0,0.0,0.0,0.0,0.0,0.0,0.0,0.0,0.0,0.0,0.0,0.0,0.0,0.0,0.0,0.0,0.0,0.0,0.0,0.0,0.0,0.0,0.0,0.0,0.0,0.0,0.0,0.0,0.0,0.0,0.0,0.0,0.0,0.0,0.0,0.0,0.0,0.0,0.0014191549731723974,-7.5512703432305e-7,6.773025394969675e-14,-1.560081578339568e-13,5.958439934246729e-13,-6.867149286240518e-15,1.075712091614857e-13,1.1991604340734651e-14,-0.00042582602390873304,-1.901675949761125e-15,2.4463838013448205e-13,2.3061020543975177e-7,-3.006263174939638e-12,2.038770142130279e-14,1.1121071175699558e-6,-2.1434536486291982e-13,8.528771035250004e-14,-7.753619372689332e-11,0.00015263980354712393,-7.059803481974688e-14,1.7893228779923344e-14,-1.0048898648159341e-5,-1.3707585847699195e-11,4.7216803454187486e-9,-6.338714258467074e-14,-1.967914733018326e-14,2.8615830417211975e-14,-1.7957689161260852e-14,1.3504659405367524e-13,-9.41977086956574e-15,2.336937170769824e-8,7.901895178946155e-10,-2.0840353916376418e-6,3.0767409766274837e-14,2.3002856244610826e-5,-8.845342051861542e-7,0.0006621272913358808,3.2833675622441436e-11,-1.929115521858623e-14,5.860762834722737e-12,4.600821959876409e-13,1.3915795303846396e-10,-1.1290716214063226e-14,-1.1245140841811705e-8,-4.6355128322635794e-5,-3.973194736752976e-14,-1.790558087730508e-9,3.868346974207275e-6,-3.6215718353151416e-13,1.4465016597590026e-13,-3.2794216379452264e-10,6.977747425537301e-15,9.976383857567407e-5,9.253503150532914e-15,7.118807829304208e-15,-4.098069417955269e-8,0.0008328184131031366,-2.05806021824818e-13,-1.5821539204461525e-16,-7.974652782976556e-16,1.2920018908540186e-13,1.6407681426181597e-14,2.0749348797513303e-14,3.9206289080194587e-14,5.195731398221153e-13,-3.9085532055071046e-14,-0.00014176653663053237,-1.69225188406731e-13,-0.00045171388328662235,6.036194612226809e-14,-7.055358779600144e-11,-2.2171799623350032e-13,-1.1549998579964743e-13,3.808291874939229e-14,-8.904441017509261e-6,-3.0714450586322006e-14,8.794055778040978e-14,1.7634162154686374e-11,2.2568602648815957e-14,5.101262213294461e-10,7.634006816266239e-14,-5.852009218165622e-14,-0.0002914954936947874,2.0430850199259155e-14,1.3563173783701888e-8,-9.71098018586935e-14,1.8852234654712933e-5,-4.436308353843979e-14,-4.047155492334e-11,-4.125013449993776e-15,0.00012128251569252401,-4.3778674043132216e-14,-2.597413734408693e-10,0.0003034930227337592,-0.0003000695799088034,-1.5432579787639742e-14,0.00014633154726760643,-3.244028260224604e-10,-0.00036364332120032873,-3.936680334164851e-16,-5.867345597975902e-14,-7.823127463967868e-14,-3.6335157002850807e-7,2.2890439510597576e-5,-2.7380946123887537e-13,-7.823127463967868e-14,-1.5696645256556646e-6,1.2712582128947785e-13,1.9832175740081023e-8,-3.8046091877175906e-5,1.955781865991967e-13,3.1292509855871473e-13,2.6929551669216593e-9,9.6204878695635e-7,3.422618265485942e-14,9.778909329959835e-15,-3.422618265485942e-14,8.860010801850317e-5,2.5996252562765227e-10,-4.8894546649799176e-14,-2.425169513830039e-12,0.0,0.0,0.0005152903523552373,2.0405376289365948e-7,-3.422618265485942e-14,0.001299254105027799,4.889454664979918e-15,-6.258501971174295e-13,-5.280588038183567e-6,-1.7321186517971258e-9,-5.867345597975902e-14,3.932295019763449e-9,-7.823127463967868e-14,-6.571427069733009e-11,-0.00015182916341300372,1.0756800262955819e-13,-2.8149986934541705e-5,9.778909329959835e-15,1.955781865991967e-14
0.0,0.0,0.0,0.0,0.0,0.0,0.0,0.0,0.0,0.0,0.0,0.0,0.0,0.0,0.0,0.0,0.0,0.0,0.0,0.0,0.0,0.0,0.0,0.0,0.0,0.0,0.0,0.0,0.0,0.0,0.0,0.0,0.0,0.0,0.0,0.0,0.0,0.0,0.0,0.0,0.0,0.0,0.0,0.0,0.0,0.0,0.0,0.0,0.0,0.0,0.0,0.0,0.0,0.0,0.0,0.0,0.0,0.0,0.0,0.0,0.0012076947823037025,-6.5729311266276986e-12,9.670942021275999e-11,-1.1214431722200182e-9,-1.378936599991825e-13,9.192910666612166e-14,2.0684048999877372e-13,9.204548891516098e-7,-1.723670749989781e-14,9.192910666612166e-14,-0.0005058951360250223,6.908840082385707e-9,-3.447341499979562e-14,-0.00031948414204275997,-1.0112201733273383e-12,6.435037466628517e-11,1.781365457333439e-7,2.9028729799281234e-8,2.1713654994537938e-10,1.1491138333265208e-14,2.0229909100745e-5,3.161892430870588e-8,-1.0844926171261759e-5,3.447341499979562e-14,-2.2982276666530415e-14,7.492222193288915e-12,6.894682999959125e-14,1.3329720466587642e-12,9.192910666612166e-14,-5.365396033455895e-5,-1.8146209955281219e-6,0.00010057307149747132,-2.987695966648954e-13,-7.907104135135948e-6,0.0008481264789546342,9.19002409266285e-8,-7.486577746139616e-8,-2.75787319998365e-13,-1.3680613866732228e-8,-8.018975974485792e-10,-3.1872446399069707e-7,-3.447341499979562e-14,2.5827197905332644e-5,2.9746771504211113e-6,-3.447341499979562e-14,4.112796814165004e-6,-4.363695744241759e-5,9.554192055810024e-10,-7.574958389288425e-11,7.529510477534827e-7,6.894682999959125e-14,-1.2914498754762369e-6,-1.378936599991825e-13,-4.596455333306083e-14,9.376753840342559e-5,-1.878793763160328e-7,-6.526966573294638e-12,2.2982276666530413e-13,2.2982276666530415e-14,-8.135725939951767e-12,-3.447341499979562e-14,-6.894682999959125e-14,9.192910666612166e-14,-1.3452905469520243e-9,-1.378936599991825e-13,-2.619133792203139e-8,-4.7343489933052656e-12,6.761861988065779e-7,-1.0342024499938686e-13,1.6257736057188948e-7,4.504526226639962e-12,1.9341884042551997e-10,7.354328533289733e-13,1.1650964623391007e-5,0.0,1.378936599991825e-13,-4.092812529525069e-8,-9.192910666612166e-14,-1.1721442808449442e-6,1.1270508477266515e-10,-6.894682999959125e-14,9.035158480990968e-7,-2.2982276666530415e-14,-3.1145793878576634e-5,-5.975391933297908e-13,-4.331847511969385e-6,-4.596455333306083e-14,9.299530044523533e-8,9.192910666612166e-14,2.309001757954311e-8,1.1491138333265208e-14,5.961795618421989e-7,4.768381148593064e-8,2.924582957758395e-7,2.2982276666530415e-14,2.7789525441421916e-8,7.4498961939977e-7,9.522596021848878e-7,-8.043796833285646e-14,-1.149113833326521e-13,6.637281501293985e-11,0.0006740455964633789,-6.520687631451129e-6,8.875755248614047e-10,-1.884546686655494e-12,5.409429781375826e-5,2.2982276666530415e-14,-4.553753454283531e-5,1.651850767690447e-6,2.868188127982996e-11,-7.982204331819344e-10,-6.1848340170153335e-6,-0.0001833245029078286,1.1491138333265208e-14,6.894682999959125e-14,-1.264025216659173e-13,-7.924162132452488e-7,-5.981102569404007e-7,2.298227666653042e-13,6.280964283856097e-9,-5.171012249969344e-14,-3.2175187333142584e-12,7.56460717187782e-8,-0.00043576545053279386,1.149113833326521e-13,1.0275283968499082e-7,-1.1491138333265208e-14,1.1199723065133603e-9,1.6633024868227738e-5,3.978684198322999e-6,2.2982276666530415e-14,-9.031716287520962e-6,2.75787319998365e-13,1.5215517389093794e-7,-2.730092223949148e-8,6.894682999959125e-14,2.756261315027366e-6,-4.596455333306083e-14,1.1491138333265208e-14
0.0,0.0,0.0,0.0,0.0,0.0,0.0,0.0,0.0,0.0,0.0,0.0,0.0,0.0,0.0,0.0,0.0,0.0,0.0,0.0,0.0,0.0,0.0,0.0,0.0,0.0,0.0,0.0,0.0,0.0,0.0,0.0,0.0,0.0,0.0,0.0,0.0,0.0,0.0,0.0,0.0,0.0,0.0,0.0,0.0,0.0,0.0,0.0,0.0,0.0,0.0,0.0,0.0,0.0,0.0,0.0,0.0,0.0,0.0,0.0,0.0,0.0011998554409568694,-0.00010903290073570138,7.800682789660237e-6,-2.0380321194348137e-8,-1.578068986560029e-5,1.9190407346001843e-7,-8.748738580311007e-14,-1.545246525412046e-11,3.740911426595338e-5,5.926449389117417e-12,-4.0099165836359246e-7,-3.3773352203801683e-12,-5.93545236038944e-13,0.00015096989526003322,-0.00014909357975909248,-1.2064673198261671e-8,-1.386355757319008e-13,-1.2164142340659034e-5,1.5757813369830452e-10,-2.7973081865488005e-14,-6.074882240536e-8,1.52059469889204e-10,-2.6631722422055296e-8,4.4583215874801845e-6,-0.0002896500002056472,4.864010425200298e-9,-0.00034451311312213136,7.269135750641476e-10,2.542934361684181e-11,7.057143257420293e-10,1.8083066917060294e-13,-3.150089600630452e-7,9.54786709231332e-14,8.986696616104633e-13,1.392980370323734e-13,2.8139123876923126e-8,-1.6524264899397067e-6,1.4720814149186537e-7,9.999714792286547e-6,3.71719518004254e-9,-5.736843387741126e-11,-6.268620403057895e-11,-1.6876387769669588e-13,-1.7490895251310521e-9,-3.337322132179177e-10,-5.3988262842650253e-14,-9.723190798333966e-7,2.0140847400575424e-5,-1.5801261096461977e-9,-3.078464185633626e-10,-7.64719938751207e-14,5.877766169649668e-7,2.0888587012552906e-8,-7.99906716017243e-12,-2.554859856518135e-13,0.0010301253388697552,-3.1149970150266494e-5,3.2848054882571823e-12,7.9937117285731e-5,1.5174876057657078e-11,-3.29691763005798e-8,2.335040030821733e-5,5.480556386383299e-7,-8.959549581835538e-6,9.238625322550384e-14,0.001022875664527544,-8.882551473366609e-14,-9.649278048417317e-9,-6.6470574713813665e-9,-0.0002770242571964321,-7.247145134513992e-6,-0.00019388639194730298,3.876792409893739e-13,-1.646122439294455e-8,4.228198478311698e-6,2.2745473451325496e-8,6.689899627890254e-11,6.86656720490978e-10,-9.600992147978458e-6,-1.4573595651784122e-6,-2.032423446817992e-13,2.6370973637109044e-9,2.1943986110106468e-11,0.0001293212181369863,6.879942724554823e-14,-9.752633759130327e-10,-9.531024541406232e-9,-4.5802217369214296e-11,-1.1553567559132711e-13,3.945467775040571e-10,-8.335045604640397e-10,2.339364982334569e-14,-1.6032491457508152e-13,-4.441427138869145e-11,-1.3864236422042867e-13,-1.2960598758354075e-9,-1.1044558933918855e-13,-2.6926152029911167e-11,2.5726059910598263e-7,-5.106549488417312e-5,-9.715621866303795e-13,0.0,-1.64856837023173e-6,0.0004865813794516472,2.313243301500904e-13,-1.8781851567063845e-7,2.6000854708870158e-11,-1.6192703110506326e-13,-9.777307774490832e-5,3.7896525177969076e-6,1.3296522497027194e-10,-3.238540622101265e-13,8.790324545703434e-12,-1.7725828241009065e-8,5.966317123231131e-10,9.252973206003615e-14,4.4423524362023355e-10,-8.667667132884651e-7,-2.3362665494320819e-7,-8.559000215553343e-12,0.0007766670897665811,3.701189282401446e-13,3.053481157981193e-12,2.5611785691504117e-7,1.3879459809005422e-13,4.873818576798284e-9,-1.5550404274222304e-6,4.1638379427016267e-13,-2.1420632971898368e-10,2.2713458388241195e-7,8.11485750166517e-11,-1.3685951640110413e-5,-6.01443258390235e-12,1.6192703110506326e-13,-2.681994640301201e-7,2.0819189713508134e-13,-1.3076180335715846e-5,-2.8034750749281814e-8
0.0,0.0,0.0,0.0,0.0,0.0,0.0,0.0,0.0,0.0,0.0,0.0,0.0,0.0,0.0,0.0,0.0,0.0,0.0,0.0,0.0,0.0,0.0,0.0,0.0,0.0,0.0,0.0,0.0,0.0,0.0,0.0,0.0,0.0,0.0,0.0,0.0,0.0,0.0,0.0,0.0,0.0,0.0,0.0,0.0,0.0,0.0,0.0,0.0,0.0,0.0,0.0,0.0,0.0,0.0,0.0,0.0,0.0,0.0,0.0,0.0,0.0,0.0011672233086133608,-0.00012002958518857377,-5.790819343209126e-10,-4.484688943678706e-7,5.4535436565050704e-9,1.0579718713635429e-13,-5.398412030189021e-13,1.0630565703039195e-6,-9.583035542015163e-11,6.171838793164429e-6,-1.25251137890351e-13,8.152791365882822e-12,4.2585633670624526e-6,0.0009713098615008813,1.8570062580608194e-7,-1.535540839816412e-14,0.0001864243219522649,4.161778983804449e-12,-3.946731355557874e-13,9.350101421361664e-7,-2.3477836039966652e-9,-7.558449677282756e-10,1.2670131109574821e-7,0.00010265739458693877,1.386659628831463e-10,-9.156919153445593e-6,2.091500235463207e-11,-3.841083204199685e-10,-1.0864060183109963e-8,-2.133436903372028e-12,-8.951834658560839e-9,-9.687661816349856e-14,-1.4733969947505397e-11,1.005144016776828e-13,-4.331114045204821e-7,-4.696046531207358e-8,-2.2657412822709483e-6,-0.0001538171739736496,-5.721197675873181e-8,-1.6493647297306712e-12,9.63239964582017e-10,7.067879843383542e-14,-4.962686265388324e-11,5.137025033506563e-9,1.3276663399930647e-12,1.4965112957093198e-5,-0.0002971449576185433,2.432202884511485e-8,-8.401661622401821e-12,2.900918854175255e-13,1.6703832120575935e-8,5.934595903706643e-10,1.292125740493202e-10,3.925939306868188e-14,-1.9218435971085142e-5,-8.847172510952812e-7,1.641660283913413e-13,-0.0001370947343677162,6.565858759411875e-13,-9.3703193833451e-10,6.635715723076173e-7,-8.43532919787299e-6,-2.5462159549199766e-7,1.0800067295855887e-14,1.1446737813443135e-5,-6.432229224620215e-14,-2.731152346743849e-10,1.0231120167819512e-7,5.5501181577854114e-5,0.00011127502966117717,-5.3062135205571385e-6,-4.5353509069635225e-13,-4.675224665163263e-10,1.201605666150262e-7,-3.5009031750364883e-7,1.82626113550751e-12,-1.056808358040797e-8,0.00014664331609820773,-4.141673435166283e-8,4.882943739857003e-14,7.48418602554779e-11,-3.381697975312657e-10,3.6312797363027457e-6,-1.512765146615872e-14,-2.794408385854073e-11,1.4670532706080242e-7,-1.472546592802922e-12,-6.026384392188283e-14,1.1554470401274054e-11,1.2841682593542638e-8,-1.6821958927976393e-13,-3.9207718334193424e-14,-1.3428954953034647e-12,1.0364237002139935e-13,1.9953988003802775e-8,1.0101745489186326e-13,-1.0409240087631499e-12,7.31075632794619e-9,0.0006403225091731654,1.312608960664803e-11,4.7558295676260975e-14,2.5372665959668972e-5,9.303862673953908e-6,-1.2840739832590463e-12,-5.337752873520827e-9,-3.9625571957460644e-10,2.3779147838130486e-13,0.0004573943002780129,-5.8318429698359895e-5,-2.0478602118197977e-9,5.088737637359924e-12,3.329080697338268e-13,-5.040228175770138e-10,1.664540348669134e-11,2.3779147838130486e-13,-6.833175922765177e-9,-2.463300947870208e-8,3.595853440171956e-6,-9.511659135252195e-14,1.2272916419964649e-5,4.7558295676260975e-14,-4.955574409466394e-11,7.2783215702949795e-9,-1.1889573919065243e-13,1.3925068974009213e-10,2.3933581228415454e-5,-1.902331827050439e-13,3.2886561460134466e-9,6.455182588730255e-9,-1.241366633741764e-9,-3.889368783363953e-7,7.93272371880033e-11,-1.1889573919065243e-13,-7.621787581668937e-9,-3.329080697338268e-13,-3.716104400556199e-7,-7.959356364379037e-10
0.0,0.0,0.0,0.0,0.0,0.0,0.0,0.0,0.0,0.0,0.0,0.0,0.0,0.0,0.0,0.0,0.0,0.0,0.0,0.0,0.0,0.0,0.0,0.0,0.0,0.0,0.0,0.0,0.0,0.0,0.0,0.0,0.0,0.0,0.0,0.0,0.0,0.0,0.0,0.0,0.0,0.0,0.0,0.0,0.0,0.0,0.0,0.0,0.0,0.0,0.0,0.0,0.0,0.0,0.0,0.0,0.0,0.0,0.0,0.0,0.0,0.0,0.0,0.0010579882890454247,-2.015788058458525e-11,-1.546980886313518e-8,1.8840099280343556e-10,2.5374854348440876e-13,5.2687582033528116e-14,3.666884753132247e-8,1.210334916354964e-9,-7.827340764153378e-5,6.316023708989295e-14,-9.730543298716667e-11,1.46892691498039e-7,2.2690883994583878e-5,-2.3560907946481755e-6,-7.488729658166991e-14,-0.00027125391452347225,-6.006361647930386e-14,6.077839517797504e-12,-1.1862900368150051e-5,2.9786680626751965e-8,-2.6125241217458956e-11,4.3702860337104494e-9,3.527529202935242e-6,4.686432026793733e-12,-3.1585548468995243e-7,1.0532778119659476e-12,4.8693976544745366e-9,1.378348347953946e-7,3.196130438777751e-11,-3.089187911913541e-10,-2.5165608099499258e-12,1.867866766931279e-10,-1.0208584177354144e-13,5.495106980465977e-6,-1.6199249825083272e-9,2.8745397059272956e-5,0.0009199968186550502,7.258686995118845e-7,2.5988706286009723e-14,-1.2218289204859777e-8,7.48796987450101e-13,-1.338793668647668e-12,-6.517387852255348e-8,-1.4202243826192131e-11,-0.00018567738713807207,6.901911808258509e-5,-3.08581624508507e-7,-5.197845021102567e-13,-4.959346794384187e-13,5.765753227029004e-10,2.0560019935570734e-11,-1.6366621602954707e-9,-5.600901774895456e-13,-6.62779747817313e-7,-3.0516992750059486e-8,4.687408373826042e-14,-4.565704601347087e-6,1.2000959952029351e-13,-3.227483556058158e-11,2.288873537608228e-8,0.00010639196918129378,-8.783403861777049e-9,1.3018764931327447e-13,3.948195117360406e-7,3.9528774973322753e-13,-9.57999508110653e-12,-1.2980826764620768e-6,1.910923037251973e-6,-0.00024411157051183697,-1.8303163520470356e-7,3.58565578653518e-12,-1.6144499483308947e-11,4.1443124601344466e-9,4.441770694843469e-6,2.3862166477257745e-13,1.3407974382193522e-7,-0.0001363844845541408,-1.4284519523507583e-9,5.974641051755518e-13,2.689043673979413e-12,4.2793639164962115e-9,1.252549126384618e-7,-1.3408294798581288e-12,-4.918349522081471e-13,-1.8613227047796003e-6,-1.9663596055294235e-13,-1.389159971676019e-13,6.579690487931579e-13,-1.6292418647179698e-7,-2.310563243794816e-13,-6.05471182347849e-14,-1.9216051989075793e-13,1.4717396537029982e-13,-2.5316225193818977e-7,7.721346441148825e-14,-2.4500931806796405e-14,2.52478843566239e-10,-1.8189366906938627e-5,-1.6978834949716325e-10,-1.7314633910402925e-12,-0.00030495519421586863,3.2091698037202327e-7,1.6999822384759236e-11,-1.8510917707848947e-10,5.022922828820282e-9,5.771544636800975e-13,1.3013787981721062e-5,0.000601626995372224,2.598328408052756e-8,-5.7085823316722376e-11,0.0,-1.6894885209544674e-11,9.969031645383503e-13,-1.5740576282184478e-13,8.670077315707554e-8,-8.494664333618891e-10,-4.5612413796583346e-5,-5.2468587607281595e-14,4.233243301665138e-7,-5.2468587607281595e-14,6.30147737163452e-10,2.509047859380206e-10,-3.6728011325097114e-13,4.61723570944078e-12,-0.0002930263539973088,5.771544636800975e-12,-4.1722391242259036e-8,2.2257174863008853e-10,1.57587304134966e-8,-1.3416532662707547e-8,-1.0048783898546571e-9,5.2468587607281595e-14,-2.6360218413898275e-10,7.870288141092239e-13,-1.2818810512685395e-8,-2.728366555578643e-11
0.0,0.0,0.0,0.0,0.0,0.0,0.0,0.0,0.0,0.0,0.0,0.0,0.0,0.0,0.0,0.0,0.0,0.0,0.0,0.0,0.0,0.0,0.0,0.0,0.0,0.0,0.0,0.0,0.0,0.0,0.0,0.0,0.0,0.0,0.0,0.0,0.0,0.0,0.0,0.0,0.0,0.0,0.0,0.0,0.0,0.0,0.0,0.0,0.0,0.0,0.0,0.0,0.0,0.0,0.0,0.0,0.0,0.0,0.0,0.0,0.0,0.0,0.0,0.0,0.001042529485985786,1.0650676858204782e-6,-8.407281025645476e-5,-1.3311650168524507e-14,1.1472242088509737e-6,-3.8335550413165233e-7,-2.396097030334411e-13,-3.1947960404458815e-13,2.50218129778943e-7,-6.655825084262253e-14,-5.799278967178443e-8,-3.461029043816372e-10,-2.662330033704901e-13,-5.990242575836027e-14,2.566486152491525e-11,-1.1619071932718991e-5,-1.3311650168524506e-13,-1.0649320134819605e-13,-1.863631023593431e-13,0.0008097345932278049,-1.7918639772864655e-6,-1.5705617334831954e-9,-0.00034442025450699335,2.3007962644479104e-8,-5.337567661073772e-5,-2.6623300337049013e-14,-1.3311650168524506e-13,0.0,1.757026451655265e-5,2.6623300337049013e-14,1.0649320134819605e-13,3.3279125421311264e-14,-2.662330033704901e-13,3.4034807567670148e-6,3.727262047186862e-13,-8.412962906507489e-12,-3.1947960404458815e-13,4.229940627592335e-6,1.5973980202229407e-13,-6.655825084262253e-15,0.00012812187278125583,4.792194060668822e-13,1.3311650168524506e-13,-1.3844116175265487e-12,-4.398169215680497e-11,7.986990101114704e-14,2.260945826946927e-5,-3.3279125421311264e-14,-6.526012214669232e-6,-0.00013523582799694918,-1.0649320134819605e-13,3.3279125421311264e-14,2.4386943108736896e-9,6.663151816515009e-8,-2.338254183090125e-7,3.962612022166375e-10,-1.1115494123721333e-6,7.886702024324025e-5,-3.943907556281578e-7,3.727262047186862e-13,9.511210253099219e-7,1.3311650168524507e-14,-3.859100630455929e-9,-3.3279125421311264e-14,0.0005730391661035463,-2.129864026963921e-13,-1.4427698918653602e-9,1.3950609376613684e-11,2.0486523116157867e-8,3.993495050557352e-14,0.00037249984085302283,-1.135043516480767e-6,5.324660067409803e-14,-4.925880939940489e-6,-2.6623300337049013e-14,2.1511626672335604e-11,1.9964491313284985e-6,5.990242575836027e-14,-0.00018962532755203222,1.863631023593431e-13,-3.4165468336132305e-8,1.3311650168524506e-13,7.157304359532784e-5,1.0649320134819605e-13,3.355319206457293e-6,-2.6623300337049013e-14,-2.8986531648569746e-5,-1.0649320134819605e-13,1.3311650168524507e-14,-3.3279125421311264e-14,3.266513247934616e-6,1.3311650168524507e-14,-3.993495050557352e-13,3.3279125421311264e-14,1.9986931560673075e-6,-5.903592423084164e-5,5.186218905657148e-11,2.6623300337049013e-14,2.6623300337049013e-14,-2.1298640269639213e-12,-5.519436132675653e-9,9.318155117967155e-14,1.4937716158550383e-5,0.0,6.655825084262253e-15,-3.266146485349173e-10,1.916877624267529e-12,1.3311650168524508e-13,-3.993495050557352e-14,-6.39661637245269e-7,5.3726890123852055e-5,-4.3817005532593654e-5,1.996747525278676e-14,1.5973980202229407e-13,2.7943015204892506e-6,-4.259728053927842e-13,6.319687813662781e-7,-5.520927037494528e-9,5.324660067409803e-14,-1.0649320134819605e-13,-8.168273073095573e-5,-6.655825084262253e-15,-0.0003344914571491483,-1.970124224941627e-12,2.6623300337049013e-14,4.792194060668823e-13,-8.590399897820308e-5,1.0649320134819605e-13,5.952993383868456e-7,1.863631023593431e-13,1.996747525278676e-14,9.487665671213146e-6,5.990242575836029e-14,1.1053334042094391e-6,0.001141994860411757
0.0,0.0,0.0,0.0,0.0,0.0,0.0,0.0,0.0,0.0,0.0,0.0,0.0,0.0,0.0,0.0,0.0,0.0,0.0,0.0,0.0,0.0,0.0,0.0,0.0,0.0,0.0,0.0,0.0,0.0,0.0,0.0,0.0,0.0,0.0,0.0,0.0,0.0,0.0,0.0,0.0,0.0,0.0,0.0,0.0,0.0,0.0,0.0,0.0,0.0,0.0,0.0,0.0,0.0,0.0,0.0,0.0,0.0,0.0,0.0,0.0,0.0,0.0,0.0,0.0,0.0007786933819653808,-1.3311982365705455e-5,-5.34474628639572e-14,-4.782881243415862e-10,-0.00038711834053291127,2.854779694105893e-13,-4.737766871530169e-10,-1.0456627488403815e-10,9.103588631804047e-17,-6.0104841570422974e-5,-3.588950368086514e-7,-1.3686847387007254e-11,-1.0684940778475538e-13,2.6956357705505e-8,4.835431488182336e-9,-2.1368060839224713e-13,-7.114483927743305e-11,3.5669270075649586e-13,7.558374562691308e-7,-0.000303393370728931,-1.628010110434918e-6,1.3075262857681091e-7,2.3851523194545202e-5,2.2198325091899596e-8,7.132397440948829e-14,7.843452323772079e-13,7.128756005496108e-14,2.2015636454981394e-5,3.560736567295332e-14,7.114190263685222e-14,-8.915496801186037e-14,3.322036712915713e-11,0.00011527732140474588,1.7351341137281187e-10,-8.637759569803494e-9,4.990566176101602e-12,-1.760944106157641e-9,1.4235663398275886e-13,-1.782097965487709e-13,-5.2830155440969935e-8,-7.194301843645097e-14,-1.4275719188255824e-13,-1.0658897043953425e-9,-4.554955406596403e-8,-2.423886284932258e-12,-9.409785834612958e-9,-1.0688582213928259e-13,-4.1105104057403665e-5,-1.276528838209201e-6,7.143321747306994e-14,7.124204211180206e-14,2.5280500125095567e-6,6.889693440684836e-5,9.64024492106966e-11,4.1110027418345655e-7,4.615728739295212e-10,2.198921939594136e-6,-0.00038848069886286474,6.355993756490696e-10,0.0005245665881072471,3.562557285021693e-14,-4.000469240346437e-6,1.0697685802560064e-13,-1.0866068724785063e-7,-7.983915411319423e-12,-1.495652668521455e-6,1.453964909256798e-8,2.1236341647208924e-5,-3.5698401559271363e-14,6.422558472680697e-7,-0.00028188695167327883,2.6804049751956312e-11,2.0497083545722564e-9,5.703368947942159e-13,2.2533683160334516e-8,0.00010145313225956397,-8.193229768623643e-17,7.48565386726928e-8,-2.549004816905133e-16,-3.541376247999579e-5,-1.7840097191003879e-13,-2.96322459923215e-8,-1.055070454555235e-11,-1.3964528866552523e-9,5.3502084395748023e-14,1.2058978492814228e-8,-1.1404553034612683e-12,-1.8207177263608096e-17,1.6044252806682144e-13,-1.3596770391505462e-9,-5.348387721848442e-14,-1.8529303461110795e-12,1.2470771215302287e-13,-8.317856483037018e-10,-1.7918983390206072e-5,5.353289456275007e-8,-1.426115344644494e-13,-7.132397440948829e-14,-1.6125216952948576e-9,-5.721495521502105e-6,-1.0705879032328688e-13,1.3120480326019466e-5,2.851502402198443e-13,-1.782280037260345e-13,-3.385071064384802e-7,1.7374177918259855e-9,5.701184086670525e-13,3.5698401559271363e-14,2.6568177675333727e-10,1.1667596555713414e-6,1.8225329913977543e-8,7.126024928906566e-14,7.106907392779778e-14,6.05496753510204e-5,-2.763100001433567e-10,-2.6357170827047465e-10,-5.723237787430645e-6,1.7749061304685836e-14,3.5658345769291425e-13,-1.7808098002215036e-5,-1.7812786425108466e-14,1.1647919063976242e-7,-1.6279200267528562e-9,-1.7825531449192994e-13,-2.8580569860133423e-13,-1.5774436173816942e-5,1.4242946269181328e-13,0.0005138606177039253,-1.428300205916127e-13,5.343835927532539e-14,1.8751216916337842e-5,-3.572571232516678e-14,0.0007118079975128084,3.995774850003946e-7
0.0,0.0,0.0,0.0,0.0,0.0,0.0,0.0,0.0,0.0,0.0,0.0,0.0,0.0,0.0,0.0,0.0,0.0,0.0,0.0,0.0,0.0,0.0,0.0,0.0,0.0,0.0,0.0,0.0,0.0,0.0,0.0,0.0,0.0,0.0,0.0,0.0,0.0,0.0,0.0,0.0,0.0,0.0,0.0,0.0,0.0,0.0,0.0,0.0,0.0,0.0,0.0,0.0,0.0,0.0,0.0,0.0,0.0,0.0,0.0,0.0,0.0,0.0,0.0,0.0,0.0,0.0007561970891381921,-2.077292752828775e-14,3.87842962652e-8,-1.8807677249695976e-6,3.0872348028022127e-13,-2.062699618011539e-12,8.458807642227946e-9,2.495308494224304e-13,-3.1167923928542055e-7,-1.8616237423760887e-9,-3.4394892918986423e-13,2.8163336271235284e-14,1.4000453838610956e-10,-3.9280098174501496e-7,-1.286737533422355e-13,-4.567716141733634e-13,-1.6125701489079148e-13,-6.136226949004786e-5,1.7720939733583345e-5,-8.44646656910822e-9,-1.0619597330080126e-5,1.2374679368178732e-7,-1.8028865072262463e-6,1.0840810661181929e-13,2.9264105828690187e-13,1.1136740249186869e-13,-0.0002212742422083585,-1.4765314051888788e-14,-2.3612036343678764e-14,7.553876137160945e-14,1.8816553318804887e-13,-4.176694556453069e-5,6.000611170687812e-13,-4.449570551125596e-11,-9.448267216214611e-14,1.430002767825593e-7,-5.302966871036279e-13,-7.72854744605346e-14,4.290841142919822e-6,3.456456348273196e-13,3.0638685744595395e-14,-5.704186334840886e-12,-2.3723578981726935e-10,1.1302669534385727e-13,7.642783908855736e-7,-6.063775682105599e-14,8.310018546646291e-5,0.0001030407742262602,1.729385301495436e-13,-6.845425560275091e-14,1.3116189004280235e-8,3.552773211258944e-7,-7.90478412198316e-9,2.1327327998845343e-9,-3.75787685471243e-8,-0.00017364365733784932,-1.7627222179685029e-6,3.3023394597443758e-12,-3.0070420459936553e-6,5.716334918595905e-14,-2.0757127704832228e-8,-1.3028126082374888e-13,8.82506194361799e-6,-2.3763547942497477e-13,-7.759964409384318e-9,7.501179006471844e-11,1.1017399747177561e-7,-8.794891301479651e-14,-5.212346848553765e-5,9.646181858386095e-6,-1.8290037621823782e-13,-1.6652757041085648e-7,2.2730512345404728e-13,1.1688972585186674e-10,-2.3906694450244737e-5,-8.510197324222951e-14,-6.079798923420895e-6,5.345732494054536e-13,-1.836826465038985e-7,-6.174917109027523e-14,2.406765715538038e-6,-1.0048499261079261e-13,1.1343278941417616e-7,-2.018094086254493e-15,-9.794432119057377e-7,4.149215605671678e-14,-1.0863281882678411e-13,-2.5780460359123094e-13,1.1042997256010974e-7,-7.286986503164275e-14,-2.972427005859157e-13,-3.080889822001972e-14,6.756937773344859e-8,0.0006579648889410159,2.7852054692915195e-10,-7.29588867479429e-14,-1.6647717639478615e-14,-7.628612774386974e-12,-2.968690917479033e-8,1.7364383214279632e-13,-0.0001858723287655505,1.1513220966704835e-13,3.4306640246298916e-14,-1.7567459461784406e-9,8.629052818805532e-12,-1.21980657155019e-13,-3.811475957544167e-15,-2.162471860018504e-8,-9.295304068636625e-5,-1.480300411140019e-6,-1.2499013692618e-13,9.241902218322886e-14,-3.488557522187414e-5,-1.5346972902307617e-12,2.1364964274912346e-8,-2.969660393086085e-8,7.964063686923633e-14,3.114165069403807e-14,0.0008349744328311411,2.647455879042488e-14,-9.46035219743929e-6,-8.46918960514259e-12,-5.5234276816004715e-14,1.9506420529639488e-13,0.0008251875630244264,-2.792861897411728e-13,1.3840879505697674e-6,9.161351088809862e-14,6.739294598447045e-14,-0.00012053109154911723,-1.2321129926886915e-14,-1.695672664934372e-6,-3.2447171897339864e-5
0.0,0.0,0.0,0.0,0.0,0.0,0.0,0.0,0.0,0.0,0.0,0.0,0.0,0.0,0.0,0.0,0.0,0.0,0.0,0.0,0.0,0.0,0.0,0.0,0.0,0.0,0.0,0.0,0.0,0.0,0.0,0.0,0.0,0.0,0.0,0.0,0.0,0.0,0.0,0.0,0.0,0.0,0.0,0.0,0.0,0.0,0.0,0.0,0.0,0.0,0.0,0.0,0.0,0.0,0.0,0.0,0.0,0.0,0.0,0.0,0.0,0.0,0.0,0.0,0.0,0.0,0.0,0.0006402005542407918,-3.7910115752766086e-14,1.410302390225012e-13,1.9707880996060716e-7,-2.514561101848491e-12,-3.2510407296973334e-14,-2.097891010655163e-6,4.718703100349678e-13,3.46805978449365e-13,-7.838493794075168e-11,2.874762569812424e-5,-1.7341574874970409e-13,-3.276981217586418e-14,2.3077014768188082e-5,-1.422027635782954e-11,4.734831771160838e-9,5.826330923994753e-14,-3.4994996242654523e-13,-3.469722305426326e-13,-1.483973011111601e-13,-2.1477675536205798e-13,2.051076744573521e-14,2.3405360949152837e-8,7.92346861606261e-10,4.647531413620617e-6,-2.2174898445269614e-13,-5.286152544311347e-5,8.14538469943308e-7,9.083740676334184e-5,3.1908912792342546e-11,1.6008027256860393e-13,5.202540143247078e-12,2.601262836903244e-13,1.3960149345476936e-10,2.7189009054623103e-14,-1.1276852565039537e-8,0.00010616813235627224,-8.039778513288815e-15,-1.7955700164303808e-9,-8.832302085330474e-6,3.468359193820601e-13,-2.6013081777618435e-13,-3.2932079014905946e-10,-1.0789212226089915e-13,-0.00022111436916266586,6.416077238204283e-14,8.713389911486451e-14,-4.0581547184168134e-8,-0.0001809009637762512,-3.466244767693781e-13,-8.094419384571854e-14,4.3349390712930136e-14,2.6016140478966365e-13,5.39501945291259e-15,3.9543648190126845e-14,1.8427460375999715e-13,1.2139260832161681e-12,-2.1641109745160846e-13,-2.593366712239438e-5,-8.704373707675251e-14,0.000538629956193831,1.3538222304337037e-15,-7.144821776862567e-11,-8.683414924635231e-14,3.468372251561513e-13,8.848592957856222e-14,2.045724724581137e-5,2.778495765338484e-14,-3.267255864912446e-13,1.786205444421967e-11,-5.972009479765989e-14,5.110628586460247e-10,-8.670711666970615e-14,-7.897333792717534e-14,0.000515564459155816,-1.0168152004519737e-13,1.3591636086317606e-8,-2.963206088346221e-15,-4.3314127974040354e-5,3.4079709376153265e-14,-4.162032103075391e-11,-7.579704590410143e-14,2.286695353959023e-5,-1.0901974158988258e-13,-2.6082067845396083e-10,4.716877215555341e-5,0.00025588012055737734,7.139007277249437e-17,2.752030728928692e-5,-3.260258480675035e-10,0.0006009007083110986,-6.498806988966265e-14,-1.3311492298171767e-13,-3.468315292461689e-13,-1.336081672260609e-7,-5.259910654433206e-5,1.7341786937713898e-13,-2.6060574637873445e-13,3.5315875965151994e-6,1.705212117880975e-14,1.986867416963948e-8,8.689893197171845e-5,2.600986822085867e-13,1.4536904066157233e-19,2.7002917448172855e-9,-1.948605855841184e-6,-5.433292566757075e-15,7.406882756483424e-14,-2.263484534092313e-14,-0.0001916427368232305,2.601270064367125e-10,1.1236742349836044e-13,-2.6879790896391015e-12,2.7110374893850106e-14,-1.3054238895989634e-13,7.479635512862282e-5,1.5731406157665025e-7,2.230466641976006e-15,0.00010128053909298344,-7.228405235235203e-14,-1.3622348506890846e-19,1.211829995987269e-5,-1.7369547309800004e-9,-1.968233495314009e-14,3.943178581571798e-9,2.1279947914993976e-14,-6.607225963492692e-11,-2.7027591361822935e-5,-2.1482052216669537e-15,6.458621613079452e-5,-2.224106482239684e-13,-4.230579545036242e-14
0.0,0.0,0.0,0.0,0.0,0.0,0.0,0.0,0.0,0.0,0.0,0.0,0.0,0.0,0.0,0.0,0.0,0.0,0.0,0.0,0.0,0.0,0.0,0.0,0.0,0.0,0.0,0.0,0.0,0.0,0.0,0.0,0.0,0.0,0.0,0.0,0.0,0.0,0.0,0.0,0.0,0.0,0.0,0.0,0.0,0.0,0.0,0.0,0.0,0.0,0.0,0.0,0.0,0.0,0.0,0.0,0.0,0.0,0.0,0.0,0.0,0.0,0.0,0.0,0.0,0.0,0.0,0.0,0.0006102964640848919,3.522283999910914e-11,-1.0188413098232045e-13,-3.6347038652262773e-13,0.00018747269657465201,-1.1390768589108784e-14,6.403981144250387e-12,2.147656384411237e-13,-4.496725394123696e-14,1.8951027029223338e-14,8.735608372203554e-13,-5.306273811091052e-5,6.99099880611524e-14,-9.078422638559408e-14,-1.8155421894218326e-13,-3.170512728060526e-7,-3.394173919642589e-10,3.031061735480057e-13,-1.6618921052574889e-6,-2.04179332635647e-12,-9.182902385348915e-6,-1.3639185538426062e-13,1.1392939810019737e-13,-4.51971689094961e-14,4.029226793019847e-9,-3.3327077410441896e-15,1.4765820142424267e-13,-5.794541644487749e-15,-1.3592198305726652e-13,7.984785074421279e-10,-5.00870042074443e-13,-3.519578861083785e-13,-4.4868364518383094e-14,0.0001014261751906156,-4.57460051992371e-14,-2.749694379964564e-14,3.7892482487340707e-6,-9.229616089913784e-16,-9.175861105784161e-14,-3.1622232745145967e-13,-2.8902472671006795e-14,2.2580179426448158e-14,1.8881541791235263e-5,5.454950723439678e-14,-1.5806686052154561e-9,6.882253479348263e-8,1.867289107679878e-16,-2.8349839700167274e-14,-7.077879381654144e-13,-7.790208980535582e-12,-0.0001711573494387401,-1.24950724318162e-14,-0.00014597208979500842,-3.3819337190294155e-8,3.2844015376149453e-11,-9.13700705655255e-14,5.841823108659953e-11,-1.300927359399141e-14,3.445913128138372e-13,-5.798412644021496e-16,2.529598869698663e-7,-1.8150615417211054e-13,-1.498865518974377e-13,-2.0151176434395785e-13,-1.7634759740629544e-12,1.2012460743136031e-15,-1.7142732027483004e-7,-1.843597436987821e-10,2.2732674175828988e-13,-3.926388440946405e-5,3.6079490095575206e-17,2.426671475440261e-13,4.5637395945278483e-10,9.178980896032838e-15,-1.4338199088905073e-6,1.5879249215158295e-13,1.9364485530535153e-12,-3.136128815025078e-14,3.180157230595797e-6,-2.275962723786702e-13,0.00010888686839488497,3.842221310079956e-14,-7.284583469317774e-6,-2.954158267839614e-13,-8.4578214096751e-15,3.302827585845503e-14,5.2661499395238714e-5,2.1586052550505217e-14,2.281623103644146e-13,4.8635682800044084e-14,2.7287731384184185e-5,-8.06334343387457e-9,1.9963710485617446e-13,-9.101150186183519e-14,-5.448006678703018e-14,-3.606059774151322e-13,5.013975818879368e-13,-1.0229429777921218e-13,3.2779711569808873e-9,-6.82241198953922e-14,5.383116626543788e-15,5.5296106749629056e-15,-3.666208014504162e-13,-1.594178057228857e-13,6.817255750254214e-14,-0.00011516725428471071,-2.4578183508544773e-8,-8.967220094350498e-6,3.354492947392823e-14,-1.8222143979002552e-13,6.66794663463966e-10,-4.99585524641142e-13,0.00040085820894131225,1.3962012351569006e-13,-1.8198393873834834e-14,-1.1161453800238083e-14,-6.365697678390861e-9,6.302113142954849e-15,-8.729102691890129e-7,4.844466305053247e-14,4.618492404767322e-14,-4.63923967438177e-14,-3.3333105282231913e-9,-4.566091941737784e-14,-2.640994049044559e-11,6.78620008697304e-14,9.649047198137927e-15,2.247415063254332e-9,-7.568788261110283e-14,3.2952367926629005e-11,-2.8757844885573025e-7
0.0,0.0,0.0,0.0,0.0,0.0,0.0,0.0,0.0,0.0,0.0,0.0,0.0,0.0,0.0,0.0,0.0,0.0,0.0,0.0,0.0,0.0,0.0,0.0,0.0,0.0,0.0,0.0,0.0,0.0,0.0,0.0,0.0,0.0,0.0,0.0,0.0,0.0,0.0,0.0,0.0,0.0,0.0,0.0,0.0,0.0,0.0,0.0,0.0,0.0,0.0,0.0,0.0,0.0,0.0,0.0,0.0,0.0,0.0,0.0,0.0,0.0,0.0,0.0,0.0,0.0,0.0,0.0,0.0,0.0006074076564530703,2.7409252783624893e-13,1.1368903747173058e-9,-3.2526717006787795e-12,1.8405629811229898e-13,0.00014387782641076316,8.618949665641609e-7,3.4046393672594786e-11,-1.6611380513507914e-13,-6.473843970844705e-8,-3.6138278177138533e-10,-4.1619615638683557e-13,1.7454086512848488e-10,-7.785805196760916e-13,-5.705390242466904e-8,-4.970410555617233e-5,3.909689589881974e-6,-9.883002125521125e-9,-5.725984231019097e-5,-1.6772975053708442e-9,-2.284005566714513e-13,-1.509878331999152e-12,-9.957700039187805e-16,3.186991352972592e-6,1.263285447169481e-13,2.2792629056579474e-13,-7.765709758435323e-14,-7.953937181162866e-11,2.0006298506808554e-5,-4.1783138288241464e-10,2.0744609901061658e-8,-1.016284287842383e-11,1.2647908836736808e-10,-2.763716838324979e-13,-9.277711299776003e-14,3.993255532719567e-9,1.2349855836875836e-12,-5.457050133537551e-13,2.561541192173229e-9,1.0938854009543132e-7,4.670126657939028e-12,7.112429945323723e-10,1.6578955902299587e-13,-6.968129373606805e-6,9.452167465733903e-8,-6.851180441209535e-13,2.0145376370914897e-13,-6.0711228945056825e-6,-0.00015966678693546223,1.6709857042483676e-12,-9.872636481657331e-7,-2.7049500889519847e-11,-1.508925740563602e-7,0.00039022366119944435,-1.5267113865065212e-9,4.9078144083331495e-5,2.891198071595805e-14,9.606990179744166e-6,3.996452125009383e-13,8.212271591038282e-9,1.8123880462518765e-11,3.5918325562740795e-6,-3.491932313449145e-8,-5.096842330822435e-5,-2.1052912287217717e-13,-4.842496445464977e-8,-4.366368288768523e-5,-6.407210414888495e-11,-1.5251799268978215e-10,-1.8291875573418928e-12,-5.411370229992793e-8,1.755492887505937e-5,1.5418716384974005e-13,-5.6575985876294796e-9,-4.553441183347504e-13,8.48823479343023e-5,-1.4944554093955475e-13,2.2402025760946683e-9,2.6724328863440188e-11,9.808251796239086e-11,-3.977668057377604e-14,-9.112233357540682e-10,1.8321440595396343e-12,8.009887505265741e-14,2.2480467967043103e-13,9.982944532547606e-11,-2.9201706344471324e-13,3.570196096330834e-12,-1.971994292046096e-13,6.069981554402915e-11,-1.114481919175449e-6,-1.2855976020639314e-7,-9.106850483087978e-14,-1.703643050514352e-13,3.874260091808787e-9,1.3739619005990283e-5,6.863027406798672e-14,1.7321772159892963e-6,-1.8347476967299033e-13,4.912462024329593e-14,8.129294367943885e-7,-4.172281865760442e-9,2.7166825728820345e-13,4.801184035032878e-13,-1.3731794378490376e-11,-8.259473654681693e-8,-1.3782425691228073e-9,4.3842995026197165e-14,-1.4165630660361159e-12,1.0503546452842228e-5,6.628573835169217e-10,-4.22530546275608e-12,1.374401063889159e-5,-2.342499945335954e-13,2.272535664428261e-13,-5.469004930577958e-7,-1.947235067410761e-13,-8.805282018100633e-9,3.9103217078542254e-9,-3.4505081128278873e-13,1.4637795777106266e-12,-2.195021481326528e-7,-4.583657275066388e-13,-9.425347895326218e-5,-1.820186436950295e-13,1.3194471915625076e-13,2.924588586106138e-6,-1.2915551023913185e-13,3.955417586246009e-5,-3.018586444072834e-8
0.0,0.0,0.0,0.0,0.0,0.0,0.0,0.0,0.0,0.0,0.0,0.0,0.0,0.0,0.0,0.0,0.0,0.0,0.0,0.0,0.0,0.0,0.0,0.0,0.0,0.0,0.0,0.0,0.0,0.0,0.0,0.0,0.0,0.0,0.0,0.0,0.0,0.0,0.0,0.0,0.0,0.0,0.0,0.0,0.0,0.0,0.0,0.0,0.0,0.0,0.0,0.0,0.0,0.0,0.0,0.0,0.0,0.0,0.0,0.0,0.0,0.0,0.0,0.0,0.0,0.0,0.0,0.0,0.0,0.0,0.0006049152342173997,-1.3003174935662162e-8,8.739217961609714e-15,-6.891522667650252e-5,-6.792124455088648e-13,-1.3214756322473952e-11,-3.3932176330475683e-7,-2.7880080482756787e-9,1.5802254795641912e-10,-1.3330544701593253e-14,4.576346169450861e-6,-6.020417236937695e-8,2.0657451434754798e-5,5.351867519826876e-13,7.066630917994237e-13,-1.469155698031369e-12,1.4400504451664815e-13,1.0647144464391711e-13,1.6174837173530363e-13,0.00010187233650131468,3.4566061161542623e-6,2.2701200782399145e-5,-7.540583710692478e-14,-1.7745160469249738e-6,0.000132585081041422,-8.771079536290955e-9,1.4259866341260268e-7,-4.996898323779276e-13,2.600304620860414e-8,-3.3843614548654046e-10,6.071219360453736e-7,-1.8779800736614137e-13,-4.9180255317209344e-5,6.394697811661947e-7,-1.8019331531971526e-13,-7.834297823326945e-6,-9.880234209067983e-6,-1.4451440943973627e-9,-4.349741888691842e-11,-1.434268036265997e-6,1.953187401215933e-13,-2.2060225052639293e-7,-3.436448345311069e-13,-4.726797390973169e-13,-0.0001729707858219693,1.636209596824048e-8,8.275664538228549e-13,-5.206349326532749e-14,-8.62845602947294e-14,2.7531724256074437e-12,-1.8560067922841978e-13,3.9417259413500396e-13,-1.7632822661653132e-13,2.3499644930683495e-9,-5.431152891693581e-13,2.514334233846475e-9,2.7287283244810154e-13,-2.2261379672839015e-8,3.143360526464345e-13,-3.096862196085524e-7,-1.6526928419931743e-12,1.3599833252245528e-10,2.8829570939973534e-13,2.6333653982626616e-6,-5.558560912069238e-14,9.7345071373394e-13,7.79540777952358e-8,-3.140242657280609e-14,2.2327726113920144e-6,8.075484923639736e-11,-1.3458236572742446e-13,3.676858795988653e-8,-2.3284166414793325e-13,5.922160167252138e-5,-3.887342473539601e-13,-9.67479273280639e-7,-1.329323564279073e-13,-1.7714189607591602e-7,1.1140280293620165e-13,-2.2172282158397982e-9,5.6646606951497117e-14,-1.1356408194693498e-6,-4.561474443942136e-9,-1.7094323458785954e-8,-1.283398664285163e-14,-2.6696935548879107e-9,-1.4191033857579429e-6,2.00107220910342e-8,-8.639208746263136e-14,-6.71362594730589e-13,1.0828631367131564e-11,-0.00011710426865235005,-1.460441849750772e-6,-1.0766084637699964e-9,-6.457953115508436e-13,1.2227936025860916e-5,1.3967996380603612e-13,8.65290142258561e-5,3.459971396113554e-7,-7.5251723231351e-12,3.085200711241184e-10,1.1781063558254052e-5,-4.045688043454144e-5,3.3037319976702403e-15,1.5994616942793e-13,-2.9341203789409014e-13,-1.1712339357851014e-7,1.1393169987573608e-6,-4.732941431762679e-13,-1.187279111254414e-8,-9.284583641661084e-14,-3.4710648264761847e-15,-7.227392359545827e-9,0.0003732008991079651,-4.498408032325676e-13,-9.714056678414267e-9,-1.7372329933341163e-13,-1.5411320820655386e-9,3.7647572600060223e-6,-7.5788149602335975e-6,-2.6408484901808784e-13,1.7203187574849304e-5,-1.6743282086633082e-14,-2.898322849539919e-7,2.618738392379997e-9,6.05699751990052e-13,6.035256748816701e-7,-4.4423741288189845e-13,5.604663700007054e-13
0.0,0.0,0.0,0.0,0.0,0.0,0.0,0.0,0.0,0.0,0.0,0.0,0.0,0.0,0.0,0.0,0.0,0.0,0.0,0.0,0.0,0.0,0.0,0.0,0.0,0.0,0.0,0.0,0.0,0.0,0.0,0.0,0.0,0.0,0.0,0.0,0.0,0.0,0.0,0.0,0.0,0.0,0.0,0.0,0.0,0.0,0.0,0.0,0.0,0.0,0.0,0.0,0.0,0.0,0.0,0.0,0.0,0.0,0.0,0.0,0.0,0.0,0.0,0.0,0.0,0.0,0.0,0.0,0.0,0.0,0.0,0.0005992266536009629,2.5275771265370016e-13,-4.4420834406702886e-10,5.522181013329365e-9,9.025914846929049e-7,2.5546741169174763e-5,-5.883303308468303e-13,-1.029999080398361e-5,-3.5224446115515586e-14,2.9183625268447666e-11,0.00012825442279868385,-3.2252555541842775e-7,-1.8550266018728219e-13,2.7903094235349603e-11,1.4031338964553543e-7,-1.916973746990814e-13,-1.243755053351942e-8,6.289692648703983e-13,-5.058043168028689e-8,-1.4944873640604e-6,1.457972885970925e-10,-2.1763248024245973e-12,-1.1678402562974954e-11,8.475770334904747e-10,-8.706067914866543e-14,-5.956553510775455e-5,-1.1431556840460982e-11,-0.000301976088077631,2.205875668497208e-5,-7.870716638826793e-6,3.4054673789230427e-13,1.3141993614671752e-7,3.575959366333309e-12,2.2130305761986673e-13,7.065218481676067e-7,-6.417861273032345e-11,9.377216543563528e-5,2.734841746916137e-6,3.345978503147737e-6,2.952670220231219e-13,-1.083025797215936e-12,4.533363687743213e-12,-1.6488791012251068e-13,1.3996540548357846e-8,-3.351473266872084e-14,-2.6351994965172465e-8,-8.56338669755885e-10,-4.2813184582230894e-13,-1.81619393420084e-7,-1.814894116524e-13,2.6486777908744377e-13,-1.3725326583659523e-10,-0.00015027939793888734,-2.6140053589027664e-11,5.015621835625275e-13,1.5684454386397378e-8,-2.608302019902078e-13,4.1983906520683993e-13,1.4075132294507846e-5,7.600591810064934e-8,-8.931855265711666e-6,-7.16785448369153e-9,1.7210073633566348e-11,-4.002741314003258e-13,2.4340846695304216e-11,-4.813725266786746e-5,2.5280763210865276e-13,-1.453796931800341e-6,-5.2955070281941315e-6,-9.497836531674427e-12,4.601355021205709e-13,3.9654612954386424e-14,-4.5111334574989834e-8,4.793396966393999e-9,-4.6864291451910124e-12,3.9124327715040234e-13,2.0181586740788326e-5,-7.201833916327474e-14,-6.00621885490817e-13,8.065809157654004e-14,1.7665914121791243e-6,5.621425087853608e-13,-2.2356477645608947e-13,1.2543762738152393e-13,-3.5084959404613515e-14,2.745055105618131e-6,-5.644258218186548e-13,3.8762726859815957e-13,-3.7065091099055e-13,-7.232600547350185e-7,-7.013642683465856e-10,-8.196881127387689e-12,7.005774294098568e-5,1.2736034861650092e-8,7.915778987947923e-11,-2.437828639623853e-12,-5.2583828866097714e-8,2.314491161747962e-12,5.176681571099637e-7,-2.007435172287189e-5,-2.8148537472873354e-7,-2.6076527740760054e-10,2.260218048896057e-14,5.099486486317691e-13,4.463122805363171e-13,-5.666283777125022e-13,-9.400759492556336e-7,-5.893407687418427e-12,0.00041367046617942236,-3.455899771666653e-14,1.681024385512771e-8,-2.1351415406709562e-13,1.2606379798238043e-9,-7.625846198303411e-13,-4.3425191187208604e-13,1.7528028698296567e-13,0.00010027598060743447,2.4124984432667745e-11,4.522446392015183e-7,-1.293978450791317e-12,-1.7049486609429794e-7,5.0960351735417616e-11,1.0889420195302328e-8,2.2132312017267267e-13,-1.878955728760642e-12,4.47424277777286e-12,-2.1955350549819785e-11,2.2173332019756898e-13
0.0,0.0,0.0,0.0,0.0,0.0,0.0,0.0,0.0,0.0,0.0,0.0,0.0,0.0,0.0,0.0,0.0,0.0,0.0,0.0,0.0,0.0,0.0,0.0,0.0,0.0,0.0,0.0,0.0,0.0,0.0,0.0,0.0,0.0,0.0,0.0,0.0,0.0,0.0,0.0,0.0,0.0,0.0,0.0,0.0,0.0,0.0,0.0,0.0,0.0,0.0,0.0,0.0,0.0,0.0,0.0,0.0,0.0,0.0,0.0,0.0,0.0,0.0,0.0,0.0,0.0,0.0,0.0,0.0,0.0,0.0,0.0,0.0005625026005296076,-8.157843368588736e-14,4.422595082393085e-13,2.456076736491231e-13,2.830556236132014e-14,-4.62831615721287e-15,-1.9671408772699038e-13,5.125142147491513e-6,1.503118865904975e-14,2.201235889023809e-14,-1.3595900534033387e-14,3.0638227250788975e-8,3.2410998316748364e-11,-3.4495265813145156e-13,1.6061368041521898e-7,-9.481572865133172e-15,8.874737757148564e-7,4.390870584386971e-14,3.671659958303157e-14,-3.436536916035525e-14,-3.896632974754195e-10,1.040726587947042e-14,-7.594370364766837e-14,-3.292575828141571e-14,1.2152811234099779e-13,-7.748190431444154e-11,3.024776443873345e-13,-3.831147915748146e-13,6.796853838050769e-14,-9.747922406008381e-6,-5.81268310891894e-14,3.379814974973195e-14,-3.662114408752751e-7,-2.4682171437035577e-13,3.6332840335279025e-14,7.052330796447696e-13,3.1975893538329766e-13,-1.8174504281007392e-13,-1.82469222381196e-6,-7.411598195638723e-14,1.5333487572204208e-10,-6.651079693377724e-9,1.7536180143601452e-13,-1.9524473024780886e-14,6.716255057589089e-13,2.2241536863422203e-13,-0.0001441244798784528,-1.333820377065684e-13,1.3195046216658618e-5,3.269029561401482e-9,-1.530073929398248e-12,1.965592704583057e-13,-5.6528444572219024e-12,4.908917577117964e-14,9.297607344202247e-13,6.834830897291751e-14,-2.444668308081652e-8,4.736857638932202e-13,4.5245075819803845e-13,-3.2344798179711966e-14,-9.03955880209536e-13,8.090702532645065e-14,1.6566979175398823e-8,1.6127859795108857e-11,9.387755534886116e-14,3.7899156062590163e-6,7.462961837061367e-14,4.0748198044626997e-13,-4.35478290671314e-11,-1.6462708197471024e-14,1.3857020696755132e-7,-1.0325586659520097e-13,1.7483687901564767e-12,-1.059810979824425e-14,-3.0734743063597786e-7,5.354992797107166e-13,-1.043463795118812e-5,-5.156314546577355e-14,7.040095436098795e-7,2.371298730432826e-14,1.4792616193353782e-14,-2.3678205840868333e-15,-5.073377869956183e-6,-5.608501551360433e-15,-2.49772897110904e-13,1.850557737435575e-14,-2.630608945317504e-6,7.797189716449728e-10,-8.426082989924122e-14,8.147681610236769e-14,1.07646519752768e-13,4.842327841352223e-13,-2.5970476921028913e-14,9.391485971120183e-15,-3.1682921112173397e-10,-3.254796950441556e-15,-5.229147148016784e-14,-4.807120086570656e-13,5.252694203627456e-13,-7.033992523504553e-14,-1.208729291818089e-13,9.944423138712074e-6,2.3760164815781434e-9,8.666262441775431e-7,-8.394009012984658e-14,8.573515374335956e-14,-6.441743702978907e-11,-1.921203651356041e-14,4.3227984228386825e-5,6.872287734929572e-13,2.886701352680417e-14,-8.837302547086164e-14,6.152395417796504e-10,-2.0915576910507664e-14,8.436305912867582e-8,-1.113754232398836e-14,-1.0111210147089486e-13,-1.3286895998491193e-13,3.21911507799411e-10,-1.3304461544430549e-13,2.7030802771318755e-12,-5.16132141792155e-13,7.547875842610149e-15,-2.1748983427503694e-10,7.826549981723346e-14,-2.5730368265651876e-12,2.7791387878055633e-8
0.0,0.0,0.0,0.0,0.0,0.0,0.0,0.0,0.0,0.0,0.0,0.0,0.0,0.0,0.0,0.0,0.0,0.0,0.0,0.0,0.0,0.0,0.0,0.0,0.0,0.0,0.0,0.0,0.0,0.0,0.0,0.0,0.0,0.0,0.0,0.0,0.0,0.0,0.0,0.0,0.0,0.0,0.0,0.0,0.0,0.0,0.0,0.0,0.0,0.0,0.0,0.0,0.0,0.0,0.0,0.0,0.0,0.0,0.0,0.0,0.0,0.0,0.0,0.0,0.0,0.0,0.0,0.0,0.0,0.0,0.0,0.0,0.0,0.00055652658874756,-2.2510790438265579e-13,1.822604796970954e-13,-1.2426232042236065e-8,3.19118597419646e-8,-3.2166695895529153e-12,-3.3224432711014567e-15,-5.236878958697659e-5,-2.1044036381216444e-9,7.577036139164591e-7,3.654179341069493e-13,-1.0495352949127795e-13,-6.710031399025576e-13,3.050094382887817e-13,6.19802345687808e-13,-1.0461610002382384e-14,3.7160489988283272e-6,1.2679060725379512e-7,-0.00025384923409043145,2.895731186473207e-13,2.0311744439567176e-5,-0.0002821842895644671,1.003825576592211e-7,5.183785317001471e-9,1.0888694684864524e-15,7.129472598477464e-10,4.425724864894071e-12,2.2263621257180407e-8,-2.2063668556312683e-14,-1.8029377477422342e-6,-7.319785758902117e-6,-5.879499720373827e-14,-2.873709791735275e-7,0.00011275121791588726,2.117540980223859e-11,9.848722500093047e-13,-5.2607213433240995e-8,3.2549729428748593e-13,2.5251766209480207e-6,2.170830772374764e-14,-4.447825234515518e-13,-5.990637700594266e-6,-1.8730737041827216e-7,8.213994082109075e-14,-3.5377571068226296e-13,-1.0998501508970203e-13,2.970150312361262e-13,-3.660071869145806e-14,2.859170682765538e-13,-1.4949911714704753e-13,-3.2627822283571587e-11,-2.3256480866267665e-13,-2.8778441950252686e-8,1.4255897755959061e-13,2.547999055130221e-7,3.2793294294092985e-13,-1.1349377620125969e-8,-6.442284945383926e-13,-2.6555738242773373e-12,2.4660974004446486e-13,-3.0138523642444566e-5,-1.383353147555458e-13,-3.1949876140607464e-13,2.822089865754658e-9,-4.876004419515326e-15,8.189880161269234e-8,-2.6057665028900496e-12,1.8765615577443373e-13,-4.208650252038926e-7,-1.4892156870737888e-13,2.165628570118346e-6,-1.7205674921932332e-13,1.1074256671659276e-5,-5.870521599410885e-14,-6.482852201042341e-9,1.018363307868656e-13,2.5385377165742808e-8,1.7808562029604244e-13,-4.165497329677044e-8,5.2221165329546795e-8,1.9566542470756254e-7,-1.505321829082408e-13,3.0548910721798e-8,-5.2052455681516805e-8,-2.2905676975229307e-7,-6.043392576505536e-14,-5.3495807486074e-13,-3.560261031851289e-14,3.616112465024384e-5,1.671685663284402e-5,1.6163361815565992e-11,-3.74553812519303e-13,-0.00013799400095014698,6.00639101783057e-13,3.160600127182747e-6,-3.960505427330844e-6,1.8027548075845563e-13,-4.550459432402694e-12,4.321341994239883e-7,0.0003886146761361694,8.669985949597645e-14,1.6796164505855138e-13,8.821744193603882e-15,1.3406885544603545e-6,4.179007296301095e-8,1.0392123012686381e-13,-1.054831841961974e-10,-2.1724269772496698e-14,4.069467286570221e-13,8.272447990536338e-8,-1.3566314508851676e-5,-4.895334766268612e-13,1.111797076323914e-7,-1.3235859545049623e-13,2.32566553332377e-11,-4.307137619733635e-5,-2.779995127133924e-7,-4.129665795496782e-13,6.309765562648622e-7,3.2782311995712273e-13,-1.0631642156977409e-8,-2.9982197196038884e-8,4.2843913091581085e-13,-6.9083120126793775e-6,-6.817171401285478e-14,2.702509688551434e-13
0.0,0.0,0.0,0.0,0.0,0.0,0.0,0.0,0.0,0.0,0.0,0.0,0.0,0.0,0.0,0.0,0.0,0.0,0.0,0.0,0.0,0.0,0.0,0.0,0.0,0.0,0.0,0.0,0.0,0.0,0.0,0.0,0.0,0.0,0.0,0.0,0.0,0.0,0.0,0.0,0.0,0.0,0.0,0.0,0.0,0.0,0.0,0.0,0.0,0.0,0.0,0.0,0.0,0.0,0.0,0.0,0.0,0.0,0.0,0.0,0.0,0.0,0.0,0.0,0.0,0.0,0.0,0.0,0.0,0.0,0.0,0.0,0.0,0.0,0.0005391285675481568,4.652327575813351e-6,-7.664973991419598e-11,5.99329653813251e-13,-3.493273124892107e-7,2.865960915784376e-11,-1.0388472946974383e-13,-3.826180076020057e-10,1.9298987930536836e-12,4.5728415535287514e-9,3.982349357113595e-6,2.11031183944828e-5,7.924952922412176e-10,-0.00029849423186092895,1.3397203434974946e-10,-3.829133683343633e-15,5.094351457893576e-12,1.3125316026065152e-13,-2.5547905076517346e-7,-4.404582111967521e-13,1.1195300002151897e-12,-1.201234204928079e-13,1.7809105598293996e-10,-1.6036970432546746e-6,8.355629379669874e-10,1.1174720282003873e-7,2.416786889496282e-11,-1.0107105254789738e-11,2.2499694041053773e-13,-3.4777566637036065e-13,-3.2094002873076617e-10,-3.0536529101999044e-12,-5.994662715225232e-13,1.2866284487561917e-8,5.904301003921756e-7,-9.431526217346986e-12,-5.690450418138803e-11,3.440469955587358e-13,5.585903007582172e-7,-7.577587406573577e-9,4.4493408979195197e-13,3.1834908606035705e-13,-3.2753872989725474e-5,-0.00011683464332974699,1.0585728853715391e-12,-5.329041861111812e-6,1.892216640104678e-12,1.2096692269770408e-8,-1.9149421408040464e-5,-6.696933545811382e-9,-3.9116553629670785e-6,1.8974792092698025e-14,5.175093163937606e-5,-3.602300255997605e-13,-6.578015078759321e-10,-4.281284317746373e-11,1.9386860318716878e-5,-1.8839407720541634e-7,-0.0002586955206670468,-3.3556617181360205e-13,3.8811144436484674e-9,3.4967841910267976e-6,1.4453381604224266e-10,1.3183107761552043e-11,4.325478529840013e-12,-2.9203787719630485e-7,-1.4071409891103942e-6,-8.072165968594041e-14,4.5305916949263167e-10,3.504927615885324e-13,0.0003714910486589834,9.853577182874467e-15,-1.7947146187736805e-10,-5.975363702510796e-11,-7.670514339234924e-12,2.282459693517035e-13,7.308682189476812e-11,-4.50323811061586e-12,-3.2012494165699963e-13,9.422084419122646e-14,-8.278111803540391e-12,4.854497610176435e-13,-8.067699753702376e-12,-3.05038261778084e-13,-3.670009543650536e-12,8.934106625556357e-8,-6.939361313980212e-7,8.916200960030633e-14,-1.1716101384150962e-13,2.019126798759149e-8,7.382216344585308e-5,-7.625518678861268e-14,-1.3885672471018807e-7,8.988194784730843e-15,-1.6174091720167168e-13,4.388021841725038e-6,-2.2313637398734507e-8,1.0358565492780864e-12,-4.2034491848351286e-13,1.5229628050030533e-12,6.622174182835547e-9,1.1052849965776597e-10,4.2173803890397183e-13,2.8089659242153198e-12,-8.419791297075303e-7,-6.586289836464935e-10,1.1931654047787978e-13,7.395613546455873e-5,-6.701623639483308e-13,-4.961118662354088e-13,4.384075492463547e-8,-3.8611988587749534e-14,7.061585808645864e-10,2.007468969386466e-8,-7.241468952876549e-13,-2.3871696516900613e-12,1.7595631522635583e-8,-1.5296207172374737e-13,7.166737459287198e-6,-6.969700116766166e-13,-2.114984004573011e-13,-2.3444421685736523e-7,-1.3117911842459111e-13,-3.1400646457600225e-6,2.41965735825393e-9
0.0,0.0,0.0,0.0,0.0,0.0,0.0,0.0,0.0,0.0,0.0,0.0,0.0,0.0,0.0,0.0,0.0,0.0,0.0,0.0,0.0,0.0,0.0,0.0,0.0,0.0,0.0,0.0,0.0,0.0,0.0,0.0,0.0,0.0,0.0,0.0,0.0,0.0,0.0,0.0,0.0,0.0,0.0,0.0,0.0,0.0,0.0,0.0,0.0,0.0,0.0,0.0,0.0,0.0,0.0,0.0,0.0,0.0,0.0,0.0,0.0,0.0,0.0,0.0,0.0,0.0,0.0,0.0,0.0,0.0,0.0,0.0,0.0,0.0,0.0,0.0005364206952318066,-1.2604721538790082e-8,-1.7790445927123804e-13,-5.735996411032494e-5,8.318793348070836e-13,6.888397131860387e-13,-6.284959041320166e-8,1.5780516507484624e-10,-1.1794898536918724e-11,-1.0415532802279902e-8,0.00011826945957719888,-3.844588659883426e-12,-7.940826316527549e-6,-7.136243210433802e-13,2.614667252589465e-11,7.378698160689e-10,3.960815763064135e-13,6.683711730437083e-10,6.850461468037502e-15,-7.651774009394914e-13,-5.772454081671234e-14,2.937557442903998e-8,4.193241978136775e-9,1.3751548738534172e-7,1.8353789636829636e-5,3.885149401288482e-9,-2.7815299620614414e-13,-6.46318311136914e-11,-2.603391452762599e-13,3.578440860063475e-15,-3.490962603786144e-10,4.588753150079727e-13,2.113070815358597e-6,9.66679753525551e-5,-1.6512019956211623e-9,-1.095233491596481e-12,1.3516233260154914e-13,-1.4607726648260206e-9,2.0362659800112663e-11,-6.2878880333581914e-12,-4.078482625756091e-14,-2.202267485207746e-5,2.8815452463528334e-7,4.235066953647382e-13,-0.00014957045477510488,-7.694741118147955e-13,-3.103829092374825e-11,5.0044748766871604e-8,-1.1002980161093677e-6,1.0227271757505318e-8,1.7103393849493016e-13,1.2829626144441977e-5,-3.542412833412109e-14,1.2267990421488708e-12,-6.946640093855896e-9,6.409337634498766e-5,-3.093845129087948e-5,-3.82450204252195e-6,5.535755739828819e-13,-1.0614380174991257e-11,-9.14492341873241e-9,2.372561061078821e-8,8.640367355401301e-13,7.184318244160594e-10,-4.794181275362692e-5,3.67965157021957e-9,-9.535015794045334e-13,-1.896869621992039e-12,2.1893435372218613e-11,8.36494554393671e-7,-1.9864130489128978e-13,-4.5323359001083665e-13,-9.9581866424504e-9,4.5692420234941475e-14,3.602576462435483e-14,-2.0243289243741457e-12,-8.705180528648056e-10,-2.3589285857618865e-13,-2.7009899787729057e-13,6.456708057930025e-13,-4.355240268409123e-13,-1.353921467254374e-9,-4.874115906764836e-13,4.775485029597069e-13,-2.340096414042246e-10,-0.00011089625534523155,7.659597001636951e-13,-1.9958607345587793e-13,3.3161114770620087e-6,1.0141776631823166e-5,4.200955967583291e-13,3.6406345043419475e-10,2.644919984982008e-11,-1.524865037684535e-13,0.0003698221552230004,-3.6649428399590322e-6,1.3903820806924762e-10,7.630094733954317e-13,5.081956997595907e-14,-1.7330367960360645e-11,-5.012533681735051e-13,-2.961051643828669e-13,4.631294629073556e-10,2.201723229324925e-9,-1.0824245037142861e-7,-2.828549704800989e-13,1.3589360733878398e-5,1.6496541058750304e-13,-9.904422343741235e-13,-1.1451872667355028e-10,1.4257847823220876e-13,-2.08607759729123e-12,3.2972068886670655e-6,-1.413016881218911e-13,-2.2424687846545528e-10,-4.623103636703578e-11,8.406031048454841e-11,-1.8740047954004834e-8,-5.491575790185392e-12,-1.8813427299876255e-13,6.131148932883752e-10,2.797048947420235e-13,8.209388683815664e-9,-5.456679353727479e-12
0.0,0.0,0.0,0.0,0.0,0.0,0.0,0.0,0.0,0.0,0.0,0.0,0.0,0.0,0.0,0.0,0.0,0.0,0.0,0.0,0.0,0.0,0.0,0.0,0.0,0.0,0.0,0.0,0.0,0.0,0.0,0.0,0.0,0.0,0.0,0.0,0.0,0.0,0.0,0.0,0.0,0.0,0.0,0.0,0.0,0.0,0.0,0.0,0.0,0.0,0.0,0.0,0.0,0.0,0.0,0.0,0.0,0.0,0.0,0.0,0.0,0.0,0.0,0.0,0.0,0.0,0.0,0.0,0.0,0.0,0.0,0.0,0.0,0.0,0.0,0.0,0.0005323346027958321,4.134990836024098e-13,1.4361826287084384e-7,4.3172858785927255e-14,-3.5891963250116953e-10,0.00012658104164896546,-9.459127748416736e-6,8.151199373971679e-13,6.338125729233997e-13,8.285828488694096e-10,-5.830623746807179e-13,-5.530729463095845e-11,-1.1022249349588478e-13,-1.4833627837110082e-6,-4.381988608672412e-5,-1.643207357526521e-9,7.285884949317294e-13,1.385334996248719e-10,1.8274803943665268e-8,-2.9576974527515097e-13,-0.0003032047625713027,-1.1569100587472146e-12,-4.3002312583766555e-5,-3.10028932863601e-7,-0.00022468064362066428,4.1188412575365935e-13,3.854302447883952e-6,-4.873983370815244e-11,1.590709567511136e-13,2.0720488294044557e-5,7.683110133782154e-10,-1.3040324585873434e-6,-3.62077213399892e-8,9.788759826380283e-5,1.0341266047595035e-13,1.8255588520064726e-11,1.0153101513806014e-13,-3.2926072185546237e-14,4.1038990031937506e-7,-2.0167387021866033e-12,-1.5496393679817451e-10,1.5763857031406578e-12,1.3584484894143242e-14,-9.877443026079483e-10,-1.0930484274366826e-13,8.626609346561111e-14,1.142404204473406e-12,2.015718870560494e-6,-1.2336219309295179e-12,-1.0347975823860538e-12,8.964095870454148e-11,2.258374510576384e-12,2.6899024384807526e-13,0.0003519402024509525,4.503820861359688e-10,1.2498730963898132e-7,-2.527834602887588e-11,-2.0612365926516206e-10,4.0024832820297044e-13,1.1353941930636122e-12,-0.00016717542284923597,3.4681846858309324e-13,-4.261895240395578e-5,7.340208566030117e-8,-6.911965243784805e-13,-3.3016599047305646e-12,5.637748301930727e-15,-1.3230441310574258e-6,6.062055579086039e-12,7.425584821419592e-11,2.785284934786052e-13,0.00032561327707910954,-3.714793588214944e-14,-3.178234475749129e-14,3.2857274873252756e-14,5.173896626256832e-5,-8.182534715820077e-13,1.3272700140004487e-12,1.567825153763882e-13,5.626602886862014e-13,8.035418713032677e-5,-4.3687746779193826e-13,2.976510060058338e-13,3.4366463301763354e-13,7.552831160963485e-9,-1.9701093249875373e-8,1.1412008397143254e-10,-9.815891869948497e-7,7.213051953706572e-11,-9.143281694963201e-10,3.239321304078269e-13,-1.542128320236237e-6,-2.710760411821552e-11,1.4703303434809935e-9,2.8229642393047154e-7,-8.255430825126662e-6,1.4423008773614478e-9,1.9689491248783035e-13,8.254591902287076e-14,-9.685782195826048e-14,9.784177750413195e-12,-2.7554617380193905e-5,-1.4253883506504833e-12,6.404280984959274e-6,-7.080053334560975e-14,9.736892008727223e-11,2.1421968197979624e-13,3.6650198521855534e-8,4.2848628683078014e-13,4.924695261949151e-13,-3.869503693823294e-13,-1.400887241816826e-6,-2.949854913168027e-10,1.3263288653445793e-5,4.74859814336751e-13,-5.000325299009354e-6,-5.521294520269195e-13,3.193458077176435e-7,1.0735950416509868e-13,-2.281324711509308e-13,-4.735659907022049e-11,9.055868236098004e-14,3.437365548859442e-13
0.0,0.0,0.0,0.0,0.0,0.0,0.0,0.0,0.0,0.0,0.0,0.0,0.0,0.0,0.0,0.0,0.0,0.0,0.0,0.0,0.0,0.0,0.0,0.0,0.0,0.0,0.0,0.0,0.0,0.0,0.0,0.0,0.0,0.0,0.0,0.0,0.0,0.0,0.0,0.0,0.0,0.0,0.0,0.0,0.0,0.0,0.0,0.0,0.0,0.0,0.0,0.0,0.0,0.0,0.0,0.0,0.0,0.0,0.0,0.0,0.0,0.0,0.0,0.0,0.0,0.0,0.0,0.0,0.0,0.0,0.0,0.0,0.0,0.0,0.0,0.0,0.0,0.0004952902106453518,-4.697011593309973e-13,-3.242605151563008e-14,-3.9529716760055906e-7,-3.7515720837969926e-15,-1.479916725282367e-11,1.1218012154889282e-13,-1.1806820430728979e-14,-2.9798835684896846e-13,-2.5363410234108828e-14,-3.558112729864122e-14,4.1855999054422433e-14,-7.091647933284357e-11,-2.612084321053712e-12,-6.381805882222926e-8,-7.839162974038517e-14,9.113323603224278e-7,4.8539992367609914e-9,0.00013422061766508856,7.043585022748101e-13,-1.006413630181105e-15,-7.597001476146836e-14,1.2771329760356275e-13,-1.0100304756497958e-12,2.9977867668197695e-14,3.4110560483383864e-11,-1.8201208180744558e-6,2.957269166594457e-14,6.215498889499749e-12,1.4528460974036625e-7,-2.526442672312521e-13,2.2022087152877525e-13,4.549717744759662e-13,1.1873167908689413e-15,3.5475930889968215e-6,-7.11319138932378e-15,-5.550324855345637e-14,1.1281013441187968e-10,-3.229796297278353e-5,1.6239744288536297e-13,3.5967627669762797e-13,-1.834981568623386e-14,-2.3095449893920025e-13,1.2269397935614431e-14,-1.0508181755740776e-14,3.117993653494733e-13,3.2468207247563114e-13,3.5143204640425246e-14,-0.00016950899140376384,-5.0590456995934143e-14,6.743898540499549e-6,-1.4147015315469905e-13,-9.52750061328589e-13,1.7372408025899305e-13,1.523702140168961e-14,4.901240393161899e-13,-3.5146379189967455e-7,4.506486743453193e-15,-3.9762051752879275e-13,-2.4906373154219673e-14,1.8428000880281005e-14,-8.186918964251233e-13,-1.7576672812796683e-14,-2.445450239854691e-13,-3.826911280577844e-6,-4.462791936608678e-14,-4.049444680816672e-11,-3.593050992140978e-14,7.466965558765606e-7,6.4144861896636034e-15,8.038622547554061e-13,2.8548292292348633e-14,0.0004247777684516534,9.421742148180951e-14,-4.915293979170971e-13,9.752053030051913e-5,8.956191408122844e-6,5.437066674361059e-14,0.00043081910863390275,9.99738289005457e-13,-2.6725662555058876e-6,3.7968883942912636e-14,-2.713407916031705e-14,9.238167562433457e-14,-6.791604880664644e-10,9.068374924058586e-7,6.803799823534446e-14,-1.1110757614990254e-14,-5.205893335587517e-8,-2.512577526866727e-13,-5.855946284201647e-11,-1.4819776182299121e-6,-3.3512184133743095e-13,8.873644757937577e-14,-8.189711148327468e-12,8.402583857493007e-9,3.275272705963744e-14,-3.4337862886461044e-14,5.2489874187147755e-14,2.9133382421168966e-6,-5.962089721620608e-13,1.3395029721026048e-14,2.4573921367829316e-13,1.0808141725889592e-15,-1.2970251199295563e-13,0.00012610545418436077,2.575818738264079e-10,-1.9506817229322442e-14,7.680755864299007e-5,-1.057070297694655e-13,-3.3704230482928116e-13,-2.0657468426962128e-7,5.895149456022778e-12,1.0406823545852837e-14,-1.2635300360942736e-11,1.3263344668580184e-14,-2.499475172018809e-13,-0.00012410145964933283,-5.663722007789094e-14,-1.1108921741837632e-6,4.367112829631021e-14,4.441994291365261e-14
0.0,0.0,0.0,0.0,0.0,0.0,0.0,0.0,0.0,0.0,0.0,0.0,0.0,0.0,0.0,0.0,0.0,0.0,0.0,0.0,0.0,0.0,0.0,0.0,0.0,0.0,0.0,0.0,0.0,0.0,0.0,0.0,0.0,0.0,0.0,0.0,0.0,0.0,0.0,0.0,0.0,0.0,0.0,0.0,0.0,0.0,0.0,0.0,0.0,0.0,0.0,0.0,0.0,0.0,0.0,0.0,0.0,0.0,0.0,0.0,0.0,0.0,0.0,0.0,0.0,0.0,0.0,0.0,0.0,0.0,0.0,0.0,0.0,0.0,0.0,0.0,0.0,0.0,0.0004937662156866421,6.160317680642216e-13,4.565624078302493e-13,7.350834297559999e-7,7.960647534426154e-10,-1.1945655758162454e-12,-3.613334892521114e-10,4.0635941150634185e-6,-6.734832420620846e-13,-2.747145008624948e-7,-1.2824588480154772e-13,1.2522687757913543e-10,3.6863763658781694e-9,2.6925947500428096e-13,2.207604626752499e-11,2.8669948110097555e-13,-2.088159800522794e-12,-7.033102032193101e-14,-2.725787734856821e-7,1.467662233393187e-10,-1.6764207942005183e-6,-0.00021969132993750708,1.7644842416742215e-8,-7.007664579092612e-13,-3.2468050564452625e-10,-9.45470044244507e-13,-4.2520394686105956e-13,-1.7462384570884036e-9,5.853760530949421e-13,-2.5947875746098388e-5,-0.00017287915402314344,-8.192170383136662e-9,-8.680002460147769e-13,-2.240092422356798e-13,-4.965133557642283e-11,2.3483682075477013e-13,-3.3634688787174154e-11,-4.425893032879684e-13,-7.616003776424e-7,9.967143198399919e-9,-4.1518971771278286e-14,-4.836317060297074e-6,7.735093532511173e-13,-4.713517023025457e-13,1.7354099927066198e-9,1.3512531419071539e-5,3.5432430695516827e-10,1.965716082659076e-13,4.438026952838814e-7,-3.089723523346257e-14,-1.8553800652450534e-13,-1.705305723909974e-8,2.2100408232594318e-6,0.00031827541746199057,-1.323094890299392e-7,5.749829893715651e-13,-8.693010337581849e-13,-3.170814939857346e-10,-2.427761106155388e-7,3.572046502953583e-13,3.5852367611946063e-9,0.0003025123122748622,1.290475913369654e-10,1.7510137532274073e-13,7.844407395546519e-13,1.1116659703053714e-10,2.8938928142249812e-8,-1.481518349201825e-17,5.918128813559568e-13,2.7603297505959843e-8,-9.102816412025899e-14,1.131591524654195e-14,5.0976141712779747e-14,-4.339501279456124e-9,2.079028525459065e-13,-3.8090207062522875e-13,3.1244824395872547e-13,5.3799520404646e-13,-6.733209928082217e-9,-9.27611870173537e-14,-3.9539592936775605e-13,-7.649886233305493e-12,3.6932672886148105e-5,1.4704220087506888e-12,2.1879344990348325e-13,-4.0710629311527384e-5,3.508424527265006e-7,3.0266462328757375e-13,1.1081701524718742e-11,1.302038140895146e-10,-5.187653256965051e-13,7.21795543581088e-6,4.488953111153973e-5,6.942740141125227e-10,-8.599395049148628e-13,6.878793019852214e-13,5.116764377735307e-13,-6.865881312123967e-15,-4.0435332520867326e-13,2.3167428668627825e-9,7.786003075889585e-11,1.3275395441575313e-6,-3.00817885207806e-13,4.700977039826081e-7,1.6322222557529428e-13,-4.396708504699097e-12,-3.469543287855102e-12,-1.0507044062570417e-13,-6.731944162793823e-13,-4.0484761526158634e-5,4.397875645456536e-13,-1.1174665447167433e-9,-1.647346093001622e-12,4.1998695939788444e-10,-6.497535855143867e-10,-2.8617889199752692e-11,-1.4598372320946697e-13,1.962234423128023e-11,3.5388774095495186e-14,2.8415764611130023e-10,-4.2246176490496963e-13
0.0,0.0,0.0,0.0,0.0,0.0,0.0,0.0,0.0,0.0,0.0,0.0,0.0,0.0,0.0,0.0,0.0,0.0,0.0,0.0,0.0,0.0,0.0,0.0,0.0,0.0,0.0,0.0,0.0,0.0,0.0,0.0,0.0,0.0,0.0,0.0,0.0,0.0,0.0,0.0,0.0,0.0,0.0,0.0,0.0,0.0,0.0,0.0,0.0,0.0,0.0,0.0,0.0,0.0,0.0,0.0,0.0,0.0,0.0,0.0,0.0,0.0,0.0,0.0,0.0,0.0,0.0,0.0,0.0,0.0,0.0,0.0,0.0,0.0,0.0,0.0,0.0,0.0,0.0,0.00047954572015541214,5.560827170955874e-15,1.5846122044103918e-13,-1.9682614870898963e-13,4.0511865061032815e-6,4.288512497040609e-9,-6.517035561211754e-13,2.1234321291775788e-5,3.857082872809386e-12,0.00011693233174810444,7.368870364194719e-14,1.289032097388382e-13,-1.982737120566338e-14,-5.147004136724517e-8,4.0102612385247434e-14,5.043507570624154e-14,4.480281795452031e-14,-1.7345263176389028e-13,-1.0176200225728554e-8,-4.727933999010076e-13,3.044583304330282e-13,-5.727205216765246e-13,-0.00022976058692476548,1.7091317767061745e-13,7.582098795432215e-14,-4.840209648960578e-5,3.596746790458513e-13,-2.1847114111782384e-14,3.1511168951623136e-13,-2.4251807028110026e-13,-5.23006581275698e-13,-0.0002340937756175911,6.346329758801468e-14,2.018136676429721e-8,-8.793973512822093e-7,-9.181807685205358e-15,-1.6725290340202798e-14,-2.2798620676701893e-13,-2.7246885148994943e-11,-3.6314578807185876e-6,-1.3397125812732886e-13,4.898441005893614e-5,4.321443546693922e-7,-1.3496892720588195e-10,8.145370923165071e-14,-6.966402471012657e-10,-5.823851142017594e-14,-2.6492888884563113e-13,6.616616199507376e-15,-3.232223742859719e-6,2.283639021917571e-13,-5.105737231578373e-13,-4.87291913698761e-13,4.631632160936265e-12,7.375121734321387e-14,2.1904582875817274e-6,2.3210732742185967e-9,2.1038828155330603e-13,0.00024558834274878924,5.813160159146223e-13,-2.642020809038505e-13,-5.819331102226359e-9,-2.0334969499951768e-14,1.8319805831173608e-5,8.328393420813849e-14,-3.897864828998651e-12,-3.1979502252536787e-14,-4.0612705418384916e-5,1.7445212570724975e-15,-0.0001812852259552252,1.2736160701895713e-14,9.255124691527325e-5,-1.557857395725255e-13,8.957346317503405e-15,3.5222802873633344e-14,-0.00017602011926616228,-9.685569965473177e-15,-4.692177747683269e-14,5.407930601699771e-14,-0.00010672938736755032,1.030389573136864e-7,4.786026344080753e-13,-1.291247340452494e-13,-2.4474338341113304e-14,-3.3179050857800385e-14,-2.2341205350995785e-12,9.189145778752629e-14,-4.187895991470849e-8,5.3019198245001306e-14,3.61053974055534e-14,-6.776128263172197e-13,3.982250670424732e-13,-7.059516029911901e-14,1.1058770988543375e-13,2.475366304025064e-5,3.140570082666823e-7,0.00011408275936812987,6.566455710881067e-15,3.3257787239538013e-13,-8.499650265681295e-9,-3.8231016559505046e-13,6.6889395188975305e-6,-1.8560706579042836e-12,7.055035730777187e-14,1.5213645437721578e-13,8.135845735643997e-8,7.077533666852861e-14,1.1153554082648498e-5,3.70022180788794e-13,-9.387516047960225e-14,-2.2482563568939266e-13,4.260621761861792e-8,-1.1611880635399194e-13,2.6699700545795666e-10,2.780360525214967e-13,-8.713000398040428e-15,-2.870975708472745e-8,-4.687177274682801e-14,-3.835741606070273e-10,3.674565020054489e-6
0.0,0.0,0.0,0.0,0.0,0.0,0.0,0.0,0.0,0.0,0.0,0.0,0.0,0.0,0.0,0.0,0.0,0.0,0.0,0.0,0.0,0.0,0.0,0.0,0.0,0.0,0.0,0.0,0.0,0.0,0.0,0.0,0.0,0.0,0.0,0.0,0.0,0.0,0.0,0.0,0.0,0.0,0.0,0.0,0.0,0.0,0.0,0.0,0.0,0.0,0.0,0.0,0.0,0.0,0.0,0.0,0.0,0.0,0.0,0.0,0.0,0.0,0.0,0.0,0.0,0.0,0.0,0.0,0.0,0.0,0.0,0.0,0.0,0.0,0.0,0.0,0.0,0.0,0.0,0.0,0.00047783021747882027,2.821605115004309e-11,2.4391694274198395e-8,2.125029938476887e-13,3.475864362930187e-13,-5.665433785779777e-13,2.7555342427782135e-14,-1.3055679924507644e-13,-1.2069535311058755e-13,1.1965436177593108e-7,4.049140282424995e-9,0.00010808356542759208,1.1715019331186503e-13,-0.00025366779472055153,-8.252341746264688e-6,-1.1778010923462363e-6,-6.179136310431664e-11,1.1358211582036465e-13,-9.356735498334758e-12,5.74680072950702e-13,5.485118315719678e-10,1.9715204779636976e-15,-5.805021954270578e-8,9.372069116560354e-5,-1.2719498198406522e-13,-9.238452729852498e-9,-0.00024005443182212048,-2.9904229631084457e-13,6.014237259991375e-13,-1.6203793320501736e-9,1.1814308854812077e-13,-3.240905314554417e-5,5.688459582137339e-14,-2.984753814301942e-14,-1.9289732716036317e-7,2.378107220110253e-6,2.7299222713595397e-13,-7.488542145077816e-13,-1.2829390198044658e-14,2.2218648093723599e-13,-1.5669229057795821e-13,1.4692435547139998e-13,-1.5241812314370757e-13,1.0766247997123002e-13,7.888927991909627e-13,2.292631895410692e-7,7.122263692277134e-13,-3.2658051912766113e-6,1.0759429759768806e-13,-1.0019968059098225e-10,-2.6406688662631527e-14,-6.872460757790147e-14,1.676990597489856e-13,0.00032406659215546206,-2.1641830745739577e-13,4.2423966506859404e-14,-3.383350904764909e-11,7.662537242096218e-14,2.6052324262883558e-9,3.308332100193655e-14,6.027139043774268e-13,5.400229856654666e-6,-2.3792078289489207e-13,6.973306204244598e-8,6.417464035577058e-14,-0.00013998869675431962,-2.475982857153743e-13,3.505531754453635e-11,7.385842536238667e-14,2.5479422934484485e-8,1.3212383821678953e-13,-1.303533130176016e-9,-5.89793237306273e-7,-2.504760604642838e-6,-6.369137680801553e-15,-3.583598772174685e-8,-1.6165732174368889e-9,2.938605993170379e-6,1.550197837545952e-13,4.2545456740646636e-13,5.480957237060966e-13,1.1570456633224617e-6,-0.00021012601972089453,-3.4289281158747885e-13,-1.251851783894751e-14,8.797733313945098e-5,2.491320957649714e-14,1.0176984201579927e-7,5.076913812523093e-5,-3.738708158357293e-13,7.351902059958704e-13,1.3908261613540522e-8,-1.4274443246568676e-5,-1.7739983029884385e-14,-1.415584674022813e-13,-1.0937965556687738e-13,-1.720819210979944e-5,1.3247467017934872e-9,2.1218976586318005e-13,1.4316243714899554e-12,-1.0626959605333478e-13,1.7149200320662154e-13,-9.57779351980545e-7,-4.36562420102469e-7,8.610903412154575e-14,-1.3639058246603157e-6,-1.0513120984358545e-13,-7.544757109919306e-13,0.0002957201353342632,-8.941225725891214e-9,4.687454221715094e-13,2.031336806435138e-8,-1.0554355735501873e-13,-3.4230191266693367e-10,2.8226906558981635e-7,5.1321290850460684e-14,8.82641367697705e-5,7.080039883924449e-13,1.906711667118974e-13
0.0,0.0,0.0,0.0,0.0,0.0,0.0,0.0,0.0,0.0,0.0,0.0,0.0,0.0,0.0,0.0,0.0,0.0,0.0,0.0,0.0,0.0,0.0,0.0,0.0,0.0,0.0,0.0,0.0,0.0,0.0,0.0,0.0,0.0,0.0,0.0,0.0,0.0,0.0,0.0,0.0,0.0,0.0,0.0,0.0,0.0,0.0,0.0,0.0,0.0,0.0,0.0,0.0,0.0,0.0,0.0,0.0,0.0,0.0,0.0,0.0,0.0,0.0,0.0,0.0,0.0,0.0,0.0,0.0,0.0,0.0,0.0,0.0,0.0,0.0,0.0,0.0,0.0,0.0,0.0,0.0,0.0004724210487406507,7.27765548991604e-7,-2.598058810557137e-13,4.834835310322978e-13,-1.887593281825344e-9,1.374528867139288e-13,1.2697041074293265e-10,-6.618423469880626e-13,1.1412824244634815e-7,3.3693946794420963e-6,1.212002896233839e-10,5.623776855471961e-14,4.224477712530942e-12,-1.4035716477231447e-9,-2.2950308161978204e-13,-0.00024143350398704385,1.092882702112006e-12,-0.00022377342583076694,-1.316693352017784e-6,1.612423232913137e-5,-2.802555442737466e-13,-2.965460787324887e-7,-2.0572718484914443e-12,5.575977456987884e-14,-1.5940914912898143e-6,-4.5252424975151975e-11,-6.935633972717315e-6,7.53194247139967e-8,-7.48522702736429e-6,-7.904542464427915e-14,6.091673964536661e-13,2.405311361069029e-13,3.6203358972945216e-13,-3.157262304906287e-8,-4.96534027252004e-13,3.5502893848443037e-10,-4.91023216698687e-12,2.894544767357121e-14,2.2463246198286095e-9,9.067825083993355e-14,3.0561230837145684e-14,-1.4883102324347404e-12,1.0762046838310446e-5,-2.221167783250411e-12,5.94910028145149e-13,-2.0610330987780813e-10,1.2467544537772717e-12,-3.016561108746027e-13,-1.5582373291307998e-5,-1.02555220454558e-9,1.7338813209666194e-7,6.166413807695604e-11,-3.733527566608699e-12,2.6942058389944896e-13,1.0825342390525003e-12,-0.00020995497158470198,1.5826384743446848e-13,3.2755767203629137e-6,-7.804140857196003e-8,-5.976278384728178e-13,-3.392243360615147e-14,-2.901068554860039e-13,1.0179240716432909e-7,-1.4156504646789166e-11,2.3631685617867505e-12,-3.706662295168839e-14,2.5166425523232945e-5,5.3747242239833345e-14,-1.2771790814223807e-14,4.0122663513042555e-13,-3.967096483130483e-6,2.3338545048390614e-13,8.45473629205919e-13,-6.472952004590841e-15,-9.983968637452619e-14,-6.153349562422706e-6,2.0665083367075912e-13,-4.365475037911702e-13,1.100216927009809e-12,-1.7057042826261405e-8,1.517229935703743e-9,1.863535470149239e-12,-5.187750328579307e-6,-1.639461373893594e-10,6.470178840631381e-11,7.133478476804722e-13,1.1864755434424397e-7,-2.309371394767274e-13,-3.353630882851366e-9,1.4403155685067253e-6,6.351528030654675e-7,-1.1005084243544077e-10,-3.259788070056853e-13,-2.9925052764489135e-14,9.170486047477846e-14,-8.863110564261668e-13,2.1169574762135054e-6,8.012923838956415e-13,3.417127671004059e-5,-1.9208840554861918e-13,-2.19365985938407e-10,-2.401294541397645e-13,-2.8204749226000717e-9,1.1295112294279952e-12,-4.4594607542151167e-13,1.0725059289691682e-13,-7.431159382718392e-6,5.160303631207149e-12,-1.020419986131097e-6,1.3037646562594293e-12,3.8471558936363263e-7,6.17137361036933e-13,-2.457091517614723e-8,-3.67367388556898e-13,-5.236576828032383e-13,-2.5865662534744645e-12,-1.8444208636104302e-12,-5.592611190404524e-13
0.0,0.0,0.0,0.0,0.0,0.0,0.0,0.0,0.0,0.0,0.0,0.0,0.0,0.0,0.0,0.0,0.0,0.0,0.0,0.0,0.0,0.0,0.0,0.0,0.0,0.0,0.0,0.0,0.0,0.0,0.0,0.0,0.0,0.0,0.0,0.0,0.0,0.0,0.0,0.0,0.0,0.0,0.0,0.0,0.0,0.0,0.0,0.0,0.0,0.0,0.0,0.0,0.0,0.0,0.0,0.0,0.0,0.0,0.0,0.0,0.0,0.0,0.0,0.0,0.0,0.0,0.0,0.0,0.0,0.0,0.0,0.0,0.0,0.0,0.0,0.0,0.0,0.0,0.0,0.0,0.0,0.0,0.0004676994891804318,-5.952588064330996e-13,3.793671472677521e-13,1.7297971095816013e-12,-3.302617793893277e-14,5.382012250647789e-13,2.5325373609512076e-13,0.00010261299324171487,0.00010861159257261489,1.0838840443022145e-7,1.7337901048980594e-13,3.5603814458541473e-9,-1.2675233076981528e-6,1.8407510419187286e-11,-1.265700354841537e-6,-5.483879473260317e-13,9.664683370730823e-8,6.063847641874915e-10,1.471988069399735e-5,-3.853442574819486e-14,-0.00026002414073427236,-1.4008154476242628e-9,2.2305011590195744e-13,-0.0002417978923082912,-4.0774491095572864e-8,3.2024634395911202e-9,-3.4065222558335384e-11,-4.3574533728176774e-5,2.0802711927288836e-13,4.892500506190088e-10,-4.1073343902218587e-13,2.9943158019751256e-13,-2.8465522221659094e-5,-3.633146957762061e-11,1.197227852940474e-12,-8.544463574030012e-13,2.0686461570111705e-14,-1.5785731959335105e-12,4.147513500322169e-13,5.472053089800519e-13,1.1804826833509947e-12,-4.96993707300933e-9,3.9001218950506604e-13,-3.6727750912881374e-12,5.372644162089556e-13,5.043080006405161e-11,2.2199534511455196e-13,-2.69022459501405e-6,1.1758439615376598e-12,-7.918461925133837e-11,1.90376546383634e-12,-2.5551215590784402e-9,-9.655767653000627e-14,6.047121538528987e-13,-6.101217280199483e-7,9.453253802012322e-14,6.996488325692925e-5,3.673605532959934e-11,-5.400027678850236e-13,-8.138788240163903e-11,2.3728841087929487e-13,9.132155339839996e-5,-8.397396845997774e-13,2.027842083148723e-9,8.479434033930517e-14,9.305111872185243e-7,2.042235860322407e-14,-4.508610890296444e-13,-1.564915775416457e-13,-3.501846876555611e-5,1.0019826253846194e-11,3.874659505052779e-11,7.032731234529123e-14,6.940830367254525e-13,-4.344570089287081e-5,-4.4156046513938816e-11,-1.413956597939635e-13,-5.804382747913458e-13,9.022707788988488e-12,1.3667580116053832e-6,2.9983788383338874e-9,2.396469658468562e-9,5.322616078492097e-13,5.886724697623249e-8,5.046394357350018e-14,0.00010658193779889253,-7.615541700643523e-10,1.9048847660951036e-12,-6.64140635372172e-10,0.0003134503815160282,-9.933609320729455e-8,1.4799061815590026e-13,1.6120474348803055e-13,3.3444993363769664e-13,2.59389293086663e-10,3.5601426594709895e-5,-1.6911716208986934e-13,-1.568797423775447e-8,2.2226830407254617e-13,4.0568392011954284e-13,1.556361653577887e-11,-2.542799874405604e-6,2.949471903034921e-13,2.142106893285201e-11,-1.9161614294753223e-13,3.4304663352767556e-9,5.0605954862324215e-9,-0.00022916119923567627,5.182833967340251e-13,0.00029268840388920744,-5.470017740776642e-13,-8.404634487414195e-6,-3.921382729270425e-12,3.957215797939844e-13,-1.3136631334302325e-9,-1.0213043267869349e-13,-4.705237262870138e-14
0.0,0.0,0.0,0.0,0.0,0.0,0.0,0.0,0.0,0.0,0.0,0.0,0.0,0.0,0.0,0.0,0.0,0.0,0.0,0.0,0.0,0.0,0.0,0.0,0.0,0.0,0.0,0.0,0.0,0.0,0.0,0.0,0.0,0.0,0.0,0.0,0.0,0.0,0.0,0.0,0.0,0.0,0.0,0.0,0.0,0.0,0.0,0.0,0.0,0.0,0.0,0.0,0.0,0.0,0.0,0.0,0.0,0.0,0.0,0.0,0.0,0.0,0.0,0.0,0.0,0.0,0.0,0.0,0.0,0.0,0.0,0.0,0.0,0.0,0.0,0.0,0.0,0.0,0.0,0.0,0.0,0.0,0.0,0.00046392931252826116,6.976099663020418e-7,-5.923425105873319e-11,0.00011376775461920528,8.15609247769325e-10,1.8360329538862117e-5,7.373030766473192e-14,8.410218387056695e-13,4.884106555396951e-14,-8.374737311200163e-6,2.0941943745714128e-13,-1.1809501116978273e-13,2.7912076420475307e-14,1.9900645438994995e-13,-1.6555613401546397e-6,-1.2006139730843496e-12,2.9680284182650703e-13,7.20113717961749e-13,5.384837870480193e-7,-9.322092743240698e-13,-1.395427093932914e-13,-4.57083431549882e-5,-9.520559347150143e-13,1.3462529983628376e-13,1.2133275049813085e-12,9.755134860753746e-13,-3.443607160751279e-13,-6.161784830036196e-6,4.489551965882941e-14,3.283897790147904e-6,-0.00014016226436640308,6.150111774497375e-13,1.1203025679149148e-13,9.543135867459973e-11,-4.376522597193286e-9,9.269195462493986e-9,1.2947423848402464e-11,-1.2426746672754765e-7,7.001882828179606e-5,-2.182888115562284e-8,1.3289600109262565e-13,-1.1335284632634064e-7,1.485826261731913e-13,-1.542227495233001e-10,-1.3198327879822643e-13,-9.260902640302009e-5,2.0767753616440461e-13,-5.495906621004945e-11,1.359235443106824e-12,6.575823978581479e-10,-2.420859014046099e-13,0.00029728255393886836,3.776891393550232e-7,-6.140566434809451e-13,-3.8081255625464133e-7,-2.450717333458157e-13,4.031612707325976e-13,-9.470519768474014e-7,-1.3674089148473239e-13,6.514064759812259e-5,-2.6278334698299727e-14,-5.197965620825282e-10,-2.863127625324837e-14,-2.552226070251558e-5,1.1056129955433156e-13,4.3829579077219486e-7,-1.471854167766363e-14,9.719557286502533e-6,-3.0036032923201725e-13,-5.198791792363561e-14,-2.790436368680005e-13,3.8582865695404985e-7,-1.2540393108150787e-13,-6.127138160130177e-13,-1.2387528046602534e-13,2.2418067045126144e-7,1.676499178952974e-5,5.618649456363524e-13,3.5218234966547563e-13,7.2665550099474e-14,-3.633966526822663e-13,-2.1759046618632385e-10,3.3236482591239447e-13,-6.814283034495484e-6,-1.2809885860714852e-13,-9.800702693733491e-14,-2.834756323154362e-12,-7.703411784666044e-13,-5.039678999600382e-13,-2.1439586978361427e-13,-6.296530432334326e-8,5.0789205164515366e-5,1.4916443749923167e-5,-8.102886453143051e-14,-1.1653593683576355e-13,-1.3830410783629005e-6,-5.391925104220714e-13,-1.7074191734945272e-8,-2.2058946053481935e-10,-1.7890304958262687e-14,-1.152188173818768e-13,1.3237108285228014e-5,1.3681874822380012e-14,0.00010119024729053561,-1.1598394206667716e-13,-2.7965183951200736e-13,-2.014188056410732e-12,6.932063298116575e-6,-1.5711624161526958e-13,4.330825912791687e-8,-8.647440899530705e-13,2.2327007648944052e-14,-4.671315434372134e-6,1.7973465439953408e-13,-6.2449798556624e-8,0.0002987174936870234
0.0,0.0,0.0,0.0,0.0,0.0,0.0,0.0,0.0,0.0,0.0,0.0,0.0,0.0,0.0,0.0,0.0,0.0,0.0,0.0,0.0,0.0,0.0,0.0,0.0,0.0,0.0,0.0,0.0,0.0,0.0,0.0,0.0,0.0,0.0,0.0,0.0,0.0,0.0,0.0,0.0,0.0,0.0,0.0,0.0,0.0,0.0,0.0,0.0,0.0,0.0,0.0,0.0,0.0,0.0,0.0,0.0,0.0,0.0,0.0,0.0,0.0,0.0,0.0,0.0,0.0,0.0,0.0,0.0,0.0,0.0,0.0,0.0,0.0,0.0,0.0,0.0,0.0,0.0,0.0,0.0,0.0,0.0,0.0,0.0004446463182324761,-5.42106579681101e-8,-5.2594454421744375e-8,7.409392880778477e-7,-8.533001626977395e-9,-9.930207689200073e-14,2.571398121552191e-13,-1.9650295466073682e-13,-4.063536760257305e-5,-1.6747248703784597e-13,-2.661165562173352e-13,1.919195083491526e-13,9.341367096819845e-14,-0.0002475582954587125,-1.3459612504123115e-12,-5.079591601900608e-11,7.113002543004454e-14,-2.5119103460632494e-10,2.4704509560093475e-13,1.3160152687612372e-13,2.1229797930663214e-8,-6.7764781257449635e-15,-5.570623038925811e-14,-6.33400683477484e-12,5.284299342749142e-10,-1.0237269286231441e-12,2.8645839316774966e-9,1.5562193236231705e-14,8.864535931150813e-5,-9.85994533983751e-7,1.313262168154963e-13,-1.0540853504592295e-13,8.78278925237143e-8,-3.973083010291144e-6,-5.528400435384325e-12,1.0884107851981032e-8,5.6897119205404316e-11,1.8152321829437915e-6,-1.982820148284582e-5,4.139304135171539e-12,-0.00010031003911138291,-6.260609913629282e-14,-1.387975022623919e-7,1.4716168270985573e-13,4.053990008441104e-8,-3.2705534149222946e-13,-5.084306315150133e-8,4.249185867610795e-11,5.977458380693088e-7,-5.390483463214893e-13,1.5138257751966075e-7,0.0002882839198603277,-1.044419130699233e-12,1.748103644720915e-10,3.6693602331082123e-13,-8.883953760429978e-11,-0.00021217986768248438,-2.0120481372460211e-13,-3.018235279988285e-8,6.328204414942455e-13,-4.7141295102766126e-7,-5.597183380245922e-14,1.1859605284016925e-8,1.349668745643804e-12,-2.0308812694641274e-10,-3.143615070749085e-15,-4.514721634995606e-9,4.1641327365599136e-13,-1.6201498727947277e-13,1.29509383731691e-13,-1.8033086717430826e-10,-5.989691793202477e-15,6.384826654721709e-14,-1.4884177775472926e-13,-1.0521619699959561e-10,1.4191942091774353e-5,-6.932469711476287e-10,-1.0052785351927918e-13,-4.986533225968198e-13,-9.52281490552678e-12,-1.9701469432468678e-7,-1.8980582054356255e-13,-2.2085011574598128e-5,5.721280981338784e-13,4.10694560643374e-13,-3.182667774646778e-9,1.1068373780497335e-11,2.8762912975401227e-13,7.472581202905917e-13,2.8472332291464706e-11,9.740434642099903e-7,-6.932509664022065e-9,1.3660705892163046e-13,5.62866168037874e-13,-0.00013189637952671477,-3.599438903294713e-13,8.291760011644727e-12,-1.979737935104852e-7,-1.0427063388776828e-14,-1.9733492680223727e-13,6.956523700701809e-6,2.9786896235413473e-13,-4.653145572885852e-8,-9.832163992135259e-12,-1.3907317190615664e-13,1.7635193483337032e-14,2.7895377504012383e-6,-4.477678418348959e-13,3.9236408721626966e-5,-6.06115211780186e-13,1.192947342704683e-13,-3.728479150007314e-5,-3.700746092033826e-13,-5.589285968367674e-5,-8.358653734289013e-8
0.0,0.0,0.0,0.0,0.0,0.0,0.0,0.0,0.0,0.0,0.0,0.0,0.0,0.0,0.0,0.0,0.0,0.0,0.0,0.0,0.0,0.0,0.0,0.0,0.0,0.0,0.0,0.0,0.0,0.0,0.0,0.0,0.0,0.0,0.0,0.0,0.0,0.0,0.0,0.0,0.0,0.0,0.0,0.0,0.0,0.0,0.0,0.0,0.0,0.0,0.0,0.0,0.0,0.0,0.0,0.0,0.0,0.0,0.0,0.0,0.0,0.0,0.0,0.0,0.0,0.0,0.0,0.0,0.0,0.0,0.0,0.0,0.0,0.0,0.0,0.0,0.0,0.0,0.0,0.0,0.0,0.0,0.0,0.0,0.0,0.00043612389156491923,-8.213197744832703e-13,-4.2133608714176495e-5,-3.198510104449854e-15,-4.3749044219594143e-13,4.7324486532549e-12,-1.7298518924474458e-12,-1.5068168492336728e-9,-1.9914061171986548e-13,1.1949458889241902e-13,1.8510983594676046e-13,-2.874147513692578e-10,-8.514514623732988e-9,3.699119507233872e-9,5.739926708269412e-7,1.99230835802309e-11,-7.146009355559502e-13,4.917608013766956e-14,9.276333259600363e-13,3.127450160046964e-12,-1.9527635643360125e-12,-1.0196539769412375e-12,7.214785629033053e-8,-6.089438667391638e-6,-9.033030517867117e-12,-1.3615409609981924e-12,-7.43092568829257e-14,3.267267065982108e-9,-3.661534038831606e-11,6.869453403427998e-13,2.1695360912769798e-13,-0.00011489218992692501,1.5288336257436066e-6,-3.0656846981759194e-13,-0.00012156815182797284,-6.157144389208088e-14,6.89393719135629e-11,2.631417226126682e-7,-3.755227320757047e-8,4.181999421327377e-8,-2.4925230981044394e-13,6.779993821949403e-5,3.261658943799854e-13,1.8693587853089833e-12,-1.945791732820837e-11,0.00028842658089943667,-4.832922364847536e-7,-2.029524409781956e-5,3.8408906472600896e-13,5.955884834666605e-12,-1.2692477537318638e-8,-2.3542130496676597e-10,-1.2529617596271645e-12,4.519874469496086e-12,1.0244622742042214e-6,-6.8468543003936916e-9,2.914988415200289e-13,-3.4033143745049297e-14,-8.781119323772917e-13,4.439401896193063e-6,1.0797077784126443e-13,2.7217688617190742e-12,3.329552018522654e-11,-1.1919596587909669e-12,9.73983410062505e-14,-2.1400031567151462e-13,-4.780502894110902e-12,3.7098685927234097e-13,-4.062107248444168e-14,-5.202776236801113e-13,1.5371386554782696e-13,-8.354427273219107e-12,4.3904760498325273e-13,-6.002568338288192e-13,5.266317355983594e-10,7.973599543282387e-6,-2.9868874051603894e-13,-1.0473643935012139e-13,1.1315464755803384e-7,5.372309365338517e-5,-6.4548456377312e-14,-8.18795798692771e-10,-3.67728628555668e-13,1.814125534942749e-13,3.6488391050108e-5,-1.241091064526921e-7,-8.370466492985118e-13,-4.188334334902229e-14,-5.409433733978446e-14,3.7274200344335306e-11,5.375701994466798e-13,1.9825837941436964e-14,3.1962126491500437e-12,-4.7100878867966386e-9,-3.543651201277318e-9,-7.302937990230282e-14,7.191750593506729e-5,6.420657084408168e-13,-4.360237112426845e-13,2.5836518570049786e-10,4.156667994084537e-13,-2.5725377570742358e-12,1.1255804871297915e-7,9.136705450913737e-13,1.9246337144975495e-13,1.0315885063384523e-10,5.4342916095585e-13,-9.458074083997535e-8,-6.115735795864199e-13,-2.989606041190792e-13,-1.3804144804356222e-9,8.647710264680477e-14,3.663324032458314e-8,-2.9673694547468383e-12
0.0,0.0,0.0,0.0,0.0,0.0,0.0,0.0,0.0,0.0,0.0,0.0,0.0,0.0,0.0,0.0,0.0,0.0,0.0,0.0,0.0,0.0,0.0,0.0,0.0,0.0,0.0,0.0,0.0,0.0,0.0,0.0,0.0,0.0,0.0,0.0,0.0,0.0,0.0,0.0,0.0,0.0,0.0,0.0,0.0,0.0,0.0,0.0,0.0,0.0,0.0,0.0,0.0,0.0,0.0,0.0,0.0,0.0,0.0,0.0,0.0,0.0,0.0,0.0,0.0,0.0,0.0,0.0,0.0,0.0,0.0,0.0,0.0,0.0,0.0,0.0,0.0,0.0,0.0,0.0,0.0,0.0,0.0,0.0,0.0,0.0,0.00042835876276847327,2.6841575747626794e-11,9.905385069887308e-5,-2.679833775570884e-13,-1.244384709023037e-13,1.2594524486383857e-13,6.504183396748296e-7,-8.481633934050138e-14,4.011413526988674e-13,4.226038644837662e-14,-2.3995769234620715e-13,9.916793998720275e-8,3.3764868793481607e-13,-4.652047243387261e-14,-1.2559814401617492e-12,2.9135716864052205e-6,5.517826924982339e-13,2.9227408835641397e-14,-0.0002396244362241182,-1.3526580197272505e-13,-1.8618380706187375e-13,4.713636069112346e-13,-1.0710850105420222e-13,1.5506809694912075e-12,-3.332940144328496e-5,-8.66863807356934e-14,-2.461158289367901e-7,1.042474434711603e-5,-5.722887477151384e-13,-5.240606316294041e-14,2.9388332339362694e-12,-1.4483341277869755e-10,5.015026691403058e-8,-2.307135706742235e-13,-6.72369756317679e-7,-5.4244108587385275e-6,-7.251183530710586e-10,7.167459563731555e-13,-3.446182884720154e-9,-1.0835281370043795e-13,-4.128453612563555e-12,1.593417238301745e-13,-7.162147856146132e-5,-7.881703145649753e-13,-1.195961469005779e-12,-1.0044246744680154e-12,2.2621976679461744e-11,-6.471038615314629e-14,-1.2266644144699134e-5,5.8392743075513045e-9,-2.5942038911583365e-13,-2.060460024254834e-6,2.997365162156385e-14,-1.5110599444102732e-13,4.806624185787474e-8,9.973394674160453e-14,0.0002898073289557477,2.7999649064968477e-13,-1.8195887830761012e-11,6.870337621135589e-14,-0.0001356556257385702,1.537692025348861e-12,2.371503588109822e-6,3.9324138407957255e-14,5.2500997485387124e-5,6.555348131276644e-13,-6.99565469265185e-14,4.752584246220584e-14,2.0876119297590234e-6,2.920467435883992e-14,5.311172273885348e-13,2.6431530886750803e-13,1.2129834764910856e-6,-1.3102084608014602e-6,-6.626808472729178e-13,-2.1630347829721945e-13,-1.5923953534932755e-13,1.6116220313788327e-13,-7.033035440672246e-12,-1.8345965499320098e-13,5.3057217591203e-7,-1.8570437361278197e-13,-2.0950603389534413e-14,1.0561041962878924e-12,3.4612850554104816e-13,-7.50119904025082e-14,1.5967186799687228e-14,-3.406960195872821e-7,-3.916741812477715e-6,8.052519826476568e-5,-9.651424373750115e-14,4.969690256897932e-13,9.204295955194583e-8,-7.13069440220917e-13,-9.236642315662226e-8,-5.0298876654790865e-12,1.1173043071553356e-13,8.138502148583159e-14,-1.034959518704129e-6,9.267411347093641e-14,0.000265072562875592,-1.8436772612671446e-13,1.137769931041207e-13,1.0046929575989043e-12,-5.420689363428276e-7,5.240501590808972e-13,1.4266107027047333e-9,6.923036788403054e-13,-3.68426336171118e-14,3.610017498699725e-7,-2.0334957703503548e-13,-1.9764585368272517e-9,3.217484002856409e-5
0.0,0.0,0.0,0.0,0.0,0.0,0.0,0.0,0.0,0.0,0.0,0.0,0.0,0.0,0.0,0.0,0.0,0.0,0.0,0.0,0.0,0.0,0.0,0.0,0.0,0.0,0.0,0.0,0.0,0.0,0.0,0.0,0.0,0.0,0.0,0.0,0.0,0.0,0.0,0.0,0.0,0.0,0.0,0.0,0.0,0.0,0.0,0.0,0.0,0.0,0.0,0.0,0.0,0.0,0.0,0.0,0.0,0.0,0.0,0.0,0.0,0.0,0.0,0.0,0.0,0.0,0.0,0.0,0.0,0.0,0.0,0.0,0.0,0.0,0.0,0.0,0.0,0.0,0.0,0.0,0.0,0.0,0.0,0.0,0.0,0.0,0.0,0.00041649860901945266,-1.8853141036918603e-12,-7.47642447053609e-14,-5.231020973458764e-14,7.349256643238977e-13,2.1408990260876837e-8,-9.897901665960149e-13,9.733055135414988e-13,-2.832181012379289e-13,-1.0853833145198487e-11,1.2099813820708212e-7,1.1142936434102331e-10,1.7436274211361593e-8,2.0237321648430484e-12,2.531344078913545e-13,1.6853971261191693e-12,-1.3558635028599969e-13,5.1067019662027516e-12,-1.8959484922267933e-12,-1.5036059863739335e-12,2.194384333349328e-9,-1.849479651587521e-7,-1.5574991819456802e-12,-1.8449187107849895e-12,-1.904243020292563e-13,-4.641969691725005e-8,5.199693336647413e-10,5.863791859224749e-13,1.778265564829661e-13,5.95701053823697e-5,-2.1720089020741196e-5,1.3599790388293894e-12,-3.438360452813747e-6,6.527226997618563e-13,-9.565965853489302e-10,-3.7395017206205468e-6,-1.1366788655211414e-9,-5.94288805026769e-7,-3.3923000025043473e-14,-0.00010421669264131746,1.6629511210960992e-13,-1.7729340232126564e-11,-1.7373953565830525e-12,-1.2190286238390122e-5,-1.4679402620669954e-8,0.00024349159224260126,6.731935374144398e-13,-7.784613731205254e-11,1.8043550032240403e-7,-9.64113956465512e-12,1.688706182176264e-12,-4.4016362814411294e-13,3.111889174937387e-8,9.727068549785212e-8,-4.90028484847638e-13,-2.8218318253506302e-12,-3.0128385208259704e-13,-6.158281010917508e-5,-3.4510189414153057e-13,3.0166580417556147e-12,1.7020574007456688e-12,-1.0596502636483267e-13,8.035342780511925e-14,2.9048700777466825e-13,-8.91995146959571e-13,-2.1915390574751983e-13,4.777797670630377e-13,2.786813931482564e-14,1.694776916932043e-13,-1.4182734917606373e-12,2.6706438560482917e-14,1.9713260241905165e-12,-7.48113096274445e-9,2.4216114453847733e-7,-4.268650161577744e-15,-1.676795768413549e-13,3.4387346581083586e-9,-0.00014876044270231668,5.964844766966242e-13,1.1637500909194353e-8,-1.4589364041016789e-12,-5.512452436556025e-13,1.100720130624372e-6,-3.771480168600268e-9,-1.2689682795275654e-12,-1.209590507896656e-12,7.8957818844297e-13,-5.109222884681192e-10,-6.329885275235995e-13,-4.056307816311781e-13,5.963222213659483e-13,6.692401311223285e-8,-1.0607428977625384e-10,-2.20676459934831e-13,-0.000149696449335341,-1.298358024018908e-13,-4.3888570276059615e-13,-3.667972107597413e-9,4.892437004902399e-14,7.107473292280691e-12,3.4185936466635225e-9,9.665650109016471e-14,-1.8061038952902571e-12,-1.468859781906067e-9,-7.695792166194046e-13,1.344079816420431e-6,-2.4472067763390545e-12,-6.615380550190346e-13,1.9631036342947322e-8,-1.5710711190630775e-13,-5.205688810706189e-7,4.2302930028717834e-11
0.0,0.0,0.0,0.0,0.0,0.0,0.0,0.0,0.0,0.0,0.0,0.0,0.0,0.0,0.0,0.0,0.0,0.0,0.0,0.0,0.0,0.0,0.0,0.0,0.0,0.0,0.0,0.0,0.0,0.0,0.0,0.0,0.0,0.0,0.0,0.0,0.0,0.0,0.0,0.0,0.0,0.0,0.0,0.0,0.0,0.0,0.0,0.0,0.0,0.0,0.0,0.0,0.0,0.0,0.0,0.0,0.0,0.0,0.0,0.0,0.0,0.0,0.0,0.0,0.0,0.0,0.0,0.0,0.0,0.0,0.0,0.0,0.0,0.0,0.0,0.0,0.0,0.0,0.0,0.0,0.0,0.0,0.0,0.0,0.0,0.0,0.0,0.0,0.00040278628409302946,1.3618457632961894e-13,-1.1664420300278071e-12,-4.5982521370337414e-14,-4.774875869900629e-8,-1.7251195731747129e-13,-4.283009092181312e-13,3.00143546634133e-14,-3.2569733373236815e-13,-7.281756088953558e-9,-4.657774623799949e-14,1.410144543316909e-13,5.726002093279984e-13,1.7011067249743806e-5,5.859534351673821e-14,-1.401528758059484e-13,-0.00018442936237394577,6.083976163984158e-13,-1.7524606116189845e-13,1.1093664763194645e-13,-1.3288984425497733e-12,2.4900667985050064e-13,-0.00018810420995919792,3.336784613083712e-14,1.806821694384099e-8,-7.652332146457755e-7,-1.7896048081830025e-14,-2.2280911571087034e-14,4.263971819203513e-14,9.362357007313127e-12,2.928235716875004e-7,-1.2474005381947493e-12,-3.925805410292513e-6,3.9819270935135586e-7,5.2854863684347555e-11,3.475068535729569e-13,2.508278673246556e-10,1.349173220330124e-13,-7.431888234111342e-13,-8.656750680411457e-14,4.965683417283674e-6,-3.4772090796459266e-13,6.217855336269839e-13,1.6839896275110008e-12,-1.2450317569560291e-12,1.389928241603778e-13,8.999326287174453e-7,-4.2636973974559417e-10,6.895828084180921e-13,-1.2027553759369101e-5,-4.921959992807556e-13,-6.346687742564534e-13,-3.5288764729440087e-9,5.728155863853746e-14,2.09248228178955e-5,-3.877444918918519e-14,1.014525366375686e-12,-9.768028459196544e-14,-0.0001671597920993156,-5.528797062052839e-13,1.3846341490757324e-5,-1.747631323069947e-14,0.0002509555378253744,4.224311222439891e-14,-1.191411641588222e-14,-9.761257270783855e-14,1.218827051218081e-5,-9.45711958604017e-14,-2.397857287338079e-13,-8.19521074537441e-14,7.081707422764912e-6,9.617998225831099e-8,-1.393537078592457e-12,3.2976287177699984e-13,-1.3503191186359572e-13,4.71644747295422e-14,2.4523392023407824e-13,1.0062935529791134e-13,-3.8948239385612966e-8,7.110164407987672e-14,9.726704018535814e-14,9.698542214246463e-13,-3.598406416277161e-13,1.4856527597563746e-13,-3.5205157330253193e-13,-1.989230247144318e-6,2.875173638751419e-7,0.00035652061663166764,8.462055559810431e-14,-5.661914770362687e-13,-6.758145517406295e-9,-1.9554117312070658e-13,-5.393300485707409e-7,-9.711532749059573e-13,-2.2951425863019622e-14,-2.2174060481116105e-13,7.597396613336888e-8,-7.529629868596866e-14,-1.1654406456947461e-5,9.464357475373566e-13,1.536473264370013e-13,1.220075932394474e-13,3.979295466962601e-8,-5.42928858186755e-13,-1.0572327964165214e-10,2.3511832510465017e-13,9.698748017526851e-14,-2.6498676459024343e-8,6.702773487071399e-14,1.4362774694739602e-10,-2.347969491963122e-6
0.0,0.0,0.0,0.0,0.0,0.0,0.0,0.0,0.0,0.0,0.0,0.0,0.0,0.0,0.0,0.0,0.0,0.0,0.0,0.0,0.0,0.0,0.0,0.0,0.0,0.0,0.0,0.0,0.0,0.0,0.0,0.0,0.0,0.0,0.0,0.0,0.0,0.0,0.0,0.0,0.0,0.0,0.0,0.0,0.0,0.0,0.0,0.0,0.0,0.0,0.0,0.0,0.0,0.0,0.0,0.0,0.0,0.0,0.0,0.0,0.0,0.0,0.0,0.0,0.0,0.0,0.0,0.0,0.0,0.0,0.0,0.0,0.0,0.0,0.0,0.0,0.0,0.0,0.0,0.0,0.0,0.0,0.0,0.0,0.0,0.0,0.0,0.0,0.0,0.00039616129490089425,-7.96026770151922e-6,5.996756577413746e-7,1.656948670494155e-13,1.968566199032646e-8,-7.012661346066549e-6,9.789769140240774e-11,9.351329390282399e-8,3.449390777558176e-13,-7.139214866795904e-9,-4.501446562602287e-11,-1.0874425825327912e-6,-7.503410542969403e-14,-0.00021260847267717695,-7.756684688534739e-9,-2.9280930123360235e-13,1.662539618205054e-5,-2.2560061115489697e-7,-2.3533772126210056e-10,1.775966705920969e-12,3.2167700588356284e-6,3.3838612861530103e-13,2.696049485119995e-9,6.175366739335445e-13,4.425752052435552e-14,-0.00015293463491940643,-1.9850726993072733e-10,-1.875455073076896e-12,1.451060296290055e-13,1.856753901843168e-13,1.9249641163289026e-12,-2.9489925760275995e-13,2.1075154135093193e-13,-4.0621588450216257e-13,3.66448640608175e-10,2.2225012817391072e-13,-1.9224061433849305e-11,-7.00145703612946e-13,2.730908493465924e-10,7.379183732495917e-14,1.9875404134552223e-7,1.0370434525518005e-12,7.35270979971119e-12,-7.545119634641087e-13,-1.4133839803482427e-8,-1.2329862468870337e-13,-4.412118919415895e-13,4.5076110515594905e-8,-2.823764990004706e-13,-5.145906424971067e-6,-3.226073136512594e-12,-2.5939198393290306e-14,-4.4738882241000716e-10,2.1577710918037548e-14,0.000266101429711149,8.054807861551978e-13,1.1218441454603559e-8,1.3736227070590002e-13,-6.874634653935761e-8,2.44432544607162e-13,-1.579316012042401e-12,-1.1982793617790802e-13,2.583662617882257e-6,4.801618530083588e-11,2.0848778026207592e-10,-1.743071698713044e-13,3.5302153372367615e-12,3.2065215646575123e-6,-2.4343340972514535e-10,-2.26623381597663e-13,4.2712927727478264e-13,-5.173200774997894e-13,7.561472428407589e-6,1.6591250880948136e-8,-1.7657717320964393e-10,-1.6547403294068392e-13,3.256873491963877e-7,-2.8759162678745765e-13,0.00036526473573212124,-4.215001324371228e-9,-5.651147507993685e-13,4.893830000476773e-11,-1.2017749427583107e-5,-5.49596464498649e-7,-1.4023063432459834e-14,2.830336928285745e-13,-1.4440059546852145e-13,1.4326264277566807e-9,-2.621877875552795e-6,4.103710760025775e-13,1.1600332737982186e-9,9.846016327677238e-14,-1.6013966889761922e-12,7.985523217451074e-11,-1.4063833416999972e-5,-1.875144031859136e-13,1.1342527436592057e-10,4.464788702273947e-13,-2.5305756996946135e-10,2.8004077162876305e-8,1.4836143444069843e-5,-5.714564601355919e-13,2.4833363041025574e-5,-1.2862155932005015e-13,4.743413327629523e-7,-2.4483621943510113e-11,1.1074203573324529e-13,-7.2673412613980255e-9,4.400332542986254e-13,1.9890221908566222e-13
0.0,0.0,0.0,0.0,0.0,0.0,0.0,0.0,0.0,0.0,0.0,0.0,0.0,0.0,0.0,0.0,0.0,0.0,0.0,0.0,0.0,0.0,0.0,0.0,0.0,0.0,0.0,0.0,0.0,0.0,0.0,0.0,0.0,0.0,0.0,0.0,0.0,0.0,0.0,0.0,0.0,0.0,0.0,0.0,0.0,0.0,0.0,0.0,0.0,0.0,0.0,0.0,0.0,0.0,0.0,0.0,0.0,0.0,0.0,0.0,0.0,0.0,0.0,0.0,0.0,0.0,0.0,0.0,0.0,0.0,0.0,0.0,0.0,0.0,0.0,0.0,0.0,0.0,0.0,0.0,0.0,0.0,0.0,0.0,0.0,0.0,0.0,0.0,0.0,0.0,0.0003957328221719001,3.583271894368057e-9,-6.805123486558854e-14,1.1544151715183503e-10,-4.189646986361163e-8,6.075889630787605e-13,-6.576280813081439e-6,1.7735173482363238e-13,5.021599610263895e-7,3.157350574263364e-9,7.62761945854586e-5,2.980551005020138e-13,1.4631729582171168e-5,-4.6240056569234523e-11,-3.743402451712236e-13,-0.0002056134705654088,-1.3513921011300285e-9,1.6639709339900344e-8,-1.8176767824418416e-10,-0.00021946665126637623,-5.126356926776567e-13,1.6966556370278732e-11,4.978604756183969e-13,2.3697099843939556e-13,-8.508208674218368e-7,-2.0812668507860436e-12,2.760453800831625e-13,1.537983669929511e-12,-1.1223962582123064e-13,-4.819770490772935e-12,2.155728603251094e-14,-1.4023973989392821e-12,-1.5297219054076987e-12,-2.5821496634108173e-8,-8.93175716894648e-14,-5.294041966299056e-13,-1.9570986705791848e-12,2.3449262514770813e-12,6.285660490600526e-13,-1.3974192890642658e-5,1.4158195514005588e-13,-4.1294288255655386e-10,-1.527631025756484e-12,-8.359944523537487e-11,2.249064312571407e-13,1.968209317229357e-13,-3.1700566714219156e-6,3.216056730688058e-13,0.00030094399872539283,1.8897424785779723e-10,2.1603667690631497e-13,-2.080777608446913e-12,3.026208231694578e-14,-1.7001318124852038e-6,-1.1615283951261534e-12,6.513378504348427e-11,-1.134496817468273e-12,4.834592019183221e-6,1.3394629391144734e-13,6.05864102985825e-14,2.479466476767751e-13,-0.00017236254040919408,-1.4397340709368483e-12,1.5975738898457894e-12,3.5521411223872963e-13,8.600553917318103e-13,-0.0002168144468934204,-2.703450398413892e-12,7.529545063693677e-13,3.817718390921852e-13,3.900296898939393e-11,4.517374630524538e-8,9.706034002465524e-11,1.244508954850854e-8,-5.555730922637185e-14,1.9440229769309743e-9,7.136322104060191e-13,-9.109828761459013e-7,-2.274704472616368e-11,6.606687511359126e-12,-3.4578509485546168e-9,2.5484284602540786e-5,-3.2834946041973163e-9,2.122464645226376e-13,-3.341539965450024e-13,4.0322530394128227e-13,9.17248886036528e-12,0.00016223776784694263,-5.074369272810809e-13,-8.150391991405666e-8,-8.230899819043238e-14,-2.0665477437603095e-12,-2.1736204313369058e-13,-8.396099427116513e-8,-2.6968844595729587e-13,-9.599978819545732e-13,9.552474465996757e-14,1.7829470261280737e-8,1.6737147880173336e-10,-0.00011387379178921809,-3.876657666662548e-14,-1.1871728576169737e-5,-4.794410249473826e-13,-1.9872621114159316e-6,-1.34169174150372e-13,2.430671783062593e-13,-4.3611549112666104e-11,-5.148893306456146e-13,4.613328218175269e-13
0.0,0.0,0.0,0.0,0.0,0.0,0.0,0.0,0.0,0.0,0.0,0.0,0.0,0.0,0.0,0.0,0.0,0.0,0.0,0.0,0.0,0.0,0.0,0.0,0.0,0.0,0.0,0.0,0.0,0.0,0.0,0.0,0.0,0.0,0.0,0.0,0.0,0.0,0.0,0.0,0.0,0.0,0.0,0.0,0.0,0.0,0.0,0.0,0.0,0.0,0.0,0.0,0.0,0.0,0.0,0.0,0.0,0.0,0.0,0.0,0.0,0.0,0.0,0.0,0.0,0.0,0.0,0.0,0.0,0.0,0.0,0.0,0.0,0.0,0.0,0.0,0.0,0.0,0.0,0.0,0.0,0.0,0.0,0.0,0.0,0.0,0.0,0.0,0.0,0.0,0.0,0.000393643786745468,4.1195645883198276e-13,1.856624838561942e-5,-4.3548184136647306e-5,9.258838362160238e-8,1.8504605312224007e-11,-5.591392147573945e-13,-7.159423834758136e-13,-6.609850244843491e-13,-2.0250327084326515e-10,-3.921671432618217e-14,8.884295234797875e-8,-7.31769803770701e-6,-4.030881028258662e-14,-5.649588728918777e-9,-0.00020502307828576598,5.581952611668209e-13,1.5149711701034737e-12,5.451576135434612e-10,1.1111222237479685e-13,2.545938862038035e-6,2.558913838570394e-13,-5.148276913728025e-13,-7.776429310521353e-7,-1.869443684898386e-7,-7.292635116093134e-14,-2.2925581911474296e-13,-9.562731752537827e-14,7.844988869049306e-13,1.0517513238663742e-13,3.393971462981917e-13,-1.812637918388423e-13,-3.250332157589503e-13,-3.336152600312051e-13,-1.8023239561134246e-8,3.399547561161981e-13,2.567220071603581e-7,2.3123497879951703e-13,3.715354400756508e-11,5.963009786901379e-13,-1.7078297422555985e-12,-2.1770973182194656e-13,-1.3327825353461072e-5,-1.8577102521463712e-13,-5.725755891422339e-13,9.535164221745234e-12,-1.0185772728590495e-13,-4.1131888367750056e-10,5.798176051766267e-13,-5.053079488526347e-13,-4.2448623162152636e-7,-2.178496251123426e-13,-6.23346802052035e-8,-2.3367808859067477e-13,1.0580679687197282e-5,-4.3928108181394004e-14,-1.3284484020973506e-11,2.5092455995949707e-14,-2.0008199406251176e-9,1.628036531099935e-13,4.020419060723974e-10,4.636631668070659e-8,1.9689551264790283e-7,-7.929148800088849e-14,2.8182674400945763e-9,5.236160657795353e-10,-2.3099138137468713e-7,-1.1273674392313888e-13,-7.405035824876598e-13,-2.2906528319905987e-13,6.097081444504334e-6,1.5648251553554313e-5,-6.044106295108656e-13,5.597329218009625e-13,0.00025021538327435163,4.124959828938631e-13,-4.8450048762461633e-8,-3.97571375153971e-6,1.0429153597768972e-13,-8.006003708142991e-13,5.202055936407555e-9,-7.36899638066435e-5,1.4167212215602359e-14,8.766540298186513e-14,1.4278689440422953e-13,1.3522304412359094e-6,-2.9104859732996336e-10,-3.1452764980028716e-13,6.017856187126453e-13,1.4060141578961367e-13,1.1945576942105819e-12,7.529371282670814e-8,-2.282873394933612e-6,-4.030242089951576e-13,1.0721707585687749e-7,-3.5341628114554653e-13,-2.0994799464018842e-13,2.633569604297051e-5,-5.680024032697962e-9,-4.676930617755646e-13,-1.1059999154050624e-8,9.15162447910786e-14,-1.9790010079583338e-10,-2.2186174356570854e-8,5.216336737905969e-13,-6.855110195702551e-6,-8.274669639672705e-14,-8.961513369443654e-14
0.0,0.0,0.0,0.0,0.0,0.0,0.0,0.0,0.0,0.0,0.0,0.0,0.0,0.0,0.0,0.0,0.0,0.0,0.0,0.0,0.0,0.0,0.0,0.0,0.0,0.0,0.0,0.0,0.0,0.0,0.0,0.0,0.0,0.0,0.0,0.0,0.0,0.0,0.0,0.0,0.0,0.0,0.0,0.0,0.0,0.0,0.0,0.0,0.0,0.0,0.0,0.0,0.0,0.0,0.0,0.0,0.0,0.0,0.0,0.0,0.0,0.0,0.0,0.0,0.0,0.0,0.0,0.0,0.0,0.0,0.0,0.0,0.0,0.0,0.0,0.0,0.0,0.0,0.0,0.0,0.0,0.0,0.0,0.0,0.0,0.0,0.0,0.0,0.0,0.0,0.0,0.0,0.00039009144492346647,-3.3458061575766533e-13,1.2292995116464192e-12,7.512129819715481e-14,1.11260502635576e-13,8.38589888018996e-5,-2.642883888863054e-13,1.8517671304533171e-13,1.0298223332797828e-12,6.211334464403751e-10,3.1190465805202597e-13,2.2846759612750455e-14,8.866723682839727e-8,3.1746290990458e-13,7.677504664424083e-14,-1.1649145376518177e-12,2.3132418903772305e-12,-1.6358149532363631e-15,-6.3378668721737956e-9,-1.8067300607462185e-13,-0.00020254782797399996,1.3371322112431964e-5,2.523671960845113e-13,-1.6398682019590646e-13,-9.854080789786887e-10,-1.2223147181310898e-7,1.0143453275562296e-11,5.765616038528909e-11,-1.4350745718230045e-10,-2.4635974721311853e-5,-6.153818658580259e-7,8.828295860005393e-13,-2.921178949211581e-6,1.0213071162982364e-13,1.669121023422767e-9,9.602785566228542e-14,-4.305094996855316e-7,-1.7170149046813776e-14,2.0724717257892443e-10,1.947857129199129e-13,5.13128618213217e-9,-1.5919378783293095e-14,-2.0351610516752223e-6,4.9499173923055885e-6,3.4719148662390043e-13,-4.381890391609366e-10,3.8454072905452146e-13,-1.0564955299073799e-12,4.069760580075961e-5,3.7266843233295316e-14,-7.077932418025781e-8,7.910576456221469e-13,-1.124858700869817e-8,-7.387655779243405e-14,4.471089321384753e-8,-2.0900654295465964e-13,5.061800035243812e-10,5.955569413391912e-14,4.517208645909097e-9,-2.742333540811813e-13,1.7900773945089216e-13,7.062314182902199e-14,4.4387546290509875e-10,2.7031161760908353e-14,-3.8147086112876884e-13,4.8343764837172946e-14,2.6023751408012296e-10,-0.00018693222971286394,-3.408602013897468e-12,1.170720640396357e-13,-1.2242147536603933e-13,2.89308916051643e-13,2.2485027014654463e-9,-5.94693835767698e-13,0.0002480699340825219,2.779784174715383e-13,-1.3849717465769175e-13,-1.884410501124535e-11,-4.088308008926149e-13,-6.308060309972121e-13,-7.720035012677343e-14,-7.257010956191679e-11,-1.3218699451362619e-5,3.504078700990815e-9,-2.0442596393841426e-13,3.109643022312583e-13,7.764555390572305e-5,-7.119674423381994e-13,-1.980834155954208e-11,2.3418543628005897e-9,1.4519052384347262e-13,-1.4457623270417713e-13,-9.304337034168696e-5,1.9342629745132673e-13,1.8847547094348484e-7,-1.0390841514935035e-13,3.0902074557835906e-13,5.283645967390264e-13,-3.7501593704900495e-5,-9.19427822433869e-13,1.2108708609140278e-6,-2.737893863246136e-14,1.480710250289546e-13,0.00025981694731885564,-2.3202511042005726e-13,-1.6748126555359426e-6,1.081114603946231e-6
0.0,0.0,0.0,0.0,0.0,0.0,0.0,0.0,0.0,0.0,0.0,0.0,0.0,0.0,0.0,0.0,0.0,0.0,0.0,0.0,0.0,0.0,0.0,0.0,0.0,0.0,0.0,0.0,0.0,0.0,0.0,0.0,0.0,0.0,0.0,0.0,0.0,0.0,0.0,0.0,0.0,0.0,0.0,0.0,0.0,0.0,0.0,0.0,0.0,0.0,0.0,0.0,0.0,0.0,0.0,0.0,0.0,0.0,0.0,0.0,0.0,0.0,0.0,0.0,0.0,0.0,0.0,0.0,0.0,0.0,0.0,0.0,0.0,0.0,0.0,0.0,0.0,0.0,0.0,0.0,0.0,0.0,0.0,0.0,0.0,0.0,0.0,0.0,0.0,0.0,0.0,0.0,0.0,0.0003737716801085569,6.573389594003824e-7,2.6673485816000604e-6,-2.7186522348009783e-12,1.4319719542773173e-13,1.3611638255919943e-13,1.894144245041653e-13,3.4695972868933552e-12,1.5249973784915287e-13,-1.3380818109346568e-9,-0.00020475560115444059,-8.9305437415992e-14,8.55649617544583e-11,-3.052541242585588e-5,-1.1400341312306213e-12,-4.809517354948855e-13,-9.051746081893635e-12,-1.9163992804539693e-13,7.313879162063238e-5,1.5912455652556235e-13,1.0851836190759217e-13,1.1746351456785328e-8,-5.385656942137584e-6,-1.1376117372209528e-12,-1.1588902409802324e-12,-6.344797657970449e-14,8.09868420227683e-13,-2.5633510807400083e-14,-3.652633465622908e-14,-1.985192123095298e-13,-3.6854872279420986e-13,-3.3166479656372247e-13,-5.19209885386981e-7,-6.251370772646519e-13,7.395664825201386e-6,-1.4246035566449732e-13,5.543542414501411e-13,-3.362076646507525e-13,-1.3930246994365092e-13,-5.1306958805472236e-14,-6.14840323898122e-5,-2.888954823835596e-13,-3.057556703678526e-13,-1.286352666271606e-12,1.278219237417197e-13,7.770085258169373e-12,8.261280046158298e-13,1.1377894386543917e-13,-1.2226882074908181e-5,3.576962743493616e-15,9.398329161916477e-10,-5.736390397715627e-14,0.00025323896410172145,-8.561563164815393e-14,-1.663937571367783e-12,2.3103459931910717e-14,-5.770049202330618e-8,5.945285321192375e-14,-7.558648795495247e-12,1.3356994489832785e-6,5.67237659515435e-6,2.555470267229215e-13,8.115715481676231e-8,-9.216832075640266e-12,-6.653931600551361e-6,1.3802153744144865e-13,-1.0266338567475196e-13,-2.5410427318729906e-13,-9.20880481694837e-8,0.00034631394402268186,-5.723940558831703e-13,-7.097137678241549e-13,3.3997242524397902e-6,-1.2452572322985675e-14,7.297588126379752e-10,-0.00011268002514354982,6.084058723313682e-14,1.3609382457865964e-13,-8.007530535751375e-11,1.0566332619775807e-6,-4.598840884701262e-15,-1.0934096524845504e-13,-3.272736396172474e-14,3.8897395623075645e-5,4.058723694005543e-12,5.5675642731376136e-14,1.4911580979986874e-12,-7.319362144775678e-14,-7.03945818715188e-13,2.1690731775277334e-6,3.44809370089174e-8,-5.516101581768083e-14,3.0888244595491068e-6,-7.40809927507326e-14,3.0486473535127086e-13,2.7694962293843845e-5,8.644224511348986e-11,1.7811164424211933e-13,1.6464382333728233e-10,3.6798107669921535e-13,3.325027320158913e-12,-6.392594295249711e-7,8.707140661058648e-14,-0.0001873143948465355,-2.523341712876648e-13,-9.04106894056001e-14
0.0,0.0,0.0,0.0,0.0,0.0,0.0,0.0,0.0,0.0,0.0,0.0,0.0,0.0,0.0,0.0,0.0,0.0,0.0,0.0,0.0,0.0,0.0,0.0,0.0,0.0,0.0,0.0,0.0,0.0,0.0,0.0,0.0,0.0,0.0,0.0,0.0,0.0,0.0,0.0,0.0,0.0,0.0,0.0,0.0,0.0,0.0,0.0,0.0,0.0,0.0,0.0,0.0,0.0,0.0,0.0,0.0,0.0,0.0,0.0,0.0,0.0,0.0,0.0,0.0,0.0,0.0,0.0,0.0,0.0,0.0,0.0,0.0,0.0,0.0,0.0,0.0,0.0,0.0,0.0,0.0,0.0,0.0,0.0,0.0,0.0,0.0,0.0,0.0,0.0,0.0,0.0,0.0,0.0,0.00037036987963192937,-1.4248903769589562e-9,-2.1403565982518548e-10,-6.999699308407896e-14,1.4808070691277076e-11,-1.668389486578183e-13,2.4918343534167053e-9,4.8309908921808734e-14,-1.0938161309612048e-6,1.0192806935382521e-7,-3.013788142551906e-14,6.956772700505579e-8,-6.6357529679728235e-6,-1.7121362227576343e-13,2.4572464145654783e-12,-6.673354186767462e-9,7.303084494416627e-14,-3.883736948683042e-8,6.361494738109968e-13,-7.352028833827863e-13,9.573558274367093e-6,2.876095361273205e-9,3.7346532045044147e-14,6.521624355696937e-13,-7.751989160878149e-14,7.669467318202053e-13,2.813560944203151e-13,5.329137058846094e-14,4.1040754186262457e-13,9.033471133237615e-13,-2.826964488143589e-14,2.766481174043776e-10,2.8454750852368697e-13,-3.951477738498742e-9,8.101685410868128e-13,-4.592336440837996e-10,9.1730920722475e-13,4.460770139041155e-14,9.046698890132757e-14,-3.667692011978671e-7,-1.8408950246309515e-13,-1.0011869159927644e-12,-1.0192762976053088e-10,1.1463421366656604e-13,5.055122226228615e-9,-2.4879866872985964e-13,5.142940653894465e-14,6.534087191640006e-9,-2.385909465421015e-13,7.673730279607076e-7,-1.0233067566731083e-12,-7.139180542788551e-8,-2.6322685440827064e-13,1.5855071711872968e-10,-9.223924083801692e-14,3.2474332128360626e-11,1.0769903367566621e-13,-4.921782515468281e-9,-7.103372269840087e-10,-3.032465236290339e-9,-3.349060426885185e-13,-4.340611801179493e-11,-6.43420702669544e-9,3.556597739856523e-9,2.7952312179204646e-13,8.36780045371603e-13,2.1866448331688545e-15,-7.352468735206746e-5,-5.552074891417795e-8,-4.877630739313492e-14,1.4441226727607871e-13,4.273912571719655e-6,-1.1014081317650075e-13,5.964816460563413e-7,5.792678634254624e-8,-3.603551633820607e-13,-6.740499200914654e-13,-6.404668490934753e-8,3.361739822751546e-5,3.1531759480877007e-13,-3.221312835444196e-13,4.926747244528784e-13,-2.0717791961300633e-8,3.5736684016936685e-9,7.627020544215436e-14,-1.4531912888319586e-12,4.958390680222569e-14,-1.9570780121537227e-13,-1.1562951765355282e-9,2.804848626255402e-5,-1.0190411975186983e-14,-1.650489235941445e-9,-3.614075805315509e-13,-9.88636365839189e-13,8.854294466357263e-7,6.987307696845665e-8,8.563140662027606e-14,1.361823320714165e-7,-8.254407882462856e-14,2.4181460874696807e-9,3.4193487189767264e-10,-9.556159397375763e-13,8.75036300722652e-8,-2.1309337485931519e-13,-8.66174858372445e-14
0.0,0.0,0.0,0.0,0.0,0.0,0.0,0.0,0.0,0.0,0.0,0.0,0.0,0.0,0.0,0.0,0.0,0.0,0.0,0.0,0.0,0.0,0.0,0.0,0.0,0.0,0.0,0.0,0.0,0.0,0.0,0.0,0.0,0.0,0.0,0.0,0.0,0.0,0.0,0.0,0.0,0.0,0.0,0.0,0.0,0.0,0.0,0.0,0.0,0.0,0.0,0.0,0.0,0.0,0.0,0.0,0.0,0.0,0.0,0.0,0.0,0.0,0.0,0.0,0.0,0.0,0.0,0.0,0.0,0.0,0.0,0.0,0.0,0.0,0.0,0.0,0.0,0.0,0.0,0.0,0.0,0.0,0.0,0.0,0.0,0.0,0.0,0.0,0.0,0.0,0.0,0.0,0.0,0.0,0.0,0.00036296397189676646,-1.5841727715728577e-12,3.749121331398557e-14,-2.093095306362899e-13,-4.626745145091053e-13,-1.7432493362389903e-12,-2.077812471310124e-14,5.65324698458894e-13,-5.328588996276013e-6,-8.337618041655353e-14,5.052985228220252e-13,6.750072708689599e-8,-1.469466421460806e-14,1.3496175781881339e-12,1.455189902081582e-13,1.1318176611339044e-13,1.3271572600816941e-5,1.0513355893667016e-13,-4.202046745177953e-14,1.1249707258728465e-11,-0.00012406053214768519,-3.330045632507729e-13,1.6606999729865742e-13,1.6514598039633483e-16,-1.0541803479640695e-13,-3.3262760349296194e-15,8.064816326124826e-14,-1.3243234689834224e-13,9.965899343197018e-13,8.512343450579142e-14,-9.839187138371119e-5,-8.893722259611118e-13,2.6350015400835077e-5,5.258359811971375e-14,2.005385574367838e-12,5.014925843381731e-14,-1.8512504603713347e-13,1.3499891944921615e-13,1.2822970280256801e-7,-1.0906248372790838e-13,-7.76948539253554e-14,-9.645185408857132e-13,-6.917240496254353e-14,7.038264320403988e-14,3.797669574893899e-13,2.4830754563881515e-13,-1.4898820860114526e-5,-1.1663346451888495e-13,-2.3051161242618914e-13,-5.5663032332874004e-14,6.109127199610769e-7,9.494756152628764e-14,-1.1658317758848917e-12,8.71845201905783e-14,-1.1255378706608251e-5,-2.4759747288396138e-14,1.681067084884329e-12,0.00021107409423017431,3.496990924015226e-5,7.501156195401981e-14,1.5808349177396868e-5,-6.69311504014318e-13,-1.0420008598262083e-5,-6.228252016504549e-14,-1.1765481569564706e-13,-3.463512707929916e-14,-8.787207218394496e-11,3.261846952939074e-7,8.270518263372153e-13,-1.9420351260219124e-13,-7.508835410870513e-9,1.284604341190899e-13,3.6220418748239233e-13,-4.819115098319379e-6,2.4574066493605518e-14,1.3494536290916087e-13,1.0225231120510168e-12,-2.207228609985407e-9,-2.4080352356364518e-14,2.695419334136611e-14,-7.32806578759637e-14,1.1084872448059194e-5,-5.874864713899006e-14,-6.979047226305533e-14,-4.730917072985121e-13,2.1583361726972018e-14,-7.27384900266378e-13,0.0003155489397990228,3.2638515850349204e-11,-3.382645164566758e-14,0.00026210415311643705,1.2855690881807294e-14,-5.247229276388918e-13,-6.09242573209724e-8,-2.6202434276987986e-14,-1.0309863396110508e-13,-9.976814363966522e-13,-3.991904087942191e-14,2.6148769164618422e-12,-0.00011781503687141828,2.458240621532177e-13,-2.6926976835016453e-6,2.556912345858051e-13,2.3324857202628877e-14
0.0,0.0,0.0,0.0,0.0,0.0,0.0,0.0,0.0,0.0,0.0,0.0,0.0,0.0,0.0,0.0,0.0,0.0,0.0,0.0,0.0,0.0,0.0,0.0,0.0,0.0,0.0,0.0,0.0,0.0,0.0,0.0,0.0,0.0,0.0,0.0,0.0,0.0,0.0,0.0,0.0,0.0,0.0,0.0,0.0,0.0,0.0,0.0,0.0,0.0,0.0,0.0,0.0,0.0,0.0,0.0,0.0,0.0,0.0,0.0,0.0,0.0,0.0,0.0,0.0,0.0,0.0,0.0,0.0,0.0,0.0,0.0,0.0,0.0,0.0,0.0,0.0,0.0,0.0,0.0,0.0,0.0,0.0,0.0,0.0,0.0,0.0,0.0,0.0,0.0,0.0,0.0,0.0,0.0,0.0,0.0,0.0003543902947009275,-3.2975714635946975e-13,-3.910826600679477e-5,-2.4609116884416474e-7,-3.5529047351093856e-5,7.223062570170844e-13,7.957482994691768e-8,1.1183280340682934e-12,-1.7992479479927211e-13,-1.0246730967976737e-6,-3.1530715124133396e-12,-1.2962669994123714e-6,1.4070756788097415e-8,1.2950720331021634e-5,-2.846238310902432e-13,1.6676877785691398e-12,-3.437305608021768e-13,4.2062651886286376e-13,-4.614701088970068e-9,-1.7515707792159207e-12,-2.4584390959111098e-11,-1.3340615587170405e-12,3.310072719175676e-13,3.2037737326363806e-10,-1.0094767632868587e-13,-3.2598050789329135e-13,1.5267117576729738e-14,2.011357710850553e-6,-3.271178016517509e-12,4.817865772405677e-13,1.281360947275829e-11,3.05672405210264e-12,8.223158299184693e-14,3.539399183168906e-5,4.081375586854285e-11,3.240586919619533e-8,2.118363952746219e-12,-1.7591296922829716e-12,2.112030730425919e-13,2.614765094438535e-12,0.00020774129596474748,5.413944931584235e-13,-1.6823749773572911e-6,-1.4584939262926511e-8,-1.340647056032166e-12,4.1669801908267105e-13,-1.4435342617975518e-13,-9.249284936031018e-9,4.111656432830423e-14,-1.1408326738687326e-12,8.479088241236717e-13,-5.605008528219477e-5,4.6735198975315114e-14,-1.4689564249893656e-12,1.3828202986076526e-12,5.780998511659613e-6,-1.0915291997406817e-12,1.2936777260495984e-12,5.002238484785775e-13,-4.934595778448954e-13,9.943614604983104e-6,2.872486061378032e-12,2.384778222951375e-13,1.2527300574786468e-12,-3.1791706306614087e-9,2.0216697565166902e-10,7.798799908367758e-13,-9.695909929610573e-7,7.2717688283914e-12,3.193291313929098e-13,8.538901674215547e-14,-4.957409534960914e-9,9.341482363812588e-13,-5.998352007624434e-10,2.691989584589787e-7,1.37742202886343e-7,6.2242258258293734e-12,3.8709968973957253e-13,8.468260176112739e-13,4.551914128072323e-13,-6.428294095178209e-13,-1.7204185971430682e-6,-9.0270483861638e-13,6.349007145349477e-6,-2.1268187358124101e-13,1.2148385892909484e-11,5.543402645415384e-14,-4.386055507483569e-10,9.538555394965078e-13,-6.395376232473394e-13,-8.402709533012221e-13,-1.388884998214992e-6,1.9508652271147957e-12,-5.933984391341505e-7,1.5358180154743384e-12,-6.452662123827411e-8,-7.597551256464545e-13,-1.0629263116545022e-8,-2.703201446481305e-13,-1.2531012891377598e-12,-1.9918240607129617e-12,-2.996502686184745e-12,1.4978165018992115e-14
0.0,0.0,0.0,0.0,0.0,0.0,0.0,0.0,0.0,0.0,0.0,0.0,0.0,0.0,0.0,0.0,0.0,0.0,0.0,0.0,0.0,0.0,0.0,0.0,0.0,0.0,0.0,0.0,0.0,0.0,0.0,0.0,0.0,0.0,0.0,0.0,0.0,0.0,0.0,0.0,0.0,0.0,0.0,0.0,0.0,0.0,0.0,0.0,0.0,0.0,0.0,0.0,0.0,0.0,0.0,0.0,0.0,0.0,0.0,0.0,0.0,0.0,0.0,0.0,0.0,0.0,0.0,0.0,0.0,0.0,0.0,0.0,0.0,0.0,0.0,0.0,0.0,0.0,0.0,0.0,0.0,0.0,0.0,0.0,0.0,0.0,0.0,0.0,0.0,0.0,0.0,0.0,0.0,0.0,0.0,0.0,0.0,0.00035035274381788213,4.1942469801364645e-13,-1.8707798706335564e-13,-8.759622953767088e-13,-4.6187310029667326e-11,2.1895139164664453e-13,9.515054353840321e-14,-6.1735130187714485e-9,-6.272994281297573e-13,1.0367345256875865e-14,3.544883297409356e-15,1.8692909332126698e-11,3.044790755731618e-13,4.4091767515100647e-10,3.9654335368802955e-13,-0.00014914351650813253,-9.304546721190345e-7,2.539739753765775e-13,2.9755785630476893e-13,-5.957895261513819e-9,-7.400057780714696e-7,3.141219917513708e-14,3.4680701890674245e-10,9.205964031919434e-12,1.7136523430107677e-6,-3.7255628060236177e-6,-7.239550207647476e-13,-1.7679825613989455e-5,-3.2981819164531655e-13,1.0103333512447733e-8,-4.7037091233813236e-14,2.995947305010471e-8,5.633285972906464e-13,1.2304484919874223e-9,1.7381771974059795e-12,3.1058206646304514e-8,-4.738476876451972e-13,1.41630369647483e-7,2.9874006850130772e-5,-4.637215081626141e-13,3.019752790599071e-11,-4.312509803328971e-13,-4.2630656034865475e-12,0.00020689703187857134,7.25199484453307e-14,4.928823819477307e-9,1.7331044791515994e-12,-6.81016996708133e-8,1.7222353481951748e-13,-3.10959418809468e-9,1.5198613124557377e-12,-3.657578120142417e-11,-7.847814539460198e-14,-3.1119994863882664e-10,-8.4160777852917e-13,-1.4150201073850968e-13,5.3709565177488455e-14,-3.270966720509099e-11,2.4093938997455764e-13,1.178133300445919e-13,-3.0575027656706675e-13,-2.0949082686134265e-11,1.203756867180813e-5,-2.461111169569903e-11,1.6455532980040247e-13,-3.187934817796376e-13,4.2046620080525397e-13,1.3624059309513005e-8,2.0902509916930048e-13,-8.559796546328634e-6,-1.2527864240443947e-13,5.252319724743225e-13,-1.114634602057532e-10,1.0414179517058692e-12,1.288574298301233e-13,2.611735830648571e-13,6.03414466010102e-12,9.196279227423159e-7,-2.414989273257119e-10,2.634027520224569e-13,-1.1822893418618579e-12,0.00022877189355133883,1.972773463135885e-13,1.180462194852553e-12,1.4178360069259198e-8,-9.677689870657188e-14,7.367687260779712e-14,6.2364805394059526e-6,-4.8980284250433243e-14,-1.311712055925519e-8,-1.8124760143528506e-14,-1.1987728701063681e-14,-1.1594036777524788e-12,2.5463539073816566e-6,2.8703999523356393e-13,7.3304896661907314e-6,-6.902172505122014e-13,-1.0275767122203004e-13,2.3224731177457214e-5,-1.0061201988291279e-13,-1.013781476928379e-5,-7.523590522097822e-8
0.0,0.0,0.0,0.0,0.0,0.0,0.0,0.0,0.0,0.0,0.0,0.0,0.0,0.0,0.0,0.0,0.0,0.0,0.0,0.0,0.0,0.0,0.0,0.0,0.0,0.0,0.0,0.0,0.0,0.0,0.0,0.0,0.0,0.0,0.0,0.0,0.0,0.0,0.0,0.0,0.0,0.0,0.0,0.0,0.0,0.0,0.0,0.0,0.0,0.0,0.0,0.0,0.0,0.0,0.0,0.0,0.0,0.0,0.0,0.0,0.0,0.0,0.0,0.0,0.0,0.0,0.0,0.0,0.0,0.0,0.0,0.0,0.0,0.0,0.0,0.0,0.0,0.0,0.0,0.0,0.0,0.0,0.0,0.0,0.0,0.0,0.0,0.0,0.0,0.0,0.0,0.0,0.0,0.0,0.0,0.0,0.0,0.0,0.0003496938057981765,3.1865930053209247e-6,-1.2233241292322727e-6,2.419228423479178e-13,2.739088469038346e-9,4.272323413684518e-13,1.0552489917855282e-12,-3.530224833861676e-8,-4.30487493373761e-13,1.6784312385131252e-5,-1.822161412142552e-7,4.461426385904477e-7,-1.3942093282352546e-13,2.062240432184928e-13,1.6851132873275934e-12,-2.6301891969208526e-13,-1.5788794147302484e-10,-3.718906621374528e-13,3.271414540164297e-10,1.3195365718368317e-12,-6.759682805346772e-13,-4.163800674207105e-9,1.237202864560562e-13,9.673779622859703e-13,-9.572947771886175e-13,-2.603949166048385e-5,9.047257688988456e-13,4.3458021425797274e-13,-1.7886486961915002e-10,8.975571172899387e-13,3.489124596814119e-13,1.213054986281072e-6,-5.345629030729708e-10,-4.196234588371305e-7,-1.2682041049641996e-11,-7.342091112563239e-13,-8.711269555227961e-13,5.669001908719602e-13,-9.023819811533371e-6,6.995855471332513e-13,-5.7958328526997715e-8,1.8886115964249824e-7,2.215052072794882e-13,1.4203069462257618e-12,6.091287035480094e-13,-3.203520788543309e-10,6.4647375754601095e-12,4.82916442013231e-13,8.325226782320976e-13,-1.8307586541666987e-6,-1.0978170737615391e-13,-1.4707921889289877e-12,1.6509574045727534e-13,1.9915561298750996e-7,-2.4171103725637666e-13,2.0482811915278096e-13,-3.768285800950741e-13,6.757244561074864e-14,3.425522896612247e-7,-1.2183611546567278e-13,-6.798608623407868e-14,5.062837884186822e-13,4.119876030620707e-8,5.1433157174148466e-12,3.389726106932938e-14,1.2554886905354588e-5,-1.2137699442533046e-10,-2.2004982637404357e-12,-9.57593864638172e-13,-1.7217706155718627e-10,2.6769298863868974e-13,7.732000779918633e-9,-3.4857752610553634e-6,4.745548047760997e-9,-4.148390618827252e-13,5.916542879036112e-14,1.0680239812632838e-12,2.0623177932306445e-13,-8.273160137800732e-13,-5.927110211232715e-8,-5.152644343107175e-13,-7.991767759065764e-5,5.967736531801568e-13,-1.7735757404929899e-10,-7.024113610515767e-13,-1.513097351046252e-11,1.5262521993352185e-13,-5.966321614658198e-13,1.276117120575342e-12,1.7983898223766034e-5,1.364008491995075e-12,-2.0443383913154433e-8,2.852052669349748e-13,-2.221434842258005e-9,4.0105596762879167e-13,-3.6594824544051566e-10,-4.081510561841672e-14,-1.5945159044573898e-12,1.187914690345767e-13,1.0678580983309892e-12,-2.078355053865817e-13
0.0,0.0,0.0,0.0,0.0,0.0,0.0,0.0,0.0,0.0,0.0,0.0,0.0,0.0,0.0,0.0,0.0,0.0,0.0,0.0,0.0,0.0,0.0,0.0,0.0,0.0,0.0,0.0,0.0,0.0,0.0,0.0,0.0,0.0,0.0,0.0,0.0,0.0,0.0,0.0,0.0,0.0,0.0,0.0,0.0,0.0,0.0,0.0,0.0,0.0,0.0,0.0,0.0,0.0,0.0,0.0,0.0,0.0,0.0,0.0,0.0,0.0,0.0,0.0,0.0,0.0,0.0,0.0,0.0,0.0,0.0,0.0,0.0,0.0,0.0,0.0,0.0,0.0,0.0,0.0,0.0,0.0,0.0,0.0,0.0,0.0,0.0,0.0,0.0,0.0,0.0,0.0,0.0,0.0,0.0,0.0,0.0,0.0,0.0,0.00034951957849282993,3.450765459666101e-9,2.2590276829656566e-13,-9.636976261515022e-12,5.037205296278616e-13,4.356747426303117e-13,9.540933691613352e-11,3.480507327816133e-13,6.25073725598992e-5,-2.854880135664053e-5,-1.2600919333959863e-9,6.559307715088872e-13,2.0893075002884894e-13,2.490240967101406e-12,2.723144124755711e-13,-6.209427316624031e-13,-1.179531866940547e-13,5.14733151182196e-8,3.295457346564685e-10,-6.639801907962264e-13,-6.525550610286033e-7,3.4444477952453394e-13,1.9304549747127076e-12,5.825104300677362e-11,-3.241814002075428e-5,8.210761036179723e-12,5.111595937297985e-13,-2.7922211028905543e-8,-8.688068294716322e-13,-8.890555697734613e-13,-3.4175190440362194e-9,-8.352895830554281e-8,-6.422312079628215e-5,-2.138182995919149e-9,-9.330931341524762e-13,-5.14141728178232e-14,-1.2263371801956876e-12,2.541240893724961e-8,-1.6858444901544774e-13,1.638774324648431e-10,2.9526604406843715e-5,1.0335165182281864e-12,-9.028396988923689e-14,-2.1942257939484155e-13,2.0937813577413973e-13,8.845617230986898e-10,7.121558457379389e-13,7.38942293775835e-13,5.159539447748005e-9,-2.2059599194471858e-13,-1.3442024159256684e-13,5.623239886178553e-13,-5.617044117219362e-10,4.714227870320227e-13,-3.728017725457103e-13,-3.831816298377042e-13,-4.3321888492051204e-13,-9.674399917290983e-10,4.2943794681742035e-14,-6.258556322162746e-13,-1.185884807090906e-12,6.455740614853209e-6,-1.5135914464394146e-12,-4.70265220615992e-13,9.786724241615383e-5,-1.896654304331846e-8,-1.1497355779608339e-13,8.569804629622438e-13,1.6678024561899915e-12,2.7115099631582043e-13,1.212038795019049e-6,-0.00010457928430773393,-1.1946191423786465e-11,1.2752565767330244e-12,2.899264888213335e-13,1.0566359050359994e-12,1.0292092548133987e-13,3.5204321099543757e-15,1.663040290062205e-10,-1.5785928267799764e-12,-2.3522269975006114e-6,9.140562480236188e-13,-2.778255670165295e-8,4.2075724919242605e-13,3.6434053054675253e-13,2.5135289551620286e-13,-6.03685271521691e-13,-1.0765176832608557e-12,9.747594014984851e-5,7.291197983489272e-15,5.29225129650681e-11,-6.655474591197083e-13,6.626389902852328e-12,-2.1653132412927146e-11,-1.3567154458622191e-12,2.9235983098331214e-13,-2.2177140871980134e-13,-2.3976703203703857e-13,6.5324211435265605e-12,-3.10147354397838e-13
0.0,0.0,0.0,0.0,0.0,0.0,0.0,0.0,0.0,0.0,0.0,0.0,0.0,0.0,0.0,0.0,0.0,0.0,0.0,0.0,0.0,0.0,0.0,0.0,0.0,0.0,0.0,0.0,0.0,0.0,0.0,0.0,0.0,0.0,0.0,0.0,0.0,0.0,0.0,0.0,0.0,0.0,0.0,0.0,0.0,0.0,0.0,0.0,0.0,0.0,0.0,0.0,0.0,0.0,0.0,0.0,0.0,0.0,0.0,0.0,0.0,0.0,0.0,0.0,0.0,0.0,0.0,0.0,0.0,0.0,0.0,0.0,0.0,0.0,0.0,0.0,0.0,0.0,0.0,0.0,0.0,0.0,0.0,0.0,0.0,0.0,0.0,0.0,0.0,0.0,0.0,0.0,0.0,0.0,0.0,0.0,0.0,0.0,0.0,0.0,0.00031671888574016466,-1.7569698858101063e-13,-1.0172869065715208e-6,3.047408944099292e-13,-1.1479609369609398e-13,1.3099136913518115e-5,1.6179008065148372e-11,1.935354110886181e-8,9.232826514886729e-11,-0.00016138908779781913,-4.464061125733537e-13,2.793044719940074e-13,1.3816145144038582e-12,6.879802116522116e-13,5.908412888388302e-8,-1.7344388776346425e-12,-3.0713298123016516e-13,-6.999870055144589e-13,5.845392435743874e-14,3.641752349773612e-12,-1.4166916916578454e-13,7.629685235769103e-13,4.859441722401262e-15,-3.071845858262174e-8,-2.01323513679552e-12,-1.3794991999023417e-12,-1.5600681948556225e-13,1.7628062042301256e-12,3.523105396125615e-14,-7.794894012056521e-5,6.046759503735508e-13,1.9729528011206412e-10,2.4151855230915564e-12,4.0578126603670935e-13,-3.115298006612289e-13,2.1993795193474677e-12,4.1031485938411945e-6,-2.906524995657304e-14,2.1462769469010653e-5,-9.392914861878023e-11,-3.163270324225551e-13,6.676282499791568e-13,4.3955355544588413e-13,1.1820313546712018e-7,-3.2711573677805993e-13,-8.839086246925914e-13,6.630859222864681e-13,2.285238141926123e-5,-9.077846677710328e-13,-2.6237835682551545e-13,-4.616852560839102e-13,-7.297041373483539e-5,8.638823642190611e-13,-1.2197077120642416e-12,-9.421771354131115e-13,-5.041083595976605e-13,-0.00012475802030230992,-6.262482538604452e-13,-2.7614024675035625e-13,1.0580525980817958e-12,-2.1851180344576182e-11,-2.564616997440213e-9,-3.3679493014566466e-15,1.3921656927185445e-8,1.08039524132455e-12,-9.826596235352849e-12,-1.7315950314406473e-12,6.333547542816943e-8,-1.4457010692219057e-12,-5.5067442409364165e-12,-3.02036413628152e-9,-1.760899057891637e-6,-8.040170277817208e-11,8.279854493476746e-14,1.649529836905017e-13,-6.72848586036841e-13,2.2984234042252125e-12,2.191494489421802e-5,-8.219566692629407e-13,-8.92669005048544e-8,9.569846716534012e-14,2.0201691601442524e-12,7.515863904303506e-13,5.620170916755793e-9,7.480929694894278e-13,3.1984094513155436e-13,-2.9610195927729196e-13,2.0406208893163875e-8,-2.531686473755766e-12,7.5858875270798395e-6,7.310767341172299e-13,8.249109451511071e-7,-6.809164822447094e-13,1.358534686279689e-7,6.474187424990529e-13,-1.2099799941466259e-12,-1.6818210569370288e-12,9.571949937578639e-14,5.876216118602562e-14
0.0,0.0,0.0,0.0,0.0,0.0,0.0,0.0,0.0,0.0,0.0,0.0,0.0,0.0,0.0,0.0,0.0,0.0,0.0,0.0,0.0,0.0,0.0,0.0,0.0,0.0,0.0,0.0,0.0,0.0,0.0,0.0,0.0,0.0,0.0,0.0,0.0,0.0,0.0,0.0,0.0,0.0,0.0,0.0,0.0,0.0,0.0,0.0,0.0,0.0,0.0,0.0,0.0,0.0,0.0,0.0,0.0,0.0,0.0,0.0,0.0,0.0,0.0,0.0,0.0,0.0,0.0,0.0,0.0,0.0,0.0,0.0,0.0,0.0,0.0,0.0,0.0,0.0,0.0,0.0,0.0,0.0,0.0,0.0,0.0,0.0,0.0,0.0,0.0,0.0,0.0,0.0,0.0,0.0,0.0,0.0,0.0,0.0,0.0,0.0,0.0,0.00031636925119671,-2.659286469353895e-13,2.480374025875267e-13,2.7743193212042543e-6,2.7376646012919604e-13,1.4988079194928134e-13,-2.1215666212662145e-13,-4.892090688128143e-13,-8.276792886758393e-13,-3.180706437458818e-5,5.4435810636254296e-14,8.566893520758634e-11,1.2276921644407207e-8,-1.3891755173969525e-13,3.2363595269942645e-14,-9.903407192176325e-13,9.024097834680312e-13,7.815582243378793e-6,-6.952385837726527e-13,-0.00010249149336854146,-6.349994712207627e-9,-2.0940083716642324e-12,6.534064305424189e-13,-7.806146164049516e-13,1.6486343994148142e-15,5.826948624262277e-13,6.100497753649284e-14,-7.978679137129781e-8,1.0627882866129435e-13,6.332819501073811e-14,2.2699826532268086e-13,3.752673747160513e-13,2.0406920485306143e-13,-1.4460754746745175e-8,2.4464409340930567e-12,-5.936937123194424e-13,-6.919780888591769e-5,4.276648012483926e-13,-1.6145091687016732e-13,5.70554469582146e-12,6.97257571250748e-14,-3.3461186397433346e-7,-1.0315354154315035e-13,2.8097029724668564e-12,-3.883157102863195e-14,2.3753047264098046e-6,4.329804579090269e-13,0.0002971297181689859,-1.3724941665869774e-14,3.7959212334926536e-6,3.582241703574115e-13,-4.398084031261229e-14,3.0433400035345995e-14,0.00016680213479330956,3.630112435804566e-14,-1.9078208651949154e-14,1.6351760027398187e-13,8.174574766482191e-5,-1.1752681249640642e-9,-3.088159998682205e-13,-8.790115521586944e-14,4.9741570362571326e-14,-2.9340407886210605e-13,7.881687162967482e-14,9.787217691288547e-14,1.3764296887035139e-10,2.1250326841973138e-13,4.1757362923480327e-14,-3.8880415055767644e-13,6.16682863096776e-13,1.9364761965172959e-13,-2.0035354087672443e-13,-5.2447562320412776e-5,-4.593321506804102e-9,2.0644624016103048e-6,3.003565432264973e-14,6.715964519606135e-13,-1.192803865202852e-11,-4.677113999494494e-13,-1.4391588869840373e-5,-9.703844666689506e-14,3.683336140438767e-14,1.6104165111368447e-13,-1.035214756974197e-9,-3.598047447363372e-14,1.8717621730899587e-7,-5.537666198387656e-14,-1.749136095479556e-13,-3.254300405849845e-13,-5.636241500425681e-10,-1.9918088155423868e-13,1.5863354184712386e-12,1.0075450903843717e-13,3.2141887098453917e-15,-8.048905360121171e-11,7.293444700355015e-14,3.6781706065802717e-13,3.7726775944465515e-8
0.0,0.0,0.0,0.0,0.0,0.0,0.0,0.0,0.0,0.0,0.0,0.0,0.0,0.0,0.0,0.0,0.0,0.0,0.0,0.0,0.0,0.0,0.0,0.0,0.0,0.0,0.0,0.0,0.0,0.0,0.0,0.0,0.0,0.0,0.0,0.0,0.0,0.0,0.0,0.0,0.0,0.0,0.0,0.0,0.0,0.0,0.0,0.0,0.0,0.0,0.0,0.0,0.0,0.0,0.0,0.0,0.0,0.0,0.0,0.0,0.0,0.0,0.0,0.0,0.0,0.0,0.0,0.0,0.0,0.0,0.0,0.0,0.0,0.0,0.0,0.0,0.0,0.0,0.0,0.0,0.0,0.0,0.0,0.0,0.0,0.0,0.0,0.0,0.0,0.0,0.0,0.0,0.0,0.0,0.0,0.0,0.0,0.0,0.0,0.0,0.0,0.0,0.000314045190649851,1.0963412152507461e-10,-1.7808163066806175e-13,-2.8875622443675277e-5,-7.133711958833146e-9,2.176883539607177e-11,-4.569476110032814e-13,2.248191184242501e-6,9.766384630070812e-13,-4.658863695032021e-11,7.59638665598433e-13,5.189401291408639e-13,-2.6406060949271337e-5,3.091307841425553e-12,-2.743088473223752e-13,-2.542269650627214e-13,-4.1771630929269505e-14,1.0187653490569427e-12,6.922964220481943e-13,9.839407638635977e-13,2.607352338035153e-12,-3.1999225956524575e-11,4.884422502333515e-13,8.175916998926748e-13,4.621899996627965e-13,-1.6235422243849228e-12,5.373328487096467e-13,-7.077997934591283e-8,5.050033307147983e-13,7.97738838114545e-13,2.4620740815035757e-12,-3.9617935856920007e-10,8.348884214521508e-14,5.261065494436202e-13,4.016513653744957e-9,-6.806724508191988e-13,-2.0322004941869157e-6,9.435246998026783e-13,-7.510558966458312e-13,9.530062028613708e-12,1.0545494619743555e-13,-5.146133720477428e-5,-6.620540247833007e-13,-7.818021965034355e-11,7.317096087954303e-13,2.2234766173498832e-8,5.486797522683402e-13,1.320209305562385e-12,-7.126541951466305e-13,1.8082592287094198e-6,-4.586060943006667e-13,-3.3023840442624344e-12,-2.0152350865423931e-13,7.644539048150976e-13,2.267794942159463e-6,4.4451536873022804e-12,-3.2907029082549865e-13,1.6827108997180383e-13,1.851499542395208e-12,1.1463190754540378e-6,-6.285824668120858e-11,1.7098873836204413e-11,2.441552283493249e-13,4.5952803631032986e-9,-1.2694557211201446e-12,-2.7900321142699876e-5,6.208017857934328e-11,1.789483708863126e-14,-2.005626448737878e-12,2.6555868917421992e-5,3.587479453139025e-8,3.8446974594032724e-13,-4.7307410259066306e-15,1.7463203480922526e-13,-2.337325169917267e-11,-1.4144769137678457e-6,2.4524939467065843e-13,-8.527080642090265e-11,3.3571986765077e-13,-1.5119066366163888e-12,-7.535545981156243e-13,-2.511536884835525e-6,1.5492712604597898e-12,-5.892910873644476e-13,9.87817115461216e-14,2.3031671760013113e-11,9.529779307633651e-10,-2.9016016169508015e-5,1.232451635549881e-12,-5.524303095970841e-5,-1.8653262394898778e-14,-1.0043959949440273e-6,5.520011159591333e-13,7.182368431367554e-13,9.603546222691237e-11,-5.757247808411292e-14,6.155513870792206e-13
0.0,0.0,0.0,0.0,0.0,0.0,0.0,0.0,0.0,0.0,0.0,0.0,0.0,0.0,0.0,0.0,0.0,0.0,0.0,0.0,0.0,0.0,0.0,0.0,0.0,0.0,0.0,0.0,0.0,0.0,0.0,0.0,0.0,0.0,0.0,0.0,0.0,0.0,0.0,0.0,0.0,0.0,0.0,0.0,0.0,0.0,0.0,0.0,0.0,0.0,0.0,0.0,0.0,0.0,0.0,0.0,0.0,0.0,0.0,0.0,0.0,0.0,0.0,0.0,0.0,0.0,0.0,0.0,0.0,0.0,0.0,0.0,0.0,0.0,0.0,0.0,0.0,0.0,0.0,0.0,0.0,0.0,0.0,0.0,0.0,0.0,0.0,0.0,0.0,0.0,0.0,0.0,0.0,0.0,0.0,0.0,0.0,0.0,0.0,0.0,0.0,0.0,0.0,0.00031033861857132834,4.565611037409087e-14,4.9077988112498945e-12,-5.642517510007168e-6,-6.153370509293922e-14,-4.759511117272467e-13,8.123302078606077e-14,-9.044578543208871e-14,-0.0001646781291162355,-1.736154241303116e-13,-1.0346515400008953e-13,-9.554498588185826e-10,1.0452818834367169e-5,-1.8399716088743216e-12,-1.6543363975294495e-12,-8.462574109802972e-14,1.1499585562433693e-12,1.7179938423556602e-14,2.3854439455941135e-13,-2.771291803624791e-13,-1.3247229843638161e-13,-7.505361828531562e-13,-4.7629171359808113e-7,-1.9428799280893914e-12,-1.681836588476198e-5,-1.0958292545445154e-13,7.718570624580114e-13,-2.5757951493017655e-12,7.759099168709687e-13,-1.0441180403606978e-12,-1.071619420339253e-5,-1.4812610225498966e-13,2.8620838279096697e-13,-6.557554046267551e-13,1.0862523603404807e-13,1.7270608156252257e-12,6.975874798373729e-15,-9.45681884562312e-14,2.8242682608510445e-5,1.6729305032182527e-13,-6.134263207407949e-11,-2.2033540834035467e-13,-4.979828650416242e-5,-1.0222188867134274e-13,-2.0872457633657915e-12,-1.9746319548517256e-13,-5.8429517685203083e-8,1.0780894522769138e-13,1.9077421338763774e-13,5.033666117104215e-7,-1.2649799622577862e-5,8.73084662956045e-14,8.18179842566312e-8,4.974751025469785e-13,1.5342057333811313e-5,-1.639796707786194e-14,-1.0746333108267805e-13,6.451256694089169e-13,7.104622117532707e-9,-2.688435965761072e-5,-4.461759580093864e-13,-1.221051328013792e-12,6.275683931937418e-7,1.3420916500041537e-13,-5.3342945160241674e-11,0.00021009174775941028,1.2685992028722192e-13,5.937749904011047e-13,-3.590591052302526e-12,1.844495877689357e-7,4.107907143369024e-14,-9.117993085065086e-14,1.651910971218853e-14,-8.897803726200968e-5,3.036518169781425e-13,-6.308715598124983e-14,1.0018835121292302e-12,-1.0463652499613491e-13,-7.20369523844204e-13,3.5008063886751823e-7,-2.828550381244326e-9,-1.483938205712484e-13,-2.7165225413248834e-6,-2.245019302042912e-13,-4.3625710169913454e-13,5.093059376287327e-6,5.340148640386895e-12,-1.0906718678203233e-13,2.7059440822311253e-12,6.233432022060205e-13,1.4175917412801855e-12,-5.29307125205547e-7,1.7120614946128533e-13,0.0001904963109187497,3.199796379789964e-13,4.692462679455987e-14
0.0,0.0,0.0,0.0,0.0,0.0,0.0,0.0,0.0,0.0,0.0,0.0,0.0,0.0,0.0,0.0,0.0,0.0,0.0,0.0,0.0,0.0,0.0,0.0,0.0,0.0,0.0,0.0,0.0,0.0,0.0,0.0,0.0,0.0,0.0,0.0,0.0,0.0,0.0,0.0,0.0,0.0,0.0,0.0,0.0,0.0,0.0,0.0,0.0,0.0,0.0,0.0,0.0,0.0,0.0,0.0,0.0,0.0,0.0,0.0,0.0,0.0,0.0,0.0,0.0,0.0,0.0,0.0,0.0,0.0,0.0,0.0,0.0,0.0,0.0,0.0,0.0,0.0,0.0,0.0,0.0,0.0,0.0,0.0,0.0,0.0,0.0,0.0,0.0,0.0,0.0,0.0,0.0,0.0,0.0,0.0,0.0,0.0,0.0,0.0,0.0,0.0,0.0,0.0,0.0002940924792420748,-4.0836426684551547e-13,-1.447521876357066e-13,1.6705005244222962e-12,-2.4859940926645304e-12,1.274608318173011e-12,-3.0078471479881577e-5,-3.402464761077654e-13,1.3434763720716439e-8,1.8807968461328267e-6,-7.34012051262365e-13,-9.455524798943184e-14,9.403392939904944e-14,-6.9614525723507185e-12,-2.2354838155857148e-8,1.2046404536975037e-12,2.7804287040374895e-7,-9.733313760416884e-7,-2.503076402518652e-11,2.152800566073005e-12,-1.1728252510034824e-10,-1.143395385522525e-13,-3.739715375904355e-13,1.914182520423186e-13,-1.2227144694226353e-5,-2.808365840233673e-12,-1.2410537191770511e-12,1.3624992314966954e-12,-1.0905552147760034e-12,-9.450095935146567e-15,-2.216015269502706e-6,1.923226289158601e-10,8.494994019287767e-13,-1.4563330271439566e-6,2.2815736962072897e-13,-6.832530902961171e-13,7.655000880814097e-10,1.420931733974424e-13,-5.0094293476106405e-5,-3.376798405889001e-13,-3.2350478627348066e-12,2.5530813711112155e-14,0.0001803431121875446,-9.380607041141176e-13,-3.736557244284504e-7,8.118250286973234e-14,2.154465501554878e-5,5.733692830499575e-13,-1.1776337359909933e-13,-7.104399671159274e-14,5.646702341372492e-7,7.690389294115912e-14,-6.753868224503103e-14,2.1876439061039457e-13,4.7114344211933663e-7,-1.802948100878297e-7,-1.815182474112301e-12,1.8081672100660917e-13,1.5744016313149005e-13,1.6570683016873097e-12,-3.254297613943546e-13,2.7499862494700743e-13,2.0970027393887943e-8,-1.788932412287781e-13,-1.557056334844103e-13,2.7052266185003377e-12,-1.7814146941656725e-13,-1.1488124751634631e-13,-4.0068387136435716e-13,1.4573769889779438e-7,-7.041834911616696e-7,1.6686719214038486e-5,-3.824507345134978e-13,7.774755272840773e-13,-1.9631302772316995e-9,4.165783934392817e-13,4.113628007556779e-8,1.34243665931053e-12,1.4003507030076842e-13,5.2014730180212236e-14,-1.5895608345951915e-7,1.384773742027224e-13,2.8617597037448157e-5,2.3121859378849005e-12,4.109578729890426e-14,-2.4093203060715152e-14,-8.665429241313838e-8,9.037546831781944e-13,4.6499703649534326e-11,3.525562796676102e-13,-1.4025958509151631e-13,-1.2565565443706027e-8,-1.2830067325872343e-14,-6.579727793571129e-11,5.782793103140263e-6
0.0,0.0,0.0,0.0,0.0,0.0,0.0,0.0,0.0,0.0,0.0,0.0,0.0,0.0,0.0,0.0,0.0,0.0,0.0,0.0,0.0,0.0,0.0,0.0,0.0,0.0,0.0,0.0,0.0,0.0,0.0,0.0,0.0,0.0,0.0,0.0,0.0,0.0,0.0,0.0,0.0,0.0,0.0,0.0,0.0,0.0,0.0,0.0,0.0,0.0,0.0,0.0,0.0,0.0,0.0,0.0,0.0,0.0,0.0,0.0,0.0,0.0,0.0,0.0,0.0,0.0,0.0,0.0,0.0,0.0,0.0,0.0,0.0,0.0,0.0,0.0,0.0,0.0,0.0,0.0,0.0,0.0,0.0,0.0,0.0,0.0,0.0,0.0,0.0,0.0,0.0,0.0,0.0,0.0,0.0,0.0,0.0,0.0,0.0,0.0,0.0,0.0,0.0,0.0,0.0,0.00028295522322183196,-2.2565752612663963e-10,-2.685450344364227e-10,-7.530708800814907e-13,-3.188869198825964e-5,6.116752514108434e-13,3.411064197360386e-12,7.836534770824097e-13,9.465261393269875e-13,-8.330179735622052e-7,-4.770151211340609e-13,-3.475815259486038e-14,-2.470777182072665e-13,-2.1231774273310034e-13,-2.2562881128648957e-12,9.183267412208223e-13,-1.538918084293687e-13,1.4104150158586295e-12,4.22751293779314e-10,3.6589899867757217e-13,-1.047268913116487e-12,-1.3965528062700405e-12,1.785808997207704e-12,7.045462044014052e-13,1.004257730754445e-6,1.205738364964961e-12,1.5412729482270422e-12,-1.0981792910849362e-12,-1.1120641351977698e-11,8.979965606077767e-13,1.1320309799941108e-12,-5.7005018631196464e-8,2.69609059642611e-14,2.8738044359390444e-5,7.289080764094394e-12,2.6437692539447344e-13,1.3704934947284169e-12,-3.3664686982757375e-14,-1.527035798571709e-6,-1.858161076490027e-12,-5.742103353951986e-12,4.804678167757605e-14,-3.154411639147207e-7,-9.048549213053977e-14,-7.339380539628669e-13,-5.125947475423277e-13,-2.5641375888740826e-5,-1.4544030832980426e-12,-8.749214389459248e-13,3.213179119744301e-13,-1.009090670779824e-12,-3.2163235824313125e-5,1.504237933646593e-13,2.334498816726079e-13,-7.192014948616383e-13,5.785148679189656e-13,3.6188731977991564e-8,-4.21526222618742e-12,-1.91736357084272e-10,-2.025970279075983e-12,1.4257906414849253e-10,7.889471890906587e-13,-8.514964103732629e-7,1.114272485996922e-12,6.838743551458229e-13,3.757350947684791e-11,-5.1535420875429736e-5,1.1323776957787713e-9,4.330188347683348e-13,4.700901048492764e-13,5.987716443025322e-13,1.4777245883490927e-12,2.003073186325064e-5,1.0281674952365278e-12,1.2402011628068452e-9,5.428362637213933e-13,-3.86215152561242e-12,2.2331442491182383e-12,-7.927816017258398e-8,-1.712123717659964e-13,-1.1137851609522613e-12,1.3154014995841035e-12,-2.817834037458079e-10,3.0862843703044517e-11,0.00019912657320318787,5.037429868959505e-13,2.029480599721507e-5,-2.6051217609667734e-12,3.917354193864554e-6,4.4222018729485e-13,1.4165232254464687e-13,-1.0662851052488539e-12,-1.3063839476005936e-12,7.391775844393403e-13
0.0,0.0,0.0,0.0,0.0,0.0,0.0,0.0,0.0,0.0,0.0,0.0,0.0,0.0,0.0,0.0,0.0,0.0,0.0,0.0,0.0,0.0,0.0,0.0,0.0,0.0,0.0,0.0,0.0,0.0,0.0,0.0,0.0,0.0,0.0,0.0,0.0,0.0,0.0,0.0,0.0,0.0,0.0,0.0,0.0,0.0,0.0,0.0,0.0,0.0,0.0,0.0,0.0,0.0,0.0,0.0,0.0,0.0,0.0,0.0,0.0,0.0,0.0,0.0,0.0,0.0,0.0,0.0,0.0,0.0,0.0,0.0,0.0,0.0,0.0,0.0,0.0,0.0,0.0,0.0,0.0,0.0,0.0,0.0,0.0,0.0,0.0,0.0,0.0,0.0,0.0,0.0,0.0,0.0,0.0,0.0,0.0,0.0,0.0,0.0,0.0,0.0,0.0,0.0,0.0,0.0,0.0002808123161840518,2.0701148666233717e-12,3.001969498559009e-12,-7.64032405049729e-12,-5.18753964755792e-13,-9.357332543586974e-7,8.762857017492779e-13,-3.1878358851936625e-13,6.915148785247498e-8,6.370076462505311e-8,5.528051855939636e-14,-2.0438636875511885e-12,-3.1237954117523835e-13,-1.6755536547656566e-13,-6.254349959124025e-14,-4.637947337670775e-13,7.915225940936576e-14,-1.5398868262238194e-12,1.5695376083676801e-12,-2.9006215252585985e-9,8.982243023517868e-13,-1.0239424508694397e-7,-3.8417816922803793e-13,2.7732253179623284e-12,6.905063651852457e-13,-1.5036267340003726e-12,-1.3111527884925421e-12,2.217439905085645e-5,1.151214680620462e-13,8.385237818219399e-13,6.298280475187244e-13,1.9598818061023772e-14,1.1153728462444946e-11,1.6241631758343742e-12,4.951984481669249e-13,1.7133900709674124e-7,2.2056766919194177e-13,4.289873739773117e-9,-1.4455888334163267e-12,3.3677675837528204e-6,-3.678628801977081e-13,-2.541922149380763e-12,-1.4779226133810634e-14,-3.553099270286076e-10,8.776635901822774e-14,-8.116832865228947e-12,3.0649225345896303e-9,-7.706184999288964e-8,-1.333581016945984e-13,5.017845669237832e-10,-8.937497843896186e-12,9.321106488441675e-8,2.747438887344313e-14,6.488851597039634e-13,4.105764067919994e-13,-5.11179498950945e-7,2.856953126722651e-6,5.975352799214009e-13,1.8213864049602161e-13,-4.3967548425806146e-5,-3.5531574262749785e-13,3.6398515300488884e-9,6.780839477069396e-7,-1.325086116227554e-12,8.531397798785699e-13,1.6250562071890179e-10,-1.3266514080094354e-5,-2.3963807365633655e-13,-1.263590836124833e-13,1.592564213491035e-13,-5.228163762280513e-7,6.630068101279388e-12,2.9627277251157813e-13,2.023520449442553e-12,4.342740880248151e-14,9.69137599336676e-13,2.132056322830789e-9,2.035962538370637e-7,2.5393309736540333e-13,-1.6557826461218462e-8,-2.909755516847356e-14,-5.006656997613408e-13,-5.276998069034189e-5,-7.059022968911831e-11,5.786520994108243e-13,-3.942571257093694e-10,2.9895257171796435e-13,-3.590021491258045e-12,-3.2222116521133165e-9,-3.8201006463378634e-13,-1.5260096775008793e-6,1.0414153705530301e-12,-3.155670785560749e-13
0.0,0.0,0.0,0.0,0.0,0.0,0.0,0.0,0.0,0.0,0.0,0.0,0.0,0.0,0.0,0.0,0.0,0.0,0.0,0.0,0.0,0.0,0.0,0.0,0.0,0.0,0.0,0.0,0.0,0.0,0.0,0.0,0.0,0.0,0.0,0.0,0.0,0.0,0.0,0.0,0.0,0.0,0.0,0.0,0.0,0.0,0.0,0.0,0.0,0.0,0.0,0.0,0.0,0.0,0.0,0.0,0.0,0.0,0.0,0.0,0.0,0.0,0.0,0.0,0.0,0.0,0.0,0.0,0.0,0.0,0.0,0.0,0.0,0.0,0.0,0.0,0.0,0.0,0.0,0.0,0.0,0.0,0.0,0.0,0.0,0.0,0.0,0.0,0.0,0.0,0.0,0.0,0.0,0.0,0.0,0.0,0.0,0.0,0.0,0.0,0.0,0.0,0.0,0.0,0.0,0.0,0.0,0.00027825545607122575,1.9154862626106862e-6,3.1598934827885075e-9,3.806119599259983e-13,7.566923453245861e-13,-1.1938377787633917e-12,1.3286103411259233e-12,1.4634333329204533e-12,2.6124144842290275e-13,-3.454459459038297e-9,-2.1892610777073177e-11,1.5067195382428074e-12,4.380869908989548e-8,7.173319007675479e-13,-2.5323372582615275e-13,-3.5331350990380124e-12,-0.00019140441817469084,-3.5392436397520035e-12,4.940842285195788e-15,1.8758199440363783e-9,-4.940272417137573e-13,7.805308880804946e-13,-1.6423001019208826e-8,5.609527715249425e-9,4.07079430004696e-6,1.4270826721658696e-10,-1.8133066509898884e-12,-1.7412798015848883e-12,-9.430249934280202e-13,1.6213263816493677e-7,-4.1084999766487045e-14,-4.1798978656426667e-10,-1.9712135491222935e-6,-2.322262801466806e-12,-4.73570765970422e-13,-1.804042047892265e-13,3.771947747410929e-13,-5.975982684159085e-11,2.3785320258169506e-12,7.679731942781401e-13,3.137811198498283e-8,-1.3867951748673988e-13,6.57697398429233e-13,-5.130387368430075e-13,1.465687634679195e-9,-4.5253540619357217e-14,-2.4840655016226314e-13,9.337647841051666e-14,9.91243466097105e-14,2.4783799058568977e-9,-4.516990661550574e-13,-2.1374887992630933e-13,6.10573712357192e-13,-4.3334381401297655e-7,9.322083676593276e-13,1.3761753730509662e-12,0.00025314055748563015,1.2770652022602968e-9,-4.282933922455192e-13,-1.2458046773830626e-12,-2.0412301612433283e-12,-3.927924503863739e-13,-8.136251419628518e-8,-6.121862243686378e-5,-1.7075200317607763e-11,2.2467789460026303e-12,3.5463698344216945e-13,-4.827100005991463e-14,-1.3585594887679525e-13,2.0714910914049863e-12,-4.346075513145094e-10,8.341784188164891e-13,-1.5025251615220847e-5,-1.2281630931724654e-12,1.866644387682383e-9,6.291272206001427e-13,5.562823808425959e-13,-1.3682451163637414e-12,6.029703301784194e-13,-2.3785146563497962e-12,0.0003400572745820558,1.61651929139462e-13,3.3430225721945514e-11,-5.644438419900133e-13,4.722897293139274e-12,6.645076503632464e-13,-1.035456426234372e-12,-4.3100862464991733e-13,2.471886908789219e-13,-5.661967639293836e-13,-4.36524562391486e-12,1.312728039256501e-13
0.0,0.0,0.0,0.0,0.0,0.0,0.0,0.0,0.0,0.0,0.0,0.0,0.0,0.0,0.0,0.0,0.0,0.0,0.0,0.0,0.0,0.0,0.0,0.0,0.0,0.0,0.0,0.0,0.0,0.0,0.0,0.0,0.0,0.0,0.0,0.0,0.0,0.0,0.0,0.0,0.0,0.0,0.0,0.0,0.0,0.0,0.0,0.0,0.0,0.0,0.0,0.0,0.0,0.0,0.0,0.0,0.0,0.0,0.0,0.0,0.0,0.0,0.0,0.0,0.0,0.0,0.0,0.0,0.0,0.0,0.0,0.0,0.0,0.0,0.0,0.0,0.0,0.0,0.0,0.0,0.0,0.0,0.0,0.0,0.0,0.0,0.0,0.0,0.0,0.0,0.0,0.0,0.0,0.0,0.0,0.0,0.0,0.0,0.0,0.0,0.0,0.0,0.0,0.0,0.0,0.0,0.0,0.0,0.0002704027682414459,-9.178051800160401e-12,-1.2513806460990613e-12,8.551523028049106e-13,5.325979225774465e-12,1.4107137637508848e-12,1.2302125125241996e-12,1.0213974472746764e-12,-7.004053359642234e-7,-4.4766918234461825e-9,7.698017578609889e-14,8.8793819412599e-6,1.0991522553099982e-12,6.652255448444881e-13,-7.705969431220287e-10,3.303981935606785e-7,-1.2050004047219196e-10,7.102301151210899e-13,3.7995052301741473e-7,-7.434248010955016e-13,2.6657782778226034e-12,3.993667155158654e-11,1.1365807862505225e-6,2.419188049221441e-5,2.9055141427781668e-8,-1.1876918306154834e-12,-6.114130075802566e-13,3.9076448467994964e-11,-3.4282968161275054e-10,7.548306426401203e-13,-9.81007702179224e-13,-6.110164491949148e-5,4.658440429548678e-12,2.2494175099659981e-13,-1.397530335264703e-12,-1.5568057104039749e-12,-1.1997756969351466e-8,-2.9550146196745123e-13,7.07379075859667e-13,-6.425378781948016e-11,9.325909805652897e-13,-4.91319083389625e-13,6.366492711273172e-13,-2.0254215831081372e-12,7.228384314813756e-15,-1.3608512542035686e-12,9.22432760994796e-13,7.714054207502991e-13,-3.425143332878109e-12,-2.4257744810538113e-13,1.0526067165740503e-12,3.9481084675001757e-13,-8.52466003305189e-5,-1.0868143966765552e-13,2.0012547479443935e-13,1.2714449782806996e-6,2.581100279953228e-7,-5.97137335800728e-13,-4.109760874501877e-12,-1.0490093090295995e-12,8.021215214592223e-13,-1.648723091293481e-5,-2.629057761366137e-6,-1.181513911438442e-12,-5.650384059059311e-13,-3.4810935536297536e-13,2.0020564134715543e-12,2.977244689668854e-14,-8.880368937081232e-13,2.042103645903678e-12,-1.6461231432289457e-12,3.195209244466807e-8,2.663140363480405e-13,3.7803348782487303e-7,-1.7032231429761492e-12,-4.2802669651468944e-13,6.071182494003043e-13,-1.0337468815685836e-12,1.846457478109003e-12,6.56439786171536e-7,5.957446749731643e-14,-6.485205508249987e-13,2.009216766775588e-12,-4.118993498803409e-13,2.7574650245566e-10,-7.668176824669123e-13,7.62677689455632e-13,-1.8667238755697224e-12,1.1705442887074212e-13,-1.0639631889599495e-10,-1.2457485777458436e-13
0.0,0.0,0.0,0.0,0.0,0.0,0.0,0.0,0.0,0.0,0.0,0.0,0.0,0.0,0.0,0.0,0.0,0.0,0.0,0.0,0.0,0.0,0.0,0.0,0.0,0.0,0.0,0.0,0.0,0.0,0.0,0.0,0.0,0.0,0.0,0.0,0.0,0.0,0.0,0.0,0.0,0.0,0.0,0.0,0.0,0.0,0.0,0.0,0.0,0.0,0.0,0.0,0.0,0.0,0.0,0.0,0.0,0.0,0.0,0.0,0.0,0.0,0.0,0.0,0.0,0.0,0.0,0.0,0.0,0.0,0.0,0.0,0.0,0.0,0.0,0.0,0.0,0.0,0.0,0.0,0.0,0.0,0.0,0.0,0.0,0.0,0.0,0.0,0.0,0.0,0.0,0.0,0.0,0.0,0.0,0.0,0.0,0.0,0.0,0.0,0.0,0.0,0.0,0.0,0.0,0.0,0.0,0.0,0.0,0.0002677005896481103,-6.384557599735922e-14,3.919543933809823e-12,2.039063365803111e-12,7.049153210234187e-13,-3.0646394617828606e-8,-4.02915391449394e-12,2.0117447788171812e-12,8.124983050861608e-13,-5.969410518586348e-15,2.545794567627066e-12,-1.418159898788639e-13,-1.480304124361091e-12,-3.7376339522380534e-12,-2.954609044667327e-9,-7.920688936148925e-13,-9.206746943805393e-14,-2.062440787781104e-13,2.7413772757215194e-12,1.532837925417829e-12,-1.226457996753342e-5,1.01763367333887e-12,-1.4739344871277648e-11,2.4481983057716093e-12,2.983943276905747e-12,5.384961443809856e-13,6.570639182235199e-13,6.963955703212455e-7,-1.9842913176269345e-13,-5.055087534781638e-5,8.246536040309383e-12,-2.3745159357250044e-12,2.951943276164598e-12,-1.3435147357966003e-13,-5.617896153187946e-8,-1.3053766696588521e-12,4.580555901915645e-14,-1.544283235845712e-12,3.853333102690851e-6,-1.8740050917086362e-14,1.849380804325149e-12,-9.586625205172242e-13,0.00015184603627573393,-1.3784767301707043e-12,-1.3807053258776455e-12,3.861288407424783e-14,1.9439240565290335e-12,0.0002342484822620222,-1.575256041386012e-13,-3.7853421198933185e-13,6.914903835565549e-13,-3.4232052813294665e-12,1.3350683827718378e-9,-3.1440861650824894e-13,-6.296776355817093e-10,1.0679734746089862e-12,1.8869289881652408e-12,-5.444718254026196e-13,-3.132684270285836e-8,2.7293041407708394e-12,-2.5768272274243566e-12,2.06805056288515e-10,-1.7968141097318406e-6,3.97036658733629e-11,-1.3881665344065593e-15,-4.521013412537444e-14,-1.396918594724461e-13,3.2926628415548105e-12,-5.1506722344830555e-5,-7.726719639664327e-13,-1.4971461715254083e-8,2.888960764499825e-13,-3.815588555609511e-12,-1.063660139661986e-12,-2.912799360153447e-9,-5.613950118597383e-13,-2.2058740884712305e-12,-1.67573258365444e-13,-5.518292905132809e-10,-1.5022545933506382e-12,4.30019353663016e-6,-2.9622274750169e-13,7.428348004941649e-7,-8.295549798444016e-13,1.2288963729967472e-7,9.045345329408118e-13,-1.5540734358919536e-12,-7.105353981444828e-13,-1.0227785507008741e-13,-3.165555335508958e-13
0.0,0.0,0.0,0.0,0.0,0.0,0.0,0.0,0.0,0.0,0.0,0.0,0.0,0.0,0.0,0.0,0.0,0.0,0.0,0.0,0.0,0.0,0.0,0.0,0.0,0.0,0.0,0.0,0.0,0.0,0.0,0.0,0.0,0.0,0.0,0.0,0.0,0.0,0.0,0.0,0.0,0.0,0.0,0.0,0.0,0.0,0.0,0.0,0.0,0.0,0.0,0.0,0.0,0.0,0.0,0.0,0.0,0.0,0.0,0.0,0.0,0.0,0.0,0.0,0.0,0.0,0.0,0.0,0.0,0.0,0.0,0.0,0.0,0.0,0.0,0.0,0.0,0.0,0.0,0.0,0.0,0.0,0.0,0.0,0.0,0.0,0.0,0.0,0.0,0.0,0.0,0.0,0.0,0.0,0.0,0.0,0.0,0.0,0.0,0.0,0.0,0.0,0.0,0.0,0.0,0.0,0.0,0.0,0.0,0.0,0.0002633175928741262,3.672897297203574e-13,4.696367889338328e-10,6.622231685097146e-8,2.809715929521337e-13,-1.6948375738782222e-13,2.588715725123536e-12,4.956510681933773e-13,2.8343603062250823e-7,-7.583142682996792e-13,-3.5260418945600416e-6,-3.427634182526204e-8,-1.8027993022581473e-12,1.710643050516183e-12,-6.170531827478744e-12,4.011960070629887e-14,1.6792264620073526e-12,-6.8981063194142466e-15,-4.302676563950759e-7,-1.6440863054553708e-12,1.684960153259696e-12,1.436464628221682e-12,3.7900323655671694e-13,4.476229971594247e-14,-7.802491895808118e-8,9.874931448007744e-12,9.160702333891582e-13,1.843206394875034e-5,1.6042985653010126e-12,-3.9408289763463294e-13,3.3074772715356764e-11,-2.1559641452584868e-14,-1.669417146623066e-6,1.0038052952699161e-13,-2.1295332276499837e-12,-3.160162792265749e-14,-8.154732725363533e-6,-1.8481466320521998e-13,4.738328047148943e-6,-3.0244784136016693e-14,-4.2378360322042636e-5,-2.548021011316891e-13,-7.364811927336031e-14,-5.733454367942586e-14,-7.158814002412273e-6,-2.0708495485053942e-13,-8.687471730142093e-13,3.090750084998172e-13,-5.972118799292484e-6,-6.345423676962137e-9,-2.6521617323801265e-12,-2.089371506877274e-13,-1.316613638966907e-13,-1.0894191829176726e-12,-1.2270399444249717e-12,8.62077501735924e-14,7.421089222210002e-10,-6.996967195679807e-13,3.0597858134315194e-13,1.6879212633234456e-12,1.2078692929303787e-12,-4.54138917110265e-13,-3.598757191096894e-13,-1.8482001313785163e-6,-2.4794067309274184e-8,-2.274669057230395e-5,1.3758597233432548e-13,7.214263449453528e-13,-6.793503922458238e-11,-1.4083137121111934e-12,-5.216368372902449e-7,5.357322489511259e-13,1.3178709391757487e-14,2.5665603099201494e-13,-5.595933949208162e-9,8.134760497199589e-14,1.0018427733414002e-6,-1.5695088603299947e-14,2.535874307214152e-14,-3.047197337697477e-13,-3.0488489057220375e-9,-8.097706957626314e-13,3.217399416866445e-12,1.4560484333265767e-12,1.7083950702880983e-13,-4.387397234670834e-10,-3.982427706650742e-13,-2.226218874960458e-12,2.0359935838173443e-7
0.0,0.0,0.0,0.0,0.0,0.0,0.0,0.0,0.0,0.0,0.0,0.0,0.0,0.0,0.0,0.0,0.0,0.0,0.0,0.0,0.0,0.0,0.0,0.0,0.0,0.0,0.0,0.0,0.0,0.0,0.0,0.0,0.0,0.0,0.0,0.0,0.0,0.0,0.0,0.0,0.0,0.0,0.0,0.0,0.0,0.0,0.0,0.0,0.0,0.0,0.0,0.0,0.0,0.0,0.0,0.0,0.0,0.0,0.0,0.0,0.0,0.0,0.0,0.0,0.0,0.0,0.0,0.0,0.0,0.0,0.0,0.0,0.0,0.0,0.0,0.0,0.0,0.0,0.0,0.0,0.0,0.0,0.0,0.0,0.0,0.0,0.0,0.0,0.0,0.0,0.0,0.0,0.0,0.0,0.0,0.0,0.0,0.0,0.0,0.0,0.0,0.0,0.0,0.0,0.0,0.0,0.0,0.0,0.0,0.0,0.0,0.00025481440500521666,-2.8456819068889777e-13,-1.8501093714678494e-13,8.064035041022347e-11,-2.494048616343722e-5,-1.6782849675479014e-13,6.658065274645162e-13,1.5740996134049136e-13,1.2595792647001889e-13,-2.912240344225356e-14,4.669409555484533e-13,2.903739858900738e-13,1.0206657695251255e-12,7.941895634918532e-14,1.1368773365624003e-6,-3.963951833554103e-13,3.9931346842692047e-5,5.770620366210592e-14,-7.079843568965548e-13,-2.2934428004818638e-12,1.1806232968962893e-13,-9.917963422686748e-13,-1.8758178493253887e-6,-3.8618390840917855e-13,-2.9945950419509684e-13,5.4913802468745e-13,1.214026798423719e-13,-2.8223987423006475e-12,5.984817352502596e-15,1.475886778326959e-13,-6.57502530051903e-5,-2.2882174415816044e-13,3.645081931699958e-12,-1.9075542507935635e-13,-8.55274272551551e-6,6.649357721378853e-14,-1.18480689145269e-12,-1.4048973729748137e-13,1.394730093836891e-7,4.545171606603595e-13,-5.545504165061955e-13,-1.201493692244573e-6,3.012142284016767e-5,3.988718589537673e-14,-1.9529140328445754e-7,-1.3692990823438453e-12,-3.600300579637027e-5,6.524917633124304e-14,2.326633527486015e-13,8.638174337991237e-13,-5.779586561634118e-10,-4.7413541906549836e-6,-1.2093663355661415e-13,-5.813369135745825e-13,-4.6762078110243823e-8,3.023592154032334e-14,2.2171524371662236e-12,-4.146634197811365e-5,-3.3217864042126954e-13,5.282629762116792e-13,1.4316579786140024e-12,-1.5009409859492028e-8,6.899273419146133e-14,-7.630737140099463e-14,4.3360138818794584e-14,0.0001713241523790345,-1.0303198252607286e-14,2.8333133705985654e-13,-1.5515663891481604e-12,1.2795682898964523e-14,-8.645661200756164e-13,-8.35607899016042e-7,2.2914795660098416e-10,1.00570431994276e-13,6.483858423255584e-6,-5.0589090890238495e-14,-1.5042404486003087e-12,7.369492400068531e-7,1.1685559274080077e-12,3.010790528760839e-13,-3.7003829211404315e-12,1.2082893770380485e-14,1.9982014640127842e-12,1.263406878187062e-6,-2.3773656346688774e-13,2.0229024378091443e-5,3.527820381439288e-13,3.828133383581607e-14
0.0,0.0,0.0,0.0,0.0,0.0,0.0,0.0,0.0,0.0,0.0,0.0,0.0,0.0,0.0,0.0,0.0,0.0,0.0,0.0,0.0,0.0,0.0,0.0,0.0,0.0,0.0,0.0,0.0,0.0,0.0,0.0,0.0,0.0,0.0,0.0,0.0,0.0,0.0,0.0,0.0,0.0,0.0,0.0,0.0,0.0,0.0,0.0,0.0,0.0,0.0,0.0,0.0,0.0,0.0,0.0,0.0,0.0,0.0,0.0,0.0,0.0,0.0,0.0,0.0,0.0,0.0,0.0,0.0,0.0,0.0,0.0,0.0,0.0,0.0,0.0,0.0,0.0,0.0,0.0,0.0,0.0,0.0,0.0,0.0,0.0,0.0,0.0,0.0,0.0,0.0,0.0,0.0,0.0,0.0,0.0,0.0,0.0,0.0,0.0,0.0,0.0,0.0,0.0,0.0,0.0,0.0,0.0,0.0,0.0,0.0,0.0,0.00024946637440922834,2.388058637897602e-6,-1.691418070096742e-13,2.5628041910403324e-13,-1.0220023249475093e-9,-1.2717685828460954e-7,9.477145864656908e-13,5.762924207708077e-11,-1.849218338181254e-13,-4.39831001913332e-6,-6.402623640631804e-7,-1.1388167951356087e-12,-3.036452477704628e-6,4.9705034529356384e-14,1.735285025161183e-9,1.1896561171535882e-13,-7.623855334780902e-8,8.499043752101861e-13,2.1596710519402528e-10,1.2674521893157851e-12,5.3410908216491725e-9,-1.887113606439532e-13,-3.6339695887574394e-7,5.098306503762e-6,7.506837268598073e-13,-5.929209762262463e-12,-7.76938594849428e-13,-5.534058280591016e-13,2.0380486197963913e-5,3.9539357945321057e-13,-9.942592987175482e-9,2.562236207239463e-12,-1.1702783013850682e-8,-2.296446213728169e-14,-1.7116366003287806e-9,-4.789064672949901e-13,-2.1089335328365258e-12,-1.4580257065466509e-13,-2.713063913829058e-10,-6.54742523727595e-13,2.6357021053060605e-15,1.0701139992732091e-13,2.5005511018277587e-12,-7.56131092197151e-14,1.2982453618221633e-13,9.476047200088344e-14,8.89831106864388e-13,-3.088647665584307e-5,-1.1256967301971569e-12,3.3257436885381295e-13,-3.9270964297645274e-13,8.000219158209512e-13,2.3390249965480707e-9,-3.6235056618789756e-13,2.1890605279078142e-5,-3.4555377789953253e-13,4.78666574084759e-14,-1.7694023081644218e-11,7.886665800772212e-13,6.831149850624857e-13,2.472917114850321e-13,2.246691854713879e-12,-2.3603275705637635e-6,-2.2744562630778514e-10,-2.338251480519728e-13,-2.56659391496397e-13,-5.1346183068041465e-5,1.731815885068945e-13,3.221168223724409e-14,2.435650624472873e-9,-5.818924422062324e-14,2.0163130141893417e-13,-1.600449562346283e-5,-1.8162521022493118e-13,3.212517460502938e-8,-4.2772748418440615e-13,3.5980448716404114e-13,-2.2356761338817797e-12,-6.534965898020263e-6,2.599818837628881e-13,1.2597323558600497e-6,-9.510082917793543e-13,6.150576509007533e-14,-5.751463144578549e-5,1.2995357915328876e-13,-1.741649108246666e-6,1.9279605904894043e-7
0.0,0.0,0.0,0.0,0.0,0.0,0.0,0.0,0.0,0.0,0.0,0.0,0.0,0.0,0.0,0.0,0.0,0.0,0.0,0.0,0.0,0.0,0.0,0.0,0.0,0.0,0.0,0.0,0.0,0.0,0.0,0.0,0.0,0.0,0.0,0.0,0.0,0.0,0.0,0.0,0.0,0.0,0.0,0.0,0.0,0.0,0.0,0.0,0.0,0.0,0.0,0.0,0.0,0.0,0.0,0.0,0.0,0.0,0.0,0.0,0.0,0.0,0.0,0.0,0.0,0.0,0.0,0.0,0.0,0.0,0.0,0.0,0.0,0.0,0.0,0.0,0.0,0.0,0.0,0.0,0.0,0.0,0.0,0.0,0.0,0.0,0.0,0.0,0.0,0.0,0.0,0.0,0.0,0.0,0.0,0.0,0.0,0.0,0.0,0.0,0.0,0.0,0.0,0.0,0.0,0.0,0.0,0.0,0.0,0.0,0.0,0.0,0.0,0.0002420428073278332,8.484449936671793e-13,1.4674928860378682e-13,1.8642216663541427e-12,3.8510756444068227e-10,-2.6218419267901017e-11,1.816602236580459e-12,3.0244266037203255e-10,-0.0001676374395536145,1.9406118616846745e-9,1.2660245920846765e-12,9.206606998609132e-9,5.0318884187076766e-14,-3.0496259546327214e-12,-2.0490627346213236e-14,-1.0998231956125955e-5,6.217770221975143e-13,-3.271280906016446e-13,1.4924676006615323e-12,-1.6609931102077752e-11,-1.3201705666358369e-13,-5.149436906254977e-5,-1.5464101776193088e-8,2.4103516456711927e-15,-1.553489480999294e-9,-2.5075834686039512e-12,8.509832543130791e-13,-6.145563877575206e-8,-4.312539985937911e-14,-1.4344022585601322e-6,-1.5059538606376476e-12,3.573246299150173e-11,-1.8520261099166238e-13,-2.4675248816422696e-7,-1.0461016800943878e-12,-4.031559189094687e-10,1.4663554379788287e-13,-3.970349024125501e-8,-1.1129765628303112e-12,3.438865079997109e-13,4.005355477033438e-13,6.026604747103331e-10,-3.0772056682970964e-14,-1.5510819141034979e-12,-3.2370464504598606e-13,4.986525191085828e-10,-3.2715873410358124e-5,-1.3842652313526942e-12,-2.452206942045988e-13,2.5060371984120576e-13,-1.4869666516431811e-12,-4.637048682854154e-12,4.212634366091549e-13,3.6254421638070613e-6,-4.243228969339077e-13,1.2784616321056282e-13,8.357189852768223e-13,-9.162579270777997e-13,-9.362690614874228e-13,-2.0617497014976775e-13,1.6194739934692666e-10,-0.00011778590621206166,-3.3324085466299266e-8,3.04328104059609e-13,-2.466254063564772e-14,1.4636108317070888e-7,1.6372863530343167e-12,4.293601662377237e-11,-4.590242277569637e-12,-2.877844626013573e-13,3.154890649786001e-13,-2.8943515082921594e-5,-1.94092157558193e-14,4.634835192275333e-6,-1.85094110405153e-12,-1.5360247001759195e-13,-4.901087991361436e-13,-1.5795179599305758e-5,8.498479756474287e-13,-3.822142128619402e-9,-1.1990702846761392e-13,-7.706240394994973e-14,-1.7352632477696303e-6,2.439348410263572e-13,5.280136784589334e-9,2.7765468942723865e-5
0.0,0.0,0.0,0.0,0.0,0.0,0.0,0.0,0.0,0.0,0.0,0.0,0.0,0.0,0.0,0.0,0.0,0.0,0.0,0.0,0.0,0.0,0.0,0.0,0.0,0.0,0.0,0.0,0.0,0.0,0.0,0.0,0.0,0.0,0.0,0.0,0.0,0.0,0.0,0.0,0.0,0.0,0.0,0.0,0.0,0.0,0.0,0.0,0.0,0.0,0.0,0.0,0.0,0.0,0.0,0.0,0.0,0.0,0.0,0.0,0.0,0.0,0.0,0.0,0.0,0.0,0.0,0.0,0.0,0.0,0.0,0.0,0.0,0.0,0.0,0.0,0.0,0.0,0.0,0.0,0.0,0.0,0.0,0.0,0.0,0.0,0.0,0.0,0.0,0.0,0.0,0.0,0.0,0.0,0.0,0.0,0.0,0.0,0.0,0.0,0.0,0.0,0.0,0.0,0.0,0.0,0.0,0.0,0.0,0.0,0.0,0.0,0.0,0.0,0.0002240317459822222,1.9514478711332248e-12,-5.128581152971508e-13,2.1944148219231214e-13,2.3594528997248064e-13,1.2983351591908805e-12,-4.1182736334434665e-13,2.1187575340754334e-12,4.188436906134594e-13,-3.9890269878937583e-13,9.048508199638837e-13,-1.9665092274255575e-12,-4.240292429309393e-13,-5.616512798104903e-12,1.323530394188637e-12,-5.241729993380279e-10,-1.4127153426349411e-12,-2.2028193619511723e-12,-1.1253563216662377e-13,-2.0982808842941912e-9,-6.767379070963437e-14,-1.381299921868038e-13,2.9168848817347944e-11,-3.6093296257755217e-13,2.5861865456802255e-8,-5.000151678618231e-13,-1.2049695968301906e-13,8.874180543580122e-12,2.0409449224531311e-13,1.982916915187471e-5,4.799942628488229e-13,-3.1650156278275926e-10,-3.064102873540675e-13,1.6642491392229149e-10,6.365197706643334e-13,2.7501321543819535e-12,-2.0790354388899972e-13,-8.652603550311238e-9,-1.5505792523189397e-12,-4.1673517998269785e-12,-4.4710539427101096e-13,7.271991883188883e-13,-4.88306371788255e-9,5.427448209673473e-12,-2.8949773622532213e-13,1.1375837875031594e-13,3.1749793015326448e-12,-1.3924170764282891e-5,-2.671351901014862e-10,-1.6261027270178876e-12,-1.7737541255036522e-12,-4.226599464301032e-8,-4.0948211339758714e-13,1.6798354001199252e-5,-5.119027233105073e-11,2.495998727531053e-13,-1.328292231543272e-12,7.706579574873601e-7,-4.3181229852889105e-7,-2.372831918932906e-13,8.818263421529248e-13,-8.215589949608632e-13,-1.4226833960224003e-11,1.5872762142532695e-8,-1.327512761852821e-12,2.1263279387358296e-12,-4.746917026922893e-13,-2.7070576958200826e-12,5.40761373124423e-13,3.0420864666517426e-5,-7.99529566299113e-13,2.24856224926052e-13,3.7261707875534375e-13,1.7212273200208846e-13,4.739509553560403e-9,-3.157386317495007e-7,-7.518759201298668e-13,-1.8263204156718052e-6,-1.667469411003717e-12,-2.1954734452897884e-8,-1.978458653953236e-12,3.912014134346054e-13,1.3769195590192645e-10,1.1264097565076146e-12,1.011518649685292e-12
0.0,0.0,0.0,0.0,0.0,0.0,0.0,0.0,0.0,0.0,0.0,0.0,0.0,0.0,0.0,0.0,0.0,0.0,0.0,0.0,0.0,0.0,0.0,0.0,0.0,0.0,0.0,0.0,0.0,0.0,0.0,0.0,0.0,0.0,0.0,0.0,0.0,0.0,0.0,0.0,0.0,0.0,0.0,0.0,0.0,0.0,0.0,0.0,0.0,0.0,0.0,0.0,0.0,0.0,0.0,0.0,0.0,0.0,0.0,0.0,0.0,0.0,0.0,0.0,0.0,0.0,0.0,0.0,0.0,0.0,0.0,0.0,0.0,0.0,0.0,0.0,0.0,0.0,0.0,0.0,0.0,0.0,0.0,0.0,0.0,0.0,0.0,0.0,0.0,0.0,0.0,0.0,0.0,0.0,0.0,0.0,0.0,0.0,0.0,0.0,0.0,0.0,0.0,0.0,0.0,0.0,0.0,0.0,0.0,0.0,0.0,0.0,0.0,0.0,0.0,0.0002233336758749147,-4.162879561314221e-13,1.1357505492273893e-12,-4.497442316308798e-14,1.142406488731028e-12,-1.5571949507244158e-13,-1.644586598106954e-14,3.950849872277909e-13,4.746900052662052e-13,-6.980988708584496e-13,-1.4545138047862435e-5,-2.3755048331124705e-13,-6.490771596806731e-5,1.836337790010237e-13,-2.491110290500465e-13,-6.994844598344978e-13,-6.251630893293397e-13,6.345338162763178e-13,-6.378641443357228e-8,-5.286576829924884e-14,-3.2411538126516576e-13,-1.8273442968358163e-12,2.498013517283676e-14,-1.5598751466259925e-12,1.286001478093883e-12,5.603027141289913e-15,3.1748033322799416e-5,-2.344832500889653e-13,-2.4880902621332325e-12,2.6849295159068315e-13,-2.906525812071225e-7,2.2617494442591265e-14,-1.358276914614128e-12,-1.4765074727921183e-13,-1.7847960194589952e-6,6.977149342279084e-14,-8.863580321051383e-13,1.5334124948089103e-5,-8.644062189970025e-5,1.2953552950109956e-13,2.4989240983499147e-6,4.5207474906463485e-13,2.346621845596883e-5,-1.0803644998629706e-13,-3.4637945308262095e-13,7.033147408554795e-13,-2.1468662934462075e-11,-1.611756357416158e-7,-3.7354761252317115e-13,-8.905953508981841e-13,-1.5896297244148747e-9,1.4072395049799917e-13,-8.656294390375612e-14,-1.3280971918229729e-6,-6.156293602789319e-13,9.485748520179346e-13,1.4858166456034667e-12,-5.097828845363842e-10,-2.8362089916306652e-14,-2.218103333400629e-14,3.1493542581122103e-15,-6.899348073980573e-6,-1.741180180376218e-12,2.333599743502954e-13,1.536737359543796e-12,1.1214355822244228e-13,-1.5441858170777392e-12,1.0643999177422613e-5,1.0644685236432059e-11,2.88788981248012e-13,-8.039931087265932e-5,1.6028560078807482e-13,-2.0062879155173553e-12,2.5057279705585897e-8,2.5392015031191414e-12,2.8314151824327287e-13,-1.0545844662130523e-12,1.463910885481969e-13,1.7403514770171474e-12,-1.616058422968773e-5,7.320375437592768e-14,6.836112256085146e-7,-1.0562185296882594e-13,-4.786157673872828e-13
0.0,0.0,0.0,0.0,0.0,0.0,0.0,0.0,0.0,0.0,0.0,0.0,0.0,0.0,0.0,0.0,0.0,0.0,0.0,0.0,0.0,0.0,0.0,0.0,0.0,0.0,0.0,0.0,0.0,0.0,0.0,0.0,0.0,0.0,0.0,0.0,0.0,0.0,0.0,0.0,0.0,0.0,0.0,0.0,0.0,0.0,0.0,0.0,0.0,0.0,0.0,0.0,0.0,0.0,0.0,0.0,0.0,0.0,0.0,0.0,0.0,0.0,0.0,0.0,0.0,0.0,0.0,0.0,0.0,0.0,0.0,0.0,0.0,0.0,0.0,0.0,0.0,0.0,0.0,0.0,0.0,0.0,0.0,0.0,0.0,0.0,0.0,0.0,0.0,0.0,0.0,0.0,0.0,0.0,0.0,0.0,0.0,0.0,0.0,0.0,0.0,0.0,0.0,0.0,0.0,0.0,0.0,0.0,0.0,0.0,0.0,0.0,0.0,0.0,0.0,0.0,0.0002070326101789247,1.8801517347436956e-6,6.153621106005508e-13,-1.710583710464421e-5,-2.0334205025543437e-12,-4.580528303093374e-12,3.2380525141851397e-7,3.3991886506109443e-10,5.0945112257127194e-8,-1.0126945361055968e-12,-0.0001482395707117004,-3.899389039415557e-13,-1.6916471274039839e-12,2.1303587637002454e-12,-5.960054146071332e-5,2.470880796158494e-8,-1.2192972006930544e-5,-1.2097174649220417e-14,-1.6668791259897803e-12,-1.4717408311601137e-8,-2.960674443693503e-14,1.1570005820612058e-12,1.193239088622137e-12,-5.898567481580792e-8,-2.1783903148624744e-9,1.0898691152345737e-12,1.4507691962249954e-13,-2.369103129999288e-12,5.036079311534397e-6,-1.4856442890178064e-13,7.232841179377042e-13,5.559100360474201e-13,-1.4602994514018238e-12,1.8165020108288196e-14,-1.2404052657171882e-12,-1.6158716709362808e-12,-1.2960869442977576e-12,-1.399520719286093e-12,9.396617831529461e-14,3.397173681234695e-13,-2.79621109450647e-12,2.1710117576238295e-12,-3.535492652089054e-12,-4.439596081997325e-11,9.170839614428846e-7,1.932428646164089e-12,9.95470761922147e-13,1.3050412773776174e-9,-0.00010525828942073562,3.948543348895101e-13,3.485539773877995e-11,-5.840324779923198e-14,5.657270599221437e-13,5.430569429224728e-6,-2.695274973052765e-9,-2.9719203568789696e-12,1.1165158527695822e-12,-1.7913059390483935e-12,-2.1437986042267175e-12,-1.3349735422099011e-12,2.290824420194877e-13,1.0752828357322822e-12,9.057594242634212e-10,3.353466221511608e-11,-2.2086532133065651e-13,-0.0001514849681982321,1.9340476122743636e-13,-3.1335181073658685e-13,-2.0529635505782447e-11,1.832302920550792e-13,-1.2691498052541305e-12,6.753658906068852e-10,-1.1402294071697838e-12,4.513825015355731e-12,-8.509927688147208e-12,9.54948684485433e-13,-1.1619971043904983e-7,2.8897031686154035e-12,-8.716726879837435e-13,-8.05019658358059e-11,-3.621678134579239e-14,4.4785672437344766e-8,-1.865841634409163e-12
0.0,0.0,0.0,0.0,0.0,0.0,0.0,0.0,0.0,0.0,0.0,0.0,0.0,0.0,0.0,0.0,0.0,0.0,0.0,0.0,0.0,0.0,0.0,0.0,0.0,0.0,0.0,0.0,0.0,0.0,0.0,0.0,0.0,0.0,0.0,0.0,0.0,0.0,0.0,0.0,0.0,0.0,0.0,0.0,0.0,0.0,0.0,0.0,0.0,0.0,0.0,0.0,0.0,0.0,0.0,0.0,0.0,0.0,0.0,0.0,0.0,0.0,0.0,0.0,0.0,0.0,0.0,0.0,0.0,0.0,0.0,0.0,0.0,0.0,0.0,0.0,0.0,0.0,0.0,0.0,0.0,0.0,0.0,0.0,0.0,0.0,0.0,0.0,0.0,0.0,0.0,0.0,0.0,0.0,0.0,0.0,0.0,0.0,0.0,0.0,0.0,0.0,0.0,0.0,0.0,0.0,0.0,0.0,0.0,0.0,0.0,0.0,0.0,0.0,0.0,0.0,0.0,0.00018493450701351439,-1.1267402433355995e-12,5.144861619181855e-8,-4.2313956229743516e-13,-5.763885830546408e-10,4.488565870622166e-5,2.7825071436939207e-12,7.082326109023467e-6,3.642510391838646e-13,-2.062249450975458e-6,-3.124039753739954e-13,-2.2044722496373143e-13,-2.1118536247100956e-12,1.7128708903302835e-7,-6.649536692517845e-11,-1.0844509961568951e-5,5.518439718716556e-13,3.3924411875112405e-11,-2.046714188540971e-6,1.9550543436676274e-12,1.9734555479574263e-12,-7.925529622775998e-13,1.8130470108148916e-10,-3.027288314473272e-7,-1.0467243618196426e-13,-1.0559089286474926e-13,-2.040006265059004e-12,2.3934188139524344e-5,-7.895192453581483e-13,3.8321703376855995e-12,5.62316232376116e-13,-1.9036828023719653e-12,-6.984386801078913e-13,1.4238666148782938e-12,8.731282978801681e-13,-6.64852140803856e-13,1.4165734488838402e-12,-1.946109557165831e-12,-1.2875384996121292e-12,1.667335270102111e-12,-6.470264182977853e-14,-8.287085019017841e-13,-6.455558304656588e-9,-2.7547667972059437e-9,-5.730597587066089e-13,-8.819969896147913e-13,-3.246210998528922e-12,-3.7427864215669036e-6,4.969388782706172e-13,4.588610062290404e-9,3.9292555315274784e-13,1.9724001696519333e-12,-1.633663929666064e-8,7.611204206390536e-12,9.20748737535221e-13,-2.771606435438909e-13,-6.556658409624545e-13,-2.509003460425689e-10,3.5602250129556445e-12,7.356729547049331e-13,1.3996471923867637e-12,1.2537310204983526e-7,2.1618937085714194e-13,1.9576211691455324e-12,-3.469343814389377e-6,-1.5761281752781005e-12,8.476102238503897e-13,-3.326592532176649e-9,7.656414026890471e-13,-2.4634945833207365e-12,-9.23306612053886e-13,-1.9144045789572755e-13,8.651652631726999e-13,-1.3510957179386634e-9,1.3420583145192897e-12,-1.6151576057494713e-5,-3.5360939122835218e-12,1.1442743341830266e-12,-1.1318870373836024e-8,-1.2049002238361815e-12,6.226247201504205e-6,-1.4455228559417498e-11
0.0,0.0,0.0,0.0,0.0,0.0,0.0,0.0,0.0,0.0,0.0,0.0,0.0,0.0,0.0,0.0,0.0,0.0,0.0,0.0,0.0,0.0,0.0,0.0,0.0,0.0,0.0,0.0,0.0,0.0,0.0,0.0,0.0,0.0,0.0,0.0,0.0,0.0,0.0,0.0,0.0,0.0,0.0,0.0,0.0,0.0,0.0,0.0,0.0,0.0,0.0,0.0,0.0,0.0,0.0,0.0,0.0,0.0,0.0,0.0,0.0,0.0,0.0,0.0,0.0,0.0,0.0,0.0,0.0,0.0,0.0,0.0,0.0,0.0,0.0,0.0,0.0,0.0,0.0,0.0,0.0,0.0,0.0,0.0,0.0,0.0,0.0,0.0,0.0,0.0,0.0,0.0,0.0,0.0,0.0,0.0,0.0,0.0,0.0,0.0,0.0,0.0,0.0,0.0,0.0,0.0,0.0,0.0,0.0,0.0,0.0,0.0,0.0,0.0,0.0,0.0,0.0,0.0,0.00017904053936818515,-5.4922960935350935e-14,-1.955176855488464e-5,-2.291461516745454e-12,-3.3304018954462596e-13,2.1591024391868682e-12,3.4729770192881033e-12,3.85573123050558e-14,1.6365579077760572e-12,-1.7334911115376876e-13,2.088812717459365e-10,-5.984277564438303e-13,-7.234886024626109e-13,-2.8680416736950876e-12,1.189101039579816e-12,6.583983535290546e-14,2.8114727557723994e-11,-3.7649371683520014e-12,1.3948866659688868e-13,8.002733633487756e-7,1.1181790927036556e-12,2.1525491848159565e-12,2.934882717719906e-12,9.691472576014863e-14,8.126331894813092e-10,1.0064121484031803e-14,-7.21941461423704e-13,1.3241759134439589e-13,3.995422186480097e-9,-7.78570776761873e-13,3.1237377274999887e-6,-7.305218133485957e-14,1.955276414833767e-8,6.082815326894533e-13,1.2636469094495445e-13,-6.47116722077898e-14,-1.2324882063419682e-6,1.4449226139295186e-14,2.6594375106910557e-13,-8.695231534632919e-14,-7.432528878169853e-7,-1.565237560414403e-12,1.171396160075089e-12,1.205528896135788e-13,-4.5945061110486585e-14,-8.906745697441567e-13,1.2220322628050262e-12,-1.4489422722924523e-13,3.017077535333184e-12,-1.4246089127582351e-13,2.2986795747019217e-13,-1.872273317972567e-12,9.148163025550323e-13,-1.2086892959368675e-13,-2.7530827477642913e-15,-1.6061528996622722e-5,-3.37232612996216e-12,1.0772522482087172e-8,-1.6616952551707714e-14,6.876937469482211e-13,2.441626337067035e-12,-1.3295529344325603e-16,-7.845020851731639e-5,2.8931873166492952e-12,-3.412749216708633e-14,-8.416904970708706e-14,2.5315876878187513e-12,-5.0812815469558787e-14,-4.843199672242272e-10,-1.6970704264761719e-12,-2.6755252282314137e-14,1.7871863502649666e-13,8.325653839862716e-13,-1.0954796184045253e-13,4.065406027378692e-12,-3.8349453739211e-14,5.129194229566433e-14,1.1347503299266681e-12,1.2304472538370996e-14,4.744646814175471e-12,-9.784935833032108e-11
0.0,0.0,0.0,0.0,0.0,0.0,0.0,0.0,0.0,0.0,0.0,0.0,0.0,0.0,0.0,0.0,0.0,0.0,0.0,0.0,0.0,0.0,0.0,0.0,0.0,0.0,0.0,0.0,0.0,0.0,0.0,0.0,0.0,0.0,0.0,0.0,0.0,0.0,0.0,0.0,0.0,0.0,0.0,0.0,0.0,0.0,0.0,0.0,0.0,0.0,0.0,0.0,0.0,0.0,0.0,0.0,0.0,0.0,0.0,0.0,0.0,0.0,0.0,0.0,0.0,0.0,0.0,0.0,0.0,0.0,0.0,0.0,0.0,0.0,0.0,0.0,0.0,0.0,0.0,0.0,0.0,0.0,0.0,0.0,0.0,0.0,0.0,0.0,0.0,0.0,0.0,0.0,0.0,0.0,0.0,0.0,0.0,0.0,0.0,0.0,0.0,0.0,0.0,0.0,0.0,0.0,0.0,0.0,0.0,0.0,0.0,0.0,0.0,0.0,0.0,0.0,0.0,0.0,0.0,0.00017717283996988818,-2.366132049047338e-12,3.838178571211474e-13,-3.784868504203371e-9,-4.984074291828182e-9,-6.034789522600875e-10,-9.221790251605848e-13,-3.4668573830905714e-6,-7.410209705126007e-13,5.374846435201011e-13,-4.315566272076244e-12,2.6600641672049374e-5,-3.636302005909824e-7,-3.447406623853537e-7,1.4537007519706813e-12,-6.601145554487265e-13,1.7968834647930954e-10,5.193847248619072e-12,-4.155650210341005e-13,-1.770554217404595e-13,8.680263847177432e-7,2.4593458480554485e-11,-2.8311565247390797e-12,-1.1617510394848891e-12,-3.8434100554868826e-12,1.3687298000116143e-7,-4.2167393777477337e-13,-4.710350864441023e-12,2.9100736219806773e-12,-1.392108477519721e-13,9.696895626275791e-13,-2.07639900151447e-12,1.532106533741664e-12,7.845424990481903e-13,3.98814438204915e-13,5.571843808146557e-13,1.1881708037765042e-13,-1.6026913831350589e-12,-2.400689951062029e-12,-1.3703134355948968e-12,1.1672570558012876e-12,-1.3491898010187036e-5,6.453053269635992e-13,-3.593085438855323e-13,-1.9217168107793175e-8,-2.7942036469182732e-6,1.3999999828928616e-12,-6.38080537608239e-13,-2.612197716864683e-12,-6.347964818798733e-14,-7.762915840104339e-5,3.9733035937920685e-8,-9.353304199080905e-13,9.222630528019377e-13,-2.4169913296847404e-12,5.854774297330518e-13,2.391095819794221e-15,7.651258379661833e-13,7.455017330405311e-16,-1.1570647632038843e-11,-4.805018055593693e-10,-1.7933573638619993e-13,-3.834405964858583e-6,4.554515152259749e-14,2.423611111963174e-12,3.132570420467328e-12,-2.8562306048162003e-15,-7.218899240274478e-13,-9.919879639856872e-9,-2.9798146689393757e-13,2.649304172909855e-13,1.113518596925971e-13,-4.7819863665778906e-14,1.3730915578435556e-9,7.017124524721088e-13,-1.217245098932434e-12,2.755458776533016e-12,-6.066663174805393e-13,-5.302116039321191e-10,8.218857624790485e-13
0.0,0.0,0.0,0.0,0.0,0.0,0.0,0.0,0.0,0.0,0.0,0.0,0.0,0.0,0.0,0.0,0.0,0.0,0.0,0.0,0.0,0.0,0.0,0.0,0.0,0.0,0.0,0.0,0.0,0.0,0.0,0.0,0.0,0.0,0.0,0.0,0.0,0.0,0.0,0.0,0.0,0.0,0.0,0.0,0.0,0.0,0.0,0.0,0.0,0.0,0.0,0.0,0.0,0.0,0.0,0.0,0.0,0.0,0.0,0.0,0.0,0.0,0.0,0.0,0.0,0.0,0.0,0.0,0.0,0.0,0.0,0.0,0.0,0.0,0.0,0.0,0.0,0.0,0.0,0.0,0.0,0.0,0.0,0.0,0.0,0.0,0.0,0.0,0.0,0.0,0.0,0.0,0.0,0.0,0.0,0.0,0.0,0.0,0.0,0.0,0.0,0.0,0.0,0.0,0.0,0.0,0.0,0.0,0.0,0.0,0.0,0.0,0.0,0.0,0.0,0.0,0.0,0.0,0.0,0.0,0.00017407842585689582,7.4273480510044e-11,-5.690455959868766e-12,1.2003719046690353e-12,6.106565199762305e-13,-9.053674807550053e-14,-2.8370655731035285e-12,9.785149980287567e-14,-2.6507421659917493e-9,-4.2357527056682345e-13,2.715868933966473e-12,-1.0536183109573074e-13,-5.069478584858819e-13,2.8174168982518595e-13,-3.946572752467502e-10,-2.8284104881154987e-12,-1.5252759364298506e-12,-1.0145867006345363e-5,5.980510729725575e-14,2.1161289785788618e-13,2.097919015504325e-12,1.0968251873916767e-13,-1.0360323828816233e-8,3.7746759735278196e-13,-1.3114084921278393e-12,1.6478937839366716e-13,-5.0597341663154376e-8,6.069418502056096e-13,-3.894256587482239e-5,4.2470861234534813e-14,-2.4792807502691387e-7,4.100117074041493e-13,8.42079591349382e-14,4.402817057005208e-15,1.5592216764430775e-5,8.887172357020704e-14,-2.9216522632038117e-13,2.7194060992850863e-13,9.411937300299595e-6,2.0417718454285838e-11,-1.1136410545093098e-12,-4.700424881289892e-13,-9.068526830407625e-14,-1.9391128336221383e-12,-1.1104575742691269e-12,2.1991610070067623e-14,-3.2921159215015474e-12,7.947708106802463e-13,5.690860119289946e-14,3.766511321981588e-14,-4.410470301072984e-14,-1.3331945075548898e-13,-2.0810350007749983e-13,0.00010778582203145136,5.146543226750805e-11,-1.3664780907422887e-7,-3.9503004748081003e-14,-2.685330844188925e-13,1.1444327075923259e-12,-7.240869786859887e-13,2.8086569593222948e-5,-3.291381633026852e-12,-1.550632270511008e-13,5.63798314128745e-14,2.1583968532437295e-11,-2.1446836972982516e-13,6.213055955137239e-9,-9.51236835620032e-13,1.1965271847070197e-13,8.801669043944755e-13,1.353432057767844e-11,2.745008479229943e-13,1.0365122173155356e-12,7.525405505716753e-13,1.682037813881099e-14,2.593719712177047e-12,-6.070029714645781e-14,3.590987282502845e-12,1.2114165921695163e-9
0.0,0.0,0.0,0.0,0.0,0.0,0.0,0.0,0.0,0.0,0.0,0.0,0.0,0.0,0.0,0.0,0.0,0.0,0.0,0.0,0.0,0.0,0.0,0.0,0.0,0.0,0.0,0.0,0.0,0.0,0.0,0.0,0.0,0.0,0.0,0.0,0.0,0.0,0.0,0.0,0.0,0.0,0.0,0.0,0.0,0.0,0.0,0.0,0.0,0.0,0.0,0.0,0.0,0.0,0.0,0.0,0.0,0.0,0.0,0.0,0.0,0.0,0.0,0.0,0.0,0.0,0.0,0.0,0.0,0.0,0.0,0.0,0.0,0.0,0.0,0.0,0.0,0.0,0.0,0.0,0.0,0.0,0.0,0.0,0.0,0.0,0.0,0.0,0.0,0.0,0.0,0.0,0.0,0.0,0.0,0.0,0.0,0.0,0.0,0.0,0.0,0.0,0.0,0.0,0.0,0.0,0.0,0.0,0.0,0.0,0.0,0.0,0.0,0.0,0.0,0.0,0.0,0.0,0.0,0.0,0.0,0.00016746889387875939,-3.0690497780614523e-9,1.6018202220414985e-12,-1.5274943511520763e-8,3.027276488620104e-13,1.8553307081129276e-13,-7.902817450532678e-13,-2.7832685075220174e-6,1.1524376496926662e-12,3.003721921988444e-12,7.652539263377061e-14,-1.1711813075822636e-11,-7.853913284815174e-13,-1.2471465191041773e-5,2.5669894994362106e-8,6.605674205132659e-13,-3.8486963773097677e-10,-1.9804652132420477e-12,-2.5473908777300824e-12,1.0207313982054448e-7,-3.8652513860590114e-13,-3.6317028394896347e-7,-4.4514736702784e-13,1.8586947175306264e-11,-1.0482559811018542e-12,-6.24773833636862e-8,-3.7660759250291736e-12,-8.638146309459676e-11,3.0538437365177135e-14,-1.0049136086288958e-8,-6.14730205025498e-13,4.2051781135202685e-13,6.251582783209797e-13,1.416009536516975e-10,-6.250814574639988e-13,1.316383770632717e-13,-5.222370281087967e-13,1.1414382462451542e-10,5.420602909275853e-5,-3.606408915592562e-12,-7.447742701675175e-13,2.769623234815084e-13,9.313287576284851e-14,-2.2419782656368065e-12,-8.460001882783811e-13,-6.020526379727552e-6,-4.815515088768083e-13,2.4916872674690676e-13,-1.7243960525720799e-12,-4.454370715060332e-13,-1.2172687192948731e-12,-2.3450130304763287e-13,-2.9391489166884515e-12,8.57873248908275e-5,-8.434630958359212e-9,1.8998985342479652e-13,-8.223080082783485e-13,-2.430891172606435e-7,1.444054505141173e-12,-7.833877499958451e-12,-4.927754355025215e-13,-4.3891232905592935e-13,-9.387935628491723e-13,4.784250554651528e-5,3.2006906138117065e-13,1.1733996830350126e-6,-2.4404432755170104e-12,-3.066552859228918e-14,1.5383513425373031e-12,2.6054311469432096e-5,4.6163816339747426e-14,6.294766092929075e-9,1.6054935241800224e-12,2.1081376116769278e-13,2.88209485028485e-6,-5.926445216565404e-13,-8.750670092453056e-9,6.9977068775826056e-6
0.0,0.0,0.0,0.0,0.0,0.0,0.0,0.0,0.0,0.0,0.0,0.0,0.0,0.0,0.0,0.0,0.0,0.0,0.0,0.0,0.0,0.0,0.0,0.0,0.0,0.0,0.0,0.0,0.0,0.0,0.0,0.0,0.0,0.0,0.0,0.0,0.0,0.0,0.0,0.0,0.0,0.0,0.0,0.0,0.0,0.0,0.0,0.0,0.0,0.0,0.0,0.0,0.0,0.0,0.0,0.0,0.0,0.0,0.0,0.0,0.0,0.0,0.0,0.0,0.0,0.0,0.0,0.0,0.0,0.0,0.0,0.0,0.0,0.0,0.0,0.0,0.0,0.0,0.0,0.0,0.0,0.0,0.0,0.0,0.0,0.0,0.0,0.0,0.0,0.0,0.0,0.0,0.0,0.0,0.0,0.0,0.0,0.0,0.0,0.0,0.0,0.0,0.0,0.0,0.0,0.0,0.0,0.0,0.0,0.0,0.0,0.0,0.0,0.0,0.0,0.0,0.0,0.0,0.0,0.0,0.0,0.0,0.0001667428136130117,2.2339752436554878e-13,3.7524842999088485e-5,2.0613517276938685e-13,1.6116904226536833e-7,-1.480774603044546e-12,-1.4514234531211598e-11,2.1063502895836918e-12,-1.2782325076470159e-8,-1.6995839564223733e-11,8.472560397617252e-7,-2.0047313611047215e-13,-7.795078714090097e-11,-1.0875091605471515e-5,-5.638111834192869e-12,-5.412083444813403e-12,-3.2048212702870843e-12,-9.800684766228405e-13,-1.6090115318057411e-6,-3.762812815303645e-13,-7.1497277094362886e-12,9.022947455149852e-13,-1.8573277891180295e-6,-1.0226875172366777e-12,-2.3918285319945216e-12,2.0325234455951533e-12,4.574493209597187e-12,6.051174643562748e-13,-4.733879551510352e-12,-2.7095473854710084e-12,1.6274848870999565e-13,2.851866982798582e-13,-1.2578588711356872e-12,2.2229091912670792e-13,3.87710197777377e-12,-2.674468440978175e-13,3.689382644255104e-12,-3.331862877597485e-8,-9.696869388542044e-11,1.5755750469968303e-13,-1.1783578967695861e-12,-1.7756600818876254e-12,2.925640187917276e-7,-9.71347609305793e-13,2.427072257819156e-8,-6.210236326652889e-14,-1.3526086660825819e-13,-4.865684522500898e-10,-1.2231246258694749e-12,-1.995874109930675e-12,-2.639975302418236e-12,3.901224607797188e-12,2.329108421055281e-10,-3.3420719003100263e-12,4.0806219691888615e-13,-3.3185173974742953e-12,6.663384067754795e-7,-1.7352035922355215e-12,-1.476659785848968e-13,2.7116892214494303e-7,8.924130178940529e-15,5.745564419573296e-13,-1.6776236123734242e-8,6.17966934627539e-13,6.772915852379736e-12,-9.82059408779901e-13,1.1623321314932393e-12,-2.52233567375417e-12,-6.689258284120429e-9,-1.5659754223158162e-12,-8.320400294127179e-5,1.5174205422515782e-12,2.0134692653130296e-14,-6.010738489152822e-8,-1.3431438426458605e-13,3.291169153425737e-5,3.159766689835257e-11
0.0,0.0,0.0,0.0,0.0,0.0,0.0,0.0,0.0,0.0,0.0,0.0,0.0,0.0,0.0,0.0,0.0,0.0,0.0,0.0,0.0,0.0,0.0,0.0,0.0,0.0,0.0,0.0,0.0,0.0,0.0,0.0,0.0,0.0,0.0,0.0,0.0,0.0,0.0,0.0,0.0,0.0,0.0,0.0,0.0,0.0,0.0,0.0,0.0,0.0,0.0,0.0,0.0,0.0,0.0,0.0,0.0,0.0,0.0,0.0,0.0,0.0,0.0,0.0,0.0,0.0,0.0,0.0,0.0,0.0,0.0,0.0,0.0,0.0,0.0,0.0,0.0,0.0,0.0,0.0,0.0,0.0,0.0,0.0,0.0,0.0,0.0,0.0,0.0,0.0,0.0,0.0,0.0,0.0,0.0,0.0,0.0,0.0,0.0,0.0,0.0,0.0,0.0,0.0,0.0,0.0,0.0,0.0,0.0,0.0,0.0,0.0,0.0,0.0,0.0,0.0,0.0,0.0,0.0,0.0,0.0,0.0,0.0,0.00016637831743571206,7.691963436298131e-13,4.681619530463112e-12,-2.1778328267562124e-11,-1.0938194311933225e-12,2.513654438488776e-12,2.4479449525843362e-8,2.332060210501129e-10,1.0930691109550594e-6,-2.800602462519516e-12,-9.005649358699293e-13,-1.37976665148496e-12,-4.063217297338735e-12,-2.43832008201699e-7,-6.435527427428389e-14,-2.5546821964139495e-10,-4.3121628579512263e-7,1.730436121615849e-12,-1.5358222166360813e-12,1.7172828372142662e-12,-1.4175385530944163e-13,-8.37674077592399e-14,6.581566600838398e-12,1.4200418363985132e-12,-4.7132672133934534e-8,-3.137589604107537e-12,7.572405603907165e-13,2.5930736391796304e-13,4.869326619197164e-10,-2.562154920692819e-13,-2.3305658566082614e-12,1.4555870598492652e-12,-7.983680739549242e-13,4.3010097081601116e-10,1.099084212119862e-12,4.176780049191878e-13,-1.0151547307416277e-12,4.7395940341877516e-8,-4.82145238302724e-14,3.2032377011102822e-12,4.927034962011774e-5,-1.4139129821814316e-11,1.1746866978218772e-12,-3.6752603554085e-12,-3.875642307185733e-12,-1.0340992778492995e-12,7.593094071350142e-9,-1.6552802678855793e-5,-1.3104570848757787e-11,2.1056229999843007e-12,1.1942769888820555e-12,1.4823332020119052e-12,-1.1518419475933204e-12,3.9646401536689726e-12,-2.5715558218516827e-10,-2.28375500652388e-12,2.2540494293816037e-5,-9.256126805522797e-13,-2.988301975924518e-11,9.267334184336351e-13,2.658381262648124e-12,-3.0544471098244715e-12,-9.707269843315036e-13,-3.735760281941522e-12,4.326554406967293e-5,1.241069664363357e-12,2.501303193688338e-11,-8.135797700289924e-13,5.085715303888364e-12,-2.63621522479001e-12,-4.389502830762677e-12,1.2615266215376143e-12,-1.2706614789284954e-12,-7.054555846533176e-13,-4.397799853976125e-12,2.7267071061857007e-13
0.0,0.0,0.0,0.0,0.0,0.0,0.0,0.0,0.0,0.0,0.0,0.0,0.0,0.0,0.0,0.0,0.0,0.0,0.0,0.0,0.0,0.0,0.0,0.0,0.0,0.0,0.0,0.0,0.0,0.0,0.0,0.0,0.0,0.0,0.0,0.0,0.0,0.0,0.0,0.0,0.0,0.0,0.0,0.0,0.0,0.0,0.0,0.0,0.0,0.0,0.0,0.0,0.0,0.0,0.0,0.0,0.0,0.0,0.0,0.0,0.0,0.0,0.0,0.0,0.0,0.0,0.0,0.0,0.0,0.0,0.0,0.0,0.0,0.0,0.0,0.0,0.0,0.0,0.0,0.0,0.0,0.0,0.0,0.0,0.0,0.0,0.0,0.0,0.0,0.0,0.0,0.0,0.0,0.0,0.0,0.0,0.0,0.0,0.0,0.0,0.0,0.0,0.0,0.0,0.0,0.0,0.0,0.0,0.0,0.0,0.0,0.0,0.0,0.0,0.0,0.0,0.0,0.0,0.0,0.0,0.0,0.0,0.0,0.0,0.00014404183763551146,-4.0203114319638025e-13,-1.2324581439487146e-8,-7.865910889239086e-13,-7.749165747911803e-11,5.8325997009151e-12,9.723256753724626e-10,5.8858414566565545e-12,-6.484167277657965e-8,-3.4353663979429643e-12,-3.616931328200445e-10,-5.8098277666014955e-5,5.408444626365024e-14,-9.80383726404949e-13,4.421414844417631e-12,2.6110410568865245e-12,-8.843801472591402e-6,-7.74421667840944e-14,-1.4742670956361964e-11,1.1375387471185843e-12,1.4215350237120974e-7,6.637971515628306e-13,1.6883987890784069e-12,1.6600638493647195e-12,8.114063711896786e-13,2.908535091431738e-13,1.0208330299671666e-11,-1.445879732667167e-14,-5.540414421995149e-13,-1.4177047743294044e-13,-3.8094659546214125e-12,8.327334507010153e-14,1.0479213890556067e-12,5.311828813656488e-13,-3.944781317497841e-12,-1.831934102265467e-7,1.1816180161571247e-11,-2.047867697941475e-13,8.672981391186305e-13,1.914632892977728e-12,-2.2391576866816947e-8,5.038592680931673e-13,1.33469382809498e-7,1.8834497163614855e-15,2.4983939452613465e-13,3.636591720418717e-11,9.192134453947665e-13,-3.207298695349158e-14,9.066671966443121e-13,9.639917350841116e-13,1.2842014999815494e-9,7.16594129703689e-12,-2.132239872780915e-13,2.425219089700507e-12,3.6635245367011017e-6,-1.0965776016637245e-12,1.007641491805283e-12,-2.075271963412653e-8,1.1103808009793642e-13,6.805553498283298e-13,-9.222502232280487e-8,9.038584349900777e-15,3.112537804923878e-11,3.0956646704483066e-12,5.938001594292141e-13,4.40636191201489e-12,-3.6755731683320555e-8,-6.252529307465254e-13,-6.493610791543309e-5,5.948113566011885e-13,3.194588715258147e-13,-3.3045499844314236e-7,-1.3892173823932219e-12,9.518070430914758e-5,2.1707728957509747e-10
0.0,0.0,0.0,0.0,0.0,0.0,0.0,0.0,0.0,0.0,0.0,0.0,0.0,0.0,0.0,0.0,0.0,0.0,0.0,0.0,0.0,0.0,0.0,0.0,0.0,0.0,0.0,0.0,0.0,0.0,0.0,0.0,0.0,0.0,0.0,0.0,0.0,0.0,0.0,0.0,0.0,0.0,0.0,0.0,0.0,0.0,0.0,0.0,0.0,0.0,0.0,0.0,0.0,0.0,0.0,0.0,0.0,0.0,0.0,0.0,0.0,0.0,0.0,0.0,0.0,0.0,0.0,0.0,0.0,0.0,0.0,0.0,0.0,0.0,0.0,0.0,0.0,0.0,0.0,0.0,0.0,0.0,0.0,0.0,0.0,0.0,0.0,0.0,0.0,0.0,0.0,0.0,0.0,0.0,0.0,0.0,0.0,0.0,0.0,0.0,0.0,0.0,0.0,0.0,0.0,0.0,0.0,0.0,0.0,0.0,0.0,0.0,0.0,0.0,0.0,0.0,0.0,0.0,0.0,0.0,0.0,0.0,0.0,0.0,0.0,0.00014311230287270514,-3.655933589981436e-12,-1.878792129461468e-6,1.1204185161009421e-14,-3.860924048153938e-14,-6.473237523729212e-13,1.9183816057090413e-12,7.621028726718255e-13,-1.9467797343636333e-9,-3.5533887431568327e-13,-5.898796617350467e-13,1.2172946997437756e-14,1.8052958331533052e-13,1.8098149840617385e-13,2.359766082736196e-13,-1.1795912651826821e-13,9.570998439302167e-7,-2.938581135841959e-13,2.0479769911839302e-12,5.320226679171286e-14,-8.851775362267708e-9,1.392188914517359e-13,-5.199889345183322e-14,-3.743424821463973e-14,2.468347497117916e-5,-8.369143657823662e-14,-1.349453495777668e-12,-3.04709793677643e-5,-2.336166688587121e-6,1.6195998657338898e-13,-3.410927628173732e-5,-4.633490039047161e-12,7.042484924203636e-7,-1.3266922386077114e-13,-8.089290616533967e-13,3.0998490023838777e-13,-1.8989856122036234e-12,-4.9055220833937595e-9,-3.6368948691764455e-13,-2.3645381105852454e-12,-4.412886651226256e-11,-2.685852197540491e-13,1.2829819098121248e-12,-4.044414446963229e-8,-3.90725993808654e-13,1.621812786467883e-12,3.946196629856948e-12,-1.2095430667008709e-11,4.119789136748904e-14,-2.595630218298847e-13,-2.6171363374131465e-13,-2.099407499469613e-7,1.1652034517049159e-12,-3.2687222175916813e-13,8.88327990239826e-13,4.738600475560918e-14,-3.4123757637610078e-12,-1.458341890137997e-5,1.5637779870876382e-13,-5.017777567756175e-13,2.564561572796309e-5,-4.6466883645688794e-14,-6.990199917993795e-13,7.726784036184843e-10,2.088712655808912e-12,-6.176294790200665e-13,-7.063519776066765e-14,-3.8018376383221386e-13,8.155243579770923e-13,0.00011019245571662406,5.092939532880047e-13,2.081201128432189e-8,4.378568469465202e-13,-9.4009323843683e-14
0.0,0.0,0.0,0.0,0.0,0.0,0.0,0.0,0.0,0.0,0.0,0.0,0.0,0.0,0.0,0.0,0.0,0.0,0.0,0.0,0.0,0.0,0.0,0.0,0.0,0.0,0.0,0.0,0.0,0.0,0.0,0.0,0.0,0.0,0.0,0.0,0.0,0.0,0.0,0.0,0.0,0.0,0.0,0.0,0.0,0.0,0.0,0.0,0.0,0.0,0.0,0.0,0.0,0.0,0.0,0.0,0.0,0.0,0.0,0.0,0.0,0.0,0.0,0.0,0.0,0.0,0.0,0.0,0.0,0.0,0.0,0.0,0.0,0.0,0.0,0.0,0.0,0.0,0.0,0.0,0.0,0.0,0.0,0.0,0.0,0.0,0.0,0.0,0.0,0.0,0.0,0.0,0.0,0.0,0.0,0.0,0.0,0.0,0.0,0.0,0.0,0.0,0.0,0.0,0.0,0.0,0.0,0.0,0.0,0.0,0.0,0.0,0.0,0.0,0.0,0.0,0.0,0.0,0.0,0.0,0.0,0.0,0.0,0.0,0.0,0.0,0.00013225505537975155,-7.138341132680424e-13,-7.480916884761542e-12,2.6984625380167565e-12,-1.4759636872771312e-5,-2.8191556075841873e-9,1.847581177027167e-5,-1.8160613951567636e-12,-7.143973069506022e-13,-1.4937669697697723e-9,2.283617667630661e-12,1.1725197817366565e-12,4.5970297924208956e-12,6.73368252231658e-9,-2.378672427843384e-10,3.34903140482615e-13,6.156974986718643e-13,-3.529047974452823e-12,-7.343216731148447e-6,-1.4832381711716963e-12,-2.9658767921520073e-12,8.378818736233841e-13,-1.3377336757189117e-12,2.6295542968199525e-12,7.946548027198857e-13,-7.875037479282073e-12,-3.706347009924732e-12,-2.283518912507619e-12,5.3436037893860454e-12,1.1070641035922296e-12,-4.15119167031663e-12,4.276907449551828e-12,-1.8167514052875987e-12,1.6851844824777391e-13,-1.0456851112464663e-7,3.898445825265552e-12,2.9227925651707127e-12,-1.5337906893501174e-10,0.00013442215670042375,1.1282798123494572e-12,8.537972553296087e-12,-4.390688202006991e-12,1.1313525887081824e-12,-5.59951557766913e-7,3.078518072755123e-10,-2.783499941289254e-12,2.904199669108365e-12,-3.687931900912214e-12,7.123115127553651e-12,-7.24084474268855e-13,9.167636553026436e-13,1.7656605854884635e-12,1.0801353977931604e-10,-2.2864230342537196e-12,1.4508816019044562e-12,0.0001700502740614111,-6.350058900232176e-13,1.473998509614812e-12,4.179854806305998e-12,1.2255356137582475e-12,-5.971854724974651e-13,-7.450581623472752e-11,-4.098499902491545e-12,8.405987160722725e-12,2.495554994809686e-12,4.014342007329533e-12,2.1754547862728593e-8,9.399261155684824e-12,-5.855642353345884e-13,-1.0261103658172791e-11,-9.6264141606065e-13,-2.845714621966515e-9,-6.304595447488388e-12
0.0,0.0,0.0,0.0,0.0,0.0,0.0,0.0,0.0,0.0,0.0,0.0,0.0,0.0,0.0,0.0,0.0,0.0,0.0,0.0,0.0,0.0,0.0,0.0,0.0,0.0,0.0,0.0,0.0,0.0,0.0,0.0,0.0,0.0,0.0,0.0,0.0,0.0,0.0,0.0,0.0,0.0,0.0,0.0,0.0,0.0,0.0,0.0,0.0,0.0,0.0,0.0,0.0,0.0,0.0,0.0,0.0,0.0,0.0,0.0,0.0,0.0,0.0,0.0,0.0,0.0,0.0,0.0,0.0,0.0,0.0,0.0,0.0,0.0,0.0,0.0,0.0,0.0,0.0,0.0,0.0,0.0,0.0,0.0,0.0,0.0,0.0,0.0,0.0,0.0,0.0,0.0,0.0,0.0,0.0,0.0,0.0,0.0,0.0,0.0,0.0,0.0,0.0,0.0,0.0,0.0,0.0,0.0,0.0,0.0,0.0,0.0,0.0,0.0,0.0,0.0,0.0,0.0,0.0,0.0,0.0,0.0,0.0,0.0,0.0,0.0,0.0,0.00011204507004645251,-6.243169669421967e-14,-2.05592994552104e-12,-9.315062660497882e-13,8.800752233630245e-13,6.631250505516148e-13,1.646942896980422e-7,4.961796178997777e-13,2.3653142280010485e-13,-2.40276874378868e-12,1.579265410089402e-13,7.565330199631051e-13,1.4070294848617266e-12,-5.523494370396395e-13,-7.637889812202328e-5,3.6352674953940046e-13,-4.090004352535532e-12,2.97933236752611e-12,7.50493484911316e-7,-3.9992333826960693e-13,-1.0981408537701956e-12,2.6540211307889934e-14,1.1931395238722693e-7,-1.9085054590966824e-13,-5.43670499920788e-12,2.0044062067598717e-6,8.796772054354655e-5,1.4670703530944658e-14,-1.5948051341813377e-7,2.424862297728151e-12,-5.4601978231742404e-5,-5.996208590636255e-14,4.848443788370421e-13,-2.3480218088550665e-13,4.8621721595139494e-11,4.161673877092162e-7,2.505963175250347e-12,3.0316525482340187e-13,4.105727666951231e-9,-3.7854476892315666e-13,3.463718852488032e-12,3.42915166316771e-6,-1.5592212496925402e-12,-2.2548064171665157e-12,4.477438210511588e-13,1.3234855665757124e-9,2.0439294611444124e-13,5.183999150065527e-13,2.3156974587452994e-13,1.7734161343130276e-5,1.1301175980302435e-12,-1.0354808363697404e-13,5.588917657067039e-12,-1.585479548786536e-13,9.879218595500495e-14,1.493516408447796e-6,-1.2532633461036468e-11,2.5785013388364234e-14,-1.1848664571172413e-5,-2.354911214790797e-13,1.947177052269881e-12,-6.471278458127383e-8,4.4829284891711865e-12,-2.8152976172305054e-13,3.60084290841905e-12,-1.984633423187569e-12,-3.8411982136939457e-13,-8.172001955763111e-7,4.714274435731156e-13,-1.7651564020282645e-6,5.314156088424226e-13,7.403573626572334e-14
0.0,0.0,0.0,0.0,0.0,0.0,0.0,0.0,0.0,0.0,0.0,0.0,0.0,0.0,0.0,0.0,0.0,0.0,0.0,0.0,0.0,0.0,0.0,0.0,0.0,0.0,0.0,0.0,0.0,0.0,0.0,0.0,0.0,0.0,0.0,0.0,0.0,0.0,0.0,0.0,0.0,0.0,0.0,0.0,0.0,0.0,0.0,0.0,0.0,0.0,0.0,0.0,0.0,0.0,0.0,0.0,0.0,0.0,0.0,0.0,0.0,0.0,0.0,0.0,0.0,0.0,0.0,0.0,0.0,0.0,0.0,0.0,0.0,0.0,0.0,0.0,0.0,0.0,0.0,0.0,0.0,0.0,0.0,0.0,0.0,0.0,0.0,0.0,0.0,0.0,0.0,0.0,0.0,0.0,0.0,0.0,0.0,0.0,0.0,0.0,0.0,0.0,0.0,0.0,0.0,0.0,0.0,0.0,0.0,0.0,0.0,0.0,0.0,0.0,0.0,0.0,0.0,0.0,0.0,0.0,0.0,0.0,0.0,0.0,0.0,0.0,0.0,0.0,0.00011065063523317606,-1.3415567596934201e-13,8.748078828867406e-13,-5.834608516788355e-12,1.1415647436077554e-12,-5.714939990669971e-13,2.2836615278626133e-5,1.541508055858178e-10,-2.4221810439399144e-12,2.1660028917447136e-8,5.006051247709649e-13,-2.006810857038964e-12,7.508225323638092e-10,-4.732606945235988e-13,2.017769430330675e-5,1.4672774577872551e-12,-6.4641552822286464e-12,8.051783853054012e-13,3.4810091899668703e-6,1.4204931844032298e-12,4.707210360563472e-9,5.996029533981103e-13,5.601084573631528e-7,1.1313300711689627e-12,-3.6110887490256376e-13,2.714219873391409e-13,-8.171573719357014e-9,7.250046324232832e-14,-2.4128162263435017e-12,1.4524233825267832e-13,-6.89663514426252e-9,3.971776239021998e-7,5.016794627005818e-12,8.779390597260181e-13,1.2541986567514543e-13,-6.020153552406981e-12,1.0033589254011635e-12,-1.128778791076309e-12,-4.4266189070848534e-8,1.0033589254011635e-12,-1.2541986567514543e-13,7.0235124778081445e-12,1.0033589254011635e-12,-1.7558781194520361e-12,-1.2541986567514545e-12,4.093704415636747e-10,-5.418419137665396e-7,4.701338580859692e-7,-8.152291268884454e-13,2.006717850802327e-12,-1.785978887214071e-9,-4.515115164305236e-12,1.9866506722943038e-10,2.006717850802327e-12,0.0,-8.779390597260181e-13,3.492652284964434e-7,3.7625959702543633e-13,-6.345919713526959e-5,-5.518474089706399e-12,-1.3796185224265998e-12,1.7558781194520361e-12,1.8958065551884823e-7,-1.2541986567514545e-12,-1.0033589254011636e-11,-1.0033589254011635e-12,-3.135496641878636e-13,2.1200974093726585e-8,-4.3896952986300903e-13,8.026871403209308e-12,-6.886088626621284e-5
0.0,0.0,0.0,0.0,0.0,0.0,0.0,0.0,0.0,0.0,0.0,0.0,0.0,0.0,0.0,0.0,0.0,0.0,0.0,0.0,0.0,0.0,0.0,0.0,0.0,0.0,0.0,0.0,0.0,0.0,0.0,0.0,0.0,0.0,0.0,0.0,0.0,0.0,0.0,0.0,0.0,0.0,0.0,0.0,0.0,0.0,0.0,0.0,0.0,0.0,0.0,0.0,0.0,0.0,0.0,0.0,0.0,0.0,0.0,0.0,0.0,0.0,0.0,0.0,0.0,0.0,0.0,0.0,0.0,0.0,0.0,0.0,0.0,0.0,0.0,0.0,0.0,0.0,0.0,0.0,0.0,0.0,0.0,0.0,0.0,0.0,0.0,0.0,0.0,0.0,0.0,0.0,0.0,0.0,0.0,0.0,0.0,0.0,0.0,0.0,0.0,0.0,0.0,0.0,0.0,0.0,0.0,0.0,0.0,0.0,0.0,0.0,0.0,0.0,0.0,0.0,0.0,0.0,0.0,0.0,0.0,0.0,0.0,0.0,0.0,0.0,0.0,0.0,0.0,0.00010935582068845009,4.217971539338836e-12,-7.627030803012892e-11,4.088809685091144e-12,-4.362877864090645e-13,1.0393965350630179e-12,7.708636426046165e-13,-8.777532831595639e-6,-6.781072512124419e-13,-1.666928210518661e-6,3.8864077949315145e-11,4.080069142383858e-12,-6.784143054777163e-12,-2.677152216482793e-12,-1.8773851183008664e-9,-2.503895320593054e-12,8.267723420850625e-13,9.36480638010601e-13,-4.734236767685061e-5,5.714504548744887e-14,6.795569437331204e-12,-1.3771688397430053e-12,3.11827328834802e-6,-2.1977215822925198e-12,7.442321134731085e-14,-9.676399101685856e-13,3.1534866902650425e-12,2.7324336074144917e-6,-3.149685577513281e-12,4.1709008254828586e-13,5.081067885921953e-13,-1.0152390764046311e-11,-1.6243825231244274e-11,-2.030478153886301e-12,-3.1492716169236797e-9,-3.0457172298293442e-12,-8.121912617545421e-12,-2.03053245897318e-12,-1.0193000333269313e-9,8.121912616006794e-12,8.6163137746812e-21,1.0599095964101964e-9,-6.290015225585835e-8,4.060956306541701e-12,-1.2690483440670998e-12,-2.0311428755680374e-12,-2.283711171869147e-12,-1.000107848846925e-21,-1.6192007429830184e-6,-1.5228608065356256e-12,1.8374405959355104e-7,-1.2690486025565129e-12,2.4618039356232002e-21,-3.045717231060246e-12,4.670099754184673e-11,4.2847205138734676e-16,-5.076195384638822e-12,9.37388520601982e-13,-2.737084551652911e-9,-3.0457172327527366e-12,1.5052949794976972e-7,3.0459498050634563e-12,2.600027276248276e-8,8.121912603851636e-12,4.304613686563917e-9,-1.015239077404739e-12,2.600895857985911e-17,1.0152390764815624e-12,2.0304781638873796e-12,-1.0997163246575044e-12
0.0,0.0,0.0,0.0,0.0,0.0,0.0,0.0,0.0,0.0,0.0,0.0,0.0,0.0,0.0,0.0,0.0,0.0,0.0,0.0,0.0,0.0,0.0,0.0,0.0,0.0,0.0,0.0,0.0,0.0,0.0,0.0,0.0,0.0,0.0,0.0,0.0,0.0,0.0,0.0,0.0,0.0,0.0,0.0,0.0,0.0,0.0,0.0,0.0,0.0,0.0,0.0,0.0,0.0,0.0,0.0,0.0,0.0,0.0,0.0,0.0,0.0,0.0,0.0,0.0,0.0,0.0,0.0,0.0,0.0,0.0,0.0,0.0,0.0,0.0,0.0,0.0,0.0,0.0,0.0,0.0,0.0,0.0,0.0,0.0,0.0,0.0,0.0,0.0,0.0,0.0,0.0,0.0,0.0,0.0,0.0,0.0,0.0,0.0,0.0,0.0,0.0,0.0,0.0,0.0,0.0,0.0,0.0,0.0,0.0,0.0,0.0,0.0,0.0,0.0,0.0,0.0,0.0,0.0,0.0,0.0,0.0,0.0,0.0,0.0,0.0,0.0,0.0,0.0,0.0,0.00010141756892163679,2.7641517531113896e-8,7.743194045311835e-7,-9.46526096947323e-13,-8.175295430141391e-13,-6.678009799299793e-11,1.7179031466823862e-11,3.70735176931421e-12,7.36944554845584e-13,-6.595892833894322e-8,-1.479678876024501e-11,-2.281672863346679e-13,8.101995628014347e-12,6.220303387634835e-12,-3.087413656760014e-7,-1.1256876667229498e-12,5.235819226714995e-12,8.685629201517713e-12,2.3711506448522446e-12,-1.0139076770091324e-12,-3.38911081663645e-12,3.0711050296521124e-12,-4.6116292663406745e-12,-2.345924227063264e-12,-2.586045299879519e-12,-5.661511371967476e-13,-7.116936279045724e-13,-2.3631878442909546e-13,1.3815535999520552e-12,1.0943622295100152e-11,1.0245145449458244e-6,6.568229643108148e-12,2.73676215632354e-12,1.3421082516089557e-9,4.046212959071793e-6,-3.831466554612347e-12,-6.567847059259514e-12,-1.0946624450001616e-12,3.284114150839316e-12,5.485723536531361e-6,-2.979786589126579e-9,2.6160416869813925e-15,-1.6420574018517996e-12,-2.1894131367345266e-12,2.194083563980034e-12,-3.2881696742075855e-12,4.37881932376401e-12,-3.2167717089012203e-12,1.546883650856084e-17,-1.5333509511954796e-11,-5.473525806780651e-12,3.4566706203634445e-6,-1.0947047025111756e-12,-5.47354349319897e-13,1.091692136410309e-12,2.736764151699187e-13,6.020910585286417e-12,6.414971437845871e-10,-4.378819178159863e-12,-6.260559003634865e-15,-1.0963402410882942e-12,2.1883283140337492e-12,9.129838272873791e-10,-1.0948838500416604e-12,1.0947048741115603e-12,-6.568411850506764e-12,4.926171692886027e-12,-1.1822812170545022e-10,4.972799742484161e-12
0.0,0.0,0.0,0.0,0.0,0.0,0.0,0.0,0.0,0.0,0.0,0.0,0.0,0.0,0.0,0.0,0.0,0.0,0.0,0.0,0.0,0.0,0.0,0.0,0.0,0.0,0.0,0.0,0.0,0.0,0.0,0.0,0.0,0.0,0.0,0.0,0.0,0.0,0.0,0.0,0.0,0.0,0.0,0.0,0.0,0.0,0.0,0.0,0.0,0.0,0.0,0.0,0.0,0.0,0.0,0.0,0.0,0.0,0.0,0.0,0.0,0.0,0.0,0.0,0.0,0.0,0.0,0.0,0.0,0.0,0.0,0.0,0.0,0.0,0.0,0.0,0.0,0.0,0.0,0.0,0.0,0.0,0.0,0.0,0.0,0.0,0.0,0.0,0.0,0.0,0.0,0.0,0.0,0.0,0.0,0.0,0.0,0.0,0.0,0.0,0.0,0.0,0.0,0.0,0.0,0.0,0.0,0.0,0.0,0.0,0.0,0.0,0.0,0.0,0.0,0.0,0.0,0.0,0.0,0.0,0.0,0.0,0.0,0.0,0.0,0.0,0.0,0.0,0.0,0.0,0.0,9.720533572153605e-5,-6.667979142530654e-11,8.099911292360748e-13,2.8199472030127177e-12,5.749358426489598e-13,7.730170896529298e-10,5.916442838122507e-13,-6.518196050493178e-12,-5.234158441551774e-5,-2.4954368769984085e-12,7.254533582388437e-13,3.2259019211690577e-12,-4.764077620228952e-12,2.314125784536049e-11,-1.5047123978806953e-12,6.414326361130559e-12,1.192665348245939e-10,-4.278588661941477e-12,-1.0351082416703175e-12,9.19549303489729e-13,1.161338521441131e-11,-6.183802427913948e-13,-2.495542977665925e-12,-2.9228750770636635e-12,4.689837871102755e-13,-5.098128143087306e-12,-2.6144511097904353e-12,-6.812329185322535e-13,2.072845444212078e-14,5.906045063055783e-6,-4.570448691795267e-12,1.1413622436097846e-12,6.645475531034278e-6,-3.4195320945145794e-10,2.2853672051974944e-12,3.4256352228235537e-12,-4.884334979544881e-16,-4.569495755792418e-12,9.443849655045376e-7,-1.4696251710885155e-5,2.2349298705521557e-12,1.1426121108390857e-12,-1.1414958984681915e-12,4.535419464554981e-12,-5.419186920911763e-13,5.1383940542578e-12,-1.2695600540227224e-12,-4.568676643291943e-12,-7.252130376179464e-8,-1.1405746684360417e-12,-2.885238905350635e-10,2.2845930244265867e-12,7.995186662858306e-12,-1.1214883603987936e-12,-3.4265079659905896e-12,-2.668615084723104e-12,3.230624015805628e-6,2.8565978498495377e-12,-7.87688244767319e-12,-2.2725906716379572e-12,-3.406647918555912e-12,-7.112464631617916e-12,-1.1384532446940977e-12,-1.7135251992435305e-12,-1.1390016955692025e-12,-3.998897259325167e-12,-7.961372748682498e-12,-1.0987541578212656e-11
0.0,0.0,0.0,0.0,0.0,0.0,0.0,0.0,0.0,0.0,0.0,0.0,0.0,0.0,0.0,0.0,0.0,0.0,0.0,0.0,0.0,0.0,0.0,0.0,0.0,0.0,0.0,0.0,0.0,0.0,0.0,0.0,0.0,0.0,0.0,0.0,0.0,0.0,0.0,0.0,0.0,0.0,0.0,0.0,0.0,0.0,0.0,0.0,0.0,0.0,0.0,0.0,0.0,0.0,0.0,0.0,0.0,0.0,0.0,0.0,0.0,0.0,0.0,0.0,0.0,0.0,0.0,0.0,0.0,0.0,0.0,0.0,0.0,0.0,0.0,0.0,0.0,0.0,0.0,0.0,0.0,0.0,0.0,0.0,0.0,0.0,0.0,0.0,0.0,0.0,0.0,0.0,0.0,0.0,0.0,0.0,0.0,0.0,0.0,0.0,0.0,0.0,0.0,0.0,0.0,0.0,0.0,0.0,0.0,0.0,0.0,0.0,0.0,0.0,0.0,0.0,0.0,0.0,0.0,0.0,0.0,0.0,0.0,0.0,0.0,0.0,0.0,0.0,0.0,0.0,0.0,0.0,9.43860120917323e-5,1.7724503737471794e-12,-8.665502214061453e-13,-1.0750092430050079e-8,5.094485987890928e-12,2.294877089735511e-12,9.826633925589931e-13,1.290652301319281e-10,-1.7576099981912985e-9,6.907797155311354e-13,-4.103066109192243e-12,2.342192470667843e-12,-5.119528771198716e-5,-5.569904810096764e-13,-1.1420081580825102e-12,2.8686581468234134e-12,1.7958625619893146e-12,-2.7242588804043588e-12,-4.286263689017051e-12,-5.024066280059799e-12,4.767821310931801e-13,-6.337863804726735e-13,-3.3225191838367032e-12,-1.1058537321697131e-13,-2.038435326523665e-12,-3.827025627487111e-12,4.298765182076893e-12,-3.302980668032964e-11,-2.495875341109538e-9,-2.4064026744899642e-12,-3.257160343330312e-12,5.447145789984962e-12,2.0516786059144097e-5,3.1434380165385584e-14,2.5932095029763427e-11,2.9496694998000844e-12,2.0315058766393623e-12,-1.340855640210741e-8,-9.462067374872092e-12,-1.1735530284493913e-12,-1.1627863292903397e-12,1.7955699049849513e-14,-7.068991083702597e-12,-2.3312270695533233e-12,-3.5919106428090355e-14,-1.079725424505731e-12,7.316324986057403e-10,-1.1096587400146707e-12,2.3974163067201518e-12,1.019368905238069e-5,-3.813856090989327e-12,-1.7598930154013627e-12,-1.6480793096987466e-11,-8.844408838605012e-13,6.59941013441528e-12,4.0772848977067e-12,-2.9047201054073477e-12,3.5222988448152883e-12,-7.0508485853629635e-12,1.1571767794301329e-12,1.5586081111283627e-7,-2.343721126937742e-12,-5.971108531546941e-13,-6.581681998963581e-11,8.417775521882654e-13,-2.0369466255199322e-8,-3.9129877952882066e-12
0.0,0.0,0.0,0.0,0.0,0.0,0.0,0.0,0.0,0.0,0.0,0.0,0.0,0.0,0.0,0.0,0.0,0.0,0.0,0.0,0.0,0.0,0.0,0.0,0.0,0.0,0.0,0.0,0.0,0.0,0.0,0.0,0.0,0.0,0.0,0.0,0.0,0.0,0.0,0.0,0.0,0.0,0.0,0.0,0.0,0.0,0.0,0.0,0.0,0.0,0.0,0.0,0.0,0.0,0.0,0.0,0.0,0.0,0.0,0.0,0.0,0.0,0.0,0.0,0.0,0.0,0.0,0.0,0.0,0.0,0.0,0.0,0.0,0.0,0.0,0.0,0.0,0.0,0.0,0.0,0.0,0.0,0.0,0.0,0.0,0.0,0.0,0.0,0.0,0.0,0.0,0.0,0.0,0.0,0.0,0.0,0.0,0.0,0.0,0.0,0.0,0.0,0.0,0.0,0.0,0.0,0.0,0.0,0.0,0.0,0.0,0.0,0.0,0.0,0.0,0.0,0.0,0.0,0.0,0.0,0.0,0.0,0.0,0.0,0.0,0.0,0.0,0.0,0.0,0.0,0.0,0.0,0.0,8.965974828318741e-5,1.4484079067895563e-12,-2.150607113823563e-12,-1.2661815237215102e-12,7.409823248309213e-13,2.466851179302896e-12,3.1576152659605716e-12,-1.7156679302194284e-12,-2.3651963369025016e-7,1.149482232095202e-12,1.21673565080968e-10,4.8546202500532234e-12,1.8950508692008272e-5,9.27150120639697e-14,-2.615590648447788e-13,-6.439572371906544e-13,-5.539912296725939e-11,-1.1626213890086435e-12,1.2728850385751462e-12,-1.0989435278249616e-9,-3.1967513017748066e-8,-1.9132523418690575e-13,8.47408226665585e-11,-3.1028047851285637e-12,-1.0518945336980329e-7,-3.144418927037379e-13,3.120980137360936e-13,-5.614671720858298e-12,3.8420808297768644e-8,1.6091750932524037e-5,4.893013032907421e-12,7.066704559982812e-12,3.1314221790343128e-6,-6.194140179591399e-13,1.1144361837452815e-10,2.988355808366138e-6,6.687767859875396e-13,-4.820309283513424e-12,7.429268810479141e-12,1.0048896287042742e-6,2.5900086069628282e-18,6.156776360906791e-13,-7.709173985171575e-13,5.68273324430815e-7,-7.87908149725966e-15,-3.095914339428212e-13,6.192861509419794e-12,3.095667857989714e-13,3.5497664148117764e-12,-8.14776713258846e-10,-1.4710558288350782e-8,1.5700938506770505e-13,6.4439179573948565e-9,8.337715654781189e-13,1.1115170041264588e-11,-4.8001936072925976e-5,-7.428842398210137e-12,-1.2370539260937451e-12,-1.9812073173855143e-11,-1.5508995793569676e-12,-1.2382603836915375e-11,4.55680593481292e-10,-1.08334329420574e-12,-8.26466158771676e-6,-3.091640592630275e-13,-2.8413837746696486e-13
0.0,0.0,0.0,0.0,0.0,0.0,0.0,0.0,0.0,0.0,0.0,0.0,0.0,0.0,0.0,0.0,0.0,0.0,0.0,0.0,0.0,0.0,0.0,0.0,0.0,0.0,0.0,0.0,0.0,0.0,0.0,0.0,0.0,0.0,0.0,0.0,0.0,0.0,0.0,0.0,0.0,0.0,0.0,0.0,0.0,0.0,0.0,0.0,0.0,0.0,0.0,0.0,0.0,0.0,0.0,0.0,0.0,0.0,0.0,0.0,0.0,0.0,0.0,0.0,0.0,0.0,0.0,0.0,0.0,0.0,0.0,0.0,0.0,0.0,0.0,0.0,0.0,0.0,0.0,0.0,0.0,0.0,0.0,0.0,0.0,0.0,0.0,0.0,0.0,0.0,0.0,0.0,0.0,0.0,0.0,0.0,0.0,0.0,0.0,0.0,0.0,0.0,0.0,0.0,0.0,0.0,0.0,0.0,0.0,0.0,0.0,0.0,0.0,0.0,0.0,0.0,0.0,0.0,0.0,0.0,0.0,0.0,0.0,0.0,0.0,0.0,0.0,0.0,0.0,0.0,0.0,0.0,0.0,0.0,8.712757533092207e-5,7.819871824015964e-10,-8.604130316880009e-13,-1.6138860346887716e-9,1.9696877176104044e-12,-3.5820459550287183e-12,4.037121582036862e-9,5.486651527509807e-13,-1.4932613022984709e-6,-2.3335034549823044e-12,3.5297720395073785e-12,-8.682930870077674e-13,-2.5947232728906053e-7,2.9439489689490224e-13,-3.318942052285088e-10,-7.821817395521103e-14,-4.175059467154758e-8,4.1597774416145694e-13,9.995661785649509e-13,8.849623776401577e-13,6.174214040584193e-10,7.763245007144012e-13,1.9979977677723128e-12,5.744461037297361e-14,5.174599647691861e-10,2.1544239281324065e-6,-7.867743673608543e-12,8.781150049978144e-14,9.738675263433728e-13,3.911379517645377e-12,-3.843703288283272e-12,1.3587710141146718e-12,-2.4012565301323656e-7,1.648399270680031e-12,-1.7608629438900613e-13,-4.368626702648284e-12,-3.610121284785807e-12,1.4166628600724309e-12,3.120269584822832e-13,-2.8294744983180874e-11,-2.9383544729509437e-6,-3.504147355591216e-8,8.413538695399512e-13,2.0418444147642803e-12,-9.672365682207186e-9,5.464664588185106e-13,-1.63922068708578e-11,2.1563557004593755e-12,4.778571642533215e-13,-1.043893529028687e-12,1.8945346627357919e-6,-2.580078971581313e-13,4.3730937682377265e-6,8.987398640995553e-12,1.1595891404848005e-12,4.936667843029189e-13,1.0283685940634345e-6,-6.272647658473545e-13,-7.637207495184266e-11,1.537184613923046e-12,2.5349655432690923e-15,1.1497950163449143e-7,5.710106113702267e-13,5.141440451261151e-11,-5.2923082243241095e-5
0.0,0.0,0.0,0.0,0.0,0.0,0.0,0.0,0.0,0.0,0.0,0.0,0.0,0.0,0.0,0.0,0.0,0.0,0.0,0.0,0.0,0.0,0.0,0.0,0.0,0.0,0.0,0.0,0.0,0.0,0.0,0.0,0.0,0.0,0.0,0.0,0.0,0.0,0.0,0.0,0.0,0.0,0.0,0.0,0.0,0.0,0.0,0.0,0.0,0.0,0.0,0.0,0.0,0.0,0.0,0.0,0.0,0.0,0.0,0.0,0.0,0.0,0.0,0.0,0.0,0.0,0.0,0.0,0.0,0.0,0.0,0.0,0.0,0.0,0.0,0.0,0.0,0.0,0.0,0.0,0.0,0.0,0.0,0.0,0.0,0.0,0.0,0.0,0.0,0.0,0.0,0.0,0.0,0.0,0.0,0.0,0.0,0.0,0.0,0.0,0.0,0.0,0.0,0.0,0.0,0.0,0.0,0.0,0.0,0.0,0.0,0.0,0.0,0.0,0.0,0.0,0.0,0.0,0.0,0.0,0.0,0.0,0.0,0.0,0.0,0.0,0.0,0.0,0.0,0.0,0.0,0.0,0.0,0.0,0.0,8.592270298815237e-5,4.0523957523523186e-13,3.737359549410089e-12,1.5785921956491519e-12,1.73355347036777e-12,1.984890520663099e-5,-1.3767831242842437e-12,3.963413059443215e-13,1.3077050643907823e-12,2.0070389454122148e-8,9.649032425325956e-13,-1.740404702063629e-11,8.06533866491732e-12,-7.812373945264448e-12,2.327640026267224e-12,-1.2673970335921211e-11,-1.8228924624330807e-12,7.817185055922726e-13,8.078188990053563e-13,-7.38825439689488e-14,1.3844935935780437e-12,2.6480849383062864e-12,8.000898856361225e-13,-4.523416238001321e-12,4.1265643905402873e-7,8.197250077852122e-12,6.467226714855142e-13,3.955680419622702e-12,7.709971412075955e-12,7.19758769095976e-10,2.3395759164618915e-12,-3.00650417247249e-7,1.9385408714644867e-12,-2.509181003164691e-12,-5.173027505642933e-12,1.3869772787346892e-12,3.2307038287255824e-12,-9.440842223499936e-13,-4.763607668769171e-16,-2.8640475601406428e-9,-8.277540159948231e-12,-1.923961237487413e-12,1.436704916287882e-14,-8.249989509818545e-6,1.2908076815228736e-12,-2.5841482386332773e-12,3.554824217174831e-10,2.2607043916876208e-12,6.454809748268126e-13,2.0772891972391728e-7,9.691413605817486e-13,-8.919541073669371e-13,7.732054707677747e-12,-2.3275327113796235e-13,3.2293783278508396e-12,8.279958150588417e-8,1.2920390656975439e-12,-1.1302803981814254e-5,-3.451936450708831e-16,1.6145290525474205e-13,7.444141394725804e-7,-1.498874420494148e-12,9.245530748324678e-6,1.5037051228851062e-10
0.0,0.0,0.0,0.0,0.0,0.0,0.0,0.0,0.0,0.0,0.0,0.0,0.0,0.0,0.0,0.0,0.0,0.0,0.0,0.0,0.0,0.0,0.0,0.0,0.0,0.0,0.0,0.0,0.0,0.0,0.0,0.0,0.0,0.0,0.0,0.0,0.0,0.0,0.0,0.0,0.0,0.0,0.0,0.0,0.0,0.0,0.0,0.0,0.0,0.0,0.0,0.0,0.0,0.0,0.0,0.0,0.0,0.0,0.0,0.0,0.0,0.0,0.0,0.0,0.0,0.0,0.0,0.0,0.0,0.0,0.0,0.0,0.0,0.0,0.0,0.0,0.0,0.0,0.0,0.0,0.0,0.0,0.0,0.0,0.0,0.0,0.0,0.0,0.0,0.0,0.0,0.0,0.0,0.0,0.0,0.0,0.0,0.0,0.0,0.0,0.0,0.0,0.0,0.0,0.0,0.0,0.0,0.0,0.0,0.0,0.0,0.0,0.0,0.0,0.0,0.0,0.0,0.0,0.0,0.0,0.0,0.0,0.0,0.0,0.0,0.0,0.0,0.0,0.0,0.0,0.0,0.0,0.0,0.0,0.0,0.0,8.246188425458649e-5,-3.84707422779108e-13,-5.1842408112113956e-8,1.386597322118929e-10,-8.120129410622163e-12,-4.9807379997035475e-12,3.1487152016581934e-12,-4.9711058844581086e-11,-4.997156147782756e-12,3.6512503301693654e-14,1.9297828348147164e-12,1.7306610219898412e-5,6.965271413226571e-13,1.3989887689190687e-12,1.6160568078173622e-13,9.69646253851805e-8,2.091743299158312e-12,2.7354601612242062e-12,3.17310218711544e-12,3.757114371030792e-12,8.496356094623034e-8,2.661766755548258e-12,2.190388270163293e-12,3.452069440375635e-12,-1.896087764534069e-11,3.656969343038579e-12,1.377289390965484e-12,4.112382241005891e-8,-5.124148429235515e-12,-2.162810288713977e-12,-6.9502321402876936e-12,-2.7717062644841855e-11,-8.513975904605844e-12,-7.302188269670831e-12,-1.379181095273969e-8,-1.9588649307718028e-9,3.1403757717001225e-12,-8.082325331023468e-13,-9.359785933661973e-13,-3.2589170612039913e-12,2.701370415378579e-12,-5.035015527976573e-8,-2.814405585294714e-12,-2.407373961571075e-6,-4.716513538733337e-13,-5.3862201880006645e-12,-1.6705772206543038e-12,-3.107363716826084e-12,7.022363236908839e-13,-9.964625333190564e-12,1.6472900862046507e-12,3.5846633531944766e-8,-1.0612802361042753e-12,4.6731845890650065e-9,1.0133087921298534e-12,8.045866762960589e-10,-4.3603070176246103e-13,1.350749666326498e-10,-2.1275631116319087e-12,-3.3676841942767103e-12,-5.404187389346918e-12,2.8647485007827813e-12,-8.077221230994427e-12
0.0,0.0,0.0,0.0,0.0,0.0,0.0,0.0,0.0,0.0,0.0,0.0,0.0,0.0,0.0,0.0,0.0,0.0,0.0,0.0,0.0,0.0,0.0,0.0,0.0,0.0,0.0,0.0,0.0,0.0,0.0,0.0,0.0,0.0,0.0,0.0,0.0,0.0,0.0,0.0,0.0,0.0,0.0,0.0,0.0,0.0,0.0,0.0,0.0,0.0,0.0,0.0,0.0,0.0,0.0,0.0,0.0,0.0,0.0,0.0,0.0,0.0,0.0,0.0,0.0,0.0,0.0,0.0,0.0,0.0,0.0,0.0,0.0,0.0,0.0,0.0,0.0,0.0,0.0,0.0,0.0,0.0,0.0,0.0,0.0,0.0,0.0,0.0,0.0,0.0,0.0,0.0,0.0,0.0,0.0,0.0,0.0,0.0,0.0,0.0,0.0,0.0,0.0,0.0,0.0,0.0,0.0,0.0,0.0,0.0,0.0,0.0,0.0,0.0,0.0,0.0,0.0,0.0,0.0,0.0,0.0,0.0,0.0,0.0,0.0,0.0,0.0,0.0,0.0,0.0,0.0,0.0,0.0,0.0,0.0,0.0,0.0,8.082882597151557e-5,-1.73111374914883e-12,-2.216498342719047e-12,-1.3693898660856552e-11,7.010168754355263e-13,1.104429328586137e-7,4.566154295779857e-13,4.655775990980015e-12,-5.68265446513662e-13,5.64893220194571e-7,2.6439903507964507e-12,2.4527509879844317e-5,8.829918373010488e-15,2.7720691782890753e-6,3.696559586217646e-12,1.176865618288881e-13,3.170598560439054e-13,-4.0916206071017224e-5,2.9595006618284343e-16,1.1103401828471198e-12,8.815074509587579e-13,-3.3667905106969396e-5,5.24180303913048e-12,2.6554439489519493e-12,3.428010183939181e-13,-6.168557958041997e-14,-1.4203928485364968e-12,1.9786249881750254e-12,-2.859174303283247e-13,-1.2148105918577848e-11,1.3733025845981827e-12,-2.8490542054258235e-13,-1.6336615141006092e-12,-5.794625409675504e-13,3.433486893815659e-13,-1.1248776656807916e-12,2.1318541025142257e-6,-2.3353440992355602e-11,1.5278222630622736e-6,-2.625147300082687e-13,3.290664969680976e-13,3.4140092837145944e-12,2.0521583915328778e-12,1.0398062834028347e-6,3.672172623993538e-12,1.7171056099343993e-13,-1.7134390508963124e-13,7.407229640425273e-12,-4.3088536593886386e-14,-5.2375847335443536e-8,6.64902836108065e-13,-7.463925815365263e-14,1.7251784842536033e-13,-5.5321116829470195e-14,-3.2616318489330565e-12,-4.974878034809496e-12,-1.0298247188471156e-12,-2.1453708378625005e-13,2.0742271105790823e-12,3.3343384078754954e-13,3.692610118287017e-12,3.822826414278012e-9
0.0,0.0,0.0,0.0,0.0,0.0,0.0,0.0,0.0,0.0,0.0,0.0,0.0,0.0,0.0,0.0,0.0,0.0,0.0,0.0,0.0,0.0,0.0,0.0,0.0,0.0,0.0,0.0,0.0,0.0,0.0,0.0,0.0,0.0,0.0,0.0,0.0,0.0,0.0,0.0,0.0,0.0,0.0,0.0,0.0,0.0,0.0,0.0,0.0,0.0,0.0,0.0,0.0,0.0,0.0,0.0,0.0,0.0,0.0,0.0,0.0,0.0,0.0,0.0,0.0,0.0,0.0,0.0,0.0,0.0,0.0,0.0,0.0,0.0,0.0,0.0,0.0,0.0,0.0,0.0,0.0,0.0,0.0,0.0,0.0,0.0,0.0,0.0,0.0,0.0,0.0,0.0,0.0,0.0,0.0,0.0,0.0,0.0,0.0,0.0,0.0,0.0,0.0,0.0,0.0,0.0,0.0,0.0,0.0,0.0,0.0,0.0,0.0,0.0,0.0,0.0,0.0,0.0,0.0,0.0,0.0,0.0,0.0,0.0,0.0,0.0,0.0,0.0,0.0,0.0,0.0,0.0,0.0,0.0,0.0,0.0,0.0,0.0,7.99902008481902e-5,-1.4081771424959533e-11,-1.817753726909659e-12,2.3540261621161264e-12,9.23150065013928e-13,1.2634178243675167e-7,4.564201724011005e-12,3.897498441697305e-12,1.4369996958667882e-12,-2.5898159657951143e-7,1.7301307395824317e-12,4.0301214456308733e-13,-2.195831715612999e-12,-3.654494357815063e-5,-4.360778408462813e-12,1.6823467234339148e-12,2.026657961155316e-12,-2.1028016917559093e-12,-2.087277302812854e-5,1.7167465391425254e-12,-1.6134504270936939e-12,5.5009412579370194e-12,-1.1399442098466499e-12,1.3543006960672698e-9,-4.701527401985262e-12,-7.899037243197464e-12,-3.132052972710965e-12,8.060466110517484e-12,2.0472270648860702e-12,6.858504936064333e-8,-6.868167670684653e-12,-2.754049476833602e-12,9.175587419638696e-12,4.245303251913942e-6,4.169413580630517e-11,1.0601266110676727e-12,-2.0490552722149445e-12,-2.447627838175187e-12,5.536021120272411e-12,5.820073617662173e-5,-5.644814407806038e-13,-4.349010813686819e-10,1.9041801765739867e-12,-1.1264185286375973e-11,-1.4524763631573249e-12,-2.9387038869986487e-9,2.7234253460379014e-12,-2.888338384897277e-12,-3.8053961954617267e-14,-1.1335557220379553e-11,1.4161940269615643e-12,-1.0156523065482863e-5,7.299629418026247e-13,-1.7546549184941828e-6,1.0840825701270861e-12,-2.903357163101677e-7,-1.4104986095718514e-12,-1.983606129954272e-14,2.7253121053780045e-13,4.025807055252673e-12,3.1811614138838416e-13
0.0,0.0,0.0,0.0,0.0,0.0,0.0,0.0,0.0,0.0,0.0,0.0,0.0,0.0,0.0,0.0,0.0,0.0,0.0,0.0,0.0,0.0,0.0,0.0,0.0,0.0,0.0,0.0,0.0,0.0,0.0,0.0,0.0,0.0,0.0,0.0,0.0,0.0,0.0,0.0,0.0,0.0,0.0,0.0,0.0,0.0,0.0,0.0,0.0,0.0,0.0,0.0,0.0,0.0,0.0,0.0,0.0,0.0,0.0,0.0,0.0,0.0,0.0,0.0,0.0,0.0,0.0,0.0,0.0,0.0,0.0,0.0,0.0,0.0,0.0,0.0,0.0,0.0,0.0,0.0,0.0,0.0,0.0,0.0,0.0,0.0,0.0,0.0,0.0,0.0,0.0,0.0,0.0,0.0,0.0,0.0,0.0,0.0,0.0,0.0,0.0,0.0,0.0,0.0,0.0,0.0,0.0,0.0,0.0,0.0,0.0,0.0,0.0,0.0,0.0,0.0,0.0,0.0,0.0,0.0,0.0,0.0,0.0,0.0,0.0,0.0,0.0,0.0,0.0,0.0,0.0,0.0,0.0,0.0,0.0,0.0,0.0,0.0,0.0,7.839768447272655e-5,-1.472970998413394e-12,1.7566013606192776e-12,-6.2846629624448645e-12,2.0886604474498777e-12,2.39960944903651e-11,-6.246678185613027e-12,2.4103562604530342e-12,9.001520769710651e-13,1.7823576165344823e-12,-1.65033561069224e-12,4.723416883328315e-13,-2.861798226801505e-12,2.9990573213369555e-12,-4.227872367177499e-12,-1.8712223642456717e-12,2.0321695557340426e-12,-1.1829337678950239e-11,-5.588223903513078e-13,2.3101066104672822e-12,1.0035573229544514e-11,-1.3533797480968715e-5,-1.6310532853184162e-12,-2.0080127642437614e-12,1.1860157134594202e-6,7.545362094807701e-10,-4.26810172529327e-12,8.599435451358795e-13,-1.4045254009427246e-12,-3.16837929540076e-12,-2.1648594575471257e-6,-2.6208827607580715e-6,5.1216083422183665e-12,2.137144870311271e-12,-1.4117396704612816e-12,2.8818334392726953e-12,1.8132790074319972e-12,1.9952570104456667e-12,1.0495423990503446e-11,2.795070120060833e-12,-1.292841041268298e-8,-7.36700440742474e-13,6.539049834658985e-10,-5.998014890074427e-13,5.3375114543619794e-12,-4.905325795621133e-12,-8.715461362555056e-13,-3.202717054133533e-12,5.765817875635923e-7,3.1288065945640266e-12,-1.566300310472729e-11,-1.4681819610553117e-12,-4.018206727808033e-12,-3.987119917221076e-12,4.8490516746780466e-12,3.1053141702966072e-12,-7.765216965527808e-13,1.91562347937887e-12,-1.6914865977079524e-11,-1.434450198494638e-11
0.0,0.0,0.0,0.0,0.0,0.0,0.0,0.0,0.0,0.0,0.0,0.0,0.0,0.0,0.0,0.0,0.0,0.0,0.0,0.0,0.0,0.0,0.0,0.0,0.0,0.0,0.0,0.0,0.0,0.0,0.0,0.0,0.0,0.0,0.0,0.0,0.0,0.0,0.0,0.0,0.0,0.0,0.0,0.0,0.0,0.0,0.0,0.0,0.0,0.0,0.0,0.0,0.0,0.0,0.0,0.0,0.0,0.0,0.0,0.0,0.0,0.0,0.0,0.0,0.0,0.0,0.0,0.0,0.0,0.0,0.0,0.0,0.0,0.0,0.0,0.0,0.0,0.0,0.0,0.0,0.0,0.0,0.0,0.0,0.0,0.0,0.0,0.0,0.0,0.0,0.0,0.0,0.0,0.0,0.0,0.0,0.0,0.0,0.0,0.0,0.0,0.0,0.0,0.0,0.0,0.0,0.0,0.0,0.0,0.0,0.0,0.0,0.0,0.0,0.0,0.0,0.0,0.0,0.0,0.0,0.0,0.0,0.0,0.0,0.0,0.0,0.0,0.0,0.0,0.0,0.0,0.0,0.0,0.0,0.0,0.0,0.0,0.0,0.0,0.0,7.695479230789019e-5,-1.3585428786295603e-12,2.1068000115200627e-11,-2.8649807393333463e-12,-1.5394605020217774e-9,-8.836436742746915e-13,5.016501922177934e-12,5.671804652333071e-12,8.010540136327884e-12,3.21477667512263e-13,2.14312325901028e-14,1.7358924635535201e-12,-4.748216517058652e-13,-2.013055960637652e-13,-9.40506565590577e-12,5.891124786883592e-13,3.675118151164091e-12,-1.4777642293078423e-13,-3.0266175217790375e-12,2.272090424269018e-6,8.438992942180886e-13,-1.969354871268013e-12,-6.616550220976022e-13,5.46778512732119e-12,-5.098062563423657e-11,-1.9763870658217143e-12,-1.6553797777374532e-6,1.6656806977794201e-12,1.728605560610052e-13,7.842947261984958e-12,-8.100064245265951e-12,-2.8940130620634626e-12,1.7085756838428408e-12,-3.951114536713903e-12,-1.5756314922787057e-8,-6.11257356275937e-12,1.4105644313570386e-12,2.172788775209035e-12,-4.414875755775831e-5,-1.5026273822498718e-11,8.064009508266165e-12,-3.4214767757291175e-11,3.1845175589437517e-13,-3.773603131316227e-12,1.1438239920670776e-6,1.373194319696346e-12,-6.30515682527942e-11,6.781369394298195e-12,-2.8891159872331715e-13,1.8050795951946315e-12,4.558861170643692e-7,1.0667705827969037e-12,8.561243826622207e-7,4.320977355083216e-12,-1.3040022551117306e-12,4.098562703574956e-6,-1.4206907576049125e-12,-6.958702176636211e-7,7.116239374272562e-10
0.0,0.0,0.0,0.0,0.0,0.0,0.0,0.0,0.0,0.0,0.0,0.0,0.0,0.0,0.0,0.0,0.0,0.0,0.0,0.0,0.0,0.0,0.0,0.0,0.0,0.0,0.0,0.0,0.0,0.0,0.0,0.0,0.0,0.0,0.0,0.0,0.0,0.0,0.0,0.0,0.0,0.0,0.0,0.0,0.0,0.0,0.0,0.0,0.0,0.0,0.0,0.0,0.0,0.0,0.0,0.0,0.0,0.0,0.0,0.0,0.0,0.0,0.0,0.0,0.0,0.0,0.0,0.0,0.0,0.0,0.0,0.0,0.0,0.0,0.0,0.0,0.0,0.0,0.0,0.0,0.0,0.0,0.0,0.0,0.0,0.0,0.0,0.0,0.0,0.0,0.0,0.0,0.0,0.0,0.0,0.0,0.0,0.0,0.0,0.0,0.0,0.0,0.0,0.0,0.0,0.0,0.0,0.0,0.0,0.0,0.0,0.0,0.0,0.0,0.0,0.0,0.0,0.0,0.0,0.0,0.0,0.0,0.0,0.0,0.0,0.0,0.0,0.0,0.0,0.0,0.0,0.0,0.0,0.0,0.0,0.0,0.0,0.0,0.0,0.0,0.0,7.69149637281367e-5,6.127507910813281e-13,-6.26295030323286e-12,7.73399242966387e-12,-1.1980774161918498e-6,3.441162939886637e-13,-4.7010693713522295e-12,-3.1462470581824905e-13,2.995125032973627e-8,-3.086901861191296e-13,-3.2988877840469974e-12,5.029629425273073e-7,1.4672748179606857e-5,5.538929972517672e-13,-4.000677918274185e-8,4.226958741168205e-12,4.0156255448505224e-5,3.90096971011064e-13,2.020286681031816e-12,-1.2042652013682187e-12,3.731423841729179e-11,-6.472054982941309e-7,6.4231599210939964e-12,-3.037416111310432e-12,2.7585876223339052e-9,-1.478527770528517e-12,-8.320145786603909e-12,-5.7297461178500965e-6,-2.8279000885441384e-12,-7.034372721475695e-12,2.774125036739921e-12,8.960834633269545e-10,1.6100266682376699e-13,9.213415265534265e-13,6.18352568191207e-13,-2.8924706659828123e-5,8.176725077182287e-12,-2.6220940352259494e-14,3.4889551123961478e-12,-8.52381526444931e-15,-7.038688276910727e-14,3.7476993368856614e-7,-1.0593431473620974e-11,-1.673910830372438e-13,-2.971637891470486e-6,-5.088366168949508e-13,7.209834159546643e-12,-3.9290985375989094e-8,1.7450243434240285e-12,-3.6129902381958507e-13,7.21233497642186e-12,-1.4563761004817379e-12,4.301523333535518e-12,-2.0508574972285824e-7,9.838482621328032e-13,2.9294675300702764e-6,-1.1105751314100519e-12,-3.177210543884544e-13
0.0,0.0,0.0,0.0,0.0,0.0,0.0,0.0,0.0,0.0,0.0,0.0,0.0,0.0,0.0,0.0,0.0,0.0,0.0,0.0,0.0,0.0,0.0,0.0,0.0,0.0,0.0,0.0,0.0,0.0,0.0,0.0,0.0,0.0,0.0,0.0,0.0,0.0,0.0,0.0,0.0,0.0,0.0,0.0,0.0,0.0,0.0,0.0,0.0,0.0,0.0,0.0,0.0,0.0,0.0,0.0,0.0,0.0,0.0,0.0,0.0,0.0,0.0,0.0,0.0,0.0,0.0,0.0,0.0,0.0,0.0,0.0,0.0,0.0,0.0,0.0,0.0,0.0,0.0,0.0,0.0,0.0,0.0,0.0,0.0,0.0,0.0,0.0,0.0,0.0,0.0,0.0,0.0,0.0,0.0,0.0,0.0,0.0,0.0,0.0,0.0,0.0,0.0,0.0,0.0,0.0,0.0,0.0,0.0,0.0,0.0,0.0,0.0,0.0,0.0,0.0,0.0,0.0,0.0,0.0,0.0,0.0,0.0,0.0,0.0,0.0,0.0,0.0,0.0,0.0,0.0,0.0,0.0,0.0,0.0,0.0,0.0,0.0,0.0,0.0,0.0,0.0,7.674813323198411e-5,-1.3726159466780216e-12,6.3528255351711755e-12,-3.9488485398411537e-13,1.8636926829225955e-5,-1.2644370364984064e-11,-9.969890025360352e-9,-1.3514472387824885e-13,3.003696780624859e-6,1.500413120714054e-12,5.47070213628419e-13,-3.262495281282465e-13,1.5041079573790552e-8,9.765005570558477e-14,3.0724882862485725e-12,5.933843927136028e-13,1.1417167568055316e-8,1.223507113263675e-8,-1.4940484479396025e-12,6.739174879563385e-13,8.351531283788854e-13,4.3699065944819124e-12,-2.5647827051429004e-12,1.1808037168889326e-12,-1.351467619305936e-9,1.2120236100687849e-12,-1.0539884610611241e-12,-8.512297448765686e-12,-1.3757570880695695e-12,2.6053968590204526e-12,1.407304976180013e-12,-8.759191753919032e-10,-1.6636169590815693e-8,2.5222516803039773e-6,-5.410255396151862e-13,-5.195097690951312e-13,-3.9200185966602365e-11,4.195074790753938e-12,-4.4367590443761657e-10,-1.7573549441532156e-12,4.581263198690342e-13,-1.0547456917180054e-12,1.0745803449249885e-8,-8.02509205744171e-14,-4.95742600272935e-5,8.044156037118265e-12,7.429918881872531e-13,-1.0483437085199002e-12,5.850448995162763e-9,3.2373666529373996e-12,-7.688761208608162e-12,1.022107626019838e-12,-1.868098061742136e-13,6.488530312117819e-10,8.59311839412595e-13,7.706387794149333e-12,3.7214157294779623e-6
0.0,0.0,0.0,0.0,0.0,0.0,0.0,0.0,0.0,0.0,0.0,0.0,0.0,0.0,0.0,0.0,0.0,0.0,0.0,0.0,0.0,0.0,0.0,0.0,0.0,0.0,0.0,0.0,0.0,0.0,0.0,0.0,0.0,0.0,0.0,0.0,0.0,0.0,0.0,0.0,0.0,0.0,0.0,0.0,0.0,0.0,0.0,0.0,0.0,0.0,0.0,0.0,0.0,0.0,0.0,0.0,0.0,0.0,0.0,0.0,0.0,0.0,0.0,0.0,0.0,0.0,0.0,0.0,0.0,0.0,0.0,0.0,0.0,0.0,0.0,0.0,0.0,0.0,0.0,0.0,0.0,0.0,0.0,0.0,0.0,0.0,0.0,0.0,0.0,0.0,0.0,0.0,0.0,0.0,0.0,0.0,0.0,0.0,0.0,0.0,0.0,0.0,0.0,0.0,0.0,0.0,0.0,0.0,0.0,0.0,0.0,0.0,0.0,0.0,0.0,0.0,0.0,0.0,0.0,0.0,0.0,0.0,0.0,0.0,0.0,0.0,0.0,0.0,0.0,0.0,0.0,0.0,0.0,0.0,0.0,0.0,0.0,0.0,0.0,0.0,0.0,0.0,0.0,7.422209348406143e-5,-4.707757789639359e-12,-3.503029805586249e-12,2.5508266817558907e-12,1.2132916083227446e-10,9.22140858904738e-13,-1.624246964605096e-12,2.6780511129374086e-12,1.6717385392707345e-8,3.009406520744687e-12,-1.1921020284792102e-12,4.755243372071738e-13,5.7652786915137755e-12,9.888561545940896e-9,1.769440611516175e-12,1.8302631891117494e-12,3.4967689297430836e-12,-6.803222747737234e-12,1.1127920543227303e-6,-8.47640114801122e-12,-1.1414245519229506e-12,5.144548885092788e-13,3.381371412245587e-9,6.790660278571199e-13,4.746559578545559e-5,-2.3788320127868138e-12,-4.820533658301954e-12,3.620094788649874e-12,4.050889173143983e-6,3.453359068896625e-8,1.7199893677215668e-13,-2.3228168759740114e-12,1.7137465750516779e-12,-3.3817038043947595e-12,-1.552803003618618e-8,-6.235171629064885e-14,-5.203592679818721e-12,1.7729340005922885e-13,-5.079685569291994e-12,7.514414149641372e-12,-2.4151420974111706e-6,-2.8523905148102313e-13,2.7350914030181008e-12,1.2235148334339096e-12,1.651390877270475e-13,-3.0424328395969835e-10,-1.645353588808342e-6,1.539479649567424e-12,-9.611177023027606e-6,6.208801323816283e-12,-1.1511100866977001e-7,-1.5114909036724393e-12,1.2701920205107034e-12,1.3795152515287388e-11,5.520052546676422e-13,-2.343327463786044e-13
0.0,0.0,0.0,0.0,0.0,0.0,0.0,0.0,0.0,0.0,0.0,0.0,0.0,0.0,0.0,0.0,0.0,0.0,0.0,0.0,0.0,0.0,0.0,0.0,0.0,0.0,0.0,0.0,0.0,0.0,0.0,0.0,0.0,0.0,0.0,0.0,0.0,0.0,0.0,0.0,0.0,0.0,0.0,0.0,0.0,0.0,0.0,0.0,0.0,0.0,0.0,0.0,0.0,0.0,0.0,0.0,0.0,0.0,0.0,0.0,0.0,0.0,0.0,0.0,0.0,0.0,0.0,0.0,0.0,0.0,0.0,0.0,0.0,0.0,0.0,0.0,0.0,0.0,0.0,0.0,0.0,0.0,0.0,0.0,0.0,0.0,0.0,0.0,0.0,0.0,0.0,0.0,0.0,0.0,0.0,0.0,0.0,0.0,0.0,0.0,0.0,0.0,0.0,0.0,0.0,0.0,0.0,0.0,0.0,0.0,0.0,0.0,0.0,0.0,0.0,0.0,0.0,0.0,0.0,0.0,0.0,0.0,0.0,0.0,0.0,0.0,0.0,0.0,0.0,0.0,0.0,0.0,0.0,0.0,0.0,0.0,0.0,0.0,0.0,0.0,0.0,0.0,0.0,0.0,7.318564479916543e-5,-4.105704358436719e-12,-2.254054059376087e-12,-6.1414579002042005e-12,-1.1811411704759677e-12,-1.6815218818196093e-12,-8.054190775271665e-12,-1.2550126012626154e-11,2.3788937688386046e-12,-4.50224503824067e-12,1.0103638872641797e-11,-1.9059444961966738e-13,-2.6558501010618627e-12,7.300724137952603e-13,4.117110011864668e-12,2.0721507464504715e-11,-4.705013226082392e-10,6.885877437242616e-13,-4.02553987091116e-12,-5.153184382153268e-12,3.7727873353924283e-6,-2.478141873949729e-12,-1.313423273988147e-11,-4.753251182950881e-12,-2.7080740195089922e-12,-2.4811113132407544e-9,-1.5487191755889635e-12,-5.379321977411312e-12,1.3909273264864636e-12,-4.683251384211541e-12,-4.386386597916921e-12,1.1185847006540021e-12,3.581208266326455e-13,-7.492326556622411e-12,-2.5088839413749705e-10,5.095495685507988e-12,3.105748138181822e-12,1.8820473169099803e-6,3.213164450669665e-13,4.680125794648155e-12,1.6187108929365435e-11,1.2128289004379392e-12,1.2233365711935674e-11,-4.753779229692866e-12,-2.6545915844725577e-12,-1.5548735143789862e-12,9.218338931362707e-12,6.3784828264851145e-12,-3.3835190819618045e-7,-3.1501607315892682e-12,-1.5292532485938104e-12,2.1067010156612552e-11,-6.683422958632781e-13,4.207196189762412e-8,-1.7214436215035536e-11
0.0,0.0,0.0,0.0,0.0,0.0,0.0,0.0,0.0,0.0,0.0,0.0,0.0,0.0,0.0,0.0,0.0,0.0,0.0,0.0,0.0,0.0,0.0,0.0,0.0,0.0,0.0,0.0,0.0,0.0,0.0,0.0,0.0,0.0,0.0,0.0,0.0,0.0,0.0,0.0,0.0,0.0,0.0,0.0,0.0,0.0,0.0,0.0,0.0,0.0,0.0,0.0,0.0,0.0,0.0,0.0,0.0,0.0,0.0,0.0,0.0,0.0,0.0,0.0,0.0,0.0,0.0,0.0,0.0,0.0,0.0,0.0,0.0,0.0,0.0,0.0,0.0,0.0,0.0,0.0,0.0,0.0,0.0,0.0,0.0,0.0,0.0,0.0,0.0,0.0,0.0,0.0,0.0,0.0,0.0,0.0,0.0,0.0,0.0,0.0,0.0,0.0,0.0,0.0,0.0,0.0,0.0,0.0,0.0,0.0,0.0,0.0,0.0,0.0,0.0,0.0,0.0,0.0,0.0,0.0,0.0,0.0,0.0,0.0,0.0,0.0,0.0,0.0,0.0,0.0,0.0,0.0,0.0,0.0,0.0,0.0,0.0,0.0,0.0,0.0,0.0,0.0,0.0,0.0,0.0,7.217886855645455e-5,1.1321334168502026e-13,5.8172343492549586e-12,3.822407125399166e-14,1.3847099666610274e-10,2.687708011274383e-13,1.4879386428036765e-12,2.446526962256197e-9,7.094816574333989e-8,-9.647240695759722e-13,-1.9910681280748538e-10,-3.1762159188597543e-12,9.877867030568814e-8,-9.953382771447794e-14,2.687219413076946e-12,1.9600742348384815e-12,-2.8696573439696306e-9,4.6013618617676576e-5,-1.6318375103860456e-11,6.846109716508038e-14,-2.3351324620350816e-7,1.2730518435492301e-12,-1.1716053821985247e-11,1.5986651555325283e-5,-3.0488573832872096e-13,5.999102490511596e-12,-1.936417129580035e-12,-7.494807737914736e-8,1.1558035529325324e-13,1.6367854814251162e-14,1.482580759944236e-12,2.5871417256667113e-6,-2.9870990810596912e-12,-3.49456999862786e-13,-9.262289497624404e-12,5.035718344417779e-13,1.2292105161483557e-12,1.8263102691455448e-9,1.0871213423301403e-9,1.5243338755363043e-12,-1.4486069226911147e-8,2.6153329881592093e-13,-1.9601040351997014e-11,3.3296643273702715e-6,7.060716013334097e-12,5.258226160791067e-13,8.025664786044208e-12,1.420236875087405e-13,2.56174636324647e-13,-1.0073792896382012e-9,1.6880230273249287e-12,-4.320842520066767e-5,-4.5168471718837827e-13,2.212347742880457e-13
0.0,0.0,0.0,0.0,0.0,0.0,0.0,0.0,0.0,0.0,0.0,0.0,0.0,0.0,0.0,0.0,0.0,0.0,0.0,0.0,0.0,0.0,0.0,0.0,0.0,0.0,0.0,0.0,0.0,0.0,0.0,0.0,0.0,0.0,0.0,0.0,0.0,0.0,0.0,0.0,0.0,0.0,0.0,0.0,0.0,0.0,0.0,0.0,0.0,0.0,0.0,0.0,0.0,0.0,0.0,0.0,0.0,0.0,0.0,0.0,0.0,0.0,0.0,0.0,0.0,0.0,0.0,0.0,0.0,0.0,0.0,0.0,0.0,0.0,0.0,0.0,0.0,0.0,0.0,0.0,0.0,0.0,0.0,0.0,0.0,0.0,0.0,0.0,0.0,0.0,0.0,0.0,0.0,0.0,0.0,0.0,0.0,0.0,0.0,0.0,0.0,0.0,0.0,0.0,0.0,0.0,0.0,0.0,0.0,0.0,0.0,0.0,0.0,0.0,0.0,0.0,0.0,0.0,0.0,0.0,0.0,0.0,0.0,0.0,0.0,0.0,0.0,0.0,0.0,0.0,0.0,0.0,0.0,0.0,0.0,0.0,0.0,0.0,0.0,0.0,0.0,0.0,0.0,0.0,0.0,0.0,7.017494173793115e-5,6.648645750169031e-12,-5.31284925716213e-8,-7.810184709368205e-14,1.5958746083675735e-5,3.3516769429746205e-12,-4.634625217072884e-13,-8.488384225148757e-14,8.012999772222846e-8,-3.4168483754882817e-13,-1.5729595255030726e-12,-8.768790707870734e-13,6.086959703197725e-8,-9.301715714941111e-10,-6.382330302173664e-12,1.1188335545714686e-12,-1.1072813968439973e-12,-3.8584984025288075e-12,5.5008405400296125e-12,3.391063729385524e-13,1.0391389200647374e-10,-1.707840570297222e-12,9.782969288188302e-13,-3.2585166848837338e-12,1.5875408100554568e-13,3.1195483158974568e-12,9.172552364840472e-14,-4.697134516701945e-9,1.241109340911066e-9,1.3370526487279474e-5,7.217793143288034e-13,-3.4980324610328276e-12,-5.288949936985136e-12,-2.4158923515168884e-12,-2.28204349667655e-9,3.141164489924078e-13,-7.164026977087273e-13,8.045728563366199e-13,-8.148918025799539e-10,-8.732903026735012e-13,3.4749889086402512e-6,-1.359785412147732e-12,9.230529254614216e-13,1.6439646586102541e-12,-4.442812254567161e-10,7.978601514659795e-13,-6.90377741427251e-12,2.571001807150009e-12,1.1734935692427088e-13,-3.6415274731212734e-11,3.536490585110724e-13,-6.2690008641592356e-12,-2.8112590316190584e-7
0.0,0.0,0.0,0.0,0.0,0.0,0.0,0.0,0.0,0.0,0.0,0.0,0.0,0.0,0.0,0.0,0.0,0.0,0.0,0.0,0.0,0.0,0.0,0.0,0.0,0.0,0.0,0.0,0.0,0.0,0.0,0.0,0.0,0.0,0.0,0.0,0.0,0.0,0.0,0.0,0.0,0.0,0.0,0.0,0.0,0.0,0.0,0.0,0.0,0.0,0.0,0.0,0.0,0.0,0.0,0.0,0.0,0.0,0.0,0.0,0.0,0.0,0.0,0.0,0.0,0.0,0.0,0.0,0.0,0.0,0.0,0.0,0.0,0.0,0.0,0.0,0.0,0.0,0.0,0.0,0.0,0.0,0.0,0.0,0.0,0.0,0.0,0.0,0.0,0.0,0.0,0.0,0.0,0.0,0.0,0.0,0.0,0.0,0.0,0.0,0.0,0.0,0.0,0.0,0.0,0.0,0.0,0.0,0.0,0.0,0.0,0.0,0.0,0.0,0.0,0.0,0.0,0.0,0.0,0.0,0.0,0.0,0.0,0.0,0.0,0.0,0.0,0.0,0.0,0.0,0.0,0.0,0.0,0.0,0.0,0.0,0.0,0.0,0.0,0.0,0.0,0.0,0.0,0.0,0.0,0.0,0.0,6.936982661483694e-5,-1.537894607539439e-12,2.2636750471836438e-12,-9.104083684070317e-13,4.221569224860766e-7,7.488027310528024e-12,1.2876500266707041e-11,-3.3226967144980456e-12,-1.9396863161026192e-12,4.1153100330242313e-7,7.235886834041196e-12,1.842736961216976e-12,-1.5428623915211991e-12,1.329781799321978e-11,1.0317295414802196e-11,-8.789568471811346e-12,-2.8850118168035297e-9,-3.432875375210646e-12,-9.748894700061835e-12,3.7286903295867946e-12,-1.9549855415245624e-11,1.3925936549563154e-11,1.2332930137371268e-11,9.534197471310495e-10,4.573940543562533e-9,5.294256610861846e-12,-3.9423326300050475e-12,-4.339169126412739e-12,-2.4443076616717818e-12,-7.629591110773624e-12,-7.279676969506353e-8,5.830085371559559e-12,1.6842541446679683e-7,-3.981678428565973e-12,-7.387748719353725e-12,3.159314765547383e-12,2.9267317467140626e-13,4.505762034068673e-12,3.612086464176404e-12,-1.0258328069112534e-11,-2.4944068421533086e-9,-6.704371834670068e-13,-1.0943296029790485e-8,4.175296350820976e-12,-1.87396959309564e-9,6.863355616501043e-12,-3.050655531078341e-10,-4.982467232218664e-12,7.619656953318654e-12,9.033746384820421e-12,-1.3130923800082284e-11,4.405752793447418e-12
0.0,0.0,0.0,0.0,0.0,0.0,0.0,0.0,0.0,0.0,0.0,0.0,0.0,0.0,0.0,0.0,0.0,0.0,0.0,0.0,0.0,0.0,0.0,0.0,0.0,0.0,0.0,0.0,0.0,0.0,0.0,0.0,0.0,0.0,0.0,0.0,0.0,0.0,0.0,0.0,0.0,0.0,0.0,0.0,0.0,0.0,0.0,0.0,0.0,0.0,0.0,0.0,0.0,0.0,0.0,0.0,0.0,0.0,0.0,0.0,0.0,0.0,0.0,0.0,0.0,0.0,0.0,0.0,0.0,0.0,0.0,0.0,0.0,0.0,0.0,0.0,0.0,0.0,0.0,0.0,0.0,0.0,0.0,0.0,0.0,0.0,0.0,0.0,0.0,0.0,0.0,0.0,0.0,0.0,0.0,0.0,0.0,0.0,0.0,0.0,0.0,0.0,0.0,0.0,0.0,0.0,0.0,0.0,0.0,0.0,0.0,0.0,0.0,0.0,0.0,0.0,0.0,0.0,0.0,0.0,0.0,0.0,0.0,0.0,0.0,0.0,0.0,0.0,0.0,0.0,0.0,0.0,0.0,0.0,0.0,0.0,0.0,0.0,0.0,0.0,0.0,0.0,0.0,0.0,0.0,0.0,0.0,0.0,6.795063424763812e-5,-1.756887144985607e-13,-2.6971474859134024e-7,-3.122802094273445e-12,-5.211601947486129e-14,-4.2629321963633537e-13,-2.8254365487431794e-5,-3.7205760454442357e-13,7.274465522353708e-14,3.998968533105689e-13,-1.4309977176011695e-5,-1.6970596819439787e-12,-2.729229093519818e-13,-7.502944658497951e-13,-3.654455832248201e-13,8.975662699772438e-13,-2.9620392821022638e-12,6.440863122465072e-13,-6.748770132798322e-12,-3.185149243486995e-12,1.1174219315805005e-12,-2.757217284112418e-12,-1.4642880673528478e-12,-1.7135076529338031e-12,8.23969704458121e-13,8.558890928245548e-6,4.002424875573261e-12,-1.4494375082300768e-7,1.1848058213729386e-13,-5.6878304542965836e-12,1.4564585200058819e-12,2.9586149963288352e-12,4.182259360133057e-6,4.852512166179073e-12,-4.692110504887144e-13,-5.176106252922274e-13,-6.9833953584565615e-12,-2.030920415195163e-13,7.742343523477663e-10,-5.1608131002397105e-14,8.150004652782244e-14,1.4446480002494812e-12,-1.0891065888795067e-11,2.374704901502672e-12,2.012941169087375e-12,4.467572949769512e-12,6.382225335296849e-13,4.548825565356468e-12,1.4597593728032196e-13,3.077049757674853e-12,-5.798752424150745e-11
0.0,0.0,0.0,0.0,0.0,0.0,0.0,0.0,0.0,0.0,0.0,0.0,0.0,0.0,0.0,0.0,0.0,0.0,0.0,0.0,0.0,0.0,0.0,0.0,0.0,0.0,0.0,0.0,0.0,0.0,0.0,0.0,0.0,0.0,0.0,0.0,0.0,0.0,0.0,0.0,0.0,0.0,0.0,0.0,0.0,0.0,0.0,0.0,0.0,0.0,0.0,0.0,0.0,0.0,0.0,0.0,0.0,0.0,0.0,0.0,0.0,0.0,0.0,0.0,0.0,0.0,0.0,0.0,0.0,0.0,0.0,0.0,0.0,0.0,0.0,0.0,0.0,0.0,0.0,0.0,0.0,0.0,0.0,0.0,0.0,0.0,0.0,0.0,0.0,0.0,0.0,0.0,0.0,0.0,0.0,0.0,0.0,0.0,0.0,0.0,0.0,0.0,0.0,0.0,0.0,0.0,0.0,0.0,0.0,0.0,0.0,0.0,0.0,0.0,0.0,0.0,0.0,0.0,0.0,0.0,0.0,0.0,0.0,0.0,0.0,0.0,0.0,0.0,0.0,0.0,0.0,0.0,0.0,0.0,0.0,0.0,0.0,0.0,0.0,0.0,0.0,0.0,0.0,0.0,0.0,0.0,0.0,0.0,0.0,6.341482563580683e-5,4.633183566073065e-13,6.030916104633275e-13,3.2533449905662557e-6,8.968734544755123e-8,-1.8617730503726066e-13,-4.409903922970619e-5,-5.5053872510600104e-12,4.742875854545662e-9,-4.351974883106101e-13,1.503191481746619e-12,-1.1143509750988856e-12,-1.7000297384511392e-12,-1.5334858555675653e-11,-5.116294047170609e-12,-1.1408642185063273e-12,-8.561697530794109e-12,4.579255501496639e-13,-5.783458388696198e-12,7.37591847807853e-10,4.7478958470172795e-14,-3.046775324961918e-13,-6.9208273667258575e-12,-1.3386665609158005e-11,-1.4080349845111548e-13,4.3889827802965627e-13,-9.297629179714188e-14,3.8520877636711856e-9,1.0307481036392505e-11,8.898498951710747e-14,-3.4771953368294274e-12,-9.798072144774974e-14,-4.709073769908789e-12,1.589931442116023e-6,-5.324259765112665e-12,7.516531242266879e-13,-2.8417030833584352e-6,6.137192459842313e-13,-2.562109506073609e-12,-9.638847079710055e-12,-3.4957480568935132e-12,3.225674087595694e-13,-2.4119866333167735e-13,1.2843181132047299e-12,-1.2258716837777872e-11,-7.494428989318144e-6,-1.2522578818780035e-12,-3.12567643809777e-10,-1.4292727550805942e-12,1.5585988267813017e-13
0.0,0.0,0.0,0.0,0.0,0.0,0.0,0.0,0.0,0.0,0.0,0.0,0.0,0.0,0.0,0.0,0.0,0.0,0.0,0.0,0.0,0.0,0.0,0.0,0.0,0.0,0.0,0.0,0.0,0.0,0.0,0.0,0.0,0.0,0.0,0.0,0.0,0.0,0.0,0.0,0.0,0.0,0.0,0.0,0.0,0.0,0.0,0.0,0.0,0.0,0.0,0.0,0.0,0.0,0.0,0.0,0.0,0.0,0.0,0.0,0.0,0.0,0.0,0.0,0.0,0.0,0.0,0.0,0.0,0.0,0.0,0.0,0.0,0.0,0.0,0.0,0.0,0.0,0.0,0.0,0.0,0.0,0.0,0.0,0.0,0.0,0.0,0.0,0.0,0.0,0.0,0.0,0.0,0.0,0.0,0.0,0.0,0.0,0.0,0.0,0.0,0.0,0.0,0.0,0.0,0.0,0.0,0.0,0.0,0.0,0.0,0.0,0.0,0.0,0.0,0.0,0.0,0.0,0.0,0.0,0.0,0.0,0.0,0.0,0.0,0.0,0.0,0.0,0.0,0.0,0.0,0.0,0.0,0.0,0.0,0.0,0.0,0.0,0.0,0.0,0.0,0.0,0.0,0.0,0.0,0.0,0.0,0.0,0.0,0.0,6.24733508881878e-5,-2.061763183862599e-12,-3.020835269755188e-13,9.020738518816488e-13,3.20546367689875e-7,3.255299732868942e-13,2.481145291578936e-12,1.193364459923498e-12,2.7438304467632085e-7,6.934072785606864e-11,-5.504765930331765e-12,-1.7242316739905195e-12,1.195559630672253e-13,-9.64491610175362e-14,4.2739007601608926e-12,-1.6127279354233909e-12,-1.9721696287764688e-11,-2.847608017883701e-12,1.1097087570146233e-13,1.0420742769610242e-11,2.6961576871353094e-13,-9.538447261737941e-13,-8.621492392838945e-15,1.1057540542793937e-8,-9.08243503347937e-11,3.948393231051902e-5,-6.150479609825655e-13,1.9839013900110562e-12,-3.236531356563206e-12,-1.385232279329549e-12,5.425197977112321e-9,-2.578906368235124e-12,8.615455280060074e-14,8.494335216922889e-13,5.799688772648241e-11,1.3972340474639622e-12,-2.5403971801359313e-7,1.7114019809393487e-12,-1.4957336908588229e-12,-6.696808395594664e-13,2.1061785298577853e-11,-2.064179391811116e-12,7.183875183716032e-12,-1.917982831244231e-13,4.3741631433492213e-13,-2.1320241153432653e-11,-1.0945669606812947e-12,-6.316099620732188e-13,2.0553507891557242e-8
0.0,0.0,0.0,0.0,0.0,0.0,0.0,0.0,0.0,0.0,0.0,0.0,0.0,0.0,0.0,0.0,0.0,0.0,0.0,0.0,0.0,0.0,0.0,0.0,0.0,0.0,0.0,0.0,0.0,0.0,0.0,0.0,0.0,0.0,0.0,0.0,0.0,0.0,0.0,0.0,0.0,0.0,0.0,0.0,0.0,0.0,0.0,0.0,0.0,0.0,0.0,0.0,0.0,0.0,0.0,0.0,0.0,0.0,0.0,0.0,0.0,0.0,0.0,0.0,0.0,0.0,0.0,0.0,0.0,0.0,0.0,0.0,0.0,0.0,0.0,0.0,0.0,0.0,0.0,0.0,0.0,0.0,0.0,0.0,0.0,0.0,0.0,0.0,0.0,0.0,0.0,0.0,0.0,0.0,0.0,0.0,0.0,0.0,0.0,0.0,0.0,0.0,0.0,0.0,0.0,0.0,0.0,0.0,0.0,0.0,0.0,0.0,0.0,0.0,0.0,0.0,0.0,0.0,0.0,0.0,0.0,0.0,0.0,0.0,0.0,0.0,0.0,0.0,0.0,0.0,0.0,0.0,0.0,0.0,0.0,0.0,0.0,0.0,0.0,0.0,0.0,0.0,0.0,0.0,0.0,0.0,0.0,0.0,0.0,0.0,0.0,5.2104646055870044e-5,-9.044802036365223e-12,1.3109112185419872e-11,4.645779793037375e-12,8.738112556825246e-12,3.691472911042846e-5,-1.0380001467454256e-11,3.998486003836636e-12,-1.5814881177907317e-12,1.87885051567559e-12,-1.0942580509639184e-10,-2.721982932883377e-12,-1.2268540057287135e-11,1.7717429006960247e-11,5.067950719997727e-12,1.1175845515883357e-11,-2.310838636544482e-9,-4.1610044607928134e-12,-6.932541275165932e-12,1.5213906023083096e-11,7.98158409324534e-7,-3.458267976458999e-12,3.079770743744311e-12,-3.372671581310699e-12,1.3319616353155518e-14,-2.2399183774601877e-12,-1.234991153685099e-5,5.0970969886152556e-12,-3.789078633284466e-10,5.084312536680378e-12,-1.0857838216634177e-11,-7.248332972674204e-12,2.2378995816859929e-10,1.8185962088795563e-12,-1.4673149806868276e-11,-3.32202684070667e-12,-6.394466512116894e-12,8.747934684617021e-12,-1.910582756084151e-6,6.660994697914132e-12,-3.2736972092981304e-7,-1.944978410550081e-11,-5.462329235829047e-8,-2.9406965158887108e-12,1.2602849920565776e-11,5.945608705884165e-12,5.2885403955214424e-12,7.424336913009966e-12
0.0,0.0,0.0,0.0,0.0,0.0,0.0,0.0,0.0,0.0,0.0,0.0,0.0,0.0,0.0,0.0,0.0,0.0,0.0,0.0,0.0,0.0,0.0,0.0,0.0,0.0,0.0,0.0,0.0,0.0,0.0,0.0,0.0,0.0,0.0,0.0,0.0,0.0,0.0,0.0,0.0,0.0,0.0,0.0,0.0,0.0,0.0,0.0,0.0,0.0,0.0,0.0,0.0,0.0,0.0,0.0,0.0,0.0,0.0,0.0,0.0,0.0,0.0,0.0,0.0,0.0,0.0,0.0,0.0,0.0,0.0,0.0,0.0,0.0,0.0,0.0,0.0,0.0,0.0,0.0,0.0,0.0,0.0,0.0,0.0,0.0,0.0,0.0,0.0,0.0,0.0,0.0,0.0,0.0,0.0,0.0,0.0,0.0,0.0,0.0,0.0,0.0,0.0,0.0,0.0,0.0,0.0,0.0,0.0,0.0,0.0,0.0,0.0,0.0,0.0,0.0,0.0,0.0,0.0,0.0,0.0,0.0,0.0,0.0,0.0,0.0,0.0,0.0,0.0,0.0,0.0,0.0,0.0,0.0,0.0,0.0,0.0,0.0,0.0,0.0,0.0,0.0,0.0,0.0,0.0,0.0,0.0,0.0,0.0,0.0,0.0,0.0,4.994014233110422e-5,1.9073361122845807e-6,-3.4177151941415756e-13,-2.6495018969404966e-6,-1.0693856853641749e-11,1.010748407242303e-7,-2.511580879548985e-13,5.510754639138506e-13,-3.936959561623812e-12,1.3992669241989251e-11,-3.294945921804649e-10,-1.9438338129789634e-12,1.0305518314027331e-13,-4.678611112275955e-12,-1.1331001010125912e-12,-6.8373910529520376e-12,1.6111026964518508e-8,-9.934003257277042e-13,-3.268741180117518e-12,5.137168111462316e-12,-1.5514845861948983e-13,8.096321813994152e-14,-6.775967944787003e-13,-8.145596837289914e-14,8.168356897109605e-8,-1.8872201991804658e-13,-1.4075106717792532e-12,-3.0592526236125085e-12,-2.0003189902377604e-13,6.553223065280157e-12,2.8527456207308024e-5,-2.0012128285197243e-12,4.805293185175908e-13,-5.898565510342058e-5,2.705455010618089e-13,3.4343483316753916e-12,-6.721403734515171e-11,1.0199503347060422e-11,6.610515156365051e-13,-1.9128052853404712e-12,6.865114217380195e-13,2.2957981005596877e-11,-2.7084224052191774e-5,9.303889263128354e-13,-6.531092524293292e-9,-3.2673338279545197e-13,3.721814871573092e-13
0.0,0.0,0.0,0.0,0.0,0.0,0.0,0.0,0.0,0.0,0.0,0.0,0.0,0.0,0.0,0.0,0.0,0.0,0.0,0.0,0.0,0.0,0.0,0.0,0.0,0.0,0.0,0.0,0.0,0.0,0.0,0.0,0.0,0.0,0.0,0.0,0.0,0.0,0.0,0.0,0.0,0.0,0.0,0.0,0.0,0.0,0.0,0.0,0.0,0.0,0.0,0.0,0.0,0.0,0.0,0.0,0.0,0.0,0.0,0.0,0.0,0.0,0.0,0.0,0.0,0.0,0.0,0.0,0.0,0.0,0.0,0.0,0.0,0.0,0.0,0.0,0.0,0.0,0.0,0.0,0.0,0.0,0.0,0.0,0.0,0.0,0.0,0.0,0.0,0.0,0.0,0.0,0.0,0.0,0.0,0.0,0.0,0.0,0.0,0.0,0.0,0.0,0.0,0.0,0.0,0.0,0.0,0.0,0.0,0.0,0.0,0.0,0.0,0.0,0.0,0.0,0.0,0.0,0.0,0.0,0.0,0.0,0.0,0.0,0.0,0.0,0.0,0.0,0.0,0.0,0.0,0.0,0.0,0.0,0.0,0.0,0.0,0.0,0.0,0.0,0.0,0.0,0.0,0.0,0.0,0.0,0.0,0.0,0.0,0.0,0.0,0.0,0.0,4.405192511814973e-5,-1.7856912262856824e-13,3.1868171842291875e-8,3.924108156428064e-12,3.3141233708086624e-6,4.958609707729904e-13,5.133731180962872e-13,3.4371491780877494e-12,-6.600598355798353e-13,-1.1307719732077726e-8,-2.7864705429548557e-12,6.321313632202369e-12,1.1187778215478553e-10,8.561573138362889e-13,-3.0994031171388104e-12,5.29290502087789e-7,6.7938034088082165e-12,7.6889670759227e-12,-6.455480926111556e-12,3.737025810640862e-11,6.402700877471315e-13,-8.458474080825815e-13,-1.2989031638183906e-12,2.685154874039907e-6,-6.2928647273535455e-12,9.64655883405477e-13,1.6118398563537837e-12,2.0149733640623444e-13,3.42335145817824e-12,3.775947225063752e-7,6.256181027818089e-12,2.8276515809896407e-12,-1.02506969588579e-5,4.200215012459128e-13,-1.1089302094936955e-11,-1.5360966397460862e-9,4.9225943783071214e-12,2.5883547741682763e-12,-4.961732352447455e-12,6.300875918891695e-12,-4.9071657267095395e-12,3.036046078910869e-7,-9.963643345348474e-13,-2.1436489100585276e-7,-3.2466129897453617e-12,3.427217768839157e-13
0.0,0.0,0.0,0.0,0.0,0.0,0.0,0.0,0.0,0.0,0.0,0.0,0.0,0.0,0.0,0.0,0.0,0.0,0.0,0.0,0.0,0.0,0.0,0.0,0.0,0.0,0.0,0.0,0.0,0.0,0.0,0.0,0.0,0.0,0.0,0.0,0.0,0.0,0.0,0.0,0.0,0.0,0.0,0.0,0.0,0.0,0.0,0.0,0.0,0.0,0.0,0.0,0.0,0.0,0.0,0.0,0.0,0.0,0.0,0.0,0.0,0.0,0.0,0.0,0.0,0.0,0.0,0.0,0.0,0.0,0.0,0.0,0.0,0.0,0.0,0.0,0.0,0.0,0.0,0.0,0.0,0.0,0.0,0.0,0.0,0.0,0.0,0.0,0.0,0.0,0.0,0.0,0.0,0.0,0.0,0.0,0.0,0.0,0.0,0.0,0.0,0.0,0.0,0.0,0.0,0.0,0.0,0.0,0.0,0.0,0.0,0.0,0.0,0.0,0.0,0.0,0.0,0.0,0.0,0.0,0.0,0.0,0.0,0.0,0.0,0.0,0.0,0.0,0.0,0.0,0.0,0.0,0.0,0.0,0.0,0.0,0.0,0.0,0.0,0.0,0.0,0.0,0.0,0.0,0.0,0.0,0.0,0.0,0.0,0.0,0.0,0.0,0.0,0.0,3.665272415560745e-5,-1.169522461245212e-12,2.0200622676980957e-12,3.855530681493954e-13,2.3312289764193976e-5,-1.28478339246837e-11,5.699164230271207e-12,-2.4692989168824144e-12,-1.8844150145807503e-12,-3.3299774900188454e-12,-2.3249584528131123e-11,5.786742278003018e-13,-1.2396935831505619e-11,7.58499830859512e-13,2.391539874489128e-12,-1.4278322145675134e-11,-6.111189734184058e-12,1.3233063740198884e-12,1.3852673720617468e-13,1.7902531160099548e-6,-4.572130264645515e-12,-5.1659881962843e-8,7.97428178231544e-13,-1.9375408574385375e-12,2.496636697991526e-12,5.565635112290756e-12,8.783988414888474e-7,-1.5720166948469056e-11,-8.456674258216397e-13,5.680902881992468e-13,-8.52503732528545e-12,-3.1139000698811244e-13,5.904877385460911e-10,-5.450211101854839e-13,-7.403481315885517e-13,2.1369749346525607e-12,-1.5301063910452615e-11,-3.803857315312021e-12,-1.2830116117688758e-11,6.479142873544785e-12,2.463262558834405e-13,-2.4512939760456165e-12,9.71125484339657e-13,3.3087114593402957e-12,-6.83094976659841e-11
0.0,0.0,0.0,0.0,0.0,0.0,0.0,0.0,0.0,0.0,0.0,0.0,0.0,0.0,0.0,0.0,0.0,0.0,0.0,0.0,0.0,0.0,0.0,0.0,0.0,0.0,0.0,0.0,0.0,0.0,0.0,0.0,0.0,0.0,0.0,0.0,0.0,0.0,0.0,0.0,0.0,0.0,0.0,0.0,0.0,0.0,0.0,0.0,0.0,0.0,0.0,0.0,0.0,0.0,0.0,0.0,0.0,0.0,0.0,0.0,0.0,0.0,0.0,0.0,0.0,0.0,0.0,0.0,0.0,0.0,0.0,0.0,0.0,0.0,0.0,0.0,0.0,0.0,0.0,0.0,0.0,0.0,0.0,0.0,0.0,0.0,0.0,0.0,0.0,0.0,0.0,0.0,0.0,0.0,0.0,0.0,0.0,0.0,0.0,0.0,0.0,0.0,0.0,0.0,0.0,0.0,0.0,0.0,0.0,0.0,0.0,0.0,0.0,0.0,0.0,0.0,0.0,0.0,0.0,0.0,0.0,0.0,0.0,0.0,0.0,0.0,0.0,0.0,0.0,0.0,0.0,0.0,0.0,0.0,0.0,0.0,0.0,0.0,0.0,0.0,0.0,0.0,0.0,0.0,0.0,0.0,0.0,0.0,0.0,0.0,0.0,0.0,0.0,0.0,0.0,3.201380119642239e-5,-3.136690475853793e-11,-1.0050857195407312e-9,-3.583013030863673e-13,5.039892671613506e-12,-1.0750579557661574e-12,-2.573193968375169e-11,2.1881532940428665e-11,-1.0843141676965053e-11,-4.0092726776234205e-12,9.156794146765641e-12,-2.83271833083906e-13,-3.095478749626224e-11,-2.1774252423651777e-10,5.39535513259977e-12,-3.791389710868779e-12,-1.3228195168523153e-11,3.050341992606992e-13,-6.732423620555968e-13,1.2736975629784387e-12,1.3884886705306557e-13,-7.633327156997489e-10,2.8492860722104105e-11,3.075497938415086e-13,-4.7637538575200706e-12,1.4562022420779104e-13,-9.308351680329583e-12,3.4057906119904764e-7,-1.0506834726896595e-11,4.246554410743488e-12,-1.2606717173727464e-6,2.395802386676848e-12,5.3566945783300996e-12,5.063211068425234e-12,-3.713410623246885e-13,1.759144053101239e-12,8.161583428039908e-12,4.023455571385252e-12,-2.1895859644561267e-11,7.258600983560469e-6,-3.2734361220471248e-12,4.1493017372840204e-11,-4.548351553624506e-12,1.4527477828097233e-12
0.0,0.0,0.0,0.0,0.0,0.0,0.0,0.0,0.0,0.0,0.0,0.0,0.0,0.0,0.0,0.0,0.0,0.0,0.0,0.0,0.0,0.0,0.0,0.0,0.0,0.0,0.0,0.0,0.0,0.0,0.0,0.0,0.0,0.0,0.0,0.0,0.0,0.0,0.0,0.0,0.0,0.0,0.0,0.0,0.0,0.0,0.0,0.0,0.0,0.0,0.0,0.0,0.0,0.0,0.0,0.0,0.0,0.0,0.0,0.0,0.0,0.0,0.0,0.0,0.0,0.0,0.0,0.0,0.0,0.0,0.0,0.0,0.0,0.0,0.0,0.0,0.0,0.0,0.0,0.0,0.0,0.0,0.0,0.0,0.0,0.0,0.0,0.0,0.0,0.0,0.0,0.0,0.0,0.0,0.0,0.0,0.0,0.0,0.0,0.0,0.0,0.0,0.0,0.0,0.0,0.0,0.0,0.0,0.0,0.0,0.0,0.0,0.0,0.0,0.0,0.0,0.0,0.0,0.0,0.0,0.0,0.0,0.0,0.0,0.0,0.0,0.0,0.0,0.0,0.0,0.0,0.0,0.0,0.0,0.0,0.0,0.0,0.0,0.0,0.0,0.0,0.0,0.0,0.0,0.0,0.0,0.0,0.0,0.0,0.0,0.0,0.0,0.0,0.0,0.0,0.0,1.4600970752255077e-5,-1.9627391052909646e-11,1.4313506520987496e-11,1.851335854253712e-11,-5.98902730368214e-12,4.7483955624192955e-11,-8.40571263937791e-12,1.3359624683551127e-11,-2.2015619419468016e-11,-1.6366609850159123e-11,-5.507261435125073e-12,9.748069738972712e-10,-1.8330129660480677e-11,1.2129131544511276e-11,-7.112148831295542e-11,-3.3214237851655977e-7,1.3813505913598314e-11,-6.694551782371747e-13,-1.1759494711061874e-12,-1.6448055229290117e-11,6.966339389933818e-12,4.7682445805788995e-6,-8.550556930365192e-12,-4.257925006415777e-10,-1.950707816316195e-11,5.922083418748595e-12,3.1146043132945244e-11,-1.1358104340995858e-10,2.1446272710856233e-11,1.3315941684494896e-11,4.414196854082093e-12,-1.990653295549129e-11,-2.115215440261226e-11,7.950106624504426e-7,-1.524618349607706e-12,1.3622946715571684e-7,7.361436388011739e-11,2.2711356132643737e-8,1.3878383878224896e-11,-1.8058880485242064e-11,-6.503453051852942e-11,-5.3375403718470425e-12,9.174372388986826e-12
0.0,0.0,0.0,0.0,0.0,0.0,0.0,0.0,0.0,0.0,0.0,0.0,0.0,0.0,0.0,0.0,0.0,0.0,0.0,0.0,0.0,0.0,0.0,0.0,0.0,0.0,0.0,0.0,0.0,0.0,0.0,0.0,0.0,0.0,0.0,0.0,0.0,0.0,0.0,0.0,0.0,0.0,0.0,0.0,0.0,0.0,0.0,0.0,0.0,0.0,0.0,0.0,0.0,0.0,0.0,0.0,0.0,0.0,0.0,0.0,0.0,0.0,0.0,0.0,0.0,0.0,0.0,0.0,0.0,0.0,0.0,0.0,0.0,0.0,0.0,0.0,0.0,0.0,0.0,0.0,0.0,0.0,0.0,0.0,0.0,0.0,0.0,0.0,0.0,0.0,0.0,0.0,0.0,0.0,0.0,0.0,0.0,0.0,0.0,0.0,0.0,0.0,0.0,0.0,0.0,0.0,0.0,0.0,0.0,0.0,0.0,0.0,0.0,0.0,0.0,0.0,0.0,0.0,0.0,0.0,0.0,0.0,0.0,0.0,0.0,0.0,0.0,0.0,0.0,0.0,0.0,0.0,0.0,0.0,0.0,0.0,0.0,0.0,0.0,0.0,0.0,0.0,0.0,0.0,0.0,0.0,0.0,0.0,0.0,0.0,0.0,0.0,0.0,0.0,0.0,0.0,0.0,1.1921743792119961e-5,3.66115110126168e-12,-3.4952390604603154e-12,1.3061736101894265e-11,1.3485705145573484e-11,-5.497943061138005e-8,-1.9159938770596387e-11,1.0313661623337235e-11,4.4292938813504444e-10,3.5729076435489745e-12,1.3656531150957449e-11,2.5790095405895045e-6,-2.0073590048527174e-11,-4.238312671319397e-11,7.19276164211516e-13,2.0071621685230066e-10,1.1021711075241352e-12,-5.074311824387935e-13,-2.0363456300441294e-12,1.3048676604777933e-5,-9.483755500795575e-12,3.331195041519848e-12,7.0498215010685715e-12,-3.183477454564711e-12,-1.1491273397663514e-11,-3.094381726001515e-8,-1.1357604982209598e-11,-4.907506133940761e-12,8.417516475965928e-7,2.776256840132029e-12,-1.5584922676224513e-11,-7.61034124021065e-9,-1.537049527524041e-11,-7.679435326012528e-12,6.4255677397071674e-12,-1.1159812826842623e-11,-4.0651511719082406e-12,-2.4246327306341485e-8,4.240268098981203e-13,-1.0445097386978417e-6,-2.9754023538541723e-12,3.599303050589766e-12
0.0,0.0,0.0,0.0,0.0,0.0,0.0,0.0,0.0,0.0,0.0,0.0,0.0,0.0,0.0,0.0,0.0,0.0,0.0,0.0,0.0,0.0,0.0,0.0,0.0,0.0,0.0,0.0,0.0,0.0,0.0,0.0,0.0,0.0,0.0,0.0,0.0,0.0,0.0,0.0,0.0,0.0,0.0,0.0,0.0,0.0,0.0,0.0,0.0,0.0,0.0,0.0,0.0,0.0,0.0,0.0,0.0,0.0,0.0,0.0,0.0,0.0,0.0,0.0,0.0,0.0,0.0,0.0,0.0,0.0,0.0,0.0,0.0,0.0,0.0,0.0,0.0,0.0,0.0,0.0,0.0,0.0,0.0,0.0,0.0,0.0,0.0,0.0,0.0,0.0,0.0,0.0,0.0,0.0,0.0,0.0,0.0,0.0,0.0,0.0,0.0,0.0,0.0,0.0,0.0,0.0,0.0,0.0,0.0,0.0,0.0,0.0,0.0,0.0,0.0,0.0,0.0,0.0,0.0,0.0,0.0,0.0,0.0,0.0,0.0,0.0,0.0,0.0,0.0,0.0,0.0,0.0,0.0,0.0,0.0,0.0,0.0,0.0,0.0,0.0,0.0,0.0,0.0,0.0,0.0,0.0,0.0,0.0,0.0,0.0,0.0,0.0,0.0,0.0,0.0,0.0,0.0,0.0,8.87959783333466e-6,2.323965479189901e-11,2.996000370144344e-11,4.828166136185025e-12,2.1389316091720668e-12,-1.2376015627479423e-12,8.880014004234275e-11,-4.538779215227032e-12,-9.387258093600061e-11,-2.212868183005257e-12,-5.3412354159259145e-12,-2.990871247681613e-11,1.7290291242159796e-11,2.9988590371029528e-12,-1.7136927263266518e-12,-7.744076124938885e-7,4.60686967706036e-11,-4.6878288907575207e-8,-5.138040096643469e-12,8.815777713389906e-12,2.635849090798467e-11,4.787858373220202e-12,-3.7990358571855524e-7,1.0676301466783529e-10,4.553326054388644e-12,3.742081282015609e-12,1.5506558292150926e-11,7.410963210305745e-13,5.363202308832006e-10,2.890580197281618e-11,1.7236455456239081e-13,7.953614088798974e-12,2.9776979974743424e-11,-4.725476643070209e-12,5.002136384363182e-11,-2.830026422074049e-12,1.0599439743489514e-12,-6.677731116850088e-11,-4.609090733455713e-12,8.981045044702928e-11,9.8330481232866e-11
0.0,0.0,0.0,0.0,0.0,0.0,0.0,0.0,0.0,0.0,0.0,0.0,0.0,0.0,0.0,0.0,0.0,0.0,0.0,0.0,0.0,0.0,0.0,0.0,0.0,0.0,0.0,0.0,0.0,0.0,0.0,0.0,0.0,0.0,0.0,0.0,0.0,0.0,0.0,0.0,0.0,0.0,0.0,0.0,0.0,0.0,0.0,0.0,0.0,0.0,0.0,0.0,0.0,0.0,0.0,0.0,0.0,0.0,0.0,0.0,0.0,0.0,0.0,0.0,0.0,0.0,0.0,0.0,0.0,0.0,0.0,0.0,0.0,0.0,0.0,0.0,0.0,0.0,0.0,0.0,0.0,0.0,0.0,0.0,0.0,0.0,0.0,0.0,0.0,0.0,0.0,0.0,0.0,0.0,0.0,0.0,0.0,0.0,0.0,0.0,0.0,0.0,0.0,0.0,0.0,0.0,0.0,0.0,0.0,0.0,0.0,0.0,0.0,0.0,0.0,0.0,0.0,0.0,0.0,0.0,0.0,0.0,0.0,0.0,0.0,0.0,0.0,0.0,0.0,0.0,0.0,0.0,0.0,0.0,0.0,0.0,0.0,0.0,0.0,0.0,0.0,0.0,0.0,0.0,0.0,0.0,0.0,0.0,0.0,0.0,0.0,0.0,0.0,0.0,0.0,0.0,0.0,0.0,0.0,0.0002594952737837358,-7.66812795199055e-13,-1.0789025040483052e-13,-3.933873295613037e-13,-9.863059540125564e-13,-2.8065516091436845e-12,-4.252698145256115e-13,-4.093044938289166e-5,-5.671361669168279e-13,-5.145329821121767e-13,-1.837466191548339e-13,-6.556129427171996e-13,-7.465869663731489e-13,8.405791362439014e-13,-1.0203337578932877e-12,-2.6102306061261913e-6,5.8152235762100485e-12,4.064605528557257e-13,-1.0429109507001611e-12,-1.2929596851745298e-6,5.927318327083632e-13,-9.950029772551644e-13,-2.7079233140450873e-12,-6.414450858669124e-14,7.164584134772277e-13,0.00016001019573244334,2.3584630546331614e-13,-8.226863509505142e-9,6.943818019937656e-13,9.279754525324183e-13,3.54939848833331e-13,6.782225175613833e-5,-1.3469324835857957e-12,-2.1845273434203644e-9,-2.5727683114236664e-13,1.861814557243303e-13,2.0012320684116303e-5,-1.0312888982177773e-13,1.774483131294027e-9,1.1881826048482884e-7
0.0,0.0,0.0,0.0,0.0,0.0,0.0,0.0,0.0,0.0,0.0,0.0,0.0,0.0,0.0,0.0,0.0,0.0,0.0,0.0,0.0,0.0,0.0,0.0,0.0,0.0,0.0,0.0,0.0,0.0,0.0,0.0,0.0,0.0,0.0,0.0,0.0,0.0,0.0,0.0,0.0,0.0,0.0,0.0,0.0,0.0,0.0,0.0,0.0,0.0,0.0,0.0,0.0,0.0,0.0,0.0,0.0,0.0,0.0,0.0,0.0,0.0,0.0,0.0,0.0,0.0,0.0,0.0,0.0,0.0,0.0,0.0,0.0,0.0,0.0,0.0,0.0,0.0,0.0,0.0,0.0,0.0,0.0,0.0,0.0,0.0,0.0,0.0,0.0,0.0,0.0,0.0,0.0,0.0,0.0,0.0,0.0,0.0,0.0,0.0,0.0,0.0,0.0,0.0,0.0,0.0,0.0,0.0,0.0,0.0,0.0,0.0,0.0,0.0,0.0,0.0,0.0,0.0,0.0,0.0,0.0,0.0,0.0,0.0,0.0,0.0,0.0,0.0,0.0,0.0,0.0,0.0,0.0,0.0,0.0,0.0,0.0,0.0,0.0,0.0,0.0,0.0,0.0,0.0,0.0,0.0,0.0,0.0,0.0,0.0,0.0,0.0,0.0,0.0,0.0,0.0,0.0,0.0,0.0,0.0,0.0001217524750641159,4.909531830318938e-14,-7.565019585040456e-13,3.953497818890104e-8,-9.61573721737034e-9,-8.606656044066344e-13,-6.6376713799808405e-12,-1.141422931518159e-12,3.022012589188477e-12,2.7584806631775e-5,-8.735425513370147e-8,-2.1964338762384722e-13,5.2606784074556346e-12,-1.8272124326977703e-12,-1.0213529511498549e-13,9.074254944926083e-13,-5.942270997715722e-12,2.657941598645673e-13,-3.160249793595345e-12,-4.343749408778551e-10,1.8824686874627347e-12,-8.358172777882252e-9,-1.4391339698170689e-13,7.437968214607384e-14,5.93647771076398e-13,-1.1148131670883469e-13,7.654869101044927e-12,1.9217704438823794e-8,-2.020784686066578e-12,-5.509555145652208e-13,4.332606774625761e-13,-8.389971117108095e-13,3.330922233552879e-13,3.3322210094871545e-12,-2.7488506871542267e-12,2.8126333283222294e-12,3.7088997386402443e-13,4.519226674198173e-13,1.993921281935632e-12
0.0,0.0,0.0,0.0,0.0,0.0,0.0,0.0,0.0,0.0,0.0,0.0,0.0,0.0,0.0,0.0,0.0,0.0,0.0,0.0,0.0,0.0,0.0,0.0,0.0,0.0,0.0,0.0,0.0,0.0,0.0,0.0,0.0,0.0,0.0,0.0,0.0,0.0,0.0,0.0,0.0,0.0,0.0,0.0,0.0,0.0,0.0,0.0,0.0,0.0,0.0,0.0,0.0,0.0,0.0,0.0,0.0,0.0,0.0,0.0,0.0,0.0,0.0,0.0,0.0,0.0,0.0,0.0,0.0,0.0,0.0,0.0,0.0,0.0,0.0,0.0,0.0,0.0,0.0,0.0,0.0,0.0,0.0,0.0,0.0,0.0,0.0,0.0,0.0,0.0,0.0,0.0,0.0,0.0,0.0,0.0,0.0,0.0,0.0,0.0,0.0,0.0,0.0,0.0,0.0,0.0,0.0,0.0,0.0,0.0,0.0,0.0,0.0,0.0,0.0,0.0,0.0,0.0,0.0,0.0,0.0,0.0,0.0,0.0,0.0,0.0,0.0,0.0,0.0,0.0,0.0,0.0,0.0,0.0,0.0,0.0,0.0,0.0,0.0,0.0,0.0,0.0,0.0,0.0,0.0,0.0,0.0,0.0,0.0,0.0,0.0,0.0,0.0,0.0,0.0,0.0,0.0,0.0,0.0,0.0,0.0,0.0001276460709248862,-3.314889801107368e-10,2.5984799288140563e-13,-3.7622831916271605e-12,5.427504266167206e-7,-2.8128893041582147e-13,1.314955237114236e-7,1.084526702443932e-10,-1.1149008844220395e-12,-2.328617887830499e-12,-1.0047108298424569e-8,5.55428161725706e-6,-1.1024737260513743e-13,-8.462950358864219e-13,-3.8024433068427216e-13,1.947263696527034e-11,2.543219017167568e-11,-1.2920819596815767e-12,1.2371455488074125e-13,-5.710885588847526e-14,-2.5618036170349227e-12,5.581511937574727e-13,-6.667823735681178e-5,8.028487924022248e-13,4.611738975725031e-12,5.417925581058039e-13,1.856256916676991e-12,-4.646392593597756e-8,4.071643560618963e-9,9.186293885883968e-13,2.381699975740514e-8,-8.4828930225977e-13,2.828975011486588e-10,2.51035999809346e-12,6.54570168036888e-14,-2.6069396336152513e-10,-9.327174143495254e-13,2.7790618025024786e-13
0.0,0.0,0.0,0.0,0.0,0.0,0.0,0.0,0.0,0.0,0.0,0.0,0.0,0.0,0.0,0.0,0.0,0.0,0.0,0.0,0.0,0.0,0.0,0.0,0.0,0.0,0.0,0.0,0.0,0.0,0.0,0.0,0.0,0.0,0.0,0.0,0.0,0.0,0.0,0.0,0.0,0.0,0.0,0.0,0.0,0.0,0.0,0.0,0.0,0.0,0.0,0.0,0.0,0.0,0.0,0.0,0.0,0.0,0.0,0.0,0.0,0.0,0.0,0.0,0.0,0.0,0.0,0.0,0.0,0.0,0.0,0.0,0.0,0.0,0.0,0.0,0.0,0.0,0.0,0.0,0.0,0.0,0.0,0.0,0.0,0.0,0.0,0.0,0.0,0.0,0.0,0.0,0.0,0.0,0.0,0.0,0.0,0.0,0.0,0.0,0.0,0.0,0.0,0.0,0.0,0.0,0.0,0.0,0.0,0.0,0.0,0.0,0.0,0.0,0.0,0.0,0.0,0.0,0.0,0.0,0.0,0.0,0.0,0.0,0.0,0.0,0.0,0.0,0.0,0.0,0.0,0.0,0.0,0.0,0.0,0.0,0.0,0.0,0.0,0.0,0.0,0.0,0.0,0.0,0.0,0.0,0.0,0.0,0.0,0.0,0.0,0.0,0.0,0.0,0.0,0.0,0.0,0.0,0.0,0.0,0.0,0.0,1.6433609679462047e-5,2.725463325493595e-11,-1.469862607796804e-11,-2.121253988191737e-7,-1.4296786109299593e-12,3.161939959185846e-11,-6.771714497987314e-6,6.803617378556349e-12,-1.8548037366796244e-11,1.4824604651914727e-11,-6.797616667421203e-8,1.0353753487801056e-12,3.465006359183185e-13,-2.8930298609759005e-12,-1.0600571965923265e-6,5.191869947296729e-12,6.258808863409292e-13,-6.673507178147749e-12,-4.0104947071797004e-12,-8.428980034348505e-12,-8.208304028820415e-11,-3.4946404747569473e-10,-4.109936689667857e-12,7.851897107317233e-10,-1.534700341835459e-12,1.7041580370527275e-11,3.0247675636461383e-6,-4.306753238766542e-11,-4.2879472706712e-13,1.9292235036498223e-11,-1.333269486537847e-12,-2.0847745069692224e-12,-1.3617474267479812e-11,-1.4792768131301094e-12,1.7026776009155263e-5,7.709076914739456e-12,6.492874611445185e-12
0.0,0.0,0.0,0.0,0.0,0.0,0.0,0.0,0.0,0.0,0.0,0.0,0.0,0.0,0.0,0.0,0.0,0.0,0.0,0.0,0.0,0.0,0.0,0.0,0.0,0.0,0.0,0.0,0.0,0.0,0.0,0.0,0.0,0.0,0.0,0.0,0.0,0.0,0.0,0.0,0.0,0.0,0.0,0.0,0.0,0.0,0.0,0.0,0.0,0.0,0.0,0.0,0.0,0.0,0.0,0.0,0.0,0.0,0.0,0.0,0.0,0.0,0.0,0.0,0.0,0.0,0.0,0.0,0.0,0.0,0.0,0.0,0.0,0.0,0.0,0.0,0.0,0.0,0.0,0.0,0.0,0.0,0.0,0.0,0.0,0.0,0.0,0.0,0.0,0.0,0.0,0.0,0.0,0.0,0.0,0.0,0.0,0.0,0.0,0.0,0.0,0.0,0.0,0.0,0.0,0.0,0.0,0.0,0.0,0.0,0.0,0.0,0.0,0.0,0.0,0.0,0.0,0.0,0.0,0.0,0.0,0.0,0.0,0.0,0.0,0.0,0.0,0.0,0.0,0.0,0.0,0.0,0.0,0.0,0.0,0.0,0.0,0.0,0.0,0.0,0.0,0.0,0.0,0.0,0.0,0.0,0.0,0.0,0.0,0.0,0.0,0.0,0.0,0.0,0.0,0.0,0.0,0.0,0.0,0.0,0.0,0.0,0.0,0.00014122055700754388,6.997113436548745e-14,1.405579403054385e-12,-1.937322193676899e-12,5.100997361867836e-12,5.880950572595794e-12,-2.2664364375998293e-9,-6.652082036068244e-5,4.200997996520177e-12,-3.258851941342531e-12,-7.175354190696585e-13,2.162375646471462e-12,7.538875711336517e-13,-1.3508684876426142e-12,2.3538706406525205e-12,8.63349675515833e-12,-2.2292214881004905e-6,2.4191264775858857e-12,1.0270154528968693e-11,-2.7837090101325674e-12,-5.818524171168834e-12,1.1176515436982023e-12,-4.725965671132979e-12,2.4892088944929177e-12,8.463040166203343e-5,6.022080679532594e-12,6.169210672405447e-12,-2.362265927517871e-13,3.428951904414656e-12,9.25408658757452e-13,3.1829378660031537e-12,3.1253656502407148e-12,-7.874880737795519e-13,-7.705011780090754e-12,3.185800186507051e-12,3.3715369400634184e-12
0.0,0.0,0.0,0.0,0.0,0.0,0.0,0.0,0.0,0.0,0.0,0.0,0.0,0.0,0.0,0.0,0.0,0.0,0.0,0.0,0.0,0.0,0.0,0.0,0.0,0.0,0.0,0.0,0.0,0.0,0.0,0.0,0.0,0.0,0.0,0.0,0.0,0.0,0.0,0.0,0.0,0.0,0.0,0.0,0.0,0.0,0.0,0.0,0.0,0.0,0.0,0.0,0.0,0.0,0.0,0.0,0.0,0.0,0.0,0.0,0.0,0.0,0.0,0.0,0.0,0.0,0.0,0.0,0.0,0.0,0.0,0.0,0.0,0.0,0.0,0.0,0.0,0.0,0.0,0.0,0.0,0.0,0.0,0.0,0.0,0.0,0.0,0.0,0.0,0.0,0.0,0.0,0.0,0.0,0.0,0.0,0.0,0.0,0.0,0.0,0.0,0.0,0.0,0.0,0.0,0.0,0.0,0.0,0.0,0.0,0.0,0.0,0.0,0.0,0.0,0.0,0.0,0.0,0.0,0.0,0.0,0.0,0.0,0.0,0.0,0.0,0.0,0.0,0.0,0.0,0.0,0.0,0.0,0.0,0.0,0.0,0.0,0.0,0.0,0.0,0.0,0.0,0.0,0.0,0.0,0.0,0.0,0.0,0.0,0.0,0.0,0.0,0.0,0.0,0.0,0.0,0.0,0.0,0.0,0.0,0.0,0.0,0.0,0.0,8.160796799887352e-5,-2.0282272379407424e-12,-2.6673765049323074e-12,6.029427157567639e-13,-3.98047588889052e-12,-7.427766663877538e-8,1.934926512858097e-12,-3.666033351068657e-12,-3.6145839915942532e-12,4.652564754682182e-12,1.6644358586616832e-12,3.2360549454144893e-12,-5.10189740189828e-12,1.9155857806121384e-11,6.796840249723167e-13,3.153622654782663e-12,1.675831663734472e-12,4.987116115968937e-5,1.3299423338952134e-12,-3.4847639824120683e-12,-3.5097507808031273e-13,2.1927744271968014e-14,-7.39579012129652e-12,-5.886483397406946e-12,1.2568138645172204e-11,-1.0080893387382022e-11,-2.1076088555650974e-12,7.691654251342596e-13,4.641076334878608e-9,-1.4167544714335608e-11,1.444414367052683e-12,1.7037117558376347e-12,6.0320804560294065e-12,-5.76003619143038e-10,2.7460126637874495e-12
0.0,0.0,0.0,0.0,0.0,0.0,0.0,0.0,0.0,0.0,0.0,0.0,0.0,0.0,0.0,0.0,0.0,0.0,0.0,0.0,0.0,0.0,0.0,0.0,0.0,0.0,0.0,0.0,0.0,0.0,0.0,0.0,0.0,0.0,0.0,0.0,0.0,0.0,0.0,0.0,0.0,0.0,0.0,0.0,0.0,0.0,0.0,0.0,0.0,0.0,0.0,0.0,0.0,0.0,0.0,0.0,0.0,0.0,0.0,0.0,0.0,0.0,0.0,0.0,0.0,0.0,0.0,0.0,0.0,0.0,0.0,0.0,0.0,0.0,0.0,0.0,0.0,0.0,0.0,0.0,0.0,0.0,0.0,0.0,0.0,0.0,0.0,0.0,0.0,0.0,0.0,0.0,0.0,0.0,0.0,0.0,0.0,0.0,0.0,0.0,0.0,0.0,0.0,0.0,0.0,0.0,0.0,0.0,0.0,0.0,0.0,0.0,0.0,0.0,0.0,0.0,0.0,0.0,0.0,0.0,0.0,0.0,0.0,0.0,0.0,0.0,0.0,0.0,0.0,0.0,0.0,0.0,0.0,0.0,0.0,0.0,0.0,0.0,0.0,0.0,0.0,0.0,0.0,0.0,0.0,0.0,0.0,0.0,0.0,0.0,0.0,0.0,0.0,0.0,0.0,0.0,0.0,0.0,0.0,0.0,0.0,0.0,0.0,0.0,0.0,6.396538624798687e-5,1.4603391308861043e-12,-3.255998198181496e-10,-5.72468536742011e-9,5.178387856045869e-13,3.762545890470777e-12,1.9364846858286394e-11,2.82046271571656e-5,-1.0105371712543836e-12,1.3757390501670269e-14,6.136443202532294e-14,-8.823614899813165e-10,2.200201765918956e-12,-6.099660777161272e-13,-9.020119052057272e-12,-2.0681124473632015e-13,-3.525929035814717e-12,7.619967174563787e-12,1.5089397085601777e-7,1.0347827685827501e-12,-9.312981358774386e-13,4.95528702877924e-13,4.431674648645375e-12,-7.545184183281381e-6,-1.2129118277863944e-12,2.796552271691819e-13,-5.715904264515393e-11,-2.531499508405856e-12,1.1274597732220299e-11,-1.1179546223173938e-11,1.5857427447574571e-12,1.4299251228252936e-8,-1.6127709722669807e-12,9.403260318621969e-14
0.0,0.0,0.0,0.0,0.0,0.0,0.0,0.0,0.0,0.0,0.0,0.0,0.0,0.0,0.0,0.0,0.0,0.0,0.0,0.0,0.0,0.0,0.0,0.0,0.0,0.0,0.0,0.0,0.0,0.0,0.0,0.0,0.0,0.0,0.0,0.0,0.0,0.0,0.0,0.0,0.0,0.0,0.0,0.0,0.0,0.0,0.0,0.0,0.0,0.0,0.0,0.0,0.0,0.0,0.0,0.0,0.0,0.0,0.0,0.0,0.0,0.0,0.0,0.0,0.0,0.0,0.0,0.0,0.0,0.0,0.0,0.0,0.0,0.0,0.0,0.0,0.0,0.0,0.0,0.0,0.0,0.0,0.0,0.0,0.0,0.0,0.0,0.0,0.0,0.0,0.0,0.0,0.0,0.0,0.0,0.0,0.0,0.0,0.0,0.0,0.0,0.0,0.0,0.0,0.0,0.0,0.0,0.0,0.0,0.0,0.0,0.0,0.0,0.0,0.0,0.0,0.0,0.0,0.0,0.0,0.0,0.0,0.0,0.0,0.0,0.0,0.0,0.0,0.0,0.0,0.0,0.0,0.0,0.0,0.0,0.0,0.0,0.0,0.0,0.0,0.0,0.0,0.0,0.0,0.0,0.0,0.0,0.0,0.0,0.0,0.0,0.0,0.0,0.0,0.0,0.0,0.0,0.0,0.0,0.0,0.0,0.0,0.0,0.0,0.0,0.0,6.414056800519711e-5,4.915647361829156e-13,-6.254693189960765e-13,-3.4777803649774483e-12,-3.564712864356091e-12,8.506041538702048e-13,-4.648030095273958e-13,6.856705774552802e-12,-4.88782069979141e-7,-1.7218948733329215e-12,-9.918241090301333e-13,1.7818828023431269e-12,2.985882682027431e-6,-3.794448948618351e-12,8.538179167448184e-12,-1.6091447838782445e-11,6.954510683410613e-13,-1.2102986584883158e-12,1.765036336032531e-5,-1.248455449728453e-12,-1.530833794370916e-9,1.3354295452603478e-12,-1.4349962646204419e-12,1.9054113504434476e-12,9.479153591246724e-6,-4.928774922324744e-12,5.042677546544781e-9,1.7054613263486855e-12,2.263078858999232e-13,-4.473635305331923e-5,2.0432342343127842e-12,-4.092369828280498e-9,2.2273739952495287e-8
0.0,0.0,0.0,0.0,0.0,0.0,0.0,0.0,0.0,0.0,0.0,0.0,0.0,0.0,0.0,0.0,0.0,0.0,0.0,0.0,0.0,0.0,0.0,0.0,0.0,0.0,0.0,0.0,0.0,0.0,0.0,0.0,0.0,0.0,0.0,0.0,0.0,0.0,0.0,0.0,0.0,0.0,0.0,0.0,0.0,0.0,0.0,0.0,0.0,0.0,0.0,0.0,0.0,0.0,0.0,0.0,0.0,0.0,0.0,0.0,0.0,0.0,0.0,0.0,0.0,0.0,0.0,0.0,0.0,0.0,0.0,0.0,0.0,0.0,0.0,0.0,0.0,0.0,0.0,0.0,0.0,0.0,0.0,0.0,0.0,0.0,0.0,0.0,0.0,0.0,0.0,0.0,0.0,0.0,0.0,0.0,0.0,0.0,0.0,0.0,0.0,0.0,0.0,0.0,0.0,0.0,0.0,0.0,0.0,0.0,0.0,0.0,0.0,0.0,0.0,0.0,0.0,0.0,0.0,0.0,0.0,0.0,0.0,0.0,0.0,0.0,0.0,0.0,0.0,0.0,0.0,0.0,0.0,0.0,0.0,0.0,0.0,0.0,0.0,0.0,0.0,0.0,0.0,0.0,0.0,0.0,0.0,0.0,0.0,0.0,0.0,0.0,0.0,0.0,0.0,0.0,0.0,0.0,0.0,0.0,0.0,0.0,0.0,0.0,0.0,0.0,0.0,1.6839775827815104e-5,3.1390252813586886e-11,2.4708032898637544e-12,3.6122307243873266e-11,-1.7240120264982552e-6,-1.191363379070072e-8,7.761369805097103e-13,1.8664883681115964e-12,8.622822332499746e-12,-4.1348121016572356e-11,4.660158086978403e-9,8.672429034666945e-12,1.1253382901443491e-11,9.362905354782467e-13,5.1123259280918033e-11,-3.451172768147406e-11,-1.6425643222557719e-6,2.3445556896034497e-11,-5.884999914026612e-11,4.849200274412311e-13,2.002075286950532e-11,-3.5276590581493504e-11,7.000664947017817e-7,5.733277796864493e-12,4.087550574883382e-6,-1.970782512005683e-11,4.902039131893161e-8,1.0580337225203222e-11,-3.0121308050739453e-11,-6.802497738626844e-11,-1.2433070756618823e-11,6.354494179370042e-12
0.0,0.0,0.0,0.0,0.0,0.0,0.0,0.0,0.0,0.0,0.0,0.0,0.0,0.0,0.0,0.0,0.0,0.0,0.0,0.0,0.0,0.0,0.0,0.0,0.0,0.0,0.0,0.0,0.0,0.0,0.0,0.0,0.0,0.0,0.0,0.0,0.0,0.0,0.0,0.0,0.0,0.0,0.0,0.0,0.0,0.0,0.0,0.0,0.0,0.0,0.0,0.0,0.0,0.0,0.0,0.0,0.0,0.0,0.0,0.0,0.0,0.0,0.0,0.0,0.0,0.0,0.0,0.0,0.0,0.0,0.0,0.0,0.0,0.0,0.0,0.0,0.0,0.0,0.0,0.0,0.0,0.0,0.0,0.0,0.0,0.0,0.0,0.0,0.0,0.0,0.0,0.0,0.0,0.0,0.0,0.0,0.0,0.0,0.0,0.0,0.0,0.0,0.0,0.0,0.0,0.0,0.0,0.0,0.0,0.0,0.0,0.0,0.0,0.0,0.0,0.0,0.0,0.0,0.0,0.0,0.0,0.0,0.0,0.0,0.0,0.0,0.0,0.0,0.0,0.0,0.0,0.0,0.0,0.0,0.0,0.0,0.0,0.0,0.0,0.0,0.0,0.0,0.0,0.0,0.0,0.0,0.0,0.0,0.0,0.0,0.0,0.0,0.0,0.0,0.0,0.0,0.0,0.0,0.0,0.0,0.0,0.0,0.0,0.0,0.0,0.0,0.0,0.0,6.047875240627142e-5,5.335231707681837e-13,4.709166909220472e-12,-3.733451149367157e-12,7.269011116706255e-10,-3.540600891534586e-13,3.1270507106526184e-13,-6.423145565026245e-13,1.333305066773099e-5,8.198982520467068e-12,-8.595964452360057e-13,3.054711713643861e-12,1.9824477313760151e-13,-1.3683628655104114e-12,3.348913502134834e-10,1.307088548900208e-11,2.0007313566685363e-12,-9.139772500120265e-9,-1.1455723790067984e-13,3.4212758773926066e-14,8.572131503885161e-8,-7.04294727702772e-12,1.9725632826002184e-12,-3.0960301481966503e-12,-2.613949076657504e-12,2.7044540189797635e-12,2.7146474435103277e-10,3.999380654844356e-13,-3.203010825582323e-5,-8.586955631917396e-13,8.432925475404863e-13
0.0,0.0,0.0,0.0,0.0,0.0,0.0,0.0,0.0,0.0,0.0,0.0,0.0,0.0,0.0,0.0,0.0,0.0,0.0,0.0,0.0,0.0,0.0,0.0,0.0,0.0,0.0,0.0,0.0,0.0,0.0,0.0,0.0,0.0,0.0,0.0,0.0,0.0,0.0,0.0,0.0,0.0,0.0,0.0,0.0,0.0,0.0,0.0,0.0,0.0,0.0,0.0,0.0,0.0,0.0,0.0,0.0,0.0,0.0,0.0,0.0,0.0,0.0,0.0,0.0,0.0,0.0,0.0,0.0,0.0,0.0,0.0,0.0,0.0,0.0,0.0,0.0,0.0,0.0,0.0,0.0,0.0,0.0,0.0,0.0,0.0,0.0,0.0,0.0,0.0,0.0,0.0,0.0,0.0,0.0,0.0,0.0,0.0,0.0,0.0,0.0,0.0,0.0,0.0,0.0,0.0,0.0,0.0,0.0,0.0,0.0,0.0,0.0,0.0,0.0,0.0,0.0,0.0,0.0,0.0,0.0,0.0,0.0,0.0,0.0,0.0,0.0,0.0,0.0,0.0,0.0,0.0,0.0,0.0,0.0,0.0,0.0,0.0,0.0,0.0,0.0,0.0,0.0,0.0,0.0,0.0,0.0,0.0,0.0,0.0,0.0,0.0,0.0,0.0,0.0,0.0,0.0,0.0,0.0,0.0,0.0,0.0,0.0,0.0,0.0,0.0,0.0,0.0,0.0,0.00010976111988908128,5.063741002868106e-9,5.438048976025924e-13,-1.7930052088599193e-12,-1.2020243258220235e-12,-3.2028119487514824e-12,-3.2092807008695545e-12,4.263825410544612e-12,-1.5409332955889793e-12,5.8539775523773565e-12,-1.4372733362800695e-11,4.336937378535769e-13,-1.4311575084689684e-8,-4.774439586920326e-13,7.387455354123765e-12,8.608239819065628e-12,-2.008265521483772e-12,-7.404943597021864e-13,3.312783602091457e-10,2.9416552236795167e-12,-3.692949404516684e-12,8.440796474201293e-12,4.705358040513305e-13,5.755815395566833e-13,-1.7180127680222629e-12,-6.727752661877784e-13,-6.034537447361929e-15,-2.346499307544734e-12,4.088500218638413e-12,-3.8076176136788973e-13
0.0,0.0,0.0,0.0,0.0,0.0,0.0,0.0,0.0,0.0,0.0,0.0,0.0,0.0,0.0,0.0,0.0,0.0,0.0,0.0,0.0,0.0,0.0,0.0,0.0,0.0,0.0,0.0,0.0,0.0,0.0,0.0,0.0,0.0,0.0,0.0,0.0,0.0,0.0,0.0,0.0,0.0,0.0,0.0,0.0,0.0,0.0,0.0,0.0,0.0,0.0,0.0,0.0,0.0,0.0,0.0,0.0,0.0,0.0,0.0,0.0,0.0,0.0,0.0,0.0,0.0,0.0,0.0,0.0,0.0,0.0,0.0,0.0,0.0,0.0,0.0,0.0,0.0,0.0,0.0,0.0,0.0,0.0,0.0,0.0,0.0,0.0,0.0,0.0,0.0,0.0,0.0,0.0,0.0,0.0,0.0,0.0,0.0,0.0,0.0,0.0,0.0,0.0,0.0,0.0,0.0,0.0,0.0,0.0,0.0,0.0,0.0,0.0,0.0,0.0,0.0,0.0,0.0,0.0,0.0,0.0,0.0,0.0,0.0,0.0,0.0,0.0,0.0,0.0,0.0,0.0,0.0,0.0,0.0,0.0,0.0,0.0,0.0,0.0,0.0,0.0,0.0,0.0,0.0,0.0,0.0,0.0,0.0,0.0,0.0,0.0,0.0,0.0,0.0,0.0,0.0,0.0,0.0,0.0,0.0,0.0,0.0,0.0,0.0,0.0,0.0,0.0,0.0,0.0,0.0,0.00010314212319025224,-3.2215117305369696e-12,3.717256430844324e-12,7.828394401095538e-13,6.287252012366731e-12,9.09076015522573e-13,3.2517578327305637e-12,7.808956093520948e-12,1.7233010602455513e-12,-4.143455056922506e-7,3.714080687281313e-12,-1.857145034130647e-12,-4.1353659920375566e-14,-1.013347110823121e-13,4.366544186001318e-12,-3.4982199637340315e-12,-8.980071267854657e-13,9.589042897509029e-6,3.816260550550078e-12,5.336328354589399e-12,4.619739766864417e-12,2.838498590970565e-12,-4.568520674933359e-12,-2.2758417878034193e-12,6.495717639965239e-13,-1.791480122628575e-12,-1.206413977187717e-12,-6.151035108961975e-12,-8.85781425624229e-13
0.0,0.0,0.0,0.0,0.0,0.0,0.0,0.0,0.0,0.0,0.0,0.0,0.0,0.0,0.0,0.0,0.0,0.0,0.0,0.0,0.0,0.0,0.0,0.0,0.0,0.0,0.0,0.0,0.0,0.0,0.0,0.0,0.0,0.0,0.0,0.0,0.0,0.0,0.0,0.0,0.0,0.0,0.0,0.0,0.0,0.0,0.0,0.0,0.0,0.0,0.0,0.0,0.0,0.0,0.0,0.0,0.0,0.0,0.0,0.0,0.0,0.0,0.0,0.0,0.0,0.0,0.0,0.0,0.0,0.0,0.0,0.0,0.0,0.0,0.0,0.0,0.0,0.0,0.0,0.0,0.0,0.0,0.0,0.0,0.0,0.0,0.0,0.0,0.0,0.0,0.0,0.0,0.0,0.0,0.0,0.0,0.0,0.0,0.0,0.0,0.0,0.0,0.0,0.0,0.0,0.0,0.0,0.0,0.0,0.0,0.0,0.0,0.0,0.0,0.0,0.0,0.0,0.0,0.0,0.0,0.0,0.0,0.0,0.0,0.0,0.0,0.0,0.0,0.0,0.0,0.0,0.0,0.0,0.0,0.0,0.0,0.0,0.0,0.0,0.0,0.0,0.0,0.0,0.0,0.0,0.0,0.0,0.0,0.0,0.0,0.0,0.0,0.0,0.0,0.0,0.0,0.0,0.0,0.0,0.0,0.0,0.0,0.0,0.0,0.0,0.0,0.0,0.0,0.0,0.0,0.0,8.481964911044401e-5,-6.662017241425457e-11,-2.4103527336016553e-13,9.51448949473878e-13,1.0098625147455865e-12,-3.971767262083413e-13,-3.204953191401799e-7,2.1633905999423135e-12,-1.0395909632834428e-12,1.1793763616296906e-12,4.598819566122377e-13,2.9077445417508425e-12,-8.464291722513318e-9,-1.6138921350811637e-12,1.4791978298070066e-13,4.589969359470782e-12,1.1698223675646755e-12,-4.774248924370213e-12,-4.694162592864773e-5,-8.680321518452069e-13,-4.7352287383945515e-5,2.1294100852140363e-12,-3.0763955033930544e-6,6.55725703858269e-12,3.1453819989657985e-12,-9.768785902658485e-12,-3.5403931035337703e-12,-3.1730651123182678e-12
0.0,0.0,0.0,0.0,0.0,0.0,0.0,0.0,0.0,0.0,0.0,0.0,0.0,0.0,0.0,0.0,0.0,0.0,0.0,0.0,0.0,0.0,0.0,0.0,0.0,0.0,0.0,0.0,0.0,0.0,0.0,0.0,0.0,0.0,0.0,0.0,0.0,0.0,0.0,0.0,0.0,0.0,0.0,0.0,0.0,0.0,0.0,0.0,0.0,0.0,0.0,0.0,0.0,0.0,0.0,0.0,0.0,0.0,0.0,0.0,0.0,0.0,0.0,0.0,0.0,0.0,0.0,0.0,0.0,0.0,0.0,0.0,0.0,0.0,0.0,0.0,0.0,0.0,0.0,0.0,0.0,0.0,0.0,0.0,0.0,0.0,0.0,0.0,0.0,0.0,0.0,0.0,0.0,0.0,0.0,0.0,0.0,0.0,0.0,0.0,0.0,0.0,0.0,0.0,0.0,0.0,0.0,0.0,0.0,0.0,0.0,0.0,0.0,0.0,0.0,0.0,0.0,0.0,0.0,0.0,0.0,0.0,0.0,0.0,0.0,0.0,0.0,0.0,0.0,0.0,0.0,0.0,0.0,0.0,0.0,0.0,0.0,0.0,0.0,0.0,0.0,0.0,0.0,0.0,0.0,0.0,0.0,0.0,0.0,0.0,0.0,0.0,0.0,0.0,0.0,0.0,0.0,0.0,0.0,0.0,0.0,0.0,0.0,0.0,0.0,0.0,0.0,0.0,0.0,0.0,0.0,0.0,0.00011104719444077984,8.187163383366115e-14,-1.1950396089066922e-12,3.663119627054989e-13,-3.326123040054005e-11,-3.462580387297507e-12,3.6042745025393578e-12,-6.7737842701999685e-12,4.604741249281399e-13,2.526274654584064e-13,1.7196563788868392e-12,8.509676440387471e-7,4.169608862052915e-14,-2.0731486806277148e-12,-5.156554037374891e-13,-4.202025932429591e-12,5.233959115488269e-7,-1.094732478994724e-11,1.9130476624916313e-12,7.55822746568195e-11,-2.6577572420727318e-12,4.1766510332165187e-13,4.53594942903688e-12,7.044738670176623e-13,-7.857115600069624e-10,8.004645331605002e-13,-9.570201855957797e-13
0.0,0.0,0.0,0.0,0.0,0.0,0.0,0.0,0.0,0.0,0.0,0.0,0.0,0.0,0.0,0.0,0.0,0.0,0.0,0.0,0.0,0.0,0.0,0.0,0.0,0.0,0.0,0.0,0.0,0.0,0.0,0.0,0.0,0.0,0.0,0.0,0.0,0.0,0.0,0.0,0.0,0.0,0.0,0.0,0.0,0.0,0.0,0.0,0.0,0.0,0.0,0.0,0.0,0.0,0.0,0.0,0.0,0.0,0.0,0.0,0.0,0.0,0.0,0.0,0.0,0.0,0.0,0.0,0.0,0.0,0.0,0.0,0.0,0.0,0.0,0.0,0.0,0.0,0.0,0.0,0.0,0.0,0.0,0.0,0.0,0.0,0.0,0.0,0.0,0.0,0.0,0.0,0.0,0.0,0.0,0.0,0.0,0.0,0.0,0.0,0.0,0.0,0.0,0.0,0.0,0.0,0.0,0.0,0.0,0.0,0.0,0.0,0.0,0.0,0.0,0.0,0.0,0.0,0.0,0.0,0.0,0.0,0.0,0.0,0.0,0.0,0.0,0.0,0.0,0.0,0.0,0.0,0.0,0.0,0.0,0.0,0.0,0.0,0.0,0.0,0.0,0.0,0.0,0.0,0.0,0.0,0.0,0.0,0.0,0.0,0.0,0.0,0.0,0.0,0.0,0.0,0.0,0.0,0.0,0.0,0.0,0.0,0.0,0.0,0.0,0.0,0.0,0.0,0.0,0.0,0.0,0.0,0.0,3.740524197876964e-5,5.104978557571859e-12,-2.373604715421328e-10,-6.860266210632966e-13,5.024906114615871e-12,-1.4240479491444335e-11,-8.445983680912313e-12,2.504903828809056e-5,-4.127051862943675e-12,6.391842420290651e-13,4.002256782333277e-13,-5.038470374952149e-12,7.073322280847419e-13,3.7288597286203367e-11,2.1425355824661635e-12,-6.43715491392438e-13,2.844463908216808e-12,-9.089718506830904e-12,-3.8774192208826295e-12,1.3388215640024997e-11,-5.0490072228570886e-12,2.191998229421949e-13,1.5531313156904367e-11,-2.1111872268280583e-12,-5.217433960531858e-12,2.055500147578653e-12
0.0,0.0,0.0,0.0,0.0,0.0,0.0,0.0,0.0,0.0,0.0,0.0,0.0,0.0,0.0,0.0,0.0,0.0,0.0,0.0,0.0,0.0,0.0,0.0,0.0,0.0,0.0,0.0,0.0,0.0,0.0,0.0,0.0,0.0,0.0,0.0,0.0,0.0,0.0,0.0,0.0,0.0,0.0,0.0,0.0,0.0,0.0,0.0,0.0,0.0,0.0,0.0,0.0,0.0,0.0,0.0,0.0,0.0,0.0,0.0,0.0,0.0,0.0,0.0,0.0,0.0,0.0,0.0,0.0,0.0,0.0,0.0,0.0,0.0,0.0,0.0,0.0,0.0,0.0,0.0,0.0,0.0,0.0,0.0,0.0,0.0,0.0,0.0,0.0,0.0,0.0,0.0,0.0,0.0,0.0,0.0,0.0,0.0,0.0,0.0,0.0,0.0,0.0,0.0,0.0,0.0,0.0,0.0,0.0,0.0,0.0,0.0,0.0,0.0,0.0,0.0,0.0,0.0,0.0,0.0,0.0,0.0,0.0,0.0,0.0,0.0,0.0,0.0,0.0,0.0,0.0,0.0,0.0,0.0,0.0,0.0,0.0,0.0,0.0,0.0,0.0,0.0,0.0,0.0,0.0,0.0,0.0,0.0,0.0,0.0,0.0,0.0,0.0,0.0,0.0,0.0,0.0,0.0,0.0,0.0,0.0,0.0,0.0,0.0,0.0,0.0,0.0,0.0,0.0,0.0,0.0,0.0,0.0,0.0,2.601262210163541e-5,-4.989083015381857e-11,2.908183928952084e-12,3.2709171420473248e-12,1.5782158684917514e-8,1.5142994756485106e-11,-1.6028546284632302e-12,-9.204568073718428e-12,4.926404222500993e-13,-3.3846294767850626e-12,-6.505257544735916e-6,-1.9254340100869014e-12,1.1111729841978971e-7,3.829942587401199e-12,3.4230354487921e-12,-7.853380110900065e-12,-5.440369932594982e-6,-9.804678657405814e-13,2.000889268266047e-11,-8.347806098618342e-13,-1.7022892884968829e-12,-2.1997282653306987e-7,3.000143918166166e-12,-1.3429145899400133e-11,-1.6034087868018383e-6
0.0,0.0,0.0,0.0,0.0,0.0,0.0,0.0,0.0,0.0,0.0,0.0,0.0,0.0,0.0,0.0,0.0,0.0,0.0,0.0,0.0,0.0,0.0,0.0,0.0,0.0,0.0,0.0,0.0,0.0,0.0,0.0,0.0,0.0,0.0,0.0,0.0,0.0,0.0,0.0,0.0,0.0,0.0,0.0,0.0,0.0,0.0,0.0,0.0,0.0,0.0,0.0,0.0,0.0,0.0,0.0,0.0,0.0,0.0,0.0,0.0,0.0,0.0,0.0,0.0,0.0,0.0,0.0,0.0,0.0,0.0,0.0,0.0,0.0,0.0,0.0,0.0,0.0,0.0,0.0,0.0,0.0,0.0,0.0,0.0,0.0,0.0,0.0,0.0,0.0,0.0,0.0,0.0,0.0,0.0,0.0,0.0,0.0,0.0,0.0,0.0,0.0,0.0,0.0,0.0,0.0,0.0,0.0,0.0,0.0,0.0,0.0,0.0,0.0,0.0,0.0,0.0,0.0,0.0,0.0,0.0,0.0,0.0,0.0,0.0,0.0,0.0,0.0,0.0,0.0,0.0,0.0,0.0,0.0,0.0,0.0,0.0,0.0,0.0,0.0,0.0,0.0,0.0,0.0,0.0,0.0,0.0,0.0,0.0,0.0,0.0,0.0,0.0,0.0,0.0,0.0,0.0,0.0,0.0,0.0,0.0,0.0,0.0,0.0,0.0,0.0,0.0,0.0,0.0,0.0,0.0,0.0,0.0,0.0,0.0,1.3948664910948614e-5,7.267846423485485e-12,1.3275887655877164e-11,1.7758254682235342e-11,9.097048698803921e-12,7.500092814912683e-11,2.1876122408227808e-11,-1.7012257371992037e-12,-1.4696680046050122e-12,-3.746867745895109e-11,-1.674660782594618e-12,-2.2891505413817854e-7,-1.3886823240746154e-11,9.370965459959716e-12,1.874980951947233e-11,-7.497318491720017e-12,6.825437145994139e-12,3.7943030786344565e-11,-1.7119035700834972e-12,-2.7445790989296524e-13,-4.673478330627911e-11,7.965668711991319e-12,2.729603366030943e-11,1.8563039768663856e-8
0.0,0.0,0.0,0.0,0.0,0.0,0.0,0.0,0.0,0.0,0.0,0.0,0.0,0.0,0.0,0.0,0.0,0.0,0.0,0.0,0.0,0.0,0.0,0.0,0.0,0.0,0.0,0.0,0.0,0.0,0.0,0.0,0.0,0.0,0.0,0.0,0.0,0.0,0.0,0.0,0.0,0.0,0.0,0.0,0.0,0.0,0.0,0.0,0.0,0.0,0.0,0.0,0.0,0.0,0.0,0.0,0.0,0.0,0.0,0.0,0.0,0.0,0.0,0.0,0.0,0.0,0.0,0.0,0.0,0.0,0.0,0.0,0.0,0.0,0.0,0.0,0.0,0.0,0.0,0.0,0.0,0.0,0.0,0.0,0.0,0.0,0.0,0.0,0.0,0.0,0.0,0.0,0.0,0.0,0.0,0.0,0.0,0.0,0.0,0.0,0.0,0.0,0.0,0.0,0.0,0.0,0.0,0.0,0.0,0.0,0.0,0.0,0.0,0.0,0.0,0.0,0.0,0.0,0.0,0.0,0.0,0.0,0.0,0.0,0.0,0.0,0.0,0.0,0.0,0.0,0.0,0.0,0.0,0.0,0.0,0.0,0.0,0.0,0.0,0.0,0.0,0.0,0.0,0.0,0.0,0.0,0.0,0.0,0.0,0.0,0.0,0.0,0.0,0.0,0.0,0.0,0.0,0.0,0.0,0.0,0.0,0.0,0.0,0.0,0.0,0.0,0.0,0.0,0.0,0.0,0.0,0.0,0.0,0.0,0.0,0.0,5.19531116656626e-5,1.6572659664526618e-13,2.18461436067154e-12,-6.718587812150479e-12,1.366539127917574e-12,2.5313295779501567e-12,1.8987262190961532e-9,1.2707310601959784e-11,5.197603529219446e-13,-5.1627258814149936e-8,-2.7688597430363516e-12,3.4691212418383696e-12,-6.331346666415426e-9,-2.3466060569430604e-12,1.7985278399220367e-12,1.0350342601565322e-11,5.085348952881285e-12,-9.768181128558799e-12,1.4552988182675718e-9,-2.9342007044345914e-12,2.206828095005192e-6,-1.6095117862991528e-12,-2.3534189542276422e-12
0.0,0.0,0.0,0.0,0.0,0.0,0.0,0.0,0.0,0.0,0.0,0.0,0.0,0.0,0.0,0.0,0.0,0.0,0.0,0.0,0.0,0.0,0.0,0.0,0.0,0.0,0.0,0.0,0.0,0.0,0.0,0.0,0.0,0.0,0.0,0.0,0.0,0.0,0.0,0.0,0.0,0.0,0.0,0.0,0.0,0.0,0.0,0.0,0.0,0.0,0.0,0.0,0.0,0.0,0.0,0.0,0.0,0.0,0.0,0.0,0.0,0.0,0.0,0.0,0.0,0.0,0.0,0.0,0.0,0.0,0.0,0.0,0.0,0.0,0.0,0.0,0.0,0.0,0.0,0.0,0.0,0.0,0.0,0.0,0.0,0.0,0.0,0.0,0.0,0.0,0.0,0.0,0.0,0.0,0.0,0.0,0.0,0.0,0.0,0.0,0.0,0.0,0.0,0.0,0.0,0.0,0.0,0.0,0.0,0.0,0.0,0.0,0.0,0.0,0.0,0.0,0.0,0.0,0.0,0.0,0.0,0.0,0.0,0.0,0.0,0.0,0.0,0.0,0.0,0.0,0.0,0.0,0.0,0.0,0.0,0.0,0.0,0.0,0.0,0.0,0.0,0.0,0.0,0.0,0.0,0.0,0.0,0.0,0.0,0.0,0.0,0.0,0.0,0.0,0.0,0.0,0.0,0.0,0.0,0.0,0.0,0.0,0.0,0.0,0.0,0.0,0.0,0.0,0.0,0.0,0.0,0.0,0.0,0.0,0.0,0.0,0.0,1.664985898641767e-5,1.4072571772816194e-13,5.777092644007852e-11,4.234033780053132e-12,-3.8973110867571823e-11,-1.0736235675851703e-11,-1.9909170689932975e-11,1.1329287127733012e-11,-1.0440238934972368e-11,-5.302580088882791e-12,2.0317033511483462e-12,7.708359042165407e-12,3.0056084794335826e-6,2.0556613030935512e-11,-2.4275887187170846e-7,-6.201555628081204e-11,5.254076185394901e-8,-2.912226599141279e-11,1.6880843392536326e-11,3.5953502070110887e-11,1.823722344564054e-11,1.7384552452961715e-12
0.0,0.0,0.0,0.0,0.0,0.0,0.0,0.0,0.0,0.0,0.0,0.0,0.0,0.0,0.0,0.0,0.0,0.0,0.0,0.0,0.0,0.0,0.0,0.0,0.0,0.0,0.0,0.0,0.0,0.0,0.0,0.0,0.0,0.0,0.0,0.0,0.0,0.0,0.0,0.0,0.0,0.0,0.0,0.0,0.0,0.0,0.0,0.0,0.0,0.0,0.0,0.0,0.0,0.0,0.0,0.0,0.0,0.0,0.0,0.0,0.0,0.0,0.0,0.0,0.0,0.0,0.0,0.0,0.0,0.0,0.0,0.0,0.0,0.0,0.0,0.0,0.0,0.0,0.0,0.0,0.0,0.0,0.0,0.0,0.0,0.0,0.0,0.0,0.0,0.0,0.0,0.0,0.0,0.0,0.0,0.0,0.0,0.0,0.0,0.0,0.0,0.0,0.0,0.0,0.0,0.0,0.0,0.0,0.0,0.0,0.0,0.0,0.0,0.0,0.0,0.0,0.0,0.0,0.0,0.0,0.0,0.0,0.0,0.0,0.0,0.0,0.0,0.0,0.0,0.0,0.0,0.0,0.0,0.0,0.0,0.0,0.0,0.0,0.0,0.0,0.0,0.0,0.0,0.0,0.0,0.0,0.0,0.0,0.0,0.0,0.0,0.0,0.0,0.0,0.0,0.0,0.0,0.0,0.0,0.0,0.0,0.0,0.0,0.0,0.0,0.0,0.0,0.0,0.0,0.0,0.0,0.0,0.0,0.0,0.0,0.0,0.0,0.0,6.511805395785082e-5,-7.949863303019414e-12,1.0181711084631897e-11,-6.845538958570211e-12,1.5043156917370337e-12,-2.7059001408532707e-12,-2.2449917403595133e-7,3.864393134898859e-13,-1.2620249922405145e-12,-9.149640155981727e-12,3.7240517326005074e-13,-1.931319875913605e-12,-1.2052101208680308e-7,1.2835382757821209e-12,1.5689743115476844e-7,5.504346006152763e-12,-4.171696257238457e-13,-6.841805808906788e-6,-3.82829551577439e-12,-1.2751501929576075e-7,9.828047399649784e-11
0.0,0.0,0.0,0.0,0.0,0.0,0.0,0.0,0.0,0.0,0.0,0.0,0.0,0.0,0.0,0.0,0.0,0.0,0.0,0.0,0.0,0.0,0.0,0.0,0.0,0.0,0.0,0.0,0.0,0.0,0.0,0.0,0.0,0.0,0.0,0.0,0.0,0.0,0.0,0.0,0.0,0.0,0.0,0.0,0.0,0.0,0.0,0.0,0.0,0.0,0.0,0.0,0.0,0.0,0.0,0.0,0.0,0.0,0.0,0.0,0.0,0.0,0.0,0.0,0.0,0.0,0.0,0.0,0.0,0.0,0.0,0.0,0.0,0.0,0.0,0.0,0.0,0.0,0.0,0.0,0.0,0.0,0.0,0.0,0.0,0.0,0.0,0.0,0.0,0.0,0.0,0.0,0.0,0.0,0.0,0.0,0.0,0.0,0.0,0.0,0.0,0.0,0.0,0.0,0.0,0.0,0.0,0.0,0.0,0.0,0.0,0.0,0.0,0.0,0.0,0.0,0.0,0.0,0.0,0.0,0.0,0.0,0.0,0.0,0.0,0.0,0.0,0.0,0.0,0.0,0.0,0.0,0.0,0.0,0.0,0.0,0.0,0.0,0.0,0.0,0.0,0.0,0.0,0.0,0.0,0.0,0.0,0.0,0.0,0.0,0.0,0.0,0.0,0.0,0.0,0.0,0.0,0.0,0.0,0.0,0.0,0.0,0.0,0.0,0.0,0.0,0.0,0.0,0.0,0.0,0.0,0.0,0.0,0.0,0.0,0.0,0.0,0.0,0.0,0.00011441322717459553,2.7235983444155378e-12,9.92751153470939e-13,-1.2178121474467445e-12,-3.954288524952518e-12,7.985691941185448e-13,-3.30654369277981e-12,9.141784927381184e-13,-7.148954356852677e-7,6.477653216866032e-12,-4.335415494489421e-12,-2.1357518167818537e-13,6.486856150619464e-12,2.1727849631380164e-12,-9.513360545341172e-13,-2.0750922901280153e-12,-6.378399821990642e-13,3.4723928741415957e-12,6.694948994970631e-12,-1.0611046371139682e-12
0.0,0.0,0.0,0.0,0.0,0.0,0.0,0.0,0.0,0.0,0.0,0.0,0.0,0.0,0.0,0.0,0.0,0.0,0.0,0.0,0.0,0.0,0.0,0.0,0.0,0.0,0.0,0.0,0.0,0.0,0.0,0.0,0.0,0.0,0.0,0.0,0.0,0.0,0.0,0.0,0.0,0.0,0.0,0.0,0.0,0.0,0.0,0.0,0.0,0.0,0.0,0.0,0.0,0.0,0.0,0.0,0.0,0.0,0.0,0.0,0.0,0.0,0.0,0.0,0.0,0.0,0.0,0.0,0.0,0.0,0.0,0.0,0.0,0.0,0.0,0.0,0.0,0.0,0.0,0.0,0.0,0.0,0.0,0.0,0.0,0.0,0.0,0.0,0.0,0.0,0.0,0.0,0.0,0.0,0.0,0.0,0.0,0.0,0.0,0.0,0.0,0.0,0.0,0.0,0.0,0.0,0.0,0.0,0.0,0.0,0.0,0.0,0.0,0.0,0.0,0.0,0.0,0.0,0.0,0.0,0.0,0.0,0.0,0.0,0.0,0.0,0.0,0.0,0.0,0.0,0.0,0.0,0.0,0.0,0.0,0.0,0.0,0.0,0.0,0.0,0.0,0.0,0.0,0.0,0.0,0.0,0.0,0.0,0.0,0.0,0.0,0.0,0.0,0.0,0.0,0.0,0.0,0.0,0.0,0.0,0.0,0.0,0.0,0.0,0.0,0.0,0.0,0.0,0.0,0.0,0.0,0.0,0.0,0.0,0.0,0.0,0.0,0.0,0.0,0.0,0.00010733113082084444,4.498412621826267e-12,-3.479233382228116e-13,-8.338791398451626e-14,7.2967838600164e-12,-2.823963652558069e-13,-1.2196322055478842e-11,-7.707028167576561e-13,8.2581953628411e-13,1.5216184525503116e-12,3.0055702834194673e-13,1.1816829775336932e-12,-3.2187591270782887e-12,2.416951712594479e-12,-7.60660691279048e-14,7.283740155322586e-12,1.5493665364101543e-12,3.708028962179447e-12,2.6202791276424705e-13
0.0,0.0,0.0,0.0,0.0,0.0,0.0,0.0,0.0,0.0,0.0,0.0,0.0,0.0,0.0,0.0,0.0,0.0,0.0,0.0,0.0,0.0,0.0,0.0,0.0,0.0,0.0,0.0,0.0,0.0,0.0,0.0,0.0,0.0,0.0,0.0,0.0,0.0,0.0,0.0,0.0,0.0,0.0,0.0,0.0,0.0,0.0,0.0,0.0,0.0,0.0,0.0,0.0,0.0,0.0,0.0,0.0,0.0,0.0,0.0,0.0,0.0,0.0,0.0,0.0,0.0,0.0,0.0,0.0,0.0,0.0,0.0,0.0,0.0,0.0,0.0,0.0,0.0,0.0,0.0,0.0,0.0,0.0,0.0,0.0,0.0,0.0,0.0,0.0,0.0,0.0,0.0,0.0,0.0,0.0,0.0,0.0,0.0,0.0,0.0,0.0,0.0,0.0,0.0,0.0,0.0,0.0,0.0,0.0,0.0,0.0,0.0,0.0,0.0,0.0,0.0,0.0,0.0,0.0,0.0,0.0,0.0,0.0,0.0,0.0,0.0,0.0,0.0,0.0,0.0,0.0,0.0,0.0,0.0,0.0,0.0,0.0,0.0,0.0,0.0,0.0,0.0,0.0,0.0,0.0,0.0,0.0,0.0,0.0,0.0,0.0,0.0,0.0,0.0,0.0,0.0,0.0,0.0,0.0,0.0,0.0,0.0,0.0,0.0,0.0,0.0,0.0,0.0,0.0,0.0,0.0,0.0,0.0,0.0,0.0,0.0,0.0,0.0,0.0,0.0,0.0,2.1359986857429762e-5,-2.96882418944164e-12,-1.1647319689470563e-12,1.5155917617465658e-11,1.0134889911044916e-11,8.517392699980491e-12,-4.1257207175411415e-12,4.0997937034871644e-12,-2.1711974937738088e-11,2.024400503718815e-11,-4.1871939812798334e-11,-2.035435562699358e-9,-2.789038788329114e-11,9.22503629129516e-12,-1.264914656722134e-11,-1.0071799489144696e-11,2.684496861079174e-10,2.320611586012242e-11
0.0,0.0,0.0,0.0,0.0,0.0,0.0,0.0,0.0,0.0,0.0,0.0,0.0,0.0,0.0,0.0,0.0,0.0,0.0,0.0,0.0,0.0,0.0,0.0,0.0,0.0,0.0,0.0,0.0,0.0,0.0,0.0,0.0,0.0,0.0,0.0,0.0,0.0,0.0,0.0,0.0,0.0,0.0,0.0,0.0,0.0,0.0,0.0,0.0,0.0,0.0,0.0,0.0,0.0,0.0,0.0,0.0,0.0,0.0,0.0,0.0,0.0,0.0,0.0,0.0,0.0,0.0,0.0,0.0,0.0,0.0,0.0,0.0,0.0,0.0,0.0,0.0,0.0,0.0,0.0,0.0,0.0,0.0,0.0,0.0,0.0,0.0,0.0,0.0,0.0,0.0,0.0,0.0,0.0,0.0,0.0,0.0,0.0,0.0,0.0,0.0,0.0,0.0,0.0,0.0,0.0,0.0,0.0,0.0,0.0,0.0,0.0,0.0,0.0,0.0,0.0,0.0,0.0,0.0,0.0,0.0,0.0,0.0,0.0,0.0,0.0,0.0,0.0,0.0,0.0,0.0,0.0,0.0,0.0,0.0,0.0,0.0,0.0,0.0,0.0,0.0,0.0,0.0,0.0,0.0,0.0,0.0,0.0,0.0,0.0,0.0,0.0,0.0,0.0,0.0,0.0,0.0,0.0,0.0,0.0,0.0,0.0,0.0,0.0,0.0,0.0,0.0,0.0,0.0,0.0,0.0,0.0,0.0,0.0,0.0,0.0,0.0,0.0,0.0,0.0,0.0,0.0,9.958057045100201e-6,2.7565119232127176e-11,-6.657592204186625e-12,-4.7003197036365865e-5,-5.699132046555316e-14,-8.895746078075994e-12,-5.939915684490968e-11,8.654621974777382e-12,-7.7097094350649e-12,3.9242052753524916e-11,-4.1264272002403875e-12,-6.245826563241916e-12,1.01482258874655e-5,3.034378735173311e-12,-3.0422819458082983e-11,8.033361176805406e-13,5.480177643808066e-12
0.0,0.0,0.0,0.0,0.0,0.0,0.0,0.0,0.0,0.0,0.0,0.0,0.0,0.0,0.0,0.0,0.0,0.0,0.0,0.0,0.0,0.0,0.0,0.0,0.0,0.0,0.0,0.0,0.0,0.0,0.0,0.0,0.0,0.0,0.0,0.0,0.0,0.0,0.0,0.0,0.0,0.0,0.0,0.0,0.0,0.0,0.0,0.0,0.0,0.0,0.0,0.0,0.0,0.0,0.0,0.0,0.0,0.0,0.0,0.0,0.0,0.0,0.0,0.0,0.0,0.0,0.0,0.0,0.0,0.0,0.0,0.0,0.0,0.0,0.0,0.0,0.0,0.0,0.0,0.0,0.0,0.0,0.0,0.0,0.0,0.0,0.0,0.0,0.0,0.0,0.0,0.0,0.0,0.0,0.0,0.0,0.0,0.0,0.0,0.0,0.0,0.0,0.0,0.0,0.0,0.0,0.0,0.0,0.0,0.0,0.0,0.0,0.0,0.0,0.0,0.0,0.0,0.0,0.0,0.0,0.0,0.0,0.0,0.0,0.0,0.0,0.0,0.0,0.0,0.0,0.0,0.0,0.0,0.0,0.0,0.0,0.0,0.0,0.0,0.0,0.0,0.0,0.0,0.0,0.0,0.0,0.0,0.0,0.0,0.0,0.0,0.0,0.0,0.0,0.0,0.0,0.0,0.0,0.0,0.0,0.0,0.0,0.0,0.0,0.0,0.0,0.0,0.0,0.0,0.0,0.0,0.0,0.0,0.0,0.0,0.0,0.0,0.0,0.0,0.0,0.0,0.0,0.0,9.567262200813814e-5,2.1299501052766367e-12,2.7516766472070108e-11,-1.4119017139741278e-12,-4.610054367852039e-13,-1.379621633320055e-9,-1.1071911430922647e-9,7.86616706388866e-13,1.3612391150129174e-8,1.7098842271782218e-12,-6.851003420079291e-11,-4.6849710397741055e-12,-4.6739335201473275e-14,-1.5920402403435233e-12,-9.503180251299023e-13,-2.658881761996559e-12
0.0,0.0,0.0,0.0,0.0,0.0,0.0,0.0,0.0,0.0,0.0,0.0,0.0,0.0,0.0,0.0,0.0,0.0,0.0,0.0,0.0,0.0,0.0,0.0,0.0,0.0,0.0,0.0,0.0,0.0,0.0,0.0,0.0,0.0,0.0,0.0,0.0,0.0,0.0,0.0,0.0,0.0,0.0,0.0,0.0,0.0,0.0,0.0,0.0,0.0,0.0,0.0,0.0,0.0,0.0,0.0,0.0,0.0,0.0,0.0,0.0,0.0,0.0,0.0,0.0,0.0,0.0,0.0,0.0,0.0,0.0,0.0,0.0,0.0,0.0,0.0,0.0,0.0,0.0,0.0,0.0,0.0,0.0,0.0,0.0,0.0,0.0,0.0,0.0,0.0,0.0,0.0,0.0,0.0,0.0,0.0,0.0,0.0,0.0,0.0,0.0,0.0,0.0,0.0,0.0,0.0,0.0,0.0,0.0,0.0,0.0,0.0,0.0,0.0,0.0,0.0,0.0,0.0,0.0,0.0,0.0,0.0,0.0,0.0,0.0,0.0,0.0,0.0,0.0,0.0,0.0,0.0,0.0,0.0,0.0,0.0,0.0,0.0,0.0,0.0,0.0,0.0,0.0,0.0,0.0,0.0,0.0,0.0,0.0,0.0,0.0,0.0,0.0,0.0,0.0,0.0,0.0,0.0,0.0,0.0,0.0,0.0,0.0,0.0,0.0,0.0,0.0,0.0,0.0,0.0,0.0,0.0,0.0,0.0,0.0,0.0,0.0,0.0,0.0,0.0,0.0,0.0,0.0,0.0,6.533803041141268e-5,-3.130970962029842e-12,2.8776549173429593e-9,-6.701978190892314e-13,2.679479597753942e-13,-6.5094389400563395e-12,4.142743848542532e-5,1.0895034466036997e-12,1.4684522950453873e-10,-5.204433984309159e-12,4.86750974464605e-13,3.0935094373013e-6,5.125826310682677e-12,-1.3593754601103533e-10,-4.165805197364282e-8
0.0,0.0,0.0,0.0,0.0,0.0,0.0,0.0,0.0,0.0,0.0,0.0,0.0,0.0,0.0,0.0,0.0,0.0,0.0,0.0,0.0,0.0,0.0,0.0,0.0,0.0,0.0,0.0,0.0,0.0,0.0,0.0,0.0,0.0,0.0,0.0,0.0,0.0,0.0,0.0,0.0,0.0,0.0,0.0,0.0,0.0,0.0,0.0,0.0,0.0,0.0,0.0,0.0,0.0,0.0,0.0,0.0,0.0,0.0,0.0,0.0,0.0,0.0,0.0,0.0,0.0,0.0,0.0,0.0,0.0,0.0,0.0,0.0,0.0,0.0,0.0,0.0,0.0,0.0,0.0,0.0,0.0,0.0,0.0,0.0,0.0,0.0,0.0,0.0,0.0,0.0,0.0,0.0,0.0,0.0,0.0,0.0,0.0,0.0,0.0,0.0,0.0,0.0,0.0,0.0,0.0,0.0,0.0,0.0,0.0,0.0,0.0,0.0,0.0,0.0,0.0,0.0,0.0,0.0,0.0,0.0,0.0,0.0,0.0,0.0,0.0,0.0,0.0,0.0,0.0,0.0,0.0,0.0,0.0,0.0,0.0,0.0,0.0,0.0,0.0,0.0,0.0,0.0,0.0,0.0,0.0,0.0,0.0,0.0,0.0,0.0,0.0,0.0,0.0,0.0,0.0,0.0,0.0,0.0,0.0,0.0,0.0,0.0,0.0,0.0,0.0,0.0,0.0,0.0,0.0,0.0,0.0,0.0,0.0,0.0,0.0,0.0,0.0,0.0,0.0,0.0,0.0,0.0,0.0,0.0,8.150104125326695e-5,3.525368268471498e-13,-9.125383221232768e-13,-7.575427152219265e-11,1.7381303829609433e-11,-1.1083429334173517e-12,2.5490277668931803e-11,-1.132478110145639e-12,1.4576712654913437e-11,1.2528975906669553e-6,7.076570617750205e-13,3.97765124877589e-10,2.6983391688020307e-13,2.7109057900603516e-12
0.0,0.0,0.0,0.0,0.0,0.0,0.0,0.0,0.0,0.0,0.0,0.0,0.0,0.0,0.0,0.0,0.0,0.0,0.0,0.0,0.0,0.0,0.0,0.0,0.0,0.0,0.0,0.0,0.0,0.0,0.0,0.0,0.0,0.0,0.0,0.0,0.0,0.0,0.0,0.0,0.0,0.0,0.0,0.0,0.0,0.0,0.0,0.0,0.0,0.0,0.0,0.0,0.0,0.0,0.0,0.0,0.0,0.0,0.0,0.0,0.0,0.0,0.0,0.0,0.0,0.0,0.0,0.0,0.0,0.0,0.0,0.0,0.0,0.0,0.0,0.0,0.0,0.0,0.0,0.0,0.0,0.0,0.0,0.0,0.0,0.0,0.0,0.0,0.0,0.0,0.0,0.0,0.0,0.0,0.0,0.0,0.0,0.0,0.0,0.0,0.0,0.0,0.0,0.0,0.0,0.0,0.0,0.0,0.0,0.0,0.0,0.0,0.0,0.0,0.0,0.0,0.0,0.0,0.0,0.0,0.0,0.0,0.0,0.0,0.0,0.0,0.0,0.0,0.0,0.0,0.0,0.0,0.0,0.0,0.0,0.0,0.0,0.0,0.0,0.0,0.0,0.0,0.0,0.0,0.0,0.0,0.0,0.0,0.0,0.0,0.0,0.0,0.0,0.0,0.0,0.0,0.0,0.0,0.0,0.0,0.0,0.0,0.0,0.0,0.0,0.0,0.0,0.0,0.0,0.0,0.0,0.0,0.0,0.0,0.0,0.0,0.0,0.0,0.0,0.0,0.0,0.0,0.0,0.0,0.0,0.0,7.443694419291868e-5,9.509836308175073e-12,9.871247395308876e-13,1.5131783734650043e-12,5.18745744651479e-10,3.736233830945152e-12,6.824774747028746e-13,-1.992843578934671e-13,-5.612594299252447e-13,-3.231177050672655e-11,2.344228618349089e-12,5.999540177369183e-12,-8.739246905011299e-6
0.0,0.0,0.0,0.0,0.0,0.0,0.0,0.0,0.0,0.0,0.0,0.0,0.0,0.0,0.0,0.0,0.0,0.0,0.0,0.0,0.0,0.0,0.0,0.0,0.0,0.0,0.0,0.0,0.0,0.0,0.0,0.0,0.0,0.0,0.0,0.0,0.0,0.0,0.0,0.0,0.0,0.0,0.0,0.0,0.0,0.0,0.0,0.0,0.0,0.0,0.0,0.0,0.0,0.0,0.0,0.0,0.0,0.0,0.0,0.0,0.0,0.0,0.0,0.0,0.0,0.0,0.0,0.0,0.0,0.0,0.0,0.0,0.0,0.0,0.0,0.0,0.0,0.0,0.0,0.0,0.0,0.0,0.0,0.0,0.0,0.0,0.0,0.0,0.0,0.0,0.0,0.0,0.0,0.0,0.0,0.0,0.0,0.0,0.0,0.0,0.0,0.0,0.0,0.0,0.0,0.0,0.0,0.0,0.0,0.0,0.0,0.0,0.0,0.0,0.0,0.0,0.0,0.0,0.0,0.0,0.0,0.0,0.0,0.0,0.0,0.0,0.0,0.0,0.0,0.0,0.0,0.0,0.0,0.0,0.0,0.0,0.0,0.0,0.0,0.0,0.0,0.0,0.0,0.0,0.0,0.0,0.0,0.0,0.0,0.0,0.0,0.0,0.0,0.0,0.0,0.0,0.0,0.0,0.0,0.0,0.0,0.0,0.0,0.0,0.0,0.0,0.0,0.0,0.0,0.0,0.0,0.0,0.0,0.0,0.0,0.0,0.0,0.0,0.0,0.0,0.0,0.0,0.0,0.0,0.0,0.0,0.0,3.6489800937605636e-5,1.3008239711434739e-11,-3.5333972988101875e-11,-1.1108840483909196e-12,9.884263191944207e-12,1.111665614989203e-11,5.541220359116968e-12,7.939029853505978e-13,-2.6306602805702542e-11,-2.2031199891912035e-12,2.0858166652599324e-11,6.964381087095716e-12
0.0,0.0,0.0,0.0,0.0,0.0,0.0,0.0,0.0,0.0,0.0,0.0,0.0,0.0,0.0,0.0,0.0,0.0,0.0,0.0,0.0,0.0,0.0,0.0,0.0,0.0,0.0,0.0,0.0,0.0,0.0,0.0,0.0,0.0,0.0,0.0,0.0,0.0,0.0,0.0,0.0,0.0,0.0,0.0,0.0,0.0,0.0,0.0,0.0,0.0,0.0,0.0,0.0,0.0,0.0,0.0,0.0,0.0,0.0,0.0,0.0,0.0,0.0,0.0,0.0,0.0,0.0,0.0,0.0,0.0,0.0,0.0,0.0,0.0,0.0,0.0,0.0,0.0,0.0,0.0,0.0,0.0,0.0,0.0,0.0,0.0,0.0,0.0,0.0,0.0,0.0,0.0,0.0,0.0,0.0,0.0,0.0,0.0,0.0,0.0,0.0,0.0,0.0,0.0,0.0,0.0,0.0,0.0,0.0,0.0,0.0,0.0,0.0,0.0,0.0,0.0,0.0,0.0,0.0,0.0,0.0,0.0,0.0,0.0,0.0,0.0,0.0,0.0,0.0,0.0,0.0,0.0,0.0,0.0,0.0,0.0,0.0,0.0,0.0,0.0,0.0,0.0,0.0,0.0,0.0,0.0,0.0,0.0,0.0,0.0,0.0,0.0,0.0,0.0,0.0,0.0,0.0,0.0,0.0,0.0,0.0,0.0,0.0,0.0,0.0,0.0,0.0,0.0,0.0,0.0,0.0,0.0,0.0,0.0,0.0,0.0,0.0,0.0,0.0,0.0,0.0,0.0,0.0,0.0,0.0,0.0,0.0,0.0,6.905410806903397e-5,-7.498613491780877e-12,-1.0673555077930043e-12,-6.664724306118399e-13,5.508931301229281e-12,-7.793871062186487e-12,-7.07438701581042e-13,-4.962046109443054e-12,-1.4743972895722002e-7,9.23557904972994e-13,-1.601798988234104e-12
0.0,0.0,0.0,0.0,0.0,0.0,0.0,0.0,0.0,0.0,0.0,0.0,0.0,0.0,0.0,0.0,0.0,0.0,0.0,0.0,0.0,0.0,0.0,0.0,0.0,0.0,0.0,0.0,0.0,0.0,0.0,0.0,0.0,0.0,0.0,0.0,0.0,0.0,0.0,0.0,0.0,0.0,0.0,0.0,0.0,0.0,0.0,0.0,0.0,0.0,0.0,0.0,0.0,0.0,0.0,0.0,0.0,0.0,0.0,0.0,0.0,0.0,0.0,0.0,0.0,0.0,0.0,0.0,0.0,0.0,0.0,0.0,0.0,0.0,0.0,0.0,0.0,0.0,0.0,0.0,0.0,0.0,0.0,0.0,0.0,0.0,0.0,0.0,0.0,0.0,0.0,0.0,0.0,0.0,0.0,0.0,0.0,0.0,0.0,0.0,0.0,0.0,0.0,0.0,0.0,0.0,0.0,0.0,0.0,0.0,0.0,0.0,0.0,0.0,0.0,0.0,0.0,0.0,0.0,0.0,0.0,0.0,0.0,0.0,0.0,0.0,0.0,0.0,0.0,0.0,0.0,0.0,0.0,0.0,0.0,0.0,0.0,0.0,0.0,0.0,0.0,0.0,0.0,0.0,0.0,0.0,0.0,0.0,0.0,0.0,0.0,0.0,0.0,0.0,0.0,0.0,0.0,0.0,0.0,0.0,0.0,0.0,0.0,0.0,0.0,0.0,0.0,0.0,0.0,0.0,0.0,0.0,0.0,0.0,0.0,0.0,0.0,0.0,0.0,0.0,0.0,0.0,0.0,0.0,0.0,0.0,0.0,0.0,0.0,6.890354297532819e-5,1.4450874765175814e-12,-7.97577642840231e-6,9.39438298446097e-12,1.623241249258678e-6,8.812675512040347e-12,2.559367909748926e-12,7.663331848333246e-12,-1.0783197344289276e-12,-3.183325618859037e-12
0.0,0.0,0.0,0.0,0.0,0.0,0.0,0.0,0.0,0.0,0.0,0.0,0.0,0.0,0.0,0.0,0.0,0.0,0.0,0.0,0.0,0.0,0.0,0.0,0.0,0.0,0.0,0.0,0.0,0.0,0.0,0.0,0.0,0.0,0.0,0.0,0.0,0.0,0.0,0.0,0.0,0.0,0.0,0.0,0.0,0.0,0.0,0.0,0.0,0.0,0.0,0.0,0.0,0.0,0.0,0.0,0.0,0.0,0.0,0.0,0.0,0.0,0.0,0.0,0.0,0.0,0.0,0.0,0.0,0.0,0.0,0.0,0.0,0.0,0.0,0.0,0.0,0.0,0.0,0.0,0.0,0.0,0.0,0.0,0.0,0.0,0.0,0.0,0.0,0.0,0.0,0.0,0.0,0.0,0.0,0.0,0.0,0.0,0.0,0.0,0.0,0.0,0.0,0.0,0.0,0.0,0.0,0.0,0.0,0.0,0.0,0.0,0.0,0.0,0.0,0.0,0.0,0.0,0.0,0.0,0.0,0.0,0.0,0.0,0.0,0.0,0.0,0.0,0.0,0.0,0.0,0.0,0.0,0.0,0.0,0.0,0.0,0.0,0.0,0.0,0.0,0.0,0.0,0.0,0.0,0.0,0.0,0.0,0.0,0.0,0.0,0.0,0.0,0.0,0.0,0.0,0.0,0.0,0.0,0.0,0.0,0.0,0.0,0.0,0.0,0.0,0.0,0.0,0.0,0.0,0.0,0.0,0.0,0.0,0.0,0.0,0.0,0.0,0.0,0.0,0.0,0.0,0.0,0.0,0.0,0.0,0.0,0.0,0.0,0.0,1.4692401365406615e-5,-1.694787356512828e-12,-8.082540729448178e-11,1.010955323658722e-11,4.3111208955425265e-12,-1.3380514768117889e-6,-4.544257584749952e-12,5.0780166646039785e-11,-3.7104915339336265e-8
0.0,0.0,0.0,0.0,0.0,0.0,0.0,0.0,0.0,0.0,0.0,0.0,0.0,0.0,0.0,0.0,0.0,0.0,0.0,0.0,0.0,0.0,0.0,0.0,0.0,0.0,0.0,0.0,0.0,0.0,0.0,0.0,0.0,0.0,0.0,0.0,0.0,0.0,0.0,0.0,0.0,0.0,0.0,0.0,0.0,0.0,0.0,0.0,0.0,0.0,0.0,0.0,0.0,0.0,0.0,0.0,0.0,0.0,0.0,0.0,0.0,0.0,0.0,0.0,0.0,0.0,0.0,0.0,0.0,0.0,0.0,0.0,0.0,0.0,0.0,0.0,0.0,0.0,0.0,0.0,0.0,0.0,0.0,0.0,0.0,0.0,0.0,0.0,0.0,0.0,0.0,0.0,0.0,0.0,0.0,0.0,0.0,0.0,0.0,0.0,0.0,0.0,0.0,0.0,0.0,0.0,0.0,0.0,0.0,0.0,0.0,0.0,0.0,0.0,0.0,0.0,0.0,0.0,0.0,0.0,0.0,0.0,0.0,0.0,0.0,0.0,0.0,0.0,0.0,0.0,0.0,0.0,0.0,0.0,0.0,0.0,0.0,0.0,0.0,0.0,0.0,0.0,0.0,0.0,0.0,0.0,0.0,0.0,0.0,0.0,0.0,0.0,0.0,0.0,0.0,0.0,0.0,0.0,0.0,0.0,0.0,0.0,0.0,0.0,0.0,0.0,0.0,0.0,0.0,0.0,0.0,0.0,0.0,0.0,0.0,0.0,0.0,0.0,0.0,0.0,0.0,0.0,0.0,0.0,0.0,0.0,0.0,0.0,0.0,0.0,0.0,6.838168037205731e-5,6.034674436321432e-12,-2.390200557396776e-7,-9.846736781452701e-12,4.18289137006358e-12,-3.608459915680045e-12,1.528762391612919e-12,-5.2246510886243406e-12
0.0,0.0,0.0,0.0,0.0,0.0,0.0,0.0,0.0,0.0,0.0,0.0,0.0,0.0,0.0,0.0,0.0,0.0,0.0,0.0,0.0,0.0,0.0,0.0,0.0,0.0,0.0,0.0,0.0,0.0,0.0,0.0,0.0,0.0,0.0,0.0,0.0,0.0,0.0,0.0,0.0,0.0,0.0,0.0,0.0,0.0,0.0,0.0,0.0,0.0,0.0,0.0,0.0,0.0,0.0,0.0,0.0,0.0,0.0,0.0,0.0,0.0,0.0,0.0,0.0,0.0,0.0,0.0,0.0,0.0,0.0,0.0,0.0,0.0,0.0,0.0,0.0,0.0,0.0,0.0,0.0,0.0,0.0,0.0,0.0,0.0,0.0,0.0,0.0,0.0,0.0,0.0,0.0,0.0,0.0,0.0,0.0,0.0,0.0,0.0,0.0,0.0,0.0,0.0,0.0,0.0,0.0,0.0,0.0,0.0,0.0,0.0,0.0,0.0,0.0,0.0,0.0,0.0,0.0,0.0,0.0,0.0,0.0,0.0,0.0,0.0,0.0,0.0,0.0,0.0,0.0,0.0,0.0,0.0,0.0,0.0,0.0,0.0,0.0,0.0,0.0,0.0,0.0,0.0,0.0,0.0,0.0,0.0,0.0,0.0,0.0,0.0,0.0,0.0,0.0,0.0,0.0,0.0,0.0,0.0,0.0,0.0,0.0,0.0,0.0,0.0,0.0,0.0,0.0,0.0,0.0,0.0,0.0,0.0,0.0,0.0,0.0,0.0,0.0,0.0,0.0,0.0,0.0,0.0,0.0,0.0,0.0,0.0,0.0,0.0,0.0,0.0,9.821498226575665e-5,3.3912026424472827e-12,1.413001101019701e-12,3.271380149080812e-9,-2.2608017616315218e-12,-1.720915970708982e-5,1.356481056978913e-11
0.0,0.0,0.0,0.0,0.0,0.0,0.0,0.0,0.0,0.0,0.0,0.0,0.0,0.0,0.0,0.0,0.0,0.0,0.0,0.0,0.0,0.0,0.0,0.0,0.0,0.0,0.0,0.0,0.0,0.0,0.0,0.0,0.0,0.0,0.0,0.0,0.0,0.0,0.0,0.0,0.0,0.0,0.0,0.0,0.0,0.0,0.0,0.0,0.0,0.0,0.0,0.0,0.0,0.0,0.0,0.0,0.0,0.0,0.0,0.0,0.0,0.0,0.0,0.0,0.0,0.0,0.0,0.0,0.0,0.0,0.0,0.0,0.0,0.0,0.0,0.0,0.0,0.0,0.0,0.0,0.0,0.0,0.0,0.0,0.0,0.0,0.0,0.0,0.0,0.0,0.0,0.0,0.0,0.0,0.0,0.0,0.0,0.0,0.0,0.0,0.0,0.0,0.0,0.0,0.0,0.0,0.0,0.0,0.0,0.0,0.0,0.0,0.0,0.0,0.0,0.0,0.0,0.0,0.0,0.0,0.0,0.0,0.0,0.0,0.0,0.0,0.0,0.0,0.0,0.0,0.0,0.0,0.0,0.0,0.0,0.0,0.0,0.0,0.0,0.0,0.0,0.0,0.0,0.0,0.0,0.0,0.0,0.0,0.0,0.0,0.0,0.0,0.0,0.0,0.0,0.0,0.0,0.0,0.0,0.0,0.0,0.0,0.0,0.0,0.0,0.0,0.0,0.0,0.0,0.0,0.0,0.0,0.0,0.0,0.0,0.0,0.0,0.0,0.0,0.0,0.0,0.0,0.0,0.0,0.0,0.0,0.0,0.0,0.0,0.0,0.0,0.0,0.0,2.2040625822670816e-6,6.548316453593499e-10,-5.0376698587802154e-11,-5.037166171637562e-11,2.6478262614917185e-11,-3.777876976717269e-11
0.0,0.0,0.0,0.0,0.0,0.0,0.0,0.0,0.0,0.0,0.0,0.0,0.0,0.0,0.0,0.0,0.0,0.0,0.0,0.0,0.0,0.0,0.0,0.0,0.0,0.0,0.0,0.0,0.0,0.0,0.0,0.0,0.0,0.0,0.0,0.0,0.0,0.0,0.0,0.0,0.0,0.0,0.0,0.0,0.0,0.0,0.0,0.0,0.0,0.0,0.0,0.0,0.0,0.0,0.0,0.0,0.0,0.0,0.0,0.0,0.0,0.0,0.0,0.0,0.0,0.0,0.0,0.0,0.0,0.0,0.0,0.0,0.0,0.0,0.0,0.0,0.0,0.0,0.0,0.0,0.0,0.0,0.0,0.0,0.0,0.0,0.0,0.0,0.0,0.0,0.0,0.0,0.0,0.0,0.0,0.0,0.0,0.0,0.0,0.0,0.0,0.0,0.0,0.0,0.0,0.0,0.0,0.0,0.0,0.0,0.0,0.0,0.0,0.0,0.0,0.0,0.0,0.0,0.0,0.0,0.0,0.0,0.0,0.0,0.0,0.0,0.0,0.0,0.0,0.0,0.0,0.0,0.0,0.0,0.0,0.0,0.0,0.0,0.0,0.0,0.0,0.0,0.0,0.0,0.0,0.0,0.0,0.0,0.0,0.0,0.0,0.0,0.0,0.0,0.0,0.0,0.0,0.0,0.0,0.0,0.0,0.0,0.0,0.0,0.0,0.0,0.0,0.0,0.0,0.0,0.0,0.0,0.0,0.0,0.0,0.0,0.0,0.0,0.0,0.0,0.0,0.0,0.0,0.0,0.0,0.0,0.0,0.0,0.0,0.0,0.0,0.0,0.0,0.0,3.7360031349953884e-5,1.4866025272753927e-12,-2.971598246461028e-11,-2.321279627436803e-12,-2.4138336592705044e-12
0.0,0.0,0.0,0.0,0.0,0.0,0.0,0.0,0.0,0.0,0.0,0.0,0.0,0.0,0.0,0.0,0.0,0.0,0.0,0.0,0.0,0.0,0.0,0.0,0.0,0.0,0.0,0.0,0.0,0.0,0.0,0.0,0.0,0.0,0.0,0.0,0.0,0.0,0.0,0.0,0.0,0.0,0.0,0.0,0.0,0.0,0.0,0.0,0.0,0.0,0.0,0.0,0.0,0.0,0.0,0.0,0.0,0.0,0.0,0.0,0.0,0.0,0.0,0.0,0.0,0.0,0.0,0.0,0.0,0.0,0.0,0.0,0.0,0.0,0.0,0.0,0.0,0.0,0.0,0.0,0.0,0.0,0.0,0.0,0.0,0.0,0.0,0.0,0.0,0.0,0.0,0.0,0.0,0.0,0.0,0.0,0.0,0.0,0.0,0.0,0.0,0.0,0.0,0.0,0.0,0.0,0.0,0.0,0.0,0.0,0.0,0.0,0.0,0.0,0.0,0.0,0.0,0.0,0.0,0.0,0.0,0.0,0.0,0.0,0.0,0.0,0.0,0.0,0.0,0.0,0.0,0.0,0.0,0.0,0.0,0.0,0.0,0.0,0.0,0.0,0.0,0.0,0.0,0.0,0.0,0.0,0.0,0.0,0.0,0.0,0.0,0.0,0.0,0.0,0.0,0.0,0.0,0.0,0.0,0.0,0.0,0.0,0.0,0.0,0.0,0.0,0.0,0.0,0.0,0.0,0.0,0.0,0.0,0.0,0.0,0.0,0.0,0.0,0.0,0.0,0.0,0.0,0.0,0.0,0.0,0.0,0.0,0.0,0.0,0.0,0.0,0.0,0.0,0.0,0.0,6.535547545574171e-5,3.3975654822561994e-12,-3.14083614853696e-9,-1.7667021241631177e-10
0.0,0.0,0.0,0.0,0.0,0.0,0.0,0.0,0.0,0.0,0.0,0.0,0.0,0.0,0.0,0.0,0.0,0.0,0.0,0.0,0.0,0.0,0.0,0.0,0.0,0.0,0.0,0.0,0.0,0.0,0.0,0.0,0.0,0.0,0.0,0.0,0.0,0.0,0.0,0.0,0.0,0.0,0.0,0.0,0.0,0.0,0.0,0.0,0.0,0.0,0.0,0.0,0.0,0.0,0.0,0.0,0.0,0.0,0.0,0.0,0.0,0.0,0.0,0.0,0.0,0.0,0.0,0.0,0.0,0.0,0.0,0.0,0.0,0.0,0.0,0.0,0.0,0.0,0.0,0.0,0.0,0.0,0.0,0.0,0.0,0.0,0.0,0.0,0.0,0.0,0.0,0.0,0.0,0.0,0.0,0.0,0.0,0.0,0.0,0.0,0.0,0.0,0.0,0.0,0.0,0.0,0.0,0.0,0.0,0.0,0.0,0.0,0.0,0.0,0.0,0.0,0.0,0.0,0.0,0.0,0.0,0.0,0.0,0.0,0.0,0.0,0.0,0.0,0.0,0.0,0.0,0.0,0.0,0.0,0.0,0.0,0.0,0.0,0.0,0.0,0.0,0.0,0.0,0.0,0.0,0.0,0.0,0.0,0.0,0.0,0.0,0.0,0.0,0.0,0.0,0.0,0.0,0.0,0.0,0.0,0.0,0.0,0.0,0.0,0.0,0.0,0.0,0.0,0.0,0.0,0.0,0.0,0.0,0.0,0.0,0.0,0.0,0.0,0.0,0.0,0.0,0.0,0.0,0.0,0.0,0.0,0.0,0.0,0.0,0.0,0.0,0.0,0.0,0.0,0.0,0.0,4.906500302609851e-5,-5.8839238835391325e-12,-3.111321721464983e-12
0.0,0.0,0.0,0.0,0.0,0.0,0.0,0.0,0.0,0.0,0.0,0.0,0.0,0.0,0.0,0.0,0.0,0.0,0.0,0.0,0.0,0.0,0.0,0.0,0.0,0.0,0.0,0.0,0.0,0.0,0.0,0.0,0.0,0.0,0.0,0.0,0.0,0.0,0.0,0.0,0.0,0.0,0.0,0.0,0.0,0.0,0.0,0.0,0.0,0.0,0.0,0.0,0.0,0.0,0.0,0.0,0.0,0.0,0.0,0.0,0.0,0.0,0.0,0.0,0.0,0.0,0.0,0.0,0.0,0.0,0.0,0.0,0.0,0.0,0.0,0.0,0.0,0.0,0.0,0.0,0.0,0.0,0.0,0.0,0.0,0.0,0.0,0.0,0.0,0.0,0.0,0.0,0.0,0.0,0.0,0.0,0.0,0.0,0.0,0.0,0.0,0.0,0.0,0.0,0.0,0.0,0.0,0.0,0.0,0.0,0.0,0.0,0.0,0.0,0.0,0.0,0.0,0.0,0.0,0.0,0.0,0.0,0.0,0.0,0.0,0.0,0.0,0.0,0.0,0.0,0.0,0.0,0.0,0.0,0.0,0.0,0.0,0.0,0.0,0.0,0.0,0.0,0.0,0.0,0.0,0.0,0.0,0.0,0.0,0.0,0.0,0.0,0.0,0.0,0.0,0.0,0.0,0.0,0.0,0.0,0.0,0.0,0.0,0.0,0.0,0.0,0.0,0.0,0.0,0.0,0.0,0.0,0.0,0.0,0.0,0.0,0.0,0.0,0.0,0.0,0.0,0.0,0.0,0.0,0.0,0.0,0.0,0.0,0.0,0.0,0.0,0.0,0.0,0.0,0.0,0.0,0.0,2.69734068143728e-5,-5.722198068318133e-11
0.0,0.0,0.0,0.0,0.0,0.0,0.0,0.0,0.0,0.0,0.0,0.0,0.0,0.0,0.0,0.0,0.0,0.0,0.0,0.0,0.0,0.0,0.0,0.0,0.0,0.0,0.0,0.0,0.0,0.0,0.0,0.0,0.0,0.0,0.0,0.0,0.0,0.0,0.0,0.0,0.0,0.0,0.0,0.0,0.0,0.0,0.0,0.0,0.0,0.0,0.0,0.0,0.0,0.0,0.0,0.0,0.0,0.0,0.0,0.0,0.0,0.0,0.0,0.0,0.0,0.0,0.0,0.0,0.0,0.0,0.0,0.0,0.0,0.0,0.0,0.0,0.0,0.0,0.0,0.0,0.0,0.0,0.0,0.0,0.0,0.0,0.0,0.0,0.0,0.0,0.0,0.0,0.0,0.0,0.0,0.0,0.0,0.0,0.0,0.0,0.0,0.0,0.0,0.0,0.0,0.0,0.0,0.0,0.0,0.0,0.0,0.0,0.0,0.0,0.0,0.0,0.0,0.0,0.0,0.0,0.0,0.0,0.0,0.0,0.0,0.0,0.0,0.0,0.0,0.0,0.0,0.0,0.0,0.0,0.0,0.0,0.0,0.0,0.0,0.0,0.0,0.0,0.0,0.0,0.0,0.0,0.0,0.0,0.0,0.0,0.0,0.0,0.0,0.0,0.0,0.0,0.0,0.0,0.0,0.0,0.0,0.0,0.0,0.0,0.0,0.0,0.0,0.0,0.0,0.0,0.0,0.0,0.0,0.0,0.0,0.0,0.0,0.0,0.0,0.0,0.0,0.0,0.0,0.0,0.0,0.0,0.0,0.0,0.0,0.0,0.0,0.0,0.0,0.0,0.0,0.0,0.0,0.0,7.994827795242914e-5
