0.6845999100752371,0.6194516150195082,0.6512115784734572,0.6351331073154033,0.6676970780713692,0.6272433571441385,0.6594028117563699,0.6760956734101308,0.6431220983275108,0.6233353115248708,0.6635369851740404,0.655294396372387,0.6391151200671819,0.6803345039103521,0.6311759045361353,0.6718832529775272,0.6471541986498887,0.6451349984162431,0.6532497978564437,0.6614666686111297,0.6824638746411531,0.6371210027464651,0.6213904291422557,0.625286281147578,0.6292065585838446,0.6739861722323585,0.6331514143644921,0.669786895082997,0.6411154788717672,0.6782117770766122,0.665613781606183,0.6573453943074785,0.6491797185827374,0.6501948548331132,0.6522298920327354,0.6401145180795772,0.6583732993742463,0.6645745721065598,0.6282241909885645,0.6625010181494573,0.6262640546512521,0.644127762082997,0.675040098830246,0.6835310579685937,0.6204202647322732,0.6461438097920992,0.6687411702190098,0.6361262785096415,0.6381172824832091,0.6321628878994404,0.6341414867413555,0.6813983574864665,0.6792723113031833,0.6771528986237004,0.622362110615299,0.6708342552746315,0.6729338912538387,0.660433933992483,0.6243100342423846,0.6301904622847776,0.6666546159756195,0.6563190942032037,0.6542712984008731,0.6421180048896237,0.6481661673979192,0.6316692033857091,0.6703103705234882,0.6517205363627322,0.6724083669956089,0.6496870884369962,0.641616546087157,0.6396146239088243,0.6406148029408204,0.6650939737471501,0.6578591460119135,0.6671756435111705,0.6630187994825296,0.6376189480290059,0.6267535148695415,0.6692638283400479,0.6527396457236894,0.6287151829175128,0.6277335824873083,0.6776821310219134,0.6456392070705625,0.6436247338489854,0.6446311835808913,0.658887854432835,0.6840652752600117,0.6199357506870212,0.6829972578648063,0.6209051574508645,0.6257749769251357,0.6819309079546136,0.6366234463460853,0.6558065451808742,0.6336462573387712,0.6346371033670332,0.6218760800973969,0.6798032000910531,0.6787418370543784,0.6228485209822431,0.646648806900267,0.6619836413407577,0.6640555758859327,0.6238224825081087,0.6599181714725827,0.6609500996468597,0.6766240794562697,0.6247979670541591,0.6682189202173813,0.6306829909100187,0.6755676799532326,0.6386160063792765,0.6476599853937643,0.6486727450498708,0.6661339955445814,0.6734598261981577,0.6537603485875281,0.6713585492437526,0.6326569580861713,0.6426198554944568,0.6653538269020609,0.63339878755071,0.670572261735539,0.6669150788582772,0.6643150232902759,0.6581161724852054,0.6393648232083589,0.6443794236719936,0.6591452828081865,0.6779469023145712,0.6622422792196903,0.6832641057731932,0.6843325404591526,0.6211477459125851,0.6196936356914642,0.6201779605932001,0.6274884219495885,0.6816645807278199,0.6837981144453198,0.6398645221924547,0.6255305813285404,0.6827305141757263,0.6235788494534776,0.677417463139957,0.6388655144843948,0.6753038377228884,0.6596604412916564,0.6617251044904223,0.6700485816704135,0.6795377038411139,0.6612083336311358,0.6438761988556103,0.6674363099541378,0.6707032457128805,0.6623716360532904,0.6675666812811204,0.6648342222445873,0.6206626637586407,0.6547826475485898,0.638366595766813,0.6309293996109763,0.6348850569033607,0.6658738377725284,0.6535050233627712,0.6276109902477323,0.6632778417242273,0.6663942549353346,0.6745129296774007,0.674776462744914,0.6606919664048111,0.6652238876357155,0.6494333539782661,0.6458914591822922,0.6821973392536809,0.6601760023491763,0.6595316139532179,0.6356294991584344,0.6627598582347002,0.6304366785066736,0.6790070222364214,0.6763598248310334,0.6479130269776928,0.6489261823146149,0.6507030180948029,0.6207838987721408,0.631422505771648,0.6839316818060728,0.6284696390241061,0.6453870535296459,0.6568320437714129,0.6250420764139686,0.6353812548214056,0.6474070426364257,0.67267107788052,0.6499409220511603,0.6358778403630988,0.6245539530179254
0.0,0.2914733839045099,0.1455547106558271,0.2184457794057332,0.07275461831771866,0.2549396642241853,0.10914613733632318,0.036374467369877074,0.18198602718176848,0.27320118808315946,0.09094860144142188,0.1273479366444007,0.20021199287434766,0.01818687849537876,0.23668809898142365,0.05456347715056001,0.16376717023634155,0.17287575457322793,0.13645065679606622,0.10004688102671064,0.009093394870239057,0.2093278640300111,0.28233590737276304,0.2640691368869782,0.24581268114104313,0.045468750290796445,0.22756582802736144,0.06365873687834527,0.19109807636885442,0.027280539726761095,0.08185120998157956,0.11824645988045931,0.15466018595801545,0.15010726506964409,0.1410025113931909,0.19565479578442266,0.11369615972678865,0.08639980039668585,0.2503758670479508,0.09549762477347759,0.25950408383375556,0.17743067428698997,0.040921558736125525,0.004546691888173243,0.2869042954104024,0.16832125689400884,0.06820659444058898,0.2138865606248955,0.2047696783597436,0.23212667953474456,0.22300553149267335,0.013640120049413099,0.0227336813612703,0.03182746476881949,0.2777682086494547,0.0591110342760279,0.050016052226693385,0.10459638148871718,0.26863483454523224,0.24125009556469554,0.07730282011621926,0.12279704821212777,0.1318991358995582,0.18654182349320672,0.15921348374430225,0.23440731800858283,0.06138486724683427,0.1432785673037479,0.05228974837301372,0.15238367901954916,0.1888198922517402,0.19793333378642483,0.19337637722078593,0.08412548012278144,0.11597127470523164,0.07502869591185791,0.09322308396383619,0.20704870800838734,0.25722179440381804,0.06593264583338243,0.1387265418503566,0.2480941983822708,0.2526576885772965,0.02955399329755766,0.1705984536717501,0.17970829560898927,0.17515316071934528,0.1114211147753413,0.0022733452569750467,0.289188751400797,0.0068200413227478725,0.28462001453796465,0.26178653048299766,0.011366753992619051,0.21160714774961614,0.12507245412876775,0.22528561027433835,0.22072558802225054,0.2800519725453321,0.020460273925048924,0.025007102912191995,0.27548461433988475,0.16604416279860382,0.09777222314221917,0.08867417429923477,0.27091792863660297,0.10687122684563918,0.10232159980688121,0.034100955969475336,0.2663519042804803,0.07048058488575963,0.2389690244902255,0.038648001258832096,0.20249077384817107,0.16149027761749712,0.15693678687370488,0.07957699058208957,0.047742386781160835,0.13417485553161398,0.056837238367949114,0.2298461835187999,0.18426386911442522,0.08298833877362426,0.2264257017671696,0.060247946177399835,0.07616575221837825,0.08753698076905533,0.11483370844416944,0.19907264814219328,0.1762919040427074,0.1102836176312983,0.028417264393209355,0.09663491658667221,0.005683366233991379,0.0011366725327085104,0.2834779393002332,0.29033104494888223,0.28804650048934366,0.253798657002838,0.012503436006629166,0.003410018309542479,0.19679404969810227,0.2629278135486805,0.007956717442769483,0.2720595375458412,0.030690726691672422,0.20135136798688108,0.03978477759673852,0.10800867382728868,0.09890954453785225,0.06252179734548033,0.02159697604426929,0.10118423292461554,0.17856947126326195,0.07389165111007318,0.059679489086453236,0.09606626883697035,0.0733231333102277,0.08526263357721021,0.28576213307862985,0.12962349677733512,0.20363021038966253,0.23782854347990057,0.21958566696081636,0.0807140941269554,0.13531274584365868,0.2532281679600633,0.09208583567704119,0.07843989929013168,0.04319514136960003,0.04205834696286031,0.10345898279000067,0.08355690785773678,0.15352192070312393,0.16945984222518315,0.010230073636753755,0.10573379617056075,0.10857740347212805,0.21616610301537492,0.09436034724285824,0.2401095416725767,0.023870390907987562,0.035237708981349404,0.1603518683854895,0.15579847449597983,0.14783094265714894,0.2851910683315041,0.23554769059607528,0.002841681735998753,0.24923501360937642,0.17173709090540504,0.12052171741990246,0.2652105003496901,0.2173059243546042,0.16262871148407157,0.051152896066129466,0.15124546049350823,0.2150263152192526,0.2674933489142255
0.0,0.0,0.15301746025545412,0.0764848273861537,0.07648482736455978,0.038239426209737366,0.11474217946167296,0.03823942619166057,0.11474217947557275,0.019119339682226694,0.09561163595028033,0.1338772049761109,0.09561163602700432,0.01911933969531241,0.05736100646639074,0.057361006445611616,0.13387720516559382,0.12430908535813023,0.14344663156986498,0.10517639430495165,0.00955962319492495,0.08604781155141468,0.009559623191037073,0.02867924276974466,0.04779998315277368,0.0477999829685989,0.06692259015978537,0.06692259011137429,0.10517639478453722,0.028679242908008613,0.08604781125622084,0.12430908551993185,0.14344663156108725,0.1482318649604238,0.1482318647426831,0.10039389285530609,0.11952548648858825,0.09082961288882972,0.04301965216700245,0.10039389269596517,0.03345929358754533,0.11952548651198228,0.04301965191753297,0.004779805766117869,0.0047798057640547585,0.12909298772010516,0.07170362131695092,0.08126622026780969,0.0908296130489506,0.06214172309776912,0.07170362124439995,0.014339463958910498,0.023899262129098115,0.03345929378206759,0.014339463938594647,0.062141721810689325,0.0525804300602563,0.10995915264356308,0.023899262069242155,0.052580430626305304,0.08126622045576315,0.12909298750447512,0.13866174920686006,0.10995915350084007,0.13866174909899823,0.05975134624770409,0.06453213669086216,0.15062461653516485,0.054970701100801836,0.1458392037441315,0.10756774137442081,0.09800273467841843,0.10278511228661875,0.08843868572099503,0.12191724910633406,0.07887549941017197,0.0980027336852838,0.08843868531107817,0.03584935013884446,0.06931308487157269,0.14583920374609158,0.04540980380178653,0.040629526740784724,0.03106925893591738,0.12670099787235367,0.11713379754429434,0.12191724900008587,0.11713379748819784,0.0023899021607179756,0.002389902156011312,0.007169712318626198,0.007169712283745955,0.03106925868287745,0.011949539931943233,0.08365699038000271,0.1314850559771388,0.06931308531890669,0.07409420177361137,0.011949539918830673,0.021509294601135605,0.02628924449543799,0.016729396658101296,0.13148505641545127,0.10278511221686444,0.09322059643490854,0.02150929431161849,0.11235063181599764,0.10756774041090615,0.035849349369159525,0.026289244555234816,0.07409420174537139,0.05497070161896107,0.04062952665572776,0.0932205960616049,0.13626943564063645,0.14105414737217084,0.0836569901347418,0.050190191294561454,0.14105414747947326,0.05975134589349085,0.0645321370596456,0.1123506321912483,0.08724324188814306,0.06811783265638303,0.06333692443171657,0.08007085384015736,0.09202509774565658,0.12072135857587853,0.09680717796706736,0.12072135855669852,0.11593797961846672,0.02987424869437203,0.1015894947073104,0.005974758651857373,0.001194950979669259,0.008364667127970026,0.001194951565524417,0.003584854669973384,0.03943447350289066,0.013144500879031136,0.0035848536869007236,0.09919830627537347,0.029874248527193697,0.008364667069534338,0.020314315507297374,0.03226427389742405,0.09441610885403084,0.04182458676280112,0.11354639695145424,0.10398074532737218,0.06572735844215752,0.02270427668424961,0.10637205948161561,0.11832963306432004,0.07768015707478235,0.06273932192248029,0.10099169176403536,0.07708249074403524,0.08963414227976871,0.0059747586660248864,0.1362694355719077,0.09202509772164512,0.05616584987393129,0.07528950883587403,0.08485239422503502,0.14225037867536056,0.04003199935835188,0.0968071774319846,0.08246159892557699,0.04540980362530479,0.04421472452298876,0.10876343826655789,0.08784096213255861,0.14464290669380775,0.12789698317389928,0.010754580728014582,0.11115488382316788,0.11414428598872044,0.0788755008376191,0.09919830569947834,0.05377556205758917,0.02509425202052494,0.03704438495424969,0.13746558194668673,0.142250378648892,0.15062461673523467,0.006572235388456984,0.05855617181417567,0.0029873778741261897,0.04421472470599758,0.12550503216031833,0.12670099800793708,0.02748424156569968,0.07768015847564086,0.13507331013488977,0.05377556112973691,0.14703552314694085,0.08007085464903413,0.025094251492448483
0.0,0.0,0.0,0.10823347682872969,1.0821839280216415e-12,0.054112510832433486,1.6232758920324622e-12,5.410919640108207e-13,0.054112510810139985,0.027055726986824815,1.3529863517161566e-12,1.893565432348768e-12,0.08117140840900895,2.7080242369451503e-13,0.08117140845019861,8.113815043271265e-13,0.027055726831900696,0.04058392063455454,2.0289666441960255e-12,1.4878746801852048e-12,1.3591409522546682e-13,0.09470198020359506,0.01352779747901291,0.040583920546605305,0.06764162966142857,6.764931758580783e-13,0.09470198023090919,9.46782716174384e-13,0.0676416284930033,4.0671651891998185e-13,1.2170722564906896e-12,1.757651337123301e-12,0.013527798387163711,0.006763890936760566,2.0961543667414447e-12,0.07440642762180784,1.6904636145778817e-12,1.2852857457925277e-12,0.060876995934149504,1.420174074261576e-12,0.047348157808931236,0.04734815792386994,6.087925699344495e-13,6.821348930183806e-14,0.0067638904874172835,0.033819782389229475,1.0144833220980128e-12,0.10146760465077015,0.0879365867697497,0.08793658790355431,0.10146760466620743,2.0361470114909558e-13,3.385030296181438e-13,4.73391358087192e-13,0.020291737471491485,8.785692268725459e-13,7.44193781781707e-13,1.5560881694870428e-12,0.03381978250708443,0.07440642823022703,1.1498845339452702e-12,1.8258648264251393e-12,1.9607531548941873e-12,0.060876994492668715,0.02029173783864367,0.08455397194893087,9.124195298343603e-13,2.1300046697032595e-12,7.775312013653121e-13,0.010145841579863845,0.06425929179927777,0.07778889407053469,0.07102400661707527,1.250922559452504e-12,1.724313917539696e-12,1.1155213476052465e-12,1.3858108879215524e-12,0.09131925561790002,0.05073032050961874,9.806330191361984e-13,2.0623040637796304e-12,0.06425929318722685,0.05749473576874731,4.400539385035869e-13,0.0372018401597585,0.050730318465450744,0.04396602547832166,1.6566133116160673e-12,3.4363186340023687e-14,0.003381944216326303,1.0155090888544313e-13,0.010145840878774322,0.043966025740331725,1.692515148090719e-13,0.09808476249340868,1.859202246008744e-12,0.09808476360436588,0.10485050884665327,0.016909762315828254,3.041398432781201e-13,3.7184044920174886e-13,0.023673724938139087,0.030437745182216352,1.4540243772233904e-12,1.318623165376133e-12,0.030437745458091192,1.5889127056924386e-12,1.5212120997688098e-12,5.072416610490064e-13,0.03720184039815336,1.0473078583034085e-12,0.07778889438631288,5.749422669726351e-13,0.0845539718247495,0.023673724977075653,0.016909762827444812,1.1832219535288753e-12,7.098305954416834e-13,1.995116341234211e-12,8.452318072889408e-13,0.09131925637500617,0.05749473511994419,1.2339974079715968e-12,0.09639336472474973,8.965201451098717e-13,1.1324464990861537e-12,1.3022108972734349e-12,1.7073887660587888e-12,0.07948014517569058,0.04565708820221488,1.6396881601351601e-12,4.231287870226797e-13,1.436586342364274e-12,8.462575740453595e-14,1.692515148090719e-14,0.011836818316504065,0.0016909727980502767,0.005072918356507241,0.055803619094396115,1.866895496681884e-13,5.1288337820930876e-14,0.07609765493182453,0.04227497003150451,1.1898894374455964e-13,0.02874673411449219,4.564662066062848e-13,0.08286268377642077,5.923803018317516e-13,1.606350740551555e-12,1.4709495287042976e-12,9.298575646934768e-13,3.2157787813723657e-13,1.5042869482879026e-12,0.04903923436274065,1.0985961961243394e-12,8.872882443021041e-13,1.428380208312925e-12,1.0903900620729904e-12,1.2678477109334112e-12,0.008454865176667575,1.9274157353105824e-12,0.08624527245224213,0.07948014551907574,0.10654198470719543,1.1996342216315731e-12,2.012041492715118e-12,0.056649176351163386,1.3699115031970638e-12,1.166296802047968e-12,6.426428728962638e-13,6.26230604793566e-13,1.5386501346279263e-12,1.2432293087793644e-12,0.011836818972191613,0.035510808373740994,1.523263633281647e-13,1.571474670833322e-12,1.614556874602904e-12,0.10485050720933464,1.4027360394024595e-12,0.07609765555583795,3.55428181099051e-13,5.251925792863322e-13,0.021982729639304168,0.015218779396583552,0.0033819443019429507,0.009300352905417239,0.08286268377095805,4.256932039137263e-14,0.06256813992143723,0.038892877259694515,1.7920145234633247e-12,0.03889287750521744,0.10654198347757753,0.0253647239169343,7.600931665061956e-13,0.008454865595468652,0.10315904776923748,0.03551080887743915
0.0,0.0,0.0,0.0,0.10823347682872944,0.0,0.054112510814520134,0.054112510822128757,1.0816710446434346e-12,5.1288337820930995e-16,0.0811714084946309,0.027055727092148044,5.405790806326126e-13,0.02705572701297988,5.1288337820930995e-16,0.0811714084437103,1.623275892032466e-12,1.3529863517161596e-12,0.01352779837093714,0.06764162915224939,0.013527797488333571,2.702895403163063e-13,0.0,-5.1288337820930995e-16,-5.1288337820930995e-16,0.06764162941989861,0.0,0.09470198018913813,8.113815043271284e-13,0.04058392075372104,0.09470198059452166,0.04058392039431134,1.894591199105191e-12,2.0289666441960304e-12,0.006763891242614994,6.770060592362891e-13,0.04734815794358426,0.0879365869714577,0.0,0.07440642782619614,0.0,1.2170722564906925e-12,0.06087699559831361,0.006763890492246609,-5.1288337820930995e-16,1.4883875635634175e-12,0.10146760479752068,1.348883284690485e-13,4.056907521635642e-13,0.0,-5.1288337820930995e-16,0.020291737505969604,0.03381978260133452,0.0473481580975657,-5.1288337820930995e-16,0.0879365861070379,0.07440642745021979,0.06087699568795075,0.0,-5.1288337820930995e-16,0.10146760435617273,0.033819782684556515,0.020291737680435604,9.472955995525956e-13,1.7586771038797237e-12,0.0,0.09131925587892198,0.003381944583764169,0.07778889367502742,1.9617789216506107e-12,8.790821102507572e-13,6.082796865562416e-13,7.441937817817088e-13,0.09131925501216087,0.04396602531566952,0.10485050919963217,0.07778889545346131,3.3850302961814456e-13,-5.1288337820930995e-16,0.09808476299903601,0.01014584157422882,0.0,5.1288337820930995e-16,0.04396602611082134,1.4201740742615793e-12,1.1498845339452728e-12,1.2847728624143214e-12,0.05073031853045831,0.003381944223940577,1.0257667564186199e-15,0.010145840930998183,0.0,0.0,0.01690976233915782,2.0258893439267744e-13,0.030437745793321584,-5.1288337820930995e-16,-5.1288337820930995e-16,-5.1288337820930995e-16,0.03043774587637843,0.03720184032403769,-5.1288337820930995e-16,1.5555752861088371e-12,0.07102400669569173,0.084553971272761,-5.1288337820930995e-16,0.05749473563441867,0.06425929314391093,0.05073031943476198,-5.1288337820930995e-16,0.10485050883629174,0.0,0.05749473566461519,4.733913580871931e-13,1.6904636145778857e-12,1.826890593181562e-12,0.09808476281274549,0.07102400689746724,0.01690976267098824,0.08455397147155563,-5.1288337820930995e-16,1.0149962054762245e-12,0.09301061062842386,-5.1288337820930995e-16,0.08962791417354202,0.10315904888468624,0.08624527239392389,0.045657088162203416,5.744293835944271e-13,1.250922559452507e-12,0.05242141068875067,0.042274970280013015,0.07271521171100802,0.00845486515900543,0.0016909719694846186,5.1288337820930995e-16,0.0,0.0,-5.1288337820930995e-16,0.01860074841350977,0.005072916966794861,6.42129989518056e-13,5.1288337820930995e-16,0.011836818237152828,-5.1288337820930995e-16,0.04565708862083451,5.077545444272169e-13,0.05918586206000048,0.05580361900161,0.06933281263491252,0.0930106110166176,0.0321287618602657,0.06595045577809297,1.1837348369070874e-12,0.10654198542981091,0.08878224844397999,0.07356081838157977,0.10738772908649748,0.08962791441775092,-5.1288337820930995e-16,0.02367372506755603,4.400539385035879e-13,5.1288337820930995e-16,0.0,0.09639336434476645,0.015218779354870784,0.0,0.07948014591019516,0.09977617608301426,0.06425929295562888,0.06256813968012626,0.0625681395895808,0.09216493105754117,1.927928618688796e-12,1.454537260601603e-12,0.015218778731546175,0.05918586104124074,0.05495806391740236,6.71877225454196e-14,0.07609765572498654,5.1288337820930995e-16,0.03551080963474436,0.05242141112915388,1.7248268009179094e-12,1.8597151293869577e-12,2.097180133497868e-12,5.1288337820930995e-16,0.0,0.004227430525061409,-5.1288337820930995e-16,1.3858108879215554e-12,0.037201839957550206,5.1288337820930995e-16,3.3850302961814454e-14,1.6576390783724897e-12,0.07609765426431982,1.9951163412342156e-12,1.0155090888544337e-13,0.0
0.0,0.0,0.0,0.0,0.0,0.07653860368071133,0.0,-7.252699756952493e-16,1.5295943787412808e-12,0.03826855440851601,-7.252699756952493e-16,0.0,2.294754203099769e-12,-7.252699756952493e-16,0.0382685543951841,-7.252699756952493e-16,7.651598243584881e-13,1.1466518315741892e-12,0.0,0.0,-1.4505399513904986e-15,2.6776967502668606e-12,0.01913418383121318,0.05740329847004338,0.05740329831830602,-1.4505399513904986e-15,0.019134183761931767,7.252699756952493e-16,1.9125369259083724e-12,-1.4505399513904986e-15,0.0,0.0,3.822172771913964e-13,1.9292181353493632e-13,7.252699756952493e-16,2.1040081994919183e-12,0.0,0.0,0.0669708692449099,-7.252699756952493e-16,0.06697086920401338,1.3388483751334303e-12,-1.4505399513904986e-15,-2.175809927085748e-15,0.009567080243566346,9.566310979420338e-13,-7.252699756952493e-16,2.8691680238504064e-12,2.48695074665901e-12,0.028701332759409184,0.009567080203362456,-7.252699756952493e-16,-1.4505399513904986e-15,-7.252699756952493e-16,0.028701334096448008,0.0,-1.4505399513904986e-15,0.0,0.04783586808023419,0.04783586795968199,0.0,-7.252699756952493e-16,0.0,1.7210656523248266e-12,5.744138207506374e-13,0.03348493395827739,-7.252699756952493e-16,0.0,0.0,2.872069103753187e-13,1.8160760191409042e-12,2.199743836283691e-12,2.00754729272445e-12,0.0,-7.252699756952493e-16,-7.252699756952493e-16,7.252699756952493e-16,2.5812358434993924e-12,0.07175471690445627,0.0,0.0,0.062187064803875744,0.07175471465889205,0.0,1.0523667347338067e-12,1.4345840119252032e-12,1.2438380083173525e-12,0.0,-1.4505399513904986e-15,0.004783538668617744,-7.252699756952493e-16,0.01435062764636164,0.062187064830655614,-1.4505399513904986e-15,2.7741576570343284e-12,7.252699756952493e-16,0.014350626063391743,0.004783538503138696,0.02391775166616265,0.0,0.0,0.03348493393981274,8.60895461150261e-13,-7.252699756952493e-16,0.0,0.043052198105886834,0.0,-7.252699756952493e-16,-7.252699756952493e-16,0.05261956753433434,0.0,0.04305219834245975,-7.252699756952493e-16,2.3912151098672368e-12,6.694241875667151e-13,4.779529139831693e-13,0.0,-1.4505399513904986e-15,0.0,-1.4505399513904986e-15,0.023917750712392015,1.6253300155330537e-12,7.252699756952493e-16,0.01674240340715758,-7.252699756952493e-16,-7.252699756952493e-16,-7.252699756952493e-16,0.0,2.2476116546795777e-12,1.291705826713239e-12,-7.252699756952493e-16,-1.4505399513904986e-15,0.0,-1.4505399513904986e-15,-7.252699756952493e-16,0.0167424045189921,0.0023917703101077677,0.00717531087708196,0.074146653437262,-1.4505399513904986e-15,-7.252699756952493e-16,2.1526012878635e-12,0.059795177248679124,-1.4505399513904986e-15,0.04066037327562344,-7.252699756952493e-16,2.3426220214956553e-12,-1.4505399513904986e-15,0.0,0.0,0.0,-1.4505399513904986e-15,-7.252699756952493e-16,1.3867161935293167e-12,7.252699756952493e-16,-7.252699756952493e-16,7.252699756952493e-16,-7.252699756952493e-16,0.0,0.011958853228654004,7.252699756952493e-16,2.4390829282631235e-12,0.0406603730337945,0.0023917690703726116,-7.252699756952493e-16,0.0,0.0729506826565269,0.0,-1.4505399513904986e-15,-7.252699756952493e-16,-7.252699756952493e-16,0.0,-7.252699756952493e-16,3.350747287712052e-13,1.0030483763865297e-12,-7.252699756952493e-16,7.252699756952493e-16,-7.252699756952493e-16,2.964903660642179e-12,0.0,0.04544402960850635,-1.4505399513904986e-15,-1.4505399513904986e-15,6.222816391465239e-13,4.308103655629781e-13,9.646090676746816e-14,0.01315474026451679,0.03587674159042708,-7.252699756952493e-16,0.06457896190743219,1.1002345531296932e-12,-7.252699756952493e-16,0.05501142880533219,3.0113209390866753e-12,7.180172759382968e-13,-7.252699756952493e-16,2.3933909197943227e-13,2.915585302294902e-12,0.05022771416486059
0.0,0.0,0.0,0.0,0.0,0.0,0.0765386036788648,1.5311809068500548e-12,1.5314672996772869e-12,-3.6260665880951615e-16,0.03826855431875567,0.038268554569236224,7.651896831923355e-13,7.651768228920037e-13,-3.6260665880951615e-16,2.295026179396023e-12,2.296657039527716e-12,1.9133369279558357e-12,0.0191341850986545,0.05740329901805981,3.8328676710620964e-13,3.8259484159616775e-13,0.0,3.6260665880951615e-16,3.6260665880951615e-16,1.912729575791812e-12,0.0,2.677912064855501e-12,1.1488724580811191e-12,1.1482156949869834e-12,0.019134183240949423,0.05740329827224975,2.6785266678062647e-12,2.871455903556132e-12,0.009567081314681076,9.573937622826775e-13,0.06697086941502658,0.028701334067347397,0.0,0.047835868514099676,0.0,1.72222078215811e-12,1.7212469698602763e-12,1.9204426519983666e-13,3.6260665880951615e-16,2.104815680412371e-12,2.8690433681425507e-12,1.91841359115345e-13,5.740735940527032e-13,-1.4505399514254937e-15,3.6260665880951615e-16,5.744166538503381e-13,9.574640252028456e-13,1.338746384075396e-12,3.6260665880951615e-16,2.486667438134746e-12,2.103679561584934e-12,0.06697086956934224,0.0,3.6260665880951615e-16,0.00956708063836993,0.04783586834593845,0.0287013344007927,1.3392633339031323e-12,2.487410522008539e-12,7.252699757127468e-16,2.5820971016578247e-12,0.004783539189803328,2.199347204318793e-12,2.773903380717629e-12,1.244611834309387e-12,8.61654329396316e-13,1.0527704751940417e-12,0.02391775263113963,0.06218706424908213,0.004783538002321586,0.04305219681796292,4.77971611165626e-13,3.6260665880951615e-16,2.773500381185767e-12,0.014350628634441163,-7.252699757127468e-16,-1.087876634522263e-15,1.2440079934979184e-12,2.0101641808186255e-12,1.6261187992710324e-12,1.8179601583863775e-12,0.07175471412708476,9.613297708351114e-14,7.253266338064613e-16,2.869476830276473e-13,-7.252699757127468e-16,0.0,4.782546376369401e-13,2.8758073534361274e-13,0.04305219859326079,3.6260665880951615e-16,3.6260665880951615e-16,3.6260665880951615e-16,8.612155998712474e-13,1.051641464783483e-12,-3.6266331690323067e-16,2.2009176632994484e-12,0.05261956787577215,0.03348493490261247,-3.6266331690323067e-16,0.07175471482340182,0.06218706484305051,1.4343970282941999e-12,3.6260665880951615e-16,2.964631684472817e-12,0.0,1.6253186832288951e-12,6.698129702809709e-13,2.3920337524390806e-12,2.58351256155371e-12,0.014350627177707607,2.008561537504544e-12,0.023917752175852864,2.3909091366539225e-12,3.6260665880951615e-16,1.4350027101314e-12,0.021525966405126586,3.6260665880951615e-16,2.5344899271583053e-12,0.007175308805155212,0.031093132322329915,0.0645789619276094,8.123341013307567e-13,1.770815740247956e-12,0.07414665326517612,1.195335578721571e-12,0.05022771436598446,2.394340003609345e-13,4.7086417908071476e-14,3.6266331690323067e-16,0.0,-7.252699757127468e-16,-3.6266331690323067e-16,5.262088651521814e-13,1.4387047353179156e-13,9.08798747534737e-13,3.6266331690323067e-16,3.3398257418695596e-13,-3.6266331690323067e-16,1.291348857928231e-12,7.180453217120079e-13,1.67437639767984e-12,0.07414665354216465,0.05501142924900853,2.630780848777543e-12,9.079615162746081e-13,0.05979517784711389,1.674713757360879e-12,0.002391768047740573,2.5104426945260797e-12,0.04903179048215108,0.0011958839917754073,0.026309540968643415,-7.252699757127468e-16,0.033484934133141325,6.215563691858241e-13,0.0,-7.252699757127468e-16,0.016742403938541078,0.02152596698789389,-1.4505399514254937e-15,0.04066037246622036,0.011958852838872016,1.8168012891604308e-12,1.7696587407391024e-12,0.06457896235386065,0.02272185909159715,2.7270151086799283e-12,2.05686565112135e-12,4.300850955976589e-13,0.06936278705210235,0.07534262708896466,9.573563679408259e-14,0.04544402935314725,7.252699757127468e-16,1.0052241863378672e-12,1.4831771003325673e-12,2.440533468273393e-12,2.632004741861558e-12,2.9670794706408474e-12,0.0,-7.252699757127468e-16,1.1966954599260324e-13,-7.252699757127468e-16,1.9618552843029804e-12,0.052619566927277824,-7.252699757127468e-16,4.7867818397041295e-14,2.343347291527885e-12,2.151150747964007e-12,2.8234760154497234e-12,1.4287818521541114e-13,7.252699757127468e-16
0.0,0.0,0.0,0.0,0.0,0.0,0.0,0.07653860366991205,-3.028891662205109e-16,-7.252487293625447e-16,1.5313622245231069e-12,-2.9464092766776766e-16,-6.954112294309602e-16,0.03826855444739882,2.12463087056555e-20,0.03826855439167488,4.522962139061602e-16,7.473185285324702e-17,-2.011490948501106e-16,7.660550795928241e-13,0.019134183845340498,-3.4770561470100947e-16,-5.4395690792321e-16,9.065529407712182e-16,9.065529393333744e-16,0.057403298640877364,1.8131306721787016e-16,0.019134183814659183,4.4816448509316145e-17,0.05740329876582437,2.2966240400799023e-12,2.0964835237898853e-16,1.0464725718233623e-16,1.1206945024017715e-16,3.286379577832793e-16,3.739425542245153e-17,1.1502328522414775e-15,1.9138174809792413e-12,6.346073534215723e-16,1.1497002321030013e-12,6.34607353034042e-16,1.1551296364678504e-15,0.06697086969770744,0.009567080250869745,4.532630822300935e-16,8.221070393176767e-17,0.009567080014511866,-3.551844657942069e-16,-3.402267636223651e-16,2.719701420845495e-16,4.532630818491267e-16,0.028701334146629693,0.047835868215903014,0.06697086961556985,6.345768136208006e-16,0.028701335290454332,0.04783586904696551,3.8309553385664306e-13,-2.719834351972722e-16,8.158931983536339e-16,2.67928327871673e-12,7.366023191694192e-16,6.034472845503318e-16,-1.0355813350906929e-15,-2.654949107980593e-16,-4.079710433307328e-16,0.02391775140599493,3.3359585800845807e-16,0.04305219933411836,-2.5427663416584894e-16,4.8555874048823837e-17,3.3598171891370247e-17,4.037403398719307e-16,2.104937451945276e-12,1.1332343371837218e-16,2.871740466200641e-12,1.3401289301233538e-12,-7.065728480573324e-16,1.0425451381727852e-15,0.014350626914619307,1.1190689079689252e-16,5.892766371135995e-16,3.1733179911729353e-16,0.06218706535775432,-2.8419203852379696e-16,7.887835520328006e-16,1.1588690620070282e-15,-5.042892800467562e-16,0.00478353867962488,-6.798851199231344e-16,0.014350627720935942,-5.89285271787489e-16,5.892766373528527e-16,0.023917751700340783,3.7382493554271784e-16,8.329272378300355e-16,4.985913478912257e-16,4.0793485522481044e-16,-1.3602177475392886e-16,0.043052198699649394,0.05261956743209643,6.799055912165605e-16,-2.767131874307644e-16,9.571637182154869e-13,1.7221195605012427e-12,4.5293781579466157e-17,1.921625465562437e-13,5.740058564702988e-13,0.07175471538767941,1.3595294517817198e-16,0.0047835385162072735,-1.042582850886552e-15,0.07175471478238872,3.8878263771455956e-16,9.337232255813998e-17,1.0090783162864651e-16,2.4884692810217345e-12,0.05261956759164898,1.6290243597016e-16,0.033484934622275433,5.89248192005845e-16,4.186980420438137e-16,2.202667581184e-12,5.212555227364145e-16,0.02630954131461451,2.7754155475400248e-12,1.81894310227022e-12,-8.725904396314657e-16,7.569984349483044e-16,-2.935406023723188e-16,1.274888629331687e-15,0.05979517760312612,1.0531260018882044e-12,0.011958853204264458,0.0023917691382756147,-1.6544977361289804e-15,2.266410819514854e-17,-1.3825476274997172e-15,1.065210821487375e-15,0.02630954078902682,0.007175308911780159,7.607378604731354e-16,2.04004758994371e-16,0.016742404407581346,2.2629156758327017e-17,0.064578962559679,2.804569157405334e-17,0.06936278561281863,9.5095359404772e-14,8.617510531963035e-13,0.021525965856687042,0.045444030093414585,6.702401163839404e-13,7.906532647877952e-16,2.9666601742831498e-12,0.027505437782042112,1.1009598232607293e-12,3.0141426930111476e-12,2.0097231029350996e-12,-7.252699757975819e-16,7.252699757975819e-16,-7.252699757975819e-16,1.4505399515951638e-15,-7.252699757975819e-16,2.39339092013202e-12,0.0,1.4505399515951638e-15,1.4353092821034146e-12,2.584136923766784e-12,0.06218706511082235,0.06457896222732437,4.794034540022016e-13,2.1533265581430205e-12,7.252699757975819e-16,0.0,0.02152596610069627,2.8720691041584244e-13,4.714254842684282e-14,0.0,1.2445632784686506e-12,7.252699757975819e-16,0.05022771523849617,0.07414665386899612,1.4505399515951638e-15,1.4505399515951638e-15,1.4505399515951638e-15,0.0,0.0,0.0059794236962589205,7.252699757975819e-16,7.252699757975819e-16,7.252699757975819e-16,0.0,0.0,7.252699757975819e-16,0.045444031419978936,1.4505399515951638e-15,0.0,1.4505399515951638e-15
0.0,0.0,0.0,0.0,0.0,0.0,0.0,0.0,0.07653860366806371,7.252699758150965e-16,-7.252699758150965e-16,1.5303196489698537e-12,0.03826855443134684,0.0,1.5310449189456687e-12,0.0,0.038268554198828915,0.057403298608603825,2.2954794734547805e-12,0.0,-7.252699758150965e-16,0.019134183789513433,1.450539951630193e-15,7.252699758150965e-16,7.666103644365571e-13,7.252699758150965e-16,2.2962047434305956e-12,7.252699758150965e-16,0.05740329993770385,-7.252699758150965e-16,0.0,7.644345545091117e-13,0.01913418512045419,0.009567080881494059,2.6791472906609665e-12,0.047835868792541335,3.814920072787408e-13,-7.252699758150965e-16,3.8294254723037095e-13,0.0,1.450539951630193e-15,0.06697086938311053,7.252699758150965e-16,-7.252699758150965e-16,7.252699758150965e-16,0.04783586792533892,0.0,0.009567080219670699,0.028701334346222497,1.9125369262244096e-12,2.6776967507093364e-12,0.0,-7.252699758150965e-16,0.0,0.0,7.252699758150965e-16,0.0,-1.450539951630193e-15,7.252699758150965e-16,1.1488276416911128e-12,0.0,1.1481023717152978e-12,1.9132621962002246e-12,0.0669708712450548,0.02870133462284264,1.7217909225850391e-12,1.450539951630193e-15,2.870618564276152e-12,7.252699758150965e-16,0.014350628641547826,0.062187066731028064,0.04305219876419697,0.0526195679752773,-7.252699758150965e-16,5.729632808939262e-13,0.0,0.0,0.023917751769236134,7.252699758150965e-16,7.252699758150965e-16,2.487676017045781e-12,5.736885508697414e-13,1.9219654359100058e-13,7.252699758150965e-16,0.05261956721012256,0.0717547140308188,0.0621870644754029,1.907460036393704e-13,-7.252699758150965e-16,0.0,-1.450539951630193e-15,0.0,7.252699758150965e-16,7.252699758150965e-16,0.014350627626087905,1.3395736453304833e-12,2.486950747069966e-12,2.869168024324522e-12,0.0,0.0,-7.252699758150965e-16,1.450539951630193e-15,0.04305219772630155,-7.252699758150965e-16,-7.252699758150965e-16,1.450539951630193e-15,-7.252699758150965e-16,-7.252699758150965e-16,7.252699758150965e-16,7.252699758150965e-16,1.450539951630193e-15,1.3410241852821134e-12,7.252699758150965e-16,0.033484934114565226,0.0334849340031478,0.023917752395712734,0.0,0.0,2.104008199839595e-12,0.0,2.104008199839595e-12,0.07175471553514405,0.0,2.391215110262373e-12,1.450539951630193e-15,7.252699758150965e-16,-7.252699758150965e-16,4.786781840379637e-13,0.04066037349594888,0.06457896198031719,9.501036683177764e-14,0.0,0.0,-7.252699758150965e-16,-7.252699758150965e-16,7.252699758150965e-16,0.0,7.252699758150965e-16,9.646090678340783e-14,-7.252699758150965e-16,-7.252699758150965e-16,0.0454440304647905,7.252699758150965e-16,-7.252699758150965e-16,7.252699758150965e-16,-7.252699758150965e-16,0.03587674156199441,-7.252699758150965e-16,-7.252699758150965e-16,0.0,0.0,0.0,0.0,0.06936278628696448,0.0,0.0,0.0,0.0,0.0,0.0,1.7217909225850391e-12,0.03109313223295502,1.435309282138076e-12,2.96562893110793e-12,7.252699758150965e-16,2.200469106623003e-12,1.450539951630193e-13,-7.252699758150965e-16,0.0,-7.252699758150965e-16,0.0,0.0,-7.252699758150965e-16,0.016742405450551036,0.050227713464803786,-1.450539951630193e-15,-1.450539951630193e-15,-2.1758099274452895e-15,0.004783540815580695,7.252699758150965e-16,1.2445632784987056e-12,-7.252699758150965e-16,-7.252699758150965e-16,0.031093131811489032,0.021525967045597394,0.004783538790898174,1.450539951630193e-15,1.6260552857774464e-12,7.252699758150965e-16,4.786781840379637e-13,0.0550114284716295,9.566310981001123e-13,7.252699758150965e-16,0.0023917708076813663,0.035876741289724436,7.252699758150965e-16,0.011958853823971334,0.007175310380845582,1.450539951630193e-15
0.0,0.0,0.0,0.0,0.0,0.0,0.0,0.0,0.0,0.05412202270774551,-1.0256666039813956e-15,1.025666603960898e-15,5.128433176682432e-16,0.0,2.1662078676087073e-12,0.0,-5.12823283197272e-16,2.56425416925573e-16,1.0256666039506444e-15,0.0,-2.0513332079628006e-15,7.692562127955638e-16,0.027060879294955847,0.027060879616836696,3.2482861348091e-12,-9.719084976909991e-30,1.0820782672003518e-12,-2.05133320796282e-15,2.564253991147763e-16,9.719084976909991e-30,-2.0513332079628105e-15,-1.0243915565663129e-26,-2.5641040902130513e-16,-1.2820504800810513e-16,-1.0256666040173075e-15,3.8463514088171823e-16,1.025666603976293e-15,-1.0256666039813956e-15,3.789838101711287e-12,-1.0256666039814052e-15,0.013530423459034725,1.2821380403545383e-16,-9.719084976909991e-30,1.025666603981415e-15,0.013530423140078053,3.846351525027893e-16,-2.0513332079628105e-15,-1.2820503913924569e-16,-3.846163728867203e-16,1.6256815673105017e-12,5.425776335061275e-13,-1.0256666039814052e-15,9.719084976909991e-30,0.0,0.040591401464494296,-1.025666603981415e-15,0.0,1.9438169953819982e-29,0.04059140155931204,2.706734167906913e-12,-1.0256666039814052e-15,1.0256666039660199e-15,1.0256666039557663e-15,1.2821377908420102e-16,6.410502273877968e-16,1.8944062175536325e-12,-1.0256666039814246e-15,-3.846813833860974e-26,-2.05133320796282e-15,-1.2179742740769891e-15,1.2179864458217528e-15,4.4873940144307e-16,3.205304896327343e-16,9.719084976909991e-30,1.0256666039737272e-15,0.0,-2.0513332079628105e-15,7.051533197514935e-16,0.006765206325473877,-1.025666603981415e-15,1.0256666039480688e-15,3.519062118260194e-12,4.059588418558399e-12,-9.719084976909991e-30,-7.051361040951043e-16,-9.61559400519289e-16,1.9231987206717804e-16,-2.5561193489273274e-27,-1.0256666039813956e-15,0.0067652095148703385,-2.051333207962791e-15,0.020295645007422595,0.020295645384339686,1.0256666039813956e-15,-1.2179742604691718e-15,-1.7951149952352755e-26,8.123279503532396e-13,2.7077598345105257e-13,0.03382613005886204,-1.0256666039814052e-15,-1.0256666039813956e-15,0.04735669749690172,-5.769271886298677e-16,-1.0256666039813956e-15,-2.0513332079628006e-15,0.047356697677081595,9.719084976909991e-30,9.719084976909991e-30,1.0256666039813956e-15,0.0338261298162642,-1.0256666039814246e-15,2.4369838510598007e-12,-9.719084976909991e-30,-4.487196919187809e-16,5.769469135556897e-16,7.051533113563035e-16,-2.0513332079628105e-15,-1.0256666039814052e-15,1.0256666039532102e-15,0.0,1.3538799172554266e-12,6.410718330318851e-17,-1.0256666039814052e-15,9.477159420787864e-13,-1.9438169953819982e-29,-1.025666603981415e-15,9.719084976909991e-30,1.0256666039749906e-15,1.506458005103489e-15,-8.653996996111111e-16,2.0513332079615372e-15,1.0256666039814052e-15,0.0,9.719084976909991e-30,9.719084976909991e-30,0.02367826042607389,0.0033826061374793285,0.010147818337135595,4.196002076887927e-12,9.719084976909991e-30,-1.0256666039813956e-15,-6.089792884149222e-16,0.023678260467325178,-1.0256666039813956e-15,0.05073935614647112,-1.0256666039813956e-15,5.448951511940662e-16,-1.0256666039813956e-15,9.719084976909991e-30,-1.0256666039814052e-15,-1.0256666039814052e-15,0.0,0.0,1.1218271803616849e-15,-2.0513332079628105e-15,-1.0256666039814052e-15,0.0,0.0,-1.0256666039814052e-15,0.016913033060693777,1.0256666039814052e-15,0.0,2.2995445261263105e-12,1.3436232512156407e-13,-1.0256666039814052e-15,0.0,4.128308081025156e-12,-1.0256666039814052e-15,-1.0256666039814052e-15,0.0,0.0,0.0,0.0,-1.0256666039814052e-15,1.0256666039814052e-15,-2.0513332079628105e-15,0.0,-2.0513332079628105e-15,1.0256666039814052e-15,-2.0513332079628105e-15,2.572371842785364e-12,2.0513332079628105e-15,1.0256666039814052e-15,1.0256666039814052e-15,0.0,1.0256666039814052e-15,0.018604338789401827,2.0297942092792006e-12,-2.0513332079628105e-15,3.654450109985746e-12,-2.0513332079628105e-15,0.0,0.03044350239363867,0.0,0.0,-1.0256666039814052e-15,1.0256666039814052e-15,1.0256666039814052e-15,0.03720876258077679
0.0,0.0,0.0,0.0,0.0,0.0,0.0,0.0,0.0,0.0,0.054122022701287915,2.1651822012631063e-12,5.128232863743594e-16,0.0,1.0256666041653516e-15,2.1641565346589823e-12,-5.12843320845333e-16,7.692411871476193e-16,1.0820782673295219e-12,0.027060878773815654,-4.8593906354533077e-29,-7.692562128873333e-16,5.128307994030015e-16,1.5384974096067396e-15,2.0513332082793973e-15,1.0820782673294912e-12,1.0256666041550601e-15,3.2482861351966807e-12,7.69241204958416e-16,-9.719084978069442e-30,0.02706087852041241,3.248286135196691e-12,2.56410409051894e-16,-8.974615560803836e-16,5.405263003627295e-13,-3.8463514092760375e-16,3.787786768955276e-12,0.04059140151370986,7.695290936143724e-26,0.04059140084501626,1.2820816970180608e-15,1.9231194041568166e-15,5.405263003626937e-13,1.0256666041037929e-15,1.2820816909735025e-15,6.41031451555108e-16,3.78778676895527e-12,1.2820503915454007e-16,3.8461637293260367e-16,2.0513332082640035e-15,4.616525199310701e-26,-1.943741068823182e-29,-1.0256666041037929e-15,0.0,1.7949143670840563e-15,2.7057085016257796e-12,1.6246559009003923e-12,0.01353042290707941,1.7949143688809576e-15,6.669035741150576e-26,0.013530423728557332,2.7067341682298988e-12,1.623630234296314e-12,8.974528250042866e-16,-6.410502274642717e-16,1.025666604162757e-15,2.977510151713282e-12,2.7077598348343717e-13,1.895431884383791e-12,1.217974274222289e-15,-1.217986445967054e-15,5.7692720260718e-16,7.051361144328106e-16,0.03382613149890717,3.5170107854718798e-12,0.00676520858761131,0.04735669938147998,-7.051533198356157e-16,2.179540652252662e-15,3.5190621186800794e-12,8.123279504502295e-13,1.0256666041781605e-15,7.950882902320993e-26,-1.0256666041037733e-15,-3.2053049992455843e-16,1.9872260047377827e-15,-1.9231987209012117e-16,4.059588419042775e-12,-2.915649566630126e-29,1.2820750448734735e-16,-5.831299133260252e-29,1.4102894295526135e-15,1.41028943669558e-15,1.0256666041038122e-15,1.923076565106889e-16,2.435958184746502e-12,1.0256666041525042e-15,1.0256666041473632e-15,6.410390856009236e-16,-1.943741068823182e-29,-1.0256666041038122e-15,2.9487901152692945e-15,5.769271886986931e-16,0.03382612924903465,0.04735669896399367,1.9231235145801005e-15,0.006765209249480124,0.020295645315149227,2.915649566630126e-29,1.6667056851072439e-15,4.057537085834565e-12,6.415387591968919e-26,2.697503168792949e-13,4.487196919723115e-16,2.5000528986868317e-15,3.2051329266335737e-16,0.020295644389803073,1.3528542508128898e-12,1.352854250812918e-12,2.434932518142381e-12,2.0513332082614184e-15,-6.410718331083627e-17,0.030443502844532462,5.000399064862115e-26,2.841096493367479e-12,0.01014781542946769,0.04397404718027805,3.653424443817681e-12,1.570541807028145e-15,-1.602669043894329e-16,4.194976410784474e-12,1.943741068823182e-29,0.03720876220380891,1.0256666041037733e-15,1.0256666041037733e-15,4.487267797332505e-16,6.41037783968944e-17,1.2179779378674202e-15,1.025666604184594e-15,1.0256666041037733e-15,-2.915649566630126e-29,6.089792884875712e-16,1.4743933846187868e-15,1.0256666041037538e-15,3.0128948888229452e-15,1.0256666041037538e-15,-5.448951512590703e-16,4.0513830862099424e-13,0.0033826044380795097,0.03044350169000008,3.1118724768508776e-12,1.025666604103783e-15,0.023678259561183076,9.29506027712051e-16,0.0033826029454145927,2.7723768308925254e-12,0.03890008081453232,0.0016913014273164208,0.037208763139497884,1.025666604103783e-15,1.894406217779687e-12,1.025666604103783e-15,-1.025666604103783e-15,0.0,0.02367825965787369,1.2174662590711905e-12,2.051333208207566e-15,0.05073935716594935,0.016913032547093775,8.102766172419886e-13,6.769399587084967e-13,0.016913032715185145,0.032134816568481696,1.025666604103783e-15,0.0,1.025666604103783e-15,0.010147815095201917,0.0016913023041157226,1.025666604103783e-15,0.04397404654018209,0.0,-1.025666604103783e-15,1.025666604103783e-15,1.025666604103783e-15,2.051333208207566e-15,1.025666604103783e-15,0.0,-3.0769998123113488e-15,1.025666604103783e-15,1.025666604103783e-15,2.051333208207566e-15,2.9764844851091782e-12,1.025666604103783e-15,-1.025666604103783e-15,0.0,1.7590182260379878e-12,0.0,2.051333208207566e-15,3.0769998123113488e-15
0.0,0.0,0.0,0.0,0.0,0.0,0.0,0.0,0.0,0.0,0.0,0.054122022697479615,2.1133079593983194e-17,0.0,1.0256665608030245e-15,-8.657830908838302e-23,2.164177674465426e-12,1.0826095968204598e-12,0.027060880968677047,2.1646746719245184e-12,-1.025666604155408e-15,5.260415001870082e-16,-5.128307994903494e-16,-2.5641640139627476e-15,-2.1819806683171275e-23,-4.330966181349668e-23,1.0256665391884006e-15,1.0256664742059573e-15,-4.94374770128634e-16,1.0256666041964613e-15,-5.07519353380113e-16,0.02706088000376683,3.2457351394800364e-12,3.7859987681675216e-12,0.013530424595526896,-7.47803092973907e-16,0.013530423212919083,1.7995376906044462e-15,-1.0899659425629424e-23,1.0818264986393303e-12,7.692515111564722e-16,5.41307110068497e-13,2.05133318670734e-15,-2.0544542081056672e-26,-2.564150869544258e-16,1.6239081224421562e-12,-1.0256667557084722e-15,-7.623157368485765e-16,-1.2639296459249166e-15,-5.419054220162878e-23,-1.0256666798990749e-15,-1.0256666041759346e-15,-1.0256666041144145e-15,0.0,-7.692477630908352e-16,-1.0826389037936101e-22,1.0256665391806737e-15,3.2454688634542664e-12,-7.692477649082338e-16,-1.025666636710764e-15,1.28536158199238e-15,0.04059140134566438,0.04059140171674748,-2.4490958350916283e-16,2.705470230952925e-12,-4.876119060199423e-23,-1.1915797675218347e-22,0.006765210222270663,-7.584829550127611e-23,3.5174055769943275e-12,-3.691088935246309e-16,1.4986157004619567e-16,4.050411013720475e-16,-3.7931666197479315e-16,0.02029564628655229,1.2997857384339036e-16,5.414265783576106e-13,1.6825955069424037e-15,-1.1538740483352004e-15,1.0256664633733911e-15,0.020295646315744813,-1.6328972150442596e-23,2.0513332028405485e-15,-1.0256666041554291e-15,1.353259313644522e-12,2.7065419108186856e-13,8.109332387882265e-13,0.006765210277997181,-1.0256666041554274e-15,8.974590996770186e-16,-1.0256666041349006e-15,-1.4102894297005815e-15,6.410437714878627e-16,-6.155908069139727e-26,-6.308466166600099e-16,0.04735669717738898,-7.037585325067095e-23,-8.117292122165139e-23,-1.6667056898348184e-15,-1.0256666041759346e-15,-1.025666604114395e-15,-8.974569072659057e-16,1.8935304422257238e-12,1.624276674360162e-12,9.002946586798447e-16,-8.974569106394624e-16,3.78689105471305e-12,2.7060976553362595e-12,1.0256666041554274e-15,-1.666705685298886e-15,-1.6236506654842388e-22,-3.796412423305929e-23,-1.0812021624871394e-23,-1.0827447382906036e-16,2.4348242469901716e-12,2.9750900632991413e-12,3.891905390695818e-16,-1.025666658297636e-15,0.03382613063122257,-9.741085581792478e-23,1.0256665445766436e-15,-1.14750156001438e-15,1.6080018178102767e-15,-6.763042706662401e-23,-1.1370069045084774e-22,-8.308006796451453e-16,-2.2397945799982586e-15,0.016913033427495533,-9.400815742356423e-16,6.76633147663535e-13,0.00338260485168681,1.0256666041759346e-15,1.3535645335463137e-12,-2.052510467036668e-26,-1.0256666041964793e-15,5.769398243816475e-16,9.615628257732656e-16,8.333552703334048e-16,-2.8480176386959298e-24,-2.052510467036668e-26,-1.0256666041554274e-15,2.1395623323137628e-16,-4.487267806170922e-16,-2.0505667259676688e-26,-1.987228284980807e-15,1.0256666041554485e-15,-4.3494043662041144e-17,-1.6187261013621246e-23,4.058627736239436e-12,1.893962932710168e-12,-1.244922032043685e-22,-4.103237397553697e-26,2.4353862629761778e-12,4.05980803827678e-13,1.0907098342466017e-15,-1.1091048741846574e-22,1.2182083777940721e-12,1.0581900350989548e-15,0.0,0.0,0.047356697562454995,1.0256666041759541e-15,0.0,1.0256666041759541e-15,-2.0513332083519082e-15,0.030443503467311634,1.0256666041759541e-15,2.7180165010662785e-13,0.0,1.0256666041759541e-15,0.0,2.9775101519227947e-12,-1.0256666041759541e-15,3.3805971273639448e-12,1.4872165760551335e-12,0.0,3.5170107857193465e-12,4.193950744475476e-12,-2.0513332083519082e-15,8.102766172990038e-13,1.0256666041759541e-15,0.0,0.0,2.571346176669117e-12,3.1128981436740207e-12,4.058562752724251e-12,1.0256666041759541e-15,-1.0256666041759541e-15,0.0,0.0,1.2164405925526815e-12,0.03382613080944548,-2.0513332083519082e-15,0.0,2.299544526562489e-12,0.0,3.6544501106789244e-12,1.0256666041759541e-15,0.0
0.0,0.0,0.0,0.0,0.0,0.0,0.0,0.0,0.0,0.0,0.0,0.0,0.05412202269584213,1.025666604206986e-15,2.1672335346893613e-12,0.0,2.1641565348767404e-12,3.2482861355235245e-12,0.0,-1.025666604206986e-15,0.0,0.02706087921388687,0.0,1.025666604206986e-15,1.083103934042577e-12,0.0,3.2472604689193173e-12,1.025666604206986e-15,0.027060877542499546,-1.025666604206986e-15,1.025666604206986e-15,2.051333208413972e-15,1.0820782674383702e-12,5.405263004170816e-13,2.051333208413972e-15,0.040591400562756,1.025666604206986e-15,0.0,5.425776336254955e-13,-1.025666604206986e-15,2.051333208413972e-15,3.787786769336399e-12,1.025666604206986e-15,0.0,1.025666604206986e-15,2.7077598351064427e-12,0.0,0.013530423095234223,0.04059140178460288,2.706734168502236e-12,3.788812435940606e-12,-2.051333208413972e-15,0.0,1.025666604206986e-15,1.025666604206986e-15,2.051333208413972e-15,0.0,1.025666604206986e-15,1.025666604206986e-15,1.6246559010638657e-12,0.0,1.025666604206986e-15,1.025666604206986e-15,0.013530420564302387,1.6236302344596586e-12,2.4369838515957984e-12,1.025666604206986e-15,-1.025666604206986e-15,0.0,8.113022839277259e-13,0.0202956426932962,0.04735669676166367,0.0338261291987046,0.0,1.025666604206986e-15,3.0769998126209578e-15,-1.025666604206986e-15,0.03382613017701515,1.025666604206986e-15,2.051333208413972e-15,1.025666604206986e-15,8.123279505319328e-13,2.718016501148513e-13,0.0,2.97751015201288e-12,4.059588419451251e-12,3.519062119034169e-12,2.051333208413972e-15,-1.025666604206986e-15,1.025666604206986e-15,0.0,1.025666604206986e-15,1.025666604206986e-15,-1.025666604206986e-15,0.020295644962179452,2.051333208413972e-15,3.519062119034169e-12,4.058562752847043e-12,1.025666604206986e-15,1.025666604206986e-15,0.0,-1.025666604206986e-15,2.4369838515957984e-12,-1.025666604206986e-15,1.025666604206986e-15,-1.025666604206986e-15,1.025666604206986e-15,1.025666604206986e-15,1.025666604206986e-15,1.025666604206986e-15,0.0,1.894406217970303e-12,1.025666604206986e-15,0.04735669770538568,1.896457551178717e-12,1.3559312507616354e-12,1.025666604206986e-15,0.0,1.025666604206986e-15,1.025666604206986e-15,2.97751015201288e-12,0.006765208248812792,0.0,3.3846997938830537e-12,-1.025666604206986e-15,1.025666604206986e-15,-1.025666604206986e-15,0.0,0.05073935585286701,3.653424444185284e-12,3.0769998126209578e-15,-1.025666604206986e-15,1.025666604206986e-15,0.0,-1.025666604206986e-15,0.0,-1.025666604206986e-15,0.0,1.3641365835952913e-13,-2.051333208413972e-15,0.0,0.04397404509013153,1.025666604206986e-15,-2.051333208413972e-15,2.051333208413972e-15,0.0,0.05073935636225408,0.0,2.051333208413972e-15,0.0,0.0,0.0,1.025666604206986e-15,3.9231747610917214e-12,0.0,1.025666604206986e-15,0.0,0.0,1.025666604206986e-15,2.051333208413972e-15,0.0,0.043974046920076656,2.030819876329832e-12,4.1949764112065726e-12,0.0,0.0,2.041076542371902e-13,1.025666604206986e-15,2.051333208413972e-15,0.0,0.0,2.051333208413972e-15,-1.025666604206986e-15,9.46690275683048e-13,2.8410964936533514e-12,0.0,4.102666416827944e-15,0.0,0.006765212545729183,1.025666604206986e-15,1.759018226214981e-12,-1.025666604206986e-15,-1.025666604206986e-15,1.761069559423395e-12,1.2174662591936924e-12,2.718016501148513e-13,-1.025666604206986e-15,2.3015958598404764e-12,-1.025666604206986e-15,6.789912919850247e-13,3.1108468105597885e-12,2.051333208413972e-15,2.051333208413972e-15,0.0033826068384171567,2.030819876329832e-12,1.025666604206986e-15,6.759142921724038e-13,0.010147817627036879,1.025666604206986e-15
0.0,0.0,0.0,0.0,0.0,0.0,0.0,0.0,0.0,0.0,0.0,0.0,0.0,0.05412202269495339,-4.107124880710733e-26,2.164156534912278e-12,-1.0256666042648416e-15,-1.0256666042853867e-15,-1.0256666042238285e-15,1.9437410699056943e-29,0.027060879281045724,-1.5384974022632894e-15,0.0,1.025666604223809e-15,-2.0525905698204132e-26,3.2452091357641934e-12,-6.153884227321429e-26,1.082078267456139e-12,-5.128307663649949e-16,0.0270608792119999,-1.9437410699056943e-29,1.0256666042237896e-15,-2.0506468287505078e-26,-1.025666604234072e-15,1.0256666042237896e-15,-7.692477461506548e-16,-1.9437410699056943e-29,-1.0256666042238285e-15,-1.0282390259801125e-26,-1.025666604223809e-15,-3.8874821398113885e-29,-1.0256666042956109e-15,3.788812436002822e-12,0.013530423133459406,-1.0256666042238478e-15,-1.0256666042751433e-15,5.405263004259576e-13,-1.2820816903301113e-15,-1.794914373529707e-15,-5.129532683481128e-26,-2.0513332085194587e-15,0.040591401484631175,0.04059140139527202,0.013530422876109399,-1.9437410699056943e-29,1.6226045678820967e-12,2.7036571687340117e-12,-1.9437410699056943e-29,1.025666604223809e-15,-3.0788858547306204e-26,0.0,-1.9437410699056943e-29,-1.9437410699056943e-29,-1.282081642366415e-15,-3.0769421136607145e-26,1.0256666041776452e-15,1.3518285843670059e-12,-1.025666604223809e-15,2.434932518427369e-12,-1.5374991862954043e-26,-3.8462278172342735e-16,-1.92312349765447e-15,-6.41039069516099e-16,0.0,-1.9437410699056943e-29,-5.831223209717084e-29,1.9437410699056943e-29,-6.41039088056065e-16,2.0513332084476377e-15,8.113022839410483e-13,-1.0256666042238478e-15,-1.5394429273653102e-26,1.0256666042186776e-15,0.02029564464519302,-1.0256666042802551e-15,-7.69332715468674e-26,-1.0256666042905182e-15,-3.8874821398113885e-29,0.006765209521965889,1.025666604223809e-15,0.020295645087473793,1.025666604223809e-15,2.0513332084476377e-15,0.03382613006483652,-1.4102894289448686e-15,-3.8874821398113885e-29,-6.668975610846437e-26,-7.691383413616832e-26,-1.9437410699056943e-29,0.04735669687236304,0.03382612998149598,1.9437410699056943e-29,1.0256666041776452e-15,1.0256666042238478e-15,1.025666604223809e-15,1.9437410699056943e-29,1.025666604223809e-15,1.025666604223809e-15,0.006765208462365105,-1.9437410699056943e-29,2.6975031691086687e-13,1.0256666041879276e-15,4.0585627529136896e-12,-8.974569113151198e-16,-3.593977238255629e-26,1.0256666041981323e-15,-1.9437410699056943e-29,2.9754588188533263e-12,1.025666604223809e-15,1.8933805513971873e-12,-1.0256666042802551e-15,-1.2820748053749144e-16,0.0,-1.0256666042879722e-15,1.488242242728775e-12,-1.0256666042238478e-15,-2.0513332084476377e-15,0.0,-9.615616753753105e-16,-1.0256666042930646e-15,-5.831223209717084e-29,0.023678259975933917,-1.0256666042238478e-15,0.016913033005018004,0.0033826044759542977,2.051333208447657e-15,1.9437410699056943e-29,1.0256666042238285e-15,-1.0256666042264136e-15,0.037208762756037024,0.010147815544961844,-1.8590188563200106e-15,2.0513332084476377e-15,0.023678260238853294,-1.0256666042238673e-15,0.016913032470287748,1.0897715234189507e-15,3.924200427760368e-12,-3.8874821398113885e-29,-1.0256666042238285e-15,1.2174662592136845e-12,0.043974045633561526,-1.9437410699056943e-29,-7.434809592389282e-26,-1.0256666042238285e-15,1.5559362386075478e-12,-1.0256666042238285e-15,-1.0256666042238285e-15,2.051333208447657e-15,1.0256666042238285e-15,0.0,-1.0256666042238285e-15,0.0,-1.0256666042238285e-15,-1.0256666042238285e-15,-1.0256666042238285e-15,1.0256666042238285e-15,2.051333208447657e-15,1.0256666042238285e-15,3.5180364524877318e-12,3.652398777641054e-12,0.0,1.0256666042238285e-15,0.0,-1.0256666042238285e-15,0.03044350230807907,1.0256666042238285e-15,1.0256666042238285e-15,-1.0256666042238285e-15,1.0256666042238285e-15,1.0256666042238285e-15,0.0372087610866436,0.00338260397499001,1.0256666042238285e-15,0.0,1.0256666042238285e-15,1.0256666042238285e-15,0.0,0.00845651239282395,1.0256666042238285e-15,1.0256666042238285e-15,0.0,0.0,0.0,-1.0256666042238285e-15,2.5692948435806905e-12,1.0256666042238285e-15,0.0,1.0256666042238285e-15
0.0,0.0,0.0,0.0,0.0,0.0,0.0,0.0,0.0,0.0,0.0,0.0,0.0,0.0,0.054122022693637466,1.64230025189651e-36,-8.666033498510354e-23,1.0256664741761218e-15,-7.783413516097203e-40,-1.0256666042076955e-15,2.0535524183607105e-26,2.1636489927678676e-12,0.0,2.1651822015691054e-12,0.027060879814943654,-1.0256666042487668e-15,0.027060879199350865,-2.0513332085386048e-15,-1.5331418731325025e-15,6.160677293931667e-26,-1.025666604289838e-15,1.0256666041666242e-15,1.0256665609185993e-15,-2.1644548121871834e-23,1.0256666041666242e-15,-1.7902531300565827e-15,-4.107124880810594e-26,-2.0513332084975335e-15,0.013530423392956901,4.107124880810516e-26,3.2472604690515135e-12,-1.0256667559248885e-15,-4.107124880523075e-26,2.051333208507801e-15,1.0256666042076955e-15,-1.0256667126768638e-15,-1.0256666042487668e-15,3.2459816925349466e-12,1.0792622988211559e-12,0.04059139957712335,0.013530423084406643,1.1294584654574957e-25,3.080334886172627e-26,1.0256666042179633e-15,-4.107124880810594e-26,-1.0256666043309095e-15,-1.0256666042487668e-15,-4.107124880810594e-26,1.0831039340866567e-12,0.04059140170507898,0.0,-4.107124880810594e-26,1.0256666042076955e-15,-2.5300856510972573e-16,1.0256665392329799e-15,0.04735669752717078,-1.025666604289838e-15,4.107124880810516e-26,-1.0256666042487668e-15,1.025666571761409e-15,-1.4056538405878814e-15,-1.920197817580957e-15,-6.356363120792385e-16,-1.0256666042487668e-15,-4.107124880810594e-26,-1.0256666043719805e-15,-2.0513332084564623e-15,1.620943225830273e-12,3.788812436094903e-12,-1.0256666043309095e-15,-1.025666604289838e-15,0.02029564540984914,0.0067652094969656495,1.5401631894688067e-26,2.0513330892676984e-15,1.025666441688764e-15,-1.409154546606115e-22,2.051333208415391e-15,4.6205122039003076e-26,-1.025666604289838e-15,1.5401632230318974e-26,-4.107124880810516e-26,2.7067341686124545e-12,1.0256666043155075e-15,2.704302757313703e-12,-8.214249761621188e-26,0.02029564277046024,0.006765209281436172,-4.107124880810594e-26,-5.133961487241709e-27,2.566942866336917e-26,-1.0256666042076955e-15,-9.75852871680597e-23,-1.0256666042076955e-15,-1.025666604289838e-15,5.395006338348924e-13,1.0256666042076955e-15,-4.107124880810516e-26,1.0256666042128294e-15,1.6236302345257567e-12,2.0470377547335646e-37,0.04735669731366392,-1.025666604289838e-15,5.386060648316164e-13,-7.594073904618788e-23,1.0256665499525758e-15,-2.0513332085386048e-15,2.2579682610197988e-36,1.0256666042076955e-15,-4.1071248806669123e-26,0.033826128712944215,-1.264228606317717e-16,-2.0513332084975335e-15,0.02367825885571553,-1.0256666042076955e-15,1.0256666042076955e-15,-1.0256666042076955e-15,1.0256666042487668e-15,-1.985610309122879e-15,-1.025666750544555e-15,3.0769998126230865e-15,1.0256666043078067e-15,-1.025666604289838e-15,1.0256666042616015e-15,4.3638185207256563e-26,1.5566827032194406e-39,4.107124880810594e-26,1.0256666042487668e-15,0.0033826045951564367,1.1037888415350737e-25,7.700810804041808e-27,-1.8550824354120825e-15,2.43595818509078e-12,-1.0256666041486558e-15,2.697503169173435e-13,1.2834689653081542e-26,2.6776468621067745e-13,-2.0513332084975335e-15,-8.214249761621188e-26,-1.0256666042487668e-15,-1.0256666042487668e-15,3.3370315435077356e-26,-4.107124880810594e-26,-1.5709752669100521e-22,-1.0256666042487668e-15,-4.10712488069252e-26,-1.0256666042487668e-15,-7.783413516097203e-40,-1.0256666042487668e-15,0.0,-1.0256666042487668e-15,8.102766173565256e-13,0.050739356457576615,0.0033826043844557975,0.0,0.0,0.005073906949462224,-2.0513332084975335e-15,2.0513332084975335e-15,-3.0769998127463e-15,-1.0256666042487668e-15,0.0,-2.0513332084975335e-15,-1.0256666042487668e-15,2.0513332084975335e-15,-1.0256666042487668e-15,1.0256666042487668e-15,-1.0256666042487668e-15,3.789838102699193e-12,0.0,0.04397404626113762,1.0256666042487668e-15,0.0,1.0256666042487668e-15,-1.0256666042487668e-15,1.0256666042487668e-15,-1.0256666042487668e-15,0.05073935644834356,0.0,0.016913033379704207,-1.0256666042487668e-15,-1.0256666042487668e-15,1.8933805514432234e-12,4.059588419616618e-12,-1.0256666042487668e-15,0.0,0.0,3.5190621191775182e-12,1.3518285843998744e-12
0.0,0.0,0.0,0.0,0.0,0.0,0.0,0.0,0.0,0.0,0.0,0.0,0.0,0.0,0.0,0.05412202269115227,-1.0256666042548506e-15,4.1012936581699046e-26,-1.0256666042548506e-15,1.0256666042958635e-15,5.280889653173968e-18,6.151930473947286e-26,1.0256666042958635e-15,1.0256666042548506e-15,1.0256666042958635e-15,0.027060879347399164,1.0256666042958635e-15,0.027060879275156338,2.0506366893680602e-26,2.1651874853191296e-12,2.164156535064272e-12,1.0256666042548506e-15,-1.0256666042958635e-15,4.1012936579647154e-26,-4.101293657923599e-26,-1.0256666042651039e-15,1.0256666042958635e-15,1.0810526009278812e-12,1.0256666042958635e-15,1.0256666043368766e-15,-1.0256666042958635e-15,1.0256666043368766e-15,0.013530422739299313,5.161338085811014e-16,4.1012936579238314e-26,1.0256666043368766e-15,0.013530422817935121,5.126610814700535e-26,7.177255168841495e-26,8.194049081045577e-37,-1.0256666042138376e-15,1.543119823449328e-15,1.0836213909287555e-12,3.2467509466955453e-12,2.051333208591727e-15,0.04059140315856163,0.040591400157993465,1.0256666042958635e-15,-4.1012936579236764e-26,1.0256666042958635e-15,3.246234802596408e-12,1.0256666042958635e-15,7.772362763398759e-40,5.126610622909944e-26,-1.0256666042958635e-15,1.0256666042548506e-15,0.03382612969542755,4.1012936579236764e-26,0.04735669590278065,6.1479389460942915e-37,1.0256666043112434e-15,1.0256666043727629e-15,-1.0256666042702305e-15,1.623630234600352e-12,7.772362763709991e-40,3.787786769664624e-12,1.0256666042958635e-15,1.0256666043214966e-15,1.0256666042138376e-15,0.02029564397525092,1.0256666043368766e-15,-2.8803164407226642e-40,-4.1012936579236873e-26,2.7064823051783083e-12,1.0256666043368766e-15,3.076301181876384e-36,4.1012936581904247e-26,2.051333208591727e-15,2.581486674758204e-16,-1.0256666043368766e-15,7.737853605083257e-16,-4.1012936579236764e-26,-8.202587315847431e-26,2.6177963638351575e-16,1.0256666043522562e-15,1.0256666042958635e-15,2.0508385817896644e-36,2.8702377357620003e-36,7.772362763709991e-40,5.423241354734394e-13,1.6238920175692419e-12,-7.772362763398759e-40,1.0256666042548506e-15,1.0256666042548506e-15,5.415519670681749e-13,1.0256666042958635e-15,1.0256666042548506e-15,-4.1012936579236764e-26,3.788044960701949e-12,1.0256666042958635e-15,0.006765209300221125,-4.1012936579238997e-26,0.006765209308023371,3.5886264829904766e-26,1.0256666042958635e-15,-4.1012936578210043e-26,2.705708502132488e-12,0.03382612970422367,-1.0256666043368766e-15,0.047356698468410785,1.0256666043368766e-15,5.126583284094617e-27,1.8933805515301642e-12,1.0256666043368766e-15,0.037208763550923375,3.517010786130557e-12,8.113022839981101e-13,-3.112323669298039e-50,3.8449597409907376e-26,4.101293658200607e-26,1.0256666042958635e-15,2.4368606399333817e-12,1.0256666043368766e-15,6.450037876931725e-16,1.1547523353648086e-15,-8.20258731584751e-26,-1.0256666042958635e-15,1.0256666042548506e-15,1.0256666043368766e-15,1.4154037395348703e-15,3.8717253758420516e-16,-1.0256666042215276e-15,1.0256666042138376e-15,9.024442174497957e-16,4.10129365792391e-26,2.9771295108363423e-12,1.0256666042522872e-15,0.01014781713775528,2.051333208591727e-15,1.0256666043368766e-15,0.03044350200517471,8.1297290316449e-13,7.772362763709991e-40,-1.0256666042958635e-15,4.058562753198773e-12,0.03890008261862415,1.0256666043368766e-15,4.191899411757235e-12,1.352854251066244e-12,1.0256666042958635e-15,1.0256666042958635e-15,0.0,0.0,1.0256666042958635e-15,2.43493251859838e-12,0.0,-1.0256666042958635e-15,1.0256666042958635e-15,2.978535818875188e-12,0.020295644963426333,0.016913032914486637,1.0256666042958635e-15,1.7600438929717019e-12,1.0256666042958635e-15,-1.0256666042958635e-15,0.0,-1.0256666042958635e-15,2.051333208591727e-15,1.0256666042958635e-15,0.0,2.051333208591727e-15,1.352854251066244e-12,4.060614086407324e-12,1.0256666042958635e-15,0.0,0.0,0.0,-1.0256666042958635e-15,1.0256666042958635e-15,2.051333208591727e-15,3.0769998128875908e-15,1.0256666042958635e-15,0.0,1.0256666042958635e-15,0.0,0.04397404369035216,1.0256666042958635e-15,0.0,-1.0256666042958635e-15
0.0,0.0,0.0,0.0,0.0,0.0,0.0,0.0,0.0,0.0,0.0,0.0,0.0,0.0,0.0,0.0,0.054122022687652184,0.02706087925361656,2.1672335350173154e-12,0.0,-2.0513332087243874e-15,1.0256666043621937e-15,0.0,0.0,0.0,-1.0256666043621937e-15,1.0256666043621937e-15,1.0256666043621937e-15,2.1672335350173154e-12,-1.0256666043621937e-15,0.0,0.0,0.027060881256521896,0.013530424111394167,3.2472604694107054e-12,1.0831039342064765e-12,1.0256666043621937e-15,2.0513332087243874e-15,0.0,0.0,-1.0256666043621937e-15,0.013530423113180555,0.0,0.0,1.0256666043621937e-15,0.04059140153641284,1.0256666043621937e-15,1.0256666043621937e-15,2.0513332087243874e-15,0.0,0.0,0.0,0.0,-2.0513332087243874e-15,0.0,1.0256666043621937e-15,0.0,2.0513332087243874e-15,1.0256666043621937e-15,-1.0256666043621937e-15,0.0,3.076999813086581e-15,1.0841296008108387e-12,3.2493118026194296e-12,0.0405914024163035,0.0,0.0,3.788812436513944e-12,0.0,0.02029564651855607,2.705708502307467e-12,5.425776337076005e-13,1.6236302347053527e-12,1.0256666043621937e-15,0.0,0.0,0.0,1.0256666043621937e-15,0.0,-1.0256666043621937e-15,2.7067341689118292e-12,1.0256666043621937e-15,1.0256666043621937e-15,1.0256666043621937e-15,0.033826130070161824,0.006765210334058764,0.02029564575681502,2.0513332087243874e-15,-2.0513332087243874e-15,2.0513332087243874e-15,0.0,0.0,0.0,0.0,2.0513332087243874e-15,2.0513332087243874e-15,1.0256666043621937e-15,0.0,0.0,0.0,0.0,-2.0513332087243874e-15,0.047356697934607665,-1.0256666043621937e-15,0.0,1.0256666043621937e-15,0.0,0.0,0.0,1.0256666043621937e-15,-2.0513332087243874e-15,-1.0256666043621937e-15,0.0,1.0256666043621937e-15,0.047356697828379375,0.03382613126342953,1.0256666043621937e-15,-1.0256666043621937e-15,1.6267072345184393e-12,1.0256666043621937e-15,1.0256666043621937e-15,3.789838103118305e-12,0.0,1.0256666043621937e-15,0.0,1.0256666043621937e-15,1.0256666043621937e-15,1.0256666043621937e-15,2.718016501559813e-13,0.01691303317568228,1.0256666043621937e-15,0.0,0.0,0.0,-1.0256666043621937e-15,1.0256666043621937e-15,-1.0256666043621937e-15,2.0513332087243874e-15,0.0,-1.0256666043621937e-15,0.0,8.133536172592196e-13,1.0256666043621937e-15,-1.0256666043621937e-15,1.0256666043621937e-15,-1.0256666043621937e-15,1.0256666043621937e-15,0.0,-1.0256666043621937e-15,1.0256666043621937e-15,0.0,-1.0256666043621937e-15,-1.0256666043621937e-15,0.010147816130475636,0.0,0.0,2.0513332087243874e-15,0.0,0.0,1.0256666043621937e-15,5.415519671032383e-13,2.0513332087243874e-15,1.0256666043621937e-15,1.0256666043621937e-15,-1.0256666043621937e-15,1.8954318848613342e-12,-1.0256666043621937e-15,1.0256666043621937e-15,1.0256666043621937e-15,0.0,-1.0256666043621937e-15,0.0,0.0,0.023678261864498274,0.03720876334753583,1.0256666043621937e-15,0.0,1.0256666043621937e-15,0.0,1.0256666043621937e-15,2.0513332087243874e-15,1.0256666043621937e-15,-1.0256666043621937e-15,0.04397404658453988,0.03044350383805993,0.006765209722366586,0.0,-1.0256666043621937e-15,-1.0256666043621937e-15,1.0256666043621937e-15,0.030443502679627966,1.0256666043621937e-15,1.0256666043621937e-15,-2.0513332087243874e-15,0.0507393562778037,0.0,0.016913033989029744,0.0,0.0
0.0,0.0,0.0,0.0,0.0,0.0,0.0,0.0,0.0,0.0,0.0,0.0,0.0,0.0,0.0,0.0,0.0,0.03827023622163431,7.327325022237335e-16,-2.901009071894736e-15,1.4504974557445757e-15,-7.2524872787228785e-16,-1.450504535947368e-15,0.0,-1.450504535947368e-15,-2.1757603440224483e-15,-2.175753263819656e-15,-3.6262577997670244e-15,3.0612973033511703e-12,2.175753263819656e-15,-1.450504535947368e-15,2.901009071894736e-15,3.060858455896834e-12,1.5289033350877733e-12,1.4617124969675968e-15,1.5302860237715476e-12,7.252558080750802e-16,-1.4504974557445757e-15,1.450504535947368e-15,-2.901009071894736e-15,7.2524872787228785e-16,0.019135094750670312,-2.901009071894736e-15,1.450504535947368e-15,-2.175753263819656e-15,0.01913509457953313,-3.6262577997670244e-15,-2.175753263819656e-15,-1.4504974557445757e-15,-1.450504535947368e-15,0.0,0.0,1.450504535947368e-15,1.4504974557445757e-15,1.450504535947368e-15,-3.6262577997670244e-15,-2.901009071894736e-15,-2.9010019916919438e-15,7.252558080750802e-16,-7.252558080750802e-16,-1.450504535947368e-15,-7.252416476694954e-16,-7.215103807978651e-16,4.5908580713146436e-12,4.5896586353809096e-12,0.0,-1.450504535947368e-15,1.3077134557272445e-17,-2.901009071894736e-15,2.29608355558704e-12,3.82644030461664e-12,7.636925108899279e-13,2.2968795366531673e-12,-7.2524872787228785e-16,2.901009071894736e-15,-1.450504535947368e-15,-1.450504535947368e-15,-7.2524872787228785e-16,1.450504535947368e-15,-7.252558080750802e-16,2.1850991315055396e-15,2.1757603440224483e-15,7.252558080750802e-16,-3.6262577997670244e-15,0.02870265663784417,0.009567545646399516,0.028702657805608673,1.4505116161501605e-15,2.9010019916919438e-15,7.080202792348347e-21,1.450504535947368e-15,1.450504535947368e-15,0.0,-1.450504535947368e-15,-2.9010019916919438e-15,7.080202792348347e-21,-2.175753263819656e-15,0.0,0.0,1.450504535947368e-15,0.0,1.4504974557445757e-15,0.00956754397845112,7.2524872787228785e-16,0.0,7.252558080750802e-16,1.450504535947368e-15,1.450504535947368e-15,-1.450504535947368e-15,-2.175753263819656e-15,-1.4505116161501605e-15,-7.252558080750802e-16,-1.450504535947368e-15,-7.2524872787228785e-16,5.357879489242016e-12,3.8253932300002595e-12,-2.175753263819656e-15,-7.252558080750802e-16,5.614600814308533e-18,-2.175753263819656e-15,-2.175753263819656e-15,5.3589020887322104e-12,-1.450504535947368e-15,7.252558080750802e-16,-2.901009071894736e-15,-3.6262577997670244e-15,-2.175753263819656e-15,-2.175753263819656e-15,3.822088833490015e-13,0.023918874497181743,-7.2524872787228785e-16,0.0,-1.450504535947368e-15,1.450504535947368e-15,7.2524872787228785e-16,7.252558080750802e-16,2.175753263819656e-15,-2.9010019916919438e-15,0.0,2.175753263819656e-15,0.0,1.1466266429668015e-12,-7.2524872787228785e-16,2.175753263819656e-15,-7.2524872787228785e-16,7.2524872787228785e-16,-7.2524872787228785e-16,1.450504535947368e-15,2.175753263819656e-15,-3.6262577997670244e-15,0.0,-7.252558080750802e-16,7.2524872787228785e-16,0.01435131935969449,-1.450504535947368e-15,-2.901009071894736e-15,-1.4504974557445757e-15,0.0,-1.450504535947368e-15,1.450504535947368e-15,1.450504535947368e-15,-2.901009071894736e-15,-1.450504535947368e-15,0.0,-4.351513607842104e-15,0.0,-1.450504535947368e-15,1.450504535947368e-15,1.450504535947368e-15,0.0,-2.901009071894736e-15,0.0,0.0,2.6790818778947886e-12,0.0239188732421049,0.0,1.450504535947368e-15,1.450504535947368e-15,-1.450504535947368e-15,-1.450504535947368e-15,-2.901009071894736e-15,1.450504535947368e-15,0.0,4.975230558299472e-12,3.4434977683390517e-12,7.673168995161577e-13,1.450504535947368e-15,0.0,-2.901009071894736e-15,2.901009071894736e-15,0.033486443387405376,0.0,0.0,0.0,5.741096953279682e-12,-1.450504535947368e-15,1.9103144738426838e-12,0.0,1.450504535947368e-15
0.0,0.0,0.0,0.0,0.0,0.0,0.0,0.0,0.0,0.0,0.0,0.0,0.0,0.0,0.0,0.0,0.0,0.0,0.038270236212553425,5.554352015015574e-29,1.1613869509783717e-25,-5.806934754891859e-26,2.777176007507787e-29,0.0,1.450504536291576e-15,2.901009072641222e-15,1.4505045362335067e-15,-5.801380402876844e-26,-1.2278848453502276e-22,1.4505045363495897e-15,2.777176007507787e-29,3.0605645715751668e-12,3.061297190653497e-12,4.5933898590522284e-12,0.01913509562976682,2.901009011217903e-15,1.5302822857875254e-12,-1.1613869509783717e-25,-2.777176007507787e-29,5.554352015015574e-29,1.4505045363496177e-15,7.26187877853865e-16,5.554352015015574e-29,2.901009072583069e-15,-5.804157578884351e-26,-1.4477046386313449e-15,-5.801380402876844e-26,-5.804157578884351e-26,1.4505045361754094e-15,1.450504536291576e-15,1.4505045362915483e-15,1.4505045362915483e-15,2.901009072583069e-15,1.450504536407687e-15,-2.777176007507787e-29,-5.801380402876844e-26,1.4505045362916037e-15,-1.161109233377621e-25,-5.809711930899367e-26,1.4505045363496455e-15,1.450504536291576e-15,4.593747866435159e-12,0.019135095539655676,4.3515134247790635e-15,1.529200897121547e-12,1.4505045362915483e-15,2.901009072583124e-15,0.00956754487966709,5.554352015015574e-29,3.8273438739979744e-12,1.4505043829947166e-15,1.4505045055508959e-15,1.4505044443018133e-15,-5.806934754891859e-26,2.2975991854858125e-12,1.450504536291576e-15,2.777176007507787e-29,-5.806934754891859e-26,1.4505045362915207e-15,5.809711930899367e-26,0.0287026567701366,-5.812489106906876e-26,-1.4505045363496455e-15,2.901009072525083e-15,-1.448519725951356e-15,1.0884154718173788e-15,-1.0871031442949127e-15,7.629653860892381e-13,1.161109233377621e-25,-1.1616646685791227e-25,-2.777176007507787e-29,-1.450504536291576e-15,-1.4505045362915483e-15,1.450504536291576e-15,2.9010090724669857e-15,5.359614261597155e-12,-5.804157578884351e-26,0.0,0.0,1.4505045362915207e-15,2.9010090725830966e-15,1.1613869509783717e-25,-1.4483016601759635e-15,-1.450504536233479e-15,1.4505045362915483e-15,-1.4505045363496455e-15,-2.777176007507787e-29,-2.777176007507787e-29,1.450504536291576e-15,1.4505045362335067e-15,-2.901009072466902e-15,2.9010090726411934e-15,1.450504536291576e-15,-5.806934754891859e-26,7.64601282354271e-13,2.295249642632812e-12,1.4505045362335067e-15,5.809711930899367e-26,0.028702657660157484,1.4505045362335067e-15,1.4505045362335067e-15,4.351513394154495e-15,1.450504536291576e-15,-5.809711930899367e-26,5.554352015015574e-29,1.4505045362335345e-15,1.4505045362335067e-15,1.913215483368494e-12,2.901009057183722e-15,5.448659837341524e-16,3.8438370211720224e-13,0.0,2.777176007507787e-29,1.4505045362915207e-15,1.4505045363496177e-15,1.450504536233451e-15,5.804157578884351e-26,1.4505045361754374e-15,-1.4505045362915483e-15,1.4505045363495897e-15,1.4505045362915483e-15,2.9010090265011388e-15,-5.806934754891859e-26,2.9010090726411382e-15,-1.4505045363496177e-15,-1.450504536233479e-15,-5.806934754891859e-26,1.4505045362915207e-15,1.4505045363495897e-15,1.4505045362335345e-15,1.4505045362915483e-15,1.4505045363496455e-15,5.806934754891859e-26,2.3578398167798147e-15,2.777176007507787e-29,1.4505045362916037e-15,-1.1613869509783717e-25,-1.4505045362915483e-15,-1.4505045362915483e-15,0.0,0.009567545119277385,1.4505045362915483e-15,1.4505045362915483e-15,1.4505045362915483e-15,2.9010090725830966e-15,0.03348644438954001,0.0,1.4505045362915483e-15,1.4505045362915483e-15,1.4505045362915483e-15,1.4505045362915483e-15,-1.4505045362915483e-15,1.4505045362915483e-15,3.446398778228719e-12,1.4505045362915483e-15,2.9010090725830966e-15,-1.4505045362915483e-15,0.0,2.9010090725830966e-15,1.4505045362915483e-15,2.9010090725830966e-15,1.4505045362915483e-15,1.4505045362915483e-15,1.1473490882066146e-12,2.6761808694579066e-12,5.359614261597271e-12,0.0,0.0,0.0,0.0,-1.4505045362915483e-15,3.826430966737105e-12,1.4505045362915483e-15,2.9010090725830966e-15,3.7858168397209413e-13,1.4505045362915483e-15,4.209364164318074e-12,0.0,0.0
0.0,0.0,0.0,0.0,0.0,0.0,0.0,0.0,0.0,0.0,0.0,0.0,0.0,0.0,0.0,0.0,0.0,0.0,0.0,0.03827023617401425,1.099524512663563e-28,1.4505045377521913e-15,-1.0995298796888507e-28,-1.4505045377522461e-15,1.450504537752136e-15,-1.6492975030459623e-28,2.9010090755043274e-15,1.4505045377519712e-15,-2.901009075272436e-15,-2.9010090755043274e-15,3.0620150791949914e-12,3.063465583732744e-12,-1.450504537520223e-15,1.1589587336153242e-25,1.4505045377523292e-15,-1.4505045376362453e-15,4.596648880136868e-12,4.5922973665236115e-12,1.0995298796888507e-28,0.019135095203879446,1.4505045377523012e-15,1.450502766976712e-15,1.4505045377520262e-15,1.0995298796888085e-28,-1.649292136020632e-28,-1.7837482922720855e-21,1.4505045377519712e-15,-1.450504537752411e-15,-1.099524512663584e-28,-1.0995298796888717e-28,-2.105190246881906e-42,1.4505045377522461e-15,1.0995298796888085e-28,-1.450504537752136e-15,-1.450504537752136e-15,-1.4505045377525209e-15,-1.450504537752466e-15,0.019135094774662097,-1.4505045377521913e-15,-5.497676233570904e-29,1.5331832964041241e-12,1.531732791866372e-12,2.90100907550441e-15,-1.450504537404244e-15,-1.450504537404335e-15,-1.4505045377522461e-15,-1.450504537752356e-15,-1.2894569910215186e-29,-1.450504537752466e-15,1.7405064328055936e-25,-1.4505045374621895e-15,1.4505045378101365e-15,-1.4505045375781353e-15,3.824980466052673e-12,3.82933197966593e-12,7.67316900470938e-13,0.009567541765197944,4.351513613256683e-15,1.0995298796888296e-28,-5.497676233570693e-29,-1.450504537752122e-15,-1.4505045377520813e-15,2.901009075504547e-15,-2.7488220157095255e-28,-7.252538249945871e-16,-7.252532853228665e-16,2.175755339030274e-15,5.362515276070054e-12,1.450504537752466e-15,-1.4505045377522461e-15,-1.450504537752136e-15,1.0995298796888717e-28,2.105190246881906e-42,1.450504537752136e-15,-1.450504537752466e-15,7.65866395933186e-13,-1.649292136020632e-28,0.0,0.0,1.0995298796888296e-28,-4.210380493763812e-42,-1.450504537752136e-15,-7.252534117588102e-16,0.02870265725929621,5.358163762456798e-12,1.4505045377523012e-15,0.009567544270290355,0.028702657654187363,1.450504537752136e-15,-1.450504537752411e-15,1.450504537752136e-15,-5.497676233571114e-29,1.450504537752136e-15,-5.497622563317815e-29,4.061447892230087e-25,-1.450504537462269e-15,2.2975991877995575e-12,-5.497676233570693e-29,1.450504537752205e-15,-1.649292136020653e-28,-1.649292136020653e-28,-1.4505045373460238e-15,3.4449482771615845e-12,1.4505045377523012e-15,-2.1990597593777013e-28,1.1473490893620264e-12,4.976681069027957e-12,4.213715682170275e-12,1.4505045377812188e-15,3.626243802488243e-16,5.7439979694988945e-12,0.0,0.023918874412961918,-1.450504537752136e-15,1.4505045377523012e-15,5.497676233570482e-29,1.450504537752411e-15,-2.1990543923524345e-28,1.4505045377522461e-15,1.450504537752411e-15,-2.105190246881906e-42,2.9010090755914105e-15,-2.901009075504547e-15,1.64929213602059e-28,-5.497622563317604e-29,-1.4505045377521913e-15,1.4505045377521913e-15,-1.450504537752136e-15,0.00478377187116568,0.03348644415397851,-2.105190246881906e-42,-5.497676233570904e-29,0.033486443396027514,-3.6262759163604804e-16,3.829331979665929e-13,-2.1990597593777224e-28,0.021526984352458933,1.9291710352104873e-13,4.209364168557019e-12,0.0,0.0,1.4505045377522461e-15,0.0,2.9010090755044923e-15,2.680532385766151e-12,1.4505045377522461e-15,1.4505045377522461e-15,0.004783770520689387,1.9132154852952127e-12,0.0,0.0,0.02391887424026195,3.6364148761448812e-12,-1.4505045377522461e-15,2.9010090755044923e-15,0.0,0.014351318132177781,0.002391886055902192,0.0,0.014351317698069332,-1.4505045377522461e-15,0.0,-1.4505045377522461e-15,-2.9010090755044923e-15,-2.9010090755044923e-15,-1.4505045377522461e-15,0.0,4.351513613256739e-15,0.0,1.4505045377522461e-15,1.4505045377522461e-15,2.2990496923373104e-12,-1.4505045377522461e-15,1.4505045377522461e-15,0.0,0.0,-1.4505045377522461e-15,0.0,0.0
0.0,0.0,0.0,0.0,0.0,0.0,0.0,0.0,0.0,0.0,0.0,0.0,0.0,0.0,0.0,0.0,0.0,0.0,0.0,0.0,0.038270236152083345,0.0,0.0,1.4505045385834634e-15,1.4505045385834634e-15,-1.4505045385834634e-15,0.0,0.0,-1.4505045385834634e-15,3.062015080949691e-12,0.0,0.0,0.0,0.0,1.4505045385834634e-15,0.0,0.0,0.0,0.0,0.0,0.0,-1.4505045385834634e-15,-1.4505045385834634e-15,0.01913509472517776,0.0,2.9010090771669267e-15,0.0,-1.4505045385834634e-15,-2.9010090771669267e-15,-1.4505045385834634e-15,-1.4505045385834634e-15,0.01913509464254977,4.592297369155245e-12,1.5302822882055539e-12,1.4505045385834634e-15,-1.4505045385834634e-15,0.0,0.0,1.4505045385834634e-15,-1.4505045385834634e-15,1.4505045385834634e-15,0.0,1.4505045385834634e-15,-1.4505045385834634e-15,0.0,-2.9010090771669267e-15,0.0,0.0,0.0,2.9010090771669267e-15,0.0,0.0,0.0,0.0,-1.4505045385834634e-15,1.4505045385834634e-15,-2.9010090771669267e-15,-1.4505045385834634e-15,1.4505045385834634e-15,0.0,2.9010090771669267e-15,0.0,-1.4505045385834634e-15,2.294698180039039e-12,0.0,1.4505045385834634e-15,1.4505045385834634e-15,-1.4505045385834634e-15,0.009567544470825319,0.0,0.028702656777747006,-1.4505045385834634e-15,0.0,0.028702656624888485,-1.4505045385834634e-15,2.9010090771669267e-15,-1.4505045385834634e-15,-4.35151361575039e-15,0.0,5.355262756450146e-12,3.824980468244593e-12,0.0,4.35151361575039e-15,0.0,-1.4505045385834634e-15,1.4505045385834634e-15,0.0,-2.9010090771669267e-15,7.644158918334852e-13,1.4505045385834634e-15,0.0,-4.35151361575039e-15,-1.4505045385834634e-15,0.0,1.4505045385834634e-15,1.4505045385834634e-15,0.0,1.4505045385834634e-15,-1.4505045385834634e-15,1.4505045385834634e-15,-1.4505045385834634e-15,1.4505045385834634e-15,0.0,-2.9010090771669267e-15,0.0,0.0,1.4505045385834634e-15,-2.9010090771669267e-15,1.4505045385834634e-15,0.0,0.0,2.679081882763657e-12,0.0,0.02391887418810424,0.004783771832322525,-1.4505045385834634e-15,-2.9010090771669267e-15,-1.4505045385834634e-15,0.0,0.023918874063262215,0.014351318491016365,1.4505045385834634e-15,1.4505045385834634e-15,0.033486443707545936,1.4505045385834634e-15,1.9103144773144214e-12,-2.9010090771669267e-15,-2.9010090771669267e-15,-1.4505045385834634e-15,0.0,0.0,4.975230567341279e-12,0.0,0.0,0.0,0.0,1.4505045385834634e-15,-1.4505045385834634e-15,-4.3515136157503895e-15,-1.4505045385834634e-15,2.9010090771669267e-15,0.0,-1.4505045385834634e-15,-1.4505045385834634e-15,0.0,0.0,-1.4505045385834634e-15,-1.4505045385834634e-15,0.0,-1.4505045385834634e-15,-1.4505045385834634e-15,-1.4505045385834634e-15,0.0,0.0,1.4505045385834634e-15,0.03348644388723879,-1.4505045385834634e-15,0.0,0.0,0.0,-1.4505045385834634e-15,4.207913666430627e-12,3.829331981860343e-13,2.9010090771669267e-15,2.9010090771669267e-15,0.0,0.0,1.4505045385834634e-15,0.011959431282022582,0.0,0.0,-1.4505045385834634e-15,1.4505045385834634e-15,-1.4505045385834634e-15,2.9010090771669267e-15,-1.4505045385834634e-15,0.0,-1.4505045385834634e-15,1.4505045385834634e-15
0.0,0.0,0.0,0.0,0.0,0.0,0.0,0.0,0.0,0.0,0.0,0.0,0.0,0.0,0.0,0.0,0.0,0.0,0.0,0.0,0.0,0.038270236145147754,-2.901009077692667e-15,0.0,0.0,0.0,3.0634655860434565e-12,0.0,3.0634655860434565e-12,-1.4505045388463335e-15,0.0,0.0,0.0,2.901009077692667e-15,1.4505045388463335e-15,4.592297369987492e-12,1.4505045388463335e-15,2.901009077692667e-15,0.0,0.0,-1.4505045388463335e-15,2.901009077692667e-15,1.4505045388463335e-15,-1.4505045388463335e-15,0.0,-2.901009077692667e-15,1.4505045388463335e-15,0.019135094715141354,0.01913509416800234,1.5331832975605745e-12,4.593747874526338e-12,1.4505045388463335e-15,0.0,0.0,-1.4505045388463335e-15,1.4505045388463335e-15,-1.4505045388463335e-15,-1.4505045388463335e-15,2.901009077692667e-15,0.0,1.4505045388463335e-15,1.4505045388463335e-15,1.4505045388463335e-15,1.5317327930217282e-12,-1.4505045388463335e-15,7.658663965108641e-13,1.4505045388463335e-15,0.0,0.0,1.4505045388463335e-15,2.297599189532592e-12,5.358163766498356e-12,3.826430973476627e-12,0.0,2.901009077692667e-15,0.0,2.901009077692667e-15,0.02870265639012015,0.0,-1.4505045388463335e-15,1.4505045388463335e-15,0.0,0.0,2.901009077692667e-15,0.0,2.901009077692667e-15,1.4505045388463335e-15,1.4505045388463335e-15,-1.4505045388463335e-15,0.0,1.4505045388463335e-15,0.0,1.4505045388463335e-15,2.901009077692667e-15,0.028702656666584867,0.0,3.826430973476627e-12,5.358163766498356e-12,0.0,4.351513616539e-15,1.4505045388463335e-15,-1.4505045388463335e-15,-2.901009077692667e-15,-1.4505045388463335e-15,0.0,0.0,1.4505045388463335e-15,0.0,1.4505045388463335e-15,0.0,1.4505045388463335e-15,2.901009077692667e-15,0.0,0.009567544278137937,0.0,-2.901009077692667e-15,2.901009077692667e-15,1.4505045388463335e-15,1.4505045388463335e-15,0.0,2.296148684993746e-12,7.644158919720177e-13,1.4505045388463335e-15,3.444948279760042e-12,-1.4505045388463335e-15,0.0,0.0,1.4505045388463335e-15,5.741096964753788e-12,0.0,0.0,-1.4505045388463335e-15,0.0,2.901009077692667e-15,-1.4505045388463335e-15,-1.4505045388463335e-15,-1.4505045388463335e-15,-2.901009077692667e-15,-1.4505045388463335e-15,0.0,-2.901009077692667e-15,4.9781315773206164e-12,-1.4505045388463335e-15,1.4505045388463335e-15,-1.4505045388463335e-15,1.4505045388463335e-15,0.004783771724726544,-1.4505045388463335e-15,-2.901009077692667e-15,1.4505045388463335e-15,0.0,2.901009077692667e-15,-1.4505045388463335e-15,1.4505045388463335e-15,1.4505045388463335e-15,0.0,1.4505045388463335e-15,1.4505045388463335e-15,2.901009077692667e-15,-1.4505045388463335e-15,0.0,0.014351317378567952,0.0,5.739646460214942e-12,2.901009077692667e-15,0.0,1.4505045388463335e-15,1.4505045388463335e-15,0.0,0.0,-2.901009077692667e-15,-2.901009077692667e-15,0.0,0.0,0.0,0.0,0.0,1.4505045388463335e-15,0.009567548769129169,1.4505045388463335e-15,1.4505045388463335e-15,1.4505045388463335e-15,-1.4505045388463335e-15,-1.4505045388463335e-15,0.0,1.4505045388463335e-15,-1.4505045388463335e-15,3.8293319825543206e-13,-1.4505045388463335e-15,0.0,0.0,-2.901009077692667e-15,0.0,0.004783775184384391,0.0,0.0,1.4505045388463335e-15,0.014351321468559951,1.4505045388463335e-15
0.0,0.0,0.0,0.0,0.0,0.0,0.0,0.0,0.0,0.0,0.0,0.0,0.0,0.0,0.0,0.0,0.0,0.0,0.0,0.0,0.0,0.0,0.03827023613898819,3.0605645774583592e-12,-1.4505045390797912e-15,0.0,1.450504539312012e-15,1.4505045390797912e-15,-1.4505045388475704e-15,1.4505045390796811e-15,1.4505045390797912e-15,0.0,0.0,-1.4505045390795713e-15,1.450504539079901e-15,-2.901009077811471e-15,-1.4505045390796811e-15,2.1990597701803887e-28,-1.4505045390797912e-15,0.0,1.5288317841900999e-12,-1.4505045390795713e-15,1.0995298850901944e-28,-1.450504539079901e-15,0.01913509471815296,-1.450504539080011e-15,1.450504539079901e-15,1.4505027685100061e-15,-1.8120447121263003e-21,-2.901009078043362e-15,3.4822111460806457e-25,1.450504539079901e-15,-1.4505045390797912e-15,0.0,0.019135094683359707,-1.4505045390796811e-15,-1.0995298850901944e-28,1.4505045390796811e-15,4.592297370726619e-12,0.0,1.0995298850901944e-28,1.0995298850901944e-28,1.0995298850901944e-28,-4.351513617123263e-15,-1.0995298850901944e-28,-1.4505045390217361e-15,1.0995298850901944e-28,0.0,0.0,1.450504539079901e-15,-2.901009077985417e-15,4.061663395523179e-25,-1.450504538789735e-15,0.0,-1.4505045390795713e-15,0.0,2.1990597701803887e-28,7.252506989915843e-16,7.644158920950499e-13,-1.0995298850901944e-28,-1.4505045390796811e-15,0.0,-1.4505045390797912e-15,1.450504539080011e-15,0.0,-1.4505045390795713e-15,-1.4505045390796811e-15,1.450504539079901e-15,-1.450504539079901e-15,0.009567544452602626,1.0995298850901944e-28,0.02870265663996067,2.2946981808242296e-12,2.1990597701803887e-28,3.626259798108096e-15,-1.4505045390797912e-15,1.450504539369847e-15,4.061663395523179e-25,0.028702656642794956,-1.4505045390794614e-15,1.450504539079901e-15,0.009567544612723822,1.4505045390795713e-15,-1.0995298850901944e-28,0.0,5.358163767360748e-12,1.0995298850901944e-28,0.0,1.0995298850901944e-28,3.827881478631569e-12,1.0995298850901944e-28,-1.4505045390795713e-15,0.0,7.252511508239287e-16,0.0,-2.1990597701803887e-28,2.1990597701803887e-28,1.0995298850901944e-28,1.0995298850901944e-28,-1.4505045390797912e-15,-1.4505045389057355e-15,-2.9010090781016373e-15,1.450504539079901e-15,-1.4505045388186528e-15,-1.0995298850901944e-28,1.4505045390797912e-15,0.0,-1.4505045390796811e-15,-2.9010090777243883e-15,-1.4505045390797912e-15,0.0,-1.450504539079901e-15,0.0,2.1990597701803887e-28,-1.450504539079901e-15,0.03348644394364528,0.004783774177996509,0.014351322427497837,-1.450504539079901e-15,0.0,1.4505045390795713e-15,-1.4505045387024326e-15,2.6761808746022147e-12,-1.4505045390796811e-15,5.7410969656778136e-12,-1.4505045390796811e-15,3.6262554400345337e-16,-1.450504539079901e-15,-2.1990597701803887e-28,1.450504539079901e-15,0.0,1.450504539080011e-15,-1.450504539079901e-15,-1.4505045390796811e-15,1.0995298850901944e-28,-1.4505045390797912e-15,-1.4505045390796811e-15,-1.4505045390796811e-15,1.4505045390797912e-15,0.02391887424636737,-1.4505045390797912e-15,0.0,0.0,0.0,-1.4505045390797912e-15,0.0,-1.4505045390797912e-15,1.4505045390797912e-15,0.0,0.0,0.0,0.0,0.0,-1.4505045390797912e-15,0.0,0.0,0.0,2.9010090781595823e-15,-1.4505045390797912e-15,0.0,-1.4505045390797912e-15,-1.4505045390797912e-15,-1.4505045390797912e-15,-1.4505045390797912e-15,1.4505045390797912e-15,0.0,0.02631076509716647,1.4505045390797912e-15,1.4505045390797912e-15,0.0,1.4505045390797912e-15,0.0,3.4449482803145038e-12,1.4505045390797912e-15,-1.4505045390797912e-15,0.0,0.0,2.9010090781595823e-15,4.2093641724095536e-12
0.0,0.0,0.0,0.0,0.0,0.0,0.0,0.0,0.0,0.0,0.0,0.0,0.0,0.0,0.0,0.0,0.0,0.0,0.0,0.0,0.0,0.0,0.0,0.03827023613415801,3.0605645778447564e-12,1.4505045392629177e-15,1.4505045391468623e-15,-1.1600040292899657e-25,1.4505045393789181e-15,-2.3205578227284075e-25,1.4505045391468623e-15,-1.4505045392628627e-15,0.0,-2.901009078409725e-15,1.4505045391468073e-15,-2.9010090782937246e-15,1.4505045393788631e-15,-1.7586419934108132e-38,4.592297371306339e-12,1.4505045392628627e-15,0.019135094939205493,-2.9010090784096698e-15,1.4505045392629177e-15,7.252531547833632e-16,2.9028765425065146e-15,-1.4505045391469723e-15,4.351513617672588e-15,-1.1594528483794997e-25,-2.9010090785256154e-15,2.320557823429402e-25,1.4505045392629177e-15,-7.252513815797643e-16,-1.450504539320918e-15,-1.450504539320863e-15,3.0634674571696488e-12,1.1605537942322928e-25,1.4505045392628627e-15,-1.1600040292898775e-25,0.01913509477446009,1.5302822889223202e-12,-5.497649425031524e-29,2.9010090785257254e-15,1.4505045392628079e-15,3.480561852719456e-25,-2.9010090785257254e-15,1.1611035591283682e-25,-8.793209967054066e-39,-1.4505045392628627e-15,1.4505045392628627e-15,-1.161103559174884e-25,2.320008058440647e-25,-4.351513617788588e-15,-1.4505045391468623e-15,1.4505045392628627e-15,1.160553794232205e-25,1.4505045392628079e-15,-1.4505045392627527e-15,-1.4505045393208079e-15,0.00956753982705606,1.4505045392628627e-15,1.1589044994050472e-25,3.827881479114695e-12,5.358163768037131e-12,-2.02973216819102e-25,-1.4505045392628627e-15,1.1594542643473745e-25,-1.4505045391469173e-15,-1.159454264347638e-25,1.0878789566836814e-15,7.264184394590844e-16,-1.0878776336675304e-15,-7.236156909677683e-16,0.02870265682797724,-1.0878776278739424e-15,2.9010090782357796e-15,1.1589044994051353e-25,2.9010090784097802e-15,2.9010090785258903e-15,1.5324596820832133e-12,-8.697281381072909e-26,-2.901009078786699e-15,4.593023776940398e-12,-1.450504539379028e-15,8.793209967054066e-39,-1.4505045392628079e-15,0.009567544470506926,1.4505045392628627e-15,1.4505045392629726e-15,-1.4505045392918354e-15,0.028702657323662506,1.4505045392628627e-15,7.673169012701705e-13,5.497649424152202e-29,-1.450504539320863e-15,-5.497649424152202e-29,-5.497649422393561e-29,1.4505045392628627e-15,-5.497649425031524e-29,2.9010090785257802e-15,1.1594542643475504e-25,1.1605537940931843e-25,2.319458293591176e-25,-2.901009078641726e-15,-1.4505045391467522e-15,8.793209967054066e-39,1.4505045391468623e-15,-5.497649424152202e-29,1.1611035591747082e-25,-4.351513617556642e-15,-1.4505045391468623e-15,-1.4505045392628627e-15,-1.4505045392484039e-15,-1.4505045392628627e-15,5.439400893851779e-16,1.2691917633090476e-15,-3.6161224653231696e-16,1.813557677144433e-15,2.5396724693087224e-15,5.738195957324001e-12,-9.06564445145968e-16,9.0656609745807e-16,-1.4505045391469173e-15,0.033486443599450334,-1.2691909818403924e-15,0.004783772114471401,4.359636001290325e-26,-1.4505045392917526e-15,1.450504539378973e-15,5.497649425910844e-29,-1.1600040292900534e-25,0.0,-1.4505045395674326e-15,1.1600040292900534e-25,-1.4505045391468623e-15,1.4505045392628627e-15,1.4505045393788631e-15,-1.4505045391469173e-15,4.351513617904643e-15,2.9010090785257254e-15,0.0,2.9010090785257254e-15,-1.4505045392628627e-15,3.814826938261329e-13,0.0,1.4505045392628627e-15,1.4505045392628627e-15,5.54817986268045e-12,-1.4505045392628627e-15,2.9010090785257254e-15,0.0,-1.4505045392628627e-15,1.4505045392628627e-15,1.4505045392628627e-15,-1.4505045392628627e-15,0.0,-1.4505045392628627e-15,0.0,1.4505045392628627e-15,1.4505045392628627e-15,0.0,1.1458985860176616e-12,-2.9010090785257254e-15,-2.9010090785257254e-15,-1.4505045392628627e-15,-2.9010090785257254e-15,-1.4505045392628627e-15,0.0,-1.4505045392628627e-15,1.4505045392628627e-15,4.209364172940828e-12,-2.9010090785257254e-15,1.4505045392628627e-15,0.03348644416833967,2.9010090785257254e-15,-1.4505045392628627e-15,0.0,-2.9010090785257254e-15,0.0,0.023918874603497904
0.0,0.0,0.0,0.0,0.0,0.0,0.0,0.0,0.0,0.0,0.0,0.0,0.0,0.0,0.0,0.0,0.0,0.0,0.0,0.0,0.0,0.0,0.0,0.0,0.03827023613085013,1.450504539388237e-15,3.0620150826485682e-12,1.450504539388237e-15,1.450504539388237e-15,0.0,0.0,0.0,1.450504539388237e-15,-1.450504539388237e-15,-1.450504539388237e-15,0.0,1.450504539388237e-15,0.0,0.019135094704023956,-1.450504539388237e-15,3.0634655871879566e-12,-1.450504539388237e-15,1.450504539388237e-15,0.0,1.450504539388237e-15,1.450504539388237e-15,2.901009078776474e-15,0.0,1.450504539388237e-15,4.595198380781935e-12,1.5317327935939783e-12,-1.450504539388237e-15,1.450504539388237e-15,-2.901009078776474e-15,0.0,0.0,1.450504539388237e-15,-1.450504539388237e-15,1.450504539388237e-15,0.01913509469676998,0.0,2.901009078776474e-15,0.0,1.450504539388237e-15,0.0,5.359614273039536e-12,2.901009078776474e-15,0.0,0.0,0.0,0.0,1.450504539388237e-15,1.450504539388237e-15,0.0,2.901009078776474e-15,2.901009078776474e-15,-1.450504539388237e-15,4.351513618164711e-15,4.592297371703158e-12,1.450504539388237e-15,1.450504539388237e-15,0.028702656651445585,0.009567544241401367,-1.450504539388237e-15,0.0,-1.450504539388237e-15,-1.450504539388237e-15,0.0,0.0,1.450504539388237e-15,-2.901009078776474e-15,0.0,1.5317327935939783e-12,-1.450504539388237e-15,1.450504539388237e-15,1.450504539388237e-15,2.2975991903909673e-12,7.673169013363774e-13,2.901009078776474e-15,-1.450504539388237e-15,-2.901009078776474e-15,0.0,-1.450504539388237e-15,0.0,-1.450504539388237e-15,1.450504539388237e-15,0.0,0.0,-1.450504539388237e-15,-1.450504539388237e-15,2.901009078776474e-15,0.009567545038705999,1.450504539388237e-15,2.901009078776474e-15,1.450504539388237e-15,1.450504539388237e-15,1.450504539388237e-15,2.901009078776474e-15,0.0,1.450504539388237e-15,3.830782488524334e-12,0.0,1.450504539388237e-15,2.6776313797106855e-12,0.0,1.450504539388237e-15,0.0,0.0,1.450504539388237e-15,-1.450504539388237e-15,0.0,0.0,0.0,-1.450504539388237e-15,-1.450504539388237e-15,1.450504539388237e-15,1.450504539388237e-15,1.450504539388237e-15,0.004783771903862584,-1.450504539388237e-15,0.0,-1.450504539388237e-15,7.658663967969891e-13,-1.450504539388237e-15,0.0,-1.450504539388237e-15,2.901009078776474e-15,0.0,0.0,-1.450504539388237e-15,1.450504539388237e-15,0.0,1.450504539388237e-15,0.0,0.0,1.450504539388237e-15,-1.450504539388237e-15,2.901009078776474e-15,2.901009078776474e-15,1.450504539388237e-15,1.450504539388237e-15,2.901009078776474e-15,0.00478377169165522,3.843837029378828e-13,1.450504539388237e-15,1.450504539388237e-15,0.007175657936022732,0.0,1.450504539388237e-15,1.450504539388237e-15,1.450504539388237e-15,0.0,1.450504539388237e-15,0.0,0.0,-1.450504539388237e-15,0.0,1.450504539388237e-15,0.0,0.0,0.014351318621897464,-1.450504539388237e-15,-1.450504539388237e-15,1.450504539388237e-15,0.0,0.0,1.450504539388237e-15,5.74254747143803e-12,-1.450504539388237e-15,0.023918874232820474,0.0,1.450504539388237e-15,1.450504539388237e-15,2.901009078776474e-15,1.450504539388237e-15,1.450504539388237e-15,0.0,1.450504539388237e-15,1.450504539388237e-15
0.0,0.0,0.0,0.0,0.0,0.0,0.0,0.0,0.0,0.0,0.0,0.0,0.0,0.0,0.0,0.0,0.0,0.0,0.0,0.0,0.0,0.0,0.0,0.0,0.0,0.03827023612814712,1.45050453937463e-15,3.062015082864837e-12,-2.901009078981426e-15,3.0591140737858558e-12,1.4505045394906855e-15,-1.4505045394906855e-15,-1.4505045394907406e-15,5.497649431116135e-29,-2.901009078981316e-15,-1.4505045394906855e-15,1.4505045394906307e-15,0.0,-7.252513843100337e-16,-1.4505045394906307e-15,1.450504539374575e-15,-2.901009078981316e-15,0.01913509410885692,0.0,2.901009078981316e-15,-2.901009078981426e-15,1.5302822891626731e-12,0.0,-1.4505045394907406e-15,-1.7416553397775918e-25,-1.4505045395487408e-15,1.4505045394907406e-15,1.5346338027811453e-12,4.5922973720275105e-12,0.0,4.5922973720275105e-12,0.019135096550959723,5.497649431116135e-29,2.901009078981316e-15,7.252531554555894e-16,1.4505045394906855e-15,-1.099529886223227e-28,-2.901009078981371e-15,-2.901009078981426e-15,1.4505045394906855e-15,1.4505045392875473e-15,3.826430975176429e-12,-2.901009078981371e-15,0.009567546865369697,0.0,-2.901009078981371e-15,-1.4505045394907406e-15,-2.901009078981426e-15,1.4505045394906855e-15,-1.4505045394907954e-15,-1.4505045394907954e-15,5.497649431116135e-29,-1.4505045394908504e-15,2.9010090788073152e-15,2.293247676934774e-12,-4.351513618472111e-15,-1.0878776296549468e-15,1.0878789652328982e-15,3.824980470636938e-12,0.0,-1.4505045394906307e-15,-2.901009078981316e-15,0.0,-1.4505045394906855e-15,2.901009078981316e-15,1.099529886223227e-28,1.4505045394906855e-15,-5.80551779925864e-26,1.4505045394907406e-15,-5.497649431116135e-29,-1.4505045394907406e-15,1.4505045394036028e-15,-1.450504539519768e-15,2.9010090789812614e-15,7.658663968510819e-13,2.2946981814742644e-12,1.4505045394906855e-15,5.497649431116135e-29,1.4505045394906855e-15,1.4505045394907406e-15,1.4505045394906307e-15,0.0,0.0,5.3567132643391016e-12,1.4505045394907406e-15,7.658663968510818e-13,1.0878789350137487e-15,0.009567544138822952,-1.4505045394907954e-15,2.901009078981316e-15,-5.497649431116135e-29,-5.497649431116135e-29,0.028702657185954508,-2.901009078981371e-15,5.3581637688785925e-12,1.4505045393454925e-15,-2.901009078981371e-15,-1.4505045394907406e-15,-1.0148660849840385e-25,4.207913669062479e-12,1.4505045394906307e-15,0.0,1.4505045394906855e-15,-2.901009078981426e-15,1.4505045394907406e-15,-1.4505045394906855e-15,3.444948281290378e-12,0.0,5.497649431116135e-29,-1.4505045394906307e-15,-5.497649431116135e-29,-5.497649431116135e-29,1.4505045394906307e-15,-1.8131277891037508e-16,2.901009078981426e-15,0.0,-1.4505045394906307e-15,-2.90275889962932e-26,1.4505045394907406e-15,1.4505045394906855e-15,4.209364173601969e-12,-1.4505045394907954e-15,0.014351320699421482,0.0,5.497649431116135e-29,3.444948281290378e-12,1.1517006043556043e-12,1.4505045394906307e-15,-2.901009078981371e-15,-1.4505045394906855e-15,4.40083077281474e-12,-1.4505045394906307e-15,1.4505045394905755e-15,1.4505045394906855e-15,1.4505045394906855e-15,-1.4505045394906855e-15,0.0,0.0,0.0,1.4505045394906855e-15,-2.901009078981371e-15,1.4505045394906855e-15,1.4505045394906855e-15,-1.4505045394906855e-15,0.02870265651398797,0.023918873986463425,-1.4505045394906855e-15,0.0,-1.4505045394906855e-15,1.4505045394906855e-15,0.0,2.901009078981371e-15,1.4505045394906855e-15,0.0,1.4505045394906855e-15,-1.4505045394906855e-15,1.914665992127705e-12,5.741096967304133e-12,0.0,1.4505045394906855e-15,0.0,0.0,1.4505045394906855e-15,0.0,0.0,0.0,0.0,-2.901009078981371e-15,-1.4505045394906855e-15,-2.901009078981371e-15,0.014351322006359432,-2.901009078981371e-15,0.0,0.0
0.0,0.0,0.0,0.0,0.0,0.0,0.0,0.0,0.0,0.0,0.0,0.0,0.0,0.0,0.0,0.0,0.0,0.0,0.0,0.0,0.0,0.0,0.0,0.0,0.0,0.0,0.03827023612234437,1.4505045394785083e-15,2.9010090793052927e-15,-1.4505045398265644e-15,-5.497649432286443e-29,-1.4505045397105641e-15,2.9010090793052375e-15,1.4505045398266744e-15,1.4505045398267843e-15,2.9010090794212928e-15,1.4505045395945085e-15,2.901009079421238e-15,2.177625963503752e-15,-1.4505045395945085e-15,-2.451090164983588e-22,2.9010090795374032e-15,7.252531777391708e-16,0.0,-1.161653324971043e-25,1.4505045395946736e-15,1.450504539420508e-15,3.060564578789406e-12,1.4505045395946186e-15,0.019135097266604208,0.019135094698706397,-1.4505045395946186e-15,1.4505045395363985e-15,5.805517799072832e-26,1.450504539710619e-15,1.4505045395365633e-15,-7.252514545311385e-16,-2.9010090793051823e-15,-1.161653324971043e-25,3.061291700793592e-12,-5.497649432286443e-29,2.901009079189127e-15,1.0995298864572886e-28,4.3515136190159115e-15,-5.497649432286443e-29,0.009567544516989972,1.4505045393334802e-15,2.901009079421348e-15,-3.6262567376206013e-16,0.0,2.901009079421348e-15,2.9010090793052375e-15,1.4505045395946736e-15,-5.497649432286443e-29,2.9010090791891823e-15,4.3515136188998015e-15,1.4505045398266744e-15,1.4505045393625079e-15,-3.674314414767684e-22,-2.0297321703290723e-25,2.901009079305347e-15,-1.811494727602787e-15,1.8143141326585777e-15,-2.8917636020934944e-26,0.0,1.4505045398267292e-15,2.9010090795374032e-15,2.901009079421238e-15,1.450504539710674e-15,-1.161653324971043e-25,2.321107590169171e-25,-5.497649432286443e-29,1.450504417156138e-15,1.4505045398266194e-15,1.5302822893945868e-12,1.4505045395946186e-15,0.028702653565315855,0.009567544152111205,-2.3222071200556284e-25,1.4505045397976467e-15,-1.450504539565481e-15,2.9010090794211827e-15,1.1605537950845855e-25,-1.450504539710674e-15,1.160004030141357e-25,1.4505045395945085e-15,0.0,0.0,1.4505045396236463e-15,1.160004030141357e-25,-2.6113834801938955e-25,4.591210613984432e-12,-3.6262557053753465e-16,1.4505045394785631e-15,1.4505045395944537e-15,1.4505045395945635e-15,-1.1605537950845855e-25,-2.5383821900111837e-15,1.0995298864572886e-28,-3.1913854953711976e-25,0.0287026584273389,1.4505045397107288e-15,1.4505045395946186e-15,0.03348644182655149,-1.5948681003062974e-25,1.4505045395945085e-15,0.0,-5.497649432286443e-29,2.9010090793052927e-15,2.9010090795372384e-15,5.497649432286443e-29,-1.3056917401680303e-25,0.0,1.1605537950845855e-25,1.4505045398267292e-15,-1.1605537950845855e-25,-1.1605537950845855e-25,-1.4505045398267292e-15,1.8192214576680849e-16,-1.4505045395946736e-15,0.0,1.4505045398267292e-15,-1.4505046009878591e-15,1.160004030141357e-25,4.351513619131802e-15,1.4505045396671324e-15,2.9010090791891823e-15,-5.439385258555535e-16,1.450504539710619e-15,-1.4505045395945635e-15,1.4505045394639944e-15,1.4505045396669676e-15,-1.4505045398267292e-15,1.4505045397107288e-15,2.9010090794212928e-15,-2.8285406328402925e-25,1.1611035600278142e-25,2.9010090791890722e-15,2.901009079421238e-15,-1.450504539710619e-15,-1.450504539710619e-15,1.450504539710619e-15,5.356713265151316e-12,0.004783771713644867,1.450504539710619e-15,0.0,1.450504539710619e-15,1.450504539710619e-15,1.450504539710619e-15,0.0,-1.450504539710619e-15,0.0,1.450504539710619e-15,0.0,0.0,0.0,0.0,2.901009079421238e-15,4.59229737272382e-12,-1.450504539710619e-15,3.8264309757566134e-12,0.0,-1.450504539710619e-15,0.0,2.901009079421238e-15,1.450504539710619e-15,0.0,0.004783771594826788,0.0,2.901009079421238e-15,1.450504539710619e-15,1.450504539710619e-15,0.0,5.358163769691027e-12,2.901009079421238e-15,1.450504539710619e-15,0.0,3.824980471216903e-12,2.901009079421238e-15
0.0,0.0,0.0,0.0,0.0,0.0,0.0,0.0,0.0,0.0,0.0,0.0,0.0,0.0,0.0,0.0,0.0,0.0,0.0,0.0,0.0,0.0,0.0,0.0,0.0,0.0,0.0,0.03827023612153427,2.319458295716337e-25,-1.4505047845020634e-15,3.0634655879335585e-12,1.1611035602164542e-25,1.1589045004432465e-25,-2.4437612307801624e-38,2.9010090797147573e-15,-1.4505045396253778e-15,1.450504539625158e-15,1.530282289427096e-12,-2.1757559241187308e-15,-1.450504539625158e-15,1.4505045395091575e-15,2.3205578256025743e-25,-3.624344684025618e-15,-1.4505045397413232e-15,1.4505045395091575e-15,-2.9010090792506456e-15,0.01913509426784599,1.4505045396253228e-15,1.1594542653866093e-25,7.252530579606869e-16,-7.252513842209437e-16,-2.901009079598592e-15,-2.901009202269348e-15,-2.901009446913868e-15,1.4505045397412684e-15,0.019135092253128545,3.0612915523958845e-12,1.450504539741488e-15,2.9010090792504807e-15,-7.252513843344706e-16,4.593747877360655e-12,-2.1990597729632944e-28,-1.4505045395092125e-15,-4.351513618992079e-15,1.4505045396252678e-15,2.5383834943751794e-15,0.028702657116810762,2.320008060659456e-25,4.594111476955028e-12,0.0,-1.4505045395093224e-15,-2.9010090793667557e-15,-2.9010090792506456e-15,2.294698181870657e-12,-1.4505045396254877e-15,5.359614274344305e-12,-1.4505045397413232e-15,-1.4505045396254877e-15,-4.0616634004597816e-25,0.02870265518814595,-1.4505045393933222e-15,-2.5383821694971383e-15,-1.81313011414888e-15,-1.4505048457793042e-15,-1.4505045397413232e-15,1.1605537952728469e-25,2.3205578256025743e-25,-1.0995298867260233e-28,1.4505045398573236e-15,-1.450504539973489e-15,-1.4505045397412132e-15,-1.1605537952730912e-25,-5.811015448766422e-26,1.4505045396252678e-15,-5.805517801910959e-26,1.1594542653866093e-25,1.8131315663382442e-15,-3.626255708717985e-16,1.4505045395091025e-15,-6.127724039041923e-23,-1.4505047233407687e-15,1.450504539625158e-15,-1.4505045397412684e-15,-2.901009079598647e-15,7.67316901523044e-13,2.901009079366481e-15,0.0,-2.9010090794826464e-15,-4.285925165943526e-22,1.4505045396253228e-15,0.009567544151681309,1.0878789349406712e-15,-1.0866867935175999e-15,-2.9010090793667557e-15,-2.3222071204326637e-25,-4.35151361922408e-15,3.826430975837611e-12,1.529921256310747e-12,-1.4505045395092125e-15,0.009567543209844053,3.6262684226018546e-16,-4.351513618991914e-15,2.6805323894420814e-12,-1.2691909119669306e-15,0.023918872912806304,4.975230571312623e-12,1.1473490909353867e-12,1.4505045396252678e-15,-1.4505045395093774e-15,1.4505045396252127e-15,1.4505045398573787e-15,-1.4505048153728495e-15,-1.4505045397413232e-15,5.497649431186356e-29,-1.4505045396252678e-15,-2.9010090794827013e-15,1.4505045397412684e-15,-1.1605537952728469e-25,-3.0823218584098513e-15,1.4505045395093224e-15,0.0,-1.4505045396252678e-15,-1.450504539770296e-15,1.4505045396253228e-15,2.901009079366426e-15,-1.4505048765340346e-15,-1.4505045396254877e-15,-2.3556418016064847e-15,-1.4505045397413782e-15,-1.4505045397412132e-15,0.03348644428092511,-9.214802632117778e-23,1.4505045396252678e-15,2.901009079714702e-15,5.739646463756532e-12,0.02152698216410958,-2.9010090793665364e-15,5.934014072081637e-12,1.9132154879188054e-12,0.0,0.0,-1.4505045397413232e-15,1.4505045397413232e-15,0.0,3.444948281885643e-12,0.0,-1.4505045397413232e-15,0.0,4.20936417432932e-12,0.0,-1.4505045397413232e-15,-1.4505045397413232e-15,2.486164781116628e-12,0.0,0.0,-1.4505045397413232e-15,2.9010090794826464e-15,0.0,0.0,-1.4505045397413232e-15,0.0,-1.4505045397413232e-15,-2.9010090794826464e-15,-1.4505045397413232e-15,0.0,0.0,-1.4505045397413232e-15,2.9010090794826464e-15,-1.4505045397413232e-15,-2.9010090794826464e-15,0.0,-1.4505045397413232e-15,-1.4505045397413232e-15,0.0,-2.9010090794826464e-15,3.8249804712978696e-12,0.0,1.4505045397413232e-15,1.4505045397413232e-15
0.0,0.0,0.0,0.0,0.0,0.0,0.0,0.0,0.0,0.0,0.0,0.0,0.0,0.0,0.0,0.0,0.0,0.0,0.0,0.0,0.0,0.0,0.0,0.0,0.0,0.0,0.0,0.0,0.03827023611116606,1.4505045401342953e-15,0.0,2.9010090802685905e-15,1.4505045401342953e-15,1.4505045401342953e-15,0.0,0.019135094697099595,1.4505045401342953e-15,1.4505045401342953e-15,0.0,-1.4505045401342953e-15,0.0,3.0649160933037657e-12,1.4505045401342953e-15,0.0,1.4505045401342953e-15,-2.9010090802685905e-15,0.0,2.9010090802685905e-15,3.062015084223497e-12,1.4505045401342953e-15,0.0,-1.4505045401342953e-15,1.4505045401342953e-15,-1.4505045401342953e-15,1.4505045401342953e-15,0.0,-1.4505045401342953e-15,1.4505045401342953e-15,1.4505045401342953e-15,2.9010090802685905e-15,1.4505045401342953e-15,1.4505045401342953e-15,2.9010090802685905e-15,0.019135092300696384,-2.9010090802685905e-15,2.9010090802685905e-15,-1.4505045401342953e-15,1.4505045401342953e-15,0.0,1.4505045401342953e-15,0.02870265520517197,0.00956754501333032,0.02870265597539278,0.0,0.0,-2.9010090802685905e-15,1.4505045401342953e-15,1.5302822898416816e-12,-1.4505045401342953e-15,-4.351513620402886e-15,2.9010090802685905e-15,1.4505045401342953e-15,0.0,-1.4505045401342953e-15,-1.4505045401342953e-15,4.595198383145447e-12,1.5317327943818157e-12,-1.4505045401342953e-15,0.0,0.0,1.4505045401342953e-15,2.9010090802685905e-15,1.4505045401342953e-15,-1.4505045401342953e-15,0.0,0.0,0.0,1.4505045401342953e-15,1.4505045401342953e-15,0.0,1.4505045401342953e-15,1.4505045401342953e-15,-1.4505045401342953e-15,2.9010090802685905e-15,1.4505045401342953e-15,-1.4505045401342953e-15,1.4505045401342953e-15,2.9010090802685905e-15,-1.4505045401342953e-15,-1.4505045401342953e-15,-1.4505045401342953e-15,1.4505045401342953e-15,0.0,4.596648887685582e-12,-1.4505045401342953e-15,-4.351513620402886e-15,0.0,1.4505045401342953e-15,0.0,-1.4505045401342953e-15,0.0,0.009567543274743974,0.0,-1.4505045401342953e-15,-1.4505045401342953e-15,-1.4505045401342953e-15,0.0,0.0,0.004783772145392345,2.299049696112858e-12,-1.4505045401342953e-15,-1.4505045401342953e-15,1.4505045401342953e-15,2.9010090802685905e-15,1.4505045401342953e-15,1.4505045401342953e-15,1.4505045401342953e-15,0.0,0.0,4.351513620402886e-15,0.0,0.01435131906735746,-1.4505045401342953e-15,2.9010090802685905e-15,0.0,0.0,5.359614275796221e-12,0.0,-2.9010090802685905e-15,2.9010090802685905e-15,1.4505045401342953e-15,-1.4505045401342953e-15,2.9010090802685905e-15,3.8293319859545396e-12,0.0,0.0,1.4505045401342953e-15,0.0,-1.4505045401342953e-15,0.0,2.9010090802685905e-15,3.827881481414405e-12,1.4505045401342953e-15,1.4505045401342953e-15,-1.4505045401342953e-15,1.4505045401342953e-15,1.4505045401342953e-15,-1.4505045401342953e-15,0.0,2.9010090802685905e-15,-1.4505045401342953e-15,0.0,0.0,0.0,0.0,4.351513620402886e-15,0.0,1.4505045401342953e-15,0.0,0.0,2.9010090802685905e-15,1.4505045401342953e-15,-1.4505045401342953e-15,-4.351513620402886e-15,0.0,2.9010090802685905e-15,1.4505045401342953e-15,4.351513620402886e-15,-2.9010090802685905e-15,-1.4505045401342953e-15,-1.4505045401342953e-15,-2.9010090802685905e-15,-1.4505045401342953e-15,1.4505045401342953e-15,-2.9010090802685905e-15,1.4505045401342953e-15,2.9010090802685905e-15,1.4505045401342953e-15,0.0
0.0,0.0,0.0,0.0,0.0,0.0,0.0,0.0,0.0,0.0,0.0,0.0,0.0,0.0,0.0,0.0,0.0,0.0,0.0,0.0,0.0,0.0,0.0,0.0,0.0,0.0,0.0,0.0,0.0,0.03827023610297216,-1.4505045404448576e-15,-1.0995298880775939e-28,1.4505045404448027e-15,1.4505045404448027e-15,-1.4505045404448576e-15,2.1757576959920116e-15,-1.4505045404449126e-15,-1.4505045404449126e-15,1.4505045404448576e-15,5.497649440387969e-29,0.0,-1.4505045405610229e-15,3.0634655894195392e-12,0.0,-1.4505045404449126e-15,2.901009080889825e-15,-1.4505045404448576e-15,-2.901009080889825e-15,-1.450504540560913e-15,-5.497649440387969e-29,-1.4505045404448576e-15,3.0620150848790943e-12,0.019135094695545373,0.01913509438549423,-2.90100908088977e-15,1.4505045404448576e-15,5.497649440387969e-29,-5.497649440387969e-29,1.4505045404448027e-15,-2.901009080889825e-15,-1.4505045404449126e-15,-2.90100908088977e-15,-1.4505045404449674e-15,-7.252512940701023e-16,1.4505045404449674e-15,-1.0995298880775939e-28,-1.4505045404448027e-15,1.4505045404448027e-15,-4.3515136213345725e-15,1.4505045404448027e-15,-2.538382116558841e-15,1.0878789365046433e-15,1.813131475583103e-15,0.0,-2.901009080889715e-15,-1.4505045404447475e-15,-1.4505045404449126e-15,2.901009080831715e-15,-2.90100908088966e-15,1.4505045404450224e-15,-1.0995298880775939e-28,-1.4505045404449126e-15,1.4505045404448576e-15,0.02870265618866445,1.4505045404449126e-15,-1.450504540619023e-15,-5.805517809049695e-26,1.4505045404449126e-15,-1.4505045404448576e-15,-1.4505045404448576e-15,-5.497649440387969e-29,-1.0995298880775939e-28,-1.4505045404449126e-15,1.5302822901693247e-12,1.4505045404448576e-15,-1.4505045404448576e-15,-1.4505045404448576e-15,-2.90100908088977e-15,-1.4505045404449126e-15,0.009567545444050751,0.028702656632681296,-2.90100908088977e-15,2.90100908088977e-15,-1.0995298880775939e-28,-1.4505045404449126e-15,-1.4505045404448027e-15,-1.4505045404449126e-15,-1.4505045404449674e-15,0.009567542984449059,5.497649440387969e-29,-2.90100908088966e-15,-2.90100908088977e-15,4.593747879588864e-12,-1.7422051076589477e-25,2.90100908088977e-15,-1.4505045404446927e-15,-1.4505045404448576e-15,-5.497649440387969e-29,-2.901009080889715e-15,-1.4505045404448027e-15,0.0,1.0878790023999095e-15,-2.901009080889715e-15,-1.4505045404448027e-15,-1.4505045404448027e-15,-2.90100908088966e-15,-2.901009080889715e-15,-1.4505045404448576e-15,1.269191752167581e-15,-8.71377436301493e-26,-1.4505045404448027e-15,0.03348644337818529,2.90100908088966e-15,-1.4505045404449674e-15,-5.497649440387969e-29,-1.4505045404449126e-15,-1.4505045404449126e-15,0.0,-1.4505045404448576e-15,2.297599192064654e-12,0.0,2.3570706163318443e-15,5.497649440387969e-29,-1.0995298880775939e-28,0.0,0.02391887346221118,-2.0313814682233547e-25,3.826430977693534e-12,1.0995298880775939e-28,2.9010090808896055e-15,-1.4505045404449126e-15,0.01435131918036826,2.9010090808896055e-15,-1.4513794522624239e-25,-1.4505045404448576e-15,-2.901009080889715e-15,-5.497649440387969e-29,-2.901009080889715e-15,-1.4505045404448576e-15,-1.4505045404448576e-15,-2.901009080889715e-15,1.4505045404448576e-15,-1.4505045404448576e-15,-1.4505045404448576e-15,0.0,-2.901009080889715e-15,-1.4505045404448576e-15,-1.4505045404448576e-15,-1.4505045404448576e-15,1.5317327947097696e-12,2.300500201145544e-12,-1.4505045404448576e-15,-2.901009080889715e-15,0.0,4.3515136213345725e-15,7.658663973548848e-13,0.0,-1.4505045404448576e-15,0.0,0.0,-1.4505045404448576e-15,0.0239188763324246,0.004783771129908802,1.4505045404448576e-15,0.0,-1.4505045404448576e-15,-1.4505045404448576e-15,0.0,0.0,-1.4505045404448576e-15,1.4505045404448576e-15,-2.901009080889715e-15,1.4505045404448576e-15,-2.901009080889715e-15,2.901009080889715e-15,-1.4505045404448576e-15,-1.4505045404448576e-15,-1.4505045404448576e-15,-2.901009080889715e-15
0.0,0.0,0.0,0.0,0.0,0.0,0.0,0.0,0.0,0.0,0.0,0.0,0.0,0.0,0.0,0.0,0.0,0.0,0.0,0.0,0.0,0.0,0.0,0.0,0.0,0.0,0.0,0.0,0.0,0.0,0.03827023609000175,1.4505045409364573e-15,-2.9010090818728595e-15,2.9010090818729695e-15,1.4505045409364025e-15,-2.9010090818728323e-15,4.351513622809317e-15,0.019135094037014855,5.497649444605377e-29,3.0620150859168614e-12,0.0,-5.497649445045661e-29,1.1611035627006556e-25,0.0,-1.4505045409365124e-15,1.099529888921117e-28,3.0591140768349885e-12,-1.099529888921117e-28,-2.9010090818729695e-15,-2.0836990543521142e-42,-5.497649444605377e-29,1.160553797756195e-25,7.252513852398763e-16,-7.252531674480267e-16,-1.099529888921096e-28,-1.4505045409364025e-15,-2.9010090818729147e-15,2.9010090818729147e-15,5.497649444605169e-29,1.4505045409363473e-15,0.019135096073597205,1.4505045409363473e-15,-1.4505045409365124e-15,-2.748821022525717e-29,5.497649444605793e-29,1.4505045409364573e-15,-1.4505045409365124e-15,-2.9010090818728595e-15,-1.6492948333816128e-28,-2.9010090818728595e-15,1.4505045409363613e-15,-2.9010090818728733e-15,-4.351513622809303e-15,0.02870265374569351,-1.0995298889210753e-28,0.009567543402846362,4.592297376604824e-12,-1.4505045409363473e-15,-1.4505045409365672e-15,1.5273812816060896e-12,-4.1673981087042285e-42,-1.4505045409365124e-15,5.497649444605377e-29,1.0878776139915779e-15,1.4505045409365124e-15,-1.4505045409365124e-15,-2.2003862013958322e-39,5.497649444605585e-29,-5.497649444605377e-29,-2.9010090818729695e-15,-2.0836990543521142e-42,-1.4505045409364573e-15,-2.9010090818729695e-15,5.800020164058672e-26,1.4505045409365124e-15,1.4505045409364025e-15,1.4505045409364025e-15,-1.099529888921096e-28,-5.497649444605585e-29,3.626256204657632e-16,1.0878776308205426e-15,-1.099529888921096e-28,1.099529888921096e-28,1.5331832997698354e-12,0.009567542245017375,-5.497649444605169e-29,1.4505045409364025e-15,-1.4505045409365124e-15,1.8131300681792936e-15,2.0836990543521142e-42,4.592297376604824e-12,-1.4505045409365672e-15,-2.901009081698804e-15,-6.603242303241851e-39,-1.4505045409363473e-15,-2.9010090818729695e-15,0.028702656551304356,-1.4505045409364573e-15,-1.4505045409365672e-15,1.4505045409364025e-15,2.9010090818729147e-15,-2.9010090818728733e-15,0.03348644213413287,1.4505045409364025e-15,-1.4505045409365124e-15,0.014351318707789886,0.01435131662694829,1.4505045409364025e-15,-2.9010090818728666e-15,-3.3026630011481005e-39,1.4505045409364025e-15,2.7196955135026572e-15,2.2975991928433486e-12,-5.497649444605793e-29,-2.0836990543521142e-42,-1.4505045409365124e-15,-1.4505045409365124e-15,-2.9010090818729147e-15,-1.4505045409365124e-15,8.708276720254915e-26,0.0,1.4505045409365465e-15,-2.9010090818729147e-15,-1.4505045409364573e-15,2.9010090818729147e-15,-1.994444657298398e-15,-1.4505045409364573e-15,-1.4505045407914294e-15,4.1673981087042285e-42,7.658663976144497e-13,-1.4505045409365124e-15,5.439384691419755e-16,1.4505045409365672e-15,-5.500965503489582e-39,0.004783769794489827,1.4505045409363473e-15,2.6819828961915097e-12,0.002391884833052835,0.02391887281320866,0.0,0.0,-1.4505045409364573e-15,1.4505045409364573e-15,0.0,0.03348644377283312,0.0,-1.4505045409364573e-15,5.35961427876021e-12,0.02391887417401255,-1.4505045409364573e-15,-2.9010090818729147e-15,4.351513622809372e-15,0.031094547333133053,0.0,1.4505045409364573e-15,-1.4505045409364573e-15,1.4505045409364573e-15,1.4505045409364573e-15,0.0,3.829331988072247e-12,0.0,1.4505045409364573e-15,-1.4505045409364573e-15,0.0,0.0,-1.4505045409364573e-15,-1.4505045409364573e-15,4.351513622809372e-15,1.4505045409364573e-15,1.4505045409364573e-15,1.4505045409364573e-15,1.4505045409364573e-15,-2.9010090818729147e-15,0.0,0.0,0.0,0.0,0.0,-1.4505045409364573e-15
0.0,0.0,0.0,0.0,0.0,0.0,0.0,0.0,0.0,0.0,0.0,0.0,0.0,0.0,0.0,0.0,0.0,0.0,0.0,0.0,0.0,0.0,0.0,0.0,0.0,0.0,0.0,0.0,0.0,0.0,0.0,0.03827023604607902,1.4505045426012006e-15,1.4505045426009807e-15,2.901009085202346e-15,-1.4505027719516368e-15,0.019135094273504363,7.252531812424279e-16,2.0836990544389088e-42,-1.159454269985111e-25,0.0,1.45050454236887e-15,1.4505045426010905e-15,0.0,-2.901009085202456e-15,-1.4505045426009807e-15,-1.450504542717146e-15,1.4505045426009807e-15,-2.320008067291467e-25,1.4505045426010905e-15,1.4505045426012006e-15,1.4505045426013104e-15,-8.246477531041855e-29,1.9241769673303205e-28,-1.099529889712214e-28,5.497649454641722e-29,-1.4505045426009807e-15,3.0634655939737355e-12,2.9010090852022915e-15,-2.748824724888538e-28,7.252531040526258e-16,0.019135095298913888,3.064916098516337e-12,1.952304656022786e-21,2.1990597794243655e-28,-2.748824724888496e-28,1.6492948351763026e-28,1.216151005159345e-37,1.4505045426012006e-15,1.4505045426012006e-15,-2.1757551554625338e-15,-3.626260294160889e-15,-3.626259756448771e-15,-1.0878775230162395e-15,0.028702657627446344,-3.626255436396433e-16,-1.7416553472292153e-25,1.4505045424852552e-15,1.6492948351762822e-28,-1.4505045426587608e-15,-2.199059779424345e-28,2.901009085202346e-15,2.0836990544389088e-42,1.5118532978268597e-28,-4.351513627803547e-15,2.901009084854125e-15,-1.161103563536054e-25,0.009567545258005754,-2.0836990544389088e-42,-1.4505045426010905e-15,-1.0995298897121724e-28,1.4505045426010357e-15,1.2161092302177666e-37,1.4505045426013104e-15,-5.497649454641305e-29,0.009567545281074579,1.4505045426011457e-15,1.4505045426010905e-15,-1.0995298897121933e-28,1.374410409563811e-29,-6.872064752190323e-29,-1.4505045426013104e-15,1.099529889712214e-28,-1.4505045426595305e-15,1.08787904284484e-15,1.4505045426013104e-15,4.593747886418002e-12,1.5302822924442663e-12,2.90100908520247e-15,1.4505045426013104e-15,1.450504542427255e-15,-1.4505045426012556e-15,1.4505045426013104e-15,-1.4505045429496414e-15,1.6492948351763653e-28,4.398119560064799e-28,-2.5383821719546802e-15,1.4505045426011457e-15,1.5346338060720702e-12,-1.4505045426011457e-15,-1.0995298909283026e-28,7.252534654332445e-16,-4.170200012503779e-15,5.49764944248e-29,1.6492948351763026e-28,-5.439384520389997e-16,9.065661694293908e-16,0.023918874080526963,2.538383508108873e-15,-1.742754875193793e-25,0.0047837722226824675,1.0308090806713868e-28,-8.719272035049279e-26,-2.1990597794243655e-28,2.9010090852022915e-15,-1.4505045426012556e-15,-1.4505045426012556e-15,1.0995298909283026e-28,-1.4505045426011457e-15,-3.2985896691035115e-28,2.901009085202401e-15,-2.5383814733342525e-15,1.4505045426014205e-15,1.4505045426010357e-15,-1.0995298909283026e-28,1.450504542601345e-15,-1.4505045430074217e-15,1.4505045426012556e-15,5.358163780368835e-12,-2.924749509844962e-26,-2.901009085202456e-15,1.3056914657173949e-28,7.644158939508324e-13,1.4505045423109248e-15,-3.0823217847464392e-15,-1.4505045426012556e-15,-1.0176149140529279e-25,-1.5411608899402351e-15,-2.901009085202401e-15,-1.4505045426012006e-15,4.593747886418002e-12,-1.4505045426012006e-15,0.0,1.4505045426012006e-15,0.0,7.687674075786362e-13,1.4505045426012006e-15,0.0,0.0,1.4505045426012006e-15,0.0,2.2975991954803015e-12,0.0,1.4505045426012006e-15,-1.4505045426012006e-15,2.901009085202401e-15,3.827881487924568e-12,5.7425474841581525e-12,4.351513627803601e-15,1.4505045426012006e-15,-1.4505045426012006e-15,0.0,-1.4505045426012006e-15,0.0,0.0,-2.901009085202401e-15,0.0,0.0,1.4505045426012006e-15,0.0,0.0,0.028702656259807675,4.351513627803601e-15,1.4505045426012006e-15,0.0,0.0,-2.901009085202401e-15,1.4505045426012006e-15,1.4505045426012006e-15
0.0,0.0,0.0,0.0,0.0,0.0,0.0,0.0,0.0,0.0,0.0,0.0,0.0,0.0,0.0,0.0,0.0,0.0,0.0,0.0,0.0,0.0,0.0,0.0,0.0,0.0,0.0,0.0,0.0,0.0,0.0,0.0,0.038270236023094324,0.019135094646814902,3.0605645867266757e-12,2.9010090869447164e-15,-1.4505045434723582e-15,0.0,-1.4505045434723582e-15,0.0,0.0,0.0,1.4505045434723582e-15,2.9010090869447164e-15,0.0,3.062015091270148e-12,-1.4505045434723582e-15,1.4505045434723582e-15,2.9010090869447164e-15,-2.9010090869447164e-15,-1.4505045434723582e-15,1.4505045434723582e-15,1.4505045434723582e-15,0.0,0.0,0.0,0.0,-1.4505045434723582e-15,1.4505045434723582e-15,-2.9010090869447164e-15,0.0,0.0,2.9010090869447164e-15,1.4505045434723582e-15,0.01913509465219192,1.4505045434723582e-15,-1.4505045434723582e-15,4.593747889176959e-12,-1.4505045434723582e-15,0.028702656609555496,-2.9010090869447164e-15,1.4505045434723582e-15,2.9010090869447164e-15,0.0,2.9010090869447164e-15,-1.4505045434723582e-15,-1.4505045434723582e-15,2.9010090869447164e-15,0.0,-1.4505045434723582e-15,1.5331833024502827e-12,-1.4505045434723582e-15,1.4505045434723582e-15,-1.4505045434723582e-15,1.5317327979068104e-12,2.9010090869447164e-15,2.9010090869447164e-15,0.0,2.9010090869447164e-15,-1.4505045434723582e-15,1.4505045434723582e-15,-1.4505045434723582e-15,1.4505045434723582e-15,0.0,-1.4505045434723582e-15,1.4505045434723582e-15,1.4505045434723582e-15,1.4505045434723582e-15,0.0,-1.4505045434723582e-15,-1.4505045434723582e-15,2.9010090869447164e-15,4.5951983937204304e-12,-1.4505045434723582e-15,-1.4505045434723582e-15,0.0,0.0,1.4505045434723582e-15,0.0,0.0,-1.4505045434723582e-15,0.0,0.0,1.4505045434723582e-15,0.009567544787182851,0.028702656925816257,0.0,0.0,0.0,0.0,-1.4505045434723582e-15,0.0,1.4505045434723582e-15,-1.4505045434723582e-15,-1.4505045434723582e-15,0.0,0.0,-1.4505045434723582e-15,0.0,2.9010090869447164e-15,0.0,-2.9010090869447164e-15,1.4505045434723582e-15,-2.9010090869447164e-15,1.4505045434723582e-15,0.0,0.0,-1.4505045434723582e-15,1.4505045434723582e-15,0.0,0.0,0.0,0.0,0.0,-1.4505045434723582e-15,-2.9010090869447164e-15,1.4505045434723582e-15,1.4505045434723582e-15,0.0,2.9010090869447164e-15,0.0,0.0,1.4505045434723582e-15,0.0,1.4505045434723582e-15,-1.4505045434723582e-15,-1.4505045434723582e-15,-1.4505045434723582e-15,0.0,-1.4505045434723582e-15,1.4505045434723582e-15,0.0,0.0,1.4505045434723582e-15,0.0,2.9010090869447164e-15,-1.4505045434723582e-15,0.0,0.0,0.0,0.0,2.9010090869447164e-15,-1.4505045434723582e-15,0.03348644344916045,2.296148692316743e-12,-1.4505045434723582e-15,-1.4505045434723582e-15,0.0,1.4505045434723582e-15,0.0,0.0,0.0,0.0,0.014351318883356926,0.0334864440538961,0.009567544023551679,0.0,1.4505045434723582e-15,1.4505045434723582e-15,0.0,7.673169034968774e-13,0.0,0.0,2.9010090869447164e-15,0.004783772179855954,1.4505045434723582e-15,0.023918873752996856,1.4505045434723582e-15,1.4505045434723582e-15
0.0,0.0,0.0,0.0,0.0,0.0,0.0,0.0,0.0,0.0,0.0,0.0,0.0,0.0,0.0,0.0,0.0,0.0,0.0,0.0,0.0,0.0,0.0,0.0,0.0,0.0,0.0,0.0,0.0,0.0,0.0,0.0,0.0,0.027061177473674855,4.334443103040316e-12,2.0513231202359844e-15,-3.0769821756107635e-15,0.0,-3.0769821756107635e-15,-2.0513206154927717e-15,2.0513206154927717e-15,4.102641230985543e-15,1.0256615601179922e-15,2.5047432124161226e-21,0.0,-3.07433716677845e-15,3.0769796708675516e-15,-1.0256590553747797e-15,-2.0513181107495594e-15,-2.5047432124161226e-21,1.0256590553747797e-15,-1.0256590553747797e-15,-1.0256590553747797e-15,-4.102641230985543e-15,0.0,2.0513206154927717e-15,0.0,-1.0256615601179922e-15,1.0256615601179922e-15,-2.5047432124161226e-21,2.0513206154927717e-15,-2.0513206154927717e-15,2.5047432124161226e-21,1.0256615601179922e-15,4.333244603589666e-12,-3.0769796708675516e-15,1.0256590553747797e-15,6.493459374603246e-12,3.0769796708675516e-15,0.013530584546616159,-2.5047432124161226e-21,1.0256615601179922e-15,2.0513231202359844e-15,-2.0513206154927717e-15,2.5047432124161226e-21,3.0769796708675516e-15,5.128300286360323e-15,2.5047432124161226e-21,-2.0513206154927717e-15,1.0256590553747797e-15,2.1651702334094084e-12,1.0256590553747797e-15,-3.0769796708675516e-15,1.0256590553747797e-15,-2.049998111076674e-15,-2.0513181107495594e-15,2.5047432124161226e-21,0.0,2.5047432124161226e-21,3.0769796708675516e-15,1.0256615601179922e-15,5.128300286360323e-15,1.0256615601179922e-15,2.0513206154927717e-15,1.0256590553747797e-15,1.0256615601179922e-15,-3.0769796708675516e-15,-1.0256590553747797e-15,-2.0513206154927717e-15,-1.0256615601179922e-15,1.0256590553747797e-15,-2.0513181107495594e-15,-4.098673717736822e-15,1.0256590553747797e-15,3.0769796708675516e-15,0.0,0.0,-5.128300286360323e-15,2.0513206154927717e-15,2.0513206154927717e-15,1.0256590553747797e-15,0.0,2.0513206154927717e-15,-1.0256590553747797e-15,2.1628908391009313e-12,6.498923752659323e-12,0.0,2.0513206154927717e-15,0.0,4.102641230985543e-15,-1.0256615601179922e-15,-2.0513206154927717e-15,-5.128300286360323e-15,1.0256590553747797e-15,1.0256590553747797e-15,0.0,0.0,1.0256590553747797e-15,2.0513206154927717e-15,2.0513231202359844e-15,-2.0513206154927717e-15,-2.5047432124161226e-21,-3.0769796708675516e-15,4.102638726242331e-15,-1.0256590553747797e-15,0.0,2.0513206154927717e-15,5.128300286360323e-15,-7.179620901853095e-15,0.0,0.0,2.0513206154927717e-15,2.0513206154927717e-15,2.0513206154927717e-15,1.0256590553747797e-15,-2.5047432124161226e-21,1.0256615601179922e-15,-1.0256590553747797e-15,-2.0513206154927717e-15,-2.0513181107495594e-15,-2.0513206154927717e-15,0.0,-3.0769796708675516e-15,0.0,1.0256615601179922e-15,1.0256590553747797e-15,-1.0256615601179922e-15,5.128300286360323e-15,0.0,4.102641230985543e-15,2.0513206154927717e-15,0.0,2.0513206154927717e-15,2.0513206154927717e-15,-2.0513206154927717e-15,2.0513206154927717e-15,-4.102641230985543e-15,0.0,2.0513206154927717e-15,-2.0513206154927717e-15,0.0,-2.0513206154927717e-15,-2.0513206154927717e-15,0.006765292194562462,4.102641230985543e-15,4.102641230985543e-15,-2.0513206154927717e-15,-2.0513206154927717e-15,0.0,2.0513206154927717e-15,0.0,2.0513206154927717e-15,0.0,3.247240534325057e-12,7.57962967424579e-12,0.013530584061457225,6.153961846478314e-15,0.0,0.0,0.0,0.0,0.0,2.0513206154927717e-15,0.0,1.076943323133705e-12,2.0513206154927717e-15,0.02029587952419805,0.0,4.102641230985543e-15
0.0,0.0,0.0,0.0,0.0,0.0,0.0,0.0,0.0,0.0,0.0,0.0,0.0,0.0,0.0,0.0,0.0,0.0,0.0,0.0,0.0,0.0,0.0,0.0,0.0,0.0,0.0,0.0,0.0,0.0,0.0,0.0,0.0,0.0,0.02706117746126129,-6.566628171788741e-25,6.568955483677305e-25,0.0,6.568955483677305e-25,3.2856413977829354e-25,-2.0513206167623226e-15,2.05132061577663e-15,4.1026412325391844e-15,-3.2809867740058054e-25,0.0,2.0513202706184503e-15,-3.2879687096715e-25,2.051320616433991e-15,4.65462377713e-28,-2.0513206161056594e-15,-2.051320616433991e-15,2.327311888565e-28,2.051320616433991e-15,-2.05132061577663e-15,0.0,-2.0513206167623226e-15,2.051320616433758e-15,3.2833140858943707e-25,-3.2833140858943707e-25,3.2809867740058054e-25,2.051320616105194e-15,3.2856413977829354e-25,4.328286500674901e-12,-3.2833140858943707e-25,6.156603051197088e-15,3.2879687096715e-25,-2.051320616433991e-15,0.013530584570935006,-3.2879687096715e-25,-4.100983251677329e-15,3.2809867740058054e-25,-6.153961849629606e-15,-6.566628171788741e-25,-2.051320616105194e-15,-2.0513206167618568e-15,2.0513206161049613e-15,-6.573610107454435e-25,-2.0513206167618568e-15,-2.051320616105194e-15,-2.327311888565e-28,0.013530585142332414,-2.327311888565e-28,2.0513206167625553e-15,2.0513206164335254e-15,-1.7290753752772825e-22,4.65462377713e-28,-3.2809867740058054e-25,2.051320616433758e-15,2.0513206161056594e-15,-3.2879687096715e-25,-2.0513206167620895e-15,-6.573610107454435e-25,-2.0513206167620895e-15,-3.2856413977829354e-25,-2.051320616433991e-15,2.0513206161054267e-15,3.2879687096715e-25,2.327311888565e-28,3.2856413977829354e-25,3.2833140858943707e-25,-2.051320616433991e-15,2.0513206164342235e-15,-5.19051176722963e-22,-2.051320616433991e-15,-3.2879687096715e-25,4.102641232867516e-15,0.0,6.573610107454435e-25,2.051320616105194e-15,-2.0513206167623226e-15,2.0513206164335254e-15,-2.051320616433758e-15,-3.2856413977829354e-25,-2.0513206164335254e-15,1.0272680557139727e-15,1.0279315759027277e-15,0.0,4.102641232538952e-15,6.496532392245712e-12,2.05132061577663e-15,-2.0513206161054267e-15,-4.102641232538952e-15,-2.051320615776397e-15,-2.327311888565e-28,2.0513206164335254e-15,2.051320616433758e-15,2.051320616433758e-15,2.0513206164335254e-15,-4.10264123319608e-15,-6.566628171788741e-25,3.2856413977829354e-25,3.2809867740058054e-25,3.2879687096715e-25,-3.290296021560064e-25,2.327311888565e-28,0.0,-3.2856413977829354e-25,-6.573610107454435e-25,-2.051320615447833e-15,-4.102641232867516e-15,0.0,-6.153961849629838e-15,-3.2856413977829354e-25,-4.10264123319608e-15,2.0513206164335254e-15,2.0513206167618568e-15,-4.102641233195848e-15,4.102641232867748e-15,-2.051320616105194e-15,4.65462377713e-28,-4.102641232538952e-15,2.051320616433758e-15,-4.102641232538719e-15,-2.051320616433758e-15,-3.2833140858943707e-25,-6.153961849301506e-15,2.0513206167620895e-15,2.051320615776397e-15,2.051320616433758e-15,0.0,2.164143250337615e-12,-2.051320616433758e-15,-4.102641232867516e-15,2.051320616433758e-15,-2.051320616433758e-15,7.577578357106303e-12,-2.051320616433758e-15,0.0,2.051320616433758e-15,2.051320616433758e-15,4.102641232867516e-15,-2.051320616433758e-15,-2.051320616433758e-15,2.051320616433758e-15,-2.051320616433758e-15,-4.102641232867516e-15,-2.051320616433758e-15,0.0,2.051320616433758e-15,0.0,-2.051320616433758e-15,0.0,0.0,4.102641232867516e-15,2.051320616433758e-15,4.32828650067523e-12,2.051320616433758e-15,-2.051320616433758e-15,4.102641232867516e-15,4.102641232867516e-15,0.0,-2.051320616433758e-15,0.0,-2.051320616433758e-15,0.0,4.102641232867516e-15,-4.102641232867516e-15,4.102641232867516e-15,0.0
0.0,0.0,0.0,0.0,0.0,0.0,0.0,0.0,0.0,0.0,0.0,0.0,0.0,0.0,0.0,0.0,0.0,0.0,0.0,0.0,0.0,0.0,0.0,0.0,0.0,0.0,0.0,0.0,0.0,0.0,0.0,0.0,0.0,0.0,0.0,0.0270611773468376,-2.0513206251070372e-15,4.102641250214852e-15,-2.0513206251070372e-15,2.0513206251075816e-15,-1.5549661247151174e-28,-2.0513206251077374e-15,-4.102641250215086e-15,4.1026412502145415e-15,0.0,-2.051320625435447e-15,-7.774800967130424e-29,2.0513206251073484e-15,4.3282865189766694e-12,2.0513206251077374e-15,7.774860270065337e-29,4.102641250214774e-15,4.102641250214774e-15,-4.1026412502145415e-15,0.0,-1.5549661247151174e-28,2.051320625107426e-15,2.332452151721651e-28,-2.0513206251076593e-15,3.109938179225955e-28,2.0513206251072707e-15,2.0513206251075816e-15,-2.0513206251077374e-15,4.3303378396017765e-12,2.0513231289457503e-15,-2.0513206251073484e-15,-4.102641250214774e-15,2.051320624451074e-15,2.0513206251073484e-15,-4.102639997203594e-15,6.490378457839896e-12,0.013530585362250894,0.013530585477871528,6.153961875322434e-15,-3.1099381797237256e-28,-2.051320625107504e-15,4.102641250214619e-15,2.1661945801134414e-12,-2.0513206251072707e-15,-2.0513206251073484e-15,-4.102641250215008e-15,4.1026412502149296e-15,-2.0513206251073484e-15,-4.102641250214774e-15,-2.0513206252714753e-15,2.0513206251072707e-15,-2.0513206251077374e-15,2.051320625107426e-15,4.1026412502145415e-15,-7.774800967130424e-29,2.051320625107193e-15,-2.0513206251076593e-15,-2.0513206251076593e-15,2.0513206251072707e-15,-4.102641250214774e-15,6.153961875322045e-15,7.774800967130424e-29,2.0513206251073484e-15,1.5549661242173466e-28,2.332452151721651e-28,7.774860270065337e-29,-1.5549720545108378e-28,-4.923032143645478e-25,2.051320625107504e-15,2.0513206251073484e-15,2.051320625107426e-15,2.051320625107426e-15,-2.051320625107193e-15,-4.102641250215008e-15,-2.0513206251075816e-15,-2.0513206251073484e-15,2.051320625107426e-15,-2.0513206251075816e-15,6.488327137214789e-12,-3.0769794135654358e-15,-3.0769787843067253e-15,2.051320625107426e-15,4.102641250214697e-15,1.576439638197934e-34,-3.1099322479369224e-28,-2.051320625107193e-15,2.166194580113442e-12,4.102641250215086e-15,-4.102641250214774e-15,2.051320625107504e-15,-4.102641250214852e-15,4.102641250214852e-15,7.774860280020749e-29,0.006765292170203018,-4.664904303443302e-28,-4.102641250214697e-15,-4.1026412502145415e-15,7.774800967130424e-29,2.051320625107426e-15,6.153961875322201e-15,0.0,4.102641250214697e-15,2.051320625107193e-15,-2.0513206251070372e-15,-9.955412934625413e-38,4.102641250214852e-15,0.020295880231680052,2.0513206251072707e-15,2.0513206251072707e-15,7.774860280020749e-29,3.1099381797237256e-28,7.573475747896618e-12,2.0513206251073484e-15,2.0513206251075816e-15,-2.0513206251075816e-15,2.0513206251075816e-15,4.977706467312707e-38,-2.0513206251073484e-15,-2.051320625107426e-15,4.102641250214619e-15,-2.0513206251073484e-15,2.0513206251076593e-15,-2.0513206251076593e-15,2.051320625107426e-15,-2.051320625107426e-15,-2.051320625107426e-15,5.41138380903339e-12,4.102641250214852e-15,2.051320625107426e-15,0.0,-2.051320625107426e-15,-2.051320625107426e-15,2.051320625107426e-15,2.051320625107426e-15,2.051320625107426e-15,0.0,0.0,4.102641250214852e-15,-2.051320625107426e-15,2.051320625107426e-15,0.0,-4.102641250214852e-15,4.102641250214852e-15,2.051320625107426e-15,0.0,0.0,2.051320625107426e-15,-2.051320625107426e-15,-4.102641250214852e-15,-2.051320625107426e-15,-2.051320625107426e-15,4.102641250214852e-15,0.0,2.051320625107426e-15,-2.051320625107426e-15,-2.051320625107426e-15,-2.051320625107426e-15,2.051320625107426e-15,2.051320625107426e-15,2.051320625107426e-15,0.0,-4.102641250214852e-15,2.051320625107426e-15,0.0
0.0,0.0,0.0,0.0,0.0,0.0,0.0,0.0,0.0,0.0,0.0,0.0,0.0,0.0,0.0,0.0,0.0,0.0,0.0,0.0,0.0,0.0,0.0,0.0,0.0,0.0,0.0,0.0,0.0,0.0,0.0,0.0,0.0,0.0,0.0,0.0,0.027061176861087947,0.0,2.0513206619287474e-15,2.0513206619287474e-15,0.0,2.0513206619287474e-15,0.0,0.0,2.0513206619287474e-15,-2.0513206619287474e-15,2.0513206619287474e-15,0.0,0.0,0.0,-2.0513206619287474e-15,2.0513206619287474e-15,0.0,2.0513206619287474e-15,-2.0513206619287474e-15,0.0,0.0,4.328286596669657e-12,-2.0513206619287474e-15,0.0,2.0513206619287474e-15,4.328286596669657e-12,-2.0513206619287474e-15,2.0513206619287474e-15,-2.0513206619287474e-15,-2.0513206619287474e-15,0.0,-2.0513206619287474e-15,-2.0513206619287474e-15,2.0513206619287474e-15,4.102641323857495e-15,2.0513206619287474e-15,2.0513206619287474e-15,2.0513206619287474e-15,0.013530582553088732,2.0513206619287474e-15,4.102641323857495e-15,-4.102641323857495e-15,-2.0513206619287474e-15,2.0513206619287474e-15,0.0,0.0,2.0513206619287474e-15,4.102641323857495e-15,-2.0513206619287474e-15,0.0,4.102641323857495e-15,0.013530585764923546,4.102641323857495e-15,-2.0513206619287474e-15,0.0,2.0513206619287474e-15,-2.0513206619287474e-15,-2.0513206619287474e-15,0.0,2.1641432983348285e-12,-4.102641323857495e-15,-2.0513206619287474e-15,0.0,2.0513206619287474e-15,2.0513206619287474e-15,0.0,-2.0513206619287474e-15,0.0,2.0513206619287474e-15,-4.102641323857495e-15,6.4924298950044854e-12,2.1641432983348285e-12,0.0,-2.0513206619287474e-15,-2.0513206619287474e-15,0.0,0.0,0.0,-2.0513206619287474e-15,0.0,2.0513206619287474e-15,-2.0513206619287474e-15,0.0,0.0,-2.0513206619287474e-15,2.0513206619287474e-15,4.102641323857495e-15,-4.102641323857495e-15,-2.0513206619287474e-15,2.0513206619287474e-15,-2.0513206619287474e-15,0.02029587821373203,4.102641323857495e-15,2.0513206619287474e-15,0.006765292307835572,2.0513206619287474e-15,0.0,4.102641323857495e-15,2.0513206619287474e-15,0.0,2.0513206619287474e-15,2.0513206619287474e-15,2.0513206619287474e-15,2.0513206619287474e-15,2.0513206619287474e-15,4.102641323857495e-15,-4.102641323857495e-15,2.0513206619287474e-15,0.0,0.0,-2.0513206619287474e-15,-2.0513206619287474e-15,7.577578525164793e-12,0.0,0.0,0.0,1.0769433475125923e-12,-2.0513206619287474e-15,6.153961985786242e-15,-2.0513206619287474e-15,0.0,6.153961985786242e-15,2.0513206619287474e-15,2.0513206619287474e-15,0.0,2.0513206619287474e-15,0.0,0.0,-2.0513206619287474e-15,0.0,4.102641323857495e-15,6.153961985786242e-15,2.0513206619287474e-15,-4.102641323857495e-15,-2.0513206619287474e-15,3.2451892871712783e-12,-2.0513206619287474e-15,2.0513206619287474e-15,0.0,0.0,5.411383906168035e-12,8.115024538590125e-12,-2.0513206619287474e-15,-2.0513206619287474e-15,2.0513206619287474e-15,0.0,0.0,-2.0513206619287474e-15,0.0,0.0,4.102641323857495e-15,0.0,2.0513206619287474e-15,-2.0513206619287474e-15,2.0513206619287474e-15,6.494481215666414e-12,-4.102641323857495e-15,2.0513206619287474e-15,-2.0513206619287474e-15,2.0513206619287474e-15,4.102641323857495e-15,0.0,-2.0513206619287474e-15
0.0,0.0,0.0,0.0,0.0,0.0,0.0,0.0,0.0,0.0,0.0,0.0,0.0,0.0,0.0,0.0,0.0,0.0,0.0,0.0,0.0,0.0,0.0,0.0,0.0,0.0,0.0,0.0,0.0,0.0,0.0,0.0,0.0,0.0,0.0,0.0,0.0,0.027061176844273272,0.0,4.326235278695868e-12,0.0,2.0513206632033514e-15,2.0513206632033514e-15,0.0,0.0,0.0,2.0513206632033514e-15,-4.102641326406703e-15,0.0,-2.0513206632033514e-15,0.0,0.0,2.0513206632033514e-15,0.0,0.0,0.0,0.0,2.0513206632033514e-15,2.0513206632033514e-15,2.0513206632033514e-15,4.3282865993590715e-12,-4.102641326406703e-15,-4.102641326406703e-15,-2.0513206632033514e-15,-2.0513206632033514e-15,0.0,2.0513206632033514e-15,0.0,0.0,-2.0513206632033514e-15,0.0,0.0,0.0,0.013530587898142156,2.0513206632033514e-15,2.1641432996795358e-12,6.492429899038607e-12,0.0,-2.0513206632033514e-15,0.0,0.0,0.0,2.0513206632033514e-15,2.0513206632033514e-15,0.0,0.0,2.0513206632033514e-15,2.0513206632033514e-15,0.0,-2.0513206632033514e-15,-4.102641326406703e-15,0.0,2.0513206632033514e-15,2.0513206632033514e-15,-2.0513206632033514e-15,0.0,-2.0513206632033514e-15,0.0,2.0513206632033514e-15,2.0513206632033514e-15,2.0513206632033514e-15,-2.0513206632033514e-15,-2.0513206632033514e-15,2.1641432996795358e-12,0.013530581662724275,0.0,0.0,2.0513206632033514e-15,0.0,2.0513206632033514e-15,-2.0513206632033514e-15,2.0513206632033514e-15,0.0,-4.102641326406703e-15,-6.153961989610054e-15,0.0,6.492429899038607e-12,0.0,-2.0513206632033514e-15,-2.0513206632033514e-15,-4.102641326406703e-15,2.0513206632033514e-15,0.006765293752302247,-4.102641326406703e-15,2.0513206632033514e-15,3.245189289187702e-12,0.020295877103618305,0.0,6.153961989610054e-15,0.0,6.153961989610054e-15,2.0513206632033514e-15,3.2492919305141084e-12,0.0,-2.0513206632033514e-15,0.0,4.102641326406703e-15,0.0,2.0513206632033514e-15,-2.0513206632033514e-15,0.0,0.0,0.0,0.0,-2.0513206632033514e-15,0.0,0.0,0.0,2.0513206632033514e-15,1.0810459895081662e-12,0.0,2.0513206632033514e-15,0.0,2.0513206632033514e-15,1.0789946688449629e-12,2.0513206632033514e-15,3.78263530294698e-12,5.415486550856848e-13,0.02029587975807853,0.0,0.0,-4.102641326406703e-15,4.102641326406703e-15,2.0513206632033514e-15,7.575527209209977e-12,2.0513206632033514e-15,0.0,7.575527209209977e-12,5.409332588867238e-12,4.102641326406703e-15,-2.0513206632033514e-15,0.0,0.010147940651041487,-2.0513206632033514e-15,0.0,0.0,2.0513206632033514e-15,4.102641326406703e-15,-2.0513206632033514e-15,5.409332588867238e-12,4.102641326406703e-15,2.0513206632033514e-15,-2.0513206632033514e-15,-2.0513206632033514e-15,-2.0513206632033514e-15,2.0513206632033514e-15,2.0513206632033514e-15,4.102641326406703e-15,0.0,2.0513206632033514e-15,0.0,-4.102641326406703e-15,0.0,0.0,-6.153961989610054e-15,2.0513206632033514e-15,-2.0513206632033514e-15,-4.102641326406703e-15,-2.0513206632033514e-15
0.0,0.0,0.0,0.0,0.0,0.0,0.0,0.0,0.0,0.0,0.0,0.0,0.0,0.0,0.0,0.0,0.0,0.0,0.0,0.0,0.0,0.0,0.0,0.0,0.0,0.0,0.0,0.0,0.0,0.0,0.0,0.0,0.0,0.0,0.0,0.0,0.0,0.0,0.027061176827577575,2.0513206644687813e-15,4.332389243358395e-12,-1.5549643257818633e-28,2.0513206644689367e-15,2.0513206644689367e-15,2.0513206644687813e-15,1.5549643257818633e-28,2.0513206644687813e-15,2.0513206644689367e-15,0.0,0.0,1.5549643257818633e-28,-1.5549643257818633e-28,-2.0513206644689367e-15,-1.5549643257818633e-28,1.5549643257818633e-28,0.0,0.0,-3.2809747273997313e-25,2.051320664469092e-15,4.328286602029456e-12,-1.5549643257818633e-28,-2.0513206647970342e-15,4.102641328938029e-15,-1.5549643257818633e-28,1.5549643257818633e-28,1.5549643257818633e-28,2.0513206644689367e-15,1.5549643257818633e-28,-2.0513206644687813e-15,2.0513206644687813e-15,2.0513206644686255e-15,2.0513206644687813e-15,4.102641328937718e-15,2.0513206644687813e-15,-1.0256598867052347e-15,2.0513206644687813e-15,2.0513206644686255e-15,3.1099286515637265e-28,6.496532544373123e-12,2.0513206644687813e-15,2.0513206644689367e-15,0.013530584280973555,0.013530584006051456,-4.102641328938184e-15,-2.0513206644687813e-15,0.0,-3.1099286515637265e-28,-1.0256601301722191e-15,-2.051320664469248e-15,1.5549643257818633e-28,2.0513206644689367e-15,2.0513206644687813e-15,2.162091980350259e-12,2.051320664469092e-15,6.15396199340681e-15,-1.6404873636998656e-25,3.1099286515637265e-28,2.051320664469092e-15,0.0,-2.051320664469092e-15,-2.051320664469092e-15,0.0,-2.0513206644687813e-15,0.0,2.0513206644687813e-15,3.1099286515637265e-28,2.0513206639767905e-15,2.051320664304888e-15,0.0,1.5549643257818633e-28,1.5549643257818633e-28,2.1661946216791973e-12,0.0,-2.0513206644689367e-15,2.051320664469092e-15,4.1026413289378734e-15,-1.5549643257818633e-28,1.5549643257818633e-28,0.0,0.0,-2.0513206644687813e-15,2.0513206644687813e-15,-3.1099286515637265e-28,3.1099286515637265e-28,1.5549643257818633e-28,2.0513206644687813e-15,1.5549643257818633e-28,-3.5898108268550085e-15,-3.1099286515637265e-28,-2.051320664469092e-15,1.5384906429412655e-15,-2.051320664469092e-15,0.0,2.0513206644686255e-15,-1.5549643257818633e-28,2.0513206644689367e-15,2.0513206644687813e-15,2.0513206644687813e-15,0.006765291696369699,2.0513206644687813e-15,-1.5549643257818633e-28,-3.1099286515637265e-28,1.0810459901751298e-12,-2.051320664469092e-15,0.0,-4.1026413289378734e-15,-2.0513206644687813e-15,1.5549643257818633e-28,-2.0513206650433407e-15,0.0,2.0513206644689367e-15,2.0513206644689367e-15,-8.163562710354782e-26,2.051320664469092e-15,-2.0513206644694033e-15,2.051320664469092e-15,0.0,-4.664892977345589e-28,0.0,2.0513206644689367e-15,0.0,-2.0513206644689367e-15,1.0830973108395987e-12,2.0513206644689367e-15,0.0,2.0513206644689367e-15,0.010147937658013096,0.0,4.1026413289378734e-15,0.0,-2.0513206644689367e-15,2.0513206644689367e-15,2.0513206644689367e-15,2.0513206644689367e-15,0.0,0.0,0.0,2.0513206644689367e-15,6.15396199340681e-15,0.0,3.247240611854327e-12,-2.0513206644689367e-15,0.0,2.0513206644689367e-15,2.0513206644689367e-15,2.0513206644689367e-15,2.0513206644689367e-15,0.0,0.0,0.02029587845983101,-4.1026413289378734e-15,0.0,0.0,2.0513206644689367e-15,-2.0513206644689367e-15,0.0,2.0513206644689367e-15,4.1026413289378734e-15,2.0513206644689367e-15
0.0,0.0,0.0,0.0,0.0,0.0,0.0,0.0,0.0,0.0,0.0,0.0,0.0,0.0,0.0,0.0,0.0,0.0,0.0,0.0,0.0,0.0,0.0,0.0,0.0,0.0,0.0,0.0,0.0,0.0,0.0,0.0,0.0,0.0,0.0,0.0,0.0,0.0,0.0,0.02706117677697867,-2.0513206686328984e-15,2.051320667976392e-15,-2.051320668632587e-15,2.0513206683043343e-15,-3.109928661229509e-28,1.5549643286892128e-28,2.0513206679762368e-15,6.557284582229827e-25,2.0513206683044897e-15,3.279419773281184e-25,2.051320668304645e-15,-1.5549643286892128e-28,2.051320667976703e-15,-1.5549643286892128e-28,1.5549643286892128e-28,2.0513206683044897e-15,0.0,4.328286610121817e-12,-3.2794197732850353e-25,-6.560394514941209e-25,2.0513199763467622e-15,2.0513206686324318e-15,6.557284582225976e-25,3.277864808952495e-25,2.051320668632587e-15,1.5549643286892128e-28,-3.2809747376137243e-25,-4.102641336608824e-15,3.109928661229509e-28,-2.0513206679768588e-15,2.051320668304023e-15,-2.051320668304801e-15,2.051320668304023e-15,1.025744104471047e-15,1.0256607793536151e-15,2.0513203223253927e-15,0.013530580125412753,3.1099286573784255e-28,-1.6435973035452452e-25,2.0513206683041785e-15,-1.5549643325402964e-28,3.0769813157369534e-15,-1.02566000036018e-15,-3.2794197732734824e-25,2.051320668304801e-15,-2.0513206683044897e-15,2.0513206679762368e-15,-3.0769808007223493e-15,-2.051320668304645e-15,-2.051320667976392e-15,6.557284582229827e-25,2.0513206683041785e-15,-2.0513206687961693e-15,-2.0513206686324318e-15,2.0513206686319648e-15,2.051320668140441e-15,3.282529701938563e-25,2.0513206683044897e-15,2.0513206679765476e-15,-2.0513206686324318e-15,-2.0513206686324318e-15,3.279419773281184e-25,3.2825297019424137e-25,0.01353058378001899,4.32726203040682e-12,3.1099286573784255e-28,2.1641433050607447e-12,6.492429915183217e-12,-4.102641336608979e-15,-3.277864808952495e-25,2.051320668632587e-15,2.0513206678123434e-15,-4.102641336608979e-15,6.5603945108949085e-25,-2.0513206673206638e-15,-2.051320668304801e-15,-2.0513217062410037e-15,-4.102641336608824e-15,-2.0513206679765476e-15,3.279419773281184e-25,6.561949475223598e-25,-3.2825297019424137e-25,1.5385638435657071e-15,6.561949475219747e-25,-3.277864808952495e-25,2.0513201494999706e-15,2.1667083399044723e-12,-3.5898108335669534e-15,2.051320667320353e-15,2.0513206683044897e-15,-5.128300234705018e-16,-3.279419773277333e-25,0.020295878712565763,2.051320668304023e-15,-2.051320667976703e-15,-4.102641336609135e-15,-2.0513206689606847e-15,-3.109928661229509e-28,-5.128299770986659e-16,3.2763098446199547e-25,-2.051320668304645e-15,-2.051320668304801e-15,-2.0513206683861253e-15,-2.0513206683044897e-15,2.0513206686324318e-15,-2.0513206683041785e-15,-2.0513206683041785e-15,-2.0513206683043343e-15,1.0830973128638684e-12,0.006765291380648111,2.0513206683043343e-15,2.051320667976392e-15,7.575527228048398e-12,-3.2794197732850353e-25,2.0513204958066985e-15,2.0513206679765476e-15,0.023678527348641683,-8.657714850392187e-23,4.102641336608979e-15,2.0513206683044897e-15,2.0513206683044897e-15,0.0,0.0,-4.102641336608979e-15,-2.0513206683044897e-15,2.0513206683044897e-15,-2.0513206683044897e-15,0.006765289550886486,-2.0513206683044897e-15,0.0,-2.0513206683044897e-15,5.411383922987244e-12,2.0513206683044897e-15,2.0513206683044897e-15,0.0,-2.0513206683044897e-15,3.2472406179260073e-12,5.415486564323853e-13,0.0,0.02029587733029769,2.0513206683044897e-15,2.0513206683044897e-15,-8.205282673217959e-15,0.0,0.0,-2.0513206683044897e-15,-2.0513206683044897e-15,4.102641336608979e-15,-2.0513206683044897e-15,4.102641336608979e-15,-2.0513206683044897e-15,-2.0513206683044897e-15,-4.102641336608979e-15,2.0513206683044897e-15,0.0,-2.0513206683044897e-15,2.0513206683044897e-15,0.0,-6.153962004913469e-15
0.0,0.0,0.0,0.0,0.0,0.0,0.0,0.0,0.0,0.0,0.0,0.0,0.0,0.0,0.0,0.0,0.0,0.0,0.0,0.0,0.0,0.0,0.0,0.0,0.0,0.0,0.0,0.0,0.0,0.0,0.0,0.0,0.0,0.0,0.0,0.0,0.0,0.0,0.0,0.0,0.02706117672733671,-2.0513206720675033e-15,-2.0513206720675033e-15,2.0513206720675033e-15,0.0,4.102641344135007e-15,0.0,2.0513206720675033e-15,-2.0513206720675033e-15,0.0,0.0,2.0513206720675033e-15,0.0,0.0,-2.0513206720675033e-15,0.0,2.0513206720675033e-15,-2.0513206720675033e-15,4.3303379387344995e-12,0.0,0.0,-2.0513206720675033e-15,0.0,-2.0513206720675033e-15,4.102641344135007e-15,0.0,2.0513206720675033e-15,2.0513206720675033e-15,0.0,0.0,-4.102641344135007e-15,-2.0513206720675033e-15,0.0,-2.0513206720675033e-15,0.0,0.0,0.0,2.0513206720675033e-15,0.01353057754678778,-2.0513206720675033e-15,-2.0513206720675033e-15,-2.0513206720675033e-15,4.328286618062432e-12,-2.0513206720675033e-15,2.0513206720675033e-15,-4.102641344135007e-15,-4.102641344135007e-15,2.0513206720675033e-15,-4.102641344135007e-15,0.0,0.0,0.0,0.013530584149841329,4.102641344135007e-15,0.0,-2.0513206720675033e-15,0.0,2.0513206720675033e-15,0.0,-2.0513206720675033e-15,0.0,-4.102641344135007e-15,4.102641344135007e-15,-2.0513206720675033e-15,0.0,2.164143309031216e-12,0.0,2.0513206720675033e-15,0.0,6.492429927093648e-12,-2.0513206720675033e-15,0.0,-2.0513206720675033e-15,-2.0513206720675033e-15,0.0,4.102641344135007e-15,0.0,0.0,-2.0513206720675033e-15,2.0513206720675033e-15,4.102641344135007e-15,-2.0513206720675033e-15,0.0,0.0,2.0513206720675033e-15,2.0513206720675033e-15,-2.0513206720675033e-15,0.0,0.0,-2.0513206720675033e-15,4.102641344135007e-15,2.0513206720675033e-15,2.0513206720675033e-15,2.0513206720675033e-15,0.0,2.0513206720675033e-15,-2.0513206720675033e-15,0.0,6.492429927093648e-12,0.0,0.0,-2.0513206720675033e-15,0.006765292016610848,2.0513206720675033e-15,1.0789946735075068e-12,0.0,-2.0513206720675033e-15,-2.0513206720675033e-15,0.0,0.0,0.0,4.102641344135007e-15,-2.0513206720675033e-15,-2.0513206720675033e-15,-2.0513206720675033e-15,2.0513206720675033e-15,-2.0513206720675033e-15,0.0,-2.0513206720675033e-15,0.0,-4.102641344135007e-15,0.0,-2.0513206720675033e-15,2.0513206720675033e-15,0.0,-2.0513206720675033e-15,5.409332612242007e-12,-2.0513206720675033e-15,0.0,-2.0513206720675033e-15,-2.0513206720675033e-15,-2.0513206720675033e-15,2.0513206720675033e-15,2.0513206720675033e-15,2.0513206720675033e-15,2.0513206720675033e-15,0.0,4.102641344135007e-15,0.0,2.0513206720675033e-15,0.0,0.0,0.0,4.102641344135007e-15,4.102641344135007e-15,4.102641344135007e-15,0.0,0.0,-2.0513206720675033e-15,-4.102641344135007e-15,4.102641344135007e-15,0.0,7.577578562617358e-12,2.0513206720675033e-15,2.0513206720675033e-15,2.0513206720675033e-15,0.0,2.0513206720675033e-15,5.413435253586142e-12
0.0,0.0,0.0,0.0,0.0,0.0,0.0,0.0,0.0,0.0,0.0,0.0,0.0,0.0,0.0,0.0,0.0,0.0,0.0,0.0,0.0,0.0,0.0,0.0,0.0,0.0,0.0,0.0,0.0,0.0,0.0,0.0,0.0,0.0,0.0,0.0,0.0,0.0,0.0,0.0,0.0,0.02706117661260327,-1.5549643535054976e-28,2.0513206807648076e-15,2.051320680764652e-15,4.328286636413416e-12,2.051320680764652e-15,4.10264136152946e-15,2.0513206807644968e-15,2.051320680764652e-15,0.0,-2.0513206807644968e-15,4.102641361529304e-15,0.0,-1.5549643535054976e-28,-2.051320680764652e-15,2.0513206807648076e-15,2.0513206807644968e-15,2.051320681092905e-15,0.0,2.051320680764652e-15,-1.5549643535054976e-28,2.051320680764652e-15,4.328286636413416e-12,3.109928707010995e-28,4.102641361529304e-15,1.5549643535054976e-28,1.5549643535054976e-28,-2.051320680764652e-15,-2.051320680764652e-15,2.1641433182067077e-12,4.102641361529149e-15,-4.102641361529304e-15,2.0513206807644968e-15,0.0,4.102641361529304e-15,-2.051320680764652e-15,-4.102641361529149e-15,-1.0256611603352444e-15,-2.0513206807648076e-15,-1.5549643535054976e-28,-1.5549643535054976e-28,3.2809747858966e-25,2.0513206807644968e-15,6.496532595981654e-12,0.013530585852549785,0.013530582638429772,6.153962042294112e-15,2.051320680764341e-15,0.0,4.102641361529304e-15,0.0,5.128301382490542e-15,4.102641361529615e-15,0.0,2.0513206807644968e-15,0.0,1.5549643535054976e-28,4.102641361529304e-15,-1.5549643535054976e-28,2.051320680764652e-15,-4.102641361529615e-15,2.166194638887473e-12,-4.10264136152946e-15,0.0,-4.102641361365256e-15,0.0,-2.0513206807644968e-15,0.0,4.102641362021451e-15,-1.5549643535054976e-28,0.0,-4.10264136152946e-15,4.102641361529149e-15,4.102641361529304e-15,4.102641361529615e-15,4.102641361529304e-15,2.051320680764652e-15,-1.5549643535054976e-28,1.5549643535054976e-28,4.102641361529615e-15,6.49037863393936e-12,2.051320680764652e-15,-2.051320680764652e-15,-2.0513206807644968e-15,2.0513206807648076e-15,-2.0513206807648076e-15,0.0,4.102641361529304e-15,0.02029587800631372,3.109928707010995e-28,2.0513206807648076e-15,-4.102641361529149e-15,4.10264136152946e-15,2.051320680764652e-15,2.0513206807648076e-15,-2.0513206807648076e-15,0.0,4.9214621788449e-25,2.051320680764652e-15,0.0,2.0513206807644968e-15,2.564150686825207e-15,2.0513206807648076e-15,-4.102641361447514e-15,0.0,4.102641361529149e-15,-2.0513206807648076e-15,0.0,2.051320680764652e-15,0.0,3.109928707010995e-28,-2.0513206807648076e-15,0.020295880037613512,2.0513206807644968e-15,1.5549643535054976e-28,-4.10264136152946e-15,4.102641361529304e-15,0.0,-2.051320680764652e-15,0.0,4.102641361529304e-15,0.0,0.0,2.051320680764652e-15,0.0,-2.051320680764652e-15,0.0,2.051320680764652e-15,2.051320680764652e-15,2.051320680764652e-15,0.0,-2.051320680764652e-15,0.0,5.4134352765379175e-12,6.153962042293957e-15,2.051320680764652e-15,2.051320680764652e-15,-4.102641361529304e-15,-2.051320680764652e-15,4.102641361529304e-15,4.102641361529304e-15,0.0,0.0,2.051320680764652e-15,-2.051320680764652e-15,-2.051320680764652e-15,4.102641361529304e-15,2.051320680764652e-15,0.0,7.575527274063861e-12,0.0,2.051320680764652e-15,-2.051320680764652e-15,-2.051320680764652e-15,-2.051320680764652e-15,0.0,-2.051320680764652e-15,-2.051320680764652e-15
0.0,0.0,0.0,0.0,0.0,0.0,0.0,0.0,0.0,0.0,0.0,0.0,0.0,0.0,0.0,0.0,0.0,0.0,0.0,0.0,0.0,0.0,0.0,0.0,0.0,0.0,0.0,0.0,0.0,0.0,0.0,0.0,0.0,0.0,0.0,0.0,0.0,0.0,0.0,0.0,0.0,0.0,0.027061176592515713,-2.0513206822871955e-15,1.1787109571133155e-41,4.102641364575013e-15,1.1787109571133155e-41,1.554964354659986e-28,-2.0513206822875064e-15,1.1787109571133155e-41,2.051320682287351e-15,-2.0513206822871955e-15,-4.102641364574702e-15,4.332389280990885e-12,2.0513206822871955e-15,2.051320682287351e-15,4.32828663962631e-12,4.1026413645745465e-15,3.282529752686733e-25,0.0,1.1787109571133155e-41,-4.102641364574857e-15,-2.051320682287351e-15,-1.5549643544110422e-28,2.051320682287662e-15,2.357421914226631e-41,2.0513206822875064e-15,1.5549643546597503e-28,2.1661946404954427e-12,-1.1787109571133155e-41,-4.102641364575013e-15,-2.0513206822875064e-15,-2.051320682287351e-15,-2.0513206822875064e-15,0.0,-2.051320682287351e-15,2.051320682287351e-15,-2.0513206822871955e-15,1.0256595211907566e-15,2.0513206822871955e-15,2.0513206822871955e-15,-2.0513206822875064e-15,3.280974788332073e-25,2.162091999130868e-12,4.102641364574857e-15,2.051320682287118e-15,2.051320682287118e-15,2.0513206822875064e-15,-3.1099287093193826e-28,-2.051320682287351e-15,-2.051320682287351e-15,0.0,1.0256600217225866e-15,3.109928709319736e-28,0.0,-1.5549643546596321e-28,0.0,-2.0513206822871955e-15,2.357421914226631e-41,-4.102641364574857e-15,1.1787109571133155e-41,-2.051320682287662e-15,2.051320682287662e-15,-1.554964354659986e-28,2.051320682287351e-15,-2.0513206821233022e-15,-2.051320682287351e-15,4.102641364574857e-15,6.496532600804041e-12,4.92146218249811e-25,-4.102641364574857e-15,2.051320682287351e-15,0.013530584164296963,-1.5549643546595144e-28,2.357421914226631e-41,-2.0513206822870397e-15,-2.051320682287351e-15,6.496532600804041e-12,-1.5549643546597503e-28,2.0513206822875064e-15,3.109928709319736e-28,-1.554964354286806e-28,-2.051320682287351e-15,-1.1787109571133155e-41,2.0513206822875064e-15,1.554964354659868e-28,-2.0513206822875064e-15,0.0,2.357421914226631e-41,-3.887413445470855e-29,3.1099287093195006e-28,1.0810459995654342e-12,4.102641364574857e-15,1.554964354659986e-28,-2.051320682287351e-15,1.554964354659868e-28,-1.554964354659868e-28,2.051320682287351e-15,4.92146218249811e-25,1.1787109571133155e-41,0.0,2.0513206822871955e-15,5.128300064412294e-16,1.554964354659868e-28,8.179112505510284e-26,3.245189319378589e-12,-2.0513206822875064e-15,0.02029588259795993,2.051320682287351e-15,1.1787109571133155e-41,4.102641364574702e-15,-4.102641364574391e-15,-1.554964354659868e-28,2.051320682287312e-15,-1.5549643546596321e-28,2.0513206822875064e-15,2.0513206822871955e-15,-2.051320682287351e-15,-2.051320682287351e-15,2.051320682287351e-15,-2.051320682287351e-15,-2.051320682287351e-15,0.0,0.0,-2.051320682287351e-15,2.051320682287351e-15,-2.051320682287351e-15,0.0,0.0,0.01353058393508239,0.020295877999713337,0.0,0.0,2.051320682287351e-15,0.0,0.0,2.051320682287351e-15,4.102641364574702e-15,0.0,0.0,0.0,-4.102641364574702e-15,7.58168124173405e-12,0.0,0.0,0.0,-2.051320682287351e-15,0.0,-4.102641364574702e-15,0.0,0.0,-4.102641364574702e-15,2.051320682287351e-15,0.0,0.0,3.2472406400608766e-12,-2.051320682287351e-15,2.051320682287351e-15,0.0
0.0,0.0,0.0,0.0,0.0,0.0,0.0,0.0,0.0,0.0,0.0,0.0,0.0,0.0,0.0,0.0,0.0,0.0,0.0,0.0,0.0,0.0,0.0,0.0,0.0,0.0,0.0,0.0,0.0,0.0,0.0,0.0,0.0,0.0,0.0,0.0,0.0,0.0,0.0,0.0,0.0,0.0,0.0,0.027061176575313338,-2.0513206835914997e-15,2.051320683263247e-15,2.051320683591189e-15,-2.051320683591811e-15,-1.5549643843275515e-28,-2.0513206835914997e-15,-2.051320683591189e-15,4.332389283744919e-12,-6.219857479951537e-28,2.051320683919753e-15,-2.051320683591033e-15,3.1099287399757685e-28,3.2778648943851784e-25,3.1099287290985064e-28,2.0513206832629356e-15,0.0,4.102641367182533e-15,-1.554964386635821e-28,-3.1099287399757685e-28,2.0513206832634022e-15,-2.0513206835914997e-15,-3.109928737667499e-28,2.0513206835913443e-15,-1.5549643556482175e-28,1.643597340294806e-25,1.5549643688337495e-28,-1.6404874091505935e-25,-3.1099287531613005e-28,1.55496436652548e-28,-1.5549643843275515e-28,-2.0513206835913443e-15,6.1539620507735664e-15,2.0513206835916555e-15,1.0877262181736046e-36,1.025661161748747e-15,2.051320683591811e-15,-2.051320683591033e-15,-2.0513206835913443e-15,2.051320683263247e-15,2.0513206837552377e-15,-4.923017191709848e-25,3.0769812113893666e-15,-3.0769805957444524e-15,-4.102641367183155e-15,0.013530584189421537,-2.0513206835914997e-15,0.013530584006197575,2.0513206835913443e-15,3.0769813448077947e-15,6.4944812842501955e-12,0.0,2.0513206835913443e-15,0.0,-2.0513206835916555e-15,-3.109928737667499e-28,-1.554964386635821e-28,2.051320683591189e-15,4.6648930778219145e-28,-2.0513206837557043e-15,-4.1026413671822225e-15,1.5549643711420192e-28,-2.0513206837552377e-15,-1.5549643711420192e-28,3.1099287554695705e-28,2.051320684083802e-15,-4.924572114364276e-25,4.102641367182533e-15,1.5549643711420192e-28,3.07698071217202e-15,-2.0513206835914997e-15,2.051320683591033e-15,-2.0513206835921218e-15,4.1026413671822225e-15,4.923017199037942e-25,-2.051320683591189e-15,2.0513206835913443e-15,-2.0513206835919664e-15,2.051320683099509e-15,2.051320683591033e-15,-2.051320683591189e-15,4.102641367182844e-15,2.051320683591033e-15,-2.051320683591189e-15,0.0,2.051320683591033e-15,-1.5384901751318132e-15,-3.109928711296435e-28,2.05132068367298e-15,4.66489312430332e-28,0.02029587836381763,0.006765291524645674,-3.109928724481967e-28,2.0513206835916555e-15,-2.051320683591189e-15,2.051320683099198e-15,5.415486604681149e-12,0.02029587880818497,-2.051320683591189e-15,1.5384906768239613e-15,0.0067652917690789955,-2.0513206836728246e-15,2.459953635146674e-25,-3.1099287531613005e-28,3.589811207926365e-15,-2.051320683591189e-15,-2.0513206835914997e-15,2.0513206835916555e-15,-6.219857453580474e-28,3.109928724481967e-28,5.128303544808949e-16,4.102641367182689e-15,4.102641367182689e-15,6.219857464457736e-28,-4.664893108809518e-28,2.0513206835913443e-15,-2.0513206835913443e-15,0.0,0.0,0.0,0.0,2.0513206835913443e-15,-4.102641367182689e-15,6.153962050774033e-15,0.0,0.0,2.0513206835913443e-15,2.0513206835913443e-15,2.0513206835913443e-15,0.0,-2.0513206835913443e-15,2.0513206835913443e-15,7.577578605186425e-12,0.0,0.0,2.0513206835913443e-15,-2.0513206835913443e-15,0.0,2.0513206835913443e-15,2.0513206835913443e-15,-2.0513206835913443e-15,-4.102641367182689e-15,0.0,0.0,-2.0513206835913443e-15,0.016913231217515905,2.0513206835913443e-15,2.0513206835913443e-15,0.0,2.0513206835913443e-15,-2.0513206835913443e-15,0.0,2.0513206835913443e-15,2.0513206835913443e-15,0.0,0.0
0.0,0.0,0.0,0.0,0.0,0.0,0.0,0.0,0.0,0.0,0.0,0.0,0.0,0.0,0.0,0.0,0.0,0.0,0.0,0.0,0.0,0.0,0.0,0.0,0.0,0.0,0.0,0.0,0.0,0.0,0.0,0.0,0.0,0.0,0.0,0.0,0.0,0.0,0.0,0.0,0.0,0.0,0.0,0.0,0.027061176569808616,-2.051320684008619e-15,0.0,-2.051320684008619e-15,0.0,2.051320684008619e-15,0.0,0.0,2.051320684008619e-15,0.0,4.3282866432581864e-12,0.0,-2.051320684008619e-15,0.0,-2.051320684008619e-15,2.051320684008619e-15,0.0,0.0,0.0,2.051320684008619e-15,0.0,2.051320684008619e-15,-2.051320684008619e-15,0.0,2.051320684008619e-15,0.0,-2.051320684008619e-15,-2.051320684008619e-15,-6.153962052025857e-15,2.051320684008619e-15,2.051320684008619e-15,2.051320684008619e-15,-2.051320684008619e-15,0.0,0.0,-2.051320684008619e-15,-2.051320684008619e-15,0.0,2.051320684008619e-15,-2.051320684008619e-15,-2.051320684008619e-15,-2.051320684008619e-15,4.102641368017238e-15,0.0,-2.051320684008619e-15,0.013530584165861606,-4.102641368017238e-15,0.013530584184081438,2.051320684008619e-15,0.0,0.0,0.0,-2.051320684008619e-15,2.051320684008619e-15,6.492429964887279e-12,2.051320684008619e-15,0.0,2.1641433216290932e-12,-4.102641368017238e-15,0.0,0.0,-2.051320684008619e-15,0.0,2.051320684008619e-15,0.0,-2.051320684008619e-15,0.0,0.0,-2.051320684008619e-15,-2.051320684008619e-15,-2.051320684008619e-15,-2.051320684008619e-15,0.0,-6.153962052025857e-15,-2.051320684008619e-15,0.0,2.051320684008619e-15,0.0,2.051320684008619e-15,0.0,0.0,0.0,-2.051320684008619e-15,-2.051320684008619e-15,-2.051320684008619e-15,0.0,0.0,-4.102641368017238e-15,-2.051320684008619e-15,2.051320684008619e-15,-2.051320684008619e-15,0.006765291417429039,0.006765294843050477,0.020295884378549622,2.051320684008619e-15,-2.051320684008619e-15,0.0,-2.051320684008619e-15,-4.102641368017238e-15,-2.051320684008619e-15,-4.102641368017238e-15,2.051320684008619e-15,0.0,-2.051320684008619e-15,0.0,-2.051320684008619e-15,0.0,-2.051320684008619e-15,0.0,0.0,2.051320684008619e-15,2.051320684008619e-15,0.0,2.051320684008619e-15,2.051320684008619e-15,0.020295878265213976,2.051320684008619e-15,-2.051320684008619e-15,-2.051320684008619e-15,2.051320684008619e-15,4.102641368017238e-15,0.0,2.051320684008619e-15,-4.102641368017238e-15,2.051320684008619e-15,-6.153962052025857e-15,-2.051320684008619e-15,2.051320684008619e-15,6.153962052025857e-15,2.051320684008619e-15,0.0,-2.051320684008619e-15,0.0,-2.051320684008619e-15,4.102641368017238e-15,-2.051320684008619e-15,0.0,0.0,0.0,0.0,-2.051320684008619e-15,4.102641368017238e-15,0.016913230681662096,0.0,0.0,-4.102641368017238e-15,-2.051320684008619e-15,0.0,-4.102641368017238e-15,2.051320684008619e-15,-2.051320684008619e-15,-2.051320684008619e-15,-2.051320684008619e-15,-2.051320684008619e-15,-2.051320684008619e-15
0.0,0.0,0.0,0.0,0.0,0.0,0.0,0.0,0.0,0.0,0.0,0.0,0.0,0.0,0.0,0.0,0.0,0.0,0.0,0.0,0.0,0.0,0.0,0.0,0.0,0.0,0.0,0.0,0.0,0.0,0.0,0.0,0.0,0.0,0.0,0.0,0.0,0.0,0.0,0.0,0.0,0.0,0.0,0.0,0.0,0.02706117656734293,-2.051320684195526e-15,2.0513206841953704e-15,0.0,2.0513206841956812e-15,0.0,0.0,2.0513206841956812e-15,-2.051320684195526e-15,3.280974829582412e-25,0.0,-1.5549643742096737e-28,4.102641368391052e-15,-1.5549643742096737e-28,4.102641368391207e-15,0.0,-2.051320684195526e-15,-2.051320684195526e-15,-2.0513206841953704e-15,4.3323892850209505e-12,2.0513206841956812e-15,-1.5549643742096737e-28,-2.051320684195526e-15,-4.102641368390896e-15,2.051320684195526e-15,2.0513206841953704e-15,-4.102641368391207e-15,2.051320684195059e-15,1.5549643742096737e-28,1.5549643742096737e-28,2.0513206841956812e-15,-1.5549643742096737e-28,2.051320684195526e-15,-4.102641368391052e-15,2.0513206841953704e-15,2.0513206841953704e-15,-2.051320684195526e-15,-4.102641368390896e-15,-4.102641368391207e-15,0.013530584146259185,-2.0513206841956812e-15,4.330337964336755e-12,2.051320684195526e-15,-1.5549643742096737e-28,1.0256600298616162e-15,-2.051320684195837e-15,-1.02566065295279e-15,-2.0513206841953704e-15,0.0,2.051320684195526e-15,0.0,-1.5549643742096737e-28,2.0513206841956812e-15,-2.0513206837033795e-15,1.5549643742096737e-28,0.0,1.640487414791206e-25,0.01353058359208875,2.051320684195526e-15,0.0,-6.153962052586733e-15,0.0,1.5549643742096737e-28,0.0,-1.5549643742096737e-28,2.051320684195526e-15,0.0,-6.153962052586733e-15,-1.5549643742096737e-28,6.49653260684723e-12,2.1702972838788664e-12,-2.051320684195526e-15,6.153962052586111e-15,-1.5549643742096737e-28,-2.051320684195526e-15,1.5549643742096737e-28,-4.102641368391052e-15,-2.0513206841953704e-15,-2.051320684195526e-15,0.0,-4.102641368391052e-15,2.0513206841953704e-15,4.102641368390896e-15,-6.153962052586733e-15,2.1661946425104752e-12,-2.051320684195526e-15,-3.1099287484193473e-28,-1.5549643742096737e-28,-2.0513206841953704e-15,4.102641368390896e-15,-1.5384907197118048e-15,2.5641509083519216e-15,-5.128300231424193e-16,-2.0513206841953704e-15,-1.5549643742096737e-28,0.0,-1.5549643742096737e-28,-2.051320684195837e-15,-1.5549643742096737e-28,-4.1026413683913624e-15,2.0513206841956812e-15,-2.051320684195526e-15,-2.0513206841956812e-15,2.051320684195526e-15,-1.5549643742096737e-28,2.051320684195526e-15,2.0513206841953704e-15,2.051320684195526e-15,-2.051320684195526e-15,1.5549643742096737e-28,2.0513206841956812e-15,0.0,1.5549643742096737e-28,0.0,0.0,-4.102641368391052e-15,2.051320684195526e-15,0.0,-2.051320684195526e-15,0.0,0.0,0.0,-2.051320684195526e-15,0.0,2.051320684195526e-15,2.051320684195526e-15,-2.051320684195526e-15,0.0,0.0,0.020295879565797443,2.051320684195526e-15,0.0,0.0,2.051320684195526e-15,-2.051320684195526e-15,4.102641368391052e-15,0.0,4.102641368391052e-15,5.4134352855919925e-12,1.0851486419394332e-12,0.0,-2.051320684195526e-15,2.051320684195526e-15,-2.051320684195526e-15,-6.153962052586577e-15,0.006765292242106109,0.0,-4.102641368391052e-15,2.051320684195526e-15,7.581681248786664e-12,-2.051320684195526e-15,4.102641368391052e-15,0.0,0.0
0.0,0.0,0.0,0.0,0.0,0.0,0.0,0.0,0.0,0.0,0.0,0.0,0.0,0.0,0.0,0.0,0.0,0.0,0.0,0.0,0.0,0.0,0.0,0.0,0.0,0.0,0.0,0.0,0.0,0.0,0.0,0.0,0.0,0.0,0.0,0.0,0.0,0.0,0.0,0.0,0.0,0.0,0.0,0.0,0.0,0.0,0.027061176551712893,-4.102641370760506e-15,-6.153962056140992e-15,1.5549643753912723e-28,2.0513206853803306e-15,4.102641370760661e-15,1.5549643753912723e-28,2.051320685380175e-15,2.4870801605339966e-38,4.328286646152498e-12,-1.178710976556396e-41,-4.10264137076035e-15,-2.0513206853803306e-15,3.109928750782427e-28,4.328286646152498e-12,4.102641370760506e-15,2.051320685380175e-15,-2.051320685380486e-15,-4.102641370432253e-15,1.5549643753912723e-28,6.492429969228746e-12,-1.5549643753911546e-28,-2.0513206853806418e-15,1.5549643753911546e-28,2.051320685380486e-15,2.0513206853800194e-15,2.051320685380486e-15,1.178710976556396e-41,2.0513206853803306e-15,6.492429969228746e-12,-2.0513206853803306e-15,-4.102641370760506e-15,2.0513206853800194e-15,0.013530585897448573,2.051320685380486e-15,-1.5549643753911546e-28,2.0513206853800194e-15,-3.109928750782427e-28,3.0769807144418786e-15,2.051320685380175e-15,4.102641371088914e-15,2.051320685380486e-15,-1.178710976556396e-41,-2.051320685380253e-15,-1.5549643753913904e-28,-7.774824233332799e-29,-1.5549643753910366e-28,0.0,1.5549643753911546e-28,2.0513206853803306e-15,-1.178710976556396e-41,2.051320685380486e-15,2.051320685380175e-15,1.178710976556396e-41,0.0,4.102641370760661e-15,3.0769806724340497e-15,1.5549643753911546e-28,-2.0513206853803306e-15,4.102641370760195e-15,0.0,1.178710976556396e-41,2.0513206853803306e-15,-1.178710976556396e-41,0.01353058404965172,0.0,-2.0513206853807972e-15,-1.178710976556396e-41,-2.051320684887873e-15,1.6451523091638416e-25,2.166194643761629e-12,2.0513206853807972e-15,2.0513206853803306e-15,2.164143323076249e-12,1.178710976556396e-41,-3.109928750782309e-28,-1.5549643753910366e-28,-2.051320685380486e-15,5.411383968033312e-12,5.409332647347932e-12,1.5549643753910366e-28,-4.10264137076035e-15,2.051320685379864e-15,1.6420423804130592e-25,-1.5549643753911546e-28,2.0513206853803306e-15,-6.153962056140992e-15,2.051320685380175e-15,2.0513206853806418e-15,-1.1662234381261316e-28,1.9437055094960778e-28,-3.887409817301265e-29,2.051320685380175e-15,2.0513206853803306e-15,2.0513206853803306e-15,2.0513206853803306e-15,-4.1026413707608166e-15,2.0513206853803306e-15,4.10264137076035e-15,2.051320685380486e-15,-1.5549643753911546e-28,-2.051320685380486e-15,-2.051320685380175e-15,-4.102641370760661e-15,7.57552729110956e-12,2.051320685380486e-15,1.5549643753911546e-28,-4.1026413707608166e-15,7.57552729110956e-12,4.869835307092905e-12,-2.0513206853803306e-15,8.115024631364587e-12,0.0,2.0513206853803306e-15,2.0513206853803306e-15,-2.0513206853803306e-15,0.0,0.0,1.0810460011954343e-12,2.0513206853803306e-15,2.0513206853803306e-15,0.0,3.2472406449570637e-12,0.0,0.0,0.0,4.102641370760661e-15,2.0513206853803306e-15,0.0,0.0,-4.102641370760661e-15,-2.0513206853803306e-15,-2.0513206853803306e-15,0.0,-4.102641370760661e-15,2.0513206853803306e-15,2.0513206853803306e-15,-2.0513206853803306e-15,4.102641370760661e-15,-4.102641370760661e-15,-2.0513206853803306e-15,2.0513206853803306e-15,0.0,-2.0513206853803306e-15,2.0513206853803306e-15,4.102641370760661e-15,-4.102641370760661e-15,-2.0513206853803306e-15,-2.0513206853803306e-15,2.0513206853803306e-15,0.0,-2.0513206853803306e-15,0.0
0.0,0.0,0.0,0.0,0.0,0.0,0.0,0.0,0.0,0.0,0.0,0.0,0.0,0.0,0.0,0.0,0.0,0.0,0.0,0.0,0.0,0.0,0.0,0.0,0.0,0.0,0.0,0.0,0.0,0.0,0.0,0.0,0.0,0.0,0.0,0.0,0.0,0.0,0.0,0.0,0.0,0.0,0.0,0.0,0.0,0.0,0.0,0.027061176536606966,4.326235327882082e-12,-2.0513206865254068e-15,4.328286648568608e-12,-4.102641373050191e-15,4.1026413730508135e-15,4.10264137305128e-15,2.0513206868535043e-15,6.5619496753935185e-25,-1.5549643759756776e-28,-2.0513206865263396e-15,-4.66489313208635e-28,2.0513206865252514e-15,-2.0513206858692118e-15,-2.0513206865246293e-15,4.10264137305128e-15,2.0513206865254068e-15,-3.2903046201708156e-25,2.0513206865254068e-15,9.8413695487143e-25,-2.0513206865252514e-15,1.554964372382614e-28,-1.5549643762588038e-28,-2.0513206865254068e-15,4.10264137305128e-15,-3.1099287480751655e-28,4.102641373050969e-15,-2.05132068652494e-15,9.842924513089994e-25,-2.0513206865258734e-15,6.494481293539437e-12,6.21985750862828e-28,4.102641012469113e-15,3.876190160994971e-37,1.5549643762588038e-28,-2.0513206865246293e-15,1.554964376541931e-28,3.0769813434171166e-15,2.051320686525718e-15,2.0513206861980867e-15,-2.0513206865252514e-15,-2.051320686525562e-15,1.0256600310261676e-15,-1.5549643756925512e-28,1.0256600324077535e-15,4.102641373051124e-15,0.0,0.013530584132053273,2.051320686525718e-15,2.162092003597779e-12,6.494481293539438e-12,4.92612714309539e-25,1.5549643759756776e-28,4.1026413730508135e-15,1.6467072741665613e-25,1.025660698899383e-15,-1.5549643762588038e-28,2.0513206865250956e-15,2.0513206865263396e-15,0.0,2.051320686525562e-15,3.109928756110672e-28,2.0513206865252514e-15,4.1026407323318616e-15,-2.0513206865254068e-15,-3.3099375033702973e-37,2.1661946449708295e-12,-4.929237072743719e-25,2.051320686360736e-15,3.2856397308291283e-25,-6.219857500592773e-28,1.5549643801349943e-28,3.282529802073018e-25,-2.0513206865252514e-15,6.153962059576531e-15,-2.0513206865250956e-15,1.0830973224854145e-12,-2.0513206857050076e-15,2.051320687345806e-15,-3.1099287522344817e-28,-2.0513206865264954e-15,4.102641373051436e-15,2.0513206863612026e-15,-2.0513206865252514e-15,4.1026413730508135e-15,2.0513206865243185e-15,6.219857508345153e-28,-2.051320686525562e-15,-1.5384907214590992e-15,5.12830224738672e-16,-5.128300237248505e-16,6.219857508345153e-28,2.051320686525562e-15,4.102641373051124e-15,1.5549643801349943e-28,2.0513206865246293e-15,-2.0513206865252514e-15,6.2198575127875976e-28,3.1099287558275455e-28,1.0851486431719404e-12,-2.051320686525718e-15,-2.0513206865258734e-15,2.0513206865246293e-15,1.1483411931940452e-24,3.876190160994971e-37,4.102641373050658e-15,2.05132068652494e-15,2.051320687674059e-15,-2.0513206857871095e-15,-3.109928756110672e-28,-2.0513206852949632e-15,2.0513206865254068e-15,0.0,-2.0513206865254068e-15,3.2513432881427695e-12,4.1026413730508135e-15,7.575527295338326e-12,-2.0513206865254068e-15,0.0,0.0,-2.0513206865254068e-15,2.0513206865254068e-15,2.0513206865254068e-15,0.0,4.1026413730508135e-15,0.0,0.0,-2.0513206865254068e-15,0.0,2.0513206865254068e-15,0.0,0.013530590255891687,0.0,2.0513206865254068e-15,2.0513206865254068e-15,0.0,2.0513206865254068e-15,-2.0513206865254068e-15,-2.0513206865254068e-15,0.0,2.0513206865254068e-15,2.0513206865254068e-15,0.0,2.0513206865254068e-15,2.0513206865254068e-15,0.0,0.006765296259065609,0.0,0.0,-2.0513206865254068e-15,0.020295883000694185,0.0
0.0,0.0,0.0,0.0,0.0,0.0,0.0,0.0,0.0,0.0,0.0,0.0,0.0,0.0,0.0,0.0,0.0,0.0,0.0,0.0,0.0,0.0,0.0,0.0,0.0,0.0,0.0,0.0,0.0,0.0,0.0,0.0,0.0,0.0,0.0,0.0,0.0,0.0,0.0,0.0,0.0,0.0,0.0,0.0,0.0,0.0,0.0,0.0,0.027061176535163864,0.0,0.0,2.051320686634798e-15,2.051320686634798e-15,-2.051320686634798e-15,0.0,-6.153962059904394e-15,0.0,-2.051320686634798e-15,-2.051320686634798e-15,4.102641373269596e-15,0.0,0.0,0.0,4.102641373269596e-15,-2.051320686634798e-15,2.051320686634798e-15,-2.051320686634798e-15,2.051320686634798e-15,-2.051320686634798e-15,-2.051320686634798e-15,0.0,4.328286648799424e-12,4.102641373269596e-15,2.051320686634798e-15,0.0,-2.051320686634798e-15,0.0,0.01353058413542718,-2.051320686634798e-15,0.0,0.0,-2.051320686634798e-15,0.0,2.051320686634798e-15,2.051320686634798e-15,6.153962059904394e-15,-2.051320686634798e-15,-2.051320686634798e-15,-2.051320686634798e-15,-4.102641373269596e-15,2.051320686634798e-15,-2.051320686634798e-15,4.102641373269596e-15,2.051320686634798e-15,4.324184007426155e-12,4.102641373269596e-15,0.0,-2.051320686634798e-15,0.0,0.0,0.0,0.0,-2.051320686634798e-15,0.0,0.0,2.051320686634798e-15,-2.051320686634798e-15,-4.102641373269596e-15,-4.102641373269596e-15,0.0,0.0,4.102641373269596e-15,-2.051320686634798e-15,0.013530584290827031,-4.102641373269596e-15,-2.051320686634798e-15,-2.051320686634798e-15,0.0,-2.051320686634798e-15,-4.102641373269596e-15,0.0,4.102641373269596e-15,2.051320686634798e-15,0.0,-2.051320686634798e-15,0.0,2.051320686634798e-15,0.0,6.492429973199136e-12,4.102641373269596e-15,-2.051320686634798e-15,4.102641373269596e-15,-2.051320686634798e-15,-2.051320686634798e-15,2.051320686634798e-15,0.0,0.0,2.051320686634798e-15,-2.051320686634798e-15,0.0,0.0,2.1600406830264426e-12,4.102641373269596e-15,0.0,2.051320686634798e-15,-2.051320686634798e-15,0.006765291559440428,-2.051320686634798e-15,-4.102641373269596e-15,-4.102641373269596e-15,0.0,-4.102641373269596e-15,0.0,4.102641373269596e-15,-2.051320686634798e-15,-4.102641373269596e-15,-4.102641373269596e-15,-2.051320686634798e-15,-2.051320686634798e-15,-2.051320686634798e-15,2.051320686634798e-15,0.020295877795815896,0.0,2.051320686634798e-15,2.051320686634798e-15,-2.051320686634798e-15,-4.102641373269596e-15,-4.102641373269596e-15,2.051320686634798e-15,-2.051320686634798e-15,4.102641373269596e-15,-2.051320686634798e-15,2.051320686634798e-15,-4.102641373269596e-15,4.102641373269596e-15,4.102641373269596e-15,-4.102641373269596e-15,-2.051320686634798e-15,0.0,-4.102641373269596e-15,4.102641373269596e-15,0.0,0.0,-6.153962059904395e-15,-2.051320686634798e-15,2.051320686634798e-15,2.051320686634798e-15,4.102641373269596e-15,2.051320686634798e-15,-2.051320686634798e-15,2.051320686634798e-15,2.051320686634798e-15,-2.051320686634798e-15,2.051320686634798e-15,0.0,-4.102641373269596e-15,0.0,2.051320686634798e-15,2.051320686634798e-15
0.0,0.0,0.0,0.0,0.0,0.0,0.0,0.0,0.0,0.0,0.0,0.0,0.0,0.0,0.0,0.0,0.0,0.0,0.0,0.0,0.0,0.0,0.0,0.0,0.0,0.0,0.0,0.0,0.0,0.0,0.0,0.0,0.0,0.0,0.0,0.0,0.0,0.0,0.0,0.0,0.0,0.0,0.0,0.0,0.0,0.0,0.0,0.0,0.0,0.02706117652576266,4.330337970990442e-12,0.0,0.0,-4.102641374694877e-15,0.0,0.0,0.0,4.102641374694877e-15,0.0,4.330337970990442e-12,-4.102641374694877e-15,0.0,-2.0513206873474385e-15,2.0513206873474385e-15,0.0,0.013530582432866908,2.0513206873474385e-15,-4.102641374694877e-15,-2.0513206873474385e-15,0.0,0.0,0.0,0.0,2.0513206873474385e-15,-2.0513206873474385e-15,2.0513206873474385e-15,0.0,2.0513206873474385e-15,-4.102641374694877e-15,0.0,0.0,-4.102641374694877e-15,-2.0513206873474385e-15,0.0,0.0,2.0513206873474385e-15,0.0,-2.0513206873474385e-15,0.0,2.0513206873474385e-15,0.0,2.0513206873474385e-15,0.0,2.0513206873474385e-15,2.0513206873474385e-15,0.0,6.490378654767295e-12,2.1620920044642e-12,2.0513206873474385e-15,-2.0513206873474385e-15,-2.0513206873474385e-15,-4.102641374694877e-15,0.0,2.0513206873474385e-15,-2.0513206873474385e-15,-2.0513206873474385e-15,2.0513206873474385e-15,2.0513206873474385e-15,-2.0513206873474385e-15,-2.0513206873474385e-15,-2.0513206873474385e-15,6.496532616829338e-12,2.0513206873474385e-15,-2.0513206873474385e-15,0.0,0.0,2.0513206873474385e-15,2.0513206873474385e-15,-2.0513206873474385e-15,2.0513206873474385e-15,0.013530583424581997,4.102641374694877e-15,2.0513206873474385e-15,7.577578619061438e-12,0.0,0.0,-2.0513206873474385e-15,2.0513206873474385e-15,0.0,-2.0513206873474385e-15,-2.0513206873474385e-15,-4.102641374694877e-15,2.0513206873474385e-15,2.0513206873474385e-15,0.0,0.0,0.0,-2.0513206873474385e-15,0.0,2.0513206873474385e-15,2.0513206873474385e-15,0.0,0.0,4.102641374694877e-15,-2.0513206873474385e-15,-2.0513206873474385e-15,2.0513206873474385e-15,0.0,2.0513206873474385e-15,2.0513206873474385e-15,-4.102641374694877e-15,0.0,2.0513206873474385e-15,0.0,-2.0513206873474385e-15,0.0,2.0513206873474385e-15,-4.102641374694877e-15,0.0,0.0,4.102641374694877e-15,0.0,7.58373258112348e-12,1.0810460022321e-12,-2.0513206873474385e-15,0.0,0.0,-2.0513206873474385e-15,-4.102641374694877e-15,4.102641374694877e-15,0.0,0.0,0.0,6.153962062042316e-15,-4.102641374694877e-15,2.0513206873474385e-15,2.0513206873474385e-15,4.102641374694877e-15,0.0,0.0,5.415486614597238e-12,0.0,-2.0513206873474385e-15,4.102641374694877e-15,2.0513206873474385e-15,-2.0513206873474385e-15,0.0,0.006765290277862956,0.0,-2.0513206873474385e-15,2.0513206873474385e-15,0.0,-2.0513206873474385e-15,-2.0513206873474385e-15,0.0,0.0,2.0513206873474385e-15,-4.102641374694877e-15,0.0
0.0,0.0,0.0,0.0,0.0,0.0,0.0,0.0,0.0,0.0,0.0,0.0,0.0,0.0,0.0,0.0,0.0,0.0,0.0,0.0,0.0,0.0,0.0,0.0,0.0,0.0,0.0,0.0,0.0,0.0,0.0,0.0,0.0,0.0,0.0,0.0,0.0,0.0,0.0,0.0,0.0,0.0,0.0,0.0,0.0,0.0,0.0,0.0,0.0,0.0,0.027061176513762435,4.102641376514185e-15,0.0,-2.0513206876005863e-15,0.0,4.102641376514185e-15,4.102641376514185e-15,-2.0513206889135988e-15,2.0513206882570925e-15,2.0513199953150493e-15,-2.0513206876005863e-15,-4.102641376514185e-15,2.0513206885853454e-15,2.0513206879288396e-15,2.0513206882570925e-15,1.0265932648689345e-15,2.0513206879288396e-15,-2.0513206876005863e-15,4.102641376842438e-15,2.0513206882570925e-15,-2.0513206882570925e-15,0.0,0.0,4.102641376185932e-15,-2.0513206879288396e-15,2.0513206879288396e-15,4.102641376514185e-15,-4.102641376842438e-15,2.0513206889135988e-15,2.0513206882570925e-15,0.0,4.102641377170691e-15,2.0513206885853454e-15,0.0,2.0513206882570925e-15,2.0513206879288396e-15,2.0513206882570925e-15,-4.102641376185932e-15,-4.102641376514185e-15,-2.0513206885853454e-15,0.0,-2.0513206885853454e-15,2.0513206882570925e-15,2.0513206879288396e-15,2.0513206879288396e-15,2.0513206882570925e-15,0.013530588478738729,0.013530583726632812,-2.0513206885853454e-15,2.0513206885853454e-15,4.102641376842438e-15,-2.0513206876005863e-15,2.0513206882570925e-15,-3.282529811141532e-25,2.0513206885853454e-15,3.282529811141532e-25,-3.282529811141532e-25,2.0513206879288396e-15,3.282529811141532e-25,-2.0513206879288396e-15,2.0513206885853454e-15,2.0513196486799013e-15,-3.282529811141532e-25,3.282529811141532e-25,2.0513206882570925e-15,2.0513206882570925e-15,4.102641376185932e-15,4.102641376185932e-15,-2.0513206879288396e-15,-3.282529811141532e-25,4.32521044541626e-12,2.0513206876005863e-15,-3.282529811141532e-25,0.006765294372913418,2.0513206882570925e-15,0.0,3.282529811141532e-25,2.0513206879288396e-15,2.0513206882570925e-15,-2.0513206879288396e-15,-2.0513206879288396e-15,-2.0513206876005863e-15,2.0513206879288396e-15,2.0513206879288396e-15,-2.0513206882570925e-15,-2.0513206882570925e-15,0.0,3.282529811141532e-25,4.102641376514185e-15,2.0513206879288396e-15,-3.282529811141532e-25,0.0,0.0,-6.565059622283064e-25,-2.0513206879288396e-15,3.282529811141532e-25,-2.0513206885853454e-15,-2.0513206882570925e-15,-2.0513206885853454e-15,2.0513206879288396e-15,2.0513206889135988e-15,-2.0513206882570925e-15,2.0513206879288396e-15,2.0513206882570925e-15,2.0513206885853454e-15,4.102641376514185e-15,-3.282529811141532e-25,6.565059622283064e-25,0.0,0.0,2.0513206882570925e-15,0.0,2.0513206882570925e-15,0.006765291350786753,0.0,-2.0513206882570925e-15,6.153962064771278e-15,0.0,2.0513206882570925e-15,4.102641376514185e-15,0.0,0.0,-2.0513206882570925e-15,2.0513206882570925e-15,-4.102641376514185e-15,2.0513206882570925e-15,2.0513206882570925e-15,0.0,4.330337972910723e-12,0.0,2.0513206882570925e-15,0.0,-6.153962064771278e-15,0.0,2.0513206882570925e-15,0.0,-2.0513206882570925e-15,-2.0513206882570925e-15,0.0,0.0,0.0,-2.0513206882570925e-15,-2.0513206882570925e-15,6.4944812990219554e-12,0.0,2.0513206882570925e-15,0.0,2.1641433261112327e-12,-2.0513206882570925e-15
0.0,0.0,0.0,0.0,0.0,0.0,0.0,0.0,0.0,0.0,0.0,0.0,0.0,0.0,0.0,0.0,0.0,0.0,0.0,0.0,0.0,0.0,0.0,0.0,0.0,0.0,0.0,0.0,0.0,0.0,0.0,0.0,0.0,0.0,0.0,0.0,0.0,0.0,0.0,0.0,0.0,0.0,0.0,0.0,0.0,0.0,0.0,0.0,0.0,0.0,0.0,0.027061176506269984,4.328286653420842e-12,4.664893149025015e-28,0.0,-2.051320688825199e-15,-6.2198575366397565e-28,-2.051320688824577e-15,-1.5549643866194374e-28,-2.0513206888256656e-15,4.102641377650398e-15,-2.0513206888244216e-15,2.0513206888247324e-15,2.0513206888244216e-15,2.051320688824888e-15,4.102641377649776e-15,4.102641377649932e-15,4.1026413776502426e-15,-2.0513206888255102e-15,-2.051320688825199e-15,2.0513206888253548e-15,4.10264137732199e-15,2.0513206888247324e-15,2.051320688824266e-15,-4.102641377649776e-15,4.102641377649932e-15,2.0513206888244216e-15,-3.076980720006862e-15,-2.051320688825199e-15,-3.1099287683198783e-28,-2.0513206888250436e-15,-4.664893155934619e-28,-2.0513206888253548e-15,-2.051320688825199e-15,-4.66489315002032e-28,2.051320688824266e-15,2.051320688824888e-15,7.7748219178425465e-28,7.774821918340198e-28,6.219857532218412e-28,4.328286653420842e-12,-2.051320688824577e-15,-6.21985753172076e-28,0.013530584129426553,2.051320688496946e-15,4.102641377649465e-15,-2.0513207224600113e-15,-4.102640690836313e-15,-2.0513206888247324e-15,6.496532621508913e-12,2.1661946473992455e-12,2.0513206888253548e-15,-2.051320688825199e-15,-2.0513206888250436e-15,-3.10992876881753e-28,-1.5549643821980926e-28,1.5549643821980926e-28,-4.421345138506539e-37,4.102641377650398e-15,2.0513206888253548e-15,-3.10992876881753e-28,-6.2198559556575765e-28,1.5549643821980926e-28,1.0256606458628151e-15,-2.0513206888250436e-15,-2.051320688825199e-15,-4.664893154441664e-28,-6.219857536142105e-28,-4.102641377649621e-15,2.0513206888253548e-15,-6.557285981777137e-25,-2.0513206888256656e-15,-2.051320688825199e-15,-1.0256603814761086e-15,2.051320688824888e-15,2.0513206888250436e-15,2.051320688824888e-15,-4.102641377650398e-15,4.10264137715763e-15,2.0513206888250436e-15,4.1026413776505534e-15,-2.0513206888250436e-15,2.051320688824888e-15,2.166194647399246e-12,-2.051320688824888e-15,-4.102641377649776e-15,2.0513206888250436e-15,-2.051320688825199e-15,2.051320688824577e-15,0.0202958784009496,-4.102641377650087e-15,2.051320688661306e-15,-2.0513206888253548e-15,6.496532621508913e-12,4.1026413776502426e-15,2.051320688825199e-15,1.5384907117628086e-15,2.0513206888255102e-15,6.219857532218412e-28,-4.421345138506539e-37,2.0513206888247324e-15,5.411383977120466e-12,-4.102641377650398e-15,2.0513206888244216e-15,2.051320688824888e-15,2.0513206888247324e-15,3.109928763898533e-28,1.5549643807051373e-28,0.0,-2.0513206888250436e-15,0.0,2.0513206888250436e-15,0.0,0.0,2.0513206888250436e-15,0.0,-2.0513206888250436e-15,-4.102641377650087e-15,0.0,0.0,2.0513206888250436e-15,0.0,0.0,-4.102641377650087e-15,0.0,0.006765291468483584,-2.0513206888250436e-15,0.0,0.0,0.0,2.0513206888250436e-15,3.251343291787694e-12,0.0,-2.0513206888250436e-15,-2.0513206888250436e-15,-2.0513206888250436e-15,-2.0513206888250436e-15,0.0,0.0,0.0,0.0,0.0,2.0513206888250436e-15,0.0,0.0,2.0513206888250436e-15,-2.0513206888250436e-15,2.0513206888250436e-15,0.0
0.0,0.0,0.0,0.0,0.0,0.0,0.0,0.0,0.0,0.0,0.0,0.0,0.0,0.0,0.0,0.0,0.0,0.0,0.0,0.0,0.0,0.0,0.0,0.0,0.0,0.0,0.0,0.0,0.0,0.0,0.0,0.0,0.0,0.0,0.0,0.0,0.0,0.0,0.0,0.0,0.0,0.0,0.0,0.0,0.0,0.0,0.0,0.0,0.0,0.0,0.0,0.0,0.027061176506066903,4.328286653453324e-12,0.0,0.0,-2.051320688840438e-15,-2.051320688840438e-15,2.051320688840438e-15,2.051320688840438e-15,0.0,2.051320688840438e-15,0.0,4.102641377680876e-15,2.051320688840438e-15,0.0,0.0,-2.051320688840438e-15,0.0,2.051320688840438e-15,0.0,0.0,-2.051320688840438e-15,0.0,0.0,2.051320688840438e-15,-2.051320688840438e-15,0.0,0.0,-2.051320688840438e-15,-4.102641377680876e-15,0.0,2.051320688840438e-15,6.4924299801799856e-12,0.0,0.0,-2.051320688840438e-15,-2.051320688840438e-15,2.051320688840438e-15,-2.051320688840438e-15,-2.051320688840438e-15,2.051320688840438e-15,2.051320688840438e-15,0.0,-2.051320688840438e-15,2.051320688840438e-15,0.0,-2.051320688840438e-15,2.051320688840438e-15,0.013530585552096427,0.013530584121049984,0.0,-2.051320688840438e-15,-2.051320688840438e-15,0.0,0.0,-4.102641377680876e-15,-2.051320688840438e-15,2.164143326726662e-12,4.102641377680876e-15,6.1539620665213135e-15,0.0,0.0,2.051320688840438e-15,0.0,-2.051320688840438e-15,0.0,0.0,-4.102641377680876e-15,2.051320688840438e-15,0.0,0.0,-2.051320688840438e-15,-4.102641377680876e-15,0.0,4.102641377680876e-15,2.051320688840438e-15,-2.051320688840438e-15,2.051320688840438e-15,0.0,0.0,7.577578624576577e-12,-4.102641377680876e-15,-4.102641377680876e-15,0.0,0.0,-2.051320688840438e-15,0.0,2.051320688840438e-15,-4.102641377680876e-15,-2.051320688840438e-15,0.0,0.0,-2.051320688840438e-15,0.0,5.409332656472234e-12,0.0,2.051320688840438e-15,-4.102641377680876e-15,0.0,4.102641377680876e-15,0.020295879762577813,-2.051320688840438e-15,-2.051320688840438e-15,2.051320688840438e-15,2.051320688840438e-15,-2.051320688840438e-15,2.051320688840438e-15,-6.153962066521313e-15,0.0,4.102641377680876e-15,0.0,0.0,4.102641377680876e-15,0.0,0.0,2.051320688840438e-15,-2.051320688840438e-15,0.0,-2.051320688840438e-15,0.0,0.0,0.0,-2.051320688840438e-15,-2.051320688840438e-15,2.051320688840438e-15,0.0,0.0,-2.051320688840438e-15,-2.051320688840438e-15,2.051320688840438e-15,0.02029587523056014,1.083097323707751e-12,-2.051320688840438e-15,-2.051320688840438e-15,0.0,0.0,0.0,0.0,0.0,-2.051320688840438e-15,0.0,4.102641377680876e-15,0.0,0.0,0.0,-4.102641377680876e-15,-2.051320688840438e-15,2.051320688840438e-15
0.0,0.0,0.0,0.0,0.0,0.0,0.0,0.0,0.0,0.0,0.0,0.0,0.0,0.0,0.0,0.0,0.0,0.0,0.0,0.0,0.0,0.0,0.0,0.0,0.0,0.0,0.0,0.0,0.0,0.0,0.0,0.0,0.0,0.0,0.0,0.0,0.0,0.0,0.0,0.0,0.0,0.0,0.0,0.0,0.0,0.0,0.0,0.0,0.0,0.0,0.0,0.0,0.0,0.027061176506061775,0.0,4.102641377681653e-15,-2.051320688512729e-15,4.10264137800975e-15,-3.280974852468773e-25,-2.051320689168924e-15,0.0,2.051320688512729e-15,0.0,2.0513206881846313e-15,2.051320688512729e-15,2.0513206888408263e-15,2.0513206888408263e-15,2.051320689168924e-15,0.0,4.102641377353555e-15,2.0513206888408263e-15,-2.0513206888408263e-15,3.280974852468773e-25,2.0513206888408263e-15,2.0513206888408263e-15,-3.280974852468773e-25,3.280974852468773e-25,-2.0513206888408263e-15,0.0,3.280974852468773e-25,2.0513206894970213e-15,0.0,-2.051320689168924e-15,0.01353058452973922,2.0513206888408263e-15,0.0,3.280974852468773e-25,3.280974852468773e-25,-2.051320689168924e-15,-2.051320688512729e-15,-2.051320688512729e-15,-2.051320689168924e-15,2.051320688512729e-15,0.0,-4.102641377353555e-15,2.051320688512729e-15,-2.0513206888408263e-15,3.280974852468773e-25,-2.051320689168924e-15,-2.0508886887884808e-15,4.32828731434222e-12,0.0,2.051320689168924e-15,4.10264137800975e-15,0.0,0.0,6.561949704937546e-25,4.10264137800975e-15,0.013530582292921704,2.0513206881846313e-15,-9.84292455740632e-25,2.0513206888408263e-15,4.330337974142984e-12,-4.10264137800975e-15,4.102641377681653e-15,2.051320689168924e-15,0.0,2.0513206888408263e-15,-4.102641377025458e-15,4.102641377353555e-15,-2.0513206888408263e-15,-4.102641377681653e-15,3.280974852468773e-25,-2.0513206881846313e-15,4.102641377681653e-15,2.0513206881846313e-15,4.102641377353555e-15,3.280974852468773e-25,-2.051320689168924e-15,2.0513206888408263e-15,2.0513206888408263e-15,0.00676529204536086,6.561949704937546e-25,-4.102641377025458e-15,-2.0513206888408263e-15,2.0513206888408263e-15,-2.051320688512729e-15,2.0513206888408263e-15,-3.280974852468773e-25,6.561949704937546e-25,-4.102641377353555e-15,0.0,4.102641377681653e-15,-2.051320688512729e-15,-2.0513206888408263e-15,0.020295878960792196,-4.102641377681653e-15,2.162092006037903e-12,2.0513206894970213e-15,-2.0513206888408263e-15,4.102641377025458e-15,1.0260789147861269e-15,3.280974852468773e-25,-2.051320688512729e-15,-3.280974852468773e-25,4.102641377353555e-15,3.280974852468773e-25,-3.280974852468773e-25,-2.0513206888408263e-15,2.0513206888408263e-15,0.0,4.102641377681653e-15,0.0,4.102641377681653e-15,-2.0513206888408263e-15,2.0513206888408263e-15,-2.0513206888408263e-15,2.0513206888408263e-15,0.0,0.0,2.0513206888408263e-15,4.102641377681653e-15,2.0513206888408263e-15,4.102641377681653e-15,-2.0513206888408263e-15,0.0,0.0,4.102641377681653e-15,2.0513206888408263e-15,0.0,0.0,2.162092006038231e-12,0.006765290634072739,2.0513206888408263e-15,4.102641377681653e-15,0.0,0.0,0.0,-2.0513206888408263e-15,2.0513206888408263e-15,0.0,2.0513206888408263e-15,2.0513206888408263e-15,-2.0513206888408263e-15,4.102641377681653e-15,0.0,4.102641377681653e-15,-2.0513206888408263e-15,0.0
0.0,0.0,0.0,0.0,0.0,0.0,0.0,0.0,0.0,0.0,0.0,0.0,0.0,0.0,0.0,0.0,0.0,0.0,0.0,0.0,0.0,0.0,0.0,0.0,0.0,0.0,0.0,0.0,0.0,0.0,0.0,0.0,0.0,0.0,0.0,0.0,0.0,0.0,0.0,0.0,0.0,0.0,0.0,0.0,0.0,0.0,0.0,0.0,0.0,0.0,0.0,0.0,0.0,0.0,0.02706117649325333,-4.102641379623492e-15,-2.051320689811746e-15,0.0,4.328286655502784e-12,0.0,2.051320689811746e-15,0.0,-2.051320689811746e-15,4.102641379623492e-15,-2.051320689811746e-15,0.0,2.051320689811746e-15,-2.051320689811746e-15,2.051320689811746e-15,0.0,2.051320689811746e-15,0.0,-4.102641379623492e-15,0.0,0.0,4.102641379623492e-15,0.0,2.051320689811746e-15,-2.051320689811746e-15,0.0,0.0,0.0,0.0,0.0,0.0,2.051320689811746e-15,0.0,-2.051320689811746e-15,2.051320689811746e-15,2.051320689811746e-15,-2.051320689811746e-15,4.330337976192596e-12,0.0,-4.102641379623492e-15,4.102641379623492e-15,0.0,0.0,2.051320689811746e-15,0.013530584117198114,4.102641379623492e-15,0.0,0.013530584378630731,0.0,0.0,-2.051320689811746e-15,6.494481303943988e-12,2.051320689811746e-15,2.051320689811746e-15,-2.051320689811746e-15,2.1620920070615804e-12,0.0,2.051320689811746e-15,0.0,4.102641379623492e-15,-2.051320689811746e-15,-2.051320689811746e-15,4.102641379623492e-15,0.0,2.051320689811746e-15,-4.102641379623492e-15,0.0,4.102641379623492e-15,0.0,0.0,-2.051320689811746e-15,0.0,0.0,0.0,0.0,0.0,-4.102641379623492e-15,0.0,0.0,0.0,0.0,6.494481303943988e-12,0.0,0.0,-2.051320689811746e-15,0.0,2.051320689811746e-15,0.0,-2.051320689811746e-15,2.051320689811746e-15,7.57757862816459e-12,4.102641379623492e-15,-4.102641379623492e-15,0.0,0.0,0.0,-2.051320689811746e-15,-2.051320689811746e-15,2.051320689811746e-15,2.051320689811746e-15,4.102641379623492e-15,0.0,2.051320689811746e-15,2.051320689811746e-15,0.0,2.166194648441204e-12,0.0,2.051320689811746e-15,2.051320689811746e-15,4.102641379623492e-15,4.102641379623492e-15,0.0,0.0,-2.051320689811746e-15,2.051320689811746e-15,-4.102641379623492e-15,-4.102641379623492e-15,2.051320689811746e-15,4.102641379623492e-15,2.051320689811746e-15,-2.051320689811746e-15,0.0,2.051320689811746e-15,0.0,2.051320689811746e-15,4.102641379623492e-15,0.0,-2.051320689811746e-15,-2.051320689811746e-15,0.0,0.0,-2.051320689811746e-15,3.247240651971994e-12,0.0,2.051320689811746e-15,-2.051320689811746e-15,0.0,0.0,1.0789946828409784e-12,2.051320689811746e-15,0.0,-4.102641379623492e-15,0.0,-2.051320689811746e-15,3.247240651971994e-12
0.0,0.0,0.0,0.0,0.0,0.0,0.0,0.0,0.0,0.0,0.0,0.0,0.0,0.0,0.0,0.0,0.0,0.0,0.0,0.0,0.0,0.0,0.0,0.0,0.0,0.0,0.0,0.0,0.0,0.0,0.0,0.0,0.0,0.0,0.0,0.0,0.0,0.0,0.0,0.0,0.0,0.0,0.0,0.0,0.0,0.0,0.0,0.0,0.0,0.0,0.0,0.0,0.0,0.0,0.0,0.027061176486662435,4.330337977247273e-12,-2.051320690311978e-15,6.561949715856324e-25,3.109928772840589e-28,3.1099287752871212e-28,-2.0513206903116674e-15,-3.1099287752871212e-28,2.0513206903116674e-15,-2.051320690311978e-15,-2.0513206903116674e-15,0.013530581712760002,-6.219857548127711e-28,6.4944813055257534e-12,-2.051320690311978e-15,-6.153962070934069e-15,-6.153962070933758e-15,-6.219857551071659e-28,2.051320690311045e-15,-3.109928772343173e-28,-2.051320690310734e-15,-4.102641380622712e-15,6.219857547630294e-28,-3.1099287752871212e-28,4.330337977247273e-12,2.051320690311045e-15,2.051320690311356e-15,3.109928772840589e-28,-2.051320125837359e-15,2.051320690311045e-15,3.1099287752871212e-28,4.102641380622712e-15,-2.0513206903116674e-15,-2.051320690310734e-15,6.2198575471328785e-28,-3.4413644852447576e-37,6.568169573403954e-25,-3.109928771845757e-28,-6.2198575505742425e-28,-4.102641380621468e-15,-3.109928771845757e-28,-2.051320690311045e-15,2.0513206903116674e-15,4.102640754576168e-15,9.3291313841749e-28,-6.561950711591209e-25,2.051320103899299e-15,-3.109928772840589e-28,-6.219857545183762e-28,-3.1099287752871212e-28,-4.102641379638109e-15,3.109928774292289e-28,6.153962070933758e-15,-2.051319786722329e-15,3.2747550003812775e-25,1.4922481136959066e-37,2.9439484597379265e-37,-6.565059638416438e-25,1.2439715095758003e-27,-2.051320690312289e-15,-2.051320690311978e-15,6.2198575505742425e-28,2.1661946489687917e-12,9.329786318978636e-28,0.013530584109795922,-2.051320690311045e-15,2.0513206903126e-15,2.051320690311356e-15,-2.051320690311045e-15,0.020295877468064074,-2.0513206903116674e-15,4.10264138062209e-15,-2.051320690311356e-15,-2.051320690311045e-15,2.051320690311045e-15,-9.329786322917416e-28,-3.0769807199511545e-15,-2.051320690311356e-15,2.051320690311978e-15,-2.051320690311045e-15,2.0513206912956487e-15,3.109928771845757e-28,-2.0513206903116674e-15,-3.109928774789705e-28,4.102641380622712e-15,9.329786319476051e-28,-2.051320690311356e-15,-2.051320690312289e-15,-2.051320690310734e-15,1.149118682468297e-24,-1.025659826850828e-15,-5.887896919475853e-37,2.0513206899835695e-15,-3.109928773338005e-28,3.109928772343173e-28,0.006765290029633146,-2.0513206903118228e-15,4.102641380623023e-15,2.051320690311978e-15,-2.051320690310734e-15,0.02367852652876096,2.0513206903116674e-15,2.0513206903116674e-15,2.051320690311356e-15,0.0,-2.051320690311356e-15,2.051320690311356e-15,-2.051320690311356e-15,0.0,0.0,2.051320690311356e-15,0.0,0.0,-2.051320690311356e-15,0.0,-2.051320690311356e-15,2.051320690311356e-15,0.0,0.0,0.0,2.051320690311356e-15,0.0,-2.051320690311356e-15,2.051320690311356e-15,0.0,0.0,2.051320690311356e-15,2.051320690311356e-15,0.0,0.0,-2.051320690311356e-15,2.051320690311356e-15,2.051320690311356e-15,-2.051320690311356e-15,4.102641380622712e-15,-2.051320690311356e-15,-2.051320690311356e-15,0.0,-2.051320690311356e-15,-2.051320690311356e-15,5.413435301731669e-12,-4.102641380622712e-15,-2.051320690311356e-15,0.0
0.0,0.0,0.0,0.0,0.0,0.0,0.0,0.0,0.0,0.0,0.0,0.0,0.0,0.0,0.0,0.0,0.0,0.0,0.0,0.0,0.0,0.0,0.0,0.0,0.0,0.0,0.0,0.0,0.0,0.0,0.0,0.0,0.0,0.0,0.0,0.0,0.0,0.0,0.0,0.0,0.0,0.0,0.0,0.0,0.0,0.0,0.0,0.0,0.0,0.0,0.0,0.0,0.0,0.0,0.0,0.0,0.02706117645521979,2.0513206926948055e-15,-2.0513206926948055e-15,0.0,0.0,-2.0513206926948055e-15,-2.0513206926948055e-15,0.0,0.0,2.0513206926948055e-15,2.0513206926948055e-15,0.0,0.01353058622475268,-2.0513206926948055e-15,0.0,-2.0513206926948055e-15,4.102641385389611e-15,0.0,0.0,0.0,-6.153962078084416e-15,2.0513206926948055e-15,-2.0513206926948055e-15,2.0513206926948055e-15,-2.0513206926948055e-15,0.0,0.0,0.0,0.0,-2.0513206926948055e-15,0.0,0.0,2.0513206926948055e-15,0.0,-2.0513206926948055e-15,0.0,-2.0513206926948055e-15,0.0,0.0,2.0513206926948055e-15,0.0,-2.0513206926948055e-15,0.0,2.0513206926948055e-15,0.0,0.0,0.0,-2.0513206926948055e-15,-2.0513206926948055e-15,0.0,0.0,0.0,2.0513206926948055e-15,-2.0513206926948055e-15,2.0513206926948055e-15,4.102641385389611e-15,-2.0513206926948055e-15,0.0,-2.0513206926948055e-15,-2.0513206926948055e-15,-2.0513206926948055e-15,0.013530584642958782,-2.0513206926948055e-15,4.3303379822787345e-12,-2.0513206926948055e-15,0.0,0.0,0.0,2.0513206926948055e-15,-2.0513206926948055e-15,0.0,2.0513206926948055e-15,0.0,0.0,0.0,-2.0513206926948055e-15,-2.0513206926948055e-15,-4.102641385389611e-15,-2.0513206926948055e-15,0.0,2.0513206926948055e-15,0.0,0.0,-4.102641385389611e-15,0.0,0.0,-2.0513206926948055e-15,-2.0513206926948055e-15,4.102641385389611e-15,2.0513206926948055e-15,-2.0513206926948055e-15,2.0513206926948055e-15,0.0,-2.0513206926948055e-15,2.0513206926948055e-15,2.0513206926948055e-15,0.0,2.0513206926948055e-15,2.0513206926948055e-15,0.0,0.0,2.0513206926948055e-15,0.0,2.0513206926948055e-15,-2.0513206926948055e-15,0.0,-2.0513206926948055e-15,0.0,0.0,0.0,-2.0513206926948055e-15,-4.102641385389611e-15,0.0,4.33238930297143e-12,2.16414333079302e-12,2.0513206926948055e-15,2.0513206926948055e-15,0.0,-2.0513206926948055e-15,0.0,2.0513206926948055e-15,-4.102641385389611e-15,-2.0513206926948055e-15,0.0,2.0513206926948055e-15,4.102641385389611e-15,-2.0513206926948055e-15,-4.102641385389611e-15,0.0,-2.0513206926948055e-15,0.0,2.0513206926948055e-15,-4.102641385389611e-15,0.0,0.0,-2.0513206926948055e-15,0.0,-2.0513206926948055e-15,0.0,0.020295881753032992,0.0,-2.0513206926948055e-15,2.0513206926948055e-15
0.0,0.0,0.0,0.0,0.0,0.0,0.0,0.0,0.0,0.0,0.0,0.0,0.0,0.0,0.0,0.0,0.0,0.0,0.0,0.0,0.0,0.0,0.0,0.0,0.0,0.0,0.0,0.0,0.0,0.0,0.0,0.0,0.0,0.0,0.0,0.0,0.0,0.0,0.0,0.0,0.0,0.0,0.0,0.0,0.0,0.0,0.0,0.0,0.0,0.0,0.0,0.0,0.0,0.0,0.0,0.0,0.0,0.02706117633561754,2.0513207017611807e-15,0.0,0.0,1.5549644006936595e-28,2.0513207017611807e-15,4.102641403522051e-15,0.0,-1.5549644006936595e-28,-1.5549644006936595e-28,-2.0513207017610253e-15,-1.0256601990577537e-15,2.0513207017611807e-15,2.0513207017610253e-15,-4.102641403521895e-15,-2.0513207017613365e-15,-2.0513207017610253e-15,-2.0513207017610253e-15,0.0,2.051320701761492e-15,-2.0513207017611807e-15,-2.05132070176087e-15,-1.5549644006936595e-28,2.0513207017611807e-15,2.0513207017610253e-15,0.0,-2.0513207017610253e-15,0.0,4.102641403522206e-15,0.0,4.326235360014002e-12,-1.5549644006936595e-28,0.0,2.0513207017611807e-15,0.0,1.5549644006936595e-28,0.0,2.0513207017610253e-15,4.102641403521895e-15,4.102641403522051e-15,1.5549644006936595e-28,0.0,-1.5549644006936595e-28,2.0513207017610253e-15,4.102641403522051e-15,-4.102641403522051e-15,4.326235360014002e-12,1.5549644006936595e-28,2.0513207017610253e-15,0.013530583750975805,0.013530582697376465,-1.5549644006936595e-28,1.5549644006936595e-28,4.102641403521895e-15,-3.109928801387319e-28,-2.05132070176087e-15,0.0,-4.102641403521895e-15,2.0513207017611807e-15,-2.05132070176087e-15,1.0256606226081316e-15,1.5549644006936595e-28,-3.2825298498643145e-25,-2.05132070176087e-15,4.102641403522051e-15,-2.0513207017610253e-15,2.0513207017610253e-15,-2.0513207017611807e-15,1.5549644006936595e-28,-4.102641403522051e-15,-1.5549644006936595e-28,-2.0513207017610253e-15,0.0,6.496532662477167e-12,1.5549644006936595e-28,2.1661946610596426e-12,4.1026414035223615e-15,2.0513207017611807e-15,-2.0513207017610253e-15,2.05132070176087e-15,2.0513207017610253e-15,-2.0513207017610253e-15,2.0513207017613365e-15,-2.0513207017610253e-15,-2.0513207017610253e-15,1.5549644006936595e-28,4.102641403522206e-15,-3.109928801387319e-28,-2.0513207017611807e-15,-4.102641403521895e-15,-4.102641403522206e-15,0.006765291502159842,6.4924300210736455e-12,-1.5549644006936595e-28,4.102641403521895e-15,0.006765292190459991,2.05132070176087e-15,-1.5549644006936595e-28,0.0,1.0830973305298213e-12,-2.0513207017611807e-15,-4.102641403522051e-15,2.0513207017610253e-15,6.153962105283076e-15,-2.0513207017610253e-15,-2.0513207017610253e-15,0.0,-4.102641403522051e-15,0.0,2.0513207017610253e-15,4.102641403522051e-15,-4.102641403522051e-15,-2.0513207017610253e-15,-4.102641403522051e-15,0.020295878170519848,-4.102641403522051e-15,2.0513207017610253e-15,-4.102641403522051e-15,4.102641403522051e-15,0.020295878068454336,0.003382645921234922,-2.0513207017610253e-15,0.0,-2.0513207017610253e-15,4.102641403522051e-15,0.0,-4.102641403522051e-15,2.0513207017610253e-15,0.0,-2.0513207017610253e-15,0.0,2.0513207017610253e-15,2.0513207017610253e-15,-2.0513207017610253e-15,-2.0513207017610253e-15,2.0513207017610253e-15,-2.0513207017610253e-15,-2.0513207017610253e-15,-2.0513207017610253e-15,0.0,4.102641403522051e-15,-2.0513207017610253e-15
0.0,0.0,0.0,0.0,0.0,0.0,0.0,0.0,0.0,0.0,0.0,0.0,0.0,0.0,0.0,0.0,0.0,0.0,0.0,0.0,0.0,0.0,0.0,0.0,0.0,0.0,0.0,0.0,0.0,0.0,0.0,0.0,0.0,0.0,0.0,0.0,0.0,0.0,0.0,0.0,0.0,0.0,0.0,0.0,0.0,0.0,0.0,0.0,0.0,0.0,0.0,0.0,0.0,0.0,0.0,0.0,0.0,0.0,0.027061176328897412,2.051320702270432e-15,-2.051320702270432e-15,-2.0513207022705873e-15,2.0513207022701206e-15,-3.109928829649744e-28,-2.051320702270432e-15,1.554964401079923e-28,1.554964401079923e-28,2.0513207022705873e-15,3.0769809015829665e-15,-3.109928815904795e-28,-4.102641404541019e-15,2.0513207022705873e-15,4.664893216984718e-28,-2.0513207022702764e-15,-2.0513207022702764e-15,2.051320702270432e-15,2.05132070226981e-15,3.109928815904795e-28,4.102641404540864e-15,1.554964401079923e-28,-3.109928815904795e-28,-6.153962106811451e-15,0.0,-2.0513207022702764e-15,0.0,-4.664893230729667e-28,-2.051320702270432e-15,2.0513207019424898e-15,-2.0513207022702764e-15,0.0,-3.109928815904795e-28,2.051320702270432e-15,4.330338002492882e-12,-2.051320702270432e-15,-2.0513207022705873e-15,-1.554964428569821e-28,2.0513207022701206e-15,-1.554964401079923e-28,2.051320702270432e-15,1.554964401079923e-28,2.0513207022702764e-15,4.334440643897422e-12,-2.0513207022701206e-15,2.0513207019423343e-15,2.0513207022702764e-15,0.013530584030911336,-1.0256600163257204e-15,1.0256607658107938e-15,1.554964401079923e-28,0.013530583133122111,-1.554964428569821e-28,-2.0513207022701206e-15,1.3744948914709869e-36,2.051320702270432e-15,-2.0513207022702764e-15,-3.109928815904795e-28,2.051320702270432e-15,-1.0256606228629126e-15,-1.554964401079923e-28,3.2825298506797178e-25,2.051320702270432e-15,-3.109928829649744e-28,2.0513207022705873e-15,2.0513207022702764e-15,-2.0513207022701206e-15,2.0513207022702764e-15,-6.153962106810985e-15,2.0513207022705873e-15,-2.0513207022702764e-15,-2.051320702270432e-15,-4.9245723017503685e-25,-2.0513207022705873e-15,-1.6435973864561447e-25,-4.102641404541486e-15,-3.109928815904795e-28,1.554964414824872e-28,2.051320702270432e-15,2.0513207022702764e-15,2.0513207022705873e-15,-4.664893216984718e-28,2.0513207022705873e-15,2.0513207022705873e-15,6.492430022685917e-12,-4.664893230729667e-28,0.006765291844644244,3.109928815904795e-28,1.554964428569821e-28,2.0513207022708985e-15,-5.128299798634408e-16,4.1026414040485624e-15,1.554964401079923e-28,-2.0513207022705873e-15,1.5384906702317152e-15,-1.3744948914709869e-36,1.554964401079923e-28,0.0,-2.0513207023525337e-15,-2.0513207022701206e-15,-2.051320702270432e-15,6.1539621068112956e-15,-2.051320702270432e-15,0.0,-2.051320702270432e-15,2.051320702270432e-15,0.0,2.051320702270432e-15,0.0,0.0,0.0,0.0,0.0,0.0,0.0,2.051320702270432e-15,-4.102641404540864e-15,0.0,0.0,2.051320702270432e-15,0.0,4.102641404540864e-15,0.0,-6.1539621068112956e-15,2.051320702270432e-15,-2.051320702270432e-15,-2.051320702270432e-15,2.051320702270432e-15,0.0,0.0,0.0,-4.102641404540864e-15,0.0,0.0,0.006765291054227299,2.051320702270432e-15,-2.051320702270432e-15,4.102641404540864e-15,-2.051320702270432e-15,0.0,0.020295877637484163
0.0,0.0,0.0,0.0,0.0,0.0,0.0,0.0,0.0,0.0,0.0,0.0,0.0,0.0,0.0,0.0,0.0,0.0,0.0,0.0,0.0,0.0,0.0,0.0,0.0,0.0,0.0,0.0,0.0,0.0,0.0,0.0,0.0,0.0,0.0,0.0,0.0,0.0,0.0,0.0,0.0,0.0,0.0,0.0,0.0,0.0,0.0,0.0,0.0,0.0,0.0,0.0,0.0,0.0,0.0,0.0,0.0,0.0,0.0,0.02706117622397646,1.5549644216259172e-28,-2.0513207102236084e-15,-2.051320710223919e-15,-2.0513207102237638e-15,2.051320710223919e-15,4.334440660702813e-12,-2.0513207102237638e-15,-2.051320710223919e-15,-2.332446517352596e-28,2.3574220535915257e-41,-2.0513207102234526e-15,2.0513207102236084e-15,-2.0513207102237638e-15,1.5549644216257992e-28,1.5549644216257992e-28,-1.5549644216259172e-28,2.0513207102236084e-15,2.0513207102237638e-15,-3.1099288432518344e-28,2.0513207102237638e-15,2.0513207102237638e-15,4.3282866985721425e-12,0.0,1.5549644216257992e-28,-2.0513207102237638e-15,-4.1026414204475276e-15,1.5549644216259172e-28,-4.102641420447683e-15,1.5549644216257992e-28,0.0,4.1026414204475276e-15,-2.051320710223919e-15,-3.2825298940523107e-25,4.102641420447683e-15,4.102641420447683e-15,1.1787110424244064e-41,2.0513207102236084e-15,2.0513207102237638e-15,-2.051320710223919e-15,-1.1787110215862151e-41,2.0513207102236084e-15,2.0513207098952e-15,-2.0513207102236084e-15,2.0513207102236084e-15,-1.5549644216257992e-28,-1.025660041776988e-15,7.774819570170244e-29,2.051320710223686e-15,-2.0513207102237638e-15,-1.025659973721793e-15,1.1787110424244064e-41,0.013530584836947022,-2.0513207102237638e-15,-2.051320710223919e-15,1.5549644216257992e-28,2.0513207102237638e-15,2.0513207102236084e-15,-2.051320710223686e-15,-2.0513207102237638e-15,2.0513207102237638e-15,2.0513207102236084e-15,2.3574220640106215e-41,-1.554964421626035e-28,4.102641420447372e-15,2.051320710223919e-15,2.0513207102236084e-15,4.664893264877516e-28,-4.102641420447683e-15,2.051320710223919e-15,2.051320710223919e-15,-6.153962130671291e-15,1.554964421626035e-28,4.1026414204475276e-15,2.051320710224075e-15,2.0513207102237638e-15,2.0513207102237638e-15,-1.5549644216259172e-28,-2.051320710223919e-15,-2.051320710223919e-15,6.153962130671291e-15,-2.051320710223919e-15,-1.554964421626035e-28,2.0513207097316175e-15,2.0513207102237638e-15,3.589811412507067e-15,2.0513207102237638e-15,4.1026414204475276e-15,-1.5549644216262708e-28,-2.0513207102237247e-15,2.0513207102234526e-15,2.0513207102237638e-15,-4.102641420447372e-15,2.051320710223647e-15,1.0419095617659277e-49,2.0513207102237638e-15,2.0513207102237638e-15,2.051320710223919e-15,2.051320710223919e-15,-2.0513207102237638e-15,-4.1026414204475276e-15,0.0,0.0,0.0067652912479273485,2.0513207102237638e-15,0.0,-2.0513207102237638e-15,0.0,4.1026414204475276e-15,0.0,2.0513207102237638e-15,-4.1026414204475276e-15,0.0,2.0513207102237638e-15,4.1026414204475276e-15,-2.0513207102237638e-15,2.0513207102237638e-15,0.0,2.0513207102237638e-15,2.0513207102237638e-15,4.1026414204475276e-15,0.0202958787599094,-2.0513207102237638e-15,-4.1026414204475276e-15,2.0513207102237638e-15,8.205282840895055e-15,-2.0513207102237638e-15,-2.0513207102237638e-15,6.49653268927866e-12,0.0,2.164143349286071e-12,2.0513207102237638e-15,2.0513207102237638e-15,0.0,0.0,6.153962130671291e-15,0.0,2.0513207102237638e-15,2.0513207102237638e-15,2.0513207102237638e-15
0.0,0.0,0.0,0.0,0.0,0.0,0.0,0.0,0.0,0.0,0.0,0.0,0.0,0.0,0.0,0.0,0.0,0.0,0.0,0.0,0.0,0.0,0.0,0.0,0.0,0.0,0.0,0.0,0.0,0.0,0.0,0.0,0.0,0.0,0.0,0.0,0.0,0.0,0.0,0.0,0.0,0.0,0.0,0.0,0.0,0.0,0.0,0.0,0.0,0.0,0.0,0.0,0.0,0.0,0.0,0.0,0.0,0.0,0.0,0.0,0.02706117614951044,-2.051320715868518e-15,-2.051320715868518e-15,-4.102641431737036e-15,-2.051320715868518e-15,2.051320715868518e-15,0.0,0.0,2.051320715868518e-15,2.051320715868518e-15,-2.051320715868518e-15,2.051320715868518e-15,2.051320715868518e-15,4.33238935191431e-12,-2.051320715868518e-15,0.013530581512682816,2.051320715868518e-15,0.0,4.102641431737036e-15,-2.051320715868518e-15,-4.102641431737036e-15,2.051320715868518e-15,-2.051320715868518e-15,4.102641431737036e-15,2.051320715868518e-15,0.0,2.051320715868518e-15,4.102641431737036e-15,2.051320715868518e-15,-2.051320715868518e-15,-4.102641431737036e-15,0.0,0.0,-4.102641431737036e-15,0.0,0.0,0.0,0.0,0.0,0.0,2.051320715868518e-15,0.0,4.102641431737036e-15,-6.153962147605554e-15,2.051320715868518e-15,2.051320715868518e-15,0.0,2.051320715868518e-15,0.0,2.051320715868518e-15,4.328286710482573e-12,-2.051320715868518e-15,0.0,0.0,4.102641431737036e-15,0.0,0.01353058502311411,0.0,-2.051320715868518e-15,-2.051320715868518e-15,2.051320715868518e-15,0.0,6.492430065723859e-12,0.0,-2.051320715868518e-15,0.02029587736518387,0.0,-4.102641431737036e-15,2.051320715868518e-15,0.0,2.051320715868518e-15,4.102641431737036e-15,-4.102641431737036e-15,0.0,0.0,0.0,2.051320715868518e-15,0.0,0.0,-2.051320715868518e-15,-2.051320715868518e-15,-2.051320715868518e-15,0.0,0.0,-2.051320715868518e-15,6.153962147605554e-15,0.0,2.051320715868518e-15,0.0,0.0,2.051320715868518e-15,2.051320715868518e-15,-2.051320715868518e-15,-2.051320715868518e-15,0.006765288059525449,-2.051320715868518e-15,-2.051320715868518e-15,0.0033826439389774234,2.1682459966730237e-12,0.0,-4.102641431737036e-15,0.0,-2.051320715868518e-15,2.051320715868518e-15,0.006765291981191162,0.0,0.0,2.051320715868518e-15,0.020295879472663595,2.051320715868518e-15,2.051320715868518e-15,0.0,5.413435369177019e-12,2.051320715868518e-15,-2.051320715868518e-15,2.051320715868518e-15,0.0,-2.051320715868518e-15,0.0,-2.051320715868518e-15,2.051320715868518e-15,2.051320715868518e-15,0.0,4.102641431737036e-15,4.102641431737036e-15,0.0,2.051320715868518e-15,-2.051320715868518e-15,-2.051320715868518e-15,0.0,2.051320715868518e-15,-4.102641431737036e-15,-2.051320715868518e-15,-2.051320715868518e-15,-2.051320715868518e-15,4.102641431737036e-15,2.051320715868518e-15,-4.102641431737036e-15,2.051320715868518e-15
0.0,0.0,0.0,0.0,0.0,0.0,0.0,0.0,0.0,0.0,0.0,0.0,0.0,0.0,0.0,0.0,0.0,0.0,0.0,0.0,0.0,0.0,0.0,0.0,0.0,0.0,0.0,0.0,0.0,0.0,0.0,0.0,0.0,0.0,0.0,0.0,0.0,0.0,0.0,0.0,0.0,0.0,0.0,0.0,0.0,0.0,0.0,0.0,0.0,0.0,0.0,0.0,0.0,0.0,0.0,0.0,0.0,0.0,0.0,0.0,0.0,0.027061176070579725,4.328286723107108e-12,2.0513207218513988e-15,-4.1026414437035754e-15,1.5549644510557976e-28,2.05132072185171e-15,2.05132072185171e-15,-2.0513207218515546e-15,-2.0513207218515546e-15,-2.0513207218518654e-15,1.5549644510557976e-28,1.5549644510557976e-28,-2.0513207215233013e-15,4.328286723107108e-12,3.076980585352212e-15,1.5549644510557976e-28,-6.15396216555513e-15,3.1099289021115952e-28,-2.0513207218518654e-15,2.0513207218513988e-15,2.0513207218518654e-15,2.0513207218515546e-15,4.102641443703731e-15,1.5549644510557976e-28,-4.10264144370342e-15,1.5549644510557976e-28,-4.102641443703109e-15,2.0513207218518654e-15,-4.1026414437035754e-15,-3.1099289021115952e-28,0.0,-6.15396216555513e-15,-3.1099289021115952e-28,6.15396216555513e-15,0.013530584677222453,-2.05132072185171e-15,-2.05132072185171e-15,0.0,0.0,4.1026414437035754e-15,2.05132072185171e-15,-4.102641443703109e-15,-2.0513207218521766e-15,2.0513207218518654e-15,1.5549644510557976e-28,2.05132072185171e-15,1.5549644510557976e-28,-2.05132072185171e-15,-4.1026414437032646e-15,-4.1026414433753225e-15,6.153962165554975e-15,2.05132072185171e-15,-2.05132072185171e-15,-8.205282887406529e-15,-2.05132072185171e-15,1.0256601296020348e-15,-2.05132072185171e-15,2.164143361553554e-12,2.0513207218515546e-15,-4.1026414437032646e-15,2.05132072185171e-15,4.102641444195567e-15,-2.05132072185171e-15,2.0513207218515546e-15,3.589810903407102e-15,4.10264144370342e-15,2.162092040831702e-12,2.0513207218518654e-15,0.0,4.1026414437035754e-15,-2.0513207218513988e-15,-4.102641443703731e-15,0.0,0.0,0.0,-2.0513207218515546e-15,-4.10264144370342e-15,2.05132072185171e-15,2.0513207218515546e-15,-2.0513207218518654e-15,-1.5549644510557976e-28,-2.05132072185171e-15,0.0,-1.5549644510557976e-28,-2.0513207218512434e-15,0.0,2.0513207218518654e-15,4.10264144370342e-15,0.0,2.0513207218518654e-15,-4.1026414437032646e-15,-1.5549644510557976e-28,-2.0513207218518654e-15,4.615471171026693e-15,-1.5549644510557976e-28,-2.0513207218518654e-15,2.3077355786315404e-15,2.05132072185171e-15,0.0,6.492430084660662e-12,0.0,4.10264144370342e-15,0.0,4.10264144370342e-15,1.0810460204158513e-12,4.10264144370342e-15,0.0,2.05132072185171e-15,0.0,2.05132072185171e-15,-2.05132072185171e-15,4.10264144370342e-15,0.0,2.05132072185171e-15,-2.05132072185171e-15,0.0,-2.05132072185171e-15,2.05132072185171e-15,-2.05132072185171e-15,0.0,0.0,0.0,-4.10264144370342e-15,-4.10264144370342e-15,2.05132072185171e-15,-2.05132072185171e-15,4.10264144370342e-15,0.0,0.0,0.0,0.013530584817046628,-2.05132072185171e-15,-2.05132072185171e-15,-6.15396216555513e-15,0.0,-2.05132072185171e-15,-2.05132072185171e-15,0.0
0.0,0.0,0.0,0.0,0.0,0.0,0.0,0.0,0.0,0.0,0.0,0.0,0.0,0.0,0.0,0.0,0.0,0.0,0.0,0.0,0.0,0.0,0.0,0.0,0.0,0.0,0.0,0.0,0.0,0.0,0.0,0.0,0.0,0.0,0.0,0.0,0.0,0.0,0.0,0.0,0.0,0.0,0.0,0.0,0.0,0.0,0.0,0.0,0.0,0.0,0.0,0.0,0.0,0.0,0.0,0.0,0.0,0.0,0.0,0.0,0.0,0.0,0.02706117570584054,-2.051320749828476e-15,-2.051320748844028e-15,2.0513207495002225e-15,-3.280975055089339e-25,2.0513207491719696e-15,2.05132074982832e-15,-4.102641498671881e-15,3.2794200906175735e-25,1.5549644717653982e-28,-2.0513207494999117e-15,2.0513207501565733e-15,-2.0513214417859595e-15,1.0256598768325274e-15,1.5549644717653982e-28,-2.0513207485157746e-15,3.1099289435307963e-28,-2.051320749172125e-15,4.330338102194313e-12,2.051320749172125e-15,-3.2825300195611044e-25,2.051320748844183e-15,1.5549644717653982e-28,6.561950110178678e-25,2.0513207495002225e-15,2.0513207501565733e-15,2.051320749172125e-15,4.102641499656173e-15,-3.1099289435307963e-28,6.153962248500201e-15,9.842925165268018e-25,-2.0513207495003783e-15,-2.0513207504843596e-15,4.330338639299117e-12,4.102641499328232e-15,2.0513207498281646e-15,2.051320749500067e-15,-2.051320749500067e-15,-2.0513207501561067e-15,4.102641498672037e-15,6.565060039122209e-25,-2.0513207491724362e-15,-3.2794200906175735e-25,1.5549644717653982e-28,2.0513207491719696e-15,-4.102641498999979e-15,-2.0513207491719696e-15,-2.0513207488437167e-15,9.842925145603667e-25,-9.84448012973978e-25,-4.102641499328232e-15,2.0513207498281646e-15,1.3127010149300887e-24,3.280975055089339e-25,1.0256601432621615e-15,2.0513207498281646e-15,0.013530582942232755,-3.2825300195611044e-25,6.563505074650443e-25,2.0513207491719696e-15,-4.1026414991641834e-15,3.280975055089339e-25,2.0513207491718142e-15,3.589810951217551e-15,6.153962247844007e-15,4.1026411531850525e-15,2.051320749172125e-15,4.102641499000134e-15,-6.5603951457069115e-25,2.051320749828476e-15,-2.051320748844183e-15,-4.102641499000134e-15,2.051320749500067e-15,-2.051320749500067e-15,2.05132074982832e-15,6.561950110178678e-25,-3.280975055089339e-25,-2.05132074982832e-15,3.2794200906175735e-25,-4.10264149900029e-15,3.280975055089339e-25,-6.153962248500201e-15,2.0513207494999117e-15,3.285639948504635e-25,-2.051320749500067e-15,2.051320749172125e-15,2.051320748843872e-15,-6.153962248500201e-15,-3.2794200906175735e-25,6.563505074650443e-25,-4.10264149900029e-15,-2.051320749172125e-15,5.128297334971369e-16,-2.0513207495002225e-15,3.2794200906175735e-25,2.5641485986676215e-16,4.102641499000134e-15,0.0,0.01353058409580734,0.0,-2.051320749500067e-15,2.051320749500067e-15,2.051320749500067e-15,0.006765290939323782,0.0,0.0,2.051320749500067e-15,-2.051320749500067e-15,2.051320749500067e-15,-4.102641499000134e-15,4.102641499000134e-15,-2.051320749500067e-15,2.051320749500067e-15,0.0,0.0,0.0,0.0,-2.051320749500067e-15,0.0,2.051320749500067e-15,-2.051320749500067e-15,-2.051320749500067e-15,-4.102641499000134e-15,2.051320749500067e-15,0.0,2.051320749500067e-15,2.051320749500067e-15,0.0,2.051320749500067e-15,-2.051320749500067e-15,2.051320749500067e-15,2.051320749500067e-15,2.051320749500067e-15,-2.051320749500067e-15,-2.051320749500067e-15,-2.051320749500067e-15,-2.051320749500067e-15
0.0,0.0,0.0,0.0,0.0,0.0,0.0,0.0,0.0,0.0,0.0,0.0,0.0,0.0,0.0,0.0,0.0,0.0,0.0,0.0,0.0,0.0,0.0,0.0,0.0,0.0,0.0,0.0,0.0,0.0,0.0,0.0,0.0,0.0,0.0,0.0,0.0,0.0,0.0,0.0,0.0,0.0,0.0,0.0,0.0,0.0,0.0,0.0,0.0,0.0,0.0,0.0,0.0,0.0,0.0,0.0,0.0,0.0,0.0,0.0,0.0,0.0,0.0,0.02706117567687794,-2.0513207516956773e-15,-2.0513207516950552e-15,-2.0513207516956773e-15,-2.051320751695522e-15,-2.0513207516949e-15,-2.0513207516953664e-15,0.013530584037634956,4.1026415033913545e-15,4.330338106829247e-12,4.102641504048171e-15,6.153962254758002e-15,4.102640508540167e-15,2.051320751695833e-15,2.051320751695833e-15,6.219857894713315e-28,4.102641503390733e-15,-2.0513207513680464e-15,-2.0513207516952106e-15,-4.6648934303543465e-28,2.0513207516959885e-15,3.1099289473566573e-28,4.332389427580942e-12,-2.0513207516950552e-15,2.0513207516966105e-15,-2.0513207516952106e-15,2.051320751695833e-15,4.102641503390421e-15,2.0513207516959885e-15,4.664893448993069e-28,-2.0513207516962993e-15,-6.219857973907848e-28,5.128302134119098e-15,-2.0513207516950552e-15,4.1026415033913545e-15,2.0513207516956773e-15,-1.5549645249147795e-28,-1.5549645435535017e-28,-4.102641503390888e-15,9.329786860708693e-28,-2.0513207516964547e-15,1.5549644643589674e-28,3.1099289473566573e-28,2.051320751695522e-15,-2.051320751695522e-15,-2.051320751695522e-15,4.664893388437257e-28,6.565060007888543e-25,-7.774822396349725e-28,-4.664893532827248e-28,-2.0513207516952106e-15,2.051320751696766e-15,1.5549644829976894e-28,-4.626476472101187e-22,4.1026415033913545e-15,-1.0256607480932067e-15,-2.0513207516959885e-15,-4.102641503390421e-15,0.013530583763053366,-2.0513207507118514e-15,-4.102641503390888e-15,-2.051320751695833e-15,3.0769804078764907e-15,1.5549646087489594e-28,-2.051320751859726e-15,2.051320751695833e-15,2.051320751695833e-15,-2.051320751695522e-15,9.329786902625784e-28,2.0513207516950552e-15,2.0513207516952106e-15,1.5549645249147795e-28,4.102641503390888e-15,6.219857955269126e-28,-4.102641503390733e-15,2.0513207516953664e-15,-6.219857955269126e-28,-2.0513207516956773e-15,2.0513207516949e-15,1.5549644829976894e-28,-4.6648935747443375e-28,-2.0513207516956773e-15,2.0513207516966105e-15,-1.5549645249147795e-28,4.1026415033913545e-15,2.0513207516953664e-15,-2.0513207516959885e-15,4.102641503391199e-15,6.219857913352036e-28,-6.219857997186216e-28,2.164143393038775e-12,1.0256594695681277e-15,-4.664893472271436e-28,2.0513207516953664e-15,-3.589811782370592e-15,-2.051320751695522e-15,0.0,-2.051320751695522e-15,-2.051320751695522e-15,-4.102641503391044e-15,4.102641503391044e-15,-4.102641503391044e-15,-6.1539622550865656e-15,-6.1539622550865656e-15,0.0,0.0,0.0,2.051320751695522e-15,-2.051320751695522e-15,-2.051320751695522e-15,-2.051320751695522e-15,2.051320751695522e-15,2.051320751695522e-15,2.051320751695522e-15,6.1539622550865656e-15,0.0,-4.102641503391044e-15,2.051320751695522e-15,0.0,0.0,-2.051320751695522e-15,-4.102641503391044e-15,0.0,0.0,-2.051320751695522e-15,0.0,2.051320751695522e-15,-2.051320751695522e-15,2.051320751695522e-15,0.0,0.0,2.051320751695522e-15,-2.051320751695522e-15,-4.102641503391044e-15,-2.051320751695522e-15,-4.102641503391044e-15
0.0,0.0,0.0,0.0,0.0,0.0,0.0,0.0,0.0,0.0,0.0,0.0,0.0,0.0,0.0,0.0,0.0,0.0,0.0,0.0,0.0,0.0,0.0,0.0,0.0,0.0,0.0,0.0,0.0,0.0,0.0,0.0,0.0,0.0,0.0,0.0,0.0,0.0,0.0,0.0,0.0,0.0,0.0,0.0,0.0,0.0,0.0,0.0,0.0,0.0,0.0,0.0,0.0,0.0,0.0,0.0,0.0,0.0,0.0,0.0,0.0,0.0,0.0,0.0,0.02706117542549371,2.0513207707512234e-15,-2.0513207707512234e-15,-2.0513207707512234e-15,0.0,4.32623550551433e-12,4.102641541502447e-15,-4.102641541502447e-15,2.0513207707512234e-15,-2.0513207707512234e-15,0.0,0.0,4.102641541502447e-15,2.0513207707512234e-15,-2.0513207707512234e-15,2.0513207707512234e-15,-2.0513207707512234e-15,0.0,0.0,-4.102641541502447e-15,0.0,0.0,0.0,-2.0513207707512234e-15,-4.102641541502447e-15,2.0513207707512234e-15,4.102641541502447e-15,4.102641541502447e-15,0.0,0.0,4.102641541502447e-15,4.102641541502447e-15,0.0,6.1539623122536706e-15,2.0513207707512234e-15,-2.0513207707512234e-15,-2.0513207707512234e-15,-4.102641541502447e-15,4.328286826285082e-12,2.0513207707512234e-15,2.0513207707512234e-15,-4.102641541502447e-15,-2.0513207707512234e-15,0.0,4.102641541502447e-15,2.0513207707512234e-15,0.0,2.0513207707512234e-15,2.0513207707512234e-15,0.0,0.013530584113512762,0.013530583079076827,-2.0513207707512234e-15,2.0513207707512234e-15,-2.0513207707512234e-15,0.0,-2.0513207707512234e-15,-2.0513207707512234e-15,0.0,2.0513207707512234e-15,-2.0513207707512234e-15,0.0,4.102641541502447e-15,2.0513207707512234e-15,-2.0513207707512234e-15,-2.0513207707512234e-15,0.0,0.0,-2.0513207707512234e-15,2.0513207707512234e-15,2.0513207707512234e-15,0.0,4.102641541502447e-15,0.0,0.0,2.0513207707512234e-15,0.0,-4.102641541502447e-15,4.102641541502447e-15,2.0513207707512234e-15,-4.102641541502447e-15,0.0,4.102641541502447e-15,-2.0513207707512234e-15,2.0513207707512234e-15,-4.102641541502447e-15,-2.0513207707512234e-15,-4.102641541502447e-15,8.205283083004894e-15,0.0,0.0,0.0,-2.0513207707512234e-15,-2.0513207707512234e-15,0.0,-2.0513207707512234e-15,2.0513207707512234e-15,2.0513207707512234e-15,-2.0513207707512234e-15,2.0513207707512234e-15,2.0513207707512234e-15,-2.0513207707512234e-15,0.0,0.0,0.0,-4.102641541502447e-15,0.0,-2.0513207707512234e-15,2.0513207707512234e-15,6.496532880969125e-12,2.0513207707512234e-15,0.0,0.0,0.0,4.102641541502447e-15,-2.0513207707512234e-15,-2.0513207707512234e-15,-4.102641541502447e-15,4.102641541502447e-15,0.02029587857809408,0.006765290829195776,-4.102641541502447e-15,0.0,0.0,2.0513207707512234e-15,0.0,2.0513207707512234e-15,-2.0513207707512234e-15,0.0,0.0,0.006765291754482984,-2.0513207707512234e-15,2.1600407716010383e-12,2.0513207707512234e-15,6.1539623122536706e-15
0.0,0.0,0.0,0.0,0.0,0.0,0.0,0.0,0.0,0.0,0.0,0.0,0.0,0.0,0.0,0.0,0.0,0.0,0.0,0.0,0.0,0.0,0.0,0.0,0.0,0.0,0.0,0.0,0.0,0.0,0.0,0.0,0.0,0.0,0.0,0.0,0.0,0.0,0.0,0.0,0.0,0.0,0.0,0.0,0.0,0.0,0.0,0.0,0.0,0.0,0.0,0.0,0.0,0.0,0.0,0.0,0.0,0.0,0.0,0.0,0.0,0.0,0.0,0.0,0.0,0.019135148560403513,-2.9010044555453936e-15,5.8020089110914474e-15,2.9010044555456137e-15,-4.63779872082468e-25,-4.398102153461053e-28,5.802008911091667e-15,2.9010044555453936e-15,2.1990510767305267e-28,-2.9010044555456137e-15,2.9010044555456137e-15,2.901004455545174e-15,2.9010044555453936e-15,5.8020089110914474e-15,-2.9010044555458334e-15,5.8020089110914474e-15,-5.802008911091227e-15,-2.9010044555456137e-15,-2.901004455545174e-15,-2.9010044555456137e-15,0.0,0.0,-2.9010044555453936e-15,2.9010044555460535e-15,2.9010044555453936e-15,-4.398102153461053e-28,5.802008911090787e-15,0.0,-2.9010044555456137e-15,5.802008911090787e-15,2.901004455545174e-15,2.9010044555456137e-15,5.802008911090568e-15,5.802008911091008e-15,2.1990510767305267e-28,2.9010044555458334e-15,5.802008911091667e-15,2.901004455081614e-15,-2.1990510767305267e-28,-2.9010044555458334e-15,5.802008911091667e-15,2.1990510767305267e-28,5.802008911091227e-15,2.901004455545174e-15,-2.1990510767305267e-28,2.9010044555456137e-15,6.126921410112336e-12,-2.1990510767305267e-28,5.802008911091227e-15,1.4505026136168798e-15,-4.35150618658104e-15,5.8020089110914474e-15,-2.1990510767305267e-28,-2.9010044555453936e-15,0.0,6.1211194012012445e-12,2.1990510767305267e-28,-2.9010044555456137e-15,-2.1990510767305267e-28,2.1990510767305267e-28,-2.9010044555456137e-15,-2.9010044555460535e-15,-2.9010044555458334e-15,5.8020089110914474e-15,2.9010044555458334e-15,-8.703013366636842e-15,0.0,2.9010044555458334e-15,2.9010044555453936e-15,-2.9010044555458334e-15,2.9010044555456137e-15,-4.398102153461053e-28,-2.9010044555456137e-15,-2.9010044555456137e-15,-2.1990510767305267e-28,2.9010044555456137e-15,5.802008911091667e-15,-4.398102153461053e-28,2.9010044555453936e-15,2.9010044555460535e-15,-2.9010044555456137e-15,5.802008911090787e-15,5.8020089110914474e-15,-2.1990510767305267e-28,4.398102153461053e-28,-5.802008911091008e-15,-2.901004455545174e-15,2.901004455544734e-15,2.9010044555456137e-15,8.703013366636842e-15,-2.9010044555456137e-15,2.9010044555458334e-15,5.8020089110914474e-15,0.0,2.9010044555458334e-15,-2.1990510767305267e-28,2.9010044555453936e-15,9.184580106257413e-12,-2.1990510767305267e-28,-2.1990510767305267e-28,-5.802008911091008e-15,0.0,2.9010044555456137e-15,-5.802008911091227e-15,2.901004455546054e-15,2.9010044555456137e-15,2.9010044555458334e-15,2.9010044555453936e-15,-2.9010044562420532e-15,-2.1990510767305267e-28,5.802008911091227e-15,2.9010044555456137e-15,0.0,-2.901004455546054e-15,2.9010044555458334e-15,3.0547576916895313e-12,-2.901004455545174e-15,-4.398102153461053e-28,-5.076757476561681e-15,-6.5272597004589896e-15,5.802008911091667e-15,0.0,0.00956757294061363,5.802008911091008e-15,2.9010044555456137e-15,2.9010044555453936e-15,2.9010044555458334e-15,0.0,5.802008911091227e-15,2.175753566985474e-15,-2.9010044555453936e-15,-2.3156007837972447e-25,2.9010044555453936e-15,2.901004455544954e-15
0.0,0.0,0.0,0.0,0.0,0.0,0.0,0.0,0.0,0.0,0.0,0.0,0.0,0.0,0.0,0.0,0.0,0.0,0.0,0.0,0.0,0.0,0.0,0.0,0.0,0.0,0.0,0.0,0.0,0.0,0.0,0.0,0.0,0.0,0.0,0.0,0.0,0.0,0.0,0.0,0.0,0.0,0.0,0.0,0.0,0.0,0.0,0.0,0.0,0.0,0.0,0.0,0.0,0.0,0.0,0.0,0.0,0.0,0.0,0.0,0.0,0.0,0.0,0.0,0.0,0.0,0.019135148472519032,-5.802008937738208e-15,2.9010044688698735e-15,4.637798742124598e-25,4.398102173660121e-28,4.398094901247621e-28,8.70301340660896e-15,5.802008937738648e-15,-2.9010044688698735e-15,4.3980985374538715e-28,8.796200711113993e-28,-8.703013406607641e-15,2.9010044688700932e-15,6.124020433783374e-12,-2.9010044688687742e-15,2.901004468868554e-15,5.802008937738427e-15,-8.796200711113993e-28,2.901004468868994e-15,-5.8020089377388675e-15,-5.8020089377388675e-15,-6.597149624283932e-28,-3.6362062495290204e-34,-2.9010044688687742e-15,4.398102173660121e-28,-2.9010044688681144e-15,2.9010044688694337e-15,-5.802008937739307e-15,2.901004468870753e-15,-2.901004468868554e-15,-2.901004468868994e-15,5.802008937740407e-15,1.0995248161737806e-27,-2.9010044688696534e-15,2.1990474506238105e-28,4.398094901247621e-28,-2.9010044684049942e-15,2.9010044688696534e-15,-2.9010044688696534e-15,2.9010044688698735e-15,-2.9010044688696534e-15,-2.901004468868554e-15,-5.802008937737988e-15,2.9010044688696534e-15,4.3980985374538715e-28,2.901004469798532e-15,-5.802008937738648e-15,8.796197074907743e-28,-1.4505026202785716e-15,4.351506206566108e-15,6.597145988077683e-28,2.1990510868300605e-28,-6.597149624283932e-28,6.126921438252244e-12,2.901004469797213e-15,-2.1990510868300605e-28,-4.3980985374538715e-28,2.1990510868300605e-28,0.009567573605597101,-4.3980985374538715e-28,-5.8020089377388675e-15,-2.9010044688696534e-15,2.9010044688700932e-15,-5.802008937738648e-15,-2.901004468870753e-15,0.0,2.1990474506238105e-28,2.9010044688700932e-15,-2.1990474506238105e-28,-2.901004468868994e-15,-2.901004468868994e-15,-4.3980985374538715e-28,5.802008937738427e-15,-5.802008937738648e-15,4.3980985374538715e-28,8.703013406608741e-15,4.398102173660121e-28,-5.802008937738208e-15,2.9010044688694337e-15,-2.9010044688698735e-15,-8.703013406606982e-15,-5.802008937738208e-15,5.8020089377390875e-15,2.901004468868994e-15,0.009567573054812392,-5.802008937739747e-15,1.3194302884774116e-27,-2.901004468868994e-15,2.901004468870753e-15,0.004783786701145903,2.1990474506238105e-28,2.9010044688700932e-15,-2.9010044688694337e-15,2.901004468869653e-15,2.901004468869653e-15,6.597149624283932e-28,1.3922180918492128e-24,2.1990510868300605e-28,-2.9010044688692136e-15,-2.901004468870533e-15,8.7030134066083e-15,-2.9010044688689935e-15,2.901004468868554e-15,-5.8020089377388675e-15,-2.9010044688689935e-15,2.901004468869653e-15,6.597149624283932e-28,-2.901004468173434e-15,-2.9010044688692136e-15,-2.901004468868554e-15,2.9010044688698735e-15,2.9010044688694337e-15,-2.9010044688694337e-15,2.1990474506238105e-28,4.628998708852096e-25,5.802008937737987e-15,-5.802008937738427e-15,2.175753031008161e-15,6.527259730436594e-15,4.398094901247621e-28,2.9010044688694337e-15,4.351506500214364e-15,5.802008937739966e-15,-2.9010044688689935e-15,-2.901004468868774e-15,2.901004468869653e-15,0.0,8.796197074907743e-28,7.252508918914237e-16,-6.597149624283932e-28,2.9010044691009936e-15,2.9010044688700932e-15,1.0995251797944055e-27
0.0,0.0,0.0,0.0,0.0,0.0,0.0,0.0,0.0,0.0,0.0,0.0,0.0,0.0,0.0,0.0,0.0,0.0,0.0,0.0,0.0,0.0,0.0,0.0,0.0,0.0,0.0,0.0,0.0,0.0,0.0,0.0,0.0,0.0,0.0,0.0,0.0,0.0,0.0,0.0,0.0,0.0,0.0,0.0,0.0,0.0,0.0,0.0,0.0,0.0,0.0,0.0,0.0,0.0,0.0,0.0,0.0,0.0,0.0,0.0,0.0,0.0,0.0,0.0,0.0,0.0,0.0,0.01913514838092852,-2.9010044827551105e-15,-2.901004482291331e-15,-8.703013448264893e-15,5.802008965508022e-15,5.8020089655121995e-15,2.90100448275665e-15,5.802008965510221e-15,-8.796197117010465e-28,5.802008965509781e-15,5.802008965506922e-15,-2.90100448275621e-15,-2.9010044808971336e-15,6.118218454130525e-12,2.6388591431830272e-27,2.9010044827577496e-15,-2.9010044827546707e-15,-2.9010044827533513e-15,-2.9010044827568697e-15,-2.9010044827568697e-15,2.90100448275577e-15,-1.3194299311725466e-27,-1.5393343217462305e-27,-2.9010044827546707e-15,-2.9010044827573095e-15,-2.901004482754231e-15,2.901004482754231e-15,2.9010044827546707e-15,5.802008965508902e-15,-1.759239431481981e-27,6.597153453670251e-28,-2.90100448275665e-15,5.802008965509121e-15,-2.90100448275621e-15,2.9010044827529116e-15,4.622405421109506e-25,2.90100448275621e-15,-2.9010044827548904e-15,-5.80200896551154e-15,-2.90100448275621e-15,-5.80200896551286e-15,-2.1990489317914147e-27,5.80200896551132e-15,-5.8020089655111006e-15,-1.856657306283094e-24,-2.90100448275665e-15,-1.759239423402093e-27,-1.4505026272225114e-15,-7.252511703622522e-15,-1.979144533137843e-27,2.9010044827553302e-15,6.5971460196529645e-28,1.857756848177333e-24,-1.8553378770791626e-24,-5.802008965510441e-15,5.8020089655111006e-15,-5.802008965510002e-15,5.802008774285183e-15,5.8020089655111006e-15,5.802008965509781e-15,2.9010044827553302e-15,5.802008965509121e-15,-2.858764260998665e-27,1.759239415322206e-27,0.0,2.901004482754011e-15,2.1990511781563746e-28,2.90100448275621e-15,2.9010044827533513e-15,-4.3980950030943405e-28,-2.901004482754231e-15,2.6388591512629147e-27,5.802008965508681e-15,-8.796197117010465e-28,2.9010044827555503e-15,5.8020089655106604e-15,-2.4189540415271645e-27,-2.9010044827555503e-15,-8.703013448265332e-15,8.703013448261375e-15,-3.7383839726997115e-27,-2.9010044827531313e-15,5.8020089655106604e-15,5.802008607282342e-15,5.802008965508902e-15,2.9010044827551105e-15,-1.759239431481981e-27,-1.759239415322206e-27,1.4505021149437108e-15,5.802008965509121e-15,-2.90100448275621e-15,2.901004482754231e-15,-2.9010044827553302e-15,-2.901004482754011e-15,2.9010044827544506e-15,2.9010044799700146e-15,2.1990510973575e-28,5.8020089655095615e-15,6.597145938854095e-28,2.6388591593428018e-27,-1.7592394314819805e-27,5.802008965512859e-15,-3.078669370734415e-27,-2.9010044827568697e-15,5.802008965510001e-15,-6.5971460196529645e-28,-2.901004482058671e-15,-6.59714610045184e-28,2.9010044827524718e-15,8.079887416584016e-36,8.796197197809342e-28,2.9010044827555503e-15,-1.0995248214367965e-27,5.8020089645837615e-15,2.9010044827573095e-15,-2.9010044827564295e-15,-7.25251441329725e-16,-2.1757536865810177e-15,6.1240204630960356e-12,8.796197197809342e-28,-2.901004076574545e-15,-2.9010044827548904e-15,-1.7592394314819805e-27,-2.90100448275665e-15,2.9010044827548904e-15,2.9010044827551105e-15,-1.759239423402093e-27,7.252508953620722e-16,6.5971460196529645e-28,2.9010044829875503e-15,2.9010044827553302e-15,-2.1990438249379655e-28
0.0,0.0,0.0,0.0,0.0,0.0,0.0,0.0,0.0,0.0,0.0,0.0,0.0,0.0,0.0,0.0,0.0,0.0,0.0,0.0,0.0,0.0,0.0,0.0,0.0,0.0,0.0,0.0,0.0,0.0,0.0,0.0,0.0,0.0,0.0,0.0,0.0,0.0,0.0,0.0,0.0,0.0,0.0,0.0,0.0,0.0,0.0,0.0,0.0,0.0,0.0,0.0,0.0,0.0,0.0,0.0,0.0,0.0,0.0,0.0,0.0,0.0,0.0,0.0,0.0,0.0,0.0,0.0,0.01913514815124584,-2.901004517576837e-15,-8.703013552730511e-15,-2.9010045175763972e-15,-8.796197178786819e-28,-2.901004517576837e-15,-2.901004517574638e-15,-4.398098611298914e-28,-2.9010045175759574e-15,1.7592394731387287e-27,-5.802009035154554e-15,-9.284386253812089e-25,9.271192046652047e-25,4.398098570902144e-28,-2.9010045175763972e-15,-8.250116020010597e-36,2.9010045175759574e-15,-5.802009035152354e-15,4.398098609591962e-28,8.796197305097988e-28,-4.39809861129958e-28,2.9010045175763972e-15,-4.39809869379874e-28,2.9010045175755176e-15,-8.796197345495092e-28,2.9010045175781564e-15,-2.901004517577277e-15,-5.802009035151915e-15,-2.9010045175763972e-15,-5.802009035154554e-15,5.8020090351514755e-15,-2.901004517575078e-15,2.9010045175755176e-15,2.9010045175759574e-15,4.110022198009147e-36,2.9010045175763972e-15,4.398098569195524e-28,-2.199049326189299e-27,-2.9010045175763972e-15,2.901004517575078e-15,2.901004517576837e-15,-5.802009035152354e-15,-1.3194295998897728e-27,-2.9010045185057152e-15,-5.802009035152354e-15,5.802009035151915e-15,-2.1990499116643283e-28,-2.901004517577497e-15,-2.901004517577277e-15,6.124020536603774e-12,4.3980986112985805e-28,6.126921541120422e-12,5.802009034224356e-15,-2.901004517577277e-15,1.3194295998897728e-27,-5.802009035153674e-15,-4.351506680751691e-15,2.9010045175777166e-15,-2.9010045175741983e-15,2.9010045175777166e-15,-4.398098486695032e-28,2.901004517576837e-15,1.7592394485592427e-27,0.0,8.250015967986941e-36,-8.796197262994263e-28,-5.802009035151915e-15,2.901004517576837e-15,4.398098651696351e-28,-5.8020090351527944e-15,-5.802009035153234e-15,8.703013552730952e-15,2.9010045175759574e-15,-2.9010045175781564e-15,-5.802009035151915e-15,4.398098692092789e-28,5.8020090351514755e-15,-4.398098818403622e-28,-5.802009035151035e-15,-5.8020090351527944e-15,-2.9010045175777166e-15,2.901004517576837e-15,1.4505024379042847e-15,2.1990493302288428e-27,5.8020090351527944e-15,2.9010045175763972e-15,-1.7592394485592427e-27,5.076757968976525e-15,-2.9010045175759574e-15,2.901004517574638e-15,-2.9010045175755176e-15,2.901004517575078e-15,-5.802009035153674e-15,2.9010045175763972e-15,-2.901004518968396e-15,-2.9010045175763972e-15,1.3194296039294832e-27,1.3194295874293176e-27,-2.9010045175777166e-15,-2.9010045175763972e-15,-8.703013552727872e-15,-2.9010045175759574e-15,2.9010045175759574e-15,2.9010045175763972e-15,-5.802009035153234e-15,-2.9010045175759574e-15,5.802009035153234e-15,1.2289726427227514e-35,8.703013552728312e-15,-4.398098651695684e-28,1.319429595679467e-27,-2.901004517576837e-15,-2.901004518038637e-15,1.7062864507726756e-37,-5.802009035152354e-15,2.901004517576727e-15,2.9010045175760675e-15,-2.901004516648838e-15,-2.901004517576837e-15,4.351506979453177e-15,2.9010045175741983e-15,4.039676972187851e-36,-2.901004517576837e-15,-5.802009035153234e-15,-2.9010045175759574e-15,2.9010045175755176e-15,-5.802009035153124e-15,0.009567570553321868,-2.9010045175763972e-15,2.9010045175759574e-15,-2.901004517576837e-15
0.0,0.0,0.0,0.0,0.0,0.0,0.0,0.0,0.0,0.0,0.0,0.0,0.0,0.0,0.0,0.0,0.0,0.0,0.0,0.0,0.0,0.0,0.0,0.0,0.0,0.0,0.0,0.0,0.0,0.0,0.0,0.0,0.0,0.0,0.0,0.0,0.0,0.0,0.0,0.0,0.0,0.0,0.0,0.0,0.0,0.0,0.0,0.0,0.0,0.0,0.0,0.0,0.0,0.0,0.0,0.0,0.0,0.0,0.0,0.0,0.0,0.0,0.0,0.0,0.0,0.0,0.0,0.0,0.0,0.019135147948982002,-9.301986330787021e-25,2.9010045491688214e-15,-2.901004548703722e-15,-2.9010045477770424e-15,-5.802009096481204e-15,7.011180722302254e-38,-9.271199639396646e-25,-2.901004548703722e-15,4.624604572584695e-25,2.9010045477766022e-15,-5.802009095090305e-15,2.901004548240822e-15,-1.0839150406740376e-35,2.9010045491679422e-15,-5.802009096481643e-15,-2.9010045482421418e-15,-4.398098738181179e-28,4.64219696775421e-25,2.9010045491683816e-15,-4.633400770168049e-25,-5.8020090974096434e-15,-2.9010045491683816e-15,-2.9010045482412618e-15,2.901004548241702e-15,-9.275597738136235e-25,-5.802009097409204e-15,-2.9010045482412618e-15,-2.9010045496330416e-15,-4.633400770061765e-25,4.642196967649327e-25,4.637798869122311e-25,9.284393935617507e-25,-5.8020100750572056e-15,-2.901004548703722e-15,-4.642196967754909e-25,9.266801540552175e-25,4.62900267143057e-25,-2.9010045482412618e-15,-5.802009097408765e-15,2.9010045477770424e-15,5.8020090964807644e-15,-2.9010045487050422e-15,2.9010045477757226e-15,8.796197693145368e-28,4.352320567536793e-15,6.122571146681423e-12,2.9010045487041622e-15,4.650985893359138e-25,-2.9010045477770424e-15,2.9010045491697006e-15,-2.901004547776163e-15,-2.9010045477783618e-15,2.901004548241702e-15,2.901004547775283e-15,8.703013644954575e-15,1.319429632434261e-27,5.802009095554524e-15,-2.901004548703722e-15,-2.9010045477761624e-15,4.642196967863301e-25,-1.4009025811445323e-37,0.0,-5.802009096017425e-15,-2.901004548704602e-15,-2.9010045487050422e-15,-2.901004548239942e-15,-9.275597738029945e-25,-1.3194296432030332e-27,2.9010045482399424e-15,5.802009096020063e-15,2.9010045482412618e-15,2.9010045491683816e-15,5.802009095554084e-15,-2.901004548704602e-15,5.8020090974096434e-15,-1.3194296218756916e-27,-9.271199639500124e-25,4.629002671326388e-25,2.9010045477761624e-15,-5.802009095552765e-15,-2.9010045480078323e-15,9.284393935510524e-25,-1.8538001179629267e-24,2.9010045482412618e-15,-5.802009096481644e-15,2.9010045481258664e-15,-2.9010045477766022e-15,-2.901004547777042e-15,2.901004548240822e-15,-2.9010045477770424e-15,-2.9010045487059214e-15,2.901004547777922e-15,-2.9010045477770424e-15,-4.642196967861196e-25,-4.629002671535449e-25,-5.802009096017864e-15,-4.398098847978921e-28,-2.901004548241262e-15,-4.398099060547222e-28,2.9010045491679422e-15,2.901004548240822e-15,-2.9010045477757226e-15,8.703013644257808e-15,0.009567573850873394,-2.9010045487037224e-15,-2.9010045482403822e-15,1.3194296537613365e-27,2.901004548240822e-15,-2.9010045491679422e-15,2.9010045487041622e-15,-2.9010045477766022e-15,9.279995836768127e-25,-9.288792034460573e-25,6.527936469953192e-15,9.186756837551457e-12,6.1211195967899906e-12,-5.8020090964820834e-15,-5.802009096249534e-15,-4.637798868909042e-25,1.4035697077763694e-37,-2.9010045487054816e-15,4.633400770063166e-25,-1.0628548368306487e-35,2.901004548241262e-15,5.077233172525322e-15,-1.4505028076586197e-15,0.009567573137771663,-2.9010045487037224e-15,-2.901004549632602e-15
0.0,0.0,0.0,0.0,0.0,0.0,0.0,0.0,0.0,0.0,0.0,0.0,0.0,0.0,0.0,0.0,0.0,0.0,0.0,0.0,0.0,0.0,0.0,0.0,0.0,0.0,0.0,0.0,0.0,0.0,0.0,0.0,0.0,0.0,0.0,0.0,0.0,0.0,0.0,0.0,0.0,0.0,0.0,0.0,0.0,0.0,0.0,0.0,0.0,0.0,0.0,0.0,0.0,0.0,0.0,0.0,0.0,0.0,0.0,0.0,0.0,0.0,0.0,0.0,0.0,0.0,0.0,0.0,0.0,0.0,0.019135147873542827,2.199050058019842e-27,6.1240206254799634e-12,4.398101993175641e-28,1.319429595332042e-27,-5.3342268559787765e-40,4.398091333469604e-28,2.199049023301877e-27,1.1604018238707918e-14,-2.9010045596796183e-15,-5.802009116572601e-15,2.901004559677859e-15,2.9010045596778588e-15,5.802009119355278e-15,3.139339540307798e-35,-3.9582889453562416e-27,-1.3194296272887329e-27,-2.9010045596761e-15,-5.802009119354839e-15,5.802009119356598e-15,-2.901004559680058e-15,-8.796204307336432e-28,5.802009119354399e-15,-2.90100455967522e-15,-2.9010045596787383e-15,-2.901004559678739e-15,5.802009119354399e-15,-2.9010045596818177e-15,8.796194595038543e-28,1.7592398267466536e-27,2.901004559678299e-15,-8.70301367903006e-15,2.9010045587498598e-15,2.901004559680058e-15,2.9010045596761e-15,5.802009119353959e-15,-2.901004559680058e-15,2.9010045596765398e-15,2.901004559678299e-15,5.802009119355278e-15,-2.9010045596804983e-15,-2.9010045596796183e-15,-2.9010045596822574e-15,-8.703013679030938e-15,5.802009891043232e-15,5.8020101128258975e-15,-5.802009119356598e-15,-1.160401823592524e-14,-2.9010045596774194e-15,5.802009122142354e-15,3.07866954779317e-27,6.126921630039634e-12,2.638859254718489e-27,2.9010045596721415e-15,2.901004559678739e-15,2.9010045596818177e-15,8.703013679034018e-15,-2.9010045596756602e-15,3.078669485568072e-27,1.75923989009554e-27,1.4669124305791052e-39,5.802009119355718e-15,-5.802009119353959e-15,-2.901004559678299e-15,-5.802009119357477e-15,-5.8020091193530796e-15,-8.796204622663288e-28,5.80200911935176e-15,-2.9010045596804983e-15,-5.802009119349561e-15,2.9010045596791785e-15,8.79620430731776e-28,-8.79620525333701e-28,-4.398102312749216e-28,-2.9010045596756602e-15,5.80200911935176e-15,-2.9010045596774194e-15,5.802009119353518e-15,2.9010045596747806e-15,4.837909375524455e-27,-2.901004559674341e-15,2.9010045596813775e-15,2.1990480206820266e-27,5.802009119357037e-15,-2.901004559677859e-15,8.703013679036437e-15,1.7592398266052298e-27,2.901004559678299e-15,8.703013679033576e-15,4.398102626664505e-28,-2.901004559682257e-15,-2.90100455967566e-15,5.802009119356157e-15,-5.8020091193574775e-15,2.1990490234437012e-27,-2.901004559677419e-15,-2.901004559679178e-15,5.8020091193543985e-15,-1.3194297223115947e-27,2.901004559677419e-15,5.802009119355718e-15,-2.901004559673461e-15,-3.0786695486370437e-27,5.8020091184252995e-15,2.1990490866522297e-27,-5.8020091193543985e-15,3.958288976889327e-27,-5.802009119355718e-15,4.39809164881647e-28,-8.796194276896543e-28,1.759239826044069e-27,2.901004559680058e-15,2.901004559673021e-15,7.252512040481946e-15,1.015351660791014e-14,-5.802009116570841e-15,-2.901004559679178e-15,-2.9010045596769796e-15,-2.901004559678299e-15,2.901004559677859e-15,5.802009119352639e-15,-8.79619459505321e-28,-2.901004559677859e-15,-5.8020091193543985e-15,7.252511849844881e-15,4.351505237511256e-15,8.703013679035556e-15,2.199049054977187e-27,2.90100455967522e-15
0.0,0.0,0.0,0.0,0.0,0.0,0.0,0.0,0.0,0.0,0.0,0.0,0.0,0.0,0.0,0.0,0.0,0.0,0.0,0.0,0.0,0.0,0.0,0.0,0.0,0.0,0.0,0.0,0.0,0.0,0.0,0.0,0.0,0.0,0.0,0.0,0.0,0.0,0.0,0.0,0.0,0.0,0.0,0.0,0.0,0.0,0.0,0.0,0.0,0.0,0.0,0.0,0.0,0.0,0.0,0.0,0.0,0.0,0.0,0.0,0.0,0.0,0.0,0.0,0.0,0.0,0.0,0.0,0.0,0.0,0.0,0.019135147859034904,6.1211196255612015e-12,2.9010045618760287e-15,5.802009123754256e-15,-2.901004561878228e-15,5.802009123752497e-15,2.901004561875589e-15,-2.1990497240390414e-27,1.759239822483739e-27,2.9010045600209107e-15,-2.9010045618760287e-15,-2.901004561877788e-15,4.398091287163836e-28,3.078669166723943e-27,4.398098749771131e-28,8.796197521929336e-28,-2.901004561877788e-15,-2.1990500948580847e-27,3.8249926808595314e-34,5.802009123757336e-15,-2.9010045618764685e-15,8.703013685633363e-15,2.901004561877348e-15,-2.1990486471563406e-27,-5.802009123756456e-15,-5.802009123755576e-15,-8.79618653989059e-28,-2.9010045618769083e-15,2.901004561874709e-15,-3.283825965952366e-34,-3.0786697999943298e-27,9.27999588599492e-25,4.398102620914882e-28,-2.901004561875149e-15,2.9010045618764685e-15,-2.901004561877348e-15,2.901004561878228e-15,-5.802009123753377e-15,5.8020091237520575e-15,-2.3493206543706131e-35,5.802009121897379e-15,-8.703013685632044e-15,6.132723643808714e-12,-2.901005333566182e-15,-5.802010118154634e-15,2.9010045618742696e-15,-5.802009122826697e-15,-2.901004561876468e-15,-2.9010045609489093e-15,-2.9010045637324666e-15,-2.9010045618760287e-15,8.703013685630725e-15,-2.9010045618764685e-15,8.703013685627646e-15,2.9010045618769083e-15,5.802009123753377e-15,2.901004561878668e-15,0.009567573194717655,-2.9010045618782273e-15,-5.8020091237520575e-15,-6.667786726574241e-40,-1.319429927234294e-27,3.919380508748452e-34,-2.901004561877348e-15,-8.796197051355113e-28,-2.9010045618764685e-15,2.9010045618782273e-15,-4.398099337104249e-28,2.9010045618764685e-15,-8.796197451307506e-28,0.009567572579324656,5.8020091237520575e-15,5.802009123754696e-15,-5.802009123755576e-15,5.8020091237582146e-15,9.187481447465557e-12,2.9010045618742696e-15,4.39810200980576e-28,-2.901004561878668e-15,1.1604018247509392e-14,-1.7592402317658968e-27,-5.802009123753817e-15,-8.79619745130684e-28,-1.7592394148895976e-27,5.802009123755356e-15,-3.078669462174484e-27,-4.39810167981845e-28,-2.9010045618791073e-15,4.398095677103228e-28,5.802009123755576e-15,3.063460817342478e-12,2.9010045590911525e-15,-2.901004561877348e-15,2.9010045618760287e-15,-5.802009123752497e-15,-4.3980988665527e-28,-5.802009123755576e-15,-2.9010045618786675e-15,2.9010045618747094e-15,-2.901004561877348e-15,-2.901004561879547e-15,5.8020091237520575e-15,-4.351506823144644e-15,2.9010045618791073e-15,-2.901004561879547e-15,-2.9010045618769083e-15,-4.398098960927194e-28,1.3194303426670189e-27,-5.8020091237568956e-15,2.9010045609489093e-15,2.9010045618764685e-15,5.802009123755576e-15,4.351506201530922e-15,-7.252512055120363e-15,-2.7879548474549054e-24,-2.9010045618769083e-15,4.0618156628292073e-22,-2.901004561877348e-15,-5.802009123755576e-15,4.398102574755808e-28,-3.0786694927301395e-27,-1.3194296388462034e-27,-1.759239480821585e-27,-4.3515072934710946e-15,-4.3515073768175735e-15,1.4505024077882048e-15,-8.703013685632483e-15,4.398109683573121e-28
0.0,0.0,0.0,0.0,0.0,0.0,0.0,0.0,0.0,0.0,0.0,0.0,0.0,0.0,0.0,0.0,0.0,0.0,0.0,0.0,0.0,0.0,0.0,0.0,0.0,0.0,0.0,0.0,0.0,0.0,0.0,0.0,0.0,0.0,0.0,0.0,0.0,0.0,0.0,0.0,0.0,0.0,0.0,0.0,0.0,0.0,0.0,0.0,0.0,0.0,0.0,0.0,0.0,0.0,0.0,0.0,0.0,0.0,0.0,0.0,0.0,0.0,0.0,0.0,0.0,0.0,0.0,0.0,0.0,0.0,0.0,0.0,0.019135147856174515,1.1604018248312265e-14,8.703013685076123e-15,9.275590794547782e-25,-1.858636638248487e-24,2.901004561384101e-15,2.901004558596146e-15,2.9010045604556622e-15,-2.9010045632374595e-15,-8.703013686933441e-15,-5.802009124625519e-15,-1.854678345881425e-24,5.802009124621121e-15,3.0786690890724576e-27,3.518478984175844e-27,5.802009126478219e-15,2.9010045641683177e-15,-2.9010045641672184e-15,-9.279988911017712e-25,9.284386988270033e-25,-4.641753683356267e-24,3.078667734844847e-27,9.249202184800195e-25,-2.9010045595287633e-15,-4.39807132047182e-28,2.901004563234821e-15,9.277789842226506e-25,2.9010045613827816e-15,-5.80200912554978e-15,2.901004565094997e-15,8.703013685540562e-15,2.9010045613797027e-15,1.9791456278111664e-27,5.8020091218371245e-15,-2.901004560452144e-15,5.8020091227673224e-15,-2.9010045613825615e-15,-3.715733938613506e-24,9.306377472444688e-25,2.9010045604525837e-15,-1.1604018245527828e-14,-2.9010065213162156e-15,4.3515072283832486e-15,4.351507341132118e-15,2.901004563239659e-15,-2.901004556742347e-15,1.856657492224357e-24,2.901004558595926e-15,-1.5392657747874464e-27,2.9010026023780085e-15,5.8020091218371245e-15,2.9010045623125398e-15,4.351507126590256e-15,2.901004560453243e-15,2.9010045576714455e-15,2.90100456231166e-15,-8.702778632705607e-15,-5.8020091236915834e-15,2.901004564169637e-15,5.802009122765123e-15,-5.802009122767102e-15,2.9010045632370205e-15,-2.9010045595272234e-15,1.8564375857283906e-24,-2.9010045613821217e-15,-2.7835568553306096e-24,9.26679458347985e-25,-2.9010045613805823e-15,-9.284386977866753e-25,6.11821905382546e-12,-1.857317208587836e-24,-2.9010045641654593e-15,-5.8020091218371245e-15,2.901004558602523e-15,-2.9010075003550444e-15,5.802009121839104e-15,2.9010045613810225e-15,2.9010045632354806e-15,1.4505028157141622e-15,8.703013686006323e-15,-2.9010045604572017e-15,2.9010045604554425e-15,-2.9010045613860803e-15,7.252513255885552e-16,-5.80200912462442e-15,-9.29978032194317e-25,5.802009122765563e-15,5.802009124620901e-15,2.901004561382342e-15,-2.9010055413504886e-15,-5.8020091288004155e-15,2.7846563798365567e-24,8.703013686004343e-15,-2.9010045595250245e-15,-5.80200912369752e-15,-2.9010045623114405e-15,9.257998399385714e-25,2.9010045604576415e-15,5.802009123695321e-15,1.8526992033677482e-24,8.703013685077663e-15,-4.35150686313491e-15,2.9010045613836612e-15,-2.9010045595270037e-15,8.703013687859242e-15,1.855997775909796e-24,2.9010045623110003e-15,-8.703013685076784e-15,2.9010045609179027e-15,-1.8590764460219917e-24,2.901004559529643e-15,3.626256019819801e-15,-3.626255377908188e-15,-2.901004561383441e-15,1.854238537729369e-24,-1.4505020771392472e-15,1.853578822806214e-24,-2.9010045613825615e-15,2.9010045604552224e-15,5.802009124619582e-15,2.901004563238559e-15,-2.901004560454563e-15,5.0767582084413146e-15,-2.90100456231078e-15,1.4505021510521456e-15,-2.9010045595303023e-15,-9.299780329255172e-25
0.0,0.0,0.0,0.0,0.0,0.0,0.0,0.0,0.0,0.0,0.0,0.0,0.0,0.0,0.0,0.0,0.0,0.0,0.0,0.0,0.0,0.0,0.0,0.0,0.0,0.0,0.0,0.0,0.0,0.0,0.0,0.0,0.0,0.0,0.0,0.0,0.0,0.0,0.0,0.0,0.0,0.0,0.0,0.0,0.0,0.0,0.0,0.0,0.0,0.0,0.0,0.0,0.0,0.0,0.0,0.0,0.0,0.0,0.0,0.0,0.0,0.0,0.0,0.0,0.0,0.0,0.0,0.0,0.0,0.0,0.0,0.0,0.0,0.019135147825566013,-7.47676830116293e-27,4.398099002936574e-28,2.901004566949676e-15,2.9010045669507757e-15,5.802009133899571e-15,2.9010045650938985e-15,-2.9010045678778943e-15,5.277718863626932e-27,-2.9010045669501158e-15,4.39809542546371e-28,-2.9010045669558335e-15,8.796196959857781e-28,2.901004566953634e-15,-2.901004566955173e-15,5.802009133901111e-15,3.298574353717353e-27,2.9010045669505556e-15,2.901004566953634e-15,-2.901004566953634e-15,2.9010045669531943e-15,-1.3194292780656093e-27,-5.8020091339015506e-15,-2.9010045669505556e-15,-5.80200913390705e-15,5.802009133904849e-15,-2.8587645159948518e-27,4.1781938564243185e-27,-2.901004566953634e-15,2.9010045674101574e-15,-2.901004566954294e-15,6.1240206408344825e-12,-4.3980993304618926e-27,-2.9010045669485763e-15,5.802009133900671e-15,-5.8020091338984724e-15,-2.901004566954294e-15,5.80200913390463e-15,5.8020091338986925e-15,2.9010045669617704e-15,2.901004566024316e-15,-1.4505026693206846e-15,4.351506354615553e-15,6.121119636267525e-12,2.9010045678822926e-15,2.901004566951215e-15,-5.802009134832628e-15,2.901004566951215e-15,-2.9010045669529746e-15,0.009567573622266257,-6.597147113727334e-28,-5.802008942682665e-15,-8.703013700856945e-15,9.184580458968244e-12,-2.9010045669529746e-15,-4.351506739023525e-15,5.937433369909279e-27,-5.791440970498931e-35,-2.9010045669549535e-15,-2.9010045669494563e-15,5.8020091339000115e-15,6.59715070661146e-28,2.901004566951875e-15,2.9010045669549535e-15,-2.901004566952315e-15,2.9010045669492362e-15,-2.901004566946817e-15,2.901004566952315e-15,-4.3515066494428246e-15,-5.802009133904189e-15,2.901004566953854e-15,-8.703013700849028e-15,-2.901004566951875e-15,5.802009132512631e-15,5.802009133899572e-15,-2.901004566954294e-15,8.703013700850347e-15,5.80200949212812e-15,2.901004566946597e-15,2.9010045669553937e-15,-2.901004566951435e-15,6.463607085401827e-35,-1.0153515857895735e-14,-2.9010045669498957e-15,-2.9010045669520947e-15,0.009567574670152621,2.901004566947257e-15,-4.1781938288554955e-27,2.9010045664894147e-15,-2.901004566949896e-15,2.901004566951655e-15,9.184580458968238e-12,2.418954239793165e-27,4.398100837039416e-28,-5.802009133900231e-15,3.05765881356681e-12,-2.901004566952315e-15,-8.79619899950841e-28,-2.9010045669529746e-15,0.014351360465336546,1.450502265203266e-15,-5.80200913390353e-15,2.901004566953634e-15,-2.9010045669558335e-15,-2.901004566951875e-15,-2.9010045669527545e-15,-5.802009133896933e-15,-4.178194157639692e-27,-3.0786694993103458e-27,-5.80200913390375e-15,2.175753104568442e-15,-2.175753748337372e-15,-2.901004566950995e-15,-2.9010045669531943e-15,2.9010045669511054e-15,-2.901004566951655e-15,3.518479150269693e-27,-1.0995246485363052e-27,5.802009133896933e-15,-2.9010045669540743e-15,2.638859386759495e-27,-2.175753650542707e-15,-1.4505028174757306e-15,4.351506723572234e-15,-2.901004566949456e-15,-2.199044353687445e-28
0.0,0.0,0.0,0.0,0.0,0.0,0.0,0.0,0.0,0.0,0.0,0.0,0.0,0.0,0.0,0.0,0.0,0.0,0.0,0.0,0.0,0.0,0.0,0.0,0.0,0.0,0.0,0.0,0.0,0.0,0.0,0.0,0.0,0.0,0.0,0.0,0.0,0.0,0.0,0.0,0.0,0.0,0.0,0.0,0.0,0.0,0.0,0.0,0.0,0.0,0.0,0.0,0.0,0.0,0.0,0.0,0.0,0.0,0.0,0.0,0.0,0.0,0.0,0.0,0.0,0.0,0.0,0.0,0.0,0.0,0.0,0.0,0.0,0.0,0.01913514770822763,-2.9010045847393268e-15,-3.518479150704666e-27,-2.901004584746364e-15,-1.1207995758998642e-34,2.901004585669085e-15,-2.9010045865966438e-15,5.2777188709882666e-27,5.802009169483931e-15,-2.9010045847393268e-15,2.9010045847375676e-15,-2.9010045847424053e-15,-5.802009169481292e-15,6.121119673802761e-12,-2.901004584740646e-15,-2.9010045847388866e-15,2.9010045847380074e-15,5.802009169483052e-15,2.9010045847384472e-15,2.901004584738887e-15,2.901004584740646e-15,5.8020091694799726e-15,2.901004584741086e-15,-2.9010045847419655e-15,3.518479088536676e-27,-2.901004584745484e-15,5.80200916948569e-15,-8.7961983813641e-28,5.802009169475575e-15,2.9010045847384472e-15,2.901004584741526e-15,-2.901004584741086e-15,2.1990495108258234e-27,5.802009169479533e-15,-2.9010045847393268e-15,-5.802009169484371e-15,-5.802009169477334e-15,8.703013755146859e-15,-5.802009169473375e-15,2.9010045828842088e-15,2.9010045847413064e-15,1.8579772378838316e-24,2.9010045847397666e-15,9.30637727607392e-25,-4.39809863745629e-28,2.901004586598843e-15,-2.9010045838113278e-15,8.167555032800495e-34,2.9010045847377873e-15,1.3194296330370974e-27,4.351506781494544e-15,-3.95828901647907e-27,-4.837908752280656e-27,0.0095675730278758,-5.802008946678213e-15,-2.901004584737128e-15,3.0634608414861212e-12,5.8020091694786536e-15,-2.9010045847402064e-15,2.9010045847393268e-15,-2.901004584741526e-15,5.802009169479973e-15,1.7592396418243782e-27,-2.9010045847419655e-15,2.901004584741086e-15,5.802009169482172e-15,-2.901004584738887e-15,-2.9010041781264944e-15,5.8020091694786536e-15,2.901004584738887e-15,8.796197918474359e-27,-2.9010045847419655e-15,5.802009166692898e-15,-5.80200916948569e-15,2.901004584741526e-15,-2.9010045847437247e-15,7.252511282729809e-15,5.802009169474256e-15,5.802009169484811e-15,-2.901004584740646e-15,2.9010045847419655e-15,3.626255667707316e-15,2.901004584740646e-15,1.75923946894756e-27,2.901004584741746e-15,-1.319429824330704e-27,-3.518479269305586e-27,-9.266794663473733e-25,1.3919982427445056e-24,4.3980991558025435e-28,2.901004584733609e-15,-2.901004584740646e-15,3.518479157060467e-27,2.9010045847424053e-15,-2.6388592480035624e-27,-2.1990494874303336e-27,-2.9010045847402064e-15,-4.39809873897197e-28,2.089096844219726e-27,-2.9010046222203673e-15,2.9010045847380074e-15,8.796198259266314e-28,-8.79619908608361e-28,-2.9010045847393268e-15,-3.95828901568167e-27,6.597148525854958e-27,2.9010045851984884e-15,-1.3194296857128957e-27,-2.9010045847446047e-15,-7.694621495113397e-28,-5.802009166690808e-15,2.901004584741526e-15,-2.901004584741526e-15,7.25251125876303e-15,-2.901004584736688e-15,2.9010045847437247e-15,-1.7592396439421665e-27,6.1240206783875e-12,-2.6388593604404157e-27,3.518479141511793e-27,2.9010045847405365e-15,4.351506343109633e-15,-2.5370566092829533e-22,2.9010045847441645e-15,-8.796198176444743e-28
0.0,0.0,0.0,0.0,0.0,0.0,0.0,0.0,0.0,0.0,0.0,0.0,0.0,0.0,0.0,0.0,0.0,0.0,0.0,0.0,0.0,0.0,0.0,0.0,0.0,0.0,0.0,0.0,0.0,0.0,0.0,0.0,0.0,0.0,0.0,0.0,0.0,0.0,0.0,0.0,0.0,0.0,0.0,0.0,0.0,0.0,0.0,0.0,0.0,0.0,0.0,0.0,0.0,0.0,0.0,0.0,0.0,0.0,0.0,0.0,0.0,0.0,0.0,0.0,0.0,0.0,0.0,0.0,0.0,0.0,0.0,0.0,0.0,0.0,0.0,0.019135147705930035,2.9010045850894154e-15,-2.9010045850894154e-15,5.8020091701770716e-15,5.80200917017883e-15,2.9010045850880956e-15,4.398098395466057e-28,2.9010045850898556e-15,-2.9010045850889756e-15,5.80200917017883e-15,-4.398099105386426e-28,-8.796198210765515e-28,9.279989112033096e-25,5.8020091701770716e-15,-2.9010045850898556e-15,-2.9010045850876562e-15,-2.901004585089415e-15,2.9010045850907347e-15,2.9010045850902954e-15,2.9010045850885358e-15,-4.398098573602582e-28,-2.9010045850898548e-15,2.9010045850876562e-15,-2.901004585090295e-15,2.9010045850889756e-15,4.39809949993425e-28,-8.79619742871038e-28,-5.80200917017751e-15,4.398099103976523e-28,4.398098781567799e-28,2.9010045850880956e-15,2.9010045850885358e-15,-5.80200917017751e-15,-1.7592395889743187e-27,-1.386489244469091e-35,6.126921683707915e-12,8.703013754340247e-15,-8.703013755269126e-15,-5.802009169248633e-15,-2.9010045850891953e-15,-2.9010045850891953e-15,6.121119674537738e-12,-8.796198066491648e-28,-5.802009170177951e-15,7.214076845322412e-36,2.901004584160097e-15,-2.9010045850894154e-15,5.802009170179931e-15,-2.9010045850894154e-15,5.8020091701797096e-15,0.00956757298790866,5.80200917017927e-15,1.4505021672820076e-15,1.4505021811430585e-15,-1.3194296852277153e-27,8.703013755731805e-15,8.796198207950379e-28,-2.9010045850898556e-15,-2.9010045850889756e-15,-4.398099426389915e-28,4.398099497114779e-28,2.9010045850885358e-15,-2.9010045850885358e-15,5.80200917017883e-15,-2.9010045850876562e-15,-5.80200917017883e-15,4.351506672935158e-15,2.9010045850907355e-15,-2.9010045850880956e-15,2.9010045850876562e-15,-2.901004585088096e-15,-5.802009168785073e-15,2.9010045850876562e-15,2.9010045850894154e-15,-2.9010045850898556e-15,3.5184791977468715e-27,-2.9010045850876562e-15,2.9010045850885358e-15,2.9010045850880956e-15,0.009567570026841676,2.9010045850907347e-15,-5.80200917017795e-15,0.0047837848850339785,-2.1990496227851356e-28,2.9010045850885358e-15,2.9010045850898556e-15,4.63999448336796e-25,8.70301375387493e-15,-4.398099036062463e-28,3.06055983726887e-12,-4.398099748797304e-28,2.8144720891425278e-37,-2.9010045850898556e-15,9.184580516391697e-12,3.2099915318326097e-35,-1.3194296857907098e-27,-2.9010045850898556e-15,-2.901004585088866e-15,-6.597148970011772e-28,8.796198140041319e-28,-1.319429646195671e-27,-2.9010045850898556e-15,-4.398099105381759e-28,5.8020091701783906e-15,-1.3194296781548625e-27,2.9010045846267354e-15,-2.901004585088096e-15,4.3980989653309345e-28,1.4293819842879597e-27,-9.895725167298595e-28,2.9010045850885358e-15,-2.9010045850898556e-15,4.351507080724248e-15,-5.802009170179711e-15,2.901004585088096e-15,2.9010045850885358e-15,2.9010045860169746e-15,-2.9010045850889756e-15,2.901004585088096e-15,-2.901004585089525e-15,-5.802009170177292e-15,2.9010045850891953e-15,2.9010045850876562e-15,-5.8020091701783906e-15
0.0,0.0,0.0,0.0,0.0,0.0,0.0,0.0,0.0,0.0,0.0,0.0,0.0,0.0,0.0,0.0,0.0,0.0,0.0,0.0,0.0,0.0,0.0,0.0,0.0,0.0,0.0,0.0,0.0,0.0,0.0,0.0,0.0,0.0,0.0,0.0,0.0,0.0,0.0,0.0,0.0,0.0,0.0,0.0,0.0,0.0,0.0,0.0,0.0,0.0,0.0,0.0,0.0,0.0,0.0,0.0,0.0,0.0,0.0,0.0,0.0,0.0,0.0,0.0,0.0,0.0,0.0,0.0,0.0,0.0,0.0,0.0,0.0,0.0,0.0,0.0,0.01913514769375452,-3.5184794286191694e-27,-2.9010045869370566e-15,-4.398103313845786e-28,-2.901004588791295e-15,2.901004586936617e-15,2.9010045869348576e-15,2.9010045869374968e-15,1.3194296057461525e-27,-2.1256830456932438e-35,5.802009173870155e-15,1.3194300618649382e-27,-1.319429033386912e-27,-2.9010045869348576e-15,-1.7592403210656115e-27,2.9010045869352974e-15,-1.7592396691652978e-27,2.9010045869330985e-15,2.9010045869313393e-15,2.9010045869335383e-15,1.7592396696539795e-27,-2.6388603299271517e-27,2.9010045869357376e-15,-3.078668893180473e-27,1.3194300133010599e-27,7.63612711696395e-34,2.9010045860068582e-15,6.1240206830194845e-12,6.124020683018559e-12,-2.901004586934418e-15,5.802009173871475e-15,2.9010045869352974e-15,2.901004586936617e-15,-2.901004586939256e-15,8.703013759876135e-15,2.9010045860011414e-15,3.0786689932925964e-27,8.703013758945497e-15,-5.802008402179775e-15,9.934787642805462e-22,-1.857757051700579e-24,5.802009174798154e-15,2.1990498309648404e-27,9.306377282552306e-25,-9.266793991619224e-25,3.518479488512479e-27,-7.252511423297e-15,2.901004586936617e-15,-5.057813534440058e-27,-1.4505021623202918e-15,3.0576588346279423e-12,2.901004586935517e-15,2.901004809734419e-15,5.802009173871034e-15,5.802009173871475e-15,4.398099059890794e-28,9.184580522235759e-12,-2.901004586936177e-15,-5.802009173870595e-15,2.9010045869335383e-15,-8.79620479389874e-28,2.9010045869352974e-15,-2.901004586936617e-15,-2.9010045869357376e-15,-5.802009173869275e-15,-2.9010041775402272e-15,-4.8379094863536126e-27,2.901004586932219e-15,-5.802009173864877e-15,-2.9010045869326587e-15,-2.7910336504757787e-24,-1.160401834774295e-14,-3.710065120612469e-34,3.060559839216274e-12,-2.9010045869399154e-15,-2.9010045869352974e-15,5.802009173868396e-15,2.9010045869348576e-15,-1.4505017134054359e-15,8.703013760804463e-15,1.0710508934963494e-11,-3.626255424171369e-15,-4.3515069952236785e-15,2.9010045869352974e-15,-2.9010045869374968e-15,-9.30637756888537e-25,2.901004585539781e-15,5.802009173869275e-15,-1.859516286159601e-24,2.901004586937936e-15,-2.9010045869352974e-15,0.009567573110811169,-8.70301376266189e-15,-2.9010045869352974e-15,-5.802009173867956e-15,-2.901004586934418e-15,-2.1757533789786153e-15,-9.273398884262712e-25,2.9010045869352974e-15,2.901004586933538e-15,-5.802009173867076e-15,2.9010045869352974e-15,2.9010045869330985e-15,0.00956757249390674,2.901004586468659e-15,5.802009173869715e-15,-1.7592402960603503e-27,-1.4505016521813332e-15,1.450502942509357e-15,-2.9010045887921746e-15,5.802009173871034e-15,1.0153516257362347e-14,-2.9010045869326583e-15,-2.901004586933978e-15,-8.796201483557312e-28,2.9010045869317787e-15,-4.39809833612475e-28,2.901004586933978e-15,-4.351506429749079e-15,7.252510933338006e-15,-2.4189944640661812e-27,1.319429441145517e-27,-2.901004586936177e-15
0.0,0.0,0.0,0.0,0.0,0.0,0.0,0.0,0.0,0.0,0.0,0.0,0.0,0.0,0.0,0.0,0.0,0.0,0.0,0.0,0.0,0.0,0.0,0.0,0.0,0.0,0.0,0.0,0.0,0.0,0.0,0.0,0.0,0.0,0.0,0.0,0.0,0.0,0.0,0.0,0.0,0.0,0.0,0.0,0.0,0.0,0.0,0.0,0.0,0.0,0.0,0.0,0.0,0.0,0.0,0.0,0.0,0.0,0.0,0.0,0.0,0.0,0.0,0.0,0.0,0.0,0.0,0.0,0.0,0.0,0.0,0.0,0.0,0.0,0.0,0.0,0.0,0.01913514755528667,-2.9010046079263252e-15,5.802009218642145e-15,-2.901004609784962e-15,4.398098917506554e-27,-8.703013823776997e-15,-2.9010046079261055e-15,-2.901004607924786e-15,2.901004607924786e-15,2.9010046079243464e-15,2.9010046088552042e-15,-4.39809543576773e-28,-2.418954551492419e-27,-1.7592400011494035e-27,-1.7592398494758374e-27,1.7592395159664782e-27,8.703013823779636e-15,6.126921731942722e-12,-5.80200921585661e-15,-8.796196917945397e-28,2.9010046079285246e-15,2.9010046079263252e-15,-2.9010046079311637e-15,-5.802009215852431e-15,-1.3194292760934073e-27,-4.683979006584262e-25,2.1990476496482763e-28,-2.9010046088552042e-15,2.9010046079287443e-15,-8.703013823780735e-15,2.9010046079243464e-15,2.901004607924786e-15,2.901004607925886e-15,-2.9010046069981065e-15,-9.27778931073744e-25,-2.9010046079285246e-15,6.124020727333863e-12,-4.351506526046824e-15,-1.4505018062941286e-15,-2.9010046079280844e-15,-2.9010046079276446e-15,-5.802009215855509e-15,-5.802009213066455e-15,-9.268993110331345e-25,1.5393350395429186e-27,1.4505023480063866e-15,2.9010046079289644e-15,1.4505020171268568e-15,1.4505021728152549e-15,2.9010046065310283e-15,-1.450502429226194e-15,4.351507023291909e-15,-1.979144221691504e-27,4.6619850882299095e-25,-2.901004607926985e-15,-2.9010046079289644e-15,-1.099524985041952e-27,2.9010046079267654e-15,2.901004607924786e-15,5.80200921585397e-15,4.398098148341602e-28,5.802009215859248e-15,8.703013823779416e-15,-1.7592396225057768e-27,-1.4505021001890071e-15,5.80200921585485e-15,-5.802009215859469e-15,6.597148840286358e-27,-1.0344738178081858e-34,3.057658856754105e-12,2.9010046079214876e-15,5.802009215859469e-15,-8.703013823785354e-15,1.4505017666168675e-15,-4.837908407846431e-27,-5.80200921585485e-15,2.9010046079261055e-15,1.450501723900396e-15,-7.252513416318889e-16,-5.80200921585639e-15,-2.175753765439915e-15,-4.3515070267144e-15,6.59714935601585e-28,2.9010046079280844e-15,9.187481593305688e-12,8.703013822390937e-15,2.901004607927205e-15,-9.330567152694135e-25,-2.9010046079276446e-15,5.802009215859687e-15,-2.9010046079256658e-15,5.802009216784608e-15,5.802009215852211e-15,-1.319429663183987e-27,-2.9010046079280844e-15,-2.1757533947227656e-15,-4.351506931096647e-15,-5.80200921585639e-15,2.9010046079243464e-15,2.901004607927425e-15,2.901004607929184e-15,-1.7592398397615392e-27,5.057813977981461e-27,-2.9010046083925235e-15,-2.9010046079256658e-15,-2.9010046079305034e-15,-2.175753135300979e-15,-9.428264649846988e-15,-2.9010046088549837e-15,-2.901004607926985e-15,1.4505025070570281e-15,5.802009215856829e-15,4.398100377340047e-28,-1.5393347602444013e-27,2.901004608854764e-15,-1.319429678853913e-27,4.398099742359897e-28,2.175753681272614e-15,-2.9010046079267654e-15,1.4505021771116505e-15,2.9010046079298436e-15,-2.9010046079298436e-15
0.0,0.0,0.0,0.0,0.0,0.0,0.0,0.0,0.0,0.0,0.0,0.0,0.0,0.0,0.0,0.0,0.0,0.0,0.0,0.0,0.0,0.0,0.0,0.0,0.0,0.0,0.0,0.0,0.0,0.0,0.0,0.0,0.0,0.0,0.0,0.0,0.0,0.0,0.0,0.0,0.0,0.0,0.0,0.0,0.0,0.0,0.0,0.0,0.0,0.0,0.0,0.0,0.0,0.0,0.0,0.0,0.0,0.0,0.0,0.0,0.0,0.0,0.0,0.0,0.0,0.0,0.0,0.0,0.0,0.0,0.0,0.0,0.0,0.0,0.0,0.0,0.0,0.0,0.019135147536280737,2.901004609880621e-15,-2.9010046098797413e-15,2.9010046108101593e-15,6.124020733417458e-12,-2.6388598036437717e-27,-2.9010046108101593e-15,-8.796197796581693e-28,-2.90100461080796e-15,2.901004610812138e-15,8.703013832424758e-15,-2.9010046108108192e-15,-5.80200922161592e-15,4.477941901866826e-34,6.124020733417456e-12,-2.9010046108040015e-15,2.9010046117368386e-15,2.638859800884743e-27,5.802009221614601e-15,2.9010046108077403e-15,-2.1990465949659036e-28,-8.703013832428057e-15,-2.901004610811259e-15,-5.802009221612841e-15,-2.901004610347039e-15,9.282188259790355e-25,-2.901004611738378e-15,-8.703013832435315e-15,5.802009221618339e-15,8.703013832423441e-15,2.638859787574779e-27,-2.9010046108125784e-15,5.802009219759043e-15,2.9010046089473444e-15,5.8020092216214175e-15,9.363553229662904e-25,1.4505019195554882e-15,-1.4505028021479847e-15,2.901004607096624e-15,1.8645740462832643e-24,2.9010046108112582e-15,2.9010046117346392e-15,2.9010046089521825e-15,-2.9010046145250134e-15,-2.901004522720742e-15,-2.9010046108116984e-15,4.351507011822319e-15,2.6229911419709464e-22,-2.901004613134994e-15,8.703013832431358e-15,2.9010046108116984e-15,-8.703013832424099e-15,2.9010046108097195e-15,5.802009221613721e-15,1.3974960050254569e-24,2.90100461080774e-15,2.901004610812138e-15,2.901004610813238e-15,-2.9010046108083998e-15,-2.901004610811478e-15,9.181679593209974e-12,-2.9010046107976247e-15,2.9010046108070804e-15,-5.802009222548757e-15,3.060559864403327e-12,-5.80200922161746e-15,2.901004610811918e-15,-2.9010046108114787e-15,4.653188976796862e-25,2.9010046107976243e-15,2.901004610805541e-15,2.9010046112702e-15,-1.4505021262877784e-15,-5.802009221618998e-15,8.79620433933718e-28,-2.901004610811478e-15,1.1601266340992263e-21,-7.252510894844328e-16,-2.901004609183522e-15,1.4505029243928935e-15,-2.2964949274004177e-22,-3.2985743907911426e-27,2.9010046108068607e-15,2.901004612203697e-15,-5.802009224405854e-15,3.2985745191695704e-27,5.8020092179050236e-15,-2.9010046108046614e-15,7.65285016331372e-12,-1.4505024169976094e-15,-3.7128752870307834e-24,-2.901004610811039e-15,-5.802009221622957e-15,2.9010046108116984e-15,1.450502427851951e-15,-2.9010046103475886e-15,2.9010046108121386e-15,-2.901004610805761e-15,2.901004610810159e-15,2.901004610813678e-15,2.901004610810159e-15,1.4505021002880705e-15,5.8020092206899006e-15,-4.398102526960521e-28,-1.759239281608574e-27,-7.252514733495482e-16,-2.1757537826299057e-15,9.284386637357688e-25,2.638859515676484e-27,2.901005016989863e-15,2.8587647955739088e-27,-2.901004610811918e-15,-8.703013832432896e-15,2.9010046108033424e-15,-2.901004610806201e-15,5.802009221620318e-15,-2.1757536834392825e-15,2.9010035428065992e-15,2.9010046108008133e-15,2.9010046108099392e-15,-2.9010046108108184e-15
0.0,0.0,0.0,0.0,0.0,0.0,0.0,0.0,0.0,0.0,0.0,0.0,0.0,0.0,0.0,0.0,0.0,0.0,0.0,0.0,0.0,0.0,0.0,0.0,0.0,0.0,0.0,0.0,0.0,0.0,0.0,0.0,0.0,0.0,0.0,0.0,0.0,0.0,0.0,0.0,0.0,0.0,0.0,0.0,0.0,0.0,0.0,0.0,0.0,0.0,0.0,0.0,0.0,0.0,0.0,0.0,0.0,0.0,0.0,0.0,0.0,0.0,0.0,0.0,0.0,0.0,0.0,0.0,0.0,0.0,0.0,0.0,0.0,0.0,0.0,0.0,0.0,0.0,0.0,0.019135147511160938,2.9010046164760104e-15,-9.284386563769071e-25,2.9010046118344767e-15,-5.8020092292321085e-15,-9.29758086096549e-25,-5.802009227377871e-15,-5.8020092273778705e-15,-5.8020092301642865e-15,-2.9010046146215514e-15,-2.9010046136854165e-15,4.398096285100831e-28,-2.901004613688715e-15,-5.8020092310911855e-15,-5.802009227382268e-15,-2.901004617404669e-15,2.901004615549111e-15,-2.901004613686956e-15,2.901004612759177e-15,-6.5971508495018e-28,2.9010046155480114e-15,-2.901004614614295e-15,-2.9010046146158346e-15,4.657582835079153e-25,2.901004613689375e-15,-2.901004614616934e-15,-9.279988461986917e-25,-2.901004613687616e-15,2.9010046155433938e-15,-2.9010046127580774e-15,-9.264595120530184e-25,6.124020741454952e-12,-5.497632957977789e-27,1.8601758870868267e-24,-2.9010046164731516e-15,4.351507308235363e-15,4.351507416341602e-15,-2.784656465265257e-24,-6.597147264668077e-28,2.4189547576036677e-27,2.9010026537564708e-15,2.9010046146160543e-15,9.299780497707484e-25,-1.4505022623387838e-15,2.9010046146160543e-15,-4.35130508447207e-15,5.802009491530785e-15,-2.901004614154914e-15,-4.351506796200349e-15,-2.9010046155433938e-15,1.8601758873549117e-24,2.9010046150763156e-15,-4.398099227665936e-28,-2.901004614612536e-15,-9.29538181412075e-25,2.901004614616054e-15,9.262396067715336e-25,-2.9010046136913543e-15,2.199049632977378e-27,-3.2545932473159104e-24,-2.9010046127626958e-15,-2.9010046146153948e-15,2.901004610905818e-15,-4.670781383419543e-25,-2.9010046127565383e-15,-9.284386561231594e-25,9.293182763879066e-25,-2.901004612757198e-15,-2.9010046127613764e-15,-1.861055507215924e-24,-9.244803668950104e-25,6.122570617260322e-12,1.857317123111414e-24,-2.901004614617154e-15,-2.9010046136887155e-15,1.159199516847458e-21,-5.076624623895612e-15,-5.8020092292274905e-15,-7.252510918477132e-15,-1.4505024202718832e-15,5.80200922830433e-15,-9.31737230942749e-25,-5.802009232020723e-15,-2.901004613225815e-15,-2.4189546889800922e-27,2.901004613223176e-15,-2.901004613686736e-15,-3.9468539753610715e-24,-8.703013842918185e-15,2.90100461043852e-15,-2.901004612760716e-15,9.29318276278037e-25,2.9010046136920138e-15,-2.1757533983465247e-15,-1.4505022881006493e-15,-2.9010046136871757e-15,9.288784662307553e-25,-2.901004615546472e-15,-9.301978960918505e-25,9.262396065207316e-25,-2.9010046146147345e-15,4.628998942502223e-25,-1.8542384530300973e-24,2.9010046164753505e-15,6.527260702834548e-15,5.07675839662209e-15,2.901004614618473e-15,5.802009228308948e-15,-1.4505025117943305e-15,-2.9010046164733713e-15,5.802009230163186e-15,-5.8020092283047694e-15,-1.8597361516778813e-24,1.319429730540583e-27,-5.802009229236067e-15,7.977762915291778e-15,-5.80200922876723e-15,1.4505024332315405e-15,-9.29098371582103e-25,-2.9010046146134155e-15
0.0,0.0,0.0,0.0,0.0,0.0,0.0,0.0,0.0,0.0,0.0,0.0,0.0,0.0,0.0,0.0,0.0,0.0,0.0,0.0,0.0,0.0,0.0,0.0,0.0,0.0,0.0,0.0,0.0,0.0,0.0,0.0,0.0,0.0,0.0,0.0,0.0,0.0,0.0,0.0,0.0,0.0,0.0,0.0,0.0,0.0,0.0,0.0,0.0,0.0,0.0,0.0,0.0,0.0,0.0,0.0,0.0,0.0,0.0,0.0,0.0,0.0,0.0,0.0,0.0,0.0,0.0,0.0,0.0,0.0,0.0,0.0,0.0,0.0,0.0,0.0,0.0,0.0,0.0,0.0,0.019135147496101824,3.958289029234981e-27,5.802009233802174e-15,9.3151733507368e-25,-2.901004615973967e-15,-2.9010046159735277e-15,9.27998856280027e-25,2.9010046169030658e-15,5.802009233799974e-15,-2.9010046169004266e-15,-2.901004615975287e-15,8.703013851628621e-15,5.8020092356568505e-15,-2.9010046178255668e-15,2.901004616901087e-15,-1.8590763813186452e-24,2.199049698032723e-27,5.802009233797555e-15,2.9010046178288654e-15,-1.858856477006707e-24,2.901004617826666e-15,-8.703013851633458e-15,5.802009234265733e-15,1.539402042368647e-27,-5.802009231013998e-15,-2.901004615046848e-15,2.901004617826227e-15,2.9010046187579637e-15,-1.7592391391138442e-27,-5.802009235654872e-15,2.901004616899767e-15,2.9010046150426702e-15,2.9010046178279862e-15,-2.901004616902846e-15,4.351506539972195e-15,-1.4505028010068986e-15,-2.4189658365500294e-27,2.901004615970669e-15,6.124020746276337e-12,-5.802009232869336e-15,-1.856657391981776e-24,-5.8020092300881985e-15,-1.4505023538863151e-15,-2.9010046150417903e-15,1.4505022109854857e-15,-1.4505021791574232e-15,-2.901004616895369e-15,4.351506800088488e-15,-4.351506814880617e-15,-2.9010046169035055e-15,-5.8020092333328954e-15,3.518479292075844e-27,4.589417149075476e-25,2.199051911887852e-28,-9.299780006736165e-25,-9.288784758469306e-25,8.796202004530398e-28,2.901004617829525e-15,2.9010046182944046e-15,2.901004615045309e-15,2.901004616901966e-15,-4.3515067197284025e-15,-1.3893593836822785e-24,-2.9010046169035055e-15,9.253599964138263e-25,2.783116948683765e-24,2.901004613187332e-15,-2.9010046169017464e-15,-5.802009232868676e-15,2.9010046155086488e-15,1.4505021265516642e-15,2.901004615047288e-15,8.70301384977482e-15,1.3194298140204446e-27,1.4505028885092435e-15,-5.0767581432525205e-15,2.901004616666448e-15,5.076758389997599e-15,-1.4505021940888613e-15,5.802009234726874e-15,-2.901004615974187e-15,1.5394308096064553e-27,8.703013846987086e-15,-2.9010046168995474e-15,-9.251400430816736e-25,9.181679612489154e-12,1.1602185771400048e-24,-1.4505024191133152e-15,2.9010046141179695e-15,-2.9010046169006467e-15,-2.901004615972208e-15,-2.901004618758184e-15,-7.252512147517462e-16,-3.655293109718878e-23,-5.802009233801513e-15,-5.8020092347319316e-15,-2.9010046168984478e-15,-2.901004616900207e-15,-9.275590459697016e-25,-1.4505025126413131e-15,2.9010046141186293e-15,2.901004615975287e-15,9.253599970831519e-25,2.1757531422685026e-15,-2.1757537837095293e-15,2.9010026606729006e-15,-2.638859492946006e-27,2.9010050240081308e-15,-2.9010046159728678e-15,-2.901004616901966e-15,9.268993316622687e-25,2.858830134832614e-27,-9.284386661036958e-25,2.9010046168988876e-15,3.626255545570392e-15,-4.58501634721633e-25,-2.550913947105611e-22,-2.901004617827546e-15,-2.9010046169004266e-15
0.0,0.0,0.0,0.0,0.0,0.0,0.0,0.0,0.0,0.0,0.0,0.0,0.0,0.0,0.0,0.0,0.0,0.0,0.0,0.0,0.0,0.0,0.0,0.0,0.0,0.0,0.0,0.0,0.0,0.0,0.0,0.0,0.0,0.0,0.0,0.0,0.0,0.0,0.0,0.0,0.0,0.0,0.0,0.0,0.0,0.0,0.0,0.0,0.0,0.0,0.0,0.0,0.0,0.0,0.0,0.0,0.0,0.0,0.0,0.0,0.0,0.0,0.0,0.0,0.0,0.0,0.0,0.0,0.0,0.0,0.0,0.0,0.0,0.0,0.0,0.0,0.0,0.0,0.0,0.0,0.0,0.019135147490465174,6.126921752697114e-12,5.802009235506876e-15,-8.703013853261634e-15,2.901004617756077e-15,2.9010046177551973e-15,2.901004617756077e-15,-2.901004617753438e-15,-2.9010046177547575e-15,3.0786693803643056e-27,-5.802009235507756e-15,-2.9010046186827565e-15,5.802009235509954e-15,-5.802009235508635e-15,-1.0806512097648644e-34,-8.796199424149678e-28,-5.802009235506876e-15,-2.901004617753878e-15,3.51847928481983e-27,2.9010046177529983e-15,2.901004617760035e-15,2.901004617760475e-15,-9.275591131643085e-25,-9.293183527730063e-25,2.901004617760035e-15,5.802009235506876e-15,1.160401847102255e-14,2.9010046177543177e-15,5.802009235509515e-15,-1.7592394457366267e-27,1.859516157199249e-24,-2.9010046177613547e-15,9.301979555540603e-25,-5.802009235508196e-15,-9.297582965673224e-25,2.9010046177582758e-15,-1.3194297423179555e-27,-2.9010046177556374e-15,5.802009234579757e-15,2.901004619609875e-15,-9.271192867124312e-25,1.5393348152734671e-27,2.9010046177547575e-15,-1.4505022132638106e-15,-2.9010046177543177e-15,-2.901004618217877e-15,8.703013853262073e-15,1.450502197473529e-15,2.901004617753878e-15,-3.078669224159247e-27,2.9010046177556374e-15,-1.3924381946256732e-24,5.802009235512154e-15,2.901004617753878e-15,-2.9010046177529983e-15,-8.796198304553222e-28,-5.802009235510834e-15,3.0634608763476308e-12,2.9010046177556374e-15,5.802009235509954e-15,7.252511342472803e-15,-2.901004618218757e-15,2.9010046177569564e-15,-3.0786693878896297e-27,8.703013853266033e-15,2.9010046191498343e-15,2.901004617760915e-15,5.802009235508635e-15,5.802009235046395e-15,1.4505024879945704e-15,4.8379090407780716e-27,8.703013853262073e-15,1.3194296451097901e-27,-2.9010046177525585e-15,-7.252510912238258e-16,2.9010046161300996e-15,2.901004617756297e-15,-1.0995249655342572e-27,-2.9010046177516785e-15,2.6388594675553112e-27,2.9010046182183174e-15,-8.703013850481595e-15,-5.802009235509954e-15,3.958289118361719e-27,-2.9010046177569564e-15,4.589389305286863e-12,-1.4505021972872675e-15,-8.703013853265591e-15,2.9010046177582758e-15,2.9010046177587156e-15,8.79619769708337e-28,2.901004617755307e-15,1.4505023276150404e-15,1.7592395793672388e-27,2.9010046177565166e-15,4.398099051125926e-27,-8.796198077046441e-28,-2.9010046177543177e-15,-4.351506721519085e-15,-2.901004616827638e-15,5.8020092355068754e-15,2.6388593950303522e-27,-8.703013853265591e-15,-1.3999150293411967e-24,-9.2623965882403e-25,-2.9010046177551973e-15,2.9010042115734032e-15,2.901004617756077e-15,0.009567573769062887,-5.802009235505997e-15,-2.901004617752558e-15,2.1990495577783666e-27,-2.9010046177551973e-15,-2.901004617753438e-15,-2.9010046177598152e-15,-1.4505021820269659e-15,-2.199049597105094e-27,2.9010046177565166e-15
0.0,0.0,0.0,0.0,0.0,0.0,0.0,0.0,0.0,0.0,0.0,0.0,0.0,0.0,0.0,0.0,0.0,0.0,0.0,0.0,0.0,0.0,0.0,0.0,0.0,0.0,0.0,0.0,0.0,0.0,0.0,0.0,0.0,0.0,0.0,0.0,0.0,0.0,0.0,0.0,0.0,0.0,0.0,0.0,0.0,0.0,0.0,0.0,0.0,0.0,0.0,0.0,0.0,0.0,0.0,0.0,0.0,0.0,0.0,0.0,0.0,0.0,0.0,0.0,0.0,0.0,0.0,0.0,0.0,0.0,0.0,0.0,0.0,0.0,0.0,0.0,0.0,0.0,0.0,0.0,0.0,0.0,0.0191351474903999,-2.9010046196228503e-15,3.713755006561763e-24,-9.23600843749045e-25,5.277714389289233e-27,5.802009231817751e-15,2.901004615909975e-15,2.9010046196250492e-15,5.802009237388823e-15,2.901004619621091e-15,2.901002658756695e-15,8.703013852371239e-15,-5.802009231815992e-15,-2.90100461777257e-15,-2.9010046196228503e-15,5.802009236456866e-15,5.802009236461264e-15,-2.9010046149797767e-15,-8.703013853300116e-15,-2.9010046168309367e-15,4.398051219142842e-28,-2.901004618695291e-15,-2.9010046168362145e-15,1.8617154011469116e-24,-3.7207919608571336e-24,2.901004611268221e-15,2.901004616837534e-15,-5.8020092364564265e-15,-2.9010046214779683e-15,-3.0787688048337237e-27,-9.29758173688055e-25,-5.802009231811593e-15,1.3906791102507066e-24,-1.1604018470595934e-14,-2.901004619621531e-15,9.253600185910993e-25,2.9010046159064564e-15,5.802009231810714e-15,-2.901004618693972e-15,2.9010046177668523e-15,-4.351506969760885e-15,1.3194253022231534e-27,-2.9010044274696943e-15,-1.4505021768069695e-15,-2.9010046149762584e-15,2.901004862716565e-15,-1.4505024216744365e-15,-5.8020092336715495e-15,8.703013851435323e-15,2.9010046149762584e-15,-1.3933178143902964e-24,5.80200923274487e-15,2.901004615907776e-15,5.802009235531506e-15,5.802009236460384e-15,-5.80200923274487e-15,0.009567573299272025,5.8020092355337046e-15,-2.9010046205477704e-15,4.351506723337153e-15,-2.9010055963399735e-15,8.703013854222399e-15,-9.306377978565218e-25,2.901004615910415e-15,1.855118201023466e-24,-1.8476414929662393e-24,-2.90100462054953e-15,-5.80200923878258e-15,-2.9010042604633264e-15,1.858196926228665e-24,-2.9010046205596455e-15,2.9010046186961707e-15,-4.3515063456554435e-15,1.4505024357788025e-15,-1.6299355536952238e-24,2.175753771425289e-15,1.4505024237019613e-15,-2.9010046168366547e-15,-2.9010046186900136e-15,-2.9010046149775778e-15,-2.9010046117322206e-15,1.8595163650306503e-24,-2.901004618691333e-15,-9.284387554878585e-25,0.014351360109365503,-1.4505021963642164e-15,1.8559979022678687e-24,6.1573342639117794e-27,9.332766527594303e-25,-2.9010046186944115e-15,2.1757534007085238e-15,-2.9010046173037326e-15,2.9010046168366547e-15,3.5184748092367495e-27,-2.901004618686495e-15,2.901004616838414e-15,-2.9010046177650935e-15,1.4505025149264556e-15,2.901004617295816e-15,-2.9010046196276884e-15,8.79619659764832e-28,-5.8020092325128706e-15,-5.802009234842104e-15,2.9010046168326962e-15,9.25360083393223e-25,1.4505021039311438e-15,-2.9010046186878146e-15,6.12111973585454e-12,-2.9010046131198206e-15,2.9010046159095353e-15,-2.901004616835775e-15,-9.275591241067284e-25,-2.9010046161419743e-15,1.4505017748757077e-15,2.901004617298895e-15,2.9010046168340156e-15,4.398054561777958e-28
0.0,0.0,0.0,0.0,0.0,0.0,0.0,0.0,0.0,0.0,0.0,0.0,0.0,0.0,0.0,0.0,0.0,0.0,0.0,0.0,0.0,0.0,0.0,0.0,0.0,0.0,0.0,0.0,0.0,0.0,0.0,0.0,0.0,0.0,0.0,0.0,0.0,0.0,0.0,0.0,0.0,0.0,0.0,0.0,0.0,0.0,0.0,0.0,0.0,0.0,0.0,0.0,0.0,0.0,0.0,0.0,0.0,0.0,0.0,0.0,0.0,0.0,0.0,0.0,0.0,0.0,0.0,0.0,0.0,0.0,0.0,0.0,0.0,0.0,0.0,0.0,0.0,0.0,0.0,0.0,0.0,0.0,0.0,0.019135147415414732,3.518479440195291e-27,2.9010046291302216e-15,-2.9010046291372587e-15,-5.802009257338601e-15,2.9010046291346195e-15,2.901004629131981e-15,2.9010046291359393e-15,3.0786700427797632e-27,-2.90100462913418e-15,-2.0320877521554667e-35,9.323970398704956e-25,3.9582897590009925e-27,-2.9010046291350593e-15,7.476769547210485e-27,-2.9010046291306614e-15,4.398095327313181e-28,6.124020772099463e-12,-2.901004629131981e-15,9.271199901571923e-25,-2.90100463005998e-15,1.1604018515600365e-14,-2.6388601499490853e-27,2.9010046291284625e-15,-2.9010046291354987e-15,6.1211197674703356e-12,-3.518479086804662e-27,2.782237574785481e-24,9.328367519775329e-25,2.901004629131541e-15,2.9010046300612984e-15,-5.802010029953033e-15,5.802008263858063e-15,-8.703013886470143e-15,2.901004629135939e-15,2.9010046291328604e-15,-2.6388600714980115e-27,-2.9010046282053016e-15,-5.802009260124358e-15,1.3194299178192329e-27,-2.1990491688092694e-27,5.802009258264841e-15,-1.4505024457118103e-15,-2.9010046295977393e-15,1.4505021893008695e-15,-5.802009258266162e-15,2.901004629129782e-15,4.657587024974242e-25,0.009567573385028621,-2.901004630524419e-15,-2.9010046291311012e-15,3.958289562578622e-27,5.7175288596384256e-27,2.9010046291350593e-15,5.802009258262643e-15,-1.4505023821689545e-15,5.802009258269239e-15,-2.9010046291372587e-15,-2.9010046291333e-15,-2.9010046291293417e-15,5.8020092582652806e-15,4.39809267039664e-28,0.009567572971635461,2.901004629598619e-15,-1.3194301514698386e-27,-1.7592393238860345e-27,-4.679577534350253e-25,1.858636862613982e-24,-4.398105716237057e-28,-5.802009258267481e-15,-2.9010046291350593e-15,4.3515063636399275e-15,2.9010046291282424e-15,2.9010046275064434e-15,7.252508477842483e-16,-2.6388593421517914e-27,2.9010046291350597e-15,5.80200925826792e-15,-5.802009256874162e-15,1.3946371231833797e-24,2.9010046291363787e-15,4.661985126309064e-25,-8.796205705602926e-28,5.0767580239050465e-15,-1.4505022029793975e-15,-5.802009256867565e-15,-2.9010046291350597e-15,-2.638859487785709e-27,2.199049135486615e-27,-2.4189539637423206e-27,-1.450502294900989e-15,-2.9010046291333e-15,2.9010046291354995e-15,2.9010046291328604e-15,2.9010046291341798e-15,2.1990502422698564e-27,-1.4505021094489803e-15,4.653188507898003e-25,3.0605598837351617e-12,3.060559883735167e-12,-1.4505029558531955e-15,-1.4505029650027855e-15,4.398056211472866e-27,2.9010046291350597e-15,4.351506740610043e-15,-4.39809689799396e-28,-6.2936796909294854e-24,-2.9010046291337404e-15,9.306377844704427e-25,-2.9010046291324206e-15,2.9010046291341798e-15,-7.252512023483385e-15,-4.398098970406492e-27,1.4505024414175031e-15,5.802009258269239e-15,-1.3194288575681242e-27
0.0,0.0,0.0,0.0,0.0,0.0,0.0,0.0,0.0,0.0,0.0,0.0,0.0,0.0,0.0,0.0,0.0,0.0,0.0,0.0,0.0,0.0,0.0,0.0,0.0,0.0,0.0,0.0,0.0,0.0,0.0,0.0,0.0,0.0,0.0,0.0,0.0,0.0,0.0,0.0,0.0,0.0,0.0,0.0,0.0,0.0,0.0,0.0,0.0,0.0,0.0,0.0,0.0,0.0,0.0,0.0,0.0,0.0,0.0,0.0,0.0,0.0,0.0,0.0,0.0,0.0,0.0,0.0,0.0,0.0,0.0,0.0,0.0,0.0,0.0,0.0,0.0,0.0,0.0,0.0,0.0,0.0,0.0,0.0,0.01913514739139151,2.1990495582067437e-27,6.1240207797878725e-12,-2.9010046337024855e-15,-2.901004632774047e-15,-2.901004632774487e-15,-5.802009265552492e-15,-5.802009265551172e-15,9.244804639174717e-25,-2.9010046327714083e-15,-2.9010046318478072e-15,-2.9010046327758066e-15,1.3194297026028665e-27,2.901004632771848e-15,2.9010046327758066e-15,-2.901004632776246e-15,2.9010046327758066e-15,2.9010046327736073e-15,6.1211197751550955e-12,5.802009265546775e-15,-2.9010046318491266e-15,2.901004632772288e-15,-2.901004632772288e-15,-5.802009265543256e-15,-2.9010046327736073e-15,4.398099135288814e-27,-2.9010046346287253e-15,9.249201743886656e-25,9.23600809898212e-27,-2.901004631844289e-15,2.901004632772948e-15,2.9010046346289454e-15,-2.9010046337007263e-15,-2.9010046337016063e-15,-2.9010046318473674e-15,-1.857756975401071e-24,5.8020092664774125e-15,-2.901004632778005e-15,4.351506905117407e-15,1.7592397036943265e-27,-7.252511486324847e-15,-5.802009003258213e-15,2.901004634166485e-15,1.4505024416547836e-15,2.4188833892959758e-27,3.0547578783120003e-12,-2.901004633244204e-15,-8.70301389832786e-15,-2.9010046327736073e-15,2.6388595941490565e-27,3.518479361613946e-27,-5.802009265550733e-15,1.319429703289378e-27,-1.759239692347464e-27,-2.901004631846488e-15,5.8020092655551316e-15,2.9010046327819633e-15,-1.8553382400667e-24,-2.901004632310487e-15,-2.9010046327736073e-15,-2.901004632774487e-15,4.3981020106519315e-28,4.723558596796551e-25,-8.703013898321262e-15,-2.901004632774487e-15,2.199049681444217e-27,-1.4505021372735695e-15,2.9010046327736073e-15,3.9582893153608084e-27,-5.802009265550293e-15,2.901005792900251e-15,-7.25251094980957e-16,-5.802009265545895e-15,4.351507568154387e-15,1.4505024312106167e-15,-5.802009265554252e-15,-2.901004632777126e-15,1.397276131257129e-24,-5.8020092641609335e-15,5.802009265548094e-15,2.9010046332384866e-15,1.3889197507573905e-24,2.9010046332389264e-15,-1.3194297282218608e-27,-8.703013900647857e-15,-5.8020092655472146e-15,-4.398099306831523e-28,-4.398099442842674e-28,-3.626255852186349e-15,-3.748082127438291e-23,0.00956757187617985,2.6388593742929455e-27,-2.901004632778005e-15,-2.901004632774047e-15,-4.398099185841391e-27,-5.802009265548974e-15,-2.901004632314006e-15,2.9010046327775658e-15,-4.398099802043274e-28,-2.9010046327794346e-15,-2.901004629992579e-15,2.784876286921984e-24,2.901004632772288e-15,-1.4505025194797907e-15,5.802009265552492e-15,1.4505023272241594e-15,0.009567573922417973,-9.293183563179213e-25,-3.9843682539397624e-35,2.901004632776246e-15,-2.901004632774377e-15,-7.252511047935313e-15,-2.5370368629284776e-22,2.9010046327736073e-15,2.901004632776686e-15
0.0,0.0,0.0,0.0,0.0,0.0,0.0,0.0,0.0,0.0,0.0,0.0,0.0,0.0,0.0,0.0,0.0,0.0,0.0,0.0,0.0,0.0,0.0,0.0,0.0,0.0,0.0,0.0,0.0,0.0,0.0,0.0,0.0,0.0,0.0,0.0,0.0,0.0,0.0,0.0,0.0,0.0,0.0,0.0,0.0,0.0,0.0,0.0,0.0,0.0,0.0,0.0,0.0,0.0,0.0,0.0,0.0,0.0,0.0,0.0,0.0,0.0,0.0,0.0,0.0,0.0,0.0,0.0,0.0,0.0,0.0,0.0,0.0,0.0,0.0,0.0,0.0,0.0,0.0,0.0,0.0,0.0,0.0,0.0,0.0,0.019135147339018225,6.124020796549434e-12,-2.901004639787916e-15,-1.2854223511597076e-35,-1.7592396768919375e-27,-2.9010046407167945e-15,2.9010046407163547e-15,-2.9010046407145955e-15,-5.802009281434028e-15,2.901004639787476e-15,2.9010046407150353e-15,-2.9010046407172343e-15,2.9010046407163547e-15,2.9010046407172343e-15,-2.9010046407150353e-15,-9.271193376204158e-25,-8.796199529598771e-28,-4.398099660705054e-28,2.9010046407185536e-15,-2.901004640718994e-15,-1.7592397108214907e-27,2.9010046407123966e-15,-8.796197409558504e-28,-5.802009282362028e-15,-2.9010046407176744e-15,-5.802009279573193e-15,-2.901004640713716e-15,-3.518479096094646e-27,2.9010046397870363e-15,2.9010046407198734e-15,9.2799906443462e-25,1.3194298227797236e-27,1.857757011727792e-24,-2.9010046397861567e-15,2.901004644431429e-15,-2.9010046407123966e-15,6.121119791908722e-12,4.398099018288774e-28,2.9010046407123966e-15,-1.912249388893415e-22,3.95828933120924e-27,-5.8020092814318306e-15,4.351506835808751e-15,-1.3194298156869278e-27,9.184580692503799e-12,2.9010046411785952e-15,-4.351506912150295e-15,2.9010046407141557e-15,4.398098531367163e-28,5.802009281427871e-15,8.796198510241746e-28,-3.0786694074706604e-27,2.9010046407128364e-15,-2.901004640717015e-15,-2.9010046407145955e-15,-2.9010046407150353e-15,-2.901004640713276e-15,-2.9010046407141557e-15,-3.51847924957586e-27,2.901004640718114e-15,1.4505024319478531e-15,-2.9010046411821135e-15,-6.597148606437224e-27,2.901004640713716e-15,2.1990494543393558e-27,2.901004284344124e-15,-5.8020092814296304e-15,3.958289179747956e-27,0.009567572421283694,4.398103891032578e-28,1.4505021939231715e-15,8.703013922143787e-15,2.901004640714376e-15,-8.796197465683228e-28,5.802009281433589e-15,-3.518479342506241e-27,-8.703013923537544e-15,2.901004640714595e-15,5.802009281428751e-15,-2.9010046407137156e-15,1.3897993744605123e-24,-2.968741615513168e-27,-3.738384268513813e-27,1.7592397343323768e-27,2.9010046407106374e-15,-2.9010046407163543e-15,3.0786692856494915e-27,2.901004640713056e-15,-7.252511620530528e-15,2.9010046407143754e-15,-3.0786694319736356e-27,1.3194295160977427e-27,5.8020092814296304e-15,2.901004640714595e-15,2.9010046407143754e-15,1.319429773235681e-27,-4.618004292960347e-25,-4.670781478698112e-25,-2.9010046407084377e-15,-8.70301392074783e-15,-2.901004638857278e-15,2.9010046407159153e-15,-5.802009281428971e-15,-8.703013922145986e-15,1.450502316744919e-15,-5.8020092814342484e-15,-2.9010046397870363e-15,-2.9010046407150353e-15,-8.130990877600649e-35,2.9010046407189934e-15,5.80200821342496e-15,1.4505021935071038e-15,-2.901004640714595e-15,-2.9010046407176744e-15
0.0,0.0,0.0,0.0,0.0,0.0,0.0,0.0,0.0,0.0,0.0,0.0,0.0,0.0,0.0,0.0,0.0,0.0,0.0,0.0,0.0,0.0,0.0,0.0,0.0,0.0,0.0,0.0,0.0,0.0,0.0,0.0,0.0,0.0,0.0,0.0,0.0,0.0,0.0,0.0,0.0,0.0,0.0,0.0,0.0,0.0,0.0,0.0,0.0,0.0,0.0,0.0,0.0,0.0,0.0,0.0,0.0,0.0,0.0,0.0,0.0,0.0,0.0,0.0,0.0,0.0,0.0,0.0,0.0,0.0,0.0,0.0,0.0,0.0,0.0,0.0,0.0,0.0,0.0,0.0,0.0,0.0,0.0,0.0,0.0,0.0,0.019135147337830265,-8.703013918974735e-15,5.802009282718272e-15,-2.9010046399680176e-15,2.784876504457359e-24,-5.802009280862715e-15,2.9010046427520146e-15,2.7791589805869924e-24,-2.9010046418222564e-15,3.518474298448623e-27,9.284387748851022e-25,8.703013920832051e-15,-1.8595164040732207e-24,-5.802009279934276e-15,4.398078947184384e-28,-2.901004641825335e-15,-2.9010065999022605e-15,2.901004636256022e-15,2.901004639967138e-15,-2.9010046418257747e-15,-2.901004640896896e-15,-2.9010046390404583e-15,-2.90100463718622e-15,2.901004641823136e-15,-2.901004636257781e-15,9.306378240809482e-25,2.901004640892938e-15,-5.8020092827213515e-15,2.9010046390426577e-15,-2.9010046418218166e-15,5.802009281790713e-15,2.901004641822696e-15,5.8020092836489115e-15,9.323968428660237e-25,-9.284387650305571e-25,-5.802011239869411e-15,1.4505023631007736e-15,-2.9010046418257747e-15,-5.802009470690378e-15,2.9010046427568527e-15,2.9010046395013795e-15,2.901004388511095e-15,-2.901004640897996e-15,0.009567573020659536,9.275591141823057e-25,1.4505022757107619e-15,-2.901004643680893e-15,-2.9010046408942574e-15,2.9010046390400186e-15,1.8573173494792583e-24,-5.802009281793353e-15,-8.70301392361429e-15,-2.90100463811136e-15,-8.70301392361385e-15,5.802009281788955e-15,2.9010046418255546e-15,2.3235158767456528e-24,9.2579991038218e-25,3.9582841423158664e-27,1.4505022083890555e-15,-8.703013922221852e-15,2.7831172597948934e-24,1.3194245335043681e-27,-9.275591206816169e-25,2.901004284060666e-15,2.9010046418240156e-15,2.901004640892938e-15,6.125471698734539e-12,2.901004639970216e-15,-7.25251172890529e-15,-2.9010046450702528e-15,-2.9010046432160143e-15,-1.4505024357327425e-15,-2.901004640893378e-15,-2.9010046399644992e-15,1.3897994291650127e-24,5.802009282716953e-15,5.8020092780752e-15,2.9010046395053376e-15,-2.9010046408982155e-15,-4.645492494465715e-25,-5.802009058607851e-15,-5.8020092794636794e-15,2.9010046418200575e-15,9.266795352381737e-25,4.8379090046010455e-27,-2.1757534192164944e-15,-8.703013920367174e-15,-4.3509246436198816e-15,-2.901004640897776e-15,-2.9010046399640595e-15,-2.9010046418235758e-15,-9.284387747827898e-25,-2.9010042297291577e-15,9.310776290887133e-25,-4.644392910484187e-25,-2.9010046404320173e-15,-2.9010046390343013e-15,-5.8020092780743194e-15,1.8603959264517015e-24,-8.703013924540529e-15,-5.802009279469617e-15,9.279989749242113e-25,-1.4505023249868465e-15,6.122570222050762e-12,2.7853162527682018e-24,9.284387747774732e-25,5.802009280860956e-15,5.802009281794232e-15,2.9010046413580374e-15,2.901004640432897e-15,3.518484355656816e-27,-2.901004640895577e-15
0.0,0.0,0.0,0.0,0.0,0.0,0.0,0.0,0.0,0.0,0.0,0.0,0.0,0.0,0.0,0.0,0.0,0.0,0.0,0.0,0.0,0.0,0.0,0.0,0.0,0.0,0.0,0.0,0.0,0.0,0.0,0.0,0.0,0.0,0.0,0.0,0.0,0.0,0.0,0.0,0.0,0.0,0.0,0.0,0.0,0.0,0.0,0.0,0.0,0.0,0.0,0.0,0.0,0.0,0.0,0.0,0.0,0.0,0.0,0.0,0.0,0.0,0.0,0.0,0.0,0.0,0.0,0.0,0.0,0.0,0.0,0.0,0.0,0.0,0.0,0.0,0.0,0.0,0.0,0.0,0.0,0.0,0.0,0.0,0.0,0.0,0.0,0.01913514732002825,9.266794998895038e-25,-2.9010046426649326e-15,5.802009286260943e-15,2.9010046417345146e-15,-1.857317305871544e-24,5.802009286252586e-15,-2.9010046454509085e-15,2.9010046417393523e-15,2.901004642663833e-15,5.802009288118479e-15,-2.9010046435942506e-15,9.264595950777368e-25,6.37730015327517e-27,2.901004643591392e-15,-2.9010046440615485e-15,-2.901004644519611e-15,8.70301393078847e-15,8.70301393171097e-15,6.121119797983402e-12,2.9010046417327554e-15,8.703013933561253e-15,2.901004645453328e-15,3.711995757852669e-24,-1.855778037847925e-24,2.9010046454546465e-15,-2.9010046445202708e-15,-1.4505027085673532e-15,-4.3515074621223025e-15,-5.802009287188721e-15,-2.901004643593811e-15,5.802009286261163e-15,-8.703013931711412e-15,-2.901004641737813e-15,-2.901004641742651e-15,7.252511564015723e-15,-2.901004643593811e-15,2.9010046421975247e-15,-4.639994228225647e-25,-5.802009285794304e-15,6.121120062287705e-12,1.4505022122507016e-15,-4.351507259295795e-15,0.009567572835120707,-1.0016407368279358e-22,-2.9010046426684513e-15,2.901004642660974e-15,2.9010046445218102e-15,-1.8595163393286508e-24,2.9010046435905126e-15,5.8020092881178196e-15,1.3427770989516624e-22,5.802009285325247e-15,2.9010046445233497e-15,-4.351507171015815e-15,8.703013928460336e-15,2.901004642668451e-15,-8.796202322117027e-28,-2.2272106971134926e-22,-2.9010046445246687e-15,1.8540187149453396e-24,9.193283715548556e-12,-5.802009286260063e-15,-2.901004644055501e-15,2.901004641735834e-15,-2.9010046454509085e-15,1.450502135805352e-15,2.90100464220819e-15,2.901004642430789e-15,-9.286586450302092e-25,-2.901004643828889e-15,-4.351506851497101e-15,1.0995246141006371e-27,6.597150215613855e-28,2.9010046426618537e-15,1.3961764646041213e-24,5.8020092871935594e-15,4.637795431224605e-25,2.9010046431276126e-15,-1.4505021667034313e-15,-9.323970293229734e-25,4.565226901890589e-25,-1.7592400486922183e-27,9.279989298987121e-25,5.802009287188283e-15,2.1757534214703007e-15,-2.9010046422041215e-15,-1.450502598114863e-15,2.901004643594471e-15,3.066361908278886e-12,1.0716311153437276e-11,2.901004643593591e-15,-2.90100464359645e-15,2.9010046431258534e-15,-2.9010046426660323e-15,-2.9010046417375935e-15,2.1757531620552175e-15,-2.1757538053570874e-15,2.9010046417371537e-15,9.271193100915341e-25,1.4505021163832605e-15,9.268994051896953e-25,4.35150695899687e-15,-1.4505022841754538e-15,-2.901006602602631e-15,2.901004643591832e-15,5.802009287190261e-15,7.252509346466496e-16,2.9010046422009333e-15,-5.802009287186193e-15,2.9010046426658122e-15,-2.9010046435938112e-15
0.0,0.0,0.0,0.0,0.0,0.0,0.0,0.0,0.0,0.0,0.0,0.0,0.0,0.0,0.0,0.0,0.0,0.0,0.0,0.0,0.0,0.0,0.0,0.0,0.0,0.0,0.0,0.0,0.0,0.0,0.0,0.0,0.0,0.0,0.0,0.0,0.0,0.0,0.0,0.0,0.0,0.0,0.0,0.0,0.0,0.0,0.0,0.0,0.0,0.0,0.0,0.0,0.0,0.0,0.0,0.0,0.0,0.0,0.0,0.0,0.0,0.0,0.0,0.0,0.0,0.0,0.0,0.0,0.0,0.0,0.0,0.0,0.0,0.0,0.0,0.0,0.0,0.0,0.0,0.0,0.0,0.0,0.0,0.0,0.0,0.0,0.0,0.0,0.0191351473172868,-2.901004644006133e-15,6.1240208035043766e-12,-2.199048928946719e-27,-2.786635699680104e-24,2.901004644007892e-15,-3.518478647586502e-27,2.90100464401361e-15,-5.8020092880175436e-15,-6.597147932605306e-27,2.9010046440070126e-15,3.958289100647041e-27,2.901004643085171e-15,-2.901004644006133e-15,2.901004645868289e-15,5.8020092880232604e-15,5.8020092861646245e-15,4.3980987551658484e-27,2.901004644005693e-15,-8.703013932031153e-15,2.901004643085611e-15,5.7175293160994145e-27,-9.367951097356916e-25,-2.9010046449442476e-15,-8.703013932032472e-15,2.901004644010091e-15,8.703013160340978e-15,5.802008293621536e-15,2.9010046402928176e-15,5.802009288013146e-15,2.901004642148376e-15,2.90100464401361e-15,-5.802009288948181e-15,1.863914407305285e-24,8.808930735945443e-23,-5.802009288014025e-15,-2.90100464401361e-15,-2.9010043817105336e-15,-2.782237515797567e-24,-7.252511735292329e-15,2.90100464401295e-15,-5.802009091455926e-15,2.9010046440081123e-15,-4.351506917097057e-15,8.796195633326643e-28,9.181679698290545e-12,0.00956757284021342,-2.901004644014929e-15,-2.9010046440087718e-15,5.717528952012957e-27,-4.351506901196609e-15,3.0786698871557124e-27,0.009567572946709301,-9.247004077953415e-25,5.802009286629063e-15,3.0634609040741938e-12,-2.9010046440118503e-15,1.4505024336017584e-15,2.9010046440114105e-15,-5.80200928802502e-15,2.1990494983878903e-27,-2.90100464401273e-15,-2.901004643082532e-15,-2.901004644008332e-15,-2.901004644010091e-15,-2.9010046458669687e-15,-2.9010034838838835e-15,-5.802009288011606e-15,3.078669105914812e-27,1.4505029409961651e-15,2.9010044143692816e-15,2.9010046440052535e-15,2.901004644007892e-15,5.802009288017103e-15,-1.3955167509843118e-24,-2.9010046440131697e-15,-3.715514165462435e-24,-2.782237612677039e-24,-2.175753407319688e-15,7.696673229550876e-27,-3.71155589978252e-24,5.802009288019742e-15,3.518479465028729e-27,2.9010046440105313e-15,-1.450502199557239e-15,-1.450502302327949e-15,1.450502046158674e-15,5.802009288020622e-15,-2.9010046440100915e-15,2.9010046440070126e-15,-2.9010046440105313e-15,5.8020092880204016e-15,-2.9010046444784887e-15,-2.901004644471452e-15,-4.600411893053173e-25,1.5955524900768404e-14,4.351506315593622e-15,2.901004643078134e-15,2.9010046440140496e-15,-1.4505021189175556e-15,0.014351359787606734,7.252511612712466e-15,1.4505023545243725e-15,2.901004644931493e-15,-2.9010046440070126e-15,-2.9010046440197673e-15,1.0153515803383533e-14,-2.9010046440094313e-15,-4.3515068391660424e-15,3.086640259350725e-34,5.80200928802678e-15
0.0,0.0,0.0,0.0,0.0,0.0,0.0,0.0,0.0,0.0,0.0,0.0,0.0,0.0,0.0,0.0,0.0,0.0,0.0,0.0,0.0,0.0,0.0,0.0,0.0,0.0,0.0,0.0,0.0,0.0,0.0,0.0,0.0,0.0,0.0,0.0,0.0,0.0,0.0,0.0,0.0,0.0,0.0,0.0,0.0,0.0,0.0,0.0,0.0,0.0,0.0,0.0,0.0,0.0,0.0,0.0,0.0,0.0,0.0,0.0,0.0,0.0,0.0,0.0,0.0,0.0,0.0,0.0,0.0,0.0,0.0,0.0,0.0,0.0,0.0,0.0,0.0,0.0,0.0,0.0,0.0,0.0,0.0,0.0,0.0,0.0,0.0,0.0,0.0,0.01913514731316012,2.9010046455615206e-15,6.118218795535805e-12,5.802009290198561e-15,-2.9010046446352808e-15,8.796194829062014e-28,-5.802009289267923e-15,2.9010046446339614e-15,2.9010046446394586e-15,8.703013933903861e-15,-2.9010046446363804e-15,-9.277790534227713e-25,2.90100464463616e-15,4.644389632797396e-25,-2.901004643703983e-15,-5.802009288343662e-15,5.8020092892692426e-15,9.308577322981023e-25,2.9010046446357206e-15,2.9010046437042032e-15,-6.597150402593986e-28,-5.8020092874114846e-15,-9.233808436340505e-25,-3.298574534619421e-27,-4.398101948794854e-28,-4.3515065811077234e-15,1.4505028190565925e-15,9.330567448335716e-25,2.90100464371102e-15,-2.9010046437053025e-15,-1.7592711817806935e-27,-9.264595127158833e-25,2.9010046427755443e-15,2.90100464463693e-15,-2.9010046446368202e-15,4.351506871340122e-15,1.4505021911694013e-15,2.9010046450962015e-15,4.351506842620197e-15,-5.802009289271441e-15,1.4505022240333139e-15,-1.450502447374407e-15,4.35150701587254e-15,1.3908988728738117e-24,2.901004646028819e-15,1.4505021982397802e-15,3.0692629140241266e-12,0.009567577547735302,0.009567565046409878,-4.351506898418219e-15,-2.9010046446376994e-15,7.252511503652907e-15,9.282188871440704e-25,2.901004645103239e-15,-2.9010046441758995e-15,5.802009289269242e-15,1.4505024339092952e-15,-2.901004644637919e-15,-2.9010046446412185e-15,-2.9010046432395436e-15,-2.901004644169962e-15,-1.4505025005016672e-15,-2.901004644634401e-15,-2.901004644632642e-15,9.253601669109386e-25,-1.4505029023803042e-15,3.626255742572035e-15,2.9010046462557604e-15,7.252508516608414e-16,2.901004644630773e-15,9.187481709559938e-12,-2.9010046446337417e-15,1.9791444697210985e-27,-1.3935376059476488e-24,3.298574221775556e-27,-8.703013933438104e-15,1.3917785214147146e-24,-5.076758050568853e-15,4.3515068553557725e-15,1.3919983955197344e-24,-1.3194293163544872e-27,-4.398099100159456e-27,2.9010046446372596e-15,2.901004644632697e-15,2.901004644166333e-15,1.4505020464659913e-15,-2.9010046446352808e-15,-2.901004644173481e-15,-5.8020092876450245e-15,-5.802009289268802e-15,1.450502117196011e-15,2.90100464417458e-15,2.9010046441739202e-15,2.9010046441695223e-15,-5.076757807466929e-15,2.175753807992593e-15,3.0786696904333858e-27,7.649949247903237e-12,-1.4505021192247627e-15,2.175753377294577e-15,1.45050232500246e-15,1.450502357614367e-15,9.308576945656191e-25,2.90100464463704e-15,2.19904972381542e-27,-6.527260225099915e-15,-4.351506432952675e-15,-2.309022249803519e-27,-5.802009289271221e-15,-3.298574851143167e-27
0.0,0.0,0.0,0.0,0.0,0.0,0.0,0.0,0.0,0.0,0.0,0.0,0.0,0.0,0.0,0.0,0.0,0.0,0.0,0.0,0.0,0.0,0.0,0.0,0.0,0.0,0.0,0.0,0.0,0.0,0.0,0.0,0.0,0.0,0.0,0.0,0.0,0.0,0.0,0.0,0.0,0.0,0.0,0.0,0.0,0.0,0.0,0.0,0.0,0.0,0.0,0.0,0.0,0.0,0.0,0.0,0.0,0.0,0.0,0.0,0.0,0.0,0.0,0.0,0.0,0.0,0.0,0.0,0.0,0.0,0.0,0.0,0.0,0.0,0.0,0.0,0.0,0.0,0.0,0.0,0.0,0.0,0.0,0.0,0.0,0.0,0.0,0.0,0.0,0.0,0.019135147306818524,2.9010046446643085e-15,2.9010046474500643e-15,6.129822816144904e-12,2.901004645599345e-15,-2.9010046465251446e-15,1.8595164163840195e-24,2.9010046455949462e-15,-2.901004646526464e-15,2.9010046455953864e-15,-1.8542386871302024e-24,-2.901004644670026e-15,-2.9010046455997847e-15,5.802009289340932e-15,2.9010046428056717e-15,-4.837908579466035e-27,-2.901004648378504e-15,5.80200929397345e-15,2.9010046437354303e-15,2.9010046455971456e-15,-5.802009290261894e-15,2.9010046465216263e-15,-2.9010046428091904e-15,-2.9010046483864205e-15,-2.9010038766872284e-15,-2.901003652117921e-15,-2.9010046465220657e-15,2.9010046437389486e-15,2.9010046455923075e-15,-5.8020092921174525e-15,1.8621552766950832e-24,1.8542386410204314e-24,-1.4505022787553485e-15,-2.9010046437389486e-15,-2.901004644667827e-15,7.252511483771963e-15,2.901004644207786e-15,-4.351506842664838e-15,2.2187464463352077e-22,-8.7030139340059e-15,2.4918861394953013e-22,-1.4505022724898142e-15,-4.398095341694832e-28,0.00956757344035658,1.4507642534804661e-15,-5.80200929073557e-15,-1.4505029122597793e-15,4.351508273285195e-15,-2.9010045071386027e-15,3.066361910395715e-12,6.119669527733946e-12,-2.901004236201628e-15,5.802009290261895e-15,0.009567573310200106,-2.901004644663429e-15,1.4505024339220501e-15,-3.715954006363372e-24,1.8559979373312757e-24,2.9010046428109496e-15,2.9010046465299827e-15,2.901004646521186e-15,5.802009292120531e-15,5.802009292125808e-15,4.351506780085377e-15,-1.4505029019356573e-15,-2.9010046437411476e-15,-2.9010046455989047e-15,3.626255497038302e-15,4.3515068526489635e-15,2.901004643274949e-15,2.9010046446647483e-15,-2.7853162831545684e-24,8.796205673788247e-28,2.9010046465242646e-15,-9.249202430308696e-25,5.80200929258409e-15,-4.351506812608553e-15,-2.9010046455947265e-15,9.293183674289556e-25,5.802009289336094e-15,5.8020092911934116e-15,2.901004644668267e-15,7.252512230862548e-16,-3.7945481117797256e-23,-5.521637794458751e-22,9.18458070795731e-12,3.45114647707174e-34,-4.176874976757801e-24,-2.9010046446660676e-15,2.9010046437440064e-15,2.9010046465238252e-15,2.901004646064224e-15,-4.64879099780782e-25,-1.4505016866162388e-15,1.450502973232293e-15,1.8546782824031688e-24,-2.0882175849249296e-24,-2.901004645137104e-15,3.0627358787317134e-12,-4.178634183507323e-24,6.82796133154196e-23,-1.8559978985019456e-24,2.9010046465238252e-15,5.802009292123169e-15,1.4505027702070913e-15,2.901004646524925e-15,-2.901004897903776e-15,1.3194293511957602e-27,2.901004643737189e-15
0.0,0.0,0.0,0.0,0.0,0.0,0.0,0.0,0.0,0.0,0.0,0.0,0.0,0.0,0.0,0.0,0.0,0.0,0.0,0.0,0.0,0.0,0.0,0.0,0.0,0.0,0.0,0.0,0.0,0.0,0.0,0.0,0.0,0.0,0.0,0.0,0.0,0.0,0.0,0.0,0.0,0.0,0.0,0.0,0.0,0.0,0.0,0.0,0.0,0.0,0.0,0.0,0.0,0.0,0.0,0.0,0.0,0.0,0.0,0.0,0.0,0.0,0.0,0.0,0.0,0.0,0.0,0.0,0.0,0.0,0.0,0.0,0.0,0.0,0.0,0.0,0.0,0.0,0.0,0.0,0.0,0.0,0.0,0.0,0.0,0.0,0.0,0.0,0.0,0.0,0.0,0.01913514730316326,5.8020092904435346e-15,-2.901004646153065e-15,-2.9010046461579034e-15,5.802009294152892e-15,-9.306378284749551e-25,-9.301980196495878e-25,6.12982281731399e-12,9.288785891026814e-25,-2.901004646152625e-15,-9.231610590578413e-25,-2.901004645230344e-15,8.79656147565374e-28,-2.901004646153065e-15,-2.9010046480042253e-15,2.901004645220668e-15,2.9010046452140708e-15,-9.337164982843777e-25,1.143505755843319e-26,-2.9010046424406295e-15,-1.8608356052938772e-24,2.9010046461477874e-15,9.23161007161812e-25,-2.9010038730733103e-15,-2.9010036522080818e-15,2.901004646153505e-15,-1.859516336274374e-24,2.9010046442909095e-15,2.9010046461565836e-15,-1.851599596246115e-24,5.8020092904452945e-15,-1.0153516218405989e-14,2.9010046470793048e-15,1.450502226070965e-15,-4.35150710083546e-15,-5.802009295078693e-15,-2.9010043979445787e-15,-1.450502432618008e-15,2.9010044482009897e-15,-1.4505021975497186e-15,5.802009290906655e-15,-5.8020092936963694e-15,-1.4505022912402305e-15,2.9010046456910445e-15,0.009567572685300497,4.350262822064187e-15,6.122573058693274e-12,-1.4505022540771716e-15,4.578421450668211e-25,-2.9010046493938045e-15,4.351506764539206e-15,-9.284387798988617e-25,-1.450502269653919e-15,5.802009290447493e-15,5.802009291839931e-15,2.3125205740430724e-24,5.80200929323061e-15,-4.622402438638389e-25,-2.9010046456859867e-15,-1.4505025007968893e-15,-1.450502322982721e-14,9.200823893105386e-25,4.3515071603179994e-15,1.45050174347281e-15,3.626255743311191e-15,-2.5570549147959313e-24,3.6262554979566245e-15,-1.4505024388254863e-15,0.009567573699863049,2.9010046470797446e-15,4.644392677690467e-25,-2.9010046489401397e-15,-8.796201480294148e-28,-2.9010046442939884e-15,2.901004641971792e-15,-2.175753405904984e-15,1.450502433271128e-15,9.262396961232677e-25,5.8020092923026115e-15,2.901004646152185e-15,2.9010046452241863e-15,-2.175753424318509e-15,4.35150694862846e-15,2.9010040939864262e-15,2.9010046456846673e-15,2.9010046466117864e-15,2.901004646381326e-15,-2.9010046442961873e-15,-4.351506764575705e-15,2.9010046442935486e-15,-5.802009293225333e-15,5.802009291375492e-15,-1.4505016801662062e-15,-1.450501673336613e-15,-5.8020092904466135e-15,0.014351360527207351,-2.9010042395143047e-15,-2.9010046473056964e-15,2.901004651982965e-15,2.901004716286257e-15,-2.9010046480077436e-15,2.9010046452241863e-15,-3.95828915548066e-27,1.4505027758144477e-15,-4.3515064338399905e-15,-7.2525117422256e-15,-1.1604018582749224e-14,-2.9010046461513058e-15
0.0,0.0,0.0,0.0,0.0,0.0,0.0,0.0,0.0,0.0,0.0,0.0,0.0,0.0,0.0,0.0,0.0,0.0,0.0,0.0,0.0,0.0,0.0,0.0,0.0,0.0,0.0,0.0,0.0,0.0,0.0,0.0,0.0,0.0,0.0,0.0,0.0,0.0,0.0,0.0,0.0,0.0,0.0,0.0,0.0,0.0,0.0,0.0,0.0,0.0,0.0,0.0,0.0,0.0,0.0,0.0,0.0,0.0,0.0,0.0,0.0,0.0,0.0,0.0,0.0,0.0,0.0,0.0,0.0,0.0,0.0,0.0,0.0,0.0,0.0,0.0,0.0,0.0,0.0,0.0,0.0,0.0,0.0,0.0,0.0,0.0,0.0,0.0,0.0,0.0,0.0,0.0,0.01913514730281514,5.802009292406846e-15,-5.8020092933361645e-15,-5.802009292402888e-15,-2.90100464806228e-15,2.901004645269047e-15,2.901004644342807e-15,-5.8020092896197705e-15,1.8555580959472403e-24,5.802009294269001e-15,-2.901004645275644e-15,-2.9010046462049625e-15,1.861275586043789e-24,2.9010046489854412e-15,2.901004644348085e-15,-2.788834751249219e-24,9.266795295720398e-25,6.132723822075429e-12,-9.236008259113858e-25,-9.345960956650229e-25,-1.850280366176507e-24,2.901004643420966e-15,2.9010046457403037e-15,1.398375941510512e-24,-9.29758197957426e-25,2.9010046462084812e-15,-2.7844366605373758e-24,5.8020092905517284e-15,-5.802009293333965e-15,2.9010046462010044e-15,4.3515069261897996e-15,9.323970468155166e-25,1.4505024173152558e-15,1.4505024542472022e-15,2.3160390376331445e-24,1.4505024455785486e-15,-1.4505019898279432e-15,-1.0153516160178668e-14,-2.9010046466634642e-15,7.252511564726013e-15,2.9010046462067217e-15,1.450502353547225e-15,2.901004646671821e-15,2.901004938263171e-15,-2.9010058255845583e-15,-2.9010020368893475e-15,4.351505078371223e-15,2.9010046466698414e-15,-4.650991600528222e-25,-1.4505017071541952e-15,0.00956757355669847,4.3515070222678175e-15,2.9010046452743248e-15,-1.4505024337720745e-15,5.8020092882339305e-15,-9.297581872025027e-25,-9.275591367400316e-25,-9.23161039061577e-25,1.450502504533515e-15,-5.8020092905473305e-15,-8.796202988260581e-28,-4.351507158549523e-15,-4.35150638924346e-15,-7.252510981089947e-16,9.284387568445641e-25,-3.62625549873036e-15,-1.4505022082804262e-15,-1.6496171094925144e-23,-5.802009293337044e-15,-2.3226361821103117e-24,-5.802009290559205e-15,5.8020092924108046e-15,2.9010046452787227e-15,-2.9010046480583214e-15,7.252502593661155e-16,-2.9010046457414026e-15,5.8020092914788475e-15,9.24480467963259e-25,1.8564377047992868e-24,-9.262397081788003e-25,5.076758069168748e-15,-1.450502340915442e-15,-1.3935377557203173e-24,2.9010046457466805e-15,-2.9010046471298826e-15,-2.9010046471272435e-15,-9.257998980742397e-25,-4.613605485293772e-25,2.901004644341048e-15,4.6268004964193745e-25,5.802009292866448e-15,2.3167008391126567e-25,2.0905266856864637e-24,-2.9010046443458864e-15,-7.25251163154073e-15,-9.295384124058371e-25,-2.9010046445764562e-15,7.252511619589445e-15,1.3873803967617373e-24,-1.856877497803447e-24,9.178778700589253e-12,2.9010046443441268e-15,6.9764864151994215e-25,2.901004645276304e-15,-4.3515070970860765e-15,2.9010046452835607e-15,3.060559901745772e-12
0.0,0.0,0.0,0.0,0.0,0.0,0.0,0.0,0.0,0.0,0.0,0.0,0.0,0.0,0.0,0.0,0.0,0.0,0.0,0.0,0.0,0.0,0.0,0.0,0.0,0.0,0.0,0.0,0.0,0.0,0.0,0.0,0.0,0.0,0.0,0.0,0.0,0.0,0.0,0.0,0.0,0.0,0.0,0.0,0.0,0.0,0.0,0.0,0.0,0.0,0.0,0.0,0.0,0.0,0.0,0.0,0.0,0.0,0.0,0.0,0.0,0.0,0.0,0.0,0.0,0.0,0.0,0.0,0.0,0.0,0.0,0.0,0.0,0.0,0.0,0.0,0.0,0.0,0.0,0.0,0.0,0.0,0.0,0.0,0.0,0.0,0.0,0.0,0.0,0.0,0.0,0.0,0.0,0.019135147299307823,2.901004643026456e-15,-2.901004645799898e-15,-2.9010046467309754e-15,2.901004645809573e-15,1.8581969901117736e-24,-9.288785896150645e-25,2.9010046467397715e-15,2.9010046476598535e-15,-1.450502323181911e-14,-5.8020092962525446e-15,-2.792353209636198e-24,-2.901004646738452e-15,2.901004645810013e-15,-5.802009295332902e-15,2.9010046457981383e-15,-2.7901542496750724e-24,2.9010046495211294e-15,-3.518601446777201e-27,2.9010046476708487e-15,5.802009290683671e-15,-2.901004645799898e-15,-8.703013940193804e-15,5.802009292546706e-15,-2.90100464859489e-15,-1.3194479278434013e-27,-5.802009290681472e-15,9.337163767970663e-25,-2.9010046439491773e-15,-1.4505022788668401e-15,9.319572585884994e-25,-1.9029847949887572e-22,4.351507098927783e-15,-8.703013942996274e-15,1.45050244816617e-15,-4.3515068587051465e-15,4.650550375026514e-24,-2.9010043966209597e-15,4.624601340789293e-25,2.9010046453442545e-15,-7.252443367694863e-15,-7.252511493223557e-15,4.351506825926545e-15,4.35150756048369e-15,4.351505664289761e-15,-1.4505021187027956e-15,0.00956757342239791,1.4505004709055255e-15,-1.4505021177396197e-15,2.9010046740508697e-15,6.119669412233135e-12,-5.80200929253703e-15,-4.655388551581305e-25,2.9010046439443396e-15,5.8020092934694275e-15,2.90100464301722e-15,-2.9010046481212145e-15,-2.9010050040411024e-15,-1.864794138460706e-24,2.9010046448767365e-15,-2.901005026607792e-15,4.351507550636761e-15,1.4505021978594697e-15,-6.909413475365332e-25,5.076758440126423e-15,-4.351507086316673e-15,4.351506977893193e-15,-9.271193498879747e-25,-2.9010046513854843e-15,2.901004648128251e-15,2.9010046458042957e-15,2.901004644876297e-15,-4.657587521181531e-25,2.1757537181517818e-15,4.3515070826295275e-15,2.9010046448798154e-15,2.9010046448710192e-15,2.901004644875857e-15,2.9010046458100134e-15,-7.977762717534717e-15,1.4505023421121656e-15,4.351506694251631e-15,0.00956757279420276,5.802009292543188e-15,-3.250635247890825e-24,2.9010046476642522e-15,-1.4505021191760356e-15,-2.9010046472020117e-15,-2.901004647661613e-15,3.0786697080851317e-27,4.666380385284161e-25,-1.8480815796693597e-24,2.901004644878496e-15,5.076758140513283e-15,-1.4505025255348749e-15,7.252502867361052e-16,-2.9010046567472066e-15,4.351507004474208e-15,2.9010046458047355e-15,-2.9010046504469295e-15,2.901004644873658e-15,-2.901004647194975e-15,1.4505028564383954e-15,-1.4505021955837764e-15,-2.901004646741091e-15,2.901004644878936e-15
0.0,0.0,0.0,0.0,0.0,0.0,0.0,0.0,0.0,0.0,0.0,0.0,0.0,0.0,0.0,0.0,0.0,0.0,0.0,0.0,0.0,0.0,0.0,0.0,0.0,0.0,0.0,0.0,0.0,0.0,0.0,0.0,0.0,0.0,0.0,0.0,0.0,0.0,0.0,0.0,0.0,0.0,0.0,0.0,0.0,0.0,0.0,0.0,0.0,0.0,0.0,0.0,0.0,0.0,0.0,0.0,0.0,0.0,0.0,0.0,0.0,0.0,0.0,0.0,0.0,0.0,0.0,0.0,0.0,0.0,0.0,0.0,0.0,0.0,0.0,0.0,0.0,0.0,0.0,0.0,0.0,0.0,0.0,0.0,0.0,0.0,0.0,0.0,0.0,0.0,0.0,0.0,0.0,0.0,0.019135147282734383,2.9010046511000476e-15,-1.7592396629603338e-27,-9.32836856363695e-25,-2.901004649247128e-15,-2.9010046483217678e-15,-8.703013945888904e-15,2.901004649249767e-15,-5.802009298495576e-15,2.9010046483178097e-15,2.6388728239172432e-27,5.802009297572854e-15,-5.80200929478226e-15,5.802009297569776e-15,2.9010046483208882e-15,2.901004650180405e-15,-5.8020092975706554e-15,-1.863474466679917e-24,9.297581859207187e-25,-1.9608692509222777e-21,-5.802008525413181e-15,-2.901003655307861e-15,-3.0786543218714825e-27,-5.802009296642217e-15,-2.9010046483156103e-15,1.864794121799658e-24,2.90100464739201e-15,4.8378576168393395e-27,-2.9010046497106876e-15,2.9010046483208882e-15,1.4505024197656574e-15,7.25251175380206e-15,-1.3928780333206333e-24,-4.351506847215771e-15,-1.3950771251042401e-24,1.4505022258780963e-15,-1.4505024492160026e-15,-5.8020092980295966e-15,8.703013947276944e-15,-1.450502292322603e-15,-9.236008878193505e-25,4.351506826450579e-15,2.901004647389591e-15,2.9010046501709493e-15,5.802009159106394e-15,-1.4505022915637102e-15,-5.8020092994187364e-15,-5.802009298026738e-15,2.901004618668022e-15,4.351507026837882e-15,8.703013947746663e-15,-8.703013948201205e-15,-2.901005628289975e-15,-9.279989461981207e-25,2.901004648781809e-15,2.321316803657953e-24,-4.351506794294776e-15,2.9010046492480076e-15,5.8020093003480556e-15,4.3515071635739116e-15,1.450502904216952e-15,5.076758199633516e-15,2.304604258666319e-25,-7.252508521222013e-16,-5.802009297101818e-15,1.4505023319413417e-15,8.703013946809867e-15,-2.9417592995637934e-21,2.9010046436677e-15,2.9010046483178097e-15,-2.9010046497133267e-15,-5.802009298959135e-15,1.4505021660477848e-15,-4.351506861352801e-15,-3.253274010608201e-24,-5.8020093003524535e-15,-2.9010046492436097e-15,9.279989471059351e-25,-2.9010046485493696e-15,5.802009298961994e-15,4.351506699415879e-15,1.4505024538491797e-15,-4.661985112311701e-25,-2.901004648554867e-15,6.1269218192117885e-12,-4.351506768756979e-15,-2.901004649247568e-15,9.288785669313715e-25,-2.9010046483164903e-15,-1.0153515630385699e-14,4.351507625931049e-15,2.901004649245369e-15,2.1757534954198295e-15,2.901005054960309e-15,-2.3195576032882543e-24,-8.70301393865799e-15,4.351507008706938e-15,-5.802009300357731e-15,-2.9010046464648906e-15,3.0605599049566435e-12,-1.4505018746683255e-15,4.3515064407969036e-15,-4.664184272728927e-25,9.187481724167511e-12,2.9010046511040053e-15
0.0,0.0,0.0,0.0,0.0,0.0,0.0,0.0,0.0,0.0,0.0,0.0,0.0,0.0,0.0,0.0,0.0,0.0,0.0,0.0,0.0,0.0,0.0,0.0,0.0,0.0,0.0,0.0,0.0,0.0,0.0,0.0,0.0,0.0,0.0,0.0,0.0,0.0,0.0,0.0,0.0,0.0,0.0,0.0,0.0,0.0,0.0,0.0,0.0,0.0,0.0,0.0,0.0,0.0,0.0,0.0,0.0,0.0,0.0,0.0,0.0,0.0,0.0,0.0,0.0,0.0,0.0,0.0,0.0,0.0,0.0,0.0,0.0,0.0,0.0,0.0,0.0,0.0,0.0,0.0,0.0,0.0,0.0,0.0,0.0,0.0,0.0,0.0,0.0,0.0,0.0,0.0,0.0,0.0,0.0,0.019135147273760127,-2.9010046506133973e-15,-1.759240422984708e-27,2.90100464875696e-15,2.901004650604601e-15,2.90100465060812e-15,-2.9010046506076804e-15,2.9010046506046007e-15,2.9010046496752827e-15,2.9010046515326e-15,-2.9010046506002032e-15,-2.901004651542716e-15,-5.80200930121492e-15,2.9010046506041617e-15,2.9010046524693957e-15,5.802009300292199e-15,2.901004649679681e-15,-4.398099409288064e-27,-5.802009297502925e-15,2.901005422295658e-15,-2.9010036552761937e-15,-5.80200929936376e-15,1.8524792989031433e-24,1.160401860243028e-14,-2.9010046478250028e-15,-9.25799799717571e-25,-2.9010046506085596e-15,2.9010045625278282e-15,-1.3194302224497546e-27,-1.4505024209160897e-15,8.796198728179034e-28,2.327474063896563e-24,2.496004863469563e-22,5.802009078412276e-15,-9.372349759374982e-25,-7.25251150146694e-15,-8.796199302702339e-28,-2.9010046520045164e-15,-1.450502358530821e-15,1.4505024493764228e-15,2.901004943599166e-15,-2.901003470765182e-15,5.802006688649764e-15,-1.4505023929039457e-15,-4.351507010365791e-15,-1.4505022164359268e-15,-8.703014360292319e-15,-2.872266802888965e-23,1.4505022741968258e-15,-2.9010046506103188e-15,-2.901004650604601e-15,-5.802009297509961e-15,3.958289716252726e-27,2.901004649215242e-15,-4.644392760132607e-25,4.351506795873364e-15,3.518480271914592e-27,-2.901004650615157e-15,-1.4505021360659388e-15,2.901004650602842e-15,7.252510994344169e-16,-5.802009302849694e-15,-2.9010046506068004e-15,2.2964410884388456e-22,2.9010046378292228e-15,6.124020817434665e-12,-5.8020092975024844e-15,-2.9010046520031967e-15,2.9010046506081194e-15,2.7835569523252616e-24,-2.9010046506125177e-15,-3.62625589033541e-15,-1.450502213717026e-15,-5.8020093002904396e-15,1.3194304964470258e-27,5.717528956267935e-27,-5.277718629909258e-27,1.4505022028594413e-15,2.9010046121960006e-15,1.4505020494515305e-15,-4.351507104686111e-15,-2.901004651071239e-15,2.901004648980383e-15,5.802009300282963e-15,-1.4505021201883674e-15,-4.657586640030494e-25,-2.9010046506041613e-15,2.9010046506081194e-15,-4.351506334623541e-15,-4.351506324090089e-15,-4.837824165728008e-27,-4.351506990100557e-15,1.4505025283926499e-15,-2.1757533813113062e-15,9.249202829052926e-25,1.4505023596771859e-15,6.124020817432815e-12,2.9010046533894777e-15,2.9010046501467592e-15,-1.4505018746586491e-15,-1.068009291753972e-21,-5.802009554915748e-15,2.9010046492134824e-15,-2.90100464968188e-15
0.0,0.0,0.0,0.0,0.0,0.0,0.0,0.0,0.0,0.0,0.0,0.0,0.0,0.0,0.0,0.0,0.0,0.0,0.0,0.0,0.0,0.0,0.0,0.0,0.0,0.0,0.0,0.0,0.0,0.0,0.0,0.0,0.0,0.0,0.0,0.0,0.0,0.0,0.0,0.0,0.0,0.0,0.0,0.0,0.0,0.0,0.0,0.0,0.0,0.0,0.0,0.0,0.0,0.0,0.0,0.0,0.0,0.0,0.0,0.0,0.0,0.0,0.0,0.0,0.0,0.0,0.0,0.0,0.0,0.0,0.0,0.0,0.0,0.0,0.0,0.0,0.0,0.0,0.0,0.0,0.0,0.0,0.0,0.0,0.0,0.0,0.0,0.0,0.0,0.0,0.0,0.0,0.0,0.0,0.0,0.0,0.01913514726909966,6.129822828228837e-12,2.9010046513164337e-15,-2.9010046513120358e-15,2.901004652242673e-15,1.3194297444387408e-27,-5.802009302634186e-15,2.901004651315554e-15,-2.901004650385796e-15,2.9010046513146745e-15,5.80200930170135e-15,-9.675818422665466e-27,-2.901004650392833e-15,9.29758212078505e-25,2.9010046531746303e-15,5.8020093017026694e-15,-7.03695873360521e-27,1.8625949843996974e-24,-5.8020093026300085e-15,-1.1604018604333997e-14,1.856437663650205e-24,9.328367986026999e-25,2.9010046513164337e-15,2.901004653171992e-15,6.124020818925276e-12,-5.802009303562625e-15,1.4505022816163119e-15,0.00956757381115139,1.4505022300433282e-15,4.351506845825092e-15,-2.901004649924875e-15,-1.4505022013259318e-15,-2.9010048741162193e-15,2.901004652241354e-15,-1.4505022005971614e-15,4.3515069280477745e-15,4.39809984283782e-28,-5.802009300777969e-15,2.9010044031565346e-15,2.901004651316214e-15,-4.351507566895021e-15,7.252512933642364e-15,-1.4505023951163e-15,1.4505022912052653e-15,2.9010044354425427e-15,2.9010042419224537e-15,4.351506962615076e-15,-2.9010046503842565e-15,5.8020093026271505e-15,-1.4505024372487726e-15,-2.901004648530678e-15,2.9010046513120358e-15,5.802009301236471e-15,-1.3194298371340301e-27,-1.4505025038386155e-15,-3.0786694793334844e-27,5.8020093026271505e-15,-1.4505025148983172e-15,1.4505017455924727e-15,7.252510996083068e-16,2.9010046513124756e-15,3.626255504646243e-15,1.4505024404747737e-15,-9.229411542823585e-25,9.306378340973607e-25,-2.901004650388875e-15,2.901004649922237e-15,3.060559907137448e-12,1.856437657859856e-24,-2.901004651316874e-15,-7.252512408345675e-16,-5.802009302640124e-15,-2.9010046494599963e-15,-2.9010046513142347e-15,-4.398098002786808e-28,-1.759239700268422e-27,5.076758078576393e-15,-1.4505023444024757e-15,-6.597147661552482e-28,1.4505021959661824e-15,-4.6707815444680795e-25,-1.6193801929270987e-24,4.5482899569862446e-35,-2.85876400855705e-27,-4.6619847463972295e-25,4.626800504548008e-25,2.9010046517795534e-15,-2.9010046513088472e-15,-5.8020093012400995e-15,5.802009303559107e-15,2.901004650853644e-15,1.4505025287470271e-15,1.4505021132954384e-15,9.288785731267356e-25,-2.9010046513175334e-15,1.3194723042002226e-27,2.901004652704034e-15,-4.398099549547683e-28,-2.901004651316104e-15,1.450501791650492e-15,1.4505021988029647e-15,8.703013953943144e-15,-2.9010046508519946e-15
0.0,0.0,0.0,0.0,0.0,0.0,0.0,0.0,0.0,0.0,0.0,0.0,0.0,0.0,0.0,0.0,0.0,0.0,0.0,0.0,0.0,0.0,0.0,0.0,0.0,0.0,0.0,0.0,0.0,0.0,0.0,0.0,0.0,0.0,0.0,0.0,0.0,0.0,0.0,0.0,0.0,0.0,0.0,0.0,0.0,0.0,0.0,0.0,0.0,0.0,0.0,0.0,0.0,0.0,0.0,0.0,0.0,0.0,0.0,0.0,0.0,0.0,0.0,0.0,0.0,0.0,0.0,0.0,0.0,0.0,0.0,0.0,0.0,0.0,0.0,0.0,0.0,0.0,0.0,0.0,0.0,0.0,0.0,0.0,0.0,0.0,0.0,0.0,0.0,0.0,0.0,0.0,0.0,0.0,0.0,0.0,0.0,0.01913514726796537,5.802009302041102e-15,9.35255839492572e-25,-9.22941160780699e-25,2.9010046514892786e-15,2.9010046510314356e-15,-9.312975499793861e-25,2.789494440351664e-24,-9.315174533478316e-25,5.802009299261504e-15,2.9010046514901582e-15,-2.90100465056084e-15,-9.304179267522524e-25,5.802009300191482e-15,8.703013950741545e-15,-2.9010046514890585e-15,2.901004650565678e-15,-1.4505011663552453e-15,-4.351505482364309e-15,9.26459574878296e-25,1.8544584434276485e-24,2.901004648698465e-15,2.9010046505621596e-15,5.802007339330308e-15,1.862814954369936e-24,2.901004562934323e-15,1.4504457525588497e-15,-5.8020091122144295e-15,4.3515071069804835e-15,-2.9010046477689266e-15,4.351506850574159e-15,2.901004652417498e-15,-1.4505020327516157e-15,-2.9010044009043778e-15,-1.398375691205204e-24,2.199056243724265e-28,4.351507011389558e-15,-2.9010046524201365e-15,2.901004650556002e-15,-4.351507565761079e-15,-4.351505674202305e-15,1.347474276054571e-22,-1.4505022917526083e-15,-1.8546784826755907e-24,2.9010046496288827e-15,-4.351506964270739e-15,1.450502377781192e-15,5.802009301114643e-15,4.633398081850633e-25,-2.9010046510151638e-15,-5.802009303901939e-15,2.9010046468398283e-15,8.356389656896498e-27,-2.901004293717462e-15,2.901004651491038e-15,2.901004649629323e-15,1.450502512660564e-15,4.351507556823789e-15,-4.35150685102371e-15,-9.26459639719828e-25,-7.252508545389568e-16,5.8020095321589986e-15,-9.312975415622528e-25,-2.9010046514886195e-15,5.802009302514339e-15,-2.9010046552085314e-15,0.009567572896907026,2.9010046538059777e-15,2.9010046496348205e-15,-7.252511474789171e-15,-2.901004649623385e-15,4.600412073318184e-25,2.901004652416838e-15,2.638859493864163e-27,2.901004651483781e-15,1.4505022016701412e-15,-1.450502345402714e-15,-1.4505020498896914e-15,1.4505024540431365e-15,2.9010046505595205e-15,2.9010046482364446e-15,6.1211198146377356e-12,1.3194305657665876e-27,-9.31737233732456e-25,3.518480295841936e-27,-5.8020093039061165e-15,-6.52725950298272e-15,-5.076757163285652e-15,5.802009302038684e-15,-1.3933178867330949e-24,4.057185688252239e-22,-9.2557998554661e-25,5.367659730779604e-24,1.4505022895170548e-15,9.242605494325975e-25,2.9010046491644436e-15,9.178778717305111e-12,7.252518397746467e-16,5.802008234506585e-15,-1.450502453058943e-15,3.0576589026645906e-12,2.9010046519539382e-15
0.0,0.0,0.0,0.0,0.0,0.0,0.0,0.0,0.0,0.0,0.0,0.0,0.0,0.0,0.0,0.0,0.0,0.0,0.0,0.0,0.0,0.0,0.0,0.0,0.0,0.0,0.0,0.0,0.0,0.0,0.0,0.0,0.0,0.0,0.0,0.0,0.0,0.0,0.0,0.0,0.0,0.0,0.0,0.0,0.0,0.0,0.0,0.0,0.0,0.0,0.0,0.0,0.0,0.0,0.0,0.0,0.0,0.0,0.0,0.0,0.0,0.0,0.0,0.0,0.0,0.0,0.0,0.0,0.0,0.0,0.0,0.0,0.0,0.0,0.0,0.0,0.0,0.0,0.0,0.0,0.0,0.0,0.0,0.0,0.0,0.0,0.0,0.0,0.0,0.0,0.0,0.0,0.0,0.0,0.0,0.0,0.0,0.0,0.019135147266423486,2.901004651728096e-15,1.8562178380774284e-24,6.118218810479248e-12,-4.68397899471648e-25,2.9010046507926198e-15,-1.847861320784776e-24,5.802009304369238e-15,5.802009303438819e-15,5.802009302508841e-15,-8.703013954234519e-15,-9.207421078670199e-25,2.901004653574198e-15,5.802009301581502e-15,2.9010046507913004e-15,-2.901004651725237e-15,-1.4505019390903008e-15,-1.4505018281903883e-15,2.9010046498633018e-15,2.901004649858904e-15,-1.859296499073196e-24,8.703013952372802e-15,2.9010046489344232e-15,2.901004648933104e-15,9.134247195149638e-23,-1.4505023535636077e-15,-2.9010046521772513e-15,4.351506847832714e-15,-5.802009304827519e-15,2.901004653573538e-15,4.351506866647124e-15,2.9010046498659405e-15,4.35150685299025e-15,1.4505022750793048e-15,-2.9010046512535406e-15,1.4505022930921602e-15,-1.4505022027081388e-15,6.119669622347122e-12,-1.450504097020933e-15,-4.3515050228399416e-15,-2.901004516041674e-15,-2.9010046521859383e-15,-7.25251151951586e-15,7.25251142321179e-15,1.4505023411556899e-15,7.252511577734603e-15,-1.8621552817586375e-24,7.252511515849826e-15,5.8020093043714355e-15,2.9010046498685797e-15,5.802009304838734e-15,5.802009303908757e-15,2.9010046521889063e-15,-5.802009298790248e-15,2.9010046517182e-15,-1.450502138016056e-15,1.4505017453313357e-15,-1.1574148110126966e-24,2.9010046500977205e-15,3.626255503990762e-15,-2.9010048809034764e-15,-7.252527098735251e-15,2.9010046498725374e-15,-2.901004652650817e-15,-1.8522591923710088e-24,-5.802009079951706e-15,-2.901004653108219e-15,-2.3197774956810833e-24,-1.4505021709976245e-15,-1.4505022147329873e-15,2.9010046521905562e-15,-1.8577571831831063e-24,2.9010046507915205e-15,2.9010046507917406e-15,-4.351506854438717e-15,-1.8561082156516338e-24,-1.4505020509409468e-15,-4.670780720508488e-25,2.901004651257279e-15,-2.9010046510250596e-15,6.597143396825181e-27,-4.351506771070709e-15,-1.8548982965529385e-24,-2.9010046493964437e-15,2.9010046503279606e-15,-2.175753167679397e-15,-3.62625548966058e-15,2.7861958608570975e-24,-5.076774106193884e-15,-2.9010042446137907e-15,-5.076758032939674e-15,-1.4505023250377553e-15,1.4505022905577546e-15,-2.4189564373561313e-27,2.9010046494004014e-15,-2.321316867893867e-24,-3.6262555897875604e-15,1.0693993119167532e-21,2.9010046540446847e-15,4.182372616521183e-24,4.650990106214135e-25
0.0,0.0,0.0,0.0,0.0,0.0,0.0,0.0,0.0,0.0,0.0,0.0,0.0,0.0,0.0,0.0,0.0,0.0,0.0,0.0,0.0,0.0,0.0,0.0,0.0,0.0,0.0,0.0,0.0,0.0,0.0,0.0,0.0,0.0,0.0,0.0,0.0,0.0,0.0,0.0,0.0,0.0,0.0,0.0,0.0,0.0,0.0,0.0,0.0,0.0,0.0,0.0,0.0,0.0,0.0,0.0,0.0,0.0,0.0,0.0,0.0,0.0,0.0,0.0,0.0,0.0,0.0,0.0,0.0,0.0,0.0,0.0,0.0,0.0,0.0,0.0,0.0,0.0,0.0,0.0,0.0,0.0,0.0,0.0,0.0,0.0,0.0,0.0,0.0,0.0,0.0,0.0,0.0,0.0,0.0,0.0,0.0,0.0,0.0,0.019135147265786714,6.129822829290117e-12,-5.8020093045631934e-15,-2.9010046504302163e-15,-2.901004651818037e-15,-2.901004651819796e-15,-1.759240116536125e-27,1.9791442039611927e-27,-2.9010046518120994e-15,2.9010046518182573e-15,1.8540187986897043e-24,-1.858636744585065e-24,2.9010046518162776e-15,2.9010046518233143e-15,1.7592691736509798e-27,-1.4505027117521282e-15,-1.4505028226476423e-15,-2.9010046527438373e-15,5.8020093045634135e-15,-2.901004651817157e-15,2.9010046536790926e-15,2.9010046527455956e-15,9.268994429440539e-25,-2.0890968757614854e-27,4.351507004498836e-15,-1.4505024215234675e-15,1.4505024570540695e-15,2.9010046518125392e-15,-4.351507102981072e-15,1.4505024373068223e-15,-1.956373564025131e-22,2.9010046518183665e-15,3.5184796645500046e-27,8.70301395545411e-15,1.4505023582116286e-15,5.802009303636513e-15,-2.9010046527400985e-15,-1.4505017359860103e-15,-1.4505036312673361e-15,-4.351507042546793e-15,5.8020093036351956e-15,-9.23820811495635e-25,-4.351506773958835e-15,-2.872134896285218e-23,7.252511681574058e-15,2.9010046518266137e-15,5.802009303632555e-15,-5.80200930456847e-15,8.703013955447954e-15,5.802009303636733e-15,2.901004651813419e-15,-4.351507157773348e-15,0.009567572485847723,-2.9010046518142988e-15,-1.4505025132932307e-15,1.4505029059728935e-15,-2.1757535520808112e-15,2.9010046518171572e-15,-3.626255505273412e-15,-2.9010046518190264e-15,-2.901004650890478e-15,2.9010046508860797e-15,2.9010046527473556e-15,-2.8587645539395763e-27,2.748848035197209e-27,2.9010046513522783e-15,-4.6180035918001666e-27,2.1757534131773516e-15,2.199045318411533e-28,-2.9010046532128943e-15,2.9010046518129794e-15,8.703013955447295e-15,-2.9010046518180372e-15,-2.9010046518147934e-15,2.9010046522768695e-15,-1.4505026017561601e-15,2.901004650888719e-15,4.398096162743304e-28,-4.398105415407401e-28,9.266795439346403e-25,2.901004651820456e-15,-6.597148329233257e-28,9.187481732305634e-12,5.802009303632116e-15,-7.252514836035568e-16,3.6262554902494314e-15,-1.857756974746327e-24,-2.9010046513568963e-15,2.901004651820346e-15,-2.9010046522801673e-15,5.802009304560995e-15,-4.3515069415015606e-15,2.9010046518153985e-15,-2.901004649038658e-15,4.697170153974742e-25,3.626255589443574e-15,-1.4505028599058582e-15,3.298775227891254e-28,-2.9010046504194416e-15,9.268994471082757e-25
0.0,0.0,0.0,0.0,0.0,0.0,0.0,0.0,0.0,0.0,0.0,0.0,0.0,0.0,0.0,0.0,0.0,0.0,0.0,0.0,0.0,0.0,0.0,0.0,0.0,0.0,0.0,0.0,0.0,0.0,0.0,0.0,0.0,0.0,0.0,0.0,0.0,0.0,0.0,0.0,0.0,0.0,0.0,0.0,0.0,0.0,0.0,0.0,0.0,0.0,0.0,0.0,0.0,0.0,0.0,0.0,0.0,0.0,0.0,0.0,0.0,0.0,0.0,0.0,0.0,0.0,0.0,0.0,0.0,0.0,0.0,0.0,0.0,0.0,0.0,0.0,0.0,0.0,0.0,0.0,0.0,0.0,0.0,0.0,0.0,0.0,0.0,0.0,0.0,0.0,0.0,0.0,0.0,0.0,0.0,0.0,0.0,0.0,0.0,0.0,0.019135147260392296,-2.9010046498476887e-15,-2.9010046521725237e-15,-2.901004650778986e-15,5.802009302481793e-15,2.9010046526365234e-15,2.9010046516995085e-15,2.9010046544991182e-15,-1.9599338061628768e-21,2.9010046526367435e-15,-2.901004651712043e-15,-1.8597362104790453e-24,-2.9010046544923013e-15,2.9010046535588047e-15,-1.4505027098452218e-15,7.252511133454201e-15,3.713095384229986e-24,2.901004648917271e-15,2.9010046517056655e-15,2.9010046507787662e-15,-2.9010046544923013e-15,-2.9010046517021472e-15,-5.827481559927353e-27,4.351506950325357e-15,8.703013956515703e-15,2.901004652639822e-15,2.901004652636084e-15,2.51452965967713e-22,2.9010046540269822e-15,2.9010046512390275e-15,2.9010046507826147e-15,6.119669418004209e-12,8.703013956048075e-15,2.6388017991598345e-27,-1.4505022036286614e-15,-1.4505024718766598e-15,6.047204955490644e-27,-5.8020093052735966e-15,4.351506778931867e-15,-1.4505022955814841e-15,-4.351506869635628e-15,4.177754567406455e-24,5.8020093057361665e-15,5.802009300626455e-15,2.901004651708964e-15,1.4507378972284443e-15,-2.9010046507805254e-15,2.9010046498523067e-15,2.9010046507772267e-15,-9.332766952027848e-25,-2.901004650316196e-15,6.128372696140648e-12,-2.9010046498556053e-15,1.8628149835893793e-24,8.703013956043677e-15,2.9010046524052384e-15,8.703013956043236e-15,2.9010046535589148e-15,9.239307337417211e-25,1.4505023336384582e-15,2.901004648927386e-15,-2.901004648923868e-15,-1.3930978006252465e-24,2.9010046517079745e-15,-9.290985006804405e-25,-1.3935377656057395e-24,6.527260235332693e-15,5.802009305727371e-15,-2.9010046498406516e-15,-2.901004652636963e-15,-5.802009308060122e-15,2.901004653563423e-15,2.9010046535639177e-15,-2.9010046526370724e-15,-7.252511354344582e-15,4.351507106785544e-15,-2.9010046535618836e-15,1.1604018609615896e-14,2.787075591477651e-24,2.9010046521657067e-15,2.9010046521749427e-15,0.009567577880479822,-2.901005633996305e-15,-6.527260788382752e-15,3.626255490575605e-15,-2.9010046517094043e-15,2.175753497035636e-15,-1.4505021255517577e-15,-5.076758034311882e-15,-1.4505023290103379e-15,-1.4505023583691912e-15,-3.713095341943916e-24,1.8573173649071625e-24,2.9010046530965646e-15,-2.1757537136433423e-15,1.450502860784489e-15,2.9010046521737334e-15,-2.9010046493865478e-15,2.9010046526336645e-15
0.0,0.0,0.0,0.0,0.0,0.0,0.0,0.0,0.0,0.0,0.0,0.0,0.0,0.0,0.0,0.0,0.0,0.0,0.0,0.0,0.0,0.0,0.0,0.0,0.0,0.0,0.0,0.0,0.0,0.0,0.0,0.0,0.0,0.0,0.0,0.0,0.0,0.0,0.0,0.0,0.0,0.0,0.0,0.0,0.0,0.0,0.0,0.0,0.0,0.0,0.0,0.0,0.0,0.0,0.0,0.0,0.0,0.0,0.0,0.0,0.0,0.0,0.0,0.0,0.0,0.0,0.0,0.0,0.0,0.0,0.0,0.0,0.0,0.0,0.0,0.0,0.0,0.0,0.0,0.0,0.0,0.0,0.0,0.0,0.0,0.0,0.0,0.0,0.0,0.0,0.0,0.0,0.0,0.0,0.0,0.0,0.0,0.0,0.0,0.0,0.0,0.019135147241630047,2.901004655483194e-15,-9.253601162994754e-25,9.310775926468787e-25,6.124020827715729e-12,-2.783117305102923e-24,-1.8551183330141498e-24,-5.802009307248673e-15,-2.90100465734095e-15,2.9010046554827532e-15,5.802009307248673e-15,-2.901004656401956e-15,9.17003729245975e-25,5.8020085397417475e-15,-2.9010056484839077e-15,-6.157392731972222e-27,-2.9010046573334734e-15,2.7901542025950154e-24,8.703013962727908e-15,5.802009308174473e-15,-2.901004653626316e-15,1.4505022836906755e-15,-8.703013965974585e-15,-2.9010046545521155e-15,-1.3917785184068363e-24,2.9010046587329493e-15,-1.857757228227969e-24,-5.802009312351349e-15,-1.4505024269488649e-15,-4.351506859545177e-15,4.351506934764772e-15,-2.901004654555634e-15,1.4505022959028757e-15,-1.4505024513534786e-15,-5.802011267654747e-15,-1.4505029171999456e-15,1.4505036344890551e-15,-1.450502392566282e-15,-7.252511603320875e-15,1.4505022230503384e-15,2.9010046522264005e-15,-8.703013938188051e-15,1.4505022724618854e-15,9.187481743904123e-12,-4.351507097125887e-15,2.901004653619718e-15,-9.236008768936099e-25,-3.2475566005728547e-24,2.9010046536263154e-15,8.79652961186965e-28,2.9010043109303676e-15,-2.9010046564076737e-15,1.3930979837039704e-24,5.80200931049469e-15,-3.958268923347276e-27,2.901004654551236e-15,2.9010046543202263e-15,1.4505024434938495e-15,2.9010046568696993e-15,-2.901004655475277e-15,9.236008786625843e-25,-2.7769595940815964e-24,-4.3515068696243004e-15,-2.901004653158798e-15,4.176435105147131e-24,-3.626255895041433e-15,4.628999275124978e-25,-4.635597059237579e-25,2.901004655478795e-15,5.802009310031791e-15,-2.901004656413831e-15,-7.252512237034184e-16,-2.9010046545488165e-15,-1.450502051432544e-15,-4.351506852605197e-15,-2.9010046568782703e-15,5.80200931026401e-15,-1.8555581409686166e-24,1.3948571627804549e-24,-5.802009311882951e-15,-1.4505016805869968e-15,-2.9010046559397163e-15,4.3515063426384165e-15,-4.351507631091122e-15,-9.323969702438197e-25,1.1548360629580027e-24,4.071075990764123e-22,2.1757533875079526e-15,-1.4505023299630764e-15,1.4505022938289515e-15,9.315174554599822e-25,-3.715514375327896e-24,-1.8573173809294723e-24,1.4505018782551947e-15,-4.351506449214865e-15,2.901004654558933e-15,-1.8581970013065455e-24,-9.29318402360212e-25
0.0,0.0,0.0,0.0,0.0,0.0,0.0,0.0,0.0,0.0,0.0,0.0,0.0,0.0,0.0,0.0,0.0,0.0,0.0,0.0,0.0,0.0,0.0,0.0,0.0,0.0,0.0,0.0,0.0,0.0,0.0,0.0,0.0,0.0,0.0,0.0,0.0,0.0,0.0,0.0,0.0,0.0,0.0,0.0,0.0,0.0,0.0,0.0,0.0,0.0,0.0,0.0,0.0,0.0,0.0,0.0,0.0,0.0,0.0,0.0,0.0,0.0,0.0,0.0,0.0,0.0,0.0,0.0,0.0,0.0,0.0,0.0,0.0,0.0,0.0,0.0,0.0,0.0,0.0,0.0,0.0,0.0,0.0,0.0,0.0,0.0,0.0,0.0,0.0,0.0,0.0,0.0,0.0,0.0,0.0,0.0,0.0,0.0,0.0,0.0,0.0,0.0,0.019135147221444857,5.802009313824271e-15,2.9010046571469938e-15,-5.802009318008623e-15,8.703013977942253e-15,2.901004660384875e-15,3.0780147229020015e-27,-2.9010046580679565e-15,2.901004661323869e-15,2.9010046571443554e-15,2.9010046580859883e-15,9.297582046208032e-25,6.126922652966321e-12,-2.899956541678406e-15,-5.802009314756669e-15,4.626797264725389e-25,-2.9010046590060707e-15,9.23600761717604e-25,-2.9010046590034316e-15,4.582823275268989e-25,1.4505023716909215e-15,5.30868182203583e-23,-1.4505024223249111e-15,2.901004398109506e-15,2.9010046548217186e-15,-2.901004408015565e-15,1.5392626714743883e-27,4.35150689231535e-15,1.4505022044463778e-15,-5.802009313834388e-15,2.901004658548229e-15,1.4505022951028611e-15,4.35150711049743e-15,-1.0153516449985711e-14,2.901004657384491e-15,6.997384057084501e-25,-5.802009315220888e-15,7.252511471300926e-15,4.351507094812488e-15,-5.802009319396883e-15,4.351506973462108e-15,-1.4505023766638553e-15,4.7323612339192665e-25,2.901004658073234e-15,-5.802009318015222e-15,3.2567929051417743e-24,2.901004660405106e-15,-2.901004658083789e-15,4.351506809382896e-15,1.4505021555962477e-15,2.9010046566851926e-15,2.7837776841045395e-24,2.9010034974874186e-15,-2.17575355700135e-15,-5.802009316383965e-15,7.252511026431218e-15,4.351506872284057e-15,-1.450502320093082e-15,5.8020093166201435e-15,2.9010046580741136e-15,9.332771819351738e-25,-4.351506877220258e-15,2.9010046566812353e-15,2.9010046562189956e-15,-2.901004658994306e-15,-1.4505022172153841e-15,-2.901004653430161e-15,2.7826781210221725e-24,2.9010046585398725e-15,8.703013976088015e-15,-2.175753432335916e-15,-1.0176793248550685e-21,6.126922420878556e-12,-1.4505029772612732e-15,2.9010046599349493e-15,5.802009319635041e-15,2.90100465854339e-15,-4.351506779903961e-15,-2.901004657612753e-15,1.4505029747957018e-15,2.901004657613192e-15,3.0620110936468365e-12,-4.350822249711989e-15,2.9010046613273886e-15,2.1757534998439874e-15,1.450502533050788e-15,3.6262559261035594e-15,7.252511642267806e-15,2.900932133100052e-15,2.901004656215917e-15,1.388040171243439e-24,5.802009315696982e-15,9.183130722047336e-12,-2.9010046557541163e-15,-2.530097096337774e-22,2.90100465947051e-15,-1.858197957501254e-24
0.0,0.0,0.0,0.0,0.0,0.0,0.0,0.0,0.0,0.0,0.0,0.0,0.0,0.0,0.0,0.0,0.0,0.0,0.0,0.0,0.0,0.0,0.0,0.0,0.0,0.0,0.0,0.0,0.0,0.0,0.0,0.0,0.0,0.0,0.0,0.0,0.0,0.0,0.0,0.0,0.0,0.0,0.0,0.0,0.0,0.0,0.0,0.0,0.0,0.0,0.0,0.0,0.0,0.0,0.0,0.0,0.0,0.0,0.0,0.0,0.0,0.0,0.0,0.0,0.0,0.0,0.0,0.0,0.0,0.0,0.0,0.0,0.0,0.0,0.0,0.0,0.0,0.0,0.0,0.0,0.0,0.0,0.0,0.0,0.0,0.0,0.0,0.0,0.0,0.0,0.0,0.0,0.0,0.0,0.0,0.0,0.0,0.0,0.0,0.0,0.0,0.0,0.0,0.019135147215547117,-1.959005974704981e-21,9.29758176822575e-25,8.703013977375556e-15,6.124020836064257e-12,-2.9010046594304873e-15,5.802009320724669e-15,-2.9010046631424826e-15,2.9010046585022686e-15,9.455913092894667e-27,-2.901004662213604e-15,-1.4505019438801603e-15,7.252512146249329e-15,-2.9010046585040278e-15,2.901004656650229e-15,-2.901004659434226e-15,-2.901004661295721e-15,5.802009317936714e-15,5.8020093170126736e-15,-4.351507030874785e-15,1.4505023020179926e-15,-4.351506893531172e-15,5.802009319326294e-15,-9.77186398551171e-22,1.4505024549841042e-15,-9.323971425721723e-25,1.450502426142473e-15,4.3515068622338444e-15,1.4505022821940002e-15,0.009567572884181768,2.9010047231048504e-15,-8.703013728291616e-15,-1.3838620085728856e-24,-4.351506399687931e-15,-1.4505036364663324e-15,-4.351507055356697e-15,-2.90100472694923e-15,2.1586685459758353e-22,-2.901004659432906e-15,4.351506974789675e-15,-8.70301387330663e-15,1.8581969232645598e-24,-7.25251175878533e-15,-8.70301397829674e-15,5.8020093225907824e-15,1.3895795047004547e-24,0.009567572875185752,-1.4505021506084948e-15,-1.4505025017621856e-15,9.187481756425631e-12,-1.4505021423379575e-15,4.635594728064893e-25,-7.252511044243904e-16,0.004783786266236332,-2.9010046582786254e-15,-4.3515068729412436e-15,2.9010046598975656e-15,2.9010046594302676e-15,-2.901004659433786e-15,2.9010046585049074e-15,-1.852369476795139e-24,1.3886998114901423e-24,-9.273392214214706e-25,2.1757534191251206e-15,1.4507379006290568e-15,2.9010046626877197e-15,-2.9010046585051275e-15,-2.901004657578448e-15,3.063460920363233e-12,-6.5272605442499094e-15,-1.4505023489198737e-15,-5.8020087699566245e-15,2.901004397731038e-15,2.901004661754443e-15,2.901004660130665e-15,-2.9010046612935224e-15,6.1283727760596055e-12,2.901004658507546e-15,1.4505029731546597e-15,4.639994812492803e-25,3.6262561444671645e-15,5.0767584794584805e-15,-2.9010046585068866e-15,-6.991878032907517e-25,2.9010046561863395e-15,4.3515072015025734e-15,2.3177983113316534e-24,-5.802009388540943e-15,-2.7842167533609906e-24,2.9010046608233652e-15,-2.9010046608260044e-15,-7.252509409320276e-16,1.4505028613996742e-15,1.4505022028644989e-15,-2.9010046608328213e-15,-2.901004658043547e-15
0.0,0.0,0.0,0.0,0.0,0.0,0.0,0.0,0.0,0.0,0.0,0.0,0.0,0.0,0.0,0.0,0.0,0.0,0.0,0.0,0.0,0.0,0.0,0.0,0.0,0.0,0.0,0.0,0.0,0.0,0.0,0.0,0.0,0.0,0.0,0.0,0.0,0.0,0.0,0.0,0.0,0.0,0.0,0.0,0.0,0.0,0.0,0.0,0.0,0.0,0.0,0.0,0.0,0.0,0.0,0.0,0.0,0.0,0.0,0.0,0.0,0.0,0.0,0.0,0.0,0.0,0.0,0.0,0.0,0.0,0.0,0.0,0.0,0.0,0.0,0.0,0.0,0.0,0.0,0.0,0.0,0.0,0.0,0.0,0.0,0.0,0.0,0.0,0.0,0.0,0.0,0.0,0.0,0.0,0.0,0.0,0.0,0.0,0.0,0.0,0.0,0.0,0.0,0.0,0.01913514717891323,9.266795083481872e-25,8.703013991248482e-15,5.8020093271949336e-15,2.9010046621973318e-15,2.9010046668406246e-15,5.802009326261657e-15,-1.8544585998041252e-24,5.802009329048072e-15,-2.9010046668439233e-15,1.450502719729402e-15,-1.4505018371593202e-15,2.90100270599165e-15,-2.9010046677743417e-15,-5.802009329057748e-15,2.9010046677763206e-15,2.901004665924061e-15,-2.9010046640557484e-15,-4.3514140180625705e-15,4.35150702286354e-15,-4.35150709124001e-15,-2.9010046617390497e-15,0.00956757369169382,1.4505024549775074e-15,-1.4505024434300768e-15,1.4505024312359125e-15,-4.351506624633341e-15,1.9522085444586252e-22,-1.959002863906085e-21,1.4505023624799846e-15,-2.901004414042709e-15,4.351506850067272e-15,1.1784519332342367e-21,-2.901007275236065e-15,-4.351507064157734e-15,2.9010046677743417e-15,-5.802009113177259e-15,-4.3515071998511854e-15,2.9010046663724475e-15,1.4505023831268622e-15,-2.9010046603400144e-15,-2.9010042162944884e-15,8.461964967413016e-33,-5.802009328117434e-15,-3.2556931337422726e-24,5.802009327194089e-15,-1.450502511607749e-15,-1.4505025082568595e-15,2.9010046622065685e-15,4.3515068073170866e-15,-2.9010046645283246e-15,6.5272604334674036e-15,2.9010017278721657e-15,2.0908562638538924e-24,6.122570103069512e-12,1.4505023407428176e-15,2.9010046649819883e-15,2.901004665917464e-15,-2.9010046635939485e-15,-3.720022150891306e-24,-2.9010076044273807e-15,1.8513799285669413e-24,-7.252512419370614e-16,6.12257058103024e-12,-5.802010305758365e-15,-2.9010046631319276e-15,-2.901004663132368e-15,2.9010046668406254e-15,2.175882743908862e-15,-2.9010046659155953e-15,1.4505020561838097e-15,-1.858197080925282e-24,1.3897992906276482e-24,2.9010046601082344e-15,-3.958303703264454e-27,4.351940005065229e-15,-4.628999856826748e-25,-1.2896596431167135e-21,4.8378299969606556e-27,-2.175753178799605e-15,-7.252508415010459e-16,-5.802009327189656e-15,2.175753507689537e-15,7.2525114552005e-15,-7.252511447327546e-15,2.901004667304405e-15,1.4505023654717916e-15,-4.639774799144866e-24,2.901004665917684e-15,2.901004664055089e-15,-7.252509402245926e-16,5.802009328112377e-15,-1.3885898405652514e-24,-2.9010046640671838e-15,9.238207426982927e-25
0.0,0.0,0.0,0.0,0.0,0.0,0.0,0.0,0.0,0.0,0.0,0.0,0.0,0.0,0.0,0.0,0.0,0.0,0.0,0.0,0.0,0.0,0.0,0.0,0.0,0.0,0.0,0.0,0.0,0.0,0.0,0.0,0.0,0.0,0.0,0.0,0.0,0.0,0.0,0.0,0.0,0.0,0.0,0.0,0.0,0.0,0.0,0.0,0.0,0.0,0.0,0.0,0.0,0.0,0.0,0.0,0.0,0.0,0.0,0.0,0.0,0.0,0.0,0.0,0.0,0.0,0.0,0.0,0.0,0.0,0.0,0.0,0.0,0.0,0.0,0.0,0.0,0.0,0.0,0.0,0.0,0.0,0.0,0.0,0.0,0.0,0.0,0.0,0.0,0.0,0.0,0.0,0.0,0.0,0.0,0.0,0.0,0.0,0.0,0.0,0.0,0.0,0.0,0.0,0.0,0.019135147172169843,2.9010046632328644e-15,2.9010046660023475e-15,1.8559979644800455e-24,6.124020849947658e-12,-1.8507201999324778e-24,5.8020093283058935e-15,2.901004666949698e-15,-1.8533590138748676e-24,-7.716833637269674e-22,-5.802010324571321e-15,2.9010046650840243e-15,-2.9010046650725894e-15,5.802009332955124e-15,5.802009328303695e-15,-4.642633512438052e-24,-2.9010046669439804e-15,-2.90100466648152e-15,-4.351507023007029e-15,-1.4505022364690608e-15,1.4505024641505135e-15,-2.9010046669389226e-15,-1.4505024610474349e-15,4.351507112273266e-15,1.450502235192061e-15,-4.351506622444187e-15,2.9010046636900467e-15,1.8573173847411784e-24,2.9010046655453853e-15,4.657587710778801e-25,-1.4505024795001057e-15,2.901003486629781e-15,5.802011943189961e-15,-5.802009328779129e-15,-1.4505023651339083e-15,2.9010046655445057e-15,1.4505025349097696e-15,1.4505023501462848e-15,4.60041230298623e-25,0.009567573332280376,2.9010046673980843e-15,2.9010046632297854e-15,5.802009332014371e-15,2.9010046618237134e-15,-5.802009332947648e-15,-1.0153516151915431e-14,2.901004664150968e-15,-2.901004665075668e-15,9.24480554098266e-25,7.252512243231671e-15,7.977762894738362e-15,4.602610666020438e-25,-7.252508579366519e-16,2.901004665549563e-15,1.4505023375369333e-15,1.8546785323554728e-24,-1.8542386482651464e-24,5.802009329234333e-15,2.9010046674046815e-15,4.71916092075914e-25,2.9010046674079805e-15,-2.9010046634617855e-15,4.351506887423524e-15,2.9010046646191454e-15,-9.297582225299943e-25,2.9010046641467897e-15,-2.901004665080506e-15,2.28591238349761e-25,2.9010046678671425e-15,1.4505026111809592e-15,-1.4505024613058288e-15,-4.670781487607856e-25,5.802009325296274e-15,-5.8020093338725686e-15,1.4505021278907583e-15,9.323972092286632e-25,1.4505016890994053e-15,-2.9010046650822655e-15,1.4505016912578786e-15,1.4505016853571642e-15,-2.9010046641547063e-15,7.977762838156822e-15,5.802009738201669e-15,2.9010046653085475e-15,-1.4505023361565896e-15,-1.4505023669179973e-15,2.901004667869781e-15,3.060559922639435e-12,2.9010046650862236e-15,-4.351507447346639e-15,-2.901004664612988e-15,-9.3063780169573e-25,-2.9010046687955805e-15,9.18748177725404e-12
0.0,0.0,0.0,0.0,0.0,0.0,0.0,0.0,0.0,0.0,0.0,0.0,0.0,0.0,0.0,0.0,0.0,0.0,0.0,0.0,0.0,0.0,0.0,0.0,0.0,0.0,0.0,0.0,0.0,0.0,0.0,0.0,0.0,0.0,0.0,0.0,0.0,0.0,0.0,0.0,0.0,0.0,0.0,0.0,0.0,0.0,0.0,0.0,0.0,0.0,0.0,0.0,0.0,0.0,0.0,0.0,0.0,0.0,0.0,0.0,0.0,0.0,0.0,0.0,0.0,0.0,0.0,0.0,0.0,0.0,0.0,0.0,0.0,0.0,0.0,0.0,0.0,0.0,0.0,0.0,0.0,0.0,0.0,0.0,0.0,0.0,0.0,0.0,0.0,0.0,0.0,0.0,0.0,0.0,0.0,0.0,0.0,0.0,0.0,0.0,0.0,0.0,0.0,0.0,0.0,0.0,0.01913514716705682,6.1240208515803206e-12,5.802009329861501e-15,-2.7824576055123233e-24,-1.4513710403734782e-26,-2.9010046667948853e-15,-9.383345087070637e-25,4.637795704051888e-24,4.351506612014925e-15,1.4505018380508145e-15,1.8522595547820025e-24,1.8474215759156167e-24,-2.901004669569206e-15,-5.8020093289414196e-15,2.901004665855451e-15,-2.9010046658576503e-15,4.351506953822288e-15,-5.2157280538467715e-23,-4.351507096716084e-15,1.4505024645411752e-15,-1.4505023757012212e-15,2.9010027086960724e-15,7.252511555098581e-15,-1.4505024312148014e-15,6.124021115458225e-12,4.3515070481660255e-15,-7.252511339258213e-15,4.351506966946544e-15,4.351507123335043e-15,-1.45050218828798e-15,2.9010046653959596e-15,5.802009330324511e-15,2.9010046649446046e-15,-1.450502299867542e-15,1.4505024413310903e-15,1.4505021310146217e-15,-1.450502321820875e-15,4.351506947215352e-15,-1.4505022935301005e-15,1.4505024449845903e-15,3.7119957874415436e-24,5.8020093335710786e-15,0.009567573043312025,-4.351506665597015e-15,-4.3515071774295544e-15,-2.901004668630982e-15,3.0576589187885827e-12,1.450502523099894e-15,1.4505029125262845e-15,-5.0767582310235774e-15,7.252514082033109e-16,2.1757538105046067e-15,4.351507113604351e-15,4.3515069933226065e-15,-2.9010046658598493e-15,2.901004670498525e-15,4.178193758504484e-27,2.2256747111884736e-22,9.295382561813103e-25,2.901004664458615e-15,2.9010046663331946e-15,2.203938099679211e-22,2.901004665863148e-15,2.9010046667876286e-15,5.802009333575257e-15,9.190382784372984e-12,5.076758104953169e-15,-2.9010046653911215e-15,4.3515067220045155e-15,-7.252511536349696e-15,0.00956757343821999,0.0047837867622987015,2.9010046658591898e-15,-2.9010042584135593e-15,-2.901004667717607e-15,-1.4505029768312533e-15,2.901004667244591e-15,7.977762510931624e-15,7.252508428756715e-16,-2.9010046667867486e-15,7.252511598318046e-16,-2.9010046672592144e-15,-2.1757533934361508e-15,-2.9010046754092215e-15,-1.4505022976234117e-15,-2.9010046649309703e-15,-2.7866357931281147e-24,5.802009329853585e-15,3.626255603754769e-15,4.351506465240218e-15,2.9010046686437362e-15,9.321771745385792e-25,-9.264596605188494e-25
0.0,0.0,0.0,0.0,0.0,0.0,0.0,0.0,0.0,0.0,0.0,0.0,0.0,0.0,0.0,0.0,0.0,0.0,0.0,0.0,0.0,0.0,0.0,0.0,0.0,0.0,0.0,0.0,0.0,0.0,0.0,0.0,0.0,0.0,0.0,0.0,0.0,0.0,0.0,0.0,0.0,0.0,0.0,0.0,0.0,0.0,0.0,0.0,0.0,0.0,0.0,0.0,0.0,0.0,0.0,0.0,0.0,0.0,0.0,0.0,0.0,0.0,0.0,0.0,0.0,0.0,0.0,0.0,0.0,0.0,0.0,0.0,0.0,0.0,0.0,0.0,0.0,0.0,0.0,0.0,0.0,0.0,0.0,0.0,0.0,0.0,0.0,0.0,0.0,0.0,0.0,0.0,0.0,0.0,0.0,0.0,0.0,0.0,0.0,0.0,0.0,0.0,0.0,0.0,0.0,0.0,0.0,0.019135147118069008,-5.8020093484258785e-15,5.802009345641442e-15,2.901004676067838e-15,2.901004672344407e-15,-5.802009348426759e-15,2.9010046732812022e-15,-2.9010046760614612e-15,-1.853579096440809e-24,9.23600911290156e-25,-1.850720164873966e-24,9.323971191787323e-25,2.7773997911412458e-24,2.901004669565248e-15,-1.8621552448913944e-24,2.901004762310164e-15,2.901004673746301e-15,-1.450502429933954e-15,2.901004409592282e-15,-5.802009380811284e-15,2.901004922407576e-15,1.4505024461880146e-15,4.35150691303893e-15,-4.3515088475839776e-15,7.252511633815647e-15,-1.450270757079643e-15,6.504920947730625e-23,-1.4505027079481662e-15,-1.4505021920053631e-15,-1.4505029265669123e-15,1.4505036401466691e-15,4.351507076603366e-15,-6.751456488490373e-23,4.351506685198028e-15,1.4505025404137713e-15,5.8020093474987594e-15,1.0730966734998712e-22,1.4505023760491116e-15,4.351506901575284e-15,-2.901004673288679e-15,-2.9010046779330716e-15,1.4506752286537815e-15,6.128372608732548e-12,4.351506833130543e-15,-1.4505025105458513e-15,0.00956757473724129,8.703014023556261e-15,5.80200818783214e-15,-2.1757535670255535e-15,7.254232368100159e-16,-1.450502955872084e-15,-2.3150010841673334e-22,1.450502326538386e-15,1.85116005883072e-24,5.8020093465641636e-15,2.901004670508641e-15,1.45050244885569e-15,2.901004672356282e-15,-2.901004676529199e-15,7.252512426265195e-16,-4.351506902043321e-15,7.036869619363129e-27,4.398051725737877e-28,-2.9010046751411587e-15,0.00956757252437523,-1.4505022142003792e-15,-4.351507028665183e-15,5.802008796255496e-15,2.9010044143675083e-15,6.12547141610426e-12,3.626265271295269e-15,2.9010046714331208e-15,1.4505005818346097e-15,2.9010046732803226e-15,-4.351507654767187e-15,-5.802009348887679e-15,5.8020093442625286e-15,-4.568526923565489e-25,4.645712174381782e-24,-2.1757535139021277e-15,-2.9010042680434522e-15,6.527260196820841e-15,-1.4447535254535464e-23,2.9010047462074076e-15,9.306379368932636e-25,-2.9010046756077968e-15,-3.2506353094082332e-24,-2.315049611837577e-24,1.4505028692453365e-15,4.351506883070509e-15,-5.8020093507397195e-15,-2.901004674677159e-15
0.0,0.0,0.0,0.0,0.0,0.0,0.0,0.0,0.0,0.0,0.0,0.0,0.0,0.0,0.0,0.0,0.0,0.0,0.0,0.0,0.0,0.0,0.0,0.0,0.0,0.0,0.0,0.0,0.0,0.0,0.0,0.0,0.0,0.0,0.0,0.0,0.0,0.0,0.0,0.0,0.0,0.0,0.0,0.0,0.0,0.0,0.0,0.0,0.0,0.0,0.0,0.0,0.0,0.0,0.0,0.0,0.0,0.0,0.0,0.0,0.0,0.0,0.0,0.0,0.0,0.0,0.0,0.0,0.0,0.0,0.0,0.0,0.0,0.0,0.0,0.0,0.0,0.0,0.0,0.0,0.0,0.0,0.0,0.0,0.0,0.0,0.0,0.0,0.0,0.0,0.0,0.0,0.0,0.0,0.0,0.0,0.0,0.0,0.0,0.0,0.0,0.0,0.0,0.0,0.0,0.0,0.0,0.0,0.019135147110757027,-4.398110270115454e-28,-2.9010046743884233e-15,-9.165637997365645e-25,6.1182188602506765e-12,3.518406999217295e-27,7.735475011643705e-22,-2.9010036818404856e-15,-5.8020093459937296e-15,2.9010046734652624e-15,-5.8020093515705194e-15,-2.9010046743796275e-15,-8.703014025028746e-15,-5.802009347858084e-15,-2.90100476340639e-15,-7.25251166198998e-15,2.901004482240321e-15,-2.9010046748544023e-15,-7.25251169915854e-15,1.4505022091510293e-15,-2.901004896273626e-15,4.351506915169039e-15,-4.351506640587776e-15,-2.9009014539933496e-15,4.351506902809279e-15,-4.3515069802147304e-15,-1.4505022131236074e-15,5.80200935342278e-15,-1.4505029280564385e-15,4.351508316938544e-15,-4.351506944908768e-15,4.3515070455718075e-15,-4.351506904587212e-15,-4.075280887899362e-22,5.8020093511010225e-15,4.3515070626909695e-15,-5.802009348782564e-15,6.121120100388113e-12,1.3937575689941879e-24,3.066361941814106e-12,2.9010048367979228e-15,1.4505022279977584e-15,2.9010043180342214e-15,1.4505025115581836e-15,2.9010050348876657e-15,-3.7615976600103627e-22,-5.802009352029461e-15,-1.4505024650295742e-15,7.252510847682306e-16,-2.3144988055541845e-25,2.901004904035174e-15,-2.9010046771765985e-15,-2.7831172996511527e-24,-2.9010046739340998e-15,-2.9010046767132587e-15,4.3515069003054416e-15,-8.703014023174946e-15,-2.901004675327418e-15,7.252512442890559e-16,1.4505024487768486e-15,-2.9010046725333053e-15,-2.9010046743954603e-15,-4.3980998591699095e-27,2.9010043592744886e-15,1.4505022152098534e-15,-3.795581661036789e-23,1.4505020627316993e-15,-1.4505022098237127e-15,4.544864091596618e-23,1.4505023417233747e-15,-3.5184785987940925e-27,1.450502544166344e-15,-4.622401886516541e-25,-4.620248244231793e-25,0.009567572818500117,-4.351506371225508e-15,-4.3515063607034914e-15,-2.9010046734639434e-15,-1.3923283193741725e-24,-1.4505021359693142e-15,7.252512752363932e-16,-1.450502342205846e-15,1.4505023738849165e-15,-5.802009350637243e-15,-2.901004674392382e-15,2.9010046753142234e-15,-7.252511235328724e-15,-4.351506478984276e-15,-2.541566931136634e-22,2.901004672528907e-15,-2.901004675326098e-15
0.0,0.0,0.0,0.0,0.0,0.0,0.0,0.0,0.0,0.0,0.0,0.0,0.0,0.0,0.0,0.0,0.0,0.0,0.0,0.0,0.0,0.0,0.0,0.0,0.0,0.0,0.0,0.0,0.0,0.0,0.0,0.0,0.0,0.0,0.0,0.0,0.0,0.0,0.0,0.0,0.0,0.0,0.0,0.0,0.0,0.0,0.0,0.0,0.0,0.0,0.0,0.0,0.0,0.0,0.0,0.0,0.0,0.0,0.0,0.0,0.0,0.0,0.0,0.0,0.0,0.0,0.0,0.0,0.0,0.0,0.0,0.0,0.0,0.0,0.0,0.0,0.0,0.0,0.0,0.0,0.0,0.0,0.0,0.0,0.0,0.0,0.0,0.0,0.0,0.0,0.0,0.0,0.0,0.0,0.0,0.0,0.0,0.0,0.0,0.0,0.0,0.0,0.0,0.0,0.0,0.0,0.0,0.0,0.0,0.019135147103453747,2.9010046764324404e-15,-5.802009354711422e-15,5.802009351933143e-15,2.9010046727178056e-15,-4.351506628792683e-15,-7.252511193408205e-15,2.198426632293664e-28,-2.9010046745665465e-15,-5.802009352853225e-15,2.9010046736431655e-15,5.802009354714061e-15,2.9010046754980642e-15,1.4505022936981107e-15,-2.9010046755057608e-15,-1.4505022426080376e-15,-9.383346032889038e-25,-4.351507028291674e-15,-2.5145120852764363e-22,-2.901004454562411e-15,-1.4505022362183572e-15,-1.4505022108275796e-15,-2.901004680608656e-15,2.1893684191801474e-22,1.4505023691227644e-15,-2.9010046773584606e-15,-4.659786744167494e-25,-5.802009352850036e-15,-9.303096784777152e-25,-1.3382448599544138e-22,-5.802009352387467e-15,5.8020093509943685e-15,4.0939200360679807e-22,6.121119897616507e-12,-1.4505022875740849e-15,1.4505835664014825e-15,-2.9010046768918217e-15,2.9010046703969283e-15,-1.8650140879401602e-24,-9.391043160343674e-25,2.216638838065035e-22,1.4505025201115847e-15,-2.901004677353952e-15,2.9010043187191743e-15,-1.450502526991223e-15,-9.273396667307425e-25,-7.252511082147271e-16,1.4505025023953495e-15,-2.9010046750280175e-15,-4.351506901209917e-15,-4.666383517540434e-25,-2.9010046755037815e-15,-2.3237357415891182e-24,-6.597395543847077e-28,-2.3238458357301466e-24,2.9010046768883034e-15,-2.9010046736363486e-15,1.4505021852063457e-15,1.4505022252347676e-15,-2.9010046787533173e-15,-3.518478999533562e-27,-9.28438802365212e-25,3.1511041665778936e-22,-7.252512319597508e-16,1.4505023560268718e-15,4.659785478180407e-25,-2.901004676893801e-15,2.9010046764272726e-15,2.9010046745707796e-15,9.279990037697875e-25,1.45050213077613e-15,-9.312975537767505e-25,-1.450502983050058e-15,-2.9010046773602197e-15,-5.076757863106566e-15,-7.252508464524795e-16,-9.218413573543911e-25,-2.327694436167659e-25,2.9010046745783116e-15,-4.7169621075750735e-25,2.901004669200426e-15,2.9010046759603044e-15,1.5392406945931321e-27,0.009567572814928255,-2.319117842235774e-24,-7.252509409987118e-16,2.9010036084226984e-15,-1.4505022099701779e-15,-2.9010046778167422e-15,0.009567573574266228
0.0,0.0,0.0,0.0,0.0,0.0,0.0,0.0,0.0,0.0,0.0,0.0,0.0,0.0,0.0,0.0,0.0,0.0,0.0,0.0,0.0,0.0,0.0,0.0,0.0,0.0,0.0,0.0,0.0,0.0,0.0,0.0,0.0,0.0,0.0,0.0,0.0,0.0,0.0,0.0,0.0,0.0,0.0,0.0,0.0,0.0,0.0,0.0,0.0,0.0,0.0,0.0,0.0,0.0,0.0,0.0,0.0,0.0,0.0,0.0,0.0,0.0,0.0,0.0,0.0,0.0,0.0,0.0,0.0,0.0,0.0,0.0,0.0,0.0,0.0,0.0,0.0,0.0,0.0,0.0,0.0,0.0,0.0,0.0,0.0,0.0,0.0,0.0,0.0,0.0,0.0,0.0,0.0,0.0,0.0,0.0,0.0,0.0,0.0,0.0,0.0,0.0,0.0,0.0,0.0,0.0,0.0,0.0,0.0,0.0,0.019135147079577027,-3.722551122554143e-24,-8.703014036439175e-15,3.7071578911474955e-24,5.802009358702037e-15,-2.3155998707843257e-24,5.802007398301635e-15,2.901004680045699e-15,9.244804418731021e-25,-9.301973830418704e-25,2.901004676327106e-15,-5.802009356377203e-15,8.66962101795526e-23,1.4505023123185616e-15,-2.9010046805073444e-15,2.7698230659511547e-19,-3.4240743349488214e-23,5.802009110493328e-15,4.611407610963563e-25,4.351506922718158e-15,2.901004675411202e-15,2.9010046795823592e-15,1.4505022298629918e-15,2.901004615910634e-15,-4.527843068120416e-25,-7.252511848467858e-15,1.1789200070264215e-21,5.802006750313952e-15,4.351506949682246e-15,-1.4505023041713018e-15,5.107732685459966e-24,-2.3188977821440965e-24,2.901004677732299e-15,2.901004576446488e-15,-1.3915586845777545e-24,2.9010046805147565e-15,-2.9010046768007816e-15,2.9010046805162952e-15,-2.9010046809710585e-15,4.351506909463163e-15,-1.9594670678210856e-21,2.79257311544377e-24,1.4505021618613355e-15,2.9010043015712125e-15,6.118220095315234e-12,-2.901004679348313e-15,-5.076758271818102e-15,9.172977451969337e-12,-2.3103390999688902e-22,1.4505023454852893e-15,-2.782677478852967e-24,-2.901004676806059e-15,-3.244477673750208e-24,2.244211612021239e-22,2.9010036963619827e-15,5.8020093596331165e-15,5.0767581134716794e-15,-1.4505020029195378e-15,5.8020064174190684e-15,9.315174395928322e-25,8.79619631315719e-28,-4.3515068636719094e-15,-7.252511576049807e-15,-2.9010046421015384e-15,-1.4505026149462832e-15,4.351507151157421e-15,9.354756557159303e-25,-2.8587721642684008e-27,5.8020093582345205e-15,-4.351506402394211e-15,-1.3889197019635457e-24,-1.4505016951858224e-15,-4.351507133180412e-15,5.802009357536762e-15,-4.4066759201297244e-24,-1.8595164656179925e-24,2.1757535161995305e-15,1.450502542174646e-15,-2.901004675630557e-15,2.9010046781912405e-15,7.252511737274228e-15,-2.901004680984254e-15,-4.3515069074424555e-15,-9.32836898306842e-25,-3.013797923331365e-24,-2.9010046763361225e-15,2.90100493235981e-15,-2.9010046791190194e-15,-1.450502340653537e-15
0.0,0.0,0.0,0.0,0.0,0.0,0.0,0.0,0.0,0.0,0.0,0.0,0.0,0.0,0.0,0.0,0.0,0.0,0.0,0.0,0.0,0.0,0.0,0.0,0.0,0.0,0.0,0.0,0.0,0.0,0.0,0.0,0.0,0.0,0.0,0.0,0.0,0.0,0.0,0.0,0.0,0.0,0.0,0.0,0.0,0.0,0.0,0.0,0.0,0.0,0.0,0.0,0.0,0.0,0.0,0.0,0.0,0.0,0.0,0.0,0.0,0.0,0.0,0.0,0.0,0.0,0.0,0.0,0.0,0.0,0.0,0.0,0.0,0.0,0.0,0.0,0.0,0.0,0.0,0.0,0.0,0.0,0.0,0.0,0.0,0.0,0.0,0.0,0.0,0.0,0.0,0.0,0.0,0.0,0.0,0.0,0.0,0.0,0.0,0.0,0.0,0.0,0.0,0.0,0.0,0.0,0.0,0.0,0.0,0.0,0.0,0.019135147059960434,5.802009366053683e-15,2.9010046793068188e-15,1.4505027259672292e-15,1.4505028405791384e-15,8.703014042565947e-15,-2.901004682096313e-15,-2.9010046830269508e-15,8.703014049061281e-15,2.901002721225486e-15,-5.8020093641809706e-15,5.802009455057244e-15,2.9010046299414507e-15,1.4505024366577685e-15,-4.351506629702935e-15,-1.3929879951042612e-24,-4.351506648282925e-15,2.9010049048947812e-15,-5.802009366042906e-15,3.2509648217676378e-24,5.802009365569011e-15,-1.4505022336626202e-15,-4.351506992237375e-15,1.4505022188303607e-15,2.9010046811650154e-15,5.802009366507895e-15,1.3916680151189919e-24,-2.9010046834850127e-15,-5.802009366504927e-15,4.351506915214779e-15,4.0753754635177034e-22,-5.802009364189328e-15,4.351507075635457e-15,7.510106730020903e-23,4.637795610026278e-25,-4.641753741827851e-24,-1.859736103828417e-24,1.4505022596054695e-15,7.252511817688972e-15,-4.351506844031672e-15,1.4505025163339702e-15,1.4505021619563344e-15,-1.450502531678168e-15,-1.4505006036550232e-15,5.076758259201651e-15,-3.626255774582713e-15,7.252520976156387e-16,-2.2964422091564513e-22,5.802009366042686e-15,-9.356956582572075e-25,-1.8597361714795935e-24,0.009567571862334773,-1.450502005343423e-15,2.9010046788404005e-15,-2.9010046825554746e-15,5.802009364892364e-15,-1.4505022303720779e-15,2.901004679775216e-15,2.9010046820952137e-15,-9.279988600976089e-25,1.4505024993070608e-15,1.4505024630342193e-15,1.4505023232382736e-15,-1.3891396555051063e-24,2.901004679773017e-15,-1.4505023653911973e-15,6.527260532331285e-15,-1.857317524244127e-24,-4.3515068207983684e-15,0.009567573095757835,5.802009366508775e-15,2.9010046834823736e-15,-2.1757531904583054e-15,-7.252508427415283e-16,-9.359153779092627e-25,2.901004684419169e-15,6.126922319467656e-12,2.175753404468674e-15,2.9010046811661154e-15,-1.3913385752298449e-24,-4.6507700152675984e-24,-2.234097126287496e-22,2.901004676984622e-15,-3.6262556305330356e-15,1.4505018089051095e-15,1.4505022146549236e-15,5.802009363722689e-15,2.9010046870728716e-15
0.0,0.0,0.0,0.0,0.0,0.0,0.0,0.0,0.0,0.0,0.0,0.0,0.0,0.0,0.0,0.0,0.0,0.0,0.0,0.0,0.0,0.0,0.0,0.0,0.0,0.0,0.0,0.0,0.0,0.0,0.0,0.0,0.0,0.0,0.0,0.0,0.0,0.0,0.0,0.0,0.0,0.0,0.0,0.0,0.0,0.0,0.0,0.0,0.0,0.0,0.0,0.0,0.0,0.0,0.0,0.0,0.0,0.0,0.0,0.0,0.0,0.0,0.0,0.0,0.0,0.0,0.0,0.0,0.0,0.0,0.0,0.0,0.0,0.0,0.0,0.0,0.0,0.0,0.0,0.0,0.0,0.0,0.0,0.0,0.0,0.0,0.0,0.0,0.0,0.0,0.0,0.0,0.0,0.0,0.0,0.0,0.0,0.0,0.0,0.0,0.0,0.0,0.0,0.0,0.0,0.0,0.0,0.0,0.0,0.0,0.0,0.0,0.019135147027277716,-2.901004684259958e-15,1.4505027289097778e-15,1.4505028407319737e-15,-8.703014060217721e-15,9.282187060442939e-25,-5.802009375028883e-15,2.901004692619865e-15,2.9010046907588096e-15,-5.802009373169367e-15,-4.351506986984838e-15,-2.9010046856585537e-15,-1.9214513373370435e-22,4.351506639459239e-15,-2.901004717575451e-15,-2.519174080933824e-22,-4.351507365237971e-15,-1.4505022471024437e-15,-4.351506905511802e-15,-4.3515069811841056e-15,-2.9010046893759372e-15,-7.252511748064086e-15,4.351506660186584e-15,-1.4505022002824757e-15,-2.90100468751774e-15,5.8020093736356744e-15,-4.532241182878722e-25,7.252511753002273e-15,-1.4505026654727518e-15,-1.45050295436056e-15,-3.705178974108365e-24,4.351506977611496e-15,4.351507073218701e-15,1.450500498436459e-15,-2.9010046833429542e-15,0.009567567436553315,2.9010046861279405e-15,-5.802009374565433e-15,-3.591444683830619e-22,7.25251189431244e-15,3.563168707450214e-22,-5.802009376872566e-15,-4.351508767516948e-15,1.4505022180183224e-15,2.90100468773737e-15,-7.252520963072047e-16,1.450502226385532e-15,1.4505023376049946e-15,5.8020093759564425e-15,2.9010046916912065e-15,-5.802008869377288e-15,4.351506918824189e-15,-2.9010046851886166e-15,-4.664183995417334e-25,-2.9010046891388794e-15,2.9010046856486578e-15,4.6435132631025575e-24,6.121119891631965e-12,9.184580842134524e-12,2.9010043733250964e-15,7.2525123274838575e-16,-4.351507013698672e-15,-1.3919985803700342e-24,1.450502475071551e-15,5.802009377817388e-15,2.9010046861220583e-15,-2.901004687043955e-15,2.901004687506635e-15,-2.9010045563178126e-15,4.3515076754061506e-15,6.125471634270448e-12,7.252514935818582e-16,-7.252508474761915e-16,-5.802009375023386e-15,-2.175753523538858e-15,2.901004686582704e-15,6.527260229648309e-15,1.4505023480665334e-15,-1.3893596109836508e-24,-2.901004684262817e-15,-2.901004463648756e-15,4.547634692800305e-25,-3.6262556337107716e-15,-1.066622585411351e-21,-1.4505022171306131e-15,-2.9010046884436504e-15,-2.9010046948144062e-15
0.0,0.0,0.0,0.0,0.0,0.0,0.0,0.0,0.0,0.0,0.0,0.0,0.0,0.0,0.0,0.0,0.0,0.0,0.0,0.0,0.0,0.0,0.0,0.0,0.0,0.0,0.0,0.0,0.0,0.0,0.0,0.0,0.0,0.0,0.0,0.0,0.0,0.0,0.0,0.0,0.0,0.0,0.0,0.0,0.0,0.0,0.0,0.0,0.0,0.0,0.0,0.0,0.0,0.0,0.0,0.0,0.0,0.0,0.0,0.0,0.0,0.0,0.0,0.0,0.0,0.0,0.0,0.0,0.0,0.0,0.0,0.0,0.0,0.0,0.0,0.0,0.0,0.0,0.0,0.0,0.0,0.0,0.0,0.0,0.0,0.0,0.0,0.0,0.0,0.0,0.0,0.0,0.0,0.0,0.0,0.0,0.0,0.0,0.0,0.0,0.0,0.0,0.0,0.0,0.0,0.0,0.0,0.0,0.0,0.0,0.0,0.0,0.0,0.01913514701204744,2.3305529321034786e-24,-1.160401875881878e-14,2.9010046912032377e-15,2.9010046912089553e-15,-2.9010046865685205e-15,9.297582842279282e-25,-9.244803134504266e-25,2.787955024973727e-24,-1.4505023038854285e-15,-9.310776374837136e-25,2.9010046870298814e-15,2.9010044261366117e-15,7.25251173658241e-15,4.351507162082075e-15,6.124021136691757e-12,-1.9609915953795339e-22,-1.0153516539196981e-14,-7.252511677256665e-15,1.4505022335723485e-15,4.351507003131688e-15,4.351507159515349e-15,5.802009380101871e-15,2.9010046893564756e-15,2.9010046893582348e-15,-1.3892628379019023e-22,5.802009447617537e-15,1.4505024540024554e-15,5.802442112337727e-15,-7.252511714605325e-15,4.3515069824636995e-15,2.7842166729485573e-24,4.351507144702989e-15,0.00956757266508048,1.450501420111065e-15,-2.901004693066492e-15,4.351506927144841e-15,5.802009377318314e-15,-9.222815287013256e-25,-4.351507208482252e-15,-1.4505021545090365e-15,2.9010035292225537e-15,2.901004688657178e-15,3.626255779018031e-15,4.3515064168992515e-15,-1.4505024562435011e-15,-2.9010046907533124e-15,-9.27998846072144e-25,0.009567574269118499,4.35150728361455e-15,-4.351506923225256e-15,-2.9010046916821906e-15,4.1795137468336885e-24,4.351506876615741e-15,-7.252511386295353e-15,-5.802009379173433e-15,2.9010046884275974e-15,-5.8020093782436745e-15,-4.351506875782736e-15,-2.175753456956035e-15,2.7883949339572197e-24,-1.4505026205364884e-15,2.6215883399975943e-22,-2.9010046930708903e-15,2.9010046898148677e-15,2.9010046893586758e-15,-4.351506416358175e-15,-1.4505022783799656e-15,-1.450502990439308e-15,-4.615803509680133e-25,-6.959990732610614e-25,-5.802009375227678e-15,9.257999110423531e-25,2.9010046914429342e-15,4.047801294960216e-22,3.626255968568422e-15,-2.901004687034499e-15,-1.4505023093784322e-15,-2.901004690286234e-15,-1.4505022329726671e-15,-1.3955166466659908e-24,7.061148763544711e-25,1.0703229270395208e-21,-9.244804657123799e-25,1.3977168077484289e-24,-4.351507036530635e-15
0.0,0.0,0.0,0.0,0.0,0.0,0.0,0.0,0.0,0.0,0.0,0.0,0.0,0.0,0.0,0.0,0.0,0.0,0.0,0.0,0.0,0.0,0.0,0.0,0.0,0.0,0.0,0.0,0.0,0.0,0.0,0.0,0.0,0.0,0.0,0.0,0.0,0.0,0.0,0.0,0.0,0.0,0.0,0.0,0.0,0.0,0.0,0.0,0.0,0.0,0.0,0.0,0.0,0.0,0.0,0.0,0.0,0.0,0.0,0.0,0.0,0.0,0.0,0.0,0.0,0.0,0.0,0.0,0.0,0.0,0.0,0.0,0.0,0.0,0.0,0.0,0.0,0.0,0.0,0.0,0.0,0.0,0.0,0.0,0.0,0.0,0.0,0.0,0.0,0.0,0.0,0.0,0.0,0.0,0.0,0.0,0.0,0.0,0.0,0.0,0.0,0.0,0.0,0.0,0.0,0.0,0.0,0.0,0.0,0.0,0.0,0.0,0.0,0.0,0.019135146500001275,6.123876581432895e-12,1.4505020013579186e-15,-4.351506766027011e-15,-4.3515075381834174e-15,-2.9010047674581477e-15,1.4505020004384959e-15,1.4505019953318622e-15,3.626256130325598e-15,-1.4505019445616304e-15,-7.252514322358285e-16,-1.4505025160294011e-15,-7.252506209707453e-16,-2.9010042554125506e-15,-1.1139794745770447e-22,2.9010044780386275e-15,7.252513205147296e-16,2.903219984659456e-22,2.1757529441883585e-15,-5.802009571383787e-15,-2.9010036253843265e-15,1.4505018553464402e-15,2.175755038662053e-15,-7.252533420049392e-16,1.3976063969177812e-24,2.9010051169867133e-15,-4.351506442696022e-15,1.4505017938841265e-15,-1.4505015979070018e-15,-2.9010048185576727e-15,-3.886264721837308e-22,2.9010049296421588e-15,-2.9010039934470615e-15,7.252510743378682e-16,2.1757542784866768e-15,7.252501746248467e-16,-7.25251477242027e-16,6.527260062087535e-15,-4.351505429870467e-15,-1.450502195646656e-15,7.252511336945048e-15,3.263630429462826e-15,-6.8898868417461036e-15,5.07675764340688e-15,3.626256208357576e-15,2.901004005400765e-15,-1.4505020008912803e-15,-7.25251153348362e-15,7.252507396279882e-16,2.175753328539459e-15,1.4505027700279516e-15,1.4505019950965645e-15,7.007824268963014e-25,-2.901005376946026e-15,2.5456201520495816e-24,-2.9010055400726164e-15,2.901004766284074e-15,2.901004221492858e-15,-3.6262495068048706e-16,2.176568699750963e-15,-1.3000962424822335e-21,1.4505022556632314e-15,3.6262561872553705e-15,-3.9888814531862376e-15,-2.9010039948368617e-15,-1.4505035640277305e-15,-5.076758888306601e-15,-2.1757538325138066e-15,5.802009920277087e-15,0.009567571996751852,3.0596286773013667e-12,2.9010039943723815e-15,2.1757530047293372e-15,-7.252512842751616e-16,-7.977761829312511e-15,-2.901004763021236e-15,-2.9010044183024064e-15,4.351506763242134e-15,2.1757532140684386e-15,2.901004767683109e-15,0.009567572810285859,4.351506766960618e-15,2.1757531874808627e-15,-1.4505019960247834e-15,7.252521612463207e-16
0.0,0.0,0.0,0.0,0.0,0.0,0.0,0.0,0.0,0.0,0.0,0.0,0.0,0.0,0.0,0.0,0.0,0.0,0.0,0.0,0.0,0.0,0.0,0.0,0.0,0.0,0.0,0.0,0.0,0.0,0.0,0.0,0.0,0.0,0.0,0.0,0.0,0.0,0.0,0.0,0.0,0.0,0.0,0.0,0.0,0.0,0.0,0.0,0.0,0.0,0.0,0.0,0.0,0.0,0.0,0.0,0.0,0.0,0.0,0.0,0.0,0.0,0.0,0.0,0.0,0.0,0.0,0.0,0.0,0.0,0.0,0.0,0.0,0.0,0.0,0.0,0.0,0.0,0.0,0.0,0.0,0.0,0.0,0.0,0.0,0.0,0.0,0.0,0.0,0.0,0.0,0.0,0.0,0.0,0.0,0.0,0.0,0.0,0.0,0.0,0.0,0.0,0.0,0.0,0.0,0.0,0.0,0.0,0.0,0.0,0.0,0.0,0.0,0.0,0.0,0.019135146498016762,1.4505018855209437e-15,1.4505028831631866e-15,-4.351507646274572e-15,-2.9010047686795552e-15,-4.35150764349163e-15,1.4505018859688893e-15,-2.1757532642777632e-15,4.3515077552179836e-15,7.977763005093112e-15,-1.450502514781688e-15,-5.0767575945398966e-15,-7.25251142147351e-15,-4.35150737001716e-15,2.9010041722701903e-15,-7.25251131987066e-16,2.9010053609388342e-15,-2.1757540463125422e-15,2.9010047359151993e-15,-4.351505908365842e-15,-1.450503026861716e-15,-7.252507426018147e-16,2.1757539816345356e-15,2.9010044973259224e-15,5.802009927497142e-15,2.9010054826789474e-15,2.901003859769766e-15,-5.802008542494082e-15,-2.901004816528441e-15,5.8020089618179015e-15,2.901005488606208e-15,-5.802009050135624e-15,-2.17575386037054e-15,7.252519778806119e-16,-3.6262569232955615e-15,5.076758364454103e-15,6.527259892019736e-15,1.9855643017671427e-21,-2.9010047682099377e-15,1.4505018035866315e-15,1.8131281971807632e-15,2.5383787579503404e-15,2.1757527692402688e-15,-2.1757535021185913e-15,5.802008549338412e-15,-1.450501885054745e-15,1.450503345463476e-15,-2.1757541932264272e-15,-5.0767587615321354e-15,-1.450501889460079e-15,1.450501889457023e-15,8.703013996548245e-15,-5.802010030860583e-15,-2.9010047675254723e-15,-9.939314127100074e-22,5.802009533879533e-15,-1.4505028817766975e-15,-4.714131790587251e-15,6.121846401038159e-12,7.735280847693663e-22,1.4505019968810586e-15,-7.25250933830871e-16,-3.2636302353846727e-15,-2.9010037705583164e-15,1.4505013878417043e-15,-2.1757542862689604e-15,-3.626258315143367e-15,-1.4505020023383362e-15,6.122284429060449e-12,0.009567572232185005,2.9010018176042086e-15,5.076757607057278e-15,-7.252517434298214e-16,1.4579107398561909e-21,-8.703014299548018e-15,4.6422479110245575e-22,4.3515066551203614e-15,3.626255432414147e-15,-2.9010047675085192e-15,3.552597636076984e-15,-1.0316646806928132e-21,-2.1754866013298503e-15,-4.351506652101265e-15,-3.6262547068716925e-15
0.0,0.0,0.0,0.0,0.0,0.0,0.0,0.0,0.0,0.0,0.0,0.0,0.0,0.0,0.0,0.0,0.0,0.0,0.0,0.0,0.0,0.0,0.0,0.0,0.0,0.0,0.0,0.0,0.0,0.0,0.0,0.0,0.0,0.0,0.0,0.0,0.0,0.0,0.0,0.0,0.0,0.0,0.0,0.0,0.0,0.0,0.0,0.0,0.0,0.0,0.0,0.0,0.0,0.0,0.0,0.0,0.0,0.0,0.0,0.0,0.0,0.0,0.0,0.0,0.0,0.0,0.0,0.0,0.0,0.0,0.0,0.0,0.0,0.0,0.0,0.0,0.0,0.0,0.0,0.0,0.0,0.0,0.0,0.0,0.0,0.0,0.0,0.0,0.0,0.0,0.0,0.0,0.0,0.0,0.0,0.0,0.0,0.0,0.0,0.0,0.0,0.0,0.0,0.0,0.0,0.0,0.0,0.0,0.0,0.0,0.0,0.0,0.0,0.0,0.0,0.0,0.01913514631600212,2.901004795810943e-15,9.284387994307493e-25,2.7752006712808432e-24,2.901004792094989e-15,2.9010047995229387e-15,6.1269222216829916e-12,-4.398110240369245e-27,-2.9010047958118226e-15,6.121120395884821e-12,1.4505004220040328e-15,-4.351507066135356e-15,-1.4505022865067827e-15,1.9702430688665009e-22,2.9010045424462107e-15,-1.4505025442128716e-15,4.351507085404744e-15,1.4505023637441123e-15,-1.4505022719629206e-15,1.4505025425363173e-15,2.901004793487647e-15,4.730155460315697e-25,1.0153516714016079e-14,7.17055172517071e-23,-1.4505022862622421e-15,-7.252511785769462e-15,9.329468198656567e-25,7.252511935638104e-15,-1.4505023571084794e-15,4.351506862181952e-15,-4.3515070676206954e-15,7.252509221841897e-15,-2.9010047939475782e-15,-1.4505025113013451e-15,2.9010047939569243e-15,1.4505022244763088e-15,-9.303079899385947e-25,2.9010047939506568e-15,-8.701790455150615e-15,-2.9010047934894066e-15,-2.1757536758175652e-15,1.451155432641228e-15,-2.422750070309975e-19,1.4505023887246582e-15,9.332767822243932e-25,-1.4505025140566465e-15,-1.4505016408236212e-15,-1.3844116879745115e-24,0.009567572395693877,2.9010047958144613e-15,5.07675831511823e-15,-2.9010047930216677e-15,0.009567571794782645,3.703859615490228e-24,4.179734083925996e-24,-5.802009589758741e-15,3.0707137055496037e-12,1.4505024161856214e-15,1.4505021262293636e-15,-2.9010045355041393e-15,-2.9010047939482377e-15,-5.802009587906096e-15,2.9010047948838232e-15,3.7181531415036616e-24,-1.4505021990185636e-15,2.9010047976685894e-15,2.9010045760905674e-15,-1.4505024324821879e-15,-2.9010047948815643e-15,2.9010047948763468e-15,7.252511932484003e-16,-2.9010043947331185e-15,-5.076758280448615e-15,-1.4505024015147715e-15,7.25251202157411e-15,2.9010047939496675e-15,1.3899093655347288e-24,2.901004794882064e-15,-2.9010047921039133e-15,-1.4505029295873978e-15,-1.450502273375818e-15,2.9010047958190793e-15,2.901004796269775e-15
0.0,0.0,0.0,0.0,0.0,0.0,0.0,0.0,0.0,0.0,0.0,0.0,0.0,0.0,0.0,0.0,0.0,0.0,0.0,0.0,0.0,0.0,0.0,0.0,0.0,0.0,0.0,0.0,0.0,0.0,0.0,0.0,0.0,0.0,0.0,0.0,0.0,0.0,0.0,0.0,0.0,0.0,0.0,0.0,0.0,0.0,0.0,0.0,0.0,0.0,0.0,0.0,0.0,0.0,0.0,0.0,0.0,0.0,0.0,0.0,0.0,0.0,0.0,0.0,0.0,0.0,0.0,0.0,0.0,0.0,0.0,0.0,0.0,0.0,0.0,0.0,0.0,0.0,0.0,0.0,0.0,0.0,0.0,0.0,0.0,0.0,0.0,0.0,0.0,0.0,0.0,0.0,0.0,0.0,0.0,0.0,0.0,0.0,0.0,0.0,0.0,0.0,0.0,0.0,0.0,0.0,0.0,0.0,0.0,0.0,0.0,0.0,0.0,0.0,0.0,0.0,0.0,0.019135146303024476,8.703014392399384e-15,-1.9608595533579126e-21,-1.851599772906443e-24,4.644392887022248e-24,-1.4505023562318307e-15,-2.901004796385115e-15,5.8020095969521616e-15,-2.9010047996320117e-15,1.4505024143941668e-15,-4.689471687938635e-25,8.703014169140533e-15,-4.3515070993185726e-15,-1.4505025239550066e-15,1.450502446882818e-15,1.4505025071896713e-15,-1.4505023684493097e-15,2.500111816769513e-22,2.9010047963844548e-15,-1.450502988345616e-15,-1.4505010912086369e-15,1.3946372851841475e-24,1.4505023621105482e-15,-2.9010045837610785e-15,2.9010043897761016e-15,-1.4505023817497124e-15,-1.0153516739268316e-14,-1.4505024383001473e-15,-1.0153516681559093e-14,-4.35150706453202e-15,9.32837140667138e-25,1.4028838332607777e-24,-4.351507086072266e-15,-4.683976247813565e-25,-2.901004451365854e-15,-2.3295631832798993e-24,-2.7801484903154174e-24,-9.233814066642139e-25,2.9010047961686185e-15,2.1757536782146942e-15,2.901004795463163e-15,1.4505022854624535e-15,5.8020095941664066e-15,1.8581969215628352e-24,-1.450502513651032e-15,-1.4505026512449218e-15,-2.528835309042254e-27,-1.4505022847083812e-15,2.9010047963785174e-15,2.9010047980090034e-15,-2.901004573197621e-15,1.4505026078847317e-15,6.121120123312495e-12,3.066362071250415e-12,-4.676280003679173e-25,-2.175753536411664e-15,-2.9010047982377044e-15,-4.3515074739040545e-15,-1.450502529052074e-15,-2.9010048010153235e-15,1.1602736757453708e-24,-2.9010047959206755e-15,2.9010052075442987e-15,1.4505023335187208e-15,-4.3515078424264336e-15,-4.3515070826298715e-15,2.9010046391055055e-15,1.4505025507274068e-15,-5.802009595557746e-15,2.90100479894239e-15,2.9010047973131137e-15,-1.45050218791815e-15,-2.901004797781951e-15,-1.4505023640472512e-15,-2.9010047959228745e-15,7.252511881812177e-15,-4.398016176041263e-27,1.0153516726489983e-14,6.1283737625847725e-12,4.6982695023218125e-25,-2.9010047959222146e-15,4.351507201013961e-15
0.0,0.0,0.0,0.0,0.0,0.0,0.0,0.0,0.0,0.0,0.0,0.0,0.0,0.0,0.0,0.0,0.0,0.0,0.0,0.0,0.0,0.0,0.0,0.0,0.0,0.0,0.0,0.0,0.0,0.0,0.0,0.0,0.0,0.0,0.0,0.0,0.0,0.0,0.0,0.0,0.0,0.0,0.0,0.0,0.0,0.0,0.0,0.0,0.0,0.0,0.0,0.0,0.0,0.0,0.0,0.0,0.0,0.0,0.0,0.0,0.0,0.0,0.0,0.0,0.0,0.0,0.0,0.0,0.0,0.0,0.0,0.0,0.0,0.0,0.0,0.0,0.0,0.0,0.0,0.0,0.0,0.0,0.0,0.0,0.0,0.0,0.0,0.0,0.0,0.0,0.0,0.0,0.0,0.0,0.0,0.0,0.0,0.0,0.0,0.0,0.0,0.0,0.0,0.0,0.0,0.0,0.0,0.0,0.0,0.0,0.0,0.0,0.0,0.0,0.0,0.0,0.0,0.0,0.019135146299884137,-5.802009594649098e-15,-2.901004798250129e-15,3.7155144571020096e-24,-1.4505023546169587e-15,4.351507171540757e-15,2.901004797793826e-15,2.901004536424014e-15,3.008113218210279e-23,-2.9010048015030734e-15,1.4505022900384564e-15,-5.802009398086152e-15,-2.901004544887596e-15,1.4505024471114098e-15,-1.4505025088254348e-15,4.3515072282889955e-15,-4.351507072375816e-15,4.35150734526789e-15,1.4505029885889409e-15,4.351505889705609e-15,1.4505024658079503e-15,-1.3814430597882376e-24,-1.4505022921194113e-15,1.4505021958258904e-15,2.7854264549792437e-24,1.450502451628038e-15,7.649372845769631e-23,4.351507310836267e-15,1.4505022711687298e-15,-1.8412499430153325e-21,4.351507115946027e-15,1.4505022871350437e-15,-2.901004798715448e-15,-1.4505025748810425e-15,-1.3903492408505773e-24,-1.450502590686162e-15,-1.1605992847513821e-21,-2.901004796623382e-15,3.626255915379354e-15,-1.4505030197405457e-15,4.351507084878188e-15,4.351507190525154e-15,6.124021129111596e-12,1.4505025162114952e-15,-1.4505026533396268e-15,-4.3515070837831656e-15,-2.9010047991871442e-15,0.00956757238563029,-2.1757535206716883e-15,-2.9010047959332098e-15,9.273393112989458e-25,-2.9010047982543075e-15,-2.9010047959325507e-15,5.8020095988265235e-15,-2.175753537234934e-15,1.4505023822437312e-15,-1.4505026726512332e-15,-2.901004797788109e-15,4.3515071767486554e-15,-2.175753604785507e-15,5.802009596508614e-15,2.901004799646086e-15,-1.450502465428617e-15,-4.35150784127886e-15,2.9010045766882696e-15,-1.4505028104576944e-15,5.802009290514515e-15,-2.9010047982567258e-15,7.252511945631032e-16,1.4505021960382234e-15,-7.97776308715706e-15,4.35150720099571e-15,1.4505024311825928e-15,2.9010047945394523e-15,-2.901005022596866e-15,-2.901004800113604e-15,2.9010046663133386e-15,2.9010047954631627e-15,-1.4505025259718567e-15,2.9010048001081062e-15,2.9010048032264682e-15
0.0,0.0,0.0,0.0,0.0,0.0,0.0,0.0,0.0,0.0,0.0,0.0,0.0,0.0,0.0,0.0,0.0,0.0,0.0,0.0,0.0,0.0,0.0,0.0,0.0,0.0,0.0,0.0,0.0,0.0,0.0,0.0,0.0,0.0,0.0,0.0,0.0,0.0,0.0,0.0,0.0,0.0,0.0,0.0,0.0,0.0,0.0,0.0,0.0,0.0,0.0,0.0,0.0,0.0,0.0,0.0,0.0,0.0,0.0,0.0,0.0,0.0,0.0,0.0,0.0,0.0,0.0,0.0,0.0,0.0,0.0,0.0,0.0,0.0,0.0,0.0,0.0,0.0,0.0,0.0,0.0,0.0,0.0,0.0,0.0,0.0,0.0,0.0,0.0,0.0,0.0,0.0,0.0,0.0,0.0,0.0,0.0,0.0,0.0,0.0,0.0,0.0,0.0,0.0,0.0,0.0,0.0,0.0,0.0,0.0,0.0,0.0,0.0,0.0,0.0,0.0,0.0,0.0,0.0,0.019135146026219296,2.9010048360216738e-15,2.9010048378838293e-15,-8.762069609825082e-23,-1.4505024457173252e-15,6.1269224234724265e-12,2.9010048388142473e-15,-1.45050243119634e-15,1.4505025469859843e-15,4.35150714682378e-15,2.9010048388153466e-15,-1.4505027922688873e-15,-9.403137138223216e-25,1.4505023111020485e-15,-6.645968338943012e-23,-4.35150713368423e-15,-1.450502276159588e-15,2.9010048406786013e-15,2.901004840686957e-15,1.3475755178387522e-22,-2.9010049100331155e-15,-4.351507150755015e-15,1.4505022119108402e-15,-2.901004809621641e-15,-5.802009779851326e-15,7.183834064507459e-23,1.8515998690158465e-24,-8.703014512735803e-15,-7.252511176176102e-15,-2.901005002613555e-15,1.4505023078720842e-15,3.782885790725904e-19,-7.252511925453984e-15,-9.273392984974858e-25,4.351507446996275e-15,-5.802009680411831e-15,9.19038346582019e-12,7.252511298120251e-16,-2.9010048416034118e-15,2.310317235783741e-22,1.4505024106983371e-15,-2.901004836027391e-15,2.9010048416015426e-15,-7.252511339941332e-15,-1.4505023071903798e-15,-5.802009677162735e-15,2.9010046107855086e-15,-1.450502267323917e-15,4.602609980843341e-25,-5.802009678087216e-15,1.8542391130890397e-24,-5.802009680883527e-15,-2.9010048397356487e-15,-1.4505025397719996e-15,-4.3515072385520806e-15,2.901004839739387e-15,-2.5706650721219696e-22,5.802009630793791e-15,-4.351507265773128e-15,7.476652352899463e-27,-5.802009678095352e-15,-1.0153516740678139e-14,-4.351507906312037e-15,-1.4505025292748453e-15,-1.4505026107934924e-15,-1.450502577743719e-15,3.958267333619032e-27,7.252512023782521e-16,2.901004834169414e-15,-5.076758365232329e-15,-2.901004847440019e-15,-2.901004836954071e-15,9.297582601834677e-25,1.4505025301863506e-15,-2.31384016390042e-24,-1.4505024851372984e-15,2.9021326529867923e-15,-4.351507133234313e-15,-2.9010048420664215e-15,1.450502415058173e-15
0.0,0.0,0.0,0.0,0.0,0.0,0.0,0.0,0.0,0.0,0.0,0.0,0.0,0.0,0.0,0.0,0.0,0.0,0.0,0.0,0.0,0.0,0.0,0.0,0.0,0.0,0.0,0.0,0.0,0.0,0.0,0.0,0.0,0.0,0.0,0.0,0.0,0.0,0.0,0.0,0.0,0.0,0.0,0.0,0.0,0.0,0.0,0.0,0.0,0.0,0.0,0.0,0.0,0.0,0.0,0.0,0.0,0.0,0.0,0.0,0.0,0.0,0.0,0.0,0.0,0.0,0.0,0.0,0.0,0.0,0.0,0.0,0.0,0.0,0.0,0.0,0.0,0.0,0.0,0.0,0.0,0.0,0.0,0.0,0.0,0.0,0.0,0.0,0.0,0.0,0.0,0.0,0.0,0.0,0.0,0.0,0.0,0.0,0.0,0.0,0.0,0.0,0.0,0.0,0.0,0.0,0.0,0.0,0.0,0.0,0.0,0.0,0.0,0.0,0.0,0.0,0.0,0.0,0.0,0.0,0.01913514599362941,-2.9010048418997344e-15,-7.25251206813164e-15,6.125471673031451e-12,1.4505025161163754e-15,-4.3515071368112855e-15,-4.351507282529448e-15,1.4505022989286653e-15,-1.4505025337464937e-15,-2.9010048456141494e-15,-1.4505025455450622e-15,-4.351507316875417e-15,2.9010050636271835e-15,5.802009692146402e-15,-2.4768942902316836e-22,-1.853799162630599e-24,1.8592969629392485e-24,-5.802009690292605e-15,1.450502354736258e-15,5.8020096884498e-15,2.9010046274210157e-15,7.252511905154018e-15,8.70301450209933e-15,-2.901004844679333e-15,-2.901004847939205e-15,-1.4505025302173536e-15,-2.901004843746716e-15,-1.4505015038004778e-15,-1.4505023404392429e-15,5.802009911022342e-15,-1.450502242294462e-15,-1.4505022470496645e-15,1.4505022400018175e-15,4.351507077319616e-15,7.252512688057177e-15,2.175753695803516e-15,7.252512273116014e-15,-7.252509058499179e-16,-1.450502538551528e-15,-2.901004844689009e-15,-2.9010048437539732e-15,-2.9010048437612296e-15,-4.351508972273866e-15,-5.802009463555575e-15,-1.4505023067754076e-15,-4.3515073801203234e-15,5.076758400189637e-15,2.9010048451521286e-15,-7.25251190224871e-15,2.9010048437603504e-15,-2.3224164576011804e-24,-1.4505022664049295e-15,-2.1757535752963664e-15,-1.4505024378349395e-15,-2.901004292519254e-15,2.901004841899295e-15,-1.4505024012458302e-15,-3.626256049530582e-15,-2.901004846541488e-15,-2.3142802730337914e-24,-4.351507197474971e-15,1.450503067634243e-15,1.450502085344397e-15,-4.351507296497967e-15,-2.9010051497522167e-15,2.9010048418992946e-15,-2.90100484422424e-15,5.8024382072421044e-15,4.35150705303985e-15,-7.252512116247945e-15,-6.920717695182844e-23,8.79702234853079e-28,2.24330907241704e-22,-5.103113889599494e-24,-2.901004843290124e-15,-2.9010037757524153e-15,1.015351682907237e-14,2.901004838653717e-15,-2.901004851518267e-15
0.0,0.0,0.0,0.0,0.0,0.0,0.0,0.0,0.0,0.0,0.0,0.0,0.0,0.0,0.0,0.0,0.0,0.0,0.0,0.0,0.0,0.0,0.0,0.0,0.0,0.0,0.0,0.0,0.0,0.0,0.0,0.0,0.0,0.0,0.0,0.0,0.0,0.0,0.0,0.0,0.0,0.0,0.0,0.0,0.0,0.0,0.0,0.0,0.0,0.0,0.0,0.0,0.0,0.0,0.0,0.0,0.0,0.0,0.0,0.0,0.0,0.0,0.0,0.0,0.0,0.0,0.0,0.0,0.0,0.0,0.0,0.0,0.0,0.0,0.0,0.0,0.0,0.0,0.0,0.0,0.0,0.0,0.0,0.0,0.0,0.0,0.0,0.0,0.0,0.0,0.0,0.0,0.0,0.0,0.0,0.0,0.0,0.0,0.0,0.0,0.0,0.0,0.0,0.0,0.0,0.0,0.0,0.0,0.0,0.0,0.0,0.0,0.0,0.0,0.0,0.0,0.0,0.0,0.0,0.0,0.0,0.01913514547998619,7.252512261424196e-15,8.703014820744003e-15,-5.802009846964376e-15,-1.4505025942829388e-15,1.4505024767735241e-15,-5.802009844640091e-15,1.4505023498760366e-15,8.70301261256535e-15,-1.4505025872713837e-15,-2.9010050190070453e-15,2.2125795724439244e-22,-5.802009845117614e-15,2.901004921630808e-15,2.94381752440891e-22,-1.4505030502706736e-15,1.4505037629282094e-15,-4.3515073129820205e-15,4.3515073507799484e-15,-9.276690251414493e-25,4.351507179132132e-15,-1.4505024464479668e-15,2.901004922563975e-15,-1.4505024979001272e-15,5.8020096223839896e-15,-2.901004920698081e-15,2.9010030775874435e-15,1.4505023784531226e-15,2.2306249780595114e-22,2.9010049225569383e-15,1.4049731491452034e-24,-2.9010049239391512e-15,8.703414061065037e-15,1.4505018840061239e-15,2.9010049179124345e-15,1.4505026219809143e-15,7.252509220691152e-16,1.4505025742447565e-15,-1.695665280503826e-23,-2.9010049206974216e-15,2.9010049253398357e-15,8.703014258304653e-15,2.901004922560126e-15,-1.4505023447752123e-15,-2.9010049207051177e-15,-2.1757536127425618e-15,2.9010049216201427e-15,4.351507590499719e-15,2.9010049225510006e-15,1.8531395386095342e-24,-2.9010049202295734e-15,5.076758551857579e-15,1.450502442991281e-15,4.3515071070533135e-15,4.3515072546056004e-15,1.4505024392456381e-15,7.252512275737037e-16,-2.90100492347746e-15,2.901004919765464e-15,5.8020097125175406e-15,4.351508027740641e-15,2.9010046995832787e-15,1.45050242809111e-15,2.901004924869739e-15,2.901004928126691e-15,-4.351507398710001e-15,2.9010049272028707e-15,-2.9010049202382043e-15,-1.8595165459213116e-24,-4.351507347606279e-15,-2.901004920702699e-15,-1.450502348186718e-15,-2.9010049206855465e-15,-9.384629012299185e-25,1.4505019240245674e-15,4.351507253739514e-15,-2.901004921617284e-15,-1.450502463306103e-15
0.0,0.0,0.0,0.0,0.0,0.0,0.0,0.0,0.0,0.0,0.0,0.0,0.0,0.0,0.0,0.0,0.0,0.0,0.0,0.0,0.0,0.0,0.0,0.0,0.0,0.0,0.0,0.0,0.0,0.0,0.0,0.0,0.0,0.0,0.0,0.0,0.0,0.0,0.0,0.0,0.0,0.0,0.0,0.0,0.0,0.0,0.0,0.0,0.0,0.0,0.0,0.0,0.0,0.0,0.0,0.0,0.0,0.0,0.0,0.0,0.0,0.0,0.0,0.0,0.0,0.0,0.0,0.0,0.0,0.0,0.0,0.0,0.0,0.0,0.0,0.0,0.0,0.0,0.0,0.0,0.0,0.0,0.0,0.0,0.0,0.0,0.0,0.0,0.0,0.0,0.0,0.0,0.0,0.0,0.0,0.0,0.0,0.0,0.0,0.0,0.0,0.0,0.0,0.0,0.0,0.0,0.0,0.0,0.0,0.0,0.0,0.0,0.0,0.0,0.0,0.0,0.0,0.0,0.0,0.0,0.0,0.0,0.013530595636527941,3.0769793696836375e-15,-4.102639397397449e-15,2.0513169817651896e-15,3.0771108446944622e-15,4.102639252466797e-15,5.128299225379859e-15,-1.0256597463743016e-15,-5.128298453634224e-15,-6.153958770008587e-15,-7.179618755636828e-15,-7.179618423159162e-15,-6.163862980221163e-23,1.0256590901074803e-15,-4.102639912217448e-15,-4.102637350563378e-15,5.128298870371572e-15,3.0769792363942737e-15,-1.0256597845989626e-14,-7.179617859530582e-15,9.230937998927613e-15,3.076979345903128e-15,-4.102639380188699e-15,-2.0513196324094372e-15,1.0256597866968128e-15,3.076977489907838e-15,-5.1282987830332904e-15,-1.1282257650266093e-14,-1.2940286654573477e-22,-2.0513195078409256e-15,-1.2307917667384258e-14,-2.0513196337149066e-15,1.6446041484969225e-21,7.179618187008726e-15,-8.71810838390277e-15,8.205279090276004e-15,8.661712907969332e-12,1.0256598501318262e-15,-6.46864369061081e-25,-1.0256596717869503e-15,-2.0513189769761938e-15,2.8260191951239643e-22,8.656569059788804e-12,-3.076979467918093e-15,5.128297739239368e-16,-3.0769799011494928e-15,4.103256366340916e-15,6.153958648705343e-15,4.102639142193444e-15,-8.205278179921605e-15,0.006765297641820737,-3.0769792832826923e-15,1.0256602751463204e-15,3.0769792956042882e-15,-5.1282989080602134e-15,4.615468991744897e-15,6.153958644762424e-15,1.0256589057880146e-15,1.245637110915234e-22,4.102639137603272e-15,2.0513193498328487e-15,-4.102638648807202e-15,-1.0256599884704904e-15,1.0256597779736955e-14,8.718108097614225e-15,-2.2622509705992144e-22,2.0513194163701454e-15,-4.102639136302157e-15,-7.179618538811212e-15,-4.1026390182786386e-15,5.128298969523222e-15,4.102639136283497e-15,3.0769794644602766e-15,1.0256601324956512e-15,-1.025659421549101e-15,2.051319507161096e-15,3.076979382917068e-15
0.0,0.0,0.0,0.0,0.0,0.0,0.0,0.0,0.0,0.0,0.0,0.0,0.0,0.0,0.0,0.0,0.0,0.0,0.0,0.0,0.0,0.0,0.0,0.0,0.0,0.0,0.0,0.0,0.0,0.0,0.0,0.0,0.0,0.0,0.0,0.0,0.0,0.0,0.0,0.0,0.0,0.0,0.0,0.0,0.0,0.0,0.0,0.0,0.0,0.0,0.0,0.0,0.0,0.0,0.0,0.0,0.0,0.0,0.0,0.0,0.0,0.0,0.0,0.0,0.0,0.0,0.0,0.0,0.0,0.0,0.0,0.0,0.0,0.0,0.0,0.0,0.0,0.0,0.0,0.0,0.0,0.0,0.0,0.0,0.0,0.0,0.0,0.0,0.0,0.0,0.0,0.0,0.0,0.0,0.0,0.0,0.0,0.0,0.0,0.0,0.0,0.0,0.0,0.0,0.0,0.0,0.0,0.0,0.0,0.0,0.0,0.0,0.0,0.0,0.0,0.0,0.0,0.0,0.0,0.0,0.0,0.0,0.0,0.013530595615979362,3.076979407538998e-15,-1.0256599338463803e-15,7.179618491369802e-15,9.230938008259518e-15,3.851868102705125e-23,-4.102639322663718e-15,3.0769791131510784e-15,-1.1282257671350466e-14,-5.1282988375576254e-15,1.025659789160126e-14,-6.1539589310606445e-15,-4.102638975180118e-15,1.0256610944926993e-15,-3.076982221276934e-15,-7.179618435314333e-15,3.0769793616574246e-15,6.153958527220852e-15,4.1026391026859666e-15,1.0256597370127688e-15,8.205278255219904e-15,-9.230938209746282e-15,-3.0769792570971515e-15,-6.1539586785281155e-15,-4.10264048530197e-15,-4.102639180389465e-15,7.179618597532072e-15,-3.076979214584645e-15,-7.179618155346505e-15,-6.153959047362992e-15,-1.025659366583907e-15,-3.0769797918966537e-15,3.589809287233069e-15,1.538489703418508e-15,-5.6411290914028104e-15,3.076979255460788e-15,-2.0513195796489364e-15,4.1026391438264614e-15,-2.051319534703053e-15,4.1026395053182565e-15,1.0256599247178578e-15,-4.1026391471162946e-15,-1.0256594803980459e-15,-3.589809189032016e-15,2.051319802841417e-15,-6.1539586759136805e-15,2.051319611745774e-15,2.6275758955833427e-24,-2.0513193500709136e-15,-9.230938066191454e-15,7.179618560720818e-15,-4.102639143833537e-15,3.0769794316183023e-15,4.102639182356957e-15,-4.10263912162459e-15,4.1026391444847035e-15,1.0256598152290103e-14,-2.0513194396453136e-15,-3.0769807094704543e-15,-1.025660237411786e-15,4.6279019950387686e-23,-4.1026387110970564e-15,-4.102639221530586e-15,-5.12829897768918e-15,7.179618337526367e-15,9.230937906180811e-15,-6.153958720202901e-15,-6.153958678538845e-15,-2.487970881067054e-27,4.102638948660072e-15,-8.205278291919703e-15,2.0513195725628762e-15,-1.0256609353882693e-15,1.0256600318493627e-15,-6.153958834912636e-15,4.1026391911286565e-15
0.0,0.0,0.0,0.0,0.0,0.0,0.0,0.0,0.0,0.0,0.0,0.0,0.0,0.0,0.0,0.0,0.0,0.0,0.0,0.0,0.0,0.0,0.0,0.0,0.0,0.0,0.0,0.0,0.0,0.0,0.0,0.0,0.0,0.0,0.0,0.0,0.0,0.0,0.0,0.0,0.0,0.0,0.0,0.0,0.0,0.0,0.0,0.0,0.0,0.0,0.0,0.0,0.0,0.0,0.0,0.0,0.0,0.0,0.0,0.0,0.0,0.0,0.0,0.0,0.0,0.0,0.0,0.0,0.0,0.0,0.0,0.0,0.0,0.0,0.0,0.0,0.0,0.0,0.0,0.0,0.0,0.0,0.0,0.0,0.0,0.0,0.0,0.0,0.0,0.0,0.0,0.0,0.0,0.0,0.0,0.0,0.0,0.0,0.0,0.0,0.0,0.0,0.0,0.0,0.0,0.0,0.0,0.0,0.0,0.0,0.0,0.0,0.0,0.0,0.0,0.0,0.0,0.0,0.0,0.0,0.0,0.0,0.0,0.0,0.013530595487737515,3.709363897588103e-22,-5.1282991467106175e-15,-1.0256595998618468e-15,4.102639788602454e-15,-4.1450248292418905e-22,-4.102639139756471e-15,4.102639318449289e-15,1.1282257455098251e-14,-4.102639093180088e-15,2.05131941852114e-15,-3.076979350085808e-15,-1.0256611163505013e-15,1.0256626307103463e-15,-2.051319554387248e-15,-4.102639317945004e-15,2.051319442659602e-15,-4.102637912554062e-15,7.17961851655532e-15,2.051319250629919e-15,3.076979429729354e-15,2.051319771126026e-15,-2.2534419012363212e-22,-8.205278500005653e-15,3.0769795523155665e-15,1.025659628015206e-15,8.655486927738195e-12,9.230937837622918e-15,1.0256599918983093e-15,-2.051319591356882e-15,2.051321371836457e-15,0.006765297582798113,-6.6667888811160266e-15,-1.6410555722238318e-14,2.0513196509445186e-15,1.025659991023072e-15,-6.153958640184289e-15,-2.0513197575854814e-15,-1.0256596822185398e-15,4.102638733416022e-15,8.205278077284804e-15,-4.102639157336162e-15,9.230938257543686e-15,6.1539586427992695e-15,8.205278211001125e-15,4.102638910973166e-15,2.0513194581216225e-15,7.179618667242272e-15,4.102638885085383e-15,-8.205278425076899e-15,7.17961739330278e-15,-2.0513195906982725e-15,5.1282991341559254e-15,-5.128297384614412e-16,2.051319458765532e-15,4.102639188625232e-15,-9.230938180538557e-15,-6.153961236806249e-15,-2.051319568590025e-15,2.051319566788266e-15,-9.230937418842637e-15,4.102639177474128e-15,-3.589809056051145e-15,-3.0769790435642514e-15,-1.0256596727694396e-15,7.179618374422736e-15,7.17961849469365e-15,-6.153958642147896e-15,1.0256596481013757e-15,-4.102639180420471e-15,5.128299002472395e-15,3.076978183687307e-15,-4.1026385086597334e-15,-2.051319455153354e-15,9.23093809888695e-15
0.0,0.0,0.0,0.0,0.0,0.0,0.0,0.0,0.0,0.0,0.0,0.0,0.0,0.0,0.0,0.0,0.0,0.0,0.0,0.0,0.0,0.0,0.0,0.0,0.0,0.0,0.0,0.0,0.0,0.0,0.0,0.0,0.0,0.0,0.0,0.0,0.0,0.0,0.0,0.0,0.0,0.0,0.0,0.0,0.0,0.0,0.0,0.0,0.0,0.0,0.0,0.0,0.0,0.0,0.0,0.0,0.0,0.0,0.0,0.0,0.0,0.0,0.0,0.0,0.0,0.0,0.0,0.0,0.0,0.0,0.0,0.0,0.0,0.0,0.0,0.0,0.0,0.0,0.0,0.0,0.0,0.0,0.0,0.0,0.0,0.0,0.0,0.0,0.0,0.0,0.0,0.0,0.0,0.0,0.0,0.0,0.0,0.0,0.0,0.0,0.0,0.0,0.0,0.0,0.0,0.0,0.0,0.0,0.0,0.0,0.0,0.0,0.0,0.0,0.0,0.0,0.0,0.0,0.0,0.0,0.0,0.0,0.0,0.0,0.0,0.013530594961430937,-2.0513192756701946e-15,-1.025659652625949e-15,1.0256601642960887e-15,2.051319810791529e-15,-1.0256597804588483e-14,-7.179618793841391e-15,2.0513197953035675e-15,-3.0769794855841537e-15,2.0513193115183897e-15,-5.1282994001677444e-15,-7.179618991555793e-15,9.230939355377357e-15,5.128299405323904e-15,7.17961864620407e-15,6.153958303746187e-15,3.0769802221198465e-15,-3.076979404838136e-15,1.025659921881013e-15,5.128299300105184e-15,-5.12829935181858e-15,-2.051319676965381e-15,-9.230936108323604e-15,-3.0769793557632757e-15,-2.0513195437828934e-15,-3.943152787604236e-24,1.025659678682155e-15,4.1026394593186664e-15,2.0513198546454334e-15,8.660426257238248e-12,6.153959014758427e-15,-2.0513198102301316e-15,4.334307754995269e-12,2.0513201589554495e-15,5.128299471932202e-15,2.0513198559551003e-15,-2.0513196499463453e-15,-3.076979763208565e-15,-3.076979363393078e-15,2.051664535388262e-15,-2.051319323120338e-15,5.6411289015727406e-15,-5.128299533994948e-15,8.660672662603983e-12,-8.205278687884133e-15,-8.205278689521354e-15,4.102639567409079e-15,6.153958501634921e-15,-4.102639343605417e-15,1.2307917063175403e-14,-3.076979327289022e-15,1.0256595732608862e-15,-5.128299585390194e-16,3.6436754067415256e-22,-3.0769797481092552e-15,-3.076979739438016e-15,-1.098720049113099e-21,-2.0513198330804454e-15,5.1282991392100855e-15,-3.0769795226800222e-15,6.153959196947637e-15,6.66678890237117e-15,-1.0256599852249243e-15,1.1282257396281591e-14,1.9189591156076112e-22,1.0256598451663541e-14,2.0513198553129013e-15,6.153958829297725e-15,6.1539591949862064e-15,3.0769793678296144e-15,-2.051319285598356e-15,-2.051319485680023e-15,2.051319850058216e-15,-3.7290133274564817e-22
0.0,0.0,0.0,0.0,0.0,0.0,0.0,0.0,0.0,0.0,0.0,0.0,0.0,0.0,0.0,0.0,0.0,0.0,0.0,0.0,0.0,0.0,0.0,0.0,0.0,0.0,0.0,0.0,0.0,0.0,0.0,0.0,0.0,0.0,0.0,0.0,0.0,0.0,0.0,0.0,0.0,0.0,0.0,0.0,0.0,0.0,0.0,0.0,0.0,0.0,0.0,0.0,0.0,0.0,0.0,0.0,0.0,0.0,0.0,0.0,0.0,0.0,0.0,0.0,0.0,0.0,0.0,0.0,0.0,0.0,0.0,0.0,0.0,0.0,0.0,0.0,0.0,0.0,0.0,0.0,0.0,0.0,0.0,0.0,0.0,0.0,0.0,0.0,0.0,0.0,0.0,0.0,0.0,0.0,0.0,0.0,0.0,0.0,0.0,0.0,0.0,0.0,0.0,0.0,0.0,0.0,0.0,0.0,0.0,0.0,0.0,0.0,0.0,0.0,0.0,0.0,0.0,0.0,0.0,0.0,0.0,0.0,0.0,0.0,0.0,0.0,0.013530594687441323,1.1282258329768835e-14,1.0256602601779642e-15,9.2309387712243e-15,-1.0256604428047803e-15,2.0513195071195072e-15,2.638397917679622e-24,1.0256598678832142e-15,6.1539589877888565e-15,-7.179619338379605e-15,-6.153960809900831e-15,4.102643144006046e-15,1.0256598404310484e-15,-4.102639592815283e-15,4.102639317225744e-15,3.0769803272696058e-15,-2.051319731319547e-15,-1.1282258394284857e-14,8.205278823519872e-15,8.205278406448327e-15,-9.230938275515555e-15,1.0256597327550704e-14,-1.1282258443168609e-14,-8.205278899186303e-15,5.1282989156657516e-15,-5.128298904821881e-15,-2.0513192081089538e-15,1.0256594230083154e-15,-2.0513180494291707e-15,-8.205279008941917e-15,6.153959122063991e-15,-2.0513188359907862e-15,8.66374842033987e-12,1.1282258424689743e-14,-2.051319734610314e-15,-7.179619441252452e-15,-2.0513196881615577e-15,-2.05131987399165e-15,1.0256571981954327e-15,-4.1026394479551905e-15,-5.128299780098312e-16,1.5384851354500583e-14,3.0769797709548923e-15,2.051319737224051e-15,6.153959163592242e-15,2.051319272978734e-15,-1.0255428426110704e-15,-2.0513196377756383e-15,-7.179618421175228e-15,2.051319161808242e-15,1.0256598772687354e-15,-9.743768639142774e-15,2.6198010125821018e-24,-3.0769800347390465e-15,-4.102639425384831e-15,2.0513197113607543e-15,-3.076979951420245e-15,-4.102639200024828e-15,-2.0513199339863224e-15,3.925394541547693e-23,4.615469355605064e-15,5.128299083651478e-15,5.128299190953869e-15,4.102639410537503e-15,-7.179619081890377e-15,-1.3195411463519028e-24,1.0256596094103898e-15,-2.0513197332845534e-15,3.0769796261390243e-15,-6.1539599390536205e-15,-4.1026390698824425e-15,2.0513197372396e-15,7.179619015573083e-15
0.0,0.0,0.0,0.0,0.0,0.0,0.0,0.0,0.0,0.0,0.0,0.0,0.0,0.0,0.0,0.0,0.0,0.0,0.0,0.0,0.0,0.0,0.0,0.0,0.0,0.0,0.0,0.0,0.0,0.0,0.0,0.0,0.0,0.0,0.0,0.0,0.0,0.0,0.0,0.0,0.0,0.0,0.0,0.0,0.0,0.0,0.0,0.0,0.0,0.0,0.0,0.0,0.0,0.0,0.0,0.0,0.0,0.0,0.0,0.0,0.0,0.0,0.0,0.0,0.0,0.0,0.0,0.0,0.0,0.0,0.0,0.0,0.0,0.0,0.0,0.0,0.0,0.0,0.0,0.0,0.0,0.0,0.0,0.0,0.0,0.0,0.0,0.0,0.0,0.0,0.0,0.0,0.0,0.0,0.0,0.0,0.0,0.0,0.0,0.0,0.0,0.0,0.0,0.0,0.0,0.0,0.0,0.0,0.0,0.0,0.0,0.0,0.0,0.0,0.0,0.0,0.0,0.0,0.0,0.0,0.0,0.0,0.0,0.0,0.0,0.0,0.0,0.013530594620743661,-2.051320080383766e-15,1.389846529403702e-22,8.205652244073648e-15,-5.128298831178406e-15,1.0256596729253542e-15,-7.17961900878342e-15,-5.128299837212349e-15,6.153959139686645e-15,-7.179620196900994e-15,-1.0256571831862397e-15,-4.102639355236804e-15,-5.128299019865962e-15,-1.0256603312551035e-15,-1.7453193475861821e-22,-9.230938483613359e-15,1.0256598392712795e-15,1.0256599250586425e-15,5.12829929831825e-15,5.1282998454797e-15,-1.7649117047741671e-22,4.10263696552399e-15,-7.179619218638134e-15,-1.1282258158861816e-14,1.1282258551694245e-14,2.051319649309147e-15,3.0769798960788744e-15,-7.179618359485895e-15,3.0769796493409835e-15,5.641129427694066e-15,-4.615469116937534e-15,-4.1026391159201385e-15,1.0256598449175286e-14,1.3220293105267745e-24,-3.0769799204771135e-15,3.076978783806258e-15,-3.076979260875155e-15,5.128299149434599e-15,-3.4298310704030927e-22,-3.076979743196137e-15,-4.102639112622448e-15,7.179618503808478e-15,6.221016839441019e-28,6.153958993231004e-15,-2.0513196820409595e-15,5.128299218790373e-15,4.102639273713621e-15,-3.0769792995816547e-15,7.17961903720193e-15,2.0513197506785016e-15,5.128294982142356e-15,4.102639445588463e-15,2.0513200141963286e-15,5.1282990791079445e-15,4.102639273045376e-15,1.0256598554419572e-15,-1.025660036391225e-15,-7.916151408507309e-22,2.0513198992988943e-15,9.230938323374501e-15,-3.0769792846213045e-15,9.743768267710582e-15,1.5855013200188734e-22,-5.1282994221571924e-15,2.0516936846006022e-15,-4.1026392710796075e-15,-8.205278898423673e-15,3.0769796259785826e-15,-9.230937358355798e-15,-2.0513197208346046e-15,2.051319901264678e-15,-8.205278714054474e-15
0.0,0.0,0.0,0.0,0.0,0.0,0.0,0.0,0.0,0.0,0.0,0.0,0.0,0.0,0.0,0.0,0.0,0.0,0.0,0.0,0.0,0.0,0.0,0.0,0.0,0.0,0.0,0.0,0.0,0.0,0.0,0.0,0.0,0.0,0.0,0.0,0.0,0.0,0.0,0.0,0.0,0.0,0.0,0.0,0.0,0.0,0.0,0.0,0.0,0.0,0.0,0.0,0.0,0.0,0.0,0.0,0.0,0.0,0.0,0.0,0.0,0.0,0.0,0.0,0.0,0.0,0.0,0.0,0.0,0.0,0.0,0.0,0.0,0.0,0.0,0.0,0.0,0.0,0.0,0.0,0.0,0.0,0.0,0.0,0.0,0.0,0.0,0.0,0.0,0.0,0.0,0.0,0.0,0.0,0.0,0.0,0.0,0.0,0.0,0.0,0.0,0.0,0.0,0.0,0.0,0.0,0.0,0.0,0.0,0.0,0.0,0.0,0.0,0.0,0.0,0.0,0.0,0.0,0.0,0.0,0.0,0.0,0.0,0.0,0.0,0.0,0.0,0.0,0.013530594266608442,-2.9653091797371727e-22,-5.12829958943028e-15,-1.3639191983226197e-22,-4.102639556266631e-15,4.102639393463368e-15,4.102639570242178e-15,5.1282994134594945e-15,6.153960841131789e-15,6.1539557962285565e-15,1.0256599182268665e-15,1.3333578554513038e-14,6.15395948343084e-15,8.663676962064197e-12,1.025659961777256e-15,4.102639711834662e-15,-7.179619529618216e-15,4.102639553094573e-15,8.656570172587482e-12,9.230937435940677e-15,-1.0256595195883125e-15,2.0513196169850727e-15,2.0513206566984055e-15,-1.0256598456704328e-15,-1.0256604067601567e-15,-4.1026395523269e-15,7.179619706970804e-15,-3.0769795189500784e-15,-3.601216040713599e-24,-5.128296883506318e-16,-4.102639554291518e-15,-4.102639554291518e-15,0.0,4.102639554291518e-15,0.0,4.102639554291518e-15,4.102639554291518e-15,0.0,-4.102639554291518e-15,4.102639554291518e-15,0.0,8.205279108583035e-15,8.205279108583035e-15,4.102639554291518e-15,0.0,4.102639554291518e-15,4.102639554291518e-15,8.205279108583035e-15,0.0,8.205279108583035e-15,8.205279108583035e-15,-4.102639554291518e-15,0.0,0.0,4.102639554291518e-15,-8.205279108583035e-15,4.102639554291518e-15,-4.102639554291518e-15,4.102639554291518e-15,-4.102639554291518e-15,-4.102639554291518e-15,-8.205279108583035e-15,8.205279108583035e-15,-8.205279108583035e-15,-4.102639554291518e-15,4.102639554291518e-15,0.0,0.0,4.102639554291518e-15,8.205279108583035e-15,4.102639554291518e-15
0.0,0.0,0.0,0.0,0.0,0.0,0.0,0.0,0.0,0.0,0.0,0.0,0.0,0.0,0.0,0.0,0.0,0.0,0.0,0.0,0.0,0.0,0.0,0.0,0.0,0.0,0.0,0.0,0.0,0.0,0.0,0.0,0.0,0.0,0.0,0.0,0.0,0.0,0.0,0.0,0.0,0.0,0.0,0.0,0.0,0.0,0.0,0.0,0.0,0.0,0.0,0.0,0.0,0.0,0.0,0.0,0.0,0.0,0.0,0.0,0.0,0.0,0.0,0.0,0.0,0.0,0.0,0.0,0.0,0.0,0.0,0.0,0.0,0.0,0.0,0.0,0.0,0.0,0.0,0.0,0.0,0.0,0.0,0.0,0.0,0.0,0.0,0.0,0.0,0.0,0.0,0.0,0.0,0.0,0.0,0.0,0.0,0.0,0.0,0.0,0.0,0.0,0.0,0.0,0.0,0.0,0.0,0.0,0.0,0.0,0.0,0.0,0.0,0.0,0.0,0.0,0.0,0.0,0.0,0.0,0.0,0.0,0.0,0.0,0.0,0.0,0.0,0.0,0.0,0.013530594254036419,3.0769796104563705e-15,-1.1282258610857401e-14,5.128299314735822e-15,4.102639284063566e-15,-2.051320132627877e-15,-2.0513194335396694e-15,3.0769790429635926e-15,1.0256604624479483e-15,-2.051320104658149e-15,-2.051320196020221e-15,4.102639397061624e-15,-4.102639704673346e-15,-1.025660028779553e-15,-6.153959558559874e-15,7.179619322707238e-15,1.0256601931054426e-15,1.435923817868696e-14,1.0256591685460472e-15,-7.179619213772309e-15,7.179619234411875e-15,-6.1539594541085805e-15,2.0513200576919626e-15,7.179619055585944e-15,8.665801264897473e-12,6.153959472852231e-15,-1.0256601217781443e-15,-6.666789403607441e-15,-6.1539594810635435e-15,4.1026395581035074e-15,-8.991175482085162e-35,-4.1026395581035074e-15,-4.1026395581035074e-15,0.0,8.991175482085162e-35,8.991175482085162e-35,4.1026395581035074e-15,-8.991175482085162e-35,4.1026395581035074e-15,0.0,-4.1026395581035074e-15,-4.1026395581035074e-15,-4.1026395581035074e-15,8.205279116207015e-15,8.991175482085162e-35,8.205279116207015e-15,1.7982350964170324e-34,0.0,1.2307918674310521e-14,1.2307918674310521e-14,-8.205279116207015e-15,-4.1026395581035074e-15,-8.205279116207015e-15,4.1026395581035074e-15,-1.7982350964170324e-34,-4.1026395581035074e-15,-8.991175482085162e-35,4.1026395581035074e-15,-4.1026395581035074e-15,4.1026395581035074e-15,-4.1026395581035074e-15,4.1026395581035074e-15,4.1026395581035074e-15,-8.991175482085162e-35,-4.1026395581035074e-15,4.1026395581035074e-15,0.0,8.991175482085162e-35,-8.205279116207015e-15,4.1026395581035074e-15
0.0,0.0,0.0,0.0,0.0,0.0,0.0,0.0,0.0,0.0,0.0,0.0,0.0,0.0,0.0,0.0,0.0,0.0,0.0,0.0,0.0,0.0,0.0,0.0,0.0,0.0,0.0,0.0,0.0,0.0,0.0,0.0,0.0,0.0,0.0,0.0,0.0,0.0,0.0,0.0,0.0,0.0,0.0,0.0,0.0,0.0,0.0,0.0,0.0,0.0,0.0,0.0,0.0,0.0,0.0,0.0,0.0,0.0,0.0,0.0,0.0,0.0,0.0,0.0,0.0,0.0,0.0,0.0,0.0,0.0,0.0,0.0,0.0,0.0,0.0,0.0,0.0,0.0,0.0,0.0,0.0,0.0,0.0,0.0,0.0,0.0,0.0,0.0,0.0,0.0,0.0,0.0,0.0,0.0,0.0,0.0,0.0,0.0,0.0,0.0,0.0,0.0,0.0,0.0,0.0,0.0,0.0,0.0,0.0,0.0,0.0,0.0,0.0,0.0,0.0,0.0,0.0,0.0,0.0,0.0,0.0,0.0,0.0,0.0,0.0,0.0,0.0,0.0,0.0,0.0,0.013530594208246337,8.205279209873142e-15,-1.0256597480553303e-15,2.051319782710973e-15,4.102639922361848e-15,-3.076979872316343e-15,-1.0256592118879673e-15,-3.076980161809132e-15,-2.0513195967360206e-15,-6.153959229161381e-15,3.288631904872245e-22,7.179618554088633e-15,5.115874830552711e-22,2.051319785337928e-15,-5.128299809271999e-15,1.59121343453643e-22,1.0256591787634555e-15,-5.12830151046601e-15,8.652467475708623e-12,-3.07697970473351e-15,-8.205279572156675e-15,4.1026399947776295e-15,5.128299578605732e-15,-7.179618765712252e-15,-4.10263692951112e-15,-7.179619231206015e-15,6.666789517344899e-15,-1.0256587564289963e-15,-8.205279143977714e-15,4.102639571986058e-15,4.1026395719885456e-15,4.102639571990101e-15,0.0,8.20527914397678e-15,4.102639571989168e-15,-4.1026395719885456e-15,-1.5549623629264467e-27,6.219849877242119e-28,0.0,4.042902101055128e-27,4.042902101055128e-27,2.4879397381286814e-27,-1.8659547504044695e-27,-4.102639571986058e-15,4.1026395719873016e-15,4.102639571990723e-15,-4.102639571987613e-15,1.2993059524484771e-11,8.205279143975537e-15,-8.205279143974916e-15,4.1026395719885456e-15,1.8659547504044695e-27,4.1026395719882356e-15,-4.102639571990723e-15,-4.102639571985125e-15,-1.5549623629264467e-27,4.1026395719882356e-15,4.102639571986991e-15,4.102639571985125e-15,4.102639571985436e-15,4.1026395719897904e-15,-4.042902101055128e-27,4.102639571986058e-15,2.4879397381286814e-27,-9.329773752022347e-28,4.102639571987613e-15,4.102639571989168e-15,4.1026395719925885e-15,6.219849877242119e-28
0.0,0.0,0.0,0.0,0.0,0.0,0.0,0.0,0.0,0.0,0.0,0.0,0.0,0.0,0.0,0.0,0.0,0.0,0.0,0.0,0.0,0.0,0.0,0.0,0.0,0.0,0.0,0.0,0.0,0.0,0.0,0.0,0.0,0.0,0.0,0.0,0.0,0.0,0.0,0.0,0.0,0.0,0.0,0.0,0.0,0.0,0.0,0.0,0.0,0.0,0.0,0.0,0.0,0.0,0.0,0.0,0.0,0.0,0.0,0.0,0.0,0.0,0.0,0.0,0.0,0.0,0.0,0.0,0.0,0.0,0.0,0.0,0.0,0.0,0.0,0.0,0.0,0.0,0.0,0.0,0.0,0.0,0.0,0.0,0.0,0.0,0.0,0.0,0.0,0.0,0.0,0.0,0.0,0.0,0.0,0.0,0.0,0.0,0.0,0.0,0.0,0.0,0.0,0.0,0.0,0.0,0.0,0.0,0.0,0.0,0.0,0.0,0.0,0.0,0.0,0.0,0.0,0.0,0.0,0.0,0.0,0.0,0.0,0.0,0.0,0.0,0.0,0.0,0.0,0.0,0.0,0.013530593746861965,-3.0769797448622864e-15,-9.23093947638691e-15,3.0769794867616328e-15,4.143384189868587e-22,-1.025661144795719e-15,-3.0769769110597265e-15,7.17961960002094e-15,1.3905184710854116e-22,-3.0769801140230436e-15,6.153959496008097e-15,5.128299654718809e-15,-3.0769797195466355e-15,-6.1539595160448025e-15,8.654501444663864e-12,3.0769793697236102e-15,7.179617504800596e-15,1.0256600611988958e-15,-1.3333578954435998e-14,4.102639709257063e-15,4.102636940121925e-15,-9.230940085730267e-15,5.128299141213266e-15,-1.128225869439486e-14,4.9510462274675835e-23,-6.666789390986916e-15,-5.128297288196612e-16,-8.205279423761467e-15,-2.487939877213014e-27,-5.90885700679914e-27,1.2307919135648885e-14,-8.205279423769862e-15,4.102639711879956e-15,-8.205279423772352e-15,8.20527942377577e-15,-4.1354735554013216e-35,4.102639711888352e-15,-4.102639711884931e-15,-4.102639711888352e-15,-3.420917088231391e-27,-4.102639711888352e-15,4.102639711891774e-15,8.205279423772352e-15,-4.102639711880577e-15,-8.205279423772352e-15,-4.102639711882444e-15,-7.869042708567635e-24,-4.102639711879645e-15,-1.8659547115199023e-27,-4.10263971189084e-15,4.102639711878089e-15,9.329773764373187e-28,-4.102639711882444e-15,8.20527942376893e-15,-4.1354735554013216e-35,9.329773764373187e-28,-8.20527942377577e-15,9.329772937278483e-28,-5.908857089508611e-27,4.102639711885864e-15,3.420917088231391e-27,4.102639711882444e-15,4.1026397118815106e-15,3.4209171709408624e-27,-2.4879398358582787e-27,4.102639711882444e-15,-4.102639711894262e-15,8.205279423773284e-15
0.0,0.0,0.0,0.0,0.0,0.0,0.0,0.0,0.0,0.0,0.0,0.0,0.0,0.0,0.0,0.0,0.0,0.0,0.0,0.0,0.0,0.0,0.0,0.0,0.0,0.0,0.0,0.0,0.0,0.0,0.0,0.0,0.0,0.0,0.0,0.0,0.0,0.0,0.0,0.0,0.0,0.0,0.0,0.0,0.0,0.0,0.0,0.0,0.0,0.0,0.0,0.0,0.0,0.0,0.0,0.0,0.0,0.0,0.0,0.0,0.0,0.0,0.0,0.0,0.0,0.0,0.0,0.0,0.0,0.0,0.0,0.0,0.0,0.0,0.0,0.0,0.0,0.0,0.0,0.0,0.0,0.0,0.0,0.0,0.0,0.0,0.0,0.0,0.0,0.0,0.0,0.0,0.0,0.0,0.0,0.0,0.0,0.0,0.0,0.0,0.0,0.0,0.0,0.0,0.0,0.0,0.0,0.0,0.0,0.0,0.0,0.0,0.0,0.0,0.0,0.0,0.0,0.0,0.0,0.0,0.0,0.0,0.0,0.0,0.0,0.0,0.0,0.0,0.0,0.0,0.0,0.0,0.013530593637873276,-2.051319760374678e-15,6.153958979126336e-15,-4.130432939752773e-22,-1.025660586739205e-15,9.230940272213929e-15,-1.0256601191728099e-15,-4.102639800652397e-15,8.205279341163325e-15,6.1539594694903545e-15,3.0769800718625678e-15,1.4359238564309723e-14,-1.2307919231536516e-14,1.1282258833776481e-14,5.128299388060249e-15,-6.153960604807169e-15,1.0256594165909304e-15,8.656530798585487e-12,-7.17961976177805e-15,-5.128298901274959e-15,-5.127971977683537e-15,-1.0256598826165347e-15,-2.0513206941218486e-15,-5.1282994847751125e-15,0.006765296552912236,-1.0256605290476284e-15,-8.205279489868528e-15,4.102639744930688e-15,1.8659547821693416e-27,-4.102639744925712e-15,4.102639744929755e-15,4.10263974493442e-15,-4.1026397449319315e-15,1.9834277192610488e-34,-4.1026397449328656e-15,6.219850514542339e-28,-4.102639744932554e-15,4.102639744934731e-15,-4.102639744927578e-15,-4.102639744929755e-15,4.102639744929444e-15,-4.102639744928822e-15,4.102639744929133e-15,4.102639744932554e-15,-1.243969925797147e-27,4.102639745914357e-15,4.102639744929133e-15,8.656569861805722e-12,-4.102639744930688e-15,-4.102639744927578e-15,4.102639744931621e-15,8.20527948985951e-15,4.3538947994257035e-27,4.102639744930377e-15,1.2307919234794863e-14,-4.1026397449328656e-15,4.102639744929133e-15,4.102639744930998e-15,8.205279489865419e-15,4.102639744927578e-15,4.102639744931621e-15,8.205279489866973e-15,4.102639744930066e-15,4.1026397449319315e-15,4.102639744934109e-15,4.9758794541943936e-27,4.1026397449331756e-15
0.0,0.0,0.0,0.0,0.0,0.0,0.0,0.0,0.0,0.0,0.0,0.0,0.0,0.0,0.0,0.0,0.0,0.0,0.0,0.0,0.0,0.0,0.0,0.0,0.0,0.0,0.0,0.0,0.0,0.0,0.0,0.0,0.0,0.0,0.0,0.0,0.0,0.0,0.0,0.0,0.0,0.0,0.0,0.0,0.0,0.0,0.0,0.0,0.0,0.0,0.0,0.0,0.0,0.0,0.0,0.0,0.0,0.0,0.0,0.0,0.0,0.0,0.0,0.0,0.0,0.0,0.0,0.0,0.0,0.0,0.0,0.0,0.0,0.0,0.0,0.0,0.0,0.0,0.0,0.0,0.0,0.0,0.0,0.0,0.0,0.0,0.0,0.0,0.0,0.0,0.0,0.0,0.0,0.0,0.0,0.0,0.0,0.0,0.0,0.0,0.0,0.0,0.0,0.0,0.0,0.0,0.0,0.0,0.0,0.0,0.0,0.0,0.0,0.0,0.0,0.0,0.0,0.0,0.0,0.0,0.0,0.0,0.0,0.0,0.0,0.0,0.0,0.0,0.0,0.0,0.0,0.0,0.0,0.013530593538903261,-7.179249420615556e-15,-3.076980048324773e-15,-9.230939932950802e-15,-5.1282987271171334e-15,2.0513199367465696e-15,-1.0256600420536339e-15,8.651442043762427e-12,-2.051320226582807e-15,-5.1282996432744245e-15,8.670923154610571e-12,-4.102639765548085e-15,1.0256597370689021e-15,5.128300009998728e-15,1.025656709862131e-15,7.179619847759778e-15,1.609674956485226e-22,-8.205279246958018e-15,-5.128299525859878e-15,4.1026398186476494e-15,1.0256601460692991e-15,7.179619175093698e-15,-1.0256599916296778e-15,2.0513198404581483e-15,2.5641496959562265e-15,-4.1026397749461255e-15,1.2439698870065745e-27,6.219848730085418e-28,7.152827717140513e-27,4.102639774935552e-15,9.329777539063034e-28,4.102639774932441e-15,4.975880256107271e-27,-4.102639774939905e-15,8.205279549881366e-15,4.1026397749371065e-15,-4.102639774943948e-15,-4.102639774942393e-15,-4.102639774943948e-15,9.329778754507226e-28,1.2307919324825936e-14,-4.102639774947058e-15,8.205279549872968e-15,-2.1769476020227337e-27,4.102639772965103e-15,-9.640766749402156e-27,1.3173641914420362e-24,4.102639774937728e-15,4.66488725366509e-27,4.10263977493804e-15,8.205279549882608e-15,1.2307919324827801e-14,1.8659548495417475e-27,-4.102639774941772e-15,-4.102639774944881e-15,4.332387602337197e-12,3.7319095901117915e-27,-4.102639774940838e-15,8.20527954988292e-15,-4.102639774936484e-15,4.10263977494457e-15,8.205279549880432e-15,1.9445072028570648e-35,1.5549627164414761e-27,-3.4209175911286556e-27,4.10263977494426e-15
0.0,0.0,0.0,0.0,0.0,0.0,0.0,0.0,0.0,0.0,0.0,0.0,0.0,0.0,0.0,0.0,0.0,0.0,0.0,0.0,0.0,0.0,0.0,0.0,0.0,0.0,0.0,0.0,0.0,0.0,0.0,0.0,0.0,0.0,0.0,0.0,0.0,0.0,0.0,0.0,0.0,0.0,0.0,0.0,0.0,0.0,0.0,0.0,0.0,0.0,0.0,0.0,0.0,0.0,0.0,0.0,0.0,0.0,0.0,0.0,0.0,0.0,0.0,0.0,0.0,0.0,0.0,0.0,0.0,0.0,0.0,0.0,0.0,0.0,0.0,0.0,0.0,0.0,0.0,0.0,0.0,0.0,0.0,0.0,0.0,0.0,0.0,0.0,0.0,0.0,0.0,0.0,0.0,0.0,0.0,0.0,0.0,0.0,0.0,0.0,0.0,0.0,0.0,0.0,0.0,0.0,0.0,0.0,0.0,0.0,0.0,0.0,0.0,0.0,0.0,0.0,0.0,0.0,0.0,0.0,0.0,0.0,0.0,0.0,0.0,0.0,0.0,0.0,0.0,0.0,0.0,0.0,0.0,0.0,0.013530593489996183,-8.205279547175816e-15,-1.1282259926751373e-14,-9.230938517550213e-15,1.0256597326872235e-15,9.2309393174199e-15,8.667809146135791e-12,2.0513196047296266e-15,-6.153959312099442e-15,-5.128299604804793e-15,2.0513197200606362e-15,3.0769798498220864e-15,3.0769801992005476e-15,5.128301603892e-15,1.0256600295021084e-15,4.102638964350178e-15,2.051319716118115e-15,2.0513202119319215e-15,3.0769800603220143e-15,2.051320255982924e-15,2.051318897770157e-15,7.179619395289189e-15,-4.102639779266078e-15,-5.128300087823607e-15,7.774924285768983e-27,-4.102639789771611e-15,8.205279579537625e-15,-4.1026397897737886e-15,4.102639789771923e-15,-6.530842284552706e-27,3.4208050929145914e-27,2.6218253948206694e-34,9.330894359095546e-28,4.102639789772544e-15,-4.1026397897647695e-15,4.1026397897635255e-15,1.2307919369305814e-14,-1.243858061995538e-27,4.102639789768191e-15,-4.1026397897632155e-15,4.102639789765391e-15,6.21760795889392e-28,-4.1026397897675684e-15,4.1026397858297815e-15,-4.04290215950284e-27,-3.9346768170903155e-24,3.1098125276078677e-27,-3.1099269862749835e-28,4.102639789768191e-15,-4.102639789764459e-15,8.205279579543533e-15,8.205279579538868e-15,-9.640654828891517e-27,4.102639789770678e-15,1.298485493462354e-11,4.102639789768502e-15,8.205279579529539e-15,-4.102639789764148e-15,-4.102639789774721e-15,4.102639789765391e-15,3.1097009093939782e-27,4.102639789766635e-15,4.102639789764459e-15,8.205279579535448e-15,-2.1770592115188585e-27
0.0,0.0,0.0,0.0,0.0,0.0,0.0,0.0,0.0,0.0,0.0,0.0,0.0,0.0,0.0,0.0,0.0,0.0,0.0,0.0,0.0,0.0,0.0,0.0,0.0,0.0,0.0,0.0,0.0,0.0,0.0,0.0,0.0,0.0,0.0,0.0,0.0,0.0,0.0,0.0,0.0,0.0,0.0,0.0,0.0,0.0,0.0,0.0,0.0,0.0,0.0,0.0,0.0,0.0,0.0,0.0,0.0,0.0,0.0,0.0,0.0,0.0,0.0,0.0,0.0,0.0,0.0,0.0,0.0,0.0,0.0,0.0,0.0,0.0,0.0,0.0,0.0,0.0,0.0,0.0,0.0,0.0,0.0,0.0,0.0,0.0,0.0,0.0,0.0,0.0,0.0,0.0,0.0,0.0,0.0,0.0,0.0,0.0,0.0,0.0,0.0,0.0,0.0,0.0,0.0,0.0,0.0,0.0,0.0,0.0,0.0,0.0,0.0,0.0,0.0,0.0,0.0,0.0,0.0,0.0,0.0,0.0,0.0,0.0,0.0,0.0,0.0,0.0,0.0,0.0,0.0,0.0,0.0,0.0,0.0,0.013530593478715453,-1.1282262039929526e-14,-1.0252162444004878e-15,1.0256599881199954e-15,1.0256601262869906e-15,-8.205279932394564e-15,-7.179619189141675e-15,6.15395950226075e-15,1.0256596574618953e-15,-1.1282258936602987e-14,4.0845359197080336e-22,3.533788421842179e-22,1.0256596069301534e-15,-3.0769800050874036e-15,-2.051320105082882e-15,1.1282259201033113e-14,-4.102641071056242e-15,1.025659971024643e-15,-3.076979667281595e-15,-5.128299221820879e-15,4.102639952833506e-15,8.205279790921678e-15,-6.6667891811993665e-15,-8.20527958638102e-15,8.65656996363132e-12,4.102639793195487e-15,-3.7319103643129414e-27,-4.102639793186778e-15,-4.1026397931898884e-15,8.205279586380711e-15,-1.230791937957091e-14,-4.102639793189577e-15,-4.102639793186778e-15,-1.5549625115280195e-27,-2.1769468813491267e-27,2.7989329815537784e-27,-3.1099248579231856e-27,-4.102639793186468e-15,1.2307919379568421e-14,-4.102639793188023e-15,-4.10263979319051e-15,-3.420917501935304e-27,-8.205279583423481e-15,8.20527958638102e-15,8.205279586378844e-15,-4.102639793188955e-15,-1.2439699655156688e-27,-4.102639793186778e-15,4.102639793191754e-15,4.1026397931948646e-15,8.20527958638693e-15,1.298895758524017e-11,3.4209176820963874e-27,4.102639802052864e-15,-8.20527958637449e-15,-4.102639793187711e-15,4.10263979319331e-15,-4.1026397931911325e-15,1.2439706012041467e-27,-4.102639793187711e-15,3.420917752806394e-27,1.2307919379572463e-14,1.5549633712422343e-27,4.102639793190199e-15
0.0,0.0,0.0,0.0,0.0,0.0,0.0,0.0,0.0,0.0,0.0,0.0,0.0,0.0,0.0,0.0,0.0,0.0,0.0,0.0,0.0,0.0,0.0,0.0,0.0,0.0,0.0,0.0,0.0,0.0,0.0,0.0,0.0,0.0,0.0,0.0,0.0,0.0,0.0,0.0,0.0,0.0,0.0,0.0,0.0,0.0,0.0,0.0,0.0,0.0,0.0,0.0,0.0,0.0,0.0,0.0,0.0,0.0,0.0,0.0,0.0,0.0,0.0,0.0,0.0,0.0,0.0,0.0,0.0,0.0,0.0,0.0,0.0,0.0,0.0,0.0,0.0,0.0,0.0,0.0,0.0,0.0,0.0,0.0,0.0,0.0,0.0,0.0,0.0,0.0,0.0,0.0,0.0,0.0,0.0,0.0,0.0,0.0,0.0,0.0,0.0,0.0,0.0,0.0,0.0,0.0,0.0,0.0,0.0,0.0,0.0,0.0,0.0,0.0,0.0,0.0,0.0,0.0,0.0,0.0,0.0,0.0,0.0,0.0,0.0,0.0,0.0,0.0,0.0,0.0,0.0,0.0,0.0,0.0,0.0,0.0,0.013530593476673864,8.663150615192676e-12,-1.0256585529724021e-15,-9.230939045852719e-15,-7.179621787394971e-15,2.051319604134555e-15,-4.102639811497333e-15,-1.0256587298936598e-15,-6.153960469916864e-15,1.0256596115329601e-15,4.102640805760076e-15,-4.102640262477945e-15,9.487856816882724e-22,1.0256601312896073e-15,3.0769801371646565e-15,7.179619933342627e-15,-5.128298362563967e-15,7.878749462161731e-29,-1.0256582962269632e-15,-1.0256603900035218e-15,-9.116397209318049e-22,-1.5384894724220755e-15,-8.205279587629042e-15,-8.205279580401264e-15,4.1026397938207405e-15,-3.4209177285736504e-27,-4.102639793806746e-15,-4.042903682480534e-27,8.20527958762562e-15,-8.205279587629351e-15,-4.6648885997200416e-27,3.1099251531363164e-27,-1.243970652548055e-27,4.102639793807057e-15,4.3538946006284866e-27,-4.102639793813587e-15,-4.102639793810478e-15,-4.1026397937958614e-15,-4.102639793815454e-15,4.1026397938076785e-15,-4.0429029814541776e-27,9.780707041293605e-25,9.329788942707063e-28,6.661463732853898e-25,-4.102639793809234e-15,1.865954673857877e-27,-4.102639793808612e-15,8.205279587627797e-15,4.1026397938272715e-15,1.5860620660347274e-26,-4.10263978298296e-15,8.205279587621266e-15,4.102639807597087e-15,-4.102639793807368e-15,-4.102639793812032e-15,8.707792296108494e-27,4.102639793802392e-15,6.219850789719902e-27,4.102639793810789e-15,-8.205279587614425e-15,4.1026397938219845e-15,4.975878891638179e-27,-4.10263979380488e-15
0.0,0.0,0.0,0.0,0.0,0.0,0.0,0.0,0.0,0.0,0.0,0.0,0.0,0.0,0.0,0.0,0.0,0.0,0.0,0.0,0.0,0.0,0.0,0.0,0.0,0.0,0.0,0.0,0.0,0.0,0.0,0.0,0.0,0.0,0.0,0.0,0.0,0.0,0.0,0.0,0.0,0.0,0.0,0.0,0.0,0.0,0.0,0.0,0.0,0.0,0.0,0.0,0.0,0.0,0.0,0.0,0.0,0.0,0.0,0.0,0.0,0.0,0.0,0.0,0.0,0.0,0.0,0.0,0.0,0.0,0.0,0.0,0.0,0.0,0.0,0.0,0.0,0.0,0.0,0.0,0.0,0.0,0.0,0.0,0.0,0.0,0.0,0.0,0.0,0.0,0.0,0.0,0.0,0.0,0.0,0.0,0.0,0.0,0.0,0.0,0.0,0.0,0.0,0.0,0.0,0.0,0.0,0.0,0.0,0.0,0.0,0.0,0.0,0.0,0.0,0.0,0.0,0.0,0.0,0.0,0.0,0.0,0.0,0.0,0.0,0.0,0.0,0.0,0.0,0.0,0.0,0.0,0.0,0.0,0.0,0.0,0.0,0.013530593462183212,3.076976842527577e-15,7.179618802166856e-15,-5.128295043194664e-15,-1.0256599213889719e-14,-4.102639814578996e-15,3.0769771925785357e-15,1.954891034199971e-21,-9.230938389500099e-15,-4.10264147181954e-15,-2.051319138595941e-15,2.051318284036008e-15,7.17961863940412e-15,-3.0769806476471676e-15,7.179618605458637e-15,1.0256570587702429e-15,2.0513201673878523e-15,-1.0256612912752175e-15,-3.0769789044838084e-15,-1.025659749010207e-14,-7.69244938651189e-15,5.254788595455238e-24,8.656569974214184e-12,-4.102639800822595e-15,2.1769468719800425e-27,2.6261503281580077e-24,-4.102639798205152e-15,4.1026397929516075e-15,-8.205279591152717e-15,4.1026397982057745e-15,8.205279596410304e-15,6.219861299483813e-28,8.205279593773268e-15,4.102639798209195e-15,2.625528210432228e-24,2.626772310508669e-24,-8.205279593774513e-15,2.622418418738593e-24,-2.6314369272550073e-24,-4.664886580349007e-27,8.205279599356958e-15,-4.102639798208884e-15,4.10263979229847e-15,2.6311262084005697e-24,-4.102639798198621e-15,2.6267723125741424e-24,8.205279591149295e-15,4.1026397955861544e-15,-8.205279596400664e-15,4.336490266704145e-12,4.102639792954717e-15,-4.102639790329086e-15,4.102639800834101e-15,4.102639800825704e-15,8.205279596407194e-15,4.102639795572471e-15,-8.205279596407816e-15,-2.627083036596553e-24,4.102639803457453e-15,4.102639795577135e-15,4.102639798205463e-15,-4.102639795577447e-15
0.0,0.0,0.0,0.0,0.0,0.0,0.0,0.0,0.0,0.0,0.0,0.0,0.0,0.0,0.0,0.0,0.0,0.0,0.0,0.0,0.0,0.0,0.0,0.0,0.0,0.0,0.0,0.0,0.0,0.0,0.0,0.0,0.0,0.0,0.0,0.0,0.0,0.0,0.0,0.0,0.0,0.0,0.0,0.0,0.0,0.0,0.0,0.0,0.0,0.0,0.0,0.0,0.0,0.0,0.0,0.0,0.0,0.0,0.0,0.0,0.0,0.0,0.0,0.0,0.0,0.0,0.0,0.0,0.0,0.0,0.0,0.0,0.0,0.0,0.0,0.0,0.0,0.0,0.0,0.0,0.0,0.0,0.0,0.0,0.0,0.0,0.0,0.0,0.0,0.0,0.0,0.0,0.0,0.0,0.0,0.0,0.0,0.0,0.0,0.0,0.0,0.0,0.0,0.0,0.0,0.0,0.0,0.0,0.0,0.0,0.0,0.0,0.0,0.0,0.0,0.0,0.0,0.0,0.0,0.0,0.0,0.0,0.0,0.0,0.0,0.0,0.0,0.0,0.0,0.0,0.0,0.0,0.0,0.0,0.0,0.0,0.0,0.0,0.013530593457656628,-7.179619625164822e-15,-3.076980222039846e-15,-7.179619360441511e-15,3.0769797373736397e-15,-8.205279480860445e-15,4.102639688115754e-15,-9.230939485845251e-15,4.102639893875969e-15,-4.102639799600836e-15,2.1518822576914208e-23,3.0769794680540023e-15,2.0513200600914794e-15,-1.0256602723032152e-15,-1.0256604682719186e-15,-1.6808331813135243e-22,-1.025658868049724e-15,-2.0513198054758208e-15,-1.025659957236376e-14,4.615470497518985e-15,4.042903645058897e-27,-2.6238419737032333e-24,3.1099115281313874e-28,4.1026397995686485e-15,3.731910635534873e-27,3.109915011826372e-28,4.102639799578288e-15,-2.1769482962405248e-27,0.006765296590410383,4.102639799570514e-15,-4.1026397995739354e-15,1.4915169646210233e-33,-2.798931560125558e-27,4.102639799576734e-15,-9.3297689363246e-28,-8.205279599157512e-15,4.102639799579844e-15,4.042902162790396e-27,8.205279599152845e-15,4.1026398015446946e-15,4.102639799580777e-15,4.102639800227952e-15,1.2439702390350614e-27,-8.20527959915378e-15,-4.102639799575179e-15,4.102639799575801e-15,-8.20527959916031e-15,4.102639799576734e-15,-8.205279601119562e-15,4.102639799579844e-15,4.1026397979371816e-15,-4.10263979957549e-15,-1.8659535101689483e-27,-1.5549608427928722e-27,4.102639799575179e-15,8.205279599149425e-15,4.102639799575801e-15,-4.102639799576423e-15,-3.42091716704392e-27,4.102639799574868e-15,-8.205279599155023e-15
0.0,0.0,0.0,0.0,0.0,0.0,0.0,0.0,0.0,0.0,0.0,0.0,0.0,0.0,0.0,0.0,0.0,0.0,0.0,0.0,0.0,0.0,0.0,0.0,0.0,0.0,0.0,0.0,0.0,0.0,0.0,0.0,0.0,0.0,0.0,0.0,0.0,0.0,0.0,0.0,0.0,0.0,0.0,0.0,0.0,0.0,0.0,0.0,0.0,0.0,0.0,0.0,0.0,0.0,0.0,0.0,0.0,0.0,0.0,0.0,0.0,0.0,0.0,0.0,0.0,0.0,0.0,0.0,0.0,0.0,0.0,0.0,0.0,0.0,0.0,0.0,0.0,0.0,0.0,0.0,0.0,0.0,0.0,0.0,0.0,0.0,0.0,0.0,0.0,0.0,0.0,0.0,0.0,0.0,0.0,0.0,0.0,0.0,0.0,0.0,0.0,0.0,0.0,0.0,0.0,0.0,0.0,0.0,0.0,0.0,0.0,0.0,0.0,0.0,0.0,0.0,0.0,0.0,0.0,0.0,0.0,0.0,0.0,0.0,0.0,0.0,0.0,0.0,0.0,0.0,0.0,0.0,0.0,0.0,0.0,0.0,0.0,0.0,0.0,0.013530593454726325,-1.0256600079974683e-15,3.076979963512583e-15,4.10263985179977e-15,7.179722472476429e-15,-3.0769799473662472e-15,-1.2307919087733436e-14,-6.153959349268464e-15,-9.230936220596963e-15,3.0769798194219616e-15,-1.5444187970479165e-22,-2.051320199657573e-15,-4.1026393079520635e-15,-2.051319801470548e-15,-4.102639843935319e-15,3.076978688978329e-15,-1.743621919694715e-14,-5.1282998913405825e-15,5.64112915303656e-15,1.6410559201849134e-14,4.1026397952187945e-15,4.1026398004643046e-15,8.20527960092892e-15,-3.731909839239075e-27,4.102639800467414e-15,1.8659553063190473e-27,-1.5549624219758225e-27,3.589809739912986e-15,-7.46381925340618e-27,4.102639800463682e-15,-1.2128706861323549e-26,-2.0836497329308198e-26,-6.841834791043714e-27,8.205279600925189e-15,4.10263980045684e-15,-4.1026398004671035e-15,8.664775258579953e-12,4.102639800469281e-15,4.102639806364454e-15,-4.102639800461506e-15,-4.102639797840772e-15,-2.176947634122977e-27,-4.6648881483550194e-27,-7.463819845067127e-27,-4.1026398004487545e-15,4.1026398004487545e-15,5.597864354306317e-27,-3.290922722774297e-24,-4.102639800457463e-15,-4.10263980897959e-15,1.243969395200145e-27,-8.205279600941671e-15,-4.1026398004552855e-15,1.2750692504497847e-26,4.042902664519018e-27,4.102639800471769e-15,-9.640767674580079e-27,-4.102639800468037e-15,-8.205279600941048e-15,-4.102639800471146e-15
0.0,0.0,0.0,0.0,0.0,0.0,0.0,0.0,0.0,0.0,0.0,0.0,0.0,0.0,0.0,0.0,0.0,0.0,0.0,0.0,0.0,0.0,0.0,0.0,0.0,0.0,0.0,0.0,0.0,0.0,0.0,0.0,0.0,0.0,0.0,0.0,0.0,0.0,0.0,0.0,0.0,0.0,0.0,0.0,0.0,0.0,0.0,0.0,0.0,0.0,0.0,0.0,0.0,0.0,0.0,0.0,0.0,0.0,0.0,0.0,0.0,0.0,0.0,0.0,0.0,0.0,0.0,0.0,0.0,0.0,0.0,0.0,0.0,0.0,0.0,0.0,0.0,0.0,0.0,0.0,0.0,0.0,0.0,0.0,0.0,0.0,0.0,0.0,0.0,0.0,0.0,0.0,0.0,0.0,0.0,0.0,0.0,0.0,0.0,0.0,0.0,0.0,0.0,0.0,0.0,0.0,0.0,0.0,0.0,0.0,0.0,0.0,0.0,0.0,0.0,0.0,0.0,0.0,0.0,0.0,0.0,0.0,0.0,0.0,0.0,0.0,0.0,0.0,0.0,0.0,0.0,0.0,0.0,0.0,0.0,0.0,0.0,0.0,0.0,0.0,0.013530593454701178,4.102639798473064e-15,-8.205279293022208e-15,-1.128210968854506e-14,4.102639704203877e-15,-3.0769800101272178e-15,1.025660106746998e-15,5.1282990182022715e-15,-1.0256599770527289e-15,6.153959385565493e-15,-6.15395985137087e-15,1.0256599350502065e-14,-5.128300059106635e-15,1.641055877374636e-14,6.15395707786242e-15,-5.128299956436034e-15,4.1026399670392014e-15,1.025658711396899e-15,-4.1026397978527506e-15,4.10263981162566e-15,4.102639795219914e-15,-4.102639797837214e-15,-5.2604254696903956e-24,-8.20527960095039e-15,-4.102639803084266e-15,8.205279600928931e-15,1.5384900825053876e-15,4.102639792596368e-15,5.895690412383254e-27,-5.5847001566391486e-27,4.1026397952118415e-15,4.102639803094529e-15,8.205279598306966e-15,4.102639795233247e-15,4.1026398004548375e-15,-1.230791940601288e-14,2.62942866987549e-24,8.205279595681256e-15,-8.205279600950079e-15,8.20527959570519e-15,-4.102639803096706e-15,8.205279600945726e-15,8.205279595680635e-15,-8.205279603553099e-15,4.102639787351492e-15,4.102639795217426e-15,4.102639812600636e-15,4.1026398004769185e-15,0.006765296672279336,-4.102639803103846e-15,-2.645898107356788e-24,-2.612972403286857e-24,-8.205279595689342e-15,-5.2573155404139166e-24,-4.102639805720862e-15,-2.6344045526990422e-24,-2.6207208793409492e-24,-4.1026398057282985e-15,-8.205279603573612e-15
0.0,0.0,0.0,0.0,0.0,0.0,0.0,0.0,0.0,0.0,0.0,0.0,0.0,0.0,0.0,0.0,0.0,0.0,0.0,0.0,0.0,0.0,0.0,0.0,0.0,0.0,0.0,0.0,0.0,0.0,0.0,0.0,0.0,0.0,0.0,0.0,0.0,0.0,0.0,0.0,0.0,0.0,0.0,0.0,0.0,0.0,0.0,0.0,0.0,0.0,0.0,0.0,0.0,0.0,0.0,0.0,0.0,0.0,0.0,0.0,0.0,0.0,0.0,0.0,0.0,0.0,0.0,0.0,0.0,0.0,0.0,0.0,0.0,0.0,0.0,0.0,0.0,0.0,0.0,0.0,0.0,0.0,0.0,0.0,0.0,0.0,0.0,0.0,0.0,0.0,0.0,0.0,0.0,0.0,0.0,0.0,0.0,0.0,0.0,0.0,0.0,0.0,0.0,0.0,0.0,0.0,0.0,0.0,0.0,0.0,0.0,0.0,0.0,0.0,0.0,0.0,0.0,0.0,0.0,0.0,0.0,0.0,0.0,0.0,0.0,0.0,0.0,0.0,0.0,0.0,0.0,0.0,0.0,0.0,0.0,0.0,0.0,0.0,0.0,0.0,0.0,0.013530593444238372,-1.5384899129713135e-14,2.0513201183808673e-15,-5.128300443837216e-15,-6.1539592922145144e-15,-2.0507142681987806e-15,-9.23093949712135e-15,-9.230939359479043e-15,-4.531165896527498e-22,-6.153957788249427e-15,-5.128300270798449e-15,-9.230940403617967e-15,6.153959440460996e-15,1.0256613208951362e-15,7.179619819647205e-15,-2.0513198172618433e-15,2.5641506055167484e-15,-4.102639801010294e-15,4.102639817421947e-15,-4.102639803652465e-15,-2.6319075023017734e-24,-4.102639803643756e-15,-2.6387493369263285e-24,-8.205279609901383e-15,-1.4305655773445946e-26,-8.718109797971101e-15,-2.6219557420635962e-24,4.102639803645934e-15,-4.102639808894822e-15,-4.102639808897931e-15,-4.102639806267579e-15,-7.774812892172541e-27,-2.6297305555381482e-24,-4.102639806271622e-15,-7.222445959350468e-24,4.102639803652154e-15,-1.2145767012193766e-23,-5.247643394335233e-24,-1.3002817020104807e-24,6.219855460805608e-28,4.1026398036316284e-15,-2.6359504047822567e-24,5.268790885472312e-24,8.205279604657162e-15,2.6228887198626615e-24,-4.102639796103721e-15,-4.1026398010124714e-15,1.0256599528121639e-14,-4.102639798397668e-15,4.1026397983852285e-15,8.205279612552572e-15,-1.2307919408306204e-14,-2.6356394124588432e-24,3.1099281237878897e-28,4.10263980364158e-15,-4.102639806267579e-15,4.102639798394558e-15,-8.205279609920044e-15
0.0,0.0,0.0,0.0,0.0,0.0,0.0,0.0,0.0,0.0,0.0,0.0,0.0,0.0,0.0,0.0,0.0,0.0,0.0,0.0,0.0,0.0,0.0,0.0,0.0,0.0,0.0,0.0,0.0,0.0,0.0,0.0,0.0,0.0,0.0,0.0,0.0,0.0,0.0,0.0,0.0,0.0,0.0,0.0,0.0,0.0,0.0,0.0,0.0,0.0,0.0,0.0,0.0,0.0,0.0,0.0,0.0,0.0,0.0,0.0,0.0,0.0,0.0,0.0,0.0,0.0,0.0,0.0,0.0,0.0,0.0,0.0,0.0,0.0,0.0,0.0,0.0,0.0,0.0,0.0,0.0,0.0,0.0,0.0,0.0,0.0,0.0,0.0,0.0,0.0,0.0,0.0,0.0,0.0,0.0,0.0,0.0,0.0,0.0,0.0,0.0,0.0,0.0,0.0,0.0,0.0,0.0,0.0,0.0,0.0,0.0,0.0,0.0,0.0,0.0,0.0,0.0,0.0,0.0,0.0,0.0,0.0,0.0,0.0,0.0,0.0,0.0,0.0,0.0,0.0,0.0,0.0,0.0,0.0,0.0,0.0,0.0,0.0,0.0,0.0,0.0,0.0,0.013530593421969824,-7.179619524735838e-15,5.128299803659853e-15,-1.0256600462489257e-15,9.230939151130386e-15,1.2990143227596067e-24,1.0256598805716059e-15,5.1283000041856535e-15,-5.1282998860806465e-15,8.205279599183002e-15,-5.085097852581042e-22,1.0256597903139434e-15,-3.076979477427393e-15,-3.076979792052161e-15,-3.0769797515416166e-15,-1.0769429308481532e-14,-6.841835152346266e-27,8.205279619480866e-15,-4.102639810398027e-15,-4.10263981040829e-15,4.102639810397716e-15,-8.396798201389194e-27,4.102639810388697e-15,2.7989325722728885e-27,6.666789779517975e-15,9.329775325908175e-27,6.53084288987998e-27,-4.1026398103970944e-15,4.102639810399272e-15,-4.102639810400204e-15,-8.205279620789213e-15,-4.10263981040207e-15,4.102639810396161e-15,-2.6269538418150903e-24,4.102639810397406e-15,-4.102639810384344e-15,-8.20527962080103e-15,-1.966094820494412e-24,4.102639810398027e-15,4.10263981040518e-15,-4.102639810387143e-15,3.0429687137954765e-34,1.2307919431206212e-14,-1.5549628498336274e-27,8.205279616193677e-15,4.102639810402381e-15,4.10263963059669e-15,-4.102639810397406e-15,1.2307919431195949e-14,-8.205279620779884e-15,8.664775279556672e-12,-4.975880451599385e-27,9.329774699108469e-28,5.286872425283327e-27,8.20527962078486e-15,4.10263981040518e-15,8.205279620774286e-15
0.0,0.0,0.0,0.0,0.0,0.0,0.0,0.0,0.0,0.0,0.0,0.0,0.0,0.0,0.0,0.0,0.0,0.0,0.0,0.0,0.0,0.0,0.0,0.0,0.0,0.0,0.0,0.0,0.0,0.0,0.0,0.0,0.0,0.0,0.0,0.0,0.0,0.0,0.0,0.0,0.0,0.0,0.0,0.0,0.0,0.0,0.0,0.0,0.0,0.0,0.0,0.0,0.0,0.0,0.0,0.0,0.0,0.0,0.0,0.0,0.0,0.0,0.0,0.0,0.0,0.0,0.0,0.0,0.0,0.0,0.0,0.0,0.0,0.0,0.0,0.0,0.0,0.0,0.0,0.0,0.0,0.0,0.0,0.0,0.0,0.0,0.0,0.0,0.0,0.0,0.0,0.0,0.0,0.0,0.0,0.0,0.0,0.0,0.0,0.0,0.0,0.0,0.0,0.0,0.0,0.0,0.0,0.0,0.0,0.0,0.0,0.0,0.0,0.0,0.0,0.0,0.0,0.0,0.0,0.0,0.0,0.0,0.0,0.0,0.0,0.0,0.0,0.0,0.0,0.0,0.0,0.0,0.0,0.0,0.0,0.0,0.0,0.0,0.0,0.0,0.0,0.0,0.0,0.013530593390988735,-6.153959799281332e-15,7.179619957466515e-15,5.128300074748854e-15,5.128301763340714e-15,3.076980142375306e-15,4.1026393393847446e-15,-6.1539601561322516e-15,-1.0256592290705567e-15,-4.102639747508495e-15,-3.0769796160334486e-15,3.0769794093529387e-15,-1.0256600082861565e-15,2.051320003534503e-15,2.5641497542616508e-15,4.102639822418821e-15,8.205279636954298e-15,1.243892626678315e-27,4.102639819784405e-15,4.102639817159008e-15,-1.36836116610799e-26,-2.6269519141079278e-24,-4.10263981977663e-15,4.102639679343093e-15,8.205279634329212e-15,-4.102639822422553e-15,-4.102639817172069e-15,2.6390806234670144e-24,2.6334827578132683e-24,-8.205279639580006e-15,4.1026398119013725e-15,2.6381476767579086e-24,8.664775299386611e-12,4.102639819792491e-15,4.102639815195091e-15,-4.1026398197996435e-15,-9.178010707826833e-24,-2.629439854339007e-24,4.1026398197959114e-15,4.102639817160252e-15,-4.102639825060078e-15,4.102639811905726e-15,7.152781152953376e-27,4.102639820438421e-15,2.642501571570719e-24,5.641052053481005e-15,4.102639819779118e-15,4.102639822422553e-15,4.102639814524592e-15,-4.102639812570313e-15,-2.631616848616321e-24,-5.26323368140756e-24,-8.085803696854978e-27,1.8659873432901275e-27,-6.218760652725819e-28,-2.6347266509354668e-24
0.0,0.0,0.0,0.0,0.0,0.0,0.0,0.0,0.0,0.0,0.0,0.0,0.0,0.0,0.0,0.0,0.0,0.0,0.0,0.0,0.0,0.0,0.0,0.0,0.0,0.0,0.0,0.0,0.0,0.0,0.0,0.0,0.0,0.0,0.0,0.0,0.0,0.0,0.0,0.0,0.0,0.0,0.0,0.0,0.0,0.0,0.0,0.0,0.0,0.0,0.0,0.0,0.0,0.0,0.0,0.0,0.0,0.0,0.0,0.0,0.0,0.0,0.0,0.0,0.0,0.0,0.0,0.0,0.0,0.0,0.0,0.0,0.0,0.0,0.0,0.0,0.0,0.0,0.0,0.0,0.0,0.0,0.0,0.0,0.0,0.0,0.0,0.0,0.0,0.0,0.0,0.0,0.0,0.0,0.0,0.0,0.0,0.0,0.0,0.0,0.0,0.0,0.0,0.0,0.0,0.0,0.0,0.0,0.0,0.0,0.0,0.0,0.0,0.0,0.0,0.0,0.0,0.0,0.0,0.0,0.0,0.0,0.0,0.0,0.0,0.0,0.0,0.0,0.0,0.0,0.0,0.0,0.0,0.0,0.0,0.0,0.0,0.0,0.0,0.0,0.0,0.0,0.0,0.0,0.013530593369732447,6.153959802312645e-15,-6.153959678358322e-15,1.025661991956788e-15,-5.1282998082396815e-15,4.1026397233087185e-15,-3.076979935441741e-15,2.98363160013779e-22,-3.0769800763255002e-15,-6.15395947699802e-15,-3.0769793293923967e-15,2.1012196001625837e-22,-6.153959981326702e-15,-5.12829775989374e-16,-2.5190393414648543e-26,7.22000075810182e-24,7.46382083209204e-27,-4.102639826221483e-15,-4.102639826241075e-15,4.102639826246052e-15,3.4209168677883546e-27,-1.8348557361718874e-26,-6.153959641667079e-15,-4.102639826233612e-15,4.102639826233301e-15,6.530841245804831e-27,-4.664888872124093e-27,4.102639826228325e-15,4.102639826229258e-15,-4.102639826216196e-15,-1.2439700787858443e-26,4.102639832157087e-15,4.102639826232679e-15,8.205279657390857e-15,1.2307919478716698e-14,7.875574367592719e-24,-6.2198506402804724e-27,-8.20527965246598e-15,4.102639826237966e-15,-4.10263982622677e-15,-4.1026398262183736e-15,-4.102639826230502e-15,-8.205279641631623e-15,4.102639826224594e-15,6.153959803538883e-15,-4.1026398262370325e-15,4.102639826237344e-15,1.0884737702681806e-26,-3.286568997411175e-24,8.20527965248215e-15,-4.1026398262317455e-15,-4.1026398262314355e-15,1.523863198642712e-26,4.1026398262404546e-15,8.20527965247842e-15
0.0,0.0,0.0,0.0,0.0,0.0,0.0,0.0,0.0,0.0,0.0,0.0,0.0,0.0,0.0,0.0,0.0,0.0,0.0,0.0,0.0,0.0,0.0,0.0,0.0,0.0,0.0,0.0,0.0,0.0,0.0,0.0,0.0,0.0,0.0,0.0,0.0,0.0,0.0,0.0,0.0,0.0,0.0,0.0,0.0,0.0,0.0,0.0,0.0,0.0,0.0,0.0,0.0,0.0,0.0,0.0,0.0,0.0,0.0,0.0,0.0,0.0,0.0,0.0,0.0,0.0,0.0,0.0,0.0,0.0,0.0,0.0,0.0,0.0,0.0,0.0,0.0,0.0,0.0,0.0,0.0,0.0,0.0,0.0,0.0,0.0,0.0,0.0,0.0,0.0,0.0,0.0,0.0,0.0,0.0,0.0,0.0,0.0,0.0,0.0,0.0,0.0,0.0,0.0,0.0,0.0,0.0,0.0,0.0,0.0,0.0,0.0,0.0,0.0,0.0,0.0,0.0,0.0,0.0,0.0,0.0,0.0,0.0,0.0,0.0,0.0,0.0,0.0,0.0,0.0,0.0,0.0,0.0,0.0,0.0,0.0,0.0,0.0,0.0,0.0,0.0,0.0,0.0,0.0,0.0,0.01353059333661028,-1.0256596169385975e-15,3.0769804418526533e-15,-5.128299818318288e-15,5.12829948027925e-15,2.051319658268162e-15,4.879288165075142e-22,1.0256593513197037e-15,5.1282996878453465e-15,-1.0256601206960942e-15,-2.0513199142061424e-15,-5.1282994251809e-15,5.128298001463504e-16,8.205279677823377e-15,-8.205279666648494e-15,-4.102639836280387e-15,-7.860320141196918e-24,-4.10263983103613e-15,-4.1026398389098226e-15,-4.102639831027422e-15,4.102639831028666e-15,-3.589809982767166e-15,-4.102639838898627e-15,-4.102639833646906e-15,2.6232166389131002e-24,9.329774696705606e-28,4.102639838905158e-15,4.10263983366059e-15,-5.25296412024424e-24,4.102639838895206e-15,8.520873113520829e-24,2.6325464141029773e-24,-4.102639836278521e-15,2.6076670130126087e-24,-7.212538055855171e-24,2.6272595414231086e-24,4.102639833655304e-15,-8.205279672567614e-15,2.6263265638559393e-24,4.102639831032087e-15,-4.042902154223887e-27,-8.205279669613498e-15,5.2514091575840645e-24,-2.564149833599461e-15,-4.102639836282874e-15,4.102639833637266e-15,-4.102639836276343e-15,-1.968266326119484e-24,4.102639833641309e-15,-8.20527967255362e-15,-4.1026398362782094e-15,-8.205279675188654e-15,2.617929765944795e-24,4.102639831004098e-15
0.0,0.0,0.0,0.0,0.0,0.0,0.0,0.0,0.0,0.0,0.0,0.0,0.0,0.0,0.0,0.0,0.0,0.0,0.0,0.0,0.0,0.0,0.0,0.0,0.0,0.0,0.0,0.0,0.0,0.0,0.0,0.0,0.0,0.0,0.0,0.0,0.0,0.0,0.0,0.0,0.0,0.0,0.0,0.0,0.0,0.0,0.0,0.0,0.0,0.0,0.0,0.0,0.0,0.0,0.0,0.0,0.0,0.0,0.0,0.0,0.0,0.0,0.0,0.0,0.0,0.0,0.0,0.0,0.0,0.0,0.0,0.0,0.0,0.0,0.0,0.0,0.0,0.0,0.0,0.0,0.0,0.0,0.0,0.0,0.0,0.0,0.0,0.0,0.0,0.0,0.0,0.0,0.0,0.0,0.0,0.0,0.0,0.0,0.0,0.0,0.0,0.0,0.0,0.0,0.0,0.0,0.0,0.0,0.0,0.0,0.0,0.0,0.0,0.0,0.0,0.0,0.0,0.0,0.0,0.0,0.0,0.0,0.0,0.0,0.0,0.0,0.0,0.0,0.0,0.0,0.0,0.0,0.0,0.0,0.0,0.0,0.0,0.0,0.0,0.0,0.0,0.0,0.0,0.0,0.0,0.0,0.013530593334901524,9.230939062276258e-15,-1.0256599772292801e-14,-5.128299919545119e-15,-2.051320323604112e-15,-4.10264032539512e-15,1.0256600748715119e-15,1.1282259055668263e-14,2.051319275740504e-15,1.0256599892186581e-15,-6.153959567675859e-15,-1.0256601238072452e-15,-8.205279670956366e-15,-4.1026398315523686e-15,3.1101072055676984e-27,8.660672695474422e-12,-8.085621772249391e-27,4.102639834171237e-15,4.102639834166572e-15,4.10263983679166e-15,-1.0256599594550906e-14,-2.6384604487007866e-24,4.102639836805033e-15,-5.240223599147377e-24,8.205279668345273e-15,-2.612336895551476e-24,3.1099265913454676e-27,4.102639834169993e-15,4.1026398341572425e-15,4.102639832202032e-15,-4.102639836796636e-15,-4.1026398430407424e-15,-4.102639842051165e-15,4.102639836146972e-15,3.731910114896962e-27,4.1026398367991235e-15,-2.629130673384376e-24,-8.205279668349938e-15,4.102639834161596e-15,4.102639839411772e-15,-4.1026398381227074e-15,2.6266429171894927e-24,-5.128300557222533e-16,-4.102639831542728e-15,4.102639831529355e-15,-4.10263983154926e-15,-3.2878122378838057e-24,-2.627886705931916e-24,-1.1817715300297123e-26,4.102639836796947e-15,4.102639834159109e-15,-4.102639842042146e-15,-2.6356611491117333e-24
0.0,0.0,0.0,0.0,0.0,0.0,0.0,0.0,0.0,0.0,0.0,0.0,0.0,0.0,0.0,0.0,0.0,0.0,0.0,0.0,0.0,0.0,0.0,0.0,0.0,0.0,0.0,0.0,0.0,0.0,0.0,0.0,0.0,0.0,0.0,0.0,0.0,0.0,0.0,0.0,0.0,0.0,0.0,0.0,0.0,0.0,0.0,0.0,0.0,0.0,0.0,0.0,0.0,0.0,0.0,0.0,0.0,0.0,0.0,0.0,0.0,0.0,0.0,0.0,0.0,0.0,0.0,0.0,0.0,0.0,0.0,0.0,0.0,0.0,0.0,0.0,0.0,0.0,0.0,0.0,0.0,0.0,0.0,0.0,0.0,0.0,0.0,0.0,0.0,0.0,0.0,0.0,0.0,0.0,0.0,0.0,0.0,0.0,0.0,0.0,0.0,0.0,0.0,0.0,0.0,0.0,0.0,0.0,0.0,0.0,0.0,0.0,0.0,0.0,0.0,0.0,0.0,0.0,0.0,0.0,0.0,0.0,0.0,0.0,0.0,0.0,0.0,0.0,0.0,0.0,0.0,0.0,0.0,0.0,0.0,0.0,0.0,0.0,0.0,0.0,0.0,0.0,0.0,0.0,0.0,0.0,0.0,0.013530593266488667,-1.0256598105325304e-14,4.102637569731784e-15,-8.205279961843928e-15,-1.1282255738012105e-14,6.153959783706273e-15,1.2307916966701403e-14,-7.179619651659227e-15,-3.0769793578582386e-15,-5.128297907848701e-15,3.589810641870053e-15,4.1026398575505056e-15,4.102639858207011e-15,-4.102639857541487e-15,1.2307919566710627e-14,4.1026398575402425e-15,3.420918762362111e-27,-8.205279715081108e-15,-4.102639857554238e-15,2.051319886817466e-15,8.205279715071778e-15,-8.205279715074576e-15,8.652467459551715e-12,1.2993060428828945e-11,8.205279715072401e-15,-4.102639857538999e-15,-8.205279715098525e-15,4.102639857530291e-15,2.631926283890312e-24,-4.102639857528736e-15,-4.102639852617541e-15,4.353897784017379e-27,8.205279719009877e-15,2.4879399474792296e-27,-1.2307919572631303e-14,-4.102639857546774e-15,4.102639857563257e-15,-4.102639857551439e-15,4.102639857536822e-15,-3.2716404486297974e-25,4.1026398575427306e-15,1.5384903284040664e-15,7.774810614121063e-27,-1.4305654397801007e-26,-4.102639857525937e-15,-8.205279715074266e-15,-4.102639857543042e-15,8.205279715090127e-15,5.507055782846786e-34,-4.10263985754864e-15,-1.2439695411490023e-27,-8.20527971509728e-15
0.0,0.0,0.0,0.0,0.0,0.0,0.0,0.0,0.0,0.0,0.0,0.0,0.0,0.0,0.0,0.0,0.0,0.0,0.0,0.0,0.0,0.0,0.0,0.0,0.0,0.0,0.0,0.0,0.0,0.0,0.0,0.0,0.0,0.0,0.0,0.0,0.0,0.0,0.0,0.0,0.0,0.0,0.0,0.0,0.0,0.0,0.0,0.0,0.0,0.0,0.0,0.0,0.0,0.0,0.0,0.0,0.0,0.0,0.0,0.0,0.0,0.0,0.0,0.0,0.0,0.0,0.0,0.0,0.0,0.0,0.0,0.0,0.0,0.0,0.0,0.0,0.0,0.0,0.0,0.0,0.0,0.0,0.0,0.0,0.0,0.0,0.0,0.0,0.0,0.0,0.0,0.0,0.0,0.0,0.0,0.0,0.0,0.0,0.0,0.0,0.0,0.0,0.0,0.0,0.0,0.0,0.0,0.0,0.0,0.0,0.0,0.0,0.0,0.0,0.0,0.0,0.0,0.0,0.0,0.0,0.0,0.0,0.0,0.0,0.0,0.0,0.0,0.0,0.0,0.0,0.0,0.0,0.0,0.0,0.0,0.0,0.0,0.0,0.0,0.0,0.0,0.0,0.0,0.0,0.0,0.0,0.0,0.0,0.013530593224480015,-1.0256603742733898e-15,-5.128299374379263e-15,6.153960176823662e-15,-1.0256602669642709e-15,-3.0769797030878704e-15,-7.179619300330708e-15,-1.945610717025637e-23,-5.1282997044415206e-15,1.538490261997582e-15,-8.205279735312218e-15,-1.9710693796259803e-24,-2.6325516079379275e-24,4.102639874221782e-15,-4.102639870284617e-15,8.205279735308797e-15,4.102639867643358e-15,-8.205279737928286e-15,8.20527972977814e-15,-3.1099258637974432e-27,-4.102639870279019e-15,6.556343582797972e-24,-8.205279730702998e-15,8.085805254613577e-27,8.20527974055866e-15,-4.1026398676620174e-15,-2.612026101642891e-24,4.102639863712412e-15,8.664775406028624e-12,0.006765296935228546,4.102639865043461e-15,-4.102639865679129e-15,-2.6288196972036227e-24,-4.102639870286794e-15,-2.6294416824089685e-24,-4.102639867662639e-15,2.6173129746583847e-24,6.841834606797542e-27,-3.368041365062882e-25,-4.102639872898509e-15,-3.589809883095033e-15,8.205279737915536e-15,4.102639867664816e-15,-4.664886701762089e-27,-3.2946546461703736e-24,-2.4879403729937173e-27,-3.109926615665176e-27,-4.102639872899442e-15,-8.205279743182505e-15,8.20527973792922e-15,-6.530842515925968e-27
0.0,0.0,0.0,0.0,0.0,0.0,0.0,0.0,0.0,0.0,0.0,0.0,0.0,0.0,0.0,0.0,0.0,0.0,0.0,0.0,0.0,0.0,0.0,0.0,0.0,0.0,0.0,0.0,0.0,0.0,0.0,0.0,0.0,0.0,0.0,0.0,0.0,0.0,0.0,0.0,0.0,0.0,0.0,0.0,0.0,0.0,0.0,0.0,0.0,0.0,0.0,0.0,0.0,0.0,0.0,0.0,0.0,0.0,0.0,0.0,0.0,0.0,0.0,0.0,0.0,0.0,0.0,0.0,0.0,0.0,0.0,0.0,0.0,0.0,0.0,0.0,0.0,0.0,0.0,0.0,0.0,0.0,0.0,0.0,0.0,0.0,0.0,0.0,0.0,0.0,0.0,0.0,0.0,0.0,0.0,0.0,0.0,0.0,0.0,0.0,0.0,0.0,0.0,0.0,0.0,0.0,0.0,0.0,0.0,0.0,0.0,0.0,0.0,0.0,0.0,0.0,0.0,0.0,0.0,0.0,0.0,0.0,0.0,0.0,0.0,0.0,0.0,0.0,0.0,0.0,0.0,0.0,0.0,0.0,0.0,0.0,0.0,0.0,0.0,0.0,0.0,0.0,0.0,0.0,0.0,0.0,0.0,0.0,0.0,0.013530593162941432,-1.0256599214856556e-15,-1.0256596785910491e-15,8.657595623641944e-12,5.128299641594743e-15,6.153959011081216e-15,-5.128299756232529e-15,-5.137144255083092e-15,-1.0256605679601645e-15,-4.102639883706771e-15,8.205279771963951e-15,8.205279777879015e-15,5.922218877453586e-24,-4.10263989157267e-15,-4.1026398915484124e-15,2.6207220922424473e-24,4.102639888942929e-15,-1.5384897334425059e-15,4.102639888926757e-15,-4.102639886308523e-15,4.102639883682192e-15,-4.102639890257504e-15,2.6160572069025865e-24,-4.102639891562407e-15,-4.102639886292351e-15,-4.102639891576713e-15,-5.255139390624103e-24,4.102639889583574e-15,5.128302142623814e-16,-2.6291188903646286e-24,8.205274239615545e-15,-4.102639886312877e-15,-4.102639886300126e-15,4.102639886309145e-15,-5.2557498418451085e-24,-1.2307919666809194e-14,1.2307919664187849e-14,8.205279769665428e-15,2.6092153705567506e-24,1.0256601482864645e-15,4.10263988631692e-15,-5.259792743798472e-24,-4.1026398915617844e-15,4.102639883038126e-15,-5.2454870899961576e-24,-2.6250759871177234e-24,-4.102639891558364e-15,4.102639886316609e-15,-4.102639888944173e-15,-4.102639891552144e-15
0.0,0.0,0.0,0.0,0.0,0.0,0.0,0.0,0.0,0.0,0.0,0.0,0.0,0.0,0.0,0.0,0.0,0.0,0.0,0.0,0.0,0.0,0.0,0.0,0.0,0.0,0.0,0.0,0.0,0.0,0.0,0.0,0.0,0.0,0.0,0.0,0.0,0.0,0.0,0.0,0.0,0.0,0.0,0.0,0.0,0.0,0.0,0.0,0.0,0.0,0.0,0.0,0.0,0.0,0.0,0.0,0.0,0.0,0.0,0.0,0.0,0.0,0.0,0.0,0.0,0.0,0.0,0.0,0.0,0.0,0.0,0.0,0.0,0.0,0.0,0.0,0.0,0.0,0.0,0.0,0.0,0.0,0.0,0.0,0.0,0.0,0.0,0.0,0.0,0.0,0.0,0.0,0.0,0.0,0.0,0.0,0.0,0.0,0.0,0.0,0.0,0.0,0.0,0.0,0.0,0.0,0.0,0.0,0.0,0.0,0.0,0.0,0.0,0.0,0.0,0.0,0.0,0.0,0.0,0.0,0.0,0.0,0.0,0.0,0.0,0.0,0.0,0.0,0.0,0.0,0.0,0.0,0.0,0.0,0.0,0.0,0.0,0.0,0.0,0.0,0.0,0.0,0.0,0.0,0.0,0.0,0.0,0.0,0.0,0.0,0.01353059309070468,-5.128300641337796e-15,-3.076980182765512e-15,-4.102639639259871e-15,6.153960118259399e-15,-5.137314478215044e-15,-1.4886541799694988e-22,-6.153959599176222e-15,-9.329760271799243e-28,-5.226850714431034e-24,-8.085805336307582e-27,1.3148766859757285e-24,1.2750694328381543e-26,-4.102639910830127e-15,4.102639910829816e-15,3.7319100128451434e-27,-1.025660036873003e-15,1.9592529542680224e-26,-4.1026399108410125e-15,5.240224379475071e-24,7.869977338423386e-24,-1.8659540978873745e-27,7.152827535246886e-27,-1.3994663984774535e-26,1.2750693895261643e-26,4.102639916105182e-15,-4.1026399075535096e-15,-1.5384900679812884e-15,-4.1026399108410125e-15,4.5865177939549624e-24,-4.102639910833859e-15,-9.018783497443276e-27,1.679359584577553e-26,4.102639910838213e-15,4.975880040527264e-27,4.102639910836969e-15,4.1026399010096054e-15,-4.1026399108400784e-15,3.0769799840835915e-15,1.1817716934842068e-26,-4.102639910822352e-15,-4.102639910831371e-15,-4.1026399075665715e-15,-1.8659557668749527e-27,1.4927640799729323e-26,7.774813086670874e-27,8.20527982166865e-15,-4.1026399108385236e-15,4.1026399108319934e-15
0.0,0.0,0.0,0.0,0.0,0.0,0.0,0.0,0.0,0.0,0.0,0.0,0.0,0.0,0.0,0.0,0.0,0.0,0.0,0.0,0.0,0.0,0.0,0.0,0.0,0.0,0.0,0.0,0.0,0.0,0.0,0.0,0.0,0.0,0.0,0.0,0.0,0.0,0.0,0.0,0.0,0.0,0.0,0.0,0.0,0.0,0.0,0.0,0.0,0.0,0.0,0.0,0.0,0.0,0.0,0.0,0.0,0.0,0.0,0.0,0.0,0.0,0.0,0.0,0.0,0.0,0.0,0.0,0.0,0.0,0.0,0.0,0.0,0.0,0.0,0.0,0.0,0.0,0.0,0.0,0.0,0.0,0.0,0.0,0.0,0.0,0.0,0.0,0.0,0.0,0.0,0.0,0.0,0.0,0.0,0.0,0.0,0.0,0.0,0.0,0.0,0.0,0.0,0.0,0.0,0.0,0.0,0.0,0.0,0.0,0.0,0.0,0.0,0.0,0.0,0.0,0.0,0.0,0.0,0.0,0.0,0.0,0.0,0.0,0.0,0.0,0.0,0.0,0.0,0.0,0.0,0.0,0.0,0.0,0.0,0.0,0.0,0.0,0.0,0.0,0.0,0.0,0.0,0.0,0.0,0.0,0.0,0.0,0.0,0.0,0.0,0.013530592719630643,3.0769800241368e-15,5.128299500857502e-15,-3.07698112964781e-15,-1.0256600476695205e-15,5.128299785909536e-15,-4.615470991844113e-15,1.2439697362172009e-26,1.6410560091450205e-14,-4.353894850465002e-27,-4.102640020715769e-15,7.152824804320042e-27,-4.102640023351742e-15,-8.205280046718413e-15,4.102640023352364e-15,-7.692449893096013e-15,3.109910917091011e-28,-8.205280046709393e-15,7.210981639551102e-24,-4.102640012527028e-15,4.1026400233601396e-15,-4.102640023361383e-15,9.329780675211494e-27,4.102640023349565e-15,-8.205280043410384e-15,-3.9424527415200245e-24,1.0256596692813397e-15,9.018782136795372e-27,-8.205280043419715e-15,3.109912766059842e-28,8.656570449276755e-12,-4.97588037313004e-27,8.205280046718413e-15,-9.640765442819704e-27,-4.102640023342723e-15,1.6410560095047764e-14,-1.306168894924851e-26,-1.02565988907533e-15,-4.10264002335734e-15,-1.36836717395826e-26,4.102640023355474e-15,4.1026400180850835e-15,5.286873535901111e-27,-4.102640023341791e-15,-4.10264002334801e-15,-4.664883733764109e-27,4.102640023345522e-15,4.102640023350498e-15
0.0,0.0,0.0,0.0,0.0,0.0,0.0,0.0,0.0,0.0,0.0,0.0,0.0,0.0,0.0,0.0,0.0,0.0,0.0,0.0,0.0,0.0,0.0,0.0,0.0,0.0,0.0,0.0,0.0,0.0,0.0,0.0,0.0,0.0,0.0,0.0,0.0,0.0,0.0,0.0,0.0,0.0,0.0,0.0,0.0,0.0,0.0,0.0,0.0,0.0,0.0,0.0,0.0,0.0,0.0,0.0,0.0,0.0,0.0,0.0,0.0,0.0,0.0,0.0,0.0,0.0,0.0,0.0,0.0,0.0,0.0,0.0,0.0,0.0,0.0,0.0,0.0,0.0,0.0,0.0,0.0,0.0,0.0,0.0,0.0,0.0,0.0,0.0,0.0,0.0,0.0,0.0,0.0,0.0,0.0,0.0,0.0,0.0,0.0,0.0,0.0,0.0,0.0,0.0,0.0,0.0,0.0,0.0,0.0,0.0,0.0,0.0,0.0,0.0,0.0,0.0,0.0,0.0,0.0,0.0,0.0,0.0,0.0,0.0,0.0,0.0,0.0,0.0,0.0,0.0,0.0,0.0,0.0,0.0,0.0,0.0,0.0,0.0,0.0,0.0,0.0,0.0,0.0,0.0,0.0,0.0,0.0,0.0,0.0,0.0,0.0,0.0,0.013530592663031131,-2.0513207872860225e-15,-6.153958932545895e-15,-3.0769798783406234e-15,7.179699456681109e-15,1.0013749174533047e-21,2.612648547131999e-24,4.102640033953327e-15,8.205280075782847e-15,-8.205280081682997e-15,-8.205280078417886e-15,-8.205280078404825e-15,-4.102640040523042e-15,-4.1026400431356905e-15,5.128302547420463e-16,-2.6278869835803144e-24,4.102640043143155e-15,4.102640033953947e-15,4.102640037229009e-15,8.652467845447347e-12,2.628819867109139e-24,4.102640043146886e-15,-8.20528007841882e-15,-4.102640036581212e-15,-4.102640042476697e-15,-3.5898098665203305e-15,-4.102640040528329e-15,-8.205280082994036e-15,4.102640043131959e-15,4.102640041187322e-15,4.102640037892667e-15,-6.220045907980427e-27,4.102640048404526e-15,4.102640032640314e-15,4.1026400339486606e-15,-7.463723695227879e-27,-1.5384898867213392e-15,-8.205280083659044e-15,-4.1026400405124684e-15,-4.102640037887381e-15,-4.10264004314502e-15,1.0884542111827044e-26,8.205280081026182e-15,4.10264004313849e-15,-2.6226002097846608e-24,2.6238440837525414e-24,-4.102640037892668e-15
0.0,0.0,0.0,0.0,0.0,0.0,0.0,0.0,0.0,0.0,0.0,0.0,0.0,0.0,0.0,0.0,0.0,0.0,0.0,0.0,0.0,0.0,0.0,0.0,0.0,0.0,0.0,0.0,0.0,0.0,0.0,0.0,0.0,0.0,0.0,0.0,0.0,0.0,0.0,0.0,0.0,0.0,0.0,0.0,0.0,0.0,0.0,0.0,0.0,0.0,0.0,0.0,0.0,0.0,0.0,0.0,0.0,0.0,0.0,0.0,0.0,0.0,0.0,0.0,0.0,0.0,0.0,0.0,0.0,0.0,0.0,0.0,0.0,0.0,0.0,0.0,0.0,0.0,0.0,0.0,0.0,0.0,0.0,0.0,0.0,0.0,0.0,0.0,0.0,0.0,0.0,0.0,0.0,0.0,0.0,0.0,0.0,0.0,0.0,0.0,0.0,0.0,0.0,0.0,0.0,0.0,0.0,0.0,0.0,0.0,0.0,0.0,0.0,0.0,0.0,0.0,0.0,0.0,0.0,0.0,0.0,0.0,0.0,0.0,0.0,0.0,0.0,0.0,0.0,0.0,0.0,0.0,0.0,0.0,0.0,0.0,0.0,0.0,0.0,0.0,0.0,0.0,0.0,0.0,0.0,0.0,0.0,0.0,0.0,0.0,0.0,0.0,0.0,0.013530592647819561,-2.05131921010842e-15,1.0256601213132567e-15,-5.12829942109985e-15,-7.179619371028149e-15,-2.619801079451345e-24,-4.1026400444801146e-15,4.102640047759841e-15,4.1026400405298865e-15,-6.219855777936423e-28,-4.102640045110185e-15,-4.102640045102099e-15,-4.1026400477800554e-15,8.405285810776319e-23,4.102640042484164e-15,1.0573745236302413e-26,-5.239911857227815e-24,8.205280081056043e-15,-8.205280086325188e-15,4.102640039870271e-15,3.109922056164196e-28,4.102640039862185e-15,4.6222819608874046e-24,-4.1026400431518645e-15,1.5384899895771795e-15,-7.855049348192337e-24,-4.102640039245177e-15,2.6353507070102166e-24,8.205280092221295e-15,-2.626642917338002e-24,-4.10264004512449e-15,8.205280092872201e-15,4.102640045113605e-15,-8.20528009058983e-15,-4.102640042506244e-15,4.102640321067043e-15,-4.102640042491627e-15,4.102640042493182e-15,4.102640042501268e-15,-4.1026400457685556e-15,2.634106736544847e-24,4.1026400425018904e-15,-4.102640045129466e-15,6.219849464892427e-27,-4.102640039862185e-15,-2.6058064183562076e-24
0.0,0.0,0.0,0.0,0.0,0.0,0.0,0.0,0.0,0.0,0.0,0.0,0.0,0.0,0.0,0.0,0.0,0.0,0.0,0.0,0.0,0.0,0.0,0.0,0.0,0.0,0.0,0.0,0.0,0.0,0.0,0.0,0.0,0.0,0.0,0.0,0.0,0.0,0.0,0.0,0.0,0.0,0.0,0.0,0.0,0.0,0.0,0.0,0.0,0.0,0.0,0.0,0.0,0.0,0.0,0.0,0.0,0.0,0.0,0.0,0.0,0.0,0.0,0.0,0.0,0.0,0.0,0.0,0.0,0.0,0.0,0.0,0.0,0.0,0.0,0.0,0.0,0.0,0.0,0.0,0.0,0.0,0.0,0.0,0.0,0.0,0.0,0.0,0.0,0.0,0.0,0.0,0.0,0.0,0.0,0.0,0.0,0.0,0.0,0.0,0.0,0.0,0.0,0.0,0.0,0.0,0.0,0.0,0.0,0.0,0.0,0.0,0.0,0.0,0.0,0.0,0.0,0.0,0.0,0.0,0.0,0.0,0.0,0.0,0.0,0.0,0.0,0.0,0.0,0.0,0.0,0.0,0.0,0.0,0.0,0.0,0.0,0.0,0.0,0.0,0.0,0.0,0.0,0.0,0.0,0.0,0.0,0.0,0.0,0.0,0.0,0.0,0.0,0.0,0.013530592532889258,-4.102640034415093e-15,1.0256587544106334e-15,0.0067652960675670636,4.102640079963424e-15,-8.205280156010831e-15,-8.205280159954216e-15,-1.2996374374069738e-24,-4.102640079989859e-15,-4.10264007996809e-15,-4.102640079988304e-15,-1.5238630533567718e-26,5.128294585896145e-16,4.10264007996809e-15,-9.018784594574543e-27,4.588694986599646e-24,6.88972881889282e-24,-4.102640076040254e-15,-2.7989303831633883e-27,-9.01878196299526e-27,-4.102640079981773e-15,-3.9533361488437905e-24,4.589938745160239e-24,3.589810008954395e-15,2.176943876522267e-27,-4.102640078667829e-15,3.420916688909754e-27,-8.20528015798812e-15,4.102640079961559e-15,4.102640079981773e-15,8.20528015995515e-15,-2.798932836707853e-27,-4.102640074727865e-15,-4.102640079973065e-15,1.0256613521984624e-15,8.205280159953284e-15,5.9088582283233665e-27,6.2198522287651395e-28,1.9797782712677202e-24,1.5549615130917265e-27,-4.102640079975553e-15,4.102640079974621e-15,-2.487941652394755e-27,-4.102640079965291e-15,8.205280159957947e-15
0.0,0.0,0.0,0.0,0.0,0.0,0.0,0.0,0.0,0.0,0.0,0.0,0.0,0.0,0.0,0.0,0.0,0.0,0.0,0.0,0.0,0.0,0.0,0.0,0.0,0.0,0.0,0.0,0.0,0.0,0.0,0.0,0.0,0.0,0.0,0.0,0.0,0.0,0.0,0.0,0.0,0.0,0.0,0.0,0.0,0.0,0.0,0.0,0.0,0.0,0.0,0.0,0.0,0.0,0.0,0.0,0.0,0.0,0.0,0.0,0.0,0.0,0.0,0.0,0.0,0.0,0.0,0.0,0.0,0.0,0.0,0.0,0.0,0.0,0.0,0.0,0.0,0.0,0.0,0.0,0.0,0.0,0.0,0.0,0.0,0.0,0.0,0.0,0.0,0.0,0.0,0.0,0.0,0.0,0.0,0.0,0.0,0.0,0.0,0.0,0.0,0.0,0.0,0.0,0.0,0.0,0.0,0.0,0.0,0.0,0.0,0.0,0.0,0.0,0.0,0.0,0.0,0.0,0.0,0.0,0.0,0.0,0.0,0.0,0.0,0.0,0.0,0.0,0.0,0.0,0.0,0.0,0.0,0.0,0.0,0.0,0.0,0.0,0.0,0.0,0.0,0.0,0.0,0.0,0.0,0.0,0.0,0.0,0.0,0.0,0.0,0.0,0.0,0.0,0.0,0.009567576076431744,-2.9010042396084588e-15,1.1604015281134392e-14,5.802007821839545e-15,-9.073285232759086e-25,5.802007821820193e-15,-5.8020078227244425e-15,-5.802007821814476e-15,3.074801383576356e-27,-1.160401564362587e-14,-5.802007821810078e-15,-4.351505962711589e-15,-1.1604015643614878e-14,-1.1604015643631594e-14,5.802007824605509e-15,-5.802007817640242e-15,2.7883940627349315e-24,5.80200782182767e-15,5.802007821809198e-15,4.398085393136895e-28,-1.1604015626904303e-14,6.153488930636573e-27,-5.802007798286781e-15,-5.8020078218237164e-15,4.6289974120472305e-24,-5.8020078218158e-15,-5.8020078208979124e-15,-1.1604015643617518e-14,-5.802007821813592e-15,1.1604015643623674e-14,1.763105661343494e-27,-1.1604015647778554e-14,-5.802007821818438e-15,3.626254995382004e-15,-1.740602346543683e-14,-5.802007821824595e-15,5.8020078217955604e-15,2.7989453976247943e-24,5.802007821815355e-15,1.2754482564222093e-26,-1.7592398910219285e-27,5.802007821815363e-15,1.1604015643605199e-14,-3.0748022931392902e-27
0.0,0.0,0.0,0.0,0.0,0.0,0.0,0.0,0.0,0.0,0.0,0.0,0.0,0.0,0.0,0.0,0.0,0.0,0.0,0.0,0.0,0.0,0.0,0.0,0.0,0.0,0.0,0.0,0.0,0.0,0.0,0.0,0.0,0.0,0.0,0.0,0.0,0.0,0.0,0.0,0.0,0.0,0.0,0.0,0.0,0.0,0.0,0.0,0.0,0.0,0.0,0.0,0.0,0.0,0.0,0.0,0.0,0.0,0.0,0.0,0.0,0.0,0.0,0.0,0.0,0.0,0.0,0.0,0.0,0.0,0.0,0.0,0.0,0.0,0.0,0.0,0.0,0.0,0.0,0.0,0.0,0.0,0.0,0.0,0.0,0.0,0.0,0.0,0.0,0.0,0.0,0.0,0.0,0.0,0.0,0.0,0.0,0.0,0.0,0.0,0.0,0.0,0.0,0.0,0.0,0.0,0.0,0.0,0.0,0.0,0.0,0.0,0.0,0.0,0.0,0.0,0.0,0.0,0.0,0.0,0.0,0.0,0.0,0.0,0.0,0.0,0.0,0.0,0.0,0.0,0.0,0.0,0.0,0.0,0.0,0.0,0.0,0.0,0.0,0.0,0.0,0.0,0.0,0.0,0.0,0.0,0.0,0.0,0.0,0.0,0.0,0.0,0.0,0.0,0.0,0.0,0.009567574721910856,4.3515063975725064e-15,-2.2812672265820147e-22,8.70301308075585e-15,-5.8020086432426435e-15,2.9010042131318966e-15,2.9010044356844607e-15,2.901004435698974e-15,-2.901004435692821e-15,-1.1604017286448353e-14,1.0153514915114106e-14,5.802008643246612e-15,-2.901004435700302e-15,2.9010044403279784e-15,2.9010042145093743e-15,-2.9010044421827272e-15,2.901004435713488e-15,-2.901004435724931e-15,-2.9010042075208055e-15,-2.9010042047451625e-15,-5.8020086385714266e-15,-5.076757379681928e-15,8.703013078918319e-15,1.2253842495191938e-11,2.901004207530474e-15,2.9010042028689294e-15,1.4505021722128867e-14,-5.802008415087785e-15,-5.802008643229907e-15,8.703013078916571e-15,2.901004657306401e-15,2.901004207537516e-15,-5.802008618677182e-15,-8.703012850767848e-15,-5.802008415055678e-15,-2.901004207541917e-15,8.703013081711556e-15,2.2815134795871377e-22,-1.450502149398719e-14,2.901004435676544e-15,-2.9010042075520246e-15,-5.80200864322946e-15,2.901004435680063e-15
0.0,0.0,0.0,0.0,0.0,0.0,0.0,0.0,0.0,0.0,0.0,0.0,0.0,0.0,0.0,0.0,0.0,0.0,0.0,0.0,0.0,0.0,0.0,0.0,0.0,0.0,0.0,0.0,0.0,0.0,0.0,0.0,0.0,0.0,0.0,0.0,0.0,0.0,0.0,0.0,0.0,0.0,0.0,0.0,0.0,0.0,0.0,0.0,0.0,0.0,0.0,0.0,0.0,0.0,0.0,0.0,0.0,0.0,0.0,0.0,0.0,0.0,0.0,0.0,0.0,0.0,0.0,0.0,0.0,0.0,0.0,0.0,0.0,0.0,0.0,0.0,0.0,0.0,0.0,0.0,0.0,0.0,0.0,0.0,0.0,0.0,0.0,0.0,0.0,0.0,0.0,0.0,0.0,0.0,0.0,0.0,0.0,0.0,0.0,0.0,0.0,0.0,0.0,0.0,0.0,0.0,0.0,0.0,0.0,0.0,0.0,0.0,0.0,0.0,0.0,0.0,0.0,0.0,0.0,0.0,0.0,0.0,0.0,0.0,0.0,0.0,0.0,0.0,0.0,0.0,0.0,0.0,0.0,0.0,0.0,0.0,0.0,0.0,0.0,0.0,0.0,0.0,0.0,0.0,0.0,0.0,0.0,0.0,0.0,0.0,0.0,0.0,0.0,0.0,0.0,0.0,0.0,0.009567572389307279,2.9010051141529435e-15,5.802009897420935e-15,5.802009887214267e-15,-5.8020100559430025e-15,-8.703015171927315e-15,8.703015001361932e-15,2.9010049436447377e-15,1.7406030173338947e-14,-3.626256330007704e-15,8.703015171963379e-15,5.802010057790644e-15,-6.492914713416777e-24,-9.721559775649399e-24,8.703014998585853e-15,-1.3634105858671962e-26,5.802010057770853e-15,-8.703015171923357e-15,-4.6237219733810004e-24,5.802010053128659e-15,-9.428266496305528e-15,3.518476127983995e-27,1.4505025053582824e-14,-5.80201005777789e-15,-1.6775983332632967e-22,-2.9010049435906407e-15,2.9010051141837308e-15,5.80201022834591e-15,-1.1604020115548301e-14,2.9010049524695223e-15,2.9010049436152694e-15,4.351507510259364e-15,-5.8020098872028316e-15,3.210612116116578e-26,-5.2777164988676e-27,-1.7406030164973762e-14,-1.7152583175489322e-26,-8.703015171944468e-15,-2.9010049436064744e-15,3.43051774283363e-26,2.9010049435928397e-15,1.7058253541546053e-22
0.0,0.0,0.0,0.0,0.0,0.0,0.0,0.0,0.0,0.0,0.0,0.0,0.0,0.0,0.0,0.0,0.0,0.0,0.0,0.0,0.0,0.0,0.0,0.0,0.0,0.0,0.0,0.0,0.0,0.0,0.0,0.0,0.0,0.0,0.0,0.0,0.0,0.0,0.0,0.0,0.0,0.0,0.0,0.0,0.0,0.0,0.0,0.0,0.0,0.0,0.0,0.0,0.0,0.0,0.0,0.0,0.0,0.0,0.0,0.0,0.0,0.0,0.0,0.0,0.0,0.0,0.0,0.0,0.0,0.0,0.0,0.0,0.0,0.0,0.0,0.0,0.0,0.0,0.0,0.0,0.0,0.0,0.0,0.0,0.0,0.0,0.0,0.0,0.0,0.0,0.0,0.0,0.0,0.0,0.0,0.0,0.0,0.0,0.0,0.0,0.0,0.0,0.0,0.0,0.0,0.0,0.0,0.0,0.0,0.0,0.0,0.0,0.0,0.0,0.0,0.0,0.0,0.0,0.0,0.0,0.0,0.0,0.0,0.0,0.0,0.0,0.0,0.0,0.0,0.0,0.0,0.0,0.0,0.0,0.0,0.0,0.0,0.0,0.0,0.0,0.0,0.0,0.0,0.0,0.0,0.0,0.0,0.0,0.0,0.0,0.0,0.0,0.0,0.0,0.0,0.0,0.0,0.0,0.013530592026980932,-4.102640228125423e-15,8.707791772452568e-27,-4.102640228121691e-15,4.1026402333681354e-15,-8.205280466738136e-15,1.9281536311342966e-26,-1.1195734394033835e-26,-1.492764224966311e-26,4.102640233378087e-15,-4.102640233372489e-15,4.102640230753932e-15,4.102640229435324e-15,-1.1817719529746675e-26,8.652468252185197e-12,2.4879405701422014e-27,8.205280466748088e-15,8.205280453622337e-15,-4.102640228130399e-15,-4.102640032249085e-15,4.1026402333886616e-15,4.102640238630129e-15,-3.731911191165038e-27,4.102640233383685e-15,4.102640233388039e-15,3.1099243709514426e-27,4.102640233373733e-15,1.4927643944838005e-26,7.892368931444616e-24,-4.1026402333706235e-15,2.051320100002744e-15,-4.102640233368758e-15,1.9903521720005757e-26,4.1026402333811966e-15,4.1026402333811966e-15,7.463821542915167e-27,8.205280466750576e-15,1.8659550654582933e-27,2.487940433431255e-26,4.102640233385551e-15,4.102640233378709e-15
0.0,0.0,0.0,0.0,0.0,0.0,0.0,0.0,0.0,0.0,0.0,0.0,0.0,0.0,0.0,0.0,0.0,0.0,0.0,0.0,0.0,0.0,0.0,0.0,0.0,0.0,0.0,0.0,0.0,0.0,0.0,0.0,0.0,0.0,0.0,0.0,0.0,0.0,0.0,0.0,0.0,0.0,0.0,0.0,0.0,0.0,0.0,0.0,0.0,0.0,0.0,0.0,0.0,0.0,0.0,0.0,0.0,0.0,0.0,0.0,0.0,0.0,0.0,0.0,0.0,0.0,0.0,0.0,0.0,0.0,0.0,0.0,0.0,0.0,0.0,0.0,0.0,0.0,0.0,0.0,0.0,0.0,0.0,0.0,0.0,0.0,0.0,0.0,0.0,0.0,0.0,0.0,0.0,0.0,0.0,0.0,0.0,0.0,0.0,0.0,0.0,0.0,0.0,0.0,0.0,0.0,0.0,0.0,0.0,0.0,0.0,0.0,0.0,0.0,0.0,0.0,0.0,0.0,0.0,0.0,0.0,0.0,0.0,0.0,0.0,0.0,0.0,0.0,0.0,0.0,0.0,0.0,0.0,0.0,0.0,0.0,0.0,0.0,0.0,0.0,0.0,0.0,0.0,0.0,0.0,0.0,0.0,0.0,0.0,0.0,0.0,0.0,0.0,0.0,0.0,0.0,0.0,0.0,0.0,0.013530593446004114,-6.2198442881114276e-27,4.102639805737804e-15,4.102639805729097e-15,-8.205279600972148e-15,-7.857536948267938e-24,-8.205279593099682e-15,1.3060120983715258e-24,4.102639800470213e-15,1.0573745443850317e-26,-7.866244830057224e-24,4.1026397965597926e-15,-4.102639805741536e-15,-4.102639797847302e-15,-2.6229108821600925e-24,-4.102639800478299e-15,-5.234004137617088e-24,-9.951761027986936e-27,-2.9496086890825013e-24,-2.619178974714278e-24,8.205279587833957e-15,4.102639805731585e-15,-7.876197666747085e-24,2.607983250688532e-24,4.102639795230611e-15,-5.235870028367444e-24,-4.102639803113027e-15,0.006765296144527793,-2.6303747163848717e-24,-2.051319886501675e-15,-8.205279603584485e-15,-8.267075295159256e-33,4.102639795231233e-15,-5.250175724097784e-24,-8.20527960096406e-15,-4.102639800473323e-15,-2.626642810711156e-24,8.20527959571513e-15,8.20527960359257e-15,-4.102639803101832e-15
0.0,0.0,0.0,0.0,0.0,0.0,0.0,0.0,0.0,0.0,0.0,0.0,0.0,0.0,0.0,0.0,0.0,0.0,0.0,0.0,0.0,0.0,0.0,0.0,0.0,0.0,0.0,0.0,0.0,0.0,0.0,0.0,0.0,0.0,0.0,0.0,0.0,0.0,0.0,0.0,0.0,0.0,0.0,0.0,0.0,0.0,0.0,0.0,0.0,0.0,0.0,0.0,0.0,0.0,0.0,0.0,0.0,0.0,0.0,0.0,0.0,0.0,0.0,0.0,0.0,0.0,0.0,0.0,0.0,0.0,0.0,0.0,0.0,0.0,0.0,0.0,0.0,0.0,0.0,0.0,0.0,0.0,0.0,0.0,0.0,0.0,0.0,0.0,0.0,0.0,0.0,0.0,0.0,0.0,0.0,0.0,0.0,0.0,0.0,0.0,0.0,0.0,0.0,0.0,0.0,0.0,0.0,0.0,0.0,0.0,0.0,0.0,0.0,0.0,0.0,0.0,0.0,0.0,0.0,0.0,0.0,0.0,0.0,0.0,0.0,0.0,0.0,0.0,0.0,0.0,0.0,0.0,0.0,0.0,0.0,0.0,0.0,0.0,0.0,0.0,0.0,0.0,0.0,0.0,0.0,0.0,0.0,0.0,0.0,0.0,0.0,0.0,0.0,0.0,0.0,0.0,0.0,0.0,0.0,0.0,0.019135147094595528,-5.802009355534088e-15,2.9010046777797983e-15,8.796192533512283e-28,2.9010046777674838e-15,2.9010046777674838e-15,-2.9010046777650647e-15,3.518476585735871e-27,2.901004677771002e-15,2.901004679618204e-15,2.7804781111042528e-24,-2.9010046814847573e-15,-3.518478662163902e-27,5.802009355532329e-15,7.036959236894017e-27,-2.9010046796226018e-15,-5.802009355542004e-15,5.8020093536917246e-15,5.8020093555472824e-15,2.9010046814812386e-15,2.9010046777771595e-15,-2.901004677778039e-15,1.7592382026902057e-27,-2.901004677763965e-15,-5.8020093555455225e-15,-5.802009355550801e-15,-2.90100467962656e-15,-2.638860179262302e-27,-4.351507008563575e-15,-2.901004677762206e-15,6.157337969188642e-27,2.6388599938836444e-27,1.8656735041005817e-24,2.9010046777648446e-15,-7.036957458186759e-27,8.703014033317405e-15,-1.1604018711094565e-14,2.9010046777648446e-15,-2.9010046777613263e-15
0.0,0.0,0.0,0.0,0.0,0.0,0.0,0.0,0.0,0.0,0.0,0.0,0.0,0.0,0.0,0.0,0.0,0.0,0.0,0.0,0.0,0.0,0.0,0.0,0.0,0.0,0.0,0.0,0.0,0.0,0.0,0.0,0.0,0.0,0.0,0.0,0.0,0.0,0.0,0.0,0.0,0.0,0.0,0.0,0.0,0.0,0.0,0.0,0.0,0.0,0.0,0.0,0.0,0.0,0.0,0.0,0.0,0.0,0.0,0.0,0.0,0.0,0.0,0.0,0.0,0.0,0.0,0.0,0.0,0.0,0.0,0.0,0.0,0.0,0.0,0.0,0.0,0.0,0.0,0.0,0.0,0.0,0.0,0.0,0.0,0.0,0.0,0.0,0.0,0.0,0.0,0.0,0.0,0.0,0.0,0.0,0.0,0.0,0.0,0.0,0.0,0.0,0.0,0.0,0.0,0.0,0.0,0.0,0.0,0.0,0.0,0.0,0.0,0.0,0.0,0.0,0.0,0.0,0.0,0.0,0.0,0.0,0.0,0.0,0.0,0.0,0.0,0.0,0.0,0.0,0.0,0.0,0.0,0.0,0.0,0.0,0.0,0.0,0.0,0.0,0.0,0.0,0.0,0.0,0.0,0.0,0.0,0.0,0.0,0.0,0.0,0.0,0.0,0.0,0.0,0.0,0.0,0.0,0.0,0.0,0.0,0.013530593178120194,-4.102639884338677e-15,-2.6403265785329894e-24,-8.20527977129156e-15,-4.102639886944173e-15,-6.153959777979036e-15,-1.741557618872716e-26,-4.1026398869510155e-15,8.205279760807379e-15,4.1026398672627e-15,5.247688479488032e-24,2.625399442542968e-24,-2.6191790863801373e-24,-2.6241549702530277e-24,4.102639873819667e-15,4.102639884335568e-15,6.1539597252813444e-15,-4.102639881707681e-15,4.1026398817045714e-15,-3.1099246413143713e-27,8.205279768671759e-15,1.865959160896891e-27,-4.1026398790760624e-15,8.205279766050091e-15,-2.6341067350006525e-24,-6.153959649780294e-15,6.841835003968414e-27,-6.153959840245166e-15,2.609227325563606e-24,-2.624776950956139e-24,-4.102639881701461e-15,2.6204230255711422e-24,-4.10263988432686e-15,-5.597866967622077e-27,-2.619179088847231e-24,-2.622910999345695e-24,-8.205279766030187e-15,8.085807877474159e-27
0.0,0.0,0.0,0.0,0.0,0.0,0.0,0.0,0.0,0.0,0.0,0.0,0.0,0.0,0.0,0.0,0.0,0.0,0.0,0.0,0.0,0.0,0.0,0.0,0.0,0.0,0.0,0.0,0.0,0.0,0.0,0.0,0.0,0.0,0.0,0.0,0.0,0.0,0.0,0.0,0.0,0.0,0.0,0.0,0.0,0.0,0.0,0.0,0.0,0.0,0.0,0.0,0.0,0.0,0.0,0.0,0.0,0.0,0.0,0.0,0.0,0.0,0.0,0.0,0.0,0.0,0.0,0.0,0.0,0.0,0.0,0.0,0.0,0.0,0.0,0.0,0.0,0.0,0.0,0.0,0.0,0.0,0.0,0.0,0.0,0.0,0.0,0.0,0.0,0.0,0.0,0.0,0.0,0.0,0.0,0.0,0.0,0.0,0.0,0.0,0.0,0.0,0.0,0.0,0.0,0.0,0.0,0.0,0.0,0.0,0.0,0.0,0.0,0.0,0.0,0.0,0.0,0.0,0.0,0.0,0.0,0.0,0.0,0.0,0.0,0.0,0.0,0.0,0.0,0.0,0.0,0.0,0.0,0.0,0.0,0.0,0.0,0.0,0.0,0.0,0.0,0.0,0.0,0.0,0.0,0.0,0.0,0.0,0.0,0.0,0.0,0.0,0.0,0.0,0.0,0.0,0.0,0.0,0.0,0.0,0.0,0.0,0.01353059371963993,8.205279440282939e-15,-4.1026397201495554e-15,1.0573750393909477e-26,-1.5238633518770505e-26,-1.0573741407603428e-26,-4.102639720136494e-15,-2.6185570268072336e-24,-4.102639724087965e-15,5.252664146559744e-24,4.102639717526022e-15,-4.10263972012592e-15,-2.2391464581038793e-26,-2.6409484356792753e-24,-4.102639717504253e-15,2.0513199579968407e-15,-4.102639720142092e-15,-5.250797474633425e-24,8.656569809493238e-12,-8.20527944027672e-15,-4.102639720151421e-15,-4.102639720143958e-15,-4.102639720125298e-15,-8.205279440282318e-15,6.153959758222142e-15,8.660672449213385e-12,-2.6152979807155398e-24,-1.368366918660081e-26,8.2052794402705e-15,-1.865956578586312e-27,4.1026397174998994e-15,-4.102639720133384e-15,-9.951763131470788e-27,-9.329776064791804e-27,-4.102639720137116e-15,-1.2307919160419435e-14,4.1026397201414696e-15
0.0,0.0,0.0,0.0,0.0,0.0,0.0,0.0,0.0,0.0,0.0,0.0,0.0,0.0,0.0,0.0,0.0,0.0,0.0,0.0,0.0,0.0,0.0,0.0,0.0,0.0,0.0,0.0,0.0,0.0,0.0,0.0,0.0,0.0,0.0,0.0,0.0,0.0,0.0,0.0,0.0,0.0,0.0,0.0,0.0,0.0,0.0,0.0,0.0,0.0,0.0,0.0,0.0,0.0,0.0,0.0,0.0,0.0,0.0,0.0,0.0,0.0,0.0,0.0,0.0,0.0,0.0,0.0,0.0,0.0,0.0,0.0,0.0,0.0,0.0,0.0,0.0,0.0,0.0,0.0,0.0,0.0,0.0,0.0,0.0,0.0,0.0,0.0,0.0,0.0,0.0,0.0,0.0,0.0,0.0,0.0,0.0,0.0,0.0,0.0,0.0,0.0,0.0,0.0,0.0,0.0,0.0,0.0,0.0,0.0,0.0,0.0,0.0,0.0,0.0,0.0,0.0,0.0,0.0,0.0,0.0,0.0,0.0,0.0,0.0,0.0,0.0,0.0,0.0,0.0,0.0,0.0,0.0,0.0,0.0,0.0,0.0,0.0,0.0,0.0,0.0,0.0,0.0,0.0,0.0,0.0,0.0,0.0,0.0,0.0,0.0,0.0,0.0,0.0,0.0,0.0,0.0,0.0,0.0,0.0,0.0,0.0,0.0,0.013530593239122346,8.205279731666756e-15,-1.1195735712822067e-26,-1.3994651098000722e-27,4.102639865840842e-15,-4.10263986584333e-15,-4.102639865832135e-15,-4.102639865823426e-15,-4.102639860596885e-15,-8.20527972644146e-15,4.10263986584333e-15,2.4879434216209402e-27,4.1026398631949174e-15,4.10263986057947e-15,-4.102640066961741e-15,8.668878036515114e-12,8.205279726431509e-15,-5.2476876305557386e-24,-4.1026398631961614e-15,-4.102639865834e-15,-4.102639865819694e-15,4.102639865847684e-15,1.8037569626061168e-26,-4.102640214010345e-15,4.1026398605856905e-15,4.102639832443211e-15,-4.102639865852038e-15,-8.205279731691636e-15,9.329775773039009e-27,-1.8659500223936427e-27,1.2988957815242248e-11,-4.102639865830268e-15,-4.102639865837732e-15,-4.1026398658246704e-15,4.336490338190486e-12,-1.1817714907446429e-26
0.0,0.0,0.0,0.0,0.0,0.0,0.0,0.0,0.0,0.0,0.0,0.0,0.0,0.0,0.0,0.0,0.0,0.0,0.0,0.0,0.0,0.0,0.0,0.0,0.0,0.0,0.0,0.0,0.0,0.0,0.0,0.0,0.0,0.0,0.0,0.0,0.0,0.0,0.0,0.0,0.0,0.0,0.0,0.0,0.0,0.0,0.0,0.0,0.0,0.0,0.0,0.0,0.0,0.0,0.0,0.0,0.0,0.0,0.0,0.0,0.0,0.0,0.0,0.0,0.0,0.0,0.0,0.0,0.0,0.0,0.0,0.0,0.0,0.0,0.0,0.0,0.0,0.0,0.0,0.0,0.0,0.0,0.0,0.0,0.0,0.0,0.0,0.0,0.0,0.0,0.0,0.0,0.0,0.0,0.0,0.0,0.0,0.0,0.0,0.0,0.0,0.0,0.0,0.0,0.0,0.0,0.0,0.0,0.0,0.0,0.0,0.0,0.0,0.0,0.0,0.0,0.0,0.0,0.0,0.0,0.0,0.0,0.0,0.0,0.0,0.0,0.0,0.0,0.0,0.0,0.0,0.0,0.0,0.0,0.0,0.0,0.0,0.0,0.0,0.0,0.0,0.0,0.0,0.0,0.0,0.0,0.0,0.0,0.0,0.0,0.0,0.0,0.0,0.0,0.0,0.0,0.0,0.0,0.0,0.0,0.0,0.0,0.0,0.0,0.013530593305281516,-4.102639845768141e-15,-2.0513198809316475e-15,-8.085802402920729e-27,8.660672714436216e-12,5.252041852624534e-24,4.102639853651179e-15,2.6266431456229704e-24,-4.102639845756944e-15,-4.10263984578058e-15,-4.1026398457749824e-15,-3.3587187130264104e-26,4.102639843142741e-15,-2.0513200234422636e-15,4.1026398405011704e-15,-4.102639840537868e-15,-4.102639843157669e-15,5.254530220375827e-24,4.258343462601017e-33,-4.102639845787421e-15,1.2307919537346094e-14,4.10263984578058e-15,-5.262926758881371e-24,-4.102639843171353e-15,-2.0513199395964917e-15,-4.102639845788666e-15,6.219852584925828e-27,-4.102639845770628e-15,-2.6316187308641666e-24,8.205279683679987e-15,-4.10263984577747e-15,6.84183545028199e-27,4.1026398457644086e-15,-2.6397046119691025e-24,-4.1026398457787145e-15
0.0,0.0,0.0,0.0,0.0,0.0,0.0,0.0,0.0,0.0,0.0,0.0,0.0,0.0,0.0,0.0,0.0,0.0,0.0,0.0,0.0,0.0,0.0,0.0,0.0,0.0,0.0,0.0,0.0,0.0,0.0,0.0,0.0,0.0,0.0,0.0,0.0,0.0,0.0,0.0,0.0,0.0,0.0,0.0,0.0,0.0,0.0,0.0,0.0,0.0,0.0,0.0,0.0,0.0,0.0,0.0,0.0,0.0,0.0,0.0,0.0,0.0,0.0,0.0,0.0,0.0,0.0,0.0,0.0,0.0,0.0,0.0,0.0,0.0,0.0,0.0,0.0,0.0,0.0,0.0,0.0,0.0,0.0,0.0,0.0,0.0,0.0,0.0,0.0,0.0,0.0,0.0,0.0,0.0,0.0,0.0,0.0,0.0,0.0,0.0,0.0,0.0,0.0,0.0,0.0,0.0,0.0,0.0,0.0,0.0,0.0,0.0,0.0,0.0,0.0,0.0,0.0,0.0,0.0,0.0,0.0,0.0,0.0,0.0,0.0,0.0,0.0,0.0,0.0,0.0,0.0,0.0,0.0,0.0,0.0,0.0,0.0,0.0,0.0,0.0,0.0,0.0,0.0,0.0,0.0,0.0,0.0,0.0,0.0,0.0,0.0,0.0,0.0,0.0,0.0,0.0,0.0,0.0,0.0,0.0,0.0,0.0,0.0,0.0,0.0,0.0135305923643636,-4.102640131052657e-15,-4.102640131082667e-15,4.102640133685675e-15,2.640326765318242e-24,4.102640135019833e-15,2.604251862108514e-24,-1.1195731680384319e-26,-8.205280262167823e-15,-4.102640131080179e-15,-4.102640128438609e-15,-4.1026401258306255e-15,8.205280460640321e-15,-4.102640131059032e-15,1.0494753830076174e-23,4.102640131087022e-15,8.205280259518788e-15,-4.102640131072716e-15,5.597865119757005e-27,-4.102640131068984e-15,-8.205280262128015e-15,4.1026397881443475e-15,4.102640131080179e-15,4.102640164472524e-15,-1.2307920393236186e-14,-1.2439700116829493e-26,-4.102640131065252e-15,2.612338195216539e-26,-4.102640131085777e-15,4.102640131080179e-15,4.102640131078314e-15,-4.102640131057788e-15,4.10264013108951e-15,-8.085806293432557e-27
0.0,0.0,0.0,0.0,0.0,0.0,0.0,0.0,0.0,0.0,0.0,0.0,0.0,0.0,0.0,0.0,0.0,0.0,0.0,0.0,0.0,0.0,0.0,0.0,0.0,0.0,0.0,0.0,0.0,0.0,0.0,0.0,0.0,0.0,0.0,0.0,0.0,0.0,0.0,0.0,0.0,0.0,0.0,0.0,0.0,0.0,0.0,0.0,0.0,0.0,0.0,0.0,0.0,0.0,0.0,0.0,0.0,0.0,0.0,0.0,0.0,0.0,0.0,0.0,0.0,0.0,0.0,0.0,0.0,0.0,0.0,0.0,0.0,0.0,0.0,0.0,0.0,0.0,0.0,0.0,0.0,0.0,0.0,0.0,0.0,0.0,0.0,0.0,0.0,0.0,0.0,0.0,0.0,0.0,0.0,0.0,0.0,0.0,0.0,0.0,0.0,0.0,0.0,0.0,0.0,0.0,0.0,0.0,0.0,0.0,0.0,0.0,0.0,0.0,0.0,0.0,0.0,0.0,0.0,0.0,0.0,0.0,0.0,0.0,0.0,0.0,0.0,0.0,0.0,0.0,0.0,0.0,0.0,0.0,0.0,0.0,0.0,0.0,0.0,0.0,0.0,0.0,0.0,0.0,0.0,0.0,0.0,0.0,0.0,0.0,0.0,0.0,0.0,0.0,0.0,0.0,0.0,0.0,0.0,0.0,0.0,0.0,0.0,0.0,0.0,0.0,0.009567574443171481,-2.9010043467927393e-15,8.70301316090172e-15,-5.80200881411052e-15,-2.781577319086382e-24,-2.9010043472332096e-15,-1.7592410232174765e-27,5.8020086935824004e-15,-2.9010043467799854e-15,5.80200880529739e-15,-5.802008700980221e-15,-2.9010046175408985e-15,2.9010044654890504e-15,-2.901004356520453e-15,-1.160401762453719e-14,-5.8020089240031575e-15,-2.901004465505544e-15,2.90100446549015e-15,1.160401750584396e-14,-2.901004346789441e-15,-1.1454505664667975e-22,8.703013277733677e-15,-3.988881098432635e-15,2.9010043467415016e-15,-5.802008812254522e-15,-5.802008812250563e-15,2.901004459424513e-15,1.1604017743254176e-14,-2.901004346772288e-15,8.703013159043082e-15,1.3634101935666167e-26,-2.901004346766351e-15,-5.80200893096359e-15
0.0,0.0,0.0,0.0,0.0,0.0,0.0,0.0,0.0,0.0,0.0,0.0,0.0,0.0,0.0,0.0,0.0,0.0,0.0,0.0,0.0,0.0,0.0,0.0,0.0,0.0,0.0,0.0,0.0,0.0,0.0,0.0,0.0,0.0,0.0,0.0,0.0,0.0,0.0,0.0,0.0,0.0,0.0,0.0,0.0,0.0,0.0,0.0,0.0,0.0,0.0,0.0,0.0,0.0,0.0,0.0,0.0,0.0,0.0,0.0,0.0,0.0,0.0,0.0,0.0,0.0,0.0,0.0,0.0,0.0,0.0,0.0,0.0,0.0,0.0,0.0,0.0,0.0,0.0,0.0,0.0,0.0,0.0,0.0,0.0,0.0,0.0,0.0,0.0,0.0,0.0,0.0,0.0,0.0,0.0,0.0,0.0,0.0,0.0,0.0,0.0,0.0,0.0,0.0,0.0,0.0,0.0,0.0,0.0,0.0,0.0,0.0,0.0,0.0,0.0,0.0,0.0,0.0,0.0,0.0,0.0,0.0,0.0,0.0,0.0,0.0,0.0,0.0,0.0,0.0,0.0,0.0,0.0,0.0,0.0,0.0,0.0,0.0,0.0,0.0,0.0,0.0,0.0,0.0,0.0,0.0,0.0,0.0,0.0,0.0,0.0,0.0,0.0,0.0,0.0,0.0,0.0,0.0,0.0,0.0,0.0,0.0,0.0,0.0,0.0,0.0,0.0,0.01353059167378463,-8.2052806809312e-15,4.102640335220088e-15,-4.102640348360146e-15,4.102640340467155e-15,8.205280678319485e-15,4.102640340469643e-15,-1.243968221055969e-27,-4.102640345735369e-15,-2.4879420567716134e-27,8.20528068092187e-15,-2.6316191180815574e-24,8.65657111838042e-12,-3.7319070471205266e-27,-4.102640340463423e-15,-2.8611311079713157e-26,-7.463821131389049e-27,4.102640340460935e-15,-4.102640340470265e-15,-6.15396033268797e-15,8.205280680931821e-15,-6.1539604966299636e-15,-1.306168211076565e-26,-4.102640340478351e-15,4.102640340460935e-15,-4.1026403404516054e-15,4.102640336541185e-15,4.102640340463423e-15,-8.205280680933066e-15,-1.882843752338559e-33,-4.102640341773324e-15,6.2198511945353335e-27
0.0,0.0,0.0,0.0,0.0,0.0,0.0,0.0,0.0,0.0,0.0,0.0,0.0,0.0,0.0,0.0,0.0,0.0,0.0,0.0,0.0,0.0,0.0,0.0,0.0,0.0,0.0,0.0,0.0,0.0,0.0,0.0,0.0,0.0,0.0,0.0,0.0,0.0,0.0,0.0,0.0,0.0,0.0,0.0,0.0,0.0,0.0,0.0,0.0,0.0,0.0,0.0,0.0,0.0,0.0,0.0,0.0,0.0,0.0,0.0,0.0,0.0,0.0,0.0,0.0,0.0,0.0,0.0,0.0,0.0,0.0,0.0,0.0,0.0,0.0,0.0,0.0,0.0,0.0,0.0,0.0,0.0,0.0,0.0,0.0,0.0,0.0,0.0,0.0,0.0,0.0,0.0,0.0,0.0,0.0,0.0,0.0,0.0,0.0,0.0,0.0,0.0,0.0,0.0,0.0,0.0,0.0,0.0,0.0,0.0,0.0,0.0,0.0,0.0,0.0,0.0,0.0,0.0,0.0,0.0,0.0,0.0,0.0,0.0,0.0,0.0,0.0,0.0,0.0,0.0,0.0,0.0,0.0,0.0,0.0,0.0,0.0,0.0,0.0,0.0,0.0,0.0,0.0,0.0,0.0,0.0,0.0,0.0,0.0,0.0,0.0,0.0,0.0,0.0,0.0,0.0,0.0,0.0,0.0,0.0,0.0,0.0,0.0,0.0,0.0,0.0,0.0,0.0,0.013530592223380473,-4.102640168559765e-15,-4.102640168582777e-15,8.205280345030556e-15,5.253908693593699e-24,2.61295943275022e-24,4.102640176470171e-15,-1.2307920521486423e-14,1.244002578515268e-27,1.025660053380534e-14,4.102640173819271e-15,4.102640186955597e-15,-8.205280342398938e-15,5.233383142722808e-24,-8.707787133127097e-27,2.6235331835203444e-24,-7.880551309150934e-24,8.205280345036156e-15,-8.205280347648803e-15,8.205280352891828e-15,4.102640177755898e-15,8.205280350266427e-15,-4.102640173818027e-15,2.6341069275572455e-24,4.102640173835442e-15,8.205280346332994e-15,4.102640176451512e-15,-8.20528034766653e-15,-4.102640176442181e-15,1.3210963773068093e-24,2.6347289135582728e-24
0.0,0.0,0.0,0.0,0.0,0.0,0.0,0.0,0.0,0.0,0.0,0.0,0.0,0.0,0.0,0.0,0.0,0.0,0.0,0.0,0.0,0.0,0.0,0.0,0.0,0.0,0.0,0.0,0.0,0.0,0.0,0.0,0.0,0.0,0.0,0.0,0.0,0.0,0.0,0.0,0.0,0.0,0.0,0.0,0.0,0.0,0.0,0.0,0.0,0.0,0.0,0.0,0.0,0.0,0.0,0.0,0.0,0.0,0.0,0.0,0.0,0.0,0.0,0.0,0.0,0.0,0.0,0.0,0.0,0.0,0.0,0.0,0.0,0.0,0.0,0.0,0.0,0.0,0.0,0.0,0.0,0.0,0.0,0.0,0.0,0.0,0.0,0.0,0.0,0.0,0.0,0.0,0.0,0.0,0.0,0.0,0.0,0.0,0.0,0.0,0.0,0.0,0.0,0.0,0.0,0.0,0.0,0.0,0.0,0.0,0.0,0.0,0.0,0.0,0.0,0.0,0.0,0.0,0.0,0.0,0.0,0.0,0.0,0.0,0.0,0.0,0.0,0.0,0.0,0.0,0.0,0.0,0.0,0.0,0.0,0.0,0.0,0.0,0.0,0.0,0.0,0.0,0.0,0.0,0.0,0.0,0.0,0.0,0.0,0.0,0.0,0.0,0.0,0.0,0.0,0.0,0.0,0.0,0.0,0.0,0.0,0.0,0.0,0.0,0.0,0.0,0.0,0.0,0.0,0.01913514762115688,0.009567574074320372,2.901004592371348e-15,2.9010045979345034e-15,-5.802009192163609e-15,-1.856437485972276e-24,1.8551180187361835e-24,2.9010045997988574e-15,-2.9010045984100477e-15,-2.901004596082904e-15,2.901004588658033e-15,-2.638858900643097e-27,8.703013799388657e-15,-5.802009194031041e-15,-2.90100459979402e-15,-5.802009194025324e-15,-2.9010045997957793e-15,9.220611662188536e-25,2.9010045960864228e-15,-2.9010046004783688e-15,-2.901004597931425e-15,2.901004597938462e-15,-2.9010045960837836e-15,-2.901004592377066e-15,4.643952491611023e-24,2.9010045942286656e-15,-8.796199349891453e-28,1.84852090943649e-24,-5.80200919495992e-15,3.7128749722176145e-24
0.0,0.0,0.0,0.0,0.0,0.0,0.0,0.0,0.0,0.0,0.0,0.0,0.0,0.0,0.0,0.0,0.0,0.0,0.0,0.0,0.0,0.0,0.0,0.0,0.0,0.0,0.0,0.0,0.0,0.0,0.0,0.0,0.0,0.0,0.0,0.0,0.0,0.0,0.0,0.0,0.0,0.0,0.0,0.0,0.0,0.0,0.0,0.0,0.0,0.0,0.0,0.0,0.0,0.0,0.0,0.0,0.0,0.0,0.0,0.0,0.0,0.0,0.0,0.0,0.0,0.0,0.0,0.0,0.0,0.0,0.0,0.0,0.0,0.0,0.0,0.0,0.0,0.0,0.0,0.0,0.0,0.0,0.0,0.0,0.0,0.0,0.0,0.0,0.0,0.0,0.0,0.0,0.0,0.0,0.0,0.0,0.0,0.0,0.0,0.0,0.0,0.0,0.0,0.0,0.0,0.0,0.0,0.0,0.0,0.0,0.0,0.0,0.0,0.0,0.0,0.0,0.0,0.0,0.0,0.0,0.0,0.0,0.0,0.0,0.0,0.0,0.0,0.0,0.0,0.0,0.0,0.0,0.0,0.0,0.0,0.0,0.0,0.0,0.0,0.0,0.0,0.0,0.0,0.0,0.0,0.0,0.0,0.0,0.0,0.0,0.0,0.0,0.0,0.0,0.0,0.0,0.0,0.0,0.0,0.0,0.0,0.0,0.0,0.0,0.0,0.0,0.0,0.0,0.0,0.0,0.0135305938010363,6.153959480079454e-15,2.0513197925085386e-15,-4.102639577107605e-15,8.20527938828344e-15,4.102639694137521e-15,-6.153959591842089e-15,2.0513200994877965e-15,2.0513199055991126e-15,-2.0513199029730905e-15,4.102639698074686e-15,2.0513196885645655e-15,4.1026398111693025e-15,2.0513199016656798e-15,4.1026398111571745e-15,2.0513199016414223e-15,2.0513200244385195e-15,-2.051319904284237e-15,8.205279456620296e-15,-2.0513197911709603e-15,2.051319791165363e-15,-2.0513197885328114e-15,6.15395960106084e-15,4.600512251143085e-24,2.051319785931047e-15,4.102639695442446e-15,4.102639698071888e-15,1.137508109699124e-22,5.2570174693291186e-24
0.0,0.0,0.0,0.0,0.0,0.0,0.0,0.0,0.0,0.0,0.0,0.0,0.0,0.0,0.0,0.0,0.0,0.0,0.0,0.0,0.0,0.0,0.0,0.0,0.0,0.0,0.0,0.0,0.0,0.0,0.0,0.0,0.0,0.0,0.0,0.0,0.0,0.0,0.0,0.0,0.0,0.0,0.0,0.0,0.0,0.0,0.0,0.0,0.0,0.0,0.0,0.0,0.0,0.0,0.0,0.0,0.0,0.0,0.0,0.0,0.0,0.0,0.0,0.0,0.0,0.0,0.0,0.0,0.0,0.0,0.0,0.0,0.0,0.0,0.0,0.0,0.0,0.0,0.0,0.0,0.0,0.0,0.0,0.0,0.0,0.0,0.0,0.0,0.0,0.0,0.0,0.0,0.0,0.0,0.0,0.0,0.0,0.0,0.0,0.0,0.0,0.0,0.0,0.0,0.0,0.0,0.0,0.0,0.0,0.0,0.0,0.0,0.0,0.0,0.0,0.0,0.0,0.0,0.0,0.0,0.0,0.0,0.0,0.0,0.0,0.0,0.0,0.0,0.0,0.0,0.0,0.0,0.0,0.0,0.0,0.0,0.0,0.0,0.0,0.0,0.0,0.0,0.0,0.0,0.0,0.0,0.0,0.0,0.0,0.0,0.0,0.0,0.0,0.0,0.0,0.0,0.0,0.0,0.0,0.0,0.0,0.0,0.0,0.0,0.0,0.0,0.0,0.0,0.0,0.0,0.0,0.013530593999932271,8.205279270297244e-15,-2.6135813289924776e-24,4.102639640387447e-15,2.6365947693617863e-24,8.664774909441434e-12,2.288594011863722e-24,4.102639640400198e-15,7.856603499109678e-24,-2.6179352230088398e-24,-4.102639640392112e-15,-2.6173132331660045e-24,4.10263963515251e-15,-4.10263963775645e-15,4.1026396325320865e-15,6.153959276019246e-15,4.1026396351332276e-15,-1.4359238705343835e-14,4.10263964039771e-15,2.6257100346968068e-24,4.1026396377866164e-15,4.102639640414503e-15,4.102639639082522e-15,4.102639629905443e-15,-2.6092274297807996e-24,7.46382213186671e-27,1.3067905478927374e-24,4.102639637783196e-15
0.0,0.0,0.0,0.0,0.0,0.0,0.0,0.0,0.0,0.0,0.0,0.0,0.0,0.0,0.0,0.0,0.0,0.0,0.0,0.0,0.0,0.0,0.0,0.0,0.0,0.0,0.0,0.0,0.0,0.0,0.0,0.0,0.0,0.0,0.0,0.0,0.0,0.0,0.0,0.0,0.0,0.0,0.0,0.0,0.0,0.0,0.0,0.0,0.0,0.0,0.0,0.0,0.0,0.0,0.0,0.0,0.0,0.0,0.0,0.0,0.0,0.0,0.0,0.0,0.0,0.0,0.0,0.0,0.0,0.0,0.0,0.0,0.0,0.0,0.0,0.0,0.0,0.0,0.0,0.0,0.0,0.0,0.0,0.0,0.0,0.0,0.0,0.0,0.0,0.0,0.0,0.0,0.0,0.0,0.0,0.0,0.0,0.0,0.0,0.0,0.0,0.0,0.0,0.0,0.0,0.0,0.0,0.0,0.0,0.0,0.0,0.0,0.0,0.0,0.0,0.0,0.0,0.0,0.0,0.0,0.0,0.0,0.0,0.0,0.0,0.0,0.0,0.0,0.0,0.0,0.0,0.0,0.0,0.0,0.0,0.0,0.0,0.0,0.0,0.0,0.0,0.0,0.0,0.0,0.0,0.0,0.0,0.0,0.0,0.0,0.0,0.0,0.0,0.0,0.0,0.0,0.0,0.0,0.0,0.0,0.0,0.0,0.0,0.0,0.0,0.0,0.0,0.0,0.0,0.0,0.0,0.0,0.009567575906159496,-1.1604015850145954e-14,-7.438943969344074e-24,5.802007917668337e-15,5.8020079139356746e-15,-1.1604016123472566e-14,3.709794836634203e-24,-1.8537544482615468e-23,-5.8020079287726564e-15,-5.802007925061101e-15,5.802007921346907e-15,-5.802007925046148e-15,5.8020079213636196e-15,-1.1604015850141115e-14,2.901003716348573e-15,-1.1604015850133196e-14,-5.8020078833717794e-15,-5.8020079213623e-15,1.1604015850135836e-14,-1.7406023778935762e-14,5.8020079287906874e-15,-5.802007913951067e-15,5.80200791763975e-15,1.985900711572886e-33,2.2870109456781907e-26,2.990639983440235e-26,-5.802007928791129e-15
0.0,0.0,0.0,0.0,0.0,0.0,0.0,0.0,0.0,0.0,0.0,0.0,0.0,0.0,0.0,0.0,0.0,0.0,0.0,0.0,0.0,0.0,0.0,0.0,0.0,0.0,0.0,0.0,0.0,0.0,0.0,0.0,0.0,0.0,0.0,0.0,0.0,0.0,0.0,0.0,0.0,0.0,0.0,0.0,0.0,0.0,0.0,0.0,0.0,0.0,0.0,0.0,0.0,0.0,0.0,0.0,0.0,0.0,0.0,0.0,0.0,0.0,0.0,0.0,0.0,0.0,0.0,0.0,0.0,0.0,0.0,0.0,0.0,0.0,0.0,0.0,0.0,0.0,0.0,0.0,0.0,0.0,0.0,0.0,0.0,0.0,0.0,0.0,0.0,0.0,0.0,0.0,0.0,0.0,0.0,0.0,0.0,0.0,0.0,0.0,0.0,0.0,0.0,0.0,0.0,0.0,0.0,0.0,0.0,0.0,0.0,0.0,0.0,0.0,0.0,0.0,0.0,0.0,0.0,0.0,0.0,0.0,0.0,0.0,0.0,0.0,0.0,0.0,0.0,0.0,0.0,0.0,0.0,0.0,0.0,0.0,0.0,0.0,0.0,0.0,0.0,0.0,0.0,0.0,0.0,0.0,0.0,0.0,0.0,0.0,0.0,0.0,0.0,0.0,0.0,0.0,0.0,0.0,0.0,0.0,0.0,0.0,0.0,0.0,0.0,0.0,0.0,0.0,0.0,0.0,0.0,0.0,0.0,0.013530593890685132,2.052550658598047e-26,4.102639663037028e-15,2.635350602739975e-24,6.153959602984797e-15,-2.6247768556487946e-24,-8.205279333931593e-15,2.6328624738519188e-24,8.2052793365346e-15,-4.102639668271654e-15,4.102639668280361e-15,8.664774979398887e-12,-4.102639668284716e-15,-7.856603823540876e-24,2.6347284288532e-24,-2.0513198148219478e-15,-4.102639668264812e-15,-4.1026396682368225e-15,-2.9855276252286827e-26,4.102639670934372e-15,-8.205279340510328e-15,-4.102639668263568e-15,-8.205279336555125e-15,8.652467060394093e-12,-4.102639669583421e-15,-4.102639668294045e-15
0.0,0.0,0.0,0.0,0.0,0.0,0.0,0.0,0.0,0.0,0.0,0.0,0.0,0.0,0.0,0.0,0.0,0.0,0.0,0.0,0.0,0.0,0.0,0.0,0.0,0.0,0.0,0.0,0.0,0.0,0.0,0.0,0.0,0.0,0.0,0.0,0.0,0.0,0.0,0.0,0.0,0.0,0.0,0.0,0.0,0.0,0.0,0.0,0.0,0.0,0.0,0.0,0.0,0.0,0.0,0.0,0.0,0.0,0.0,0.0,0.0,0.0,0.0,0.0,0.0,0.0,0.0,0.0,0.0,0.0,0.0,0.0,0.0,0.0,0.0,0.0,0.0,0.0,0.0,0.0,0.0,0.0,0.0,0.0,0.0,0.0,0.0,0.0,0.0,0.0,0.0,0.0,0.0,0.0,0.0,0.0,0.0,0.0,0.0,0.0,0.0,0.0,0.0,0.0,0.0,0.0,0.0,0.0,0.0,0.0,0.0,0.0,0.0,0.0,0.0,0.0,0.0,0.0,0.0,0.0,0.0,0.0,0.0,0.0,0.0,0.0,0.0,0.0,0.0,0.0,0.0,0.0,0.0,0.0,0.0,0.0,0.0,0.0,0.0,0.0,0.0,0.0,0.0,0.0,0.0,0.0,0.0,0.0,0.0,0.0,0.0,0.0,0.0,0.0,0.0,0.0,0.0,0.0,0.0,0.0,0.0,0.0,0.0,0.0,0.0,0.0,0.0,0.0,0.0,0.0,0.0,0.0,0.0,0.0,0.01353059352669073,-8.205279554666606e-15,-2.6173128085070766e-24,4.1026397759891945e-15,-1.4927640510233186e-26,1.2439535268293006e-26,-4.102639778646625e-15,8.205279554666606e-15,-5.597865801470962e-27,7.463821210916002e-27,1.119573136771547e-26,-1.2307919335942984e-14,-1.0256599619391565e-14,-4.102639778645381e-15,6.1539596820433465e-15,4.102639778634807e-15,8.668877852273718e-12,-4.102639778644137e-15,4.10263977599759e-15,-4.975880912472098e-27,-4.102639778659064e-15,4.102639778646625e-15,-4.1026397786428926e-15,8.205279557282054e-15,4.102639778632941e-15
0.0,0.0,0.0,0.0,0.0,0.0,0.0,0.0,0.0,0.0,0.0,0.0,0.0,0.0,0.0,0.0,0.0,0.0,0.0,0.0,0.0,0.0,0.0,0.0,0.0,0.0,0.0,0.0,0.0,0.0,0.0,0.0,0.0,0.0,0.0,0.0,0.0,0.0,0.0,0.0,0.0,0.0,0.0,0.0,0.0,0.0,0.0,0.0,0.0,0.0,0.0,0.0,0.0,0.0,0.0,0.0,0.0,0.0,0.0,0.0,0.0,0.0,0.0,0.0,0.0,0.0,0.0,0.0,0.0,0.0,0.0,0.0,0.0,0.0,0.0,0.0,0.0,0.0,0.0,0.0,0.0,0.0,0.0,0.0,0.0,0.0,0.0,0.0,0.0,0.0,0.0,0.0,0.0,0.0,0.0,0.0,0.0,0.0,0.0,0.0,0.0,0.0,0.0,0.0,0.0,0.0,0.0,0.0,0.0,0.0,0.0,0.0,0.0,0.0,0.0,0.0,0.0,0.0,0.0,0.0,0.0,0.0,0.0,0.0,0.0,0.0,0.0,0.0,0.0,0.0,0.0,0.0,0.0,0.0,0.0,0.0,0.0,0.0,0.0,0.0,0.0,0.0,0.0,0.0,0.0,0.0,0.0,0.0,0.0,0.0,0.0,0.0,0.0,0.0,0.0,0.0,0.0,0.0,0.0,0.0,0.0,0.0,0.0,0.0,0.0,0.0,0.0,0.0,0.0,0.0,0.0,0.0,0.0,0.0,0.0,0.013530593464552149,-7.88490441516861e-24,2.0513197949092424e-15,2.6036293069781983e-24,-4.102639792220203e-15,-1.2439697035575648e-26,2.636595112613644e-24,4.1026397948468466e-15,-4.102639792238863e-15,-7.888014079450276e-24,-4.1026397974759764e-15,-8.205279591050553e-15,-4.102639794847468e-15,2.0513198473409455e-15,4.102639794845602e-15,-4.1026397896184406e-15,-4.102639797469757e-15,2.6222889350153844e-24,4.102639793553117e-15,-2.6421924290549532e-24,8.205279594964393e-15,-3.1097553436798574e-27,4.102639801429936e-15,2.6247768531499728e-24
0.0,0.0,0.0,0.0,0.0,0.0,0.0,0.0,0.0,0.0,0.0,0.0,0.0,0.0,0.0,0.0,0.0,0.0,0.0,0.0,0.0,0.0,0.0,0.0,0.0,0.0,0.0,0.0,0.0,0.0,0.0,0.0,0.0,0.0,0.0,0.0,0.0,0.0,0.0,0.0,0.0,0.0,0.0,0.0,0.0,0.0,0.0,0.0,0.0,0.0,0.0,0.0,0.0,0.0,0.0,0.0,0.0,0.0,0.0,0.0,0.0,0.0,0.0,0.0,0.0,0.0,0.0,0.0,0.0,0.0,0.0,0.0,0.0,0.0,0.0,0.0,0.0,0.0,0.0,0.0,0.0,0.0,0.0,0.0,0.0,0.0,0.0,0.0,0.0,0.0,0.0,0.0,0.0,0.0,0.0,0.0,0.0,0.0,0.0,0.0,0.0,0.0,0.0,0.0,0.0,0.0,0.0,0.0,0.0,0.0,0.0,0.0,0.0,0.0,0.0,0.0,0.0,0.0,0.0,0.0,0.0,0.0,0.0,0.0,0.0,0.0,0.0,0.0,0.0,0.0,0.0,0.0,0.0,0.0,0.0,0.0,0.0,0.0,0.0,0.0,0.0,0.0,0.0,0.0,0.0,0.0,0.0,0.0,0.0,0.0,0.0,0.0,0.0,0.0,0.0,0.0,0.0,0.0,0.0,0.0,0.0,0.0,0.0,0.0,0.0,0.0,0.0,0.0,0.0,0.0,0.0,0.0,0.0,0.0,0.0,0.0,0.013530593507769357,-4.1028466184375835e-15,8.205279560882412e-15,7.866555530572786e-24,4.102639787012323e-15,5.2610602953364485e-24,-4.102639784371374e-15,4.1026397843797715e-15,4.1026397870061025e-15,-4.10263978699895e-15,-3.9287680382533704e-24,2.6294419278803608e-24,4.102639798493239e-15,-7.882105316243869e-24,4.1026397817487744e-15,4.102639781755616e-15,-8.205279574003808e-15,4.102639777813786e-15,-2.62322166268776e-24,2.6490343546398794e-24,5.2526637918605805e-24,-4.1026397909550865e-15,4.102639781762147e-15
0.0,0.0,0.0,0.0,0.0,0.0,0.0,0.0,0.0,0.0,0.0,0.0,0.0,0.0,0.0,0.0,0.0,0.0,0.0,0.0,0.0,0.0,0.0,0.0,0.0,0.0,0.0,0.0,0.0,0.0,0.0,0.0,0.0,0.0,0.0,0.0,0.0,0.0,0.0,0.0,0.0,0.0,0.0,0.0,0.0,0.0,0.0,0.0,0.0,0.0,0.0,0.0,0.0,0.0,0.0,0.0,0.0,0.0,0.0,0.0,0.0,0.0,0.0,0.0,0.0,0.0,0.0,0.0,0.0,0.0,0.0,0.0,0.0,0.0,0.0,0.0,0.0,0.0,0.0,0.0,0.0,0.0,0.0,0.0,0.0,0.0,0.0,0.0,0.0,0.0,0.0,0.0,0.0,0.0,0.0,0.0,0.0,0.0,0.0,0.0,0.0,0.0,0.0,0.0,0.0,0.0,0.0,0.0,0.0,0.0,0.0,0.0,0.0,0.0,0.0,0.0,0.0,0.0,0.0,0.0,0.0,0.0,0.0,0.0,0.0,0.0,0.0,0.0,0.0,0.0,0.0,0.0,0.0,0.0,0.0,0.0,0.0,0.0,0.0,0.0,0.0,0.0,0.0,0.0,0.0,0.0,0.0,0.0,0.0,0.0,0.0,0.0,0.0,0.0,0.0,0.0,0.0,0.0,0.0,0.0,0.0,0.0,0.0,0.0,0.0,0.0,0.0,0.0,0.0,0.0,0.0,0.0,0.0,0.0,0.0,0.0,0.0,0.009567574521286827,-8.703013289578867e-15,-2.9010042406565055e-15,-1.1604017535356293e-14,-2.901004244868999e-15,-5.802008768633303e-15,-2.901004240224388e-15,5.802008763061353e-15,2.4188648334068334e-27,-5.8020087607047415e-15,8.703013280239947e-15,-3.263629773518902e-15,5.8020084841532936e-15,-2.901004528393083e-15,-2.726811688947269e-26,-5.802008764432899e-15,-5.802008759327807e-15,5.8020087648716105e-15,-2.9010042476565144e-15,-5.8020084971503315e-15,-1.160401780862929e-14,-5.802008764892062e-15
0.0,0.0,0.0,0.0,0.0,0.0,0.0,0.0,0.0,0.0,0.0,0.0,0.0,0.0,0.0,0.0,0.0,0.0,0.0,0.0,0.0,0.0,0.0,0.0,0.0,0.0,0.0,0.0,0.0,0.0,0.0,0.0,0.0,0.0,0.0,0.0,0.0,0.0,0.0,0.0,0.0,0.0,0.0,0.0,0.0,0.0,0.0,0.0,0.0,0.0,0.0,0.0,0.0,0.0,0.0,0.0,0.0,0.0,0.0,0.0,0.0,0.0,0.0,0.0,0.0,0.0,0.0,0.0,0.0,0.0,0.0,0.0,0.0,0.0,0.0,0.0,0.0,0.0,0.0,0.0,0.0,0.0,0.0,0.0,0.0,0.0,0.0,0.0,0.0,0.0,0.0,0.0,0.0,0.0,0.0,0.0,0.0,0.0,0.0,0.0,0.0,0.0,0.0,0.0,0.0,0.0,0.0,0.0,0.0,0.0,0.0,0.0,0.0,0.0,0.0,0.0,0.0,0.0,0.0,0.0,0.0,0.0,0.0,0.0,0.0,0.0,0.0,0.0,0.0,0.0,0.0,0.0,0.0,0.0,0.0,0.0,0.0,0.0,0.0,0.0,0.0,0.0,0.0,0.0,0.0,0.0,0.0,0.0,0.0,0.0,0.0,0.0,0.0,0.0,0.0,0.0,0.0,0.0,0.0,0.0,0.0,0.0,0.0,0.0,0.0,0.0,0.0,0.0,0.0,0.0,0.0,0.0,0.0,0.0,0.0,0.0,0.0,0.0,0.019135147286636234,-1.1137964943454836e-23,1.8524791089110697e-24,2.9010046505373105e-15,-2.901004646815859e-15,-2.9010046468028844e-15,2.9010046468193775e-15,2.901004648650526e-15,-2.901004650512021e-15,2.901004648656683e-15,2.9010046231802655e-15,-2.901004646795408e-15,3.71265514864673e-24,-2.9010046486632807e-15,3.704738468829945e-24,0.009567575230715952,2.9010046505241164e-15,2.9010046505151e-15,1.859516197091629e-24,0.009567571264555227,-2.9010046486709776e-15
0.0,0.0,0.0,0.0,0.0,0.0,0.0,0.0,0.0,0.0,0.0,0.0,0.0,0.0,0.0,0.0,0.0,0.0,0.0,0.0,0.0,0.0,0.0,0.0,0.0,0.0,0.0,0.0,0.0,0.0,0.0,0.0,0.0,0.0,0.0,0.0,0.0,0.0,0.0,0.0,0.0,0.0,0.0,0.0,0.0,0.0,0.0,0.0,0.0,0.0,0.0,0.0,0.0,0.0,0.0,0.0,0.0,0.0,0.0,0.0,0.0,0.0,0.0,0.0,0.0,0.0,0.0,0.0,0.0,0.0,0.0,0.0,0.0,0.0,0.0,0.0,0.0,0.0,0.0,0.0,0.0,0.0,0.0,0.0,0.0,0.0,0.0,0.0,0.0,0.0,0.0,0.0,0.0,0.0,0.0,0.0,0.0,0.0,0.0,0.0,0.0,0.0,0.0,0.0,0.0,0.0,0.0,0.0,0.0,0.0,0.0,0.0,0.0,0.0,0.0,0.0,0.0,0.0,0.0,0.0,0.0,0.0,0.0,0.0,0.0,0.0,0.0,0.0,0.0,0.0,0.0,0.0,0.0,0.0,0.0,0.0,0.0,0.0,0.0,0.0,0.0,0.0,0.0,0.0,0.0,0.0,0.0,0.0,0.0,0.0,0.0,0.0,0.0,0.0,0.0,0.0,0.0,0.0,0.0,0.0,0.0,0.0,0.0,0.0,0.0,0.0,0.0,0.0,0.0,0.0,0.0,0.0,0.0,0.0,0.0,0.0,0.0,0.0,0.0,0.013530595803323303,-4.102639088333606e-15,-4.102639080464563e-15,8.20527816093286e-15,4.102639088342003e-15,-4.102639080448705e-15,-4.102639096228771e-15,8.205278520930585e-15,-1.2307917270295467e-14,4.257407892771768e-23,5.269766880224833e-24,2.6350395099676768e-24,4.1026390857141164e-15,8.205278168827406e-15,4.1026390804700066e-15,4.102639096239966e-15,4.10263908834667e-15,-8.205278171440675e-15,4.102639101459509e-15,-5.2377349853571714e-24
0.0,0.0,0.0,0.0,0.0,0.0,0.0,0.0,0.0,0.0,0.0,0.0,0.0,0.0,0.0,0.0,0.0,0.0,0.0,0.0,0.0,0.0,0.0,0.0,0.0,0.0,0.0,0.0,0.0,0.0,0.0,0.0,0.0,0.0,0.0,0.0,0.0,0.0,0.0,0.0,0.0,0.0,0.0,0.0,0.0,0.0,0.0,0.0,0.0,0.0,0.0,0.0,0.0,0.0,0.0,0.0,0.0,0.0,0.0,0.0,0.0,0.0,0.0,0.0,0.0,0.0,0.0,0.0,0.0,0.0,0.0,0.0,0.0,0.0,0.0,0.0,0.0,0.0,0.0,0.0,0.0,0.0,0.0,0.0,0.0,0.0,0.0,0.0,0.0,0.0,0.0,0.0,0.0,0.0,0.0,0.0,0.0,0.0,0.0,0.0,0.0,0.0,0.0,0.0,0.0,0.0,0.0,0.0,0.0,0.0,0.0,0.0,0.0,0.0,0.0,0.0,0.0,0.0,0.0,0.0,0.0,0.0,0.0,0.0,0.0,0.0,0.0,0.0,0.0,0.0,0.0,0.0,0.0,0.0,0.0,0.0,0.0,0.0,0.0,0.0,0.0,0.0,0.0,0.0,0.0,0.0,0.0,0.0,0.0,0.0,0.0,0.0,0.0,0.0,0.0,0.0,0.0,0.0,0.0,0.0,0.0,0.0,0.0,0.0,0.0,0.0,0.0,0.0,0.0,0.0,0.0,0.0,0.0,0.0,0.0,0.0,0.0,0.0,0.0,0.0,0.013530592861148182,-8.20527995565665e-15,4.10263998305953e-15,2.6222889287368953e-24,-1.2307919938685082e-14,8.205279966138964e-15,-2.051319816141795e-15,4.1026344395426044e-15,1.0256599934411314e-14,4.102639980452169e-15,8.205279958257791e-15,4.1026399804353754e-15,8.20527995563488e-15,-8.205279959556496e-15,-4.10263998044284e-15,-1.2307919941340957e-14,2.625398851265022e-24,-1.2307919934782124e-14,-2.6372165674620973e-24
0.0,0.0,0.0,0.0,0.0,0.0,0.0,0.0,0.0,0.0,0.0,0.0,0.0,0.0,0.0,0.0,0.0,0.0,0.0,0.0,0.0,0.0,0.0,0.0,0.0,0.0,0.0,0.0,0.0,0.0,0.0,0.0,0.0,0.0,0.0,0.0,0.0,0.0,0.0,0.0,0.0,0.0,0.0,0.0,0.0,0.0,0.0,0.0,0.0,0.0,0.0,0.0,0.0,0.0,0.0,0.0,0.0,0.0,0.0,0.0,0.0,0.0,0.0,0.0,0.0,0.0,0.0,0.0,0.0,0.0,0.0,0.0,0.0,0.0,0.0,0.0,0.0,0.0,0.0,0.0,0.0,0.0,0.0,0.0,0.0,0.0,0.0,0.0,0.0,0.0,0.0,0.0,0.0,0.0,0.0,0.0,0.0,0.0,0.0,0.0,0.0,0.0,0.0,0.0,0.0,0.0,0.0,0.0,0.0,0.0,0.0,0.0,0.0,0.0,0.0,0.0,0.0,0.0,0.0,0.0,0.0,0.0,0.0,0.0,0.0,0.0,0.0,0.0,0.0,0.0,0.0,0.0,0.0,0.0,0.0,0.0,0.0,0.0,0.0,0.0,0.0,0.0,0.0,0.0,0.0,0.0,0.0,0.0,0.0,0.0,0.0,0.0,0.0,0.0,0.0,0.0,0.0,0.0,0.0,0.0,0.0,0.0,0.0,0.0,0.0,0.0,0.0,0.0,0.0,0.0,0.0,0.0,0.0,0.0,0.0,0.0,0.0,0.0,0.0,0.0,0.0,0.01353059343134128,4.102639807555245e-15,8.205279609879284e-15,-4.102639812839007e-15,2.628820049754137e-24,4.102639802312532e-15,-4.102639802297294e-15,3.4050636041583693e-23,4.102639810202102e-15,-8.205279620360353e-15,4.1026398049394865e-15,-5.235559350903958e-24,-6.153960049055091e-15,-4.102639804918339e-15,2.615447367189667e-24,-5.253285290675846e-24,6.1539602187024684e-15,-2.627887069059188e-24
0.0,0.0,0.0,0.0,0.0,0.0,0.0,0.0,0.0,0.0,0.0,0.0,0.0,0.0,0.0,0.0,0.0,0.0,0.0,0.0,0.0,0.0,0.0,0.0,0.0,0.0,0.0,0.0,0.0,0.0,0.0,0.0,0.0,0.0,0.0,0.0,0.0,0.0,0.0,0.0,0.0,0.0,0.0,0.0,0.0,0.0,0.0,0.0,0.0,0.0,0.0,0.0,0.0,0.0,0.0,0.0,0.0,0.0,0.0,0.0,0.0,0.0,0.0,0.0,0.0,0.0,0.0,0.0,0.0,0.0,0.0,0.0,0.0,0.0,0.0,0.0,0.0,0.0,0.0,0.0,0.0,0.0,0.0,0.0,0.0,0.0,0.0,0.0,0.0,0.0,0.0,0.0,0.0,0.0,0.0,0.0,0.0,0.0,0.0,0.0,0.0,0.0,0.0,0.0,0.0,0.0,0.0,0.0,0.0,0.0,0.0,0.0,0.0,0.0,0.0,0.0,0.0,0.0,0.0,0.0,0.0,0.0,0.0,0.0,0.0,0.0,0.0,0.0,0.0,0.0,0.0,0.0,0.0,0.0,0.0,0.0,0.0,0.0,0.0,0.0,0.0,0.0,0.0,0.0,0.0,0.0,0.0,0.0,0.0,0.0,0.0,0.0,0.0,0.0,0.0,0.0,0.0,0.0,0.0,0.0,0.0,0.0,0.0,0.0,0.0,0.0,0.0,0.0,0.0,0.0,0.0,0.0,0.0,0.0,0.0,0.0,0.0,0.0,0.0,0.0,0.0,0.0,0.013530592413025015,9.951762118924438e-27,4.1026401189682606e-15,-1.8659556329750353e-26,-4.102640113720884e-15,2.6502783428919238e-24,3.0780857117413515e-23,4.102640116301811e-15,4.102640116309897e-15,4.102640116323581e-15,8.205280235245193e-15,-2.051319715179258e-15,-4.102640116313629e-15,8.205280232623526e-15,-4.102640113696316e-15,-2.0513205681585386e-15,-4.1026401163279344e-15
0.0,0.0,0.0,0.0,0.0,0.0,0.0,0.0,0.0,0.0,0.0,0.0,0.0,0.0,0.0,0.0,0.0,0.0,0.0,0.0,0.0,0.0,0.0,0.0,0.0,0.0,0.0,0.0,0.0,0.0,0.0,0.0,0.0,0.0,0.0,0.0,0.0,0.0,0.0,0.0,0.0,0.0,0.0,0.0,0.0,0.0,0.0,0.0,0.0,0.0,0.0,0.0,0.0,0.0,0.0,0.0,0.0,0.0,0.0,0.0,0.0,0.0,0.0,0.0,0.0,0.0,0.0,0.0,0.0,0.0,0.0,0.0,0.0,0.0,0.0,0.0,0.0,0.0,0.0,0.0,0.0,0.0,0.0,0.0,0.0,0.0,0.0,0.0,0.0,0.0,0.0,0.0,0.0,0.0,0.0,0.0,0.0,0.0,0.0,0.0,0.0,0.0,0.0,0.0,0.0,0.0,0.0,0.0,0.0,0.0,0.0,0.0,0.0,0.0,0.0,0.0,0.0,0.0,0.0,0.0,0.0,0.0,0.0,0.0,0.0,0.0,0.0,0.0,0.0,0.0,0.0,0.0,0.0,0.0,0.0,0.0,0.0,0.0,0.0,0.0,0.0,0.0,0.0,0.0,0.0,0.0,0.0,0.0,0.0,0.0,0.0,0.0,0.0,0.0,0.0,0.0,0.0,0.0,0.0,0.0,0.0,0.0,0.0,0.0,0.0,0.0,0.0,0.0,0.0,0.0,0.0,0.0,0.0,0.0,0.0,0.0,0.0,0.0,0.0,0.0,0.0,0.0,0.0,0.01353059262728129,-2.614825088426977e-24,4.102640051360652e-15,2.0513201984225306e-15,4.102640053974854e-15,-4.102640082144851e-15,-1.9592525623964223e-26,4.102640051374957e-15,-4.1026400513936166e-15,-7.152826969126785e-27,1.435924052272179e-14,8.660673148411165e-12,7.463821648762473e-27,-2.635350594819913e-24,2.0513195156552843e-15,-3.731910798716425e-27
0.0,0.0,0.0,0.0,0.0,0.0,0.0,0.0,0.0,0.0,0.0,0.0,0.0,0.0,0.0,0.0,0.0,0.0,0.0,0.0,0.0,0.0,0.0,0.0,0.0,0.0,0.0,0.0,0.0,0.0,0.0,0.0,0.0,0.0,0.0,0.0,0.0,0.0,0.0,0.0,0.0,0.0,0.0,0.0,0.0,0.0,0.0,0.0,0.0,0.0,0.0,0.0,0.0,0.0,0.0,0.0,0.0,0.0,0.0,0.0,0.0,0.0,0.0,0.0,0.0,0.0,0.0,0.0,0.0,0.0,0.0,0.0,0.0,0.0,0.0,0.0,0.0,0.0,0.0,0.0,0.0,0.0,0.0,0.0,0.0,0.0,0.0,0.0,0.0,0.0,0.0,0.0,0.0,0.0,0.0,0.0,0.0,0.0,0.0,0.0,0.0,0.0,0.0,0.0,0.0,0.0,0.0,0.0,0.0,0.0,0.0,0.0,0.0,0.0,0.0,0.0,0.0,0.0,0.0,0.0,0.0,0.0,0.0,0.0,0.0,0.0,0.0,0.0,0.0,0.0,0.0,0.0,0.0,0.0,0.0,0.0,0.0,0.0,0.0,0.0,0.0,0.0,0.0,0.0,0.0,0.0,0.0,0.0,0.0,0.0,0.0,0.0,0.0,0.0,0.0,0.0,0.0,0.0,0.0,0.0,0.0,0.0,0.0,0.0,0.0,0.0,0.0,0.0,0.0,0.0,0.0,0.0,0.0,0.0,0.0,0.0,0.0,0.0,0.0,0.0,0.0,0.0,0.0,0.0,0.013530592642969786,2.6434363956426606e-24,-4.102640049200186e-15,4.102640049239371e-15,2.0513200360562614e-15,-4.102640043942545e-15,4.102640049221333e-15,-4.102640046590958e-15,-4.102640057065808e-15,2.051319685542292e-15,4.102640049219467e-15,-4.102640041364418e-15,8.205274552268049e-15,-6.15395955728638e-15,2.6229108859712098e-24
0.0,0.0,0.0,0.0,0.0,0.0,0.0,0.0,0.0,0.0,0.0,0.0,0.0,0.0,0.0,0.0,0.0,0.0,0.0,0.0,0.0,0.0,0.0,0.0,0.0,0.0,0.0,0.0,0.0,0.0,0.0,0.0,0.0,0.0,0.0,0.0,0.0,0.0,0.0,0.0,0.0,0.0,0.0,0.0,0.0,0.0,0.0,0.0,0.0,0.0,0.0,0.0,0.0,0.0,0.0,0.0,0.0,0.0,0.0,0.0,0.0,0.0,0.0,0.0,0.0,0.0,0.0,0.0,0.0,0.0,0.0,0.0,0.0,0.0,0.0,0.0,0.0,0.0,0.0,0.0,0.0,0.0,0.0,0.0,0.0,0.0,0.0,0.0,0.0,0.0,0.0,0.0,0.0,0.0,0.0,0.0,0.0,0.0,0.0,0.0,0.0,0.0,0.0,0.0,0.0,0.0,0.0,0.0,0.0,0.0,0.0,0.0,0.0,0.0,0.0,0.0,0.0,0.0,0.0,0.0,0.0,0.0,0.0,0.0,0.0,0.0,0.0,0.0,0.0,0.0,0.0,0.0,0.0,0.0,0.0,0.0,0.0,0.0,0.0,0.0,0.0,0.0,0.0,0.0,0.0,0.0,0.0,0.0,0.0,0.0,0.0,0.0,0.0,0.0,0.0,0.0,0.0,0.0,0.0,0.0,0.0,0.0,0.0,0.0,0.0,0.0,0.0,0.0,0.0,0.0,0.0,0.0,0.0,0.0,0.0,0.0,0.0,0.0,0.0,0.0,0.0,0.0,0.0,0.0,0.0,0.01913514794559798,-1.450502402115305e-15,-2.90100454505396e-15,-1.4505022662858166e-15,-1.1215153226901958e-26,-2.901004543168935e-15,5.802009097502223e-15,-2.9010045487602376e-15,1.450502033705352e-15,2.9010045468950036e-15,1.2314676402077271e-26,6.132723616067499e-12,4.351507183787133e-15,4.3981000338461796e-27
0.0,0.0,0.0,0.0,0.0,0.0,0.0,0.0,0.0,0.0,0.0,0.0,0.0,0.0,0.0,0.0,0.0,0.0,0.0,0.0,0.0,0.0,0.0,0.0,0.0,0.0,0.0,0.0,0.0,0.0,0.0,0.0,0.0,0.0,0.0,0.0,0.0,0.0,0.0,0.0,0.0,0.0,0.0,0.0,0.0,0.0,0.0,0.0,0.0,0.0,0.0,0.0,0.0,0.0,0.0,0.0,0.0,0.0,0.0,0.0,0.0,0.0,0.0,0.0,0.0,0.0,0.0,0.0,0.0,0.0,0.0,0.0,0.0,0.0,0.0,0.0,0.0,0.0,0.0,0.0,0.0,0.0,0.0,0.0,0.0,0.0,0.0,0.0,0.0,0.0,0.0,0.0,0.0,0.0,0.0,0.0,0.0,0.0,0.0,0.0,0.0,0.0,0.0,0.0,0.0,0.0,0.0,0.0,0.0,0.0,0.0,0.0,0.0,0.0,0.0,0.0,0.0,0.0,0.0,0.0,0.0,0.0,0.0,0.0,0.0,0.0,0.0,0.0,0.0,0.0,0.0,0.0,0.0,0.0,0.0,0.0,0.0,0.0,0.0,0.0,0.0,0.0,0.0,0.0,0.0,0.0,0.0,0.0,0.0,0.0,0.0,0.0,0.0,0.0,0.0,0.0,0.0,0.0,0.0,0.0,0.0,0.0,0.0,0.0,0.0,0.0,0.0,0.0,0.0,0.0,0.0,0.0,0.0,0.0,0.0,0.0,0.0,0.0,0.0,0.0,0.0,0.0,0.0,0.0,0.0,0.0,0.009567574187836674,5.8020089615554515e-15,-1.4505023632375467e-15,5.8020084784098206e-15,-5.802008954138058e-15,2.9010047278952232e-15,-2.8587982689892874e-26,-2.90100449088932e-15,2.9010042373484725e-15,5.802008967082981e-15,5.802009452973465e-15,8.703013229208249e-15,1.4505022165971074e-14
0.0,0.0,0.0,0.0,0.0,0.0,0.0,0.0,0.0,0.0,0.0,0.0,0.0,0.0,0.0,0.0,0.0,0.0,0.0,0.0,0.0,0.0,0.0,0.0,0.0,0.0,0.0,0.0,0.0,0.0,0.0,0.0,0.0,0.0,0.0,0.0,0.0,0.0,0.0,0.0,0.0,0.0,0.0,0.0,0.0,0.0,0.0,0.0,0.0,0.0,0.0,0.0,0.0,0.0,0.0,0.0,0.0,0.0,0.0,0.0,0.0,0.0,0.0,0.0,0.0,0.0,0.0,0.0,0.0,0.0,0.0,0.0,0.0,0.0,0.0,0.0,0.0,0.0,0.0,0.0,0.0,0.0,0.0,0.0,0.0,0.0,0.0,0.0,0.0,0.0,0.0,0.0,0.0,0.0,0.0,0.0,0.0,0.0,0.0,0.0,0.0,0.0,0.0,0.0,0.0,0.0,0.0,0.0,0.0,0.0,0.0,0.0,0.0,0.0,0.0,0.0,0.0,0.0,0.0,0.0,0.0,0.0,0.0,0.0,0.0,0.0,0.0,0.0,0.0,0.0,0.0,0.0,0.0,0.0,0.0,0.0,0.0,0.0,0.0,0.0,0.0,0.0,0.0,0.0,0.0,0.0,0.0,0.0,0.0,0.0,0.0,0.0,0.0,0.0,0.0,0.0,0.0,0.0,0.0,0.0,0.0,0.0,0.0,0.0,0.0,0.0,0.0,0.0,0.0,0.0,0.0,0.0,0.0,0.0,0.0,0.0,0.0,0.0,0.0,0.0,0.0,0.0,0.0,0.0,0.0,0.0,0.0,0.01353059350312722,-2.0513198788186197e-15,-4.102639785801007e-15,4.1026397831793406e-15,4.102639785788567e-15,8.205279566335356e-15,-2.0513202345553818e-15,8.205279568955778e-15,2.114748746296221e-26,-4.1026397818523345e-15,-1.0256598947875139e-14,8.205279568962932e-15
0.0,0.0,0.0,0.0,0.0,0.0,0.0,0.0,0.0,0.0,0.0,0.0,0.0,0.0,0.0,0.0,0.0,0.0,0.0,0.0,0.0,0.0,0.0,0.0,0.0,0.0,0.0,0.0,0.0,0.0,0.0,0.0,0.0,0.0,0.0,0.0,0.0,0.0,0.0,0.0,0.0,0.0,0.0,0.0,0.0,0.0,0.0,0.0,0.0,0.0,0.0,0.0,0.0,0.0,0.0,0.0,0.0,0.0,0.0,0.0,0.0,0.0,0.0,0.0,0.0,0.0,0.0,0.0,0.0,0.0,0.0,0.0,0.0,0.0,0.0,0.0,0.0,0.0,0.0,0.0,0.0,0.0,0.0,0.0,0.0,0.0,0.0,0.0,0.0,0.0,0.0,0.0,0.0,0.0,0.0,0.0,0.0,0.0,0.0,0.0,0.0,0.0,0.0,0.0,0.0,0.0,0.0,0.0,0.0,0.0,0.0,0.0,0.0,0.0,0.0,0.0,0.0,0.0,0.0,0.0,0.0,0.0,0.0,0.0,0.0,0.0,0.0,0.0,0.0,0.0,0.0,0.0,0.0,0.0,0.0,0.0,0.0,0.0,0.0,0.0,0.0,0.0,0.0,0.0,0.0,0.0,0.0,0.0,0.0,0.0,0.0,0.0,0.0,0.0,0.0,0.0,0.0,0.0,0.0,0.0,0.0,0.0,0.0,0.0,0.0,0.0,0.0,0.0,0.0,0.0,0.0,0.0,0.0,0.0,0.0,0.0,0.0,0.0,0.0,0.0,0.0,0.0,0.0,0.0,0.0,0.0,0.0,0.0,0.009567574574079305,-8.703013126622391e-15,-1.3003985610555364e-23,-1.160401746207847e-14,1.1604017418538761e-14,2.901003901320047e-15,2.901004346537767e-15,5.8020087291852124e-15,-9.513179487416601e-25,-5.8020080190377295e-15,1.1604017418520171e-14
0.0,0.0,0.0,0.0,0.0,0.0,0.0,0.0,0.0,0.0,0.0,0.0,0.0,0.0,0.0,0.0,0.0,0.0,0.0,0.0,0.0,0.0,0.0,0.0,0.0,0.0,0.0,0.0,0.0,0.0,0.0,0.0,0.0,0.0,0.0,0.0,0.0,0.0,0.0,0.0,0.0,0.0,0.0,0.0,0.0,0.0,0.0,0.0,0.0,0.0,0.0,0.0,0.0,0.0,0.0,0.0,0.0,0.0,0.0,0.0,0.0,0.0,0.0,0.0,0.0,0.0,0.0,0.0,0.0,0.0,0.0,0.0,0.0,0.0,0.0,0.0,0.0,0.0,0.0,0.0,0.0,0.0,0.0,0.0,0.0,0.0,0.0,0.0,0.0,0.0,0.0,0.0,0.0,0.0,0.0,0.0,0.0,0.0,0.0,0.0,0.0,0.0,0.0,0.0,0.0,0.0,0.0,0.0,0.0,0.0,0.0,0.0,0.0,0.0,0.0,0.0,0.0,0.0,0.0,0.0,0.0,0.0,0.0,0.0,0.0,0.0,0.0,0.0,0.0,0.0,0.0,0.0,0.0,0.0,0.0,0.0,0.0,0.0,0.0,0.0,0.0,0.0,0.0,0.0,0.0,0.0,0.0,0.0,0.0,0.0,0.0,0.0,0.0,0.0,0.0,0.0,0.0,0.0,0.0,0.0,0.0,0.0,0.0,0.0,0.0,0.0,0.0,0.0,0.0,0.0,0.0,0.0,0.0,0.0,0.0,0.0,0.0,0.0,0.0,0.0,0.0,0.0,0.0,0.0,0.0,0.0,0.0,0.0,0.0,0.013530593594445826,-2.62881970152262e-24,4.102639758078512e-15,-4.102639755481725e-15,2.051320222019271e-15,-2.7989317054745097e-27,-1.8659539335749658e-27,-4.102639755454669e-15,-6.1539601471536584e-15,-4.102639758099971e-15
0.0,0.0,0.0,0.0,0.0,0.0,0.0,0.0,0.0,0.0,0.0,0.0,0.0,0.0,0.0,0.0,0.0,0.0,0.0,0.0,0.0,0.0,0.0,0.0,0.0,0.0,0.0,0.0,0.0,0.0,0.0,0.0,0.0,0.0,0.0,0.0,0.0,0.0,0.0,0.0,0.0,0.0,0.0,0.0,0.0,0.0,0.0,0.0,0.0,0.0,0.0,0.0,0.0,0.0,0.0,0.0,0.0,0.0,0.0,0.0,0.0,0.0,0.0,0.0,0.0,0.0,0.0,0.0,0.0,0.0,0.0,0.0,0.0,0.0,0.0,0.0,0.0,0.0,0.0,0.0,0.0,0.0,0.0,0.0,0.0,0.0,0.0,0.0,0.0,0.0,0.0,0.0,0.0,0.0,0.0,0.0,0.0,0.0,0.0,0.0,0.0,0.0,0.0,0.0,0.0,0.0,0.0,0.0,0.0,0.0,0.0,0.0,0.0,0.0,0.0,0.0,0.0,0.0,0.0,0.0,0.0,0.0,0.0,0.0,0.0,0.0,0.0,0.0,0.0,0.0,0.0,0.0,0.0,0.0,0.0,0.0,0.0,0.0,0.0,0.0,0.0,0.0,0.0,0.0,0.0,0.0,0.0,0.0,0.0,0.0,0.0,0.0,0.0,0.0,0.0,0.0,0.0,0.0,0.0,0.0,0.0,0.0,0.0,0.0,0.0,0.0,0.0,0.0,0.0,0.0,0.0,0.0,0.0,0.0,0.0,0.0,0.0,0.0,0.0,0.0,0.0,0.0,0.0,0.0,0.0,0.0,0.0,0.0,0.0,0.0,0.013530593522809633,-4.102639777170965e-15,4.10263976930161e-15,-8.20527955438749e-15,8.205279559635333e-15,-8.205279562270373e-15,-4.102639773261478e-15,-1.2307919344706285e-14,-4.102639782463747e-15
0.0,0.0,0.0,0.0,0.0,0.0,0.0,0.0,0.0,0.0,0.0,0.0,0.0,0.0,0.0,0.0,0.0,0.0,0.0,0.0,0.0,0.0,0.0,0.0,0.0,0.0,0.0,0.0,0.0,0.0,0.0,0.0,0.0,0.0,0.0,0.0,0.0,0.0,0.0,0.0,0.0,0.0,0.0,0.0,0.0,0.0,0.0,0.0,0.0,0.0,0.0,0.0,0.0,0.0,0.0,0.0,0.0,0.0,0.0,0.0,0.0,0.0,0.0,0.0,0.0,0.0,0.0,0.0,0.0,0.0,0.0,0.0,0.0,0.0,0.0,0.0,0.0,0.0,0.0,0.0,0.0,0.0,0.0,0.0,0.0,0.0,0.0,0.0,0.0,0.0,0.0,0.0,0.0,0.0,0.0,0.0,0.0,0.0,0.0,0.0,0.0,0.0,0.0,0.0,0.0,0.0,0.0,0.0,0.0,0.0,0.0,0.0,0.0,0.0,0.0,0.0,0.0,0.0,0.0,0.0,0.0,0.0,0.0,0.0,0.0,0.0,0.0,0.0,0.0,0.0,0.0,0.0,0.0,0.0,0.0,0.0,0.0,0.0,0.0,0.0,0.0,0.0,0.0,0.0,0.0,0.0,0.0,0.0,0.0,0.0,0.0,0.0,0.0,0.0,0.0,0.0,0.0,0.0,0.0,0.0,0.0,0.0,0.0,0.0,0.0,0.0,0.0,0.0,0.0,0.0,0.0,0.0,0.0,0.0,0.0,0.0,0.0,0.0,0.0,0.0,0.0,0.0,0.0,0.0,0.0,0.0,0.0,0.0,0.0,0.0,0.0,0.019135146636550093,-2.9010047434858686e-15,1.4505026142754746e-15,-2.9010047453555005e-15,2.9010047472209542e-15,2.9010047453566e-15,1.4505020129655451e-15,-5.802009494429154e-15
0.0,0.0,0.0,0.0,0.0,0.0,0.0,0.0,0.0,0.0,0.0,0.0,0.0,0.0,0.0,0.0,0.0,0.0,0.0,0.0,0.0,0.0,0.0,0.0,0.0,0.0,0.0,0.0,0.0,0.0,0.0,0.0,0.0,0.0,0.0,0.0,0.0,0.0,0.0,0.0,0.0,0.0,0.0,0.0,0.0,0.0,0.0,0.0,0.0,0.0,0.0,0.0,0.0,0.0,0.0,0.0,0.0,0.0,0.0,0.0,0.0,0.0,0.0,0.0,0.0,0.0,0.0,0.0,0.0,0.0,0.0,0.0,0.0,0.0,0.0,0.0,0.0,0.0,0.0,0.0,0.0,0.0,0.0,0.0,0.0,0.0,0.0,0.0,0.0,0.0,0.0,0.0,0.0,0.0,0.0,0.0,0.0,0.0,0.0,0.0,0.0,0.0,0.0,0.0,0.0,0.0,0.0,0.0,0.0,0.0,0.0,0.0,0.0,0.0,0.0,0.0,0.0,0.0,0.0,0.0,0.0,0.0,0.0,0.0,0.0,0.0,0.0,0.0,0.0,0.0,0.0,0.0,0.0,0.0,0.0,0.0,0.0,0.0,0.0,0.0,0.0,0.0,0.0,0.0,0.0,0.0,0.0,0.0,0.0,0.0,0.0,0.0,0.0,0.0,0.0,0.0,0.0,0.0,0.0,0.0,0.0,0.0,0.0,0.0,0.0,0.0,0.0,0.0,0.0,0.0,0.0,0.0,0.0,0.0,0.0,0.0,0.0,0.0,0.0,0.0,0.0,0.0,0.0,0.0,0.0,0.0,0.0,0.0,0.0,0.0,0.0,0.0,0.013530592872249924,-4.1026399770779e-15,-4.1026399770779e-15,-4.1026399770779e-15,4.1026399770779e-15,4.1026399770779e-15,8.660672991611447e-12
0.0,0.0,0.0,0.0,0.0,0.0,0.0,0.0,0.0,0.0,0.0,0.0,0.0,0.0,0.0,0.0,0.0,0.0,0.0,0.0,0.0,0.0,0.0,0.0,0.0,0.0,0.0,0.0,0.0,0.0,0.0,0.0,0.0,0.0,0.0,0.0,0.0,0.0,0.0,0.0,0.0,0.0,0.0,0.0,0.0,0.0,0.0,0.0,0.0,0.0,0.0,0.0,0.0,0.0,0.0,0.0,0.0,0.0,0.0,0.0,0.0,0.0,0.0,0.0,0.0,0.0,0.0,0.0,0.0,0.0,0.0,0.0,0.0,0.0,0.0,0.0,0.0,0.0,0.0,0.0,0.0,0.0,0.0,0.0,0.0,0.0,0.0,0.0,0.0,0.0,0.0,0.0,0.0,0.0,0.0,0.0,0.0,0.0,0.0,0.0,0.0,0.0,0.0,0.0,0.0,0.0,0.0,0.0,0.0,0.0,0.0,0.0,0.0,0.0,0.0,0.0,0.0,0.0,0.0,0.0,0.0,0.0,0.0,0.0,0.0,0.0,0.0,0.0,0.0,0.0,0.0,0.0,0.0,0.0,0.0,0.0,0.0,0.0,0.0,0.0,0.0,0.0,0.0,0.0,0.0,0.0,0.0,0.0,0.0,0.0,0.0,0.0,0.0,0.0,0.0,0.0,0.0,0.0,0.0,0.0,0.0,0.0,0.0,0.0,0.0,0.0,0.0,0.0,0.0,0.0,0.0,0.0,0.0,0.0,0.0,0.0,0.0,0.0,0.0,0.0,0.0,0.0,0.0,0.0,0.0,0.0,0.0,0.0,0.0,0.0,0.0,0.0,0.0,0.01353059651123571,8.205277747385837e-15,4.102638873692297e-15,-4.102638873692297e-15,8.656568023493372e-12,2.6260204577291746e-24
0.0,0.0,0.0,0.0,0.0,0.0,0.0,0.0,0.0,0.0,0.0,0.0,0.0,0.0,0.0,0.0,0.0,0.0,0.0,0.0,0.0,0.0,0.0,0.0,0.0,0.0,0.0,0.0,0.0,0.0,0.0,0.0,0.0,0.0,0.0,0.0,0.0,0.0,0.0,0.0,0.0,0.0,0.0,0.0,0.0,0.0,0.0,0.0,0.0,0.0,0.0,0.0,0.0,0.0,0.0,0.0,0.0,0.0,0.0,0.0,0.0,0.0,0.0,0.0,0.0,0.0,0.0,0.0,0.0,0.0,0.0,0.0,0.0,0.0,0.0,0.0,0.0,0.0,0.0,0.0,0.0,0.0,0.0,0.0,0.0,0.0,0.0,0.0,0.0,0.0,0.0,0.0,0.0,0.0,0.0,0.0,0.0,0.0,0.0,0.0,0.0,0.0,0.0,0.0,0.0,0.0,0.0,0.0,0.0,0.0,0.0,0.0,0.0,0.0,0.0,0.0,0.0,0.0,0.0,0.0,0.0,0.0,0.0,0.0,0.0,0.0,0.0,0.0,0.0,0.0,0.0,0.0,0.0,0.0,0.0,0.0,0.0,0.0,0.0,0.0,0.0,0.0,0.0,0.0,0.0,0.0,0.0,0.0,0.0,0.0,0.0,0.0,0.0,0.0,0.0,0.0,0.0,0.0,0.0,0.0,0.0,0.0,0.0,0.0,0.0,0.0,0.0,0.0,0.0,0.0,0.0,0.0,0.0,0.0,0.0,0.0,0.0,0.0,0.0,0.0,0.0,0.0,0.0,0.0,0.0,0.0,0.0,0.0,0.0,0.0,0.0,0.0,0.0,0.0,0.013530593161586555,-3.731909283972911e-27,4.102639889351256e-15,4.102639884099216e-15,2.6260211078282173e-24
0.0,0.0,0.0,0.0,0.0,0.0,0.0,0.0,0.0,0.0,0.0,0.0,0.0,0.0,0.0,0.0,0.0,0.0,0.0,0.0,0.0,0.0,0.0,0.0,0.0,0.0,0.0,0.0,0.0,0.0,0.0,0.0,0.0,0.0,0.0,0.0,0.0,0.0,0.0,0.0,0.0,0.0,0.0,0.0,0.0,0.0,0.0,0.0,0.0,0.0,0.0,0.0,0.0,0.0,0.0,0.0,0.0,0.0,0.0,0.0,0.0,0.0,0.0,0.0,0.0,0.0,0.0,0.0,0.0,0.0,0.0,0.0,0.0,0.0,0.0,0.0,0.0,0.0,0.0,0.0,0.0,0.0,0.0,0.0,0.0,0.0,0.0,0.0,0.0,0.0,0.0,0.0,0.0,0.0,0.0,0.0,0.0,0.0,0.0,0.0,0.0,0.0,0.0,0.0,0.0,0.0,0.0,0.0,0.0,0.0,0.0,0.0,0.0,0.0,0.0,0.0,0.0,0.0,0.0,0.0,0.0,0.0,0.0,0.0,0.0,0.0,0.0,0.0,0.0,0.0,0.0,0.0,0.0,0.0,0.0,0.0,0.0,0.0,0.0,0.0,0.0,0.0,0.0,0.0,0.0,0.0,0.0,0.0,0.0,0.0,0.0,0.0,0.0,0.0,0.0,0.0,0.0,0.0,0.0,0.0,0.0,0.0,0.0,0.0,0.0,0.0,0.0,0.0,0.0,0.0,0.0,0.0,0.0,0.0,0.0,0.0,0.0,0.0,0.0,0.0,0.0,0.0,0.0,0.0,0.0,0.0,0.0,0.0,0.0,0.0,0.0,0.0,0.0,0.0,0.0,0.013530592996711714,-8.205279878676662e-15,4.102639936716044e-15,-1.2307919815392704e-14
0.0,0.0,0.0,0.0,0.0,0.0,0.0,0.0,0.0,0.0,0.0,0.0,0.0,0.0,0.0,0.0,0.0,0.0,0.0,0.0,0.0,0.0,0.0,0.0,0.0,0.0,0.0,0.0,0.0,0.0,0.0,0.0,0.0,0.0,0.0,0.0,0.0,0.0,0.0,0.0,0.0,0.0,0.0,0.0,0.0,0.0,0.0,0.0,0.0,0.0,0.0,0.0,0.0,0.0,0.0,0.0,0.0,0.0,0.0,0.0,0.0,0.0,0.0,0.0,0.0,0.0,0.0,0.0,0.0,0.0,0.0,0.0,0.0,0.0,0.0,0.0,0.0,0.0,0.0,0.0,0.0,0.0,0.0,0.0,0.0,0.0,0.0,0.0,0.0,0.0,0.0,0.0,0.0,0.0,0.0,0.0,0.0,0.0,0.0,0.0,0.0,0.0,0.0,0.0,0.0,0.0,0.0,0.0,0.0,0.0,0.0,0.0,0.0,0.0,0.0,0.0,0.0,0.0,0.0,0.0,0.0,0.0,0.0,0.0,0.0,0.0,0.0,0.0,0.0,0.0,0.0,0.0,0.0,0.0,0.0,0.0,0.0,0.0,0.0,0.0,0.0,0.0,0.0,0.0,0.0,0.0,0.0,0.0,0.0,0.0,0.0,0.0,0.0,0.0,0.0,0.0,0.0,0.0,0.0,0.0,0.0,0.0,0.0,0.0,0.0,0.0,0.0,0.0,0.0,0.0,0.0,0.0,0.0,0.0,0.0,0.0,0.0,0.0,0.0,0.0,0.0,0.0,0.0,0.0,0.0,0.0,0.0,0.0,0.0,0.0,0.0,0.0,0.0,0.0,0.0,0.0,0.013530593947369253,-4.102639648463921e-15,-2.633484775996963e-24
0.0,0.0,0.0,0.0,0.0,0.0,0.0,0.0,0.0,0.0,0.0,0.0,0.0,0.0,0.0,0.0,0.0,0.0,0.0,0.0,0.0,0.0,0.0,0.0,0.0,0.0,0.0,0.0,0.0,0.0,0.0,0.0,0.0,0.0,0.0,0.0,0.0,0.0,0.0,0.0,0.0,0.0,0.0,0.0,0.0,0.0,0.0,0.0,0.0,0.0,0.0,0.0,0.0,0.0,0.0,0.0,0.0,0.0,0.0,0.0,0.0,0.0,0.0,0.0,0.0,0.0,0.0,0.0,0.0,0.0,0.0,0.0,0.0,0.0,0.0,0.0,0.0,0.0,0.0,0.0,0.0,0.0,0.0,0.0,0.0,0.0,0.0,0.0,0.0,0.0,0.0,0.0,0.0,0.0,0.0,0.0,0.0,0.0,0.0,0.0,0.0,0.0,0.0,0.0,0.0,0.0,0.0,0.0,0.0,0.0,0.0,0.0,0.0,0.0,0.0,0.0,0.0,0.0,0.0,0.0,0.0,0.0,0.0,0.0,0.0,0.0,0.0,0.0,0.0,0.0,0.0,0.0,0.0,0.0,0.0,0.0,0.0,0.0,0.0,0.0,0.0,0.0,0.0,0.0,0.0,0.0,0.0,0.0,0.0,0.0,0.0,0.0,0.0,0.0,0.0,0.0,0.0,0.0,0.0,0.0,0.0,0.0,0.0,0.0,0.0,0.0,0.0,0.0,0.0,0.0,0.0,0.0,0.0,0.0,0.0,0.0,0.0,0.0,0.0,0.0,0.0,0.0,0.0,0.0,0.0,0.0,0.0,0.0,0.0,0.0,0.0,0.0,0.0,0.0,0.0,0.0,0.0,0.013530590390113536,4.102640727069627e-15
0.0,0.0,0.0,0.0,0.0,0.0,0.0,0.0,0.0,0.0,0.0,0.0,0.0,0.0,0.0,0.0,0.0,0.0,0.0,0.0,0.0,0.0,0.0,0.0,0.0,0.0,0.0,0.0,0.0,0.0,0.0,0.0,0.0,0.0,0.0,0.0,0.0,0.0,0.0,0.0,0.0,0.0,0.0,0.0,0.0,0.0,0.0,0.0,0.0,0.0,0.0,0.0,0.0,0.0,0.0,0.0,0.0,0.0,0.0,0.0,0.0,0.0,0.0,0.0,0.0,0.0,0.0,0.0,0.0,0.0,0.0,0.0,0.0,0.0,0.0,0.0,0.0,0.0,0.0,0.0,0.0,0.0,0.0,0.0,0.0,0.0,0.0,0.0,0.0,0.0,0.0,0.0,0.0,0.0,0.0,0.0,0.0,0.0,0.0,0.0,0.0,0.0,0.0,0.0,0.0,0.0,0.0,0.0,0.0,0.0,0.0,0.0,0.0,0.0,0.0,0.0,0.0,0.0,0.0,0.0,0.0,0.0,0.0,0.0,0.0,0.0,0.0,0.0,0.0,0.0,0.0,0.0,0.0,0.0,0.0,0.0,0.0,0.0,0.0,0.0,0.0,0.0,0.0,0.0,0.0,0.0,0.0,0.0,0.0,0.0,0.0,0.0,0.0,0.0,0.0,0.0,0.0,0.0,0.0,0.0,0.0,0.0,0.0,0.0,0.0,0.0,0.0,0.0,0.0,0.0,0.0,0.0,0.0,0.0,0.0,0.0,0.0,0.0,0.0,0.0,0.0,0.0,0.0,0.0,0.0,0.0,0.0,0.0,0.0,0.0,0.0,0.0,0.0,0.0,0.0,0.0,0.0,0.0,0.013530593770040858
