0.5784349162386455,1.434598118321842e-31,2.188555305614921e-123,7.187237932345382e-70,2.7808220396724448e-8,4.598429651646273e-49,2.6899333306472925e-17,4.192782009270552e-93,0.00692788849286973,1.3630721755945003e-24,7.413368185225075e-106,0.1959585321992094,2.9429522619316273e-58,3.89646607761722e-12,5.060384314450414e-41,8.120046072107778e-5,7.978346976754133e-79,1.1962892075926276e-113,2.5620077521328923e-21,1.5525141759526155e-36,2.2142494241336205e-85,0.4585765412680077,4.440887331180438e-6,6.394041686405583e-64,4.124838171790978e-15,6.622041979391322e-98,4.807099450526515e-28,0.08573120643761843,1.6957301238010773e-54,1.98084011378619e-10,1.9019854363042792e-118,0.0031622814482790535,1.834152609795069e-102,0.4650639717242885,1.2647377578104722e-83,1.9320179865413754e-64,6.660365462123762e-8,3.1916572905986327e-111,2.2145943938202443e-26,1.293403820583082e-46,2.2397560205329814e-16,5.196007699675051e-76,3.4052611239611365e-47,2.301254355289958e-56,0.000880488091312687,3.223875491693505e-120,2.911150805648321e-41,0.13190445314900512,7.254632757402284e-14,1.386005681279838e-19,0.5635313419552118,1.4328059909868645e-31,5.984150051394792e-75,2.0518912974621913e-7,0.5655585995232115,2.4088187423389025e-9,5.227940585586988e-29,3.0614951509827635e-88,2.1858213205795225e-123,0.01858245513956646,2.8105110686147506e-70,6.298566861895957e-38,6.510488439647434e-13,1.089018493337495e-98,1.2766077270838266e-24,1.3288647327345795e-61,0.31466695492208785,4.9249201623764184e-116,1.6156221731735044e-44,0.13915808970205248,0.5777123243068102,1.4328059909868645e-31,2.1858213205795225e-123,4.242452584467187e-87,3.2734696884958495e-48,0.5777123243068102,1.5578370663058538e-7,4.749761932899017e-104,0.3071534493244409,1.2609133066228707e-9,0.4905269789655683,0.010696763492597692,1.3896793293336549e-28,2.5270084852800573e-63,0.006519450151293937,0.48109777512579366,9.251904775916017e-102,4.905579430027427e-26,3.3428106945661854e-79,0.00017491499426196603,7.836776668474682e-111,0.23315744141837175,2.3140786931825302e-114,0.001006390740056196,1.846349247791223e-43,2.634915713819646e-81,2.7687507368033265e-91,2.887712488310137e-52,1.0217685233353428e-12,1.1717840537355484e-81,1.551931533722435e-67,1.4200305557132658e-60,7.583953039174709e-15,1.6983911868961555e-96,3.010575287814656e-53,0.0027913653606279794,8.321147015235073e-19,8.277995544357253e-36,3.8167190337392714e-73,1.1230036930222292e-20,1.3277819276875739e-13,8.428414246379288e-100,8.64554013973054e-58,2.8722581813041317e-6,2.3611799160877937e-5,5.904304569662367e-6,0.020316627340148573,7.462828063379818e-16,0.42217901736922236,7.389661845648328e-35,8.826741644876432e-5,1.0185925367220959e-92,0.04111732589278057,1.399876084101758e-38,5.853475136968467e-111,6.807999634210777e-122,1.6887588973824714e-23,2.2825775438852892e-38,6.83562727355708e-72,7.144369313204701e-7,0.015777467012690307,1.9838197383958037e-11
0.0,0.5784349162386455,1.434598118321842e-31,1.2476309369764987e-8,5.875455386327423e-9,0.0062141695152299085,0.003457811795722045,1.673921127446284e-17,3.729617463869514e-18,0.20487607646616204,3.827352160199657e-23,1.8740226967233436e-24,4.096480014440208e-5,9.265763570883261e-6,0.13397361996725635,1.0474337372331495e-13,8.46002484345026e-12,8.402610077730493e-27,0.0524465285700916,0.37599571890886835,2.50129789768744e-14,3.629771841287366e-28,1.1619520043451405e-11,9.792607455048531e-7,0.0004224993981613179,1.4268490681552487e-19,0.45067822039613564,2.5260274817720546e-22,0.00037861681185485127,5.384303303966247e-7,3.986159092840968e-29,3.4220826264103265e-17,1.3434740423873176e-21,2.8687872409345904e-28,1.2347566120911926e-13,6.804386583600132e-7,2.3029326276991826e-9,1.200305937093944e-25,0.3317951081456877,0.018319844314892683,0.0015168606873427136,9.135877717216844e-11,0.014335285799629185,0.00012890497583463028,8.155264843654466e-16,5.372566677616855e-30,0.12488303842051889,2.3786649992742936e-23,9.919640217934689e-5,0.01909730568934835,1.8322159108230476e-30,0.5777123243068102,2.1961330129260086e-10,6.395707387122434e-10,1.4822116648413818e-30,6.40870350697198e-8,0.5083209859458371,1.7627304093035215e-15,1.4328059909868645e-31,1.5266477733785327e-19,9.120866937356871e-9,0.2899618491820959,2.8411695372526002e-5,6.461465411280791e-20,0.20644062438515592,4.762575201355291e-6,3.76566845529052e-26,5.96945992845152e-28,0.04198531921116963,1.727861197981824e-23,1.4328747407566736e-43,0.5777123243068102,1.4328059909868645e-31,5.127271431530427e-15,0.0091698804094551,1.4328747407566736e-43,8.847815004137595e-10,2.5686956246752335e-22,4.8196279338553195e-26,1.143167096504499e-7,1.1020015595960164e-28,9.755386224286614e-19,0.4847051531329568,1.4821260803359696e-6,4.461164166383955e-18,1.5691246945016264e-28,2.782482726492795e-21,0.3061620036884671,6.108027141237993e-12,2.470389712563654e-14,1.836378752582626e-25,5.10230886453508e-25,3.821144850772366e-27,5.961794686709679e-16,0.06141660537549288,9.758136123731466e-13,9.76058655044061e-17,0.001270500424334605,2.1610556684365175e-5,7.157345440664487e-13,7.265545572353669e-8,9.380691193775709e-6,0.00031524522215418233,5.872259980398456e-19,0.0007531618381946216,4.7670209801506146e-17,0.011221627894278286,0.42105628273038204,9.523241330122608e-10,0.03699948395981042,7.135842122697961e-5,2.0839442539840782e-20,5.470862121708188e-5,2.1545736296226677e-11,8.84022422172976e-13,7.640158993259305e-12,1.1051315733365767e-19,0.0009134691852410573,1.2868415844900745e-27,0.47682680270973693,9.026294659535756e-14,2.4385764399722166e-17,7.27551767729422e-21,0.2515317576862196,1.59971995614643e-25,7.954238403684598e-31,0.13968640093327198,0.2639917636260117,2.5822529694411754e-9,1.3890160891239317e-10,2.6918155052959474e-19,3.0460935140438555e-6
0.0,0.0,0.5784349162386455,1.3321764769948884e-8,-1.4571937144319491e-39,5.165449952097327e-18,-8.575848650200307e-34,0.004110732448802246,-9.249964076373327e-49,-5.081208180555483e-32,0.12154379463041906,-4.6478339376431215e-55,3.5074377836378705e-13,-2.2980367558102314e-36,2.1817580922114676e-23,-2.5977796746307456e-44,5.518002204659206e-6,0.3630310311097152,-1.3007460145739617e-32,5.6011152380055105e-27,0.00017380241569292613,-9.002333205107033e-59,-2.8818007215976956e-42,9.225135224929223e-11,-1.0478565947154392e-34,0.018911050527765243,-1.117484050851566e-31,-6.264895445357869e-53,5.199894899977069e-15,-1.3353812454082955e-37,0.5138703755070083,-8.487235398087001e-48,0.060530547765515454,-7.114986772362324e-59,7.415044288707428e-5,1.4740706754645889e-10,-5.711589535089852e-40,0.27766373999283567,-8.228944272921376e-32,1.596103060981841e-19,-3.762023050006274e-34,9.880576445491135e-7,3.7120498854292386e-19,4.441465089092242e-14,-2.0226178037800335e-46,0.5507276485564915,3.295290617673192e-23,-5.899416228651484e-54,-2.4602071540936504e-35,-4.7363943700196726e-33,-4.5441473608098094e-61,1.4329116778587866e-43,4.957541046781953e-7,-1.5862233633070481e-40,-3.676088710486573e-61,-1.589446579706722e-38,-1.2576657680314988e-31,0.0006242948181567567,0.5777123243068102,-3.786296368951369e-50,1.8207002528604724e-8,8.210906558678762e-26,-7.046491070214555e-36,0.02358187350934152,-5.120011104033453e-32,1.0499156988699036e-11,-9.339375491563337e-57,0.44506393210465583,6.711299600233495e-21,-4.285333325769312e-54,-3.553726355675839e-74,1.4329116778587866e-43,0.5777123243068102,0.0003811598379795036,1.580048916493422e-18,-3.553726355675839e-74,-2.1943797650968162e-40,0.08544860207232148,-1.1953339901887282e-56,-2.8352115675122684e-38,-2.7331153763406886e-59,-2.4194699054250103e-49,-1.2010955179331154e-31,5.347060664072063e-11,-1.106430047521337e-48,-3.891644973270674e-59,0.051473691145922755,-7.59322686450343e-32,6.8650174600872865e-6,-6.126906128369499e-45,0.2646906257350819,-1.2654427474324455e-55,0.3881149673358846,-1.4786070479615088e-46,1.2566353590261691e-21,2.222892852669127e-5,0.0021165059183505127,3.43832710202922e-16,-5.3597151701829605e-36,2.689105778341812e-5,2.0922588684871463e-9,3.811742041491341e-12,-7.818514923911607e-35,0.012488904207479218,1.1589871842832373e-15,-1.1822867424039356e-47,-2.783117998187662e-33,1.3172621117639534e-27,1.4616079681622944e-7,-9.176380708954439e-33,-1.7697869534626635e-35,0.0316940570087284,2.1294670309308562e-13,-5.3436388227423416e-42,-2.1924971466978986e-43,-1.89486447095588e-42,-2.740878240746814e-50,-2.2655291675911704e-34,-3.191544050784982e-58,1.8913713431710814e-28,-2.238645173460805e-44,0.0035910691672936387,-1.8044284113301e-51,2.780017133491611e-25,0.2689215834657006,0.5716486680136956,-3.464414783706565e-32,1.8780475143931525e-25,6.000268847626375e-8,-3.4449508697255654e-41,-6.676072537042196e-50,-7.554730706603436e-37
0.0,0.0,0.0,0.5784349162386452,-1.267281711912251e-16,0.007889723521715006,-7.458182114533465e-11,0.01189233959104922,-8.044441994043919e-26,-4.418142190089143e-9,9.902010345049155e-5,-4.042094672002033e-32,0.16776186471446283,-1.9985400191446466e-13,7.463959641807141e-5,-2.2592182773175445e-21,0.3080843295968779,2.5385986245210483e-6,-1.131220880943841e-9,1.9846885565492003e-6,0.09453799899216865,-7.829084165257918e-36,-2.506223651451826e-19,0.42248228143672795,-9.11292359986557e-12,0.0023737197952958438,-9.573432189712991e-9,-5.4484090524912524e-30,0.062069129947339464,-1.1613447230632606e-14,1.963873691457665e-7,-7.381117622294165e-25,0.00041113959495113624,-6.187710342016733e-36,0.13635692427650065,0.44757550999590556,-4.967213962071196e-17,8.358986314155863e-6,-7.142765947278635e-9,0.002382167373973944,-3.271729048629854e-11,0.42643421593466346,0.0031991870160206944,0.10627060831406569,-1.7590156528487146e-23,6.692726029429635e-8,8.882494181701658e-5,-5.130561725242405e-31,-2.1395752005820222e-12,-4.119112519073026e-10,-3.951921278245072e-38,3.1190781559635095e-11,0.46982908324088074,-1.3794952856426422e-17,-3.196994296659301e-38,-1.3822984292167482e-15,-1.0426427965901962e-8,0.047413976752013594,-3.322126352290674e-11,-3.292838897622017e-27,0.5769105896960148,6.710438607752774e-6,-6.128141494137757e-13,0.0017801480770338013,-4.451851996731903e-9,0.3145561593356942,-8.122200668257433e-34,7.405277616122447e-7,0.0007362731586141661,-3.726837756305165e-31,-3.090579087107969e-51,-3.111290197086028e-11,3.330442061137663e-11,0.0632973642756778,0.00528359579186536,-3.090579087107969e-51,-1.908392355632388e-17,0.0002143301653512507,-1.0395494369695318e-33,-2.4657063321955066e-15,-2.3769160535618517e-36,-2.104147124229425e-26,-1.0147770497480743e-8,0.3970281534124518,-9.622320977966816e-26,-3.384457711446903e-36,0.0005481361155565022,-6.595488489426132e-9,0.29095911304321237,-5.328403499264725e-22,1.0125473369669079e-5,-1.1005211149420062e-32,1.7588130084153917e-6,-1.2859043052602238e-23,0.0003840010744072381,0.21061183347958717,0.02068564342276286,0.0292571350742642,-4.661198404128573e-13,0.19794081535803293,0.5495041029955348,0.2664546512583081,-6.799549626290756e-12,0.003890508119978779,0.041184513168050066,-1.028202600687781e-24,-2.4204018346536244e-10,1.018013247363084e-6,0.5295565652103952,-7.980441438826085e-10,-1.5391355437963477e-12,0.0011757294157919802,0.15138493153934976,-4.647217242331804e-19,-1.90675509365148e-20,-1.6479120564493842e-19,-2.3836672054481832e-27,-1.9702690533937288e-11,-2.7755989943305745e-35,4.023256698375539e-7,-1.9468887764818827e-21,0.013446296690472521,-1.5692622768585943e-28,1.1558168349866056e-5,9.532581813711099e-6,1.7915822705862088e-8,-3.012771712044569e-9,9.710639440417024e-6,0.556501231114093,-2.9959800076006246e-18,-5.8059985778152375e-27,-6.570143672786022e-14
0.0,0.0,0.0,0.0,0.5784349162386447,-6.312045365830776e-11,0.009481024392862447,2.6054691839978744e-18,0.01053222054676103,1.3014231026175171e-5,2.1694120235377788e-20,4.82384903613827e-5,-4.160633958063464e-13,0.22675881182704422,-1.360795162856509e-9,0.1625885198238333,6.7411658717823e-17,5.561765931525025e-22,0.0003141836202401093,-3.805341412708379e-9,2.0711890692246134e-17,1.1146900886370435e-6,0.36729425428117746,-9.854284820794776e-15,0.04428853148054504,5.200536124202514e-19,3.2547709139087114e-7,0.00034781089795670454,-3.8457884509180285e-12,0.42102855563411196,4.302612348980472e-23,0.020759197289071805,9.007576738861475e-20,1.0033039473426704e-6,2.98729168692741e-17,-6.813500436838965e-15,0.568899422078259,1.8313539153084315e-21,1.998498136846151e-6,-1.8608388219775885e-10,0.01862450885304494,9.249865870348853e-17,-1.456107223263636e-10,-1.309329616588756e-12,0.051040832714949136,1.4662962179198746e-23,-1.2684691683820028e-9,0.00013618572802056087,0.09462187459158113,0.001477220637837078,7.149687321049132e-8,-1.4651966543245174e-11,1.0070320912914191e-16,0.5430817749101359,6.304431589093179e-8,0.5317229079679411,1.0706425430493624e-7,1.0387817258533317e-17,-7.278381461299582e-27,0.003647372379556165,3.3748960600269244e-17,-2.942922109426774e-9,0.15679057944761934,3.9000914975775006e-19,1.2664052186094712e-5,-4.830696454923137e-14,9.103445077781024e-6,1.62240774736928e-22,-4.2646568392639746e-10,0.00012030925232601065,-6.934698471681854e-11,1.4688642296930134e-11,7.296600184698754e-27,1.3867643300283488e-17,-9.314309986476595e-11,6.952056912426113e-11,0.5515221699280725,4.695717551283086e-20,1.0121570835946297e-5,0.5076277523634949,6.343277469110452e-7,0.006815951354352937,1.757823767879666e-7,-1.4967718522995588e-14,0.011150417771942455,7.500879788417789e-7,1.2009006635299715e-19,2.90118303023841e-6,6.368361904215107e-17,0.11815917988082215,2.218370099313183e-21,2.7830485475399728e-5,3.8533489207943806e-22,0.04700406513912739,-6.238378081327135e-10,4.6132621647868746e-17,4.531976050906462e-18,-1.2905107627003234e-11,0.17354611170267045,4.335919489634321e-17,-6.176083576788074e-16,-9.522603796022565e-14,0.05226139825590591,8.523637867598742e-19,-7.650235894176343e-12,0.023018816653356346,0.0028395084836072954,-4.24265447589493e-9,1.063462722731016e-16,0.000566559195386985,0.10942317281422918,2.5758825128587475e-19,-5.556699110792659e-13,0.39659450566904697,0.24419590414862846,0.34695979157636053,0.003251481424988757,0.027019433317108012,2.0052704675281316e-6,-4.731697192553398e-9,0.1573725592839031,2.945922519133865e-18,0.0012387187723689338,-2.5539153209739767e-9,2.088474651282973e-21,3.9251424545115294e-24,3.896123602235519e-5,-2.6801545821992717e-9,9.569351644006636e-17,0.4854317302557029,0.004421234730849237,0.3016129267225638
0.0,0.0,0.0,0.0,0.0,0.5783477229867822,-3.715069708614106e-5,-0.00016218682550090386,1.1494789195869723e-12,-0.0021725868165674038,-1.35080902921611e-6,5.264714071434712e-15,0.22682477713912297,-9.95329752957501e-8,0.24663848333774477,1.7743668436792008e-11,-0.004045825383192816,-3.4631123943619185e-8,-0.0005627523103940693,0.0617866802783939,-0.0012847938080433232,1.2165647289112824e-16,3.996138200692037e-11,0.05225985424664935,-4.539573298068707e-6,-3.237993654585792e-5,-0.0042623456218064655,3.795983072498862e-14,0.41313535508985466,-5.7393176782028906e-9,-2.6790835226847733e-9,2.2656434628073432e-12,-5.608617318475488e-6,1.0949986970880811e-16,-0.001847218299752526,0.04369332005180345,3.734496655836981e-11,-1.1403178921693596e-7,-0.0034154683399591373,0.5365142504507593,-1.629769635180755e-5,-0.0052179129906709375,0.5534557711072737,0.3177083966239559,5.570550933628102e-12,-9.130104910193907e-10,0.26001554637102586,1.4863212203730525e-14,-1.0658208449507306e-6,-0.0002051158862151954,7.80311721275654e-18,-4.192912302266309e-13,-0.005440898964933792,5.2399561611075e-11,6.880611198851755e-18,-6.30563702888497e-10,-0.004277654160692046,-0.0006458818739690653,4.531989559570901e-13,3.98071591119489e-13,-0.0011093419109880764,0.10402307554136736,-3.052574056703789e-7,-2.428333990895526e-5,-0.002188635572141222,0.10458379295759458,9.93543434726941e-16,-1.0102154230324562e-8,0.44573265781235616,1.3130465089037437e-14,-7.568479932031061e-21,4.306448878598715e-13,-4.543333711381683e-13,-0.0008616681256602824,0.5725752277892148,7.587424809153083e-21,5.068602564168301e-11,-2.923830873795988e-6,1.1046609461863986e-15,-1.1728958778057324e-9,6.923007312331337e-17,7.438880079197355e-13,-0.00433744942922554,0.06342729754119572,1.2169485113341076e-12,8.186406140517877e-17,-7.4774484201193695e-6,-0.003179092029458243,-0.0038390797588311403,1.2895542296345e-11,-1.381298717551663e-7,3.037399126710408e-15,-2.3993425387527723e-8,5.129983386610477e-12,0.38683370936496675,-0.0028285335259208345,-0.0002820436211308725,0.5126923806753,-2.321795901954023e-7,-0.0026631378006614533,0.010882839056369014,0.13601646698585057,-3.387178889123475e-6,-5.306860811752433e-5,0.47211084550783555,2.5122565471563413e-12,-0.00012054727080890602,0.045096536007073244,-0.00510058103502391,-0.00039720652880946463,-7.667102931423249e-7,-1.603857524844278e-5,0.24846483693966728,4.305253616931573e-11,2.66418664307238e-11,3.7784850419840385e-11,3.5486433811859993e-13,-9.8147466726803e-6,2.1885377358158518e-16,0.028162069495907258,1.7174557850485784e-11,-0.0001833726506406698,1.351928739651402e-13,0.1285773562797531,-1.3004175811554066e-7,-2.44404662543149e-10,-0.0014914950557195687,0.12037919476883446,-0.0040245077961778815,5.1487213888766686e-11,4.825303691473308e-13,-3.26964133882185e-8
0.0,0.0,0.0,0.0,0.0,0.0,0.5783468722642856,-1.0416701398762156e-8,-0.00017260647731399674,0.12183262885333862,-8.675781675752471e-11,-7.907857568237376e-7,1.4325421388056814e-5,0.18392401019877314,-0.0007817837262151803,-0.0026377104726271142,-2.5984801205804386e-7,-2.2242379509071993e-12,0.3456983323404422,-0.0021278742344190867,-8.251784031350852e-8,-1.827346178382047e-8,-0.005628105025987664,3.351164358791717e-6,0.4816052075554915,-2.07965191068625e-9,0.02305713537220015,-5.7016835035459694e-6,2.42745181953238e-5,0.06094281861186358,-1.7206831793330014e-13,-0.0003401023186575768,-3.6022219453914204e-10,-1.6447474471633762e-8,-1.186403549083744e-7,2.8026741874770853e-6,-0.0033027637099312416,-7.323869522110263e-12,0.05553033970941074,-7.504244964009907e-5,0.5579001568688258,-3.351234802072192e-7,-5.014147855289693e-5,1.9637640718514447e-5,-0.0008352175976818141,-5.863952285025018e-14,-0.0007271935743263407,-2.232517792274611e-6,0.36177222505793466,0.48601869759230487,-1.172070848909597e-9,-8.624259863752438e-6,-3.494423808415859e-7,-0.005687315053343597,-1.0335054090758795e-9,0.01931083599806484,0.012365982347295778,-4.1482761970830454e-8,2.910740982197149e-17,-5.9786033550976924e-5,-7.123983629030336e-8,-0.001686475210430709,0.25942699268463926,-1.5596353706978038e-9,0.12064703881157612,6.689612018080127e-6,-1.4923546513352777e-7,-6.488266122225333e-13,-0.0002222242586007797,-1.972253179728838e-6,1.1368271298772048e-12,8.645847493615128e-6,-2.91802694063767e-17,-5.534196214295638e-8,-1.8039297073830123e-5,-1.1396727541608016e-12,-0.005266454050206963,-1.877875980632262e-10,-1.659258859327868e-7,0.027657260246972258,-1.0398733418130186e-8,-0.00011171432622237883,0.01646628385444895,4.065506583231906e-6,-0.00018273449814418255,-1.2296426809231926e-8,-4.802507864477389e-10,0.06570353681954627,-2.465696918391716e-7,-0.0019252414536776315,-8.871606459654581e-12,-4.562327261711703e-7,-1.541015169094115e-12,-0.0007693034760098074,-0.0003419273204618075,-1.8166656174460838e-7,-1.8114690099588474e-8,2.5337373304711804e-5,0.2406075160618965,-1.7104383228101764e-7,6.987066598506495e-7,8.681104753998714e-6,0.45690257393107353,-3.4084140821389635e-9,2.5823569696811146e-5,-0.0003770950382349601,0.5329655351830109,-0.0023174150949968166,-3.2757839239166133e-7,0.4011435269278656,0.3335240069252618,-1.030102506437428e-9,1.563331921488678e-5,-0.0059541332721083215,-0.003909485492208233,-0.005374583530502139,-5.329732246614352e-5,0.5352842590602488,-3.2873018116961133e-8,-0.0024584805880342644,-0.0025545508715692296,-1.1777393940049033e-8,-2.0305837144726278e-5,-0.0014713730009067616,-8.352134745876599e-12,-1.5697270661100743e-14,0.18201324350541612,-0.0015419357155086798,-2.5846200834762463e-7,-0.006487267977618688,-7.246930402317224e-5,0.12382217992340977
0.0,0.0,0.0,0.0,0.0,0.0,0.0,0.5782980201913438,-3.108784170109555e-12,-6.070284014266253e-7,0.22149637403277228,-1.4242700251547205e-14,-0.0033423862287425355,3.2850552255388047e-9,6.763618502623747e-5,-4.7507278332009914e-11,0.13833212423153943,0.05077996836820664,-1.5157672781428472e-7,1.7287558401283145e-5,0.38818045645707416,-3.291200386401552e-16,-1.0136609013721559e-10,-0.007691684000884486,7.402043377729899e-9,0.5000943174905969,-1.1947858226567072e-6,-1.0269199750814585e-13,-0.001156974936034016,1.096134548356698e-9,0.01312421464032942,-6.125521394448217e-12,0.34315837684053535,-2.9623250907189117e-16,0.31717814491207735,-0.007939965042453681,-5.94811778459794e-11,0.0870991622515313,-9.567395377105258e-7,0.00010148534043523506,5.479176280344924e-9,0.0681762347058156,8.943878378904545e-5,-0.002083324923922874,-1.504295134570483e-11,0.0064149261739740214,7.109614711751889e-5,-4.0209477008892677e-14,6.217618705517968e-9,-4.876289253163416e-8,-2.110995757986313e-17,-7.968827797655153e-13,0.0485763038440482,-1.0242913400280943e-10,-1.8614280326533742e-17,3.476632311725907e-10,-1.1992542207296645e-6,0.4961026088312924,1.0279267241635105e-5,-1.076795501818068e-12,0.0019444842132694874,2.9035811243135316e-5,4.5873787956175905e-9,0.4780111090201784,-6.11550024668387e-7,-0.006137952535941454,-2.687853162544298e-15,0.02767558055628597,0.0001098677271537141,-3.5521897816993233e-14,2.047518928557327e-20,7.956732699207927e-13,-1.0253601164701446e-5,0.4564824700747172,5.194960505089078e-5,-2.052644131352985e-20,-9.48487768600422e-11,0.28428522663645184,-2.9884613342345716e-15,4.978526835465322e-10,-1.8728972019148034e-16,-2.0120666274486768e-12,-1.2159560020234776e-6,-0.007415836482770674,-3.291198122772535e-12,-2.2146873507057005e-16,0.36766743327335333,-8.902745234283486e-7,0.15042780784458143,-3.4675156172295736e-11,0.09406934384963839,-8.21712569876227e-15,0.04295672525436134,-1.3855784425338125e-11,0.0001005930568881304,0.2227541647361864,0.5633407673510481,-0.0004572006776939532,4.2688815023451574e-9,0.23714118219308472,-0.006407584426538537,-0.005270508772358635,7.280230270465014e-9,0.538960038197742,-0.0007131025387241279,-6.791790530442052e-12,-2.420301890531986e-8,1.2626592292074924e-5,0.024176467910593236,-1.0415664747824988e-7,5.792667219340284e-9,0.43902413216661434,-0.0030106794514308467,-1.0723786817925613e-10,-7.041286888364087e-11,-9.680009704773891e-11,-9.599284940502307e-13,6.889714050609017e-9,-5.920700259583772e-16,7.889887723668006e-6,-4.6009510029568656e-11,0.5770111263116284,-3.6572478467574974e-13,3.5822506488539406e-5,0.09161567883463241,0.0023692934491786736,-4.149573981731139e-7,3.356127937693524e-5,0.012366069351175197,-1.1683869171058698e-10,-1.3052316032248585e-12,2.2212016694197766e-9
0.0,0.0,0.0,0.0,0.0,0.0,0.0,0.0,0.5782975006191862,3.6126790102204304e-5,1.1648174373511134e-12,0.18443555379453008,4.2752973689113314e-9,-0.003988842051676963,-2.333174291089655e-7,0.26612496622547316,-7.680606496103152e-11,2.723167289805074e-13,9.745983168278186e-5,-6.350448820066074e-7,-2.2540072946331757e-11,0.035903165882372745,0.09229133104173978,1.000088699420718e-9,-0.0006615359444652479,2.06772659527403e-12,6.876016096498474e-6,0.34241522087304294,7.244542968329258e-9,-0.006846392220202441,7.050117568933617e-14,0.5577151917178627,1.7372288323495032e-12,0.034026541271018784,-3.3702259282245194e-11,8.363945574980509e-10,0.005606569098100836,4.660377751730397e-13,1.6537937145371122e-5,-2.2395859202969144e-8,-0.00017247514853115467,-9.964860857270193e-11,-1.4964350139111834e-8,5.860696437365872e-9,0.4738434060314773,3.4467554171670095e-14,-2.1702542362756007e-7,0.26032183139687304,-0.0016074247960662998,0.00011816140063833567,0.006326287025355353,-2.5738461521799896e-9,-1.0402734221469344e-10,0.017135131321631875,0.005761431476141296,-0.00661924000428739,3.688968100252087e-6,-9.713296619385467e-12,5.526748231404628e-17,0.5430412998018515,-2.125054557888629e-11,-5.033147624131523e-7,-0.0027483464805465076,2.1042077985893932e-12,3.577930049328507e-5,1.9964318956014775e-9,0.09650295852836785,1.485834308025784e-13,-6.632116998255535e-8,0.25097480964004776,-1.3731846240539304e-5,2.580288819601257e-9,-5.512952958407193e-17,-1.4062459762048328e-11,-5.383693541506103e-9,1.375914603994508e-5,0.01375527495551957,1.472203175794952e-12,0.10086595546823406,-0.007057375238635423,0.02645951209961483,0.5716575399741541,4.9115479041564305e-6,1.2132802997489483e-9,0.5781424954112162,0.029019265525152292,1.8331618115562302e-12,1.955792676847435e-5,-7.27782257702979e-11,0.32954828735728553,5.030458349824506e-13,0.1504861190894665,2.30464813878422e-13,0.48527937849080965,-1.0204564980215548e-7,-5.3019561316992135e-11,-2.3778138914122187e-12,7.561747914951724e-9,-0.003049772551787964,-4.9771945768602284e-11,2.0848935403875796e-10,2.5907827358464687e-9,-0.0008135019079913183,1.880099910911362e-12,7.706848236226911e-9,0.5540735805424696,0.00010736674872253048,-6.916098077903428e-7,-9.76333651509974e-11,0.00010941254810877416,-0.0018819074672166156,2.052658604762025e-12,4.66563151891689e-9,0.07596247615721494,0.1767850546913628,0.10421548328235146,0.5343634706630244,-0.00033187640816645484,0.048418615599919376,-7.337051784966969e-7,0.27255681493281314,-4.1300657922857497e-13,0.4599831554672384,-4.39119587265481e-7,4.900105718825765e-13,1.2732050184501628e-14,5.361655222595632e-5,-4.6017837203946354e-7,-7.706958479504102e-11,0.0379995248363759,0.5531755910885131,-0.005235960045996158
0.0,0.0,0.0,0.0,0.0,0.0,0.0,0.0,0.0,0.5270339975316256,2.4956805055094093e-7,-1.246095858959526e-5,0.0009158283240730871,-0.039385533544498516,-0.046450610553929184,0.0005874959296444446,-1.645608823277062e-5,5.834524192851061e-8,0.3783838798557173,-0.10696512416419218,-4.82932504527285e-6,-2.4568706133727175e-6,0.0012857448670219277,0.00021426981833046102,-0.07227393948727877,4.430209222892678e-7,0.3030563562591538,-2.2162210157356343e-5,0.0015508613921300944,-0.013682860632072033,1.510523487573561e-8,3.987776273572571e-5,3.722100984575753e-7,-2.3286523038861207e-6,-7.220880084372896e-6,0.00017919887780950178,0.0007560302135693154,9.985095973376187e-8,0.4463342331893876,-0.004730845398347378,-0.044886099274490984,-2.135021612710273e-5,-0.0031686641812451043,0.0012551713748166482,0.00015933333051340817,7.384848497413517e-9,-0.043410026869530896,-1.733165421123925e-5,-0.06812161809304335,0.20003429971245779,-4.333811074145913e-7,1.9936407645012444e-6,-2.2288379784229246e-5,0.0013027256964320427,-3.94693572698149e-7,-0.0043900711047016195,0.21017590158912264,-2.0811231161096445e-6,1.1841338717857907e-11,-2.3493583342378854e-5,-4.553029539519341e-6,-0.0911574956251856,-0.05322081649000831,4.5083720535232627e-7,0.5258947083996389,0.00042772420596453524,-6.580749759104033e-6,3.1834754512531194e-8,-0.01383032951950742,-1.6750712957552066e-5,9.410207482446619e-10,-1.9986306535281927e-6,-1.1811781644977385e-11,-3.0129533966826553e-6,-0.0011438138938862318,-9.42891423944451e-10,0.001206202405375495,3.1542700582379783e-7,-6.87598856281082e-6,-0.006272334651778253,-1.8113415729520438e-6,-1.352930971922876e-5,0.25120988574635833,0.00025994490472146654,2.336619522648465e-6,-1.9863700923750887e-6,3.9276422636835987e-7,0.4693636969327491,-1.5593103433138104e-5,0.0004195447863948315,1.0778012446395224e-7,-1.021064793316251e-5,4.937825660615757e-8,0.00014341195539656706,-0.02107093119190111,-1.1359709890300786e-5,-5.094586995607637e-7,0.001616917883196478,-0.05001468945412958,-1.0663891825640715e-5,4.466968877042424e-5,0.0005550462676414603,-0.07309395950677049,4.0282095242902173e-7,0.0016489621111018097,4.86230683188919e-5,0.12158781130939364,-0.11092057740235972,-2.091843230995373e-5,0.3143951081989542,-0.06460238218552158,4.397925288368803e-7,0.000999403888566132,0.0013615777961536067,0.0008856082760040015,0.0012267923417623849,-2.4388938116527095e-5,-0.061340016225464485,-3.311418735467821e-6,-0.10896477027584275,0.0005679598378627458,-8.84887566715768e-8,-2.6867189639668144e-5,-0.08165677177057394,1.0498725315557783e-7,2.7279064016471147e-9,0.5190380150833874,-0.08488316850148897,-1.6512534729139223e-5,0.0014858364980722305,-2.1275423671568137e-5,-0.027192121030165592
0.0,0.0,0.0,0.0,0.0,0.0,0.0,0.0,0.0,0.0,0.5203397013435681,5.569649006826994e-12,0.0013914848425716233,1.75223417388723e-8,-2.8142781549365064e-5,-2.6259062812754716e-10,-0.0526659039410318,0.3598623959725721,-1.183628665413843e-7,-7.147582853500903e-6,-0.11544562527612094,1.098142401930583e-12,-5.746714088222692e-10,0.0031969470536440804,3.158204719939832e-8,0.2309855446475676,3.521793096735927e-7,9.905797390093011e-12,0.0004817588777045146,6.106208130755376e-9,0.1557774931922293,-1.7824076385941543e-11,0.4397870859796395,1.0408329280193342e-12,-0.10459920667026966,0.003299110428853886,-3.378545624094915e-10,0.4464992250177838,1.8433237605041934e-7,-4.2258178903099245e-5,1.9246867292445283e-8,-0.02703948584474378,-3.7242489417304976e-5,0.0008674328818499669,-7.121683124327966e-11,0.09129261142775362,-2.958503679175838e-5,7.746693785701188e-12,3.008370939455598e-8,-7.56356512063231e-8,1.9370746173178263e-13,-6.243607623391082e-13,-0.019455510888538065,-5.822049277954389e-10,1.7641537395463349e-13,1.9608297506186336e-9,3.9858784995722527e-7,-0.11203962004592949,-0.0003413173042031973,1.0500878055273303e-11,-0.0008007783265722122,-1.2047372510191875e-5,2.361577610914585e-8,0.27063822232770857,2.4293264427552036e-9,0.002553800009596617,2.941384175509944e-12,0.25756799316371587,-4.574445821567287e-5,7.48703167259795e-12,-4.206061073488285e-16,6.272577073498568e-13,0.00034214978700343517,-0.11775614308054379,-2.163222327602845e-5,4.2144223941675593e-16,-5.39058968557887e-10,0.4897470265821783,3.073346455808315e-12,2.8010699230156856e-9,8.096116152473558e-13,6.047167165986593e-12,3.858618725458509e-7,0.003083398085648719,-1.0443938637329672e-12,8.878437523645568e-13,0.4168388858290866,1.456094988237225e-7,-0.05691356722795786,-1.8752255260592176e-10,0.46078252168176487,4.563832288232418e-12,0.3278500806292952,-6.410049835088811e-11,-4.187884193703698e-5,-0.07993737745364986,-0.05683081567270095,0.0001903823673849196,2.221066601928148e-8,-0.08426620629479062,0.002652456917504692,0.002193462237540917,3.202607525415343e-8,0.15435471655177208,0.0002969389758395381,-2.1732945774861467e-11,-4.8237959971323176e-8,-5.204765976205275e-6,-0.009816397083555748,-1.0741890979644105e-7,2.8572753990340444e-8,0.32835102896259244,0.001253443157324331,-6.085611156598969e-10,-3.9583449057766495e-10,-5.483243543368042e-10,1.090107296887248e-11,2.6551205177924098e-8,1.4800980173240561e-12,-3.2332452560165934e-6,-2.538587244716588e-10,-0.012928593638746665,1.2008772215224307e-11,-1.4878045091505918e-5,0.4572894861745309,0.03760361773146238,-7.614714399962284e-8,-1.3934877395193511e-5,-0.0050578454554570775,-6.640757662444459e-10,9.509431749420406e-12,1.2117086173924817e-8
0.0,0.0,0.0,0.0,0.0,0.0,0.0,0.0,0.0,0.0,0.0,0.5120261028463221,2.0770232790619472e-8,0.0014148296320603206,-1.0476131222180495e-6,-0.0806381133788646,-3.7264316372974863e-10,-2.5912213985549926e-12,-2.5392874551504623e-5,-2.3777022906334974e-6,-1.082709554843489e-10,0.2886156189828494,-0.031134567273821002,4.859493039955427e-9,0.0002331027576139354,7.534914609409031e-12,4.93413989775016e-6,0.42544989871491284,3.5170588852966855e-8,0.0024274705059752605,-1.3519162115071864e-12,-0.06243223698085956,3.657686234230756e-12,0.27884179279708066,-1.6262823991293475e-10,4.064102372644986e-9,-0.0019688219370162462,-2.5922984830687386e-12,4.990731886242676e-6,-1.0718127789661516e-7,6.014146047193119e-5,-4.839183457714353e-10,-7.180157727405982e-8,2.846581521233136e-8,-0.10351974395679374,-8.255657901817046e-13,-9.793999457207802e-7,0.4887222411042977,0.0005689949889011668,-3.7083004832273135e-5,0.08145214970136422,9.623184787933578e-10,-5.052779317385907e-10,-0.005984923157461866,0.0746486465221719,0.002342723636872801,3.8052552379912547e-6,-4.598012674709912e-11,3.981291467905274e-15,0.13424466052688058,-1.0325176387138995e-10,-2.0397673760494733e-6,0.0009743222849082897,7.280855503896598e-12,9.564385071682047e-8,9.700512842686807e-9,0.454495753443096,-2.079741948859238e-12,-3.1303657003963913e-7,0.49393925965897084,4.946311877855379e-6,-9.647272745684067e-10,-3.9896765978976806e-15,-6.705140018246858e-11,-2.592511712131224e-8,-4.956145023472562e-6,-0.004811699308744062,1.826425858150588e-12,0.4615645806059336,0.0024994223505605748,0.2393275725166201,0.05137995333802317,4.369825555253997e-6,5.895379131976372e-9,-0.006234906964803569,0.2538506869061342,4.3734666813891564e-12,4.478994324682705e-6,-3.530248854210393e-10,-0.09377984472606207,-2.567837830370532e-12,0.5041858488038131,-2.446368969294715e-12,-0.10219194169902306,-4.7656460617971033e-7,-2.567631422170929e-10,-1.0936087964709811e-11,3.666556217929254e-8,0.0010813745201434125,-2.409352407250496e-10,1.0130575279594118e-9,1.258808479202605e-8,0.0002870329177289761,7.456763482032301e-12,3.7393892194106284e-8,-0.0701894813614109,-3.51596469895605e-5,-2.4538820408754513e-6,-4.743130338621657e-10,-3.1193743365304585e-5,0.0006665147052529142,6.402586989036256e-12,2.2665595314288735e-8,-0.025819365976911025,-0.056971427186684236,-0.03495968104657944,0.1497998060931357,0.00011633274257528381,0.3400349113181808,-2.391339163609479e-6,-0.08209919246399647,-1.866248878603618e-12,0.2819494874621407,-1.8313437544098715e-6,-2.593182714161207e-12,-3.471720141960863e-13,-6.404035306817043e-6,-1.9023866193839427e-6,-3.7444118413566663e-10,-0.01314490862025566,0.1079246735451066,0.0018573524868321708
0.0,0.0,0.0,0.0,0.0,0.0,0.0,0.0,0.0,0.0,0.0,0.0,0.5049549298172075,6.625892257170728e-5,-0.09153770505016322,-9.896442445777866e-7,-0.08186100438968641,-0.0006563649267143898,-0.0004475434003353977,-0.025833779259530284,-0.026362157746893395,-7.719061957184269e-9,-2.1717838119855435e-6,0.32344668208832006,0.00011942389350162102,0.0019039402006725558,0.0013294513241313732,1.9957852250645524e-8,0.36514898170140503,2.308992948411325e-5,-0.0003424625881070621,-6.483200932596192e-8,0.000925797085188128,-7.533746926263251e-9,-0.03889919286899731,0.2894558976559557,-1.2774833899164639e-6,-0.0006566002875780588,0.0006964847958546829,-0.0977222735491992,7.27795374303614e-5,-0.09664264799559381,-0.0804720848868284,0.4575576584974752,-2.6504151337958996e-7,-0.00020913183265829235,-0.09543602802586607,9.190838878408324e-9,0.00011375833714417958,-0.0002859986574486721,-2.617872563401302e-9,-1.2040323352672659e-7,-0.09657157724445917,-2.2013055195043745e-6,-2.403413483871825e-9,7.41459103724978e-6,0.0015032031613709366,-0.01139338309837845,1.008606049033851e-6,3.418619224645356e-8,-0.013824687161366702,-0.04258268999737246,8.93006043431532e-5,0.0018405902953084815,9.18321792168792e-6,0.4417222924306982,-7.572142897848362e-9,-0.0005268220943249941,-0.12450738002516634,7.994360839989029e-9,-1.7939372859886227e-12,1.2070456099882034e-7,-1.010730228662337e-6,-0.016518386764508963,-0.04147438693895171,1.7975035039707725e-12,-2.0382014937756654e-6,0.00046240229961982553,-7.363901240173965e-9,1.059187088695214e-5,-6.7827557152374446e-9,2.075337544255332e-8,0.0014558898935276435,0.3556009970730851,-3.692815151720811e-9,-7.084305449151923e-9,0.001106758958399304,0.0005502398505317513,-0.07818959693137473,-7.052410047356692e-7,-0.00065039894429456,-3.480906907855808e-9,-0.0006196790791788774,-2.3818640355906876e-7,-0.12161880912354235,-0.059497829392962394,-0.0027408644548101635,0.2104350948019754,8.398733345022587e-5,-0.05612579808795161,0.10986466148151303,0.4756970497884444,0.0001211030004997663,0.0018825320073065548,0.28318104060566607,-7.929394418712008e-8,-0.00018240256022138444,-0.018987947372710614,-0.08190921958126449,-0.0004061707052547878,0.0001080448492741761,0.001619295188303729,0.49839250878526736,-2.3001530933834993e-6,-1.4944665284857456e-6,-2.0719976323095386e-6,3.5059663304463445e-8,0.00010040014413722057,-8.389755430461875e-9,-0.011905848992561757,-9.565652952638705e-7,-0.0004693994632020663,3.381262877054026e-8,-0.051919836705443145,-0.0006568213869355032,-8.794591345975773e-5,-0.00028788408721263205,-0.048836893066129206,-0.05872584449172935,-2.5105977044695556e-6,3.151974965570073e-8,4.581948693208935e-5
0.0,0.0,0.0,0.0,0.0,0.0,0.0,0.0,0.0,0.0,0.0,0.0,0.0,0.4977652204832137,-0.003376780017047052,-0.0623025604165669,9.690810480353504e-6,7.898493755345033e-8,-0.06908160931212615,-0.007680791603188179,3.1587572997964735e-6,-0.00053333539299916,-0.11867247700836674,-2.732874379277581e-5,0.24495352085510066,-2.2905453864934814e-7,0.015681116717347253,0.001377387829979215,6.521155960065199e-5,0.3550207263969159,4.121112189814359e-8,-0.0044015774014975004,-1.1139854395487383e-7,-0.0005205328076160455,4.651687677805762e-6,-2.5378155162212255e-5,-0.046391299038585986,7.90127814672817e-8,0.01566169141628726,-0.00033382410682429847,0.08846303785820295,1.1298330919318919e-5,-0.00022163657488933003,3.121328223412134e-5,-0.01769341999152052,2.5166451707685076e-8,-0.003155675200854197,0.0006346099038267163,0.39956001282173315,-0.08835482386416618,-0.00018088731121775894,3.344405490607532e-6,1.121974721616899e-5,-0.09282702139421058,-0.0001660688953313083,0.1741025916822301,0.012154033811704695,1.3678055706697847e-6,-1.2137423511053965e-10,0.002350186083312997,1.506102443162586e-6,-0.006589343263850796,0.479954216898702,-2.2144403408844834e-7,0.00027783375606617495,-2.7406378917974998e-5,-0.0005231215164200577,6.339636339981236e-8,-0.000996327510186278,0.0005520244176891268,-1.2399374872464508e-7,-3.352776931378942e-6,1.216298548936937e-10,1.9818189135500316e-6,-7.837379955089888e-5,1.242402390224935e-7,-0.08302276124160435,-5.564103834920444e-8,-0.0005087308150542907,0.22335290800180838,-0.00046865082007604416,0.001422947281176638,0.013930505047430326,-2.825659080485229e-5,-0.0002524329022884779,-0.0004894840312037326,-1.331704976327751e-7,0.013990731944644098,9.265587258656993e-6,-0.04543071802047706,7.826646215507405e-8,-0.00024044767426834097,7.457034890511689e-8,-0.01593827972167744,-0.001525765548845488,7.088993214389108e-6,3.2945309075512676e-7,9.064324854237828e-5,0.48811120547833575,6.691354482618271e-6,-1.1345965252227933e-5,-2.258418437151269e-5,0.2801135888556037,-2.2645774450201028e-7,8.331718326235717e-5,-0.005378156740542184,-0.07644116019466582,-0.007925387146647592,9.368207436425844e-6,-0.08165106774931381,0.4274286706967566,-1.948290499077613e-7,7.007239506775219e-6,-0.12190243193136843,-0.08950058473234064,-0.11538587570790032,0.0024111462065904503,0.1485176415645258,-0.0005796625596416921,-0.007720203476928641,-0.06036630797762603,5.6443576277914054e-8,0.0023304142539008156,-0.005915129070367774,7.903935109876814e-8,1.0583218768931826e-8,-0.019060335203419487,-0.006144985058946354,6.605405855771685e-6,-0.11914205849201544,0.002165401500929554,0.4683425432729051
0.0,0.0,0.0,0.0,0.0,0.0,0.0,0.0,0.0,0.0,0.0,0.0,0.0,0.0,0.49523594839135254,-0.00037409920459110005,-0.01318538808191175,-0.00010778265391616376,0.021909101964641256,0.3496558034017522,-0.004307085531710041,-3.241012628889741e-6,-0.0006978826404018476,0.03550378624381488,-0.004438228686903708,0.000312552409727948,-0.05439856520286607,8.369052636483972e-6,-0.06671001395429488,0.00123766898707227,-5.6236653265747725e-5,-2.6690077177143294e-5,0.00015201193632960954,-3.1632139830793175e-6,-0.0063404803018261326,0.033089068833699505,-0.00025085906990582384,-0.000107820530553927,-0.031070045456460835,0.1516504462031327,-0.003113845879762576,-0.015339085473143416,0.11138642038610287,-0.03491062878411796,-0.00010706149705456356,-3.434212112938144e-5,0.4890472620046902,3.856137110972184e-6,-0.003099208370666655,0.013869321647530243,-1.0992369456111026e-6,-0.00022366218200169704,-0.015216210316776366,-0.0005201427967873028,-1.0091867383125405e-6,0.0008071980359205424,-0.057619396071466294,-0.0018657029583926904,1.6562740533896235e-7,1.4272998650479077e-5,-0.0020206641247804678,0.43872682340648356,-0.001300749888582831,0.00030217032094459706,-0.00042714938777831406,0.034610360634205486,-3.1788976329203806e-6,-8.651057625913887e-5,0.3130257534653101,3.3543370628244555e-6,-7.535277031683703e-10,0.00022398279055786647,-1.6597622410526014e-7,-0.002702914771986296,0.04588072078485793,7.550256596309615e-10,-0.0004616502013451006,7.592687136799591e-5,-3.0914452082689277e-6,0.0009802156993314695,-2.847938415093528e-6,8.638935861644098e-6,-0.057571409305764924,0.036457118837789064,-1.5319890326475443e-6,-2.9745378655647123e-6,0.00018172078684531377,-0.02484312617399437,-0.012609063593392613,-0.0002736318038760433,-0.00010680208793592594,-1.461126279796214e-6,-0.000101758535249876,-9.647016638590998e-5,0.38800069969209583,-0.009656348484300633,-0.00044947814459157147,-0.08052580511005282,-0.0009733010857942373,-0.009115699505852563,0.015111981263906298,0.027992667955548747,-0.004285706300785413,0.0003090037178575869,-0.07889816323750491,-3.260783450010066e-5,0.008739951767556407,0.2929136088791647,-0.012671559277419552,0.01986052640086263,-0.002617373745757104,0.0002658553028617809,-0.008254985576503544,-0.0007133282060277553,-0.0005336810167194828,-0.000680586177410749,1.4643897477236644e-5,-0.004118843376197378,-3.5225272106504057e-6,0.21798573607952046,-0.0003625918836333689,-7.70122223808854e-5,1.4157326471081467e-5,0.4671424850516576,-0.00010785677825744263,-1.4441854005618196e-5,0.013856194735565073,0.4595371214508091,-0.008909540967028682,-0.0006837230644182515,1.3149676938367319e-5,0.0008460546654917649
0.0,0.0,0.0,0.0,0.0,0.0,0.0,0.0,0.0,0.0,0.0,0.0,0.0,0.0,0.0,0.4763799579332847,-9.238273779158312e-6,-7.55440366388429e-8,-0.007735784810404022,-0.0006099035906886052,-3.018520762999069e-6,0.03001440552860706,0.3733083605662285,2.4733338271378423e-5,0.020490039730549144,2.1906433617984956e-7,0.0017589181218778589,-0.06439154146816153,-4.487624255501899e-5,-0.052312762284525006,-3.9415844329114854e-8,0.10062838949619987,1.0654381235484265e-7,0.029317446006755333,-4.443386259526474e-6,2.3061733284679585e-5,0.04383190734217729,-7.557057403175917e-8,0.0017718435628697727,8.064204608027752e-5,0.008559374007457585,-1.0744414308120139e-5,6.194410751451639e-5,-2.3820126712366872e-5,0.28050444195284907,-2.407013324564017e-8,2.0603653658977334e-5,-0.03144968466532763,0.02459818188727564,-0.009674471513463056,0.01037881767021917,2.1314593501804622e-7,-1.0656971980163684e-5,0.11827419084830769,0.00952960966385674,-0.059659016504754886,0.0013521174521989208,-1.3075892903048864e-6,1.1608701524755773e-10,-0.08328737573418725,-1.4133510592241754e-6,-0.00041431545766976917,0.016557069882163926,2.117878786815793e-7,3.1170762264139567e-5,2.402279321550803e-5,0.028481628357065414,-6.063460478223575e-8,0.0001310661352165751,-0.027575605778485196,8.246366856703407e-6,-2.1386734192417341e-7,-1.1633149970257744e-10,-1.8943281469349925e-6,2.700314821104062e-5,-8.262634466321598e-6,0.09819499847942814,5.321649895541483e-8,0.027645241293620722,-0.06270803404251654,0.026520482378526836,-0.044525390105446004,0.0015559751412639162,2.537511996505996e-5,0.007005725516294994,0.027658046189036254,1.273664249149437e-7,0.0015840457024619402,-8.83466440960372e-6,0.4405710254157197,-7.48567539578108e-8,0.012739184728265738,-7.132177954629391e-8,0.2630379411284675,0.00012896700560394148,-6.766602674312404e-6,-3.150279612519186e-7,-5.279659564103797e-5,0.012884871211889876,-6.387832040982115e-6,1.0560583967944126e-5,1.938135169631443e-5,0.02246120476723558,2.1657665368170589e-7,-5.2362202677934444e-5,0.11895705453471497,-0.008218961136927987,-0.0006825903661102188,-8.871922550400113e-6,-0.009088859766242541,0.02368493569180608,1.8633527501414193e-7,-5.675534542689667e-6,0.3371870177429567,0.4678083604130307,0.39521125943543056,-0.0871298000492418,0.013621945083221298,0.03239125223610961,-0.0007177404043889475,0.47356188398370297,-5.397638683319135e-8,-0.09664884941065142,-0.000314370643194762,-7.559597899715594e-8,-1.012218650049006e-8,-0.002158513850008879,-0.0003468099990151747,-6.235835892203068e-6,0.21860077000420383,-0.07407307374727773,-0.0209027155868435
0.0,0.0,0.0,0.0,0.0,0.0,0.0,0.0,0.0,0.0,0.0,0.0,0.0,0.0,0.0,0.0,0.45920591945917755,0.026299017853607692,0.0005594363498691975,0.005967861623956802,0.3384402082442299,5.207985548304877e-7,-1.0368344668653325e-5,-0.10405476901223923,-0.00011326082135011177,-0.059655291474454385,-0.0013515429169321475,-1.0810237935633374e-6,0.029475617781381625,3.0653805986369564e-5,0.013906633396363808,1.3406808261016334e-6,-0.033237041639159894,5.087702391646623e-7,0.40971408024856193,-0.11015271725426334,-5.544737867658311e-6,0.025964947423275854,-0.0007820148707664462,-0.00993427699528172,-7.9565649478641e-5,0.3579894339174856,-0.008390810953932125,0.021828297667852718,2.900436486740499e-6,0.008522210306572882,-0.0007652942873321726,-5.339149604926596e-7,-7.889119916946315e-5,0.00035456468950093674,1.8063977293148227e-7,-6.443598122363198e-6,0.30021558682490807,-1.0945687625982642e-5,1.6586239668750918e-7,1.9478562404360654e-5,-0.0014164458714802839,0.19519878196717672,-4.206622406220728e-5,-1.3099198625766304e-6,0.020872248322483918,0.0059050452827271475,-3.298707891172901e-5,-0.059488759746280116,-1.0814343286341299e-5,-0.06693039260891175,4.915535275546846e-7,0.021274770473537295,-0.009804883911377321,-4.688317665357826e-7,1.4659575421276777e-10,6.452857562109312e-6,4.215359169944497e-5,0.2537642512309851,-0.004480139670375978,-1.4688464978927426e-10,-9.851160173334829e-6,-0.01707321382284297,4.769675314027813e-7,2.384952659507179e-5,4.6057793737804927e-7,-6.744439572616263e-7,-0.001422586389202817,-0.09806755159669354,1.0169376168769907e-7,4.802201067898719e-7,-0.03890146414085806,-0.0006263687917118429,0.46439402155464954,1.8533996734886638e-6,0.025679202070878832,2.1885448889896698e-7,0.024880627635269298,2.8203783923663817e-6,-0.007421441795039337,0.4680194827325998,0.060719663028049486,0.021514698278451764,-2.4673263964120705e-5,0.4629456128967749,-0.08367049486326099,-0.04591828230050377,-0.00010931751523295402,-0.05605469593997368,0.027098301169969828,1.557812812566747e-6,0.0002234844132657976,0.005414065701929006,0.19004843698418428,0.0005074116298850837,-6.656836201383252e-5,-0.05407360884666158,0.006489442476506619,-1.1490715275424429e-5,-4.260650235849859e-6,-9.48460103781423e-6,-1.3777196981334005e-6,-0.00010520919766277725,5.614038717794783e-7,0.004378056937220239,2.3810384627286105e-7,0.011622639845191012,-1.5816884093948895e-6,0.005267519611490857,0.025958393292873288,0.0035898140765134043,0.00035257867522552603,0.005528408286210971,0.11233671692581894,-1.3117976269257047e-5,-1.1533247490940814e-6,2.1253128495532738e-5
0.0,0.0,0.0,0.0,0.0,0.0,0.0,0.0,0.0,0.0,0.0,0.0,0.0,0.0,0.0,0.0,0.0,0.2646200914032919,-4.766036213827848e-5,-0.0005083334150700572,0.060161167508644586,-4.4368743153976726e-8,8.833173917986593e-7,0.008282580992762405,9.649104450653945e-6,-0.10659386773462055,0.00011514104845203626,9.209639042677287e-8,-0.0024845358558447795,-2.6115103711971037e-6,0.2004875469283617,-1.14217527425811e-7,-0.10181374700328315,-4.3344006730649683e-8,0.04646567072349663,0.008711834895830693,4.723765978793141e-7,0.213004225730948,6.662209697973446e-5,0.00084472834189497,6.778488597269914e-6,-0.01194663726444879,0.0007132046597497333,-0.0018295091449295634,-2.470988452289623e-7,0.1387698000602972,6.516619021471467e-5,4.548617796315453e-8,6.721030759391718e-6,-3.0206644039576476e-5,-1.5389366222814214e-8,5.489918393981138e-7,-0.01284001691863287,9.325033591855385e-7,-1.4130427224274507e-8,-1.6594503160089418e-6,0.00012066962157828512,0.06700105517631899,-0.001512551956069328,1.1159688788277058e-7,-0.0013919748069646939,-0.0005029443588964761,2.8102903725536807e-6,-0.11558090819429681,9.2130783377458e-7,0.0054634622123018685,-4.1877251786076965e-8,0.25872160332034927,0.0008342993845665939,3.9941501447647454e-8,-1.2489031134707313e-11,-5.497807456056134e-7,0.0015163597405958545,0.06768416614195978,0.000380542538971119,1.2513643210746233e-11,8.392565424314266e-7,-0.06385945547255278,-4.063461716102406e-8,-2.031828816408303e-6,-3.923832740390982e-8,5.7458359729543306e-8,0.00012119306467051237,0.007869389516042212,-8.663665347298591e-9,-4.0911716013642264e-8,-0.11450634865222262,5.336220804661918e-5,0.0030925124781286503,-1.5789793057195533e-7,0.2023444699349383,-1.864501833953385e-8,0.2658209010857139,-2.402784019073117e-7,0.000631646460536171,0.021624912883047957,0.03372205745857291,-0.0018204360145676903,2.1020059636715892e-6,0.02563199176405013,0.006212539445942055,0.003780797802423976,9.313159878394073e-6,-0.0782679338772599,-0.002290176105896748,-1.3271579944948753e-7,-1.903944704310216e-5,-0.000461175111839907,-0.010350548699784698,-4.322820705601119e-5,5.6712030853735e-6,-0.12415054848789894,-0.0005403551997882901,9.78936268993984e-7,3.6298045400358485e-7,8.08028023703487e-7,1.1737300508164472e-7,8.96315668152668e-6,-4.782805935536563e-8,-0.00037293969273516386,-2.0284941841906433e-8,0.007228404051971247,1.347498493105781e-7,-0.0004486223261168115,0.20666712423643982,0.06367567536254996,-3.0037366448291772e-5,-0.00047085029413692524,-0.006794512269067192,1.117568613548325e-6,9.82559745780714e-8,-1.8106320978273324e-6
0.0,0.0,0.0,0.0,0.0,0.0,0.0,0.0,0.0,0.0,0.0,0.0,0.0,0.0,0.0,0.0,0.0,0.0,0.2526688653282091,0.06291416839645618,-0.00040578524732500914,0.000792251536210453,-0.01566525148149847,-0.0024896874657555656,-0.12094728301393706,8.786706312702011e-5,-0.13297294588020356,-0.0016443276660190686,0.004867848403120414,0.043445937122164296,1.136472888792908e-5,0.0020381503190618116,4.2659576889001006e-5,0.0007739540490129703,-0.0004093604920405367,-0.0022921943630360795,-0.008247482715337078,-8.993596253913807e-6,-0.11275367395716272,-0.008797756281554105,-0.07065039337624349,0.0003876028140603284,-0.0067623075101145465,0.0025710197927426718,0.004407261275836627,9.955835682198756e-6,-0.0022139055160366994,-0.000812154473941661,-0.09487274735919678,0.21611886086075782,0.0002747960507840681,0.00032930772636827947,0.0005057242187041412,-0.016395021127771917,0.00025231615944456556,0.028422086848667528,-0.10755396326009996,-0.00027564321849200303,-2.0494634361678288e-7,-0.0019921520759078313,0.00010906517087269415,0.04350242726163329,-0.04144433095560172,8.660396665746333e-5,-0.00522310489801461,-0.0024939661115560476,0.0007477518429110851,8.370716193771278e-6,-0.01425855592268494,-0.0007131573552846919,2.230204485406615e-7,-0.00032861044611714004,2.0549806338966834e-7,-0.00034060981874643037,-0.0029494942258075974,-2.234599526253789e-7,-0.014733460521498942,1.989940957212307e-5,0.0007255629564973745,0.034563982148637366,0.00070064421382926,-0.0010256107474570122,-0.12035645643489125,-0.0025735760530907234,0.00015462722507015073,0.0007305239446583682,5.051536215224122e-5,-0.10195025121998819,-5.53229426736117e-5,0.0028137542868703737,-1.0450212109916758e-5,0.0003329174022332509,2.902285033250576e-6,0.004285851864968623,-0.013996968281157426,-0.0002874557298057339,-9.340784316490126e-5,0.0057525864671644006,-0.03221320281269165,-0.0003171518474571893,-0.000975750471487317,-0.0020299732630423943,-0.11843254971916377,8.551179996433153e-5,0.005694139259007068,0.002368146570036601,0.15916092064513504,0.06969217708091295,0.0005536531266574297,0.2504323897968895,-0.08087670700824592,7.579901152499813e-5,0.000609840970769648,-0.01734391720130273,-0.00645428637679028,-0.01433876803205061,-0.0020952920867061964,-0.10551658501389392,0.0008540185784127505,0.0719203008558363,0.0003614041533606625,-1.8429805430775995e-5,-0.00240571371313105,0.03324170533024068,-1.0171641951705708e-5,5.17678415648969e-6,0.10357984701626363,0.036588846907286816,0.0004362669458565094,-0.019729245920446507,-0.00175395385753114,0.02933446342962408
0.0,0.0,0.0,0.0,0.0,0.0,0.0,0.0,0.0,0.0,0.0,0.0,0.0,0.0,0.0,0.0,0.0,0.0,0.0,0.22576650310572624,-0.004728443323302165,-0.00015085620653283656,0.0029734910705000975,-0.028524310698656973,0.01859872096419335,0.00102428258549797,-0.09199567340935011,0.00031309054594157946,0.05193026188696961,-0.00799447296243883,0.00013248928569887998,-0.00038797724527931245,0.0004973085561541928,-0.00014737212372332707,-0.004769428986325453,-0.026289616945121077,0.0015540422749624721,-0.00010484587729506582,-0.0517898975603829,-0.07551880096324763,0.009127131830046303,0.004508454057780644,-0.058999803101454154,0.028136875095716978,-0.0008387725859926303,0.00011606458581954601,-0.01511215354544812,0.00015464162901131944,0.015886213154083575,-0.01434830268667224,-5.232537181132874e-5,-0.0021465636321019574,0.005880560495547197,0.0030994528991060578,-4.8044857660539833e-5,-0.005306250025061676,-0.09772932523188062,-0.003212506083630646,-2.3892590717632686e-6,0.00037928825835579827,0.0012624832331959838,0.18533956543410135,0.007131474068739025,0.001009567375447918,0.00040682879675919825,-0.028308419797121412,-0.00014238181582191872,9.758514006976809e-5,-0.10913218661751393,0.00013579193025280633,-4.2467683179873066e-8,0.002151883454821447,2.395691016414836e-6,-0.003969431333180809,-0.02675849267463225,4.2551373690109894e-8,0.0027833708429836246,0.0002319809957885829,-0.00013815670209658444,-0.006431423096154626,-0.00013341299502729923,0.00019525877913182223,-0.09862541951350058,-0.02941502884760485,-2.94369784368629e-5,-0.00013910249330998452,0.0005888843550401277,-0.03870176100582386,-0.0006443336169882425,-0.0005352818673887272,-0.00012182695221901575,-6.339148690492765e-5,3.383463538292488e-5,-0.000815687490821624,-0.09926427922210358,-0.003348117003679255,-0.0010887521527633381,0.058984835670627456,0.0056714059714419365,-0.0036942514435457144,-0.011274956622174278,-0.022901822902802575,0.01841391839326488,0.0009968138486989894,0.05947773554368035,-0.00045078614512538903,-0.015182977618564896,0.22011776878423103,0.006431199091850847,-0.005150082536445603,0.013630618213573071,0.000883617934590222,0.006779234079048937,0.003290619072982695,0.001226614320816023,0.0027224760181178424,0.00039892772379508424,0.015406157599987272,-0.00016261730705446653,0.20058207200809705,-6.874606460996807e-5,-0.0002148249311022941,0.0004580487281147552,0.14888182505257466,-0.00011857947771579309,6.0350702989228126e-5,0.01305870978035865,0.16210810758103758,0.005061608417716025,0.00373693244117117,0.00033393344249503754,-0.005324493695057313
0.0,0.0,0.0,0.0,0.0,0.0,0.0,0.0,0.0,0.0,0.0,0.0,0.0,0.0,0.0,0.0,0.0,0.0,0.0,0.0,0.20673388966964804,-2.3570380347603444e-6,4.645343575300273e-5,0.07586874705239036,0.0002884001222042609,-0.0849656654567628,-0.001167041613076726,4.891844637604996e-6,-0.02402602808510918,-0.0001247484088386717,-0.016210771200154652,-6.061843225144278e-6,-0.05147284952400024,-2.3026013386058756e-6,0.17068717455055007,0.07950176333126405,2.4271288263098374e-5,0.011467920784905819,-0.0007126143605604915,0.007003710566837117,0.0001406179996311,-0.07776845841205998,0.006016177732353881,-0.017698533231283106,-1.3105061512919217e-5,-0.014274382767827583,0.0003272707763551428,2.416180381872494e-6,0.000247070107610693,-0.0002182971992185991,-8.175527760902052e-7,-4.2736299909042674e-5,-0.08399468016061086,4.841385598161409e-5,-7.50672292050695e-7,-8.284536383058823e-5,-0.0011907792330355673,0.16806277625321658,0.00029799280610318254,5.926124572747739e-6,-0.011809674838814753,-0.0009056728444847281,0.00011100710781781626,-0.08912382744686172,8.639832997117457e-6,0.05177106660766801,-2.2246301486350396e-6,-0.011784788576382056,0.006130835819761757,2.121665580417811e-6,-6.63532963892222e-10,4.285113327584177e-5,-0.0002988243358460525,0.1953060040919583,0.0033126675634976453,6.648405795966572e-10,4.347544337739799e-5,-0.024722697133796018,-2.158615256476496e-6,-0.00010039985727566263,-2.0844983756202397e-6,3.0507823571855624e-6,-0.0012309488034778267,0.07301217091820716,-4.599314366708239e-7,-2.173393362809815e-6,-0.05631506166012206,-0.0005300322887416485,0.010201758797871973,-8.363162649899394e-6,0.013677423185982491,-9.904535910846321e-7,-0.004257710459426303,-1.2744390370925462e-5,0.004258763535180701,0.10148622555649164,0.077784681652921,-0.017274777274779347,8.83611075244683e-5,0.11184657448778425,0.05232758655348388,0.036298019491664356,0.0002856135000308576,-0.08279638687182547,-0.0220139271065929,-7.0431785290809316e-6,-0.0002329825553674112,0.00037425323021296285,-0.07469983802332426,-7.606308088757591e-5,0.00021202739906659668,-0.07923893826054851,-0.005186434336574372,5.140688027935523e-5,1.9163701866956755e-5,4.253240532354868e-5,6.232979542775271e-6,0.00023852945140156022,-2.5407980544756706e-6,0.0008492788887367565,-1.0740741916495787e-6,0.01875978020220684,7.156717171813642e-6,-0.001194172311197733,0.013416691813007357,-0.0074870771724669495,0.0001894271842699525,-0.0011164421598968363,-0.05305171440532909,5.8375598229126334e-5,5.217483637813158e-6,-8.304497330171703e-5
0.0,0.0,0.0,0.0,0.0,0.0,0.0,0.0,0.0,0.0,0.0,0.0,0.0,0.0,0.0,0.0,0.0,0.0,0.0,0.0,0.0,0.19698907546325709,-0.028072653829787887,-1.3896734345858526e-5,-0.00218024890983676,-4.807005745320195e-7,0.0002331907374613403,-0.12239431490072593,2.5722616237027612e-5,0.006439781218502886,-1.2464194885849516e-7,0.03327345328537649,-3.556754161084835e-7,0.18781138615735646,-4.5258863441351034e-7,-1.270029987754612e-5,-0.004903113302216599,8.235687106977268e-8,0.00018097457934722138,-3.2937498756064443e-5,-0.0008308593268551654,1.4260656844641927e-6,-2.603200297951511e-5,1.406778874444446e-5,0.04416012626853089,-1.1006665703477911e-7,-5.370812374316472e-6,-0.0758109961306645,-0.0028144989247151407,0.00039021977884779705,0.09637333123287407,-2.9967834014241065e-6,2.0683283073518224e-6,-0.01254247594315914,0.08241790973018924,0.007214337035713161,0.00018002518152322253,3.3020144285399733e-7,2.3153958917384786e-9,-0.06914178804944188,5.171167318809476e-7,2.139715391370559e-5,-0.0019792917186279924,-5.381516898692415e-7,1.7222707480720718e-5,-1.4007939623687286e-5,0.12524823600429003,-8.994730264756299e-8,-4.335395430016081e-5,-0.07196330970061832,0.003360387140057056,2.998149221760934e-6,-2.321979884190022e-9,2.60222492780538e-7,-1.212667808833645e-5,-0.0033519697634046197,-0.010570433215427694,-1.744319641768103e-7,0.12222764789023838,0.007636902668735523,0.18705863692728789,-0.02783139073558328,0.00020403928772775673,-1.4375913234013205e-5,0.003402181858877681,0.1923856588911801,-3.65698464417445e-7,0.00017223003530979927,-2.1493171219822193e-7,0.015962202513077672,9.990892938734421e-8,0.04846805712127871,-3.324087526308895e-8,0.045143433470930104,-3.660195489012078e-5,-5.368600025781336e-7,3.61074085952043e-7,2.870966495425923e-5,-0.0015378930259031625,-5.93995584761944e-7,-5.249290793630135e-6,-1.1364718671317801e-5,-0.00244702163599404,-4.691202164811e-7,2.9193537102766207e-5,0.036855081938630505,0.00042722318965445817,-2.2027699670512202e-5,2.4657060188955662e-6,0.00018267379614055117,-0.0027508029039315014,-4.857755926621605e-7,3.405457625502733e-6,-0.027465777449417125,-0.019129966223541305,-0.027902181340552536,-0.07568026745563754,-0.001348140156442984,0.1923239106135629,-4.132185426621487e-5,0.0016338500851526489,1.1206634632587244e-7,-0.12242123533395624,2.1608125660346976e-5,9.848841997742777e-8,-5.800670492199621e-8,-0.00012296817419675012,2.2538631587101368e-5,2.0078247612466285e-6,-0.02116111663452666,-0.05649026804871357,0.0025618280137239668
0.0,0.0,0.0,0.0,0.0,0.0,0.0,0.0,0.0,0.0,0.0,0.0,0.0,0.0,0.0,0.0,0.0,0.0,0.0,0.0,0.0,0.0,0.18888199882537998,0.00028357150084302443,0.04180856297023251,9.809021808179632e-6,-0.00474935524187718,0.038424906428973525,-0.0005248796752469767,-0.09849099810546798,2.5434037228707416e-6,-0.04799133080149075,7.2577986548680036e-6,-0.0006986936390153508,9.235378068389365e-6,0.00025915755308401043,0.05878481840427792,-1.6805479446851153e-6,-0.0036804279921818623,0.0006720739264808058,0.016340541231614037,-2.9099827328732737e-5,0.0005311717782107153,-0.00028705979333274644,-0.09662583278897462,2.245984982606483e-6,0.00010958696909822202,0.01731918851558967,0.0520792278429051,-0.00784100263558622,0.004081495510511938,6.12534140079815e-5,-4.220562605907919e-5,0.11981361869731508,0.0028447132901683425,-0.09548091575662128,-0.0036672669258683475,-6.737984308415183e-6,-4.72472276815743e-8,0.05238113682744603,-1.0552104637328607e-5,-0.000436494387574338,0.035710152360842226,1.0981350926083472e-5,-0.0003523751583838679,0.00028584027617885093,-0.008643693668353002,1.8354358732868696e-6,0.0008845927517167149,0.01442234464041063,0.0004906068790328971,-6.128113208000508e-5,4.738157852505058e-8,-5.3100163643058615e-6,0.00024744161900267707,-0.0004893385352575979,0.10751889233466749,3.5594028145939624e-6,-0.008259972336085539,-0.10618127538635684,0.001847123016831327,0.02699940523551277,-0.00415575499619132,0.00029334932623499614,-0.004124801717018987,0.0015497419333365902,7.462325718596349e-6,-0.0035044105449947784,4.385827371686194e-6,-0.04697305582672698,-2.038709631461358e-6,-0.004791381234283252,6.783026647209706e-7,-0.09715528057567853,0.0007468090289745891,1.095499132898463e-5,-7.367962025027957e-6,-0.0005858273798218234,0.02698735212061921,1.2120881951472e-5,0.00010711519079827573,0.00023190355685817323,0.04673759823180354,9.57271675867555e-6,-0.000595702917264973,-0.05811841020699115,-0.008525271647238278,0.0004493778208917417,-5.031437540183165e-5,-0.0037011863453607513,0.05060709990356767,9.91258107817385e-6,-6.949013651816715e-5,0.20089566354648614,0.10457951186954999,0.1755684448112851,0.055391121985123234,0.02616870415717823,-0.002880817095795674,0.0008428097174569675,-0.002629902306723735,-2.2867899753456975e-6,0.06115193297672318,-0.0004407874036163416,-2.0097231722402806e-6,1.1836662593284335e-6,0.0024970301209364717,-0.0004597774003584568,-4.0970993639884574e-5,0.1817761959055993,0.046431299123606704,-0.04152077225376726
0.0,0.0,0.0,0.0,0.0,0.0,0.0,0.0,0.0,0.0,0.0,0.0,0.0,0.0,0.0,0.0,0.0,0.0,0.0,0.0,0.0,0.0,0.0,0.17304594404712972,0.0018665913116852014,0.015632400864252712,-0.007788893235223389,-3.996404958268769e-5,-0.10640885756435328,-0.0006753221659321652,0.004252125554611017,4.063104839434235e-5,0.01195239577921774,7.732825924709532e-7,0.01473584198162562,0.15910591527709028,6.617310996128784e-5,-0.002775261748464208,-0.004763192968582788,0.040842869229217475,0.0009166114454739115,-0.031902672197561904,0.03451476463641147,-0.07456042697098086,7.39316690643872e-5,0.003756442861498274,0.0020974562804972007,-1.8252723844475343e-5,0.0015724868737909976,-0.0014513179262735521,-4.436054284887489e-6,-0.00028825529832170497,-0.04954857412616026,0.00012758632137812911,-3.0811680970816735e-6,-0.0003989715124712537,-0.007943750854225573,-0.00963818860609716,-7.910156553937813e-5,-5.161600068475954e-5,-0.005709085314360942,-0.005889232853793928,0.0006862921051499178,0.01771026791195601,5.8941380193957585e-5,0.13635794030754822,9.291882796975232e-6,0.0030648712390485594,0.03718894545169512,-1.5173321668374969e-5,-5.385526997117895e-7,0.00028903121903087973,7.932728639139662e-5,-0.007598895383897652,0.018532614633446614,5.371590038673265e-7,0.0001147474533119958,0.00587701933638119,8.8635693567676e-6,-0.0004992176557071245,-1.9951916826983076e-6,-2.6003477480913486e-5,-0.008214897176882145,0.1644488868245256,3.945675771587419e-6,-1.6767049919082402e-6,0.012147450035887238,-0.0035408814668792324,0.008159533480692763,2.2126658797972238e-5,-0.003378450481972086,5.09643217958493e-6,0.001137690785311936,7.729892644895637e-5,0.02621850520845948,0.014708716998725179,-0.011863901034862321,-0.08494188422596603,0.0005486573018925025,0.017556379150173655,0.09236811907452788,0.09744828271818073,0.001839805833318013,0.015344467663077347,-0.1022551366509475,5.092764719166422e-5,-0.0015490139156589325,0.0024493799464243753,-0.05187601186178483,-0.0005037312478846436,0.001339743245754788,0.01599585944225212,-0.02202777711458205,1.3607227043262568e-5,-4.429226574600424e-5,-4.485590833154082e-6,-5.501407417096039e-5,0.0015575770972499777,3.112843841166234e-6,0.005596444122995675,-2.7679163493483094e-6,-0.0037929849673856014,-6.200819087037266e-5,-0.007728392826566884,-0.003333522119651941,0.001981356359353025,0.0012650399176434236,-0.007238148193333459,-0.034183168408494204,9.221531148086841e-5,-4.5606085915587955e-5,-0.0004890959401245127
0.0,0.0,0.0,0.0,0.0,0.0,0.0,0.0,0.0,0.0,0.0,0.0,0.0,0.0,0.0,0.0,0.0,0.0,0.0,0.0,0.0,0.0,0.0,0.0,0.13522381787793716,-0.0001331435630885521,-0.03620647363687294,-0.007268332580161992,-0.002949140107871832,-0.08733688237119393,-3.726674828491093e-5,0.007264206716053745,-0.00010383996436559558,0.0001413777970071966,-0.00012560097530227098,-1.3205722268556014e-5,0.009961624416225055,2.4150176995007837e-5,-0.025693068236042085,0.005078221988330462,0.07366055036720892,0.00019521378622316854,0.003983316742692752,-0.0013876828858533897,0.01313995910736408,-3.293026216617854e-5,0.0008901928525981783,-0.0033233348978977707,0.12647637557456393,-0.04414092520079313,-0.0008097679509451261,0.0005932071927284905,0.0003283790357187656,0.020581227849152627,-0.0005622747164800722,-0.05635877955145001,-0.027982393645078537,7.627510505130259e-5,6.938337487383923e-7,-0.009347958021012466,-1.0088296958036443e-5,-0.0035293372779595478,0.07091339689066996,-0.00015194885775926734,-0.0039298527775632995,0.0005253073723259904,0.0016945866044043617,-2.6842914880727408e-5,0.006900124582271037,-0.002762134278389195,-9.839305660086811e-5,-0.0005933713306832486,-6.958176181735125e-7,6.015596489492953e-5,0.001822765162774654,9.813840764319063e-5,0.018159700029793436,-5.113645975105864e-5,0.0016162210171029772,-0.06901499195681202,-0.00036401258599505195,-0.0047018439556051035,-0.03145683815348359,0.0002009722051230308,0.0007135743032822542,-0.0003059500369225374,-0.00010480930876095094,-0.025928085396040936,-7.568112599831299e-5,0.003744055648909242,2.9458880578704655e-5,0.0009285950649495325,-9.989604186340854e-6,0.01379001996055806,0.0058883582444789135,-0.0001107393679933199,0.00010169035775972008,-0.003756253198990678,0.0495180778890131,-0.00014022484830690906,-0.0003726533829177388,0.0006079848615517538,0.1467041032003266,-0.00013115988777820414,-0.003601427528670602,0.009144218243325983,-0.037564052151572234,0.003699596445240988,0.0002921964559487283,-0.029047931833375472,0.11771816863780303,-0.0001372881071519553,-0.0002811044092747395,0.002103359136412551,-0.007845178104823256,-0.000599623975744057,-0.00997044590359225,0.09392216951280284,0.0005679434784567321,0.006829608750921054,-0.0005754237065907269,3.3090908086484246e-5,-0.011254132579572796,-0.003532995304509425,2.9082914865823398e-5,-1.7377594549865456e-5,0.017801742405993252,-0.0037013648987951945,0.00012669001965530578,0.015074745533907566,-0.008258513286490177,-0.054020956143726234
0.0,0.0,0.0,0.0,0.0,0.0,0.0,0.0,0.0,0.0,0.0,0.0,0.0,0.0,0.0,0.0,0.0,0.0,0.0,0.0,0.0,0.0,0.0,0.0,0.0,0.09157347102624402,0.0007655622417642296,-6.3579127053467604e-6,0.007870116921096681,-5.5845200082772695e-5,0.03121540553452078,6.2816527939276126e-6,0.03687697490935433,1.2409736423154993e-7,-0.012632511428680323,0.0036841806224321614,7.512973805288773e-6,-0.027536689281492933,0.0004635464155450816,-0.003907290113434652,1.05610744641578e-5,-0.015317605143338013,-0.003262498826984536,0.005236883395655318,1.1316762768495081e-5,0.030167476321612333,-0.00021338574683909043,-2.9091904408749288e-6,1.825261904968837e-5,8.86475510431572e-5,-7.100607382173518e-7,3.1312520855861535e-5,-0.011921283056411571,1.6483974606927264e-5,-4.92943928041691e-7,-3.9914957477076334e-5,0.000793435450590971,-0.03799971325757677,-0.000991137923166286,-8.154148728768583e-6,-0.0034704324843503206,0.0006032666169606569,3.081327171271271e-5,0.0788166173379379,-1.1946799752186207e-5,-0.002294208415674331,1.485021746386026e-6,0.021289793325159897,-0.0036576990563237264,-2.417622160964208e-6,-8.632654191445098e-8,-3.139482591195804e-5,0.0009933227361664243,-0.020737069963050195,-0.0017188200753878087,8.610310931550988e-8,1.4315667259533244e-5,0.02129611978018434,1.4162013567639049e-6,-4.775657416093115e-5,-3.190792746501328e-7,-4.0969968208219225e-6,0.0008170964506358331,0.0007916977170239074,6.218573664762037e-7,-2.68209150911057e-7,0.06796213494902757,0.00033462298846701334,-0.007141219284282749,3.112814518458438e-6,-0.026357567602290938,8.132641308567796e-7,0.0035552286796118743,1.1907205768132732e-5,-0.0026039426239255763,0.010653079207882122,0.009223515266526991,0.0070373836767928235,1.4202571194139485e-5,0.002857978017948221,0.002554100496874016,-0.0016932295070016838,1.9512435182175356e-5,0.05014059858233644,0.007968591470207169,7.930434660551457e-6,0.00010851801023251897,-0.00024871826090853066,-0.013053541871279445,1.0785695233672704e-5,3.0034370321677797e-5,0.08896952064872815,0.0015967819701447846,1.6247775390630286e-6,-6.740679445259013e-6,-3.9930714736019993e-7,-8.701256217880205e-6,-2.749847091375526e-5,4.978492501241297e-7,-0.0005731076886111653,-5.450594627166473e-7,0.011186875490095715,-9.830900411222932e-6,0.0007908323029099674,-0.02478090980154858,0.015507862556169916,-0.00010723808468545084,0.0007409439420356788,-0.01202754885181453,1.2203844802681935e-5,-7.203244931903622e-6,-2.7022823861085333e-5
0.0,0.0,0.0,0.0,0.0,0.0,0.0,0.0,0.0,0.0,0.0,0.0,0.0,0.0,0.0,0.0,0.0,0.0,0.0,0.0,0.0,0.0,0.0,0.0,0.0,0.0,0.09126989977733467,-0.0016190053269933466,0.016528146661588815,-0.013714733944868737,-4.6799243800237584e-5,0.0015969465475526856,0.00028981187941696737,3.161635694502205e-5,0.0008305999818880841,4.231887180366329e-5,0.0018783685446443618,9.16326678298427e-5,0.04969230379382545,-0.027072470150557054,0.004635081244393844,-0.0009953467925274662,-0.021152189728089094,0.007819370797232387,0.0028753587663579985,-6.303092855378032e-5,-0.005375552788246351,-0.0007408862580045492,0.0033937809663860557,0.018841089912824262,-0.000180875852931916,-0.008731922036606395,-0.001791843947856368,0.004148142322277042,-0.00012556547746226716,-0.009886591635159196,0.07026200317861792,-0.00012108125689827536,4.310060175681945e-6,-0.0020755746462028987,8.876152755592039e-5,0.01426165790883617,0.00757195959489126,0.00021553312121998087,0.0034287465680992515,-0.0029859944978635603,0.0003782506960151468,-2.369133313776388e-5,-0.035555522268838256,-0.0006156868661714069,-2.1991996227700703e-5,0.008756334815102025,-4.3169388558359285e-6,-0.00017293485268110454,-0.009765813354936067,2.19350755054633e-5,0.003595541109051549,0.00011641852613325492,0.00036071606382716173,-0.01180698226056661,-8.12758903055914e-5,-0.0010427003107686442,0.07626872281512344,-0.0011601721876141277,0.0001582684731714105,-6.831917502613487e-5,3.463878907485027e-5,0.05073624904861742,0.0004967935101642115,0.0007868125915313141,5.110982422563866e-5,0.00020712885250515273,2.782066743426537e-5,0.003026507619809687,-0.02935606683041724,0.0005490133026848885,-0.0006640488333122528,0.020857569780558697,0.002949260241588308,0.000784706865711553,0.0021228025029442986,-0.0034576743826719557,0.005266764609079999,0.0003361090386957924,0.020086093701872098,0.0020169682849927265,0.02558028085397683,-0.022670816676523316,-0.0015722122768931474,0.0017549052504572855,0.006813751429596278,4.579088711616871e-5,0.0015866881541339469,0.0004064160466069128,-0.0017123292512773182,-9.732885664198486e-5,-0.0022149877146669713,-0.0069136934369662725,0.0001268126357140635,-0.02869966847940267,-0.00014031948889476245,-0.00028476731682942067,-0.0025028870376589316,0.011451396083715164,4.0053681251391105e-5,-2.980766744023802e-5,-0.020323217656894044,0.013570834026103403,-0.0006256548339011818,0.0030751642358894625,-0.0018335096435946,-0.006350254877113061
0.0,0.0,0.0,0.0,0.0,0.0,0.0,0.0,0.0,0.0,0.0,0.0,0.0,0.0,0.0,0.0,0.0,0.0,0.0,0.0,0.0,0.0,0.0,0.0,0.0,0.0,0.0,0.09120267702223994,0.00015264664164974797,0.014298449927747052,-4.414988210935575e-7,-0.04015109670660332,2.7366524258935923e-6,-0.009253891874767167,7.841819906581493e-6,3.7554400735649707e-7,-0.009139039960748531,8.649226278230796e-7,-0.00018525857398613813,-0.00023796019516462787,0.00167574370482868,-9.377644455034363e-6,-0.00018517477738452077,7.266978487848148e-5,-0.054283209419362675,-5.947724155651211e-7,-5.288020295031634e-5,0.05124990993090377,-0.00298436007893863,-0.0011056054491599841,0.020375291400007076,-0.00012425019278077432,-1.6895330955486845e-5,-0.011350153818587094,0.010046426944324506,0.013341134522506234,-6.50944718381651e-6,-1.1413593662666716e-6,4.068393692241363e-8,0.07748306521263953,8.497306703046192e-7,8.60616567465922e-5,-0.003065658689719248,2.0351251604828774e-6,-0.0001579294493336276,-2.7985403929614888e-5,-0.03685633126649094,-2.2343847060262466e-7,-0.00030175962678370417,0.036344988563210834,0.004329029838218739,0.00012467820404844147,-4.074885790526343e-8,-1.6312839320087874e-6,-8.62592968922176e-5,-0.004318357485583899,-0.012152777456672594,1.0994029717561517e-6,-0.031350434431584695,0.015445420454890765,0.006511312844735156,0.03379970750074393,-4.650045624405663e-5,-1.0905244318786734e-5,-0.004497610552429753,0.0066122952526536894,3.274233504440141e-7,-0.00023163121096713842,4.6924138604088374e-6,-0.018415716706377514,4.82305736225048e-7,-0.012266935325846851,2.6273828275727657e-7,-0.05585703482167612,-0.00024023017389552582,5.1791270103683675e-6,-6.269328984928966e-6,0.000190824292873173,-0.0025614431595776662,7.405916034035558e-6,1.999527473729696e-5,-3.235483973568234e-5,-0.00023279420817362575,3.17325866738474e-6,0.000184587401692513,-0.04669383259064866,-0.000289569641720517,-0.00022670023784384223,-1.4810546485333852e-5,-0.0012983025877737872,-0.003203254878322417,4.3261657821756427e-7,1.4804602074845394e-5,-0.005817123187495884,0.007188933146570783,0.004474917529373336,0.08640349175596604,0.0005669845015046581,-0.013043838921470024,-0.00018808395119605868,-0.002828659376850665,-2.6886559893626954e-6,0.1121821465537356,3.623643804375566e-5,3.779257260175289e-7,-2.8125299694534967e-7,0.0003926094042375689,6.573166237329834e-5,-5.871511965636994e-6,-0.013224158620824137,0.06642766385782321,0.005088389590024494
0.0,0.0,0.0,0.0,0.0,0.0,0.0,0.0,0.0,0.0,0.0,0.0,0.0,0.0,0.0,0.0,0.0,0.0,0.0,0.0,0.0,0.0,0.0,0.0,0.0,0.0,0.0,0.0,0.08016096108714696,0.0013944779131387336,-0.000490509839955724,-9.459031393071567e-5,0.0034252329958012594,1.422867409109055e-5,0.0096907038840058,0.0029622855452946,-0.00018069011109135425,0.001030675847716092,0.0012610409340813266,-0.05581864037853511,-0.0006905368549490502,-0.009341595790863534,-0.05075261869056474,0.051955076995965736,-0.0002044490969744481,-0.0006823489326100847,-0.0027188951374334976,-1.810924547415155e-5,-0.00023567598639439734,-0.0016578876760795851,-1.9390717320875637e-5,0.0026117108164951277,-0.018554103184173953,-0.00041852684149887645,-5.657414806902701e-6,0.0010079812180340021,0.004958610083465245,-0.0011395487359208093,4.8648633989422395e-5,7.50209522729812e-5,0.0016453296679257016,0.010387436176003564,-0.000779660358724672,0.0025292518337731735,-0.0010135898585746754,-0.018079490940258576,2.9598622502655777e-5,-0.0002389488479484382,-0.05826948924914153,-3.159218600157557e-6,-5.883526574111347e-6,-0.0026189055135370635,-4.872494046688074e-5,-0.0017970717130545738,-0.027803133722699963,5.869312130205104e-6,-0.0003576760757019108,0.0013876906164022474,2.0995944221551483e-5,0.0012025015537887886,-3.6782343660412896e-6,4.7432296363782056e-5,0.004345593609688606,-0.0059175789956050565,-8.404874307697395e-6,-5.260701740012536e-6,0.00045882761554329556,-0.00216896969112015,0.006130924645536801,-4.876171564694967e-5,0.0005568836469241489,1.1368305985468696e-6,0.0003335375931309051,-0.00021774401793584963,-0.04356979840181421,0.005825122079130238,-0.007681778108742229,0.08659678530552063,-0.00024617317306294687,0.00880604764562106,0.019626587017833867,-0.015653180756786324,-0.0005938361148438556,0.003888860885653915,0.08144496228475509,-0.00012720414528808062,-0.0025440730571090063,-0.0008205691328925619,-0.015075436094878745,-9.633523175995169e-5,-0.0006432728065474129,0.0005736602637270525,0.0144027814900582,-3.180249533047272e-5,0.00016958845303015278,1.4931046909660652e-6,7.299857606242706e-5,0.0007321463347649673,1.1231648434601278e-5,-0.007327306280044569,2.0587894715514616e-5,-0.0033147500753383623,5.4816570372164746e-5,0.01511674803329705,0.00042941879543147404,-0.00031998021058551954,0.001515317240601328,0.013535733325985623,-0.004294105301797268,-0.000301515873212576,7.011413403144638e-5,0.000619545058418434
0.0,0.0,0.0,0.0,0.0,0.0,0.0,0.0,0.0,0.0,0.0,0.0,0.0,0.0,0.0,0.0,0.0,0.0,0.0,0.0,0.0,0.0,0.0,0.0,0.0,0.0,0.0,0.0,0.0,0.06981347367367892,5.161071904199073e-6,-0.008653987165814534,-3.9675410624572744e-5,0.0015198818754555536,-0.0001112084983405988,-5.52397537445019e-5,-0.016762796661180045,-1.1503534162906349e-5,-0.0015043223294247956,-0.0013745237145304952,0.015442405208497694,8.8117252275991e-5,-0.0009227986253946021,-0.000275245117043948,-0.018743714830907785,7.383193903809282e-6,-0.0005034726092376301,-0.001898335764393263,-0.01892525828539045,-0.010760786685489201,-0.002045242108106273,-0.0013718463955680207,0.0001931795036438852,-0.02999596214191147,-0.0005830894306312939,0.05248953855601086,-0.00014963569339162877,1.0775929174771714e-5,-5.444553833786463e-7,0.00760309501316764,-2.3933334725830535e-5,0.0006725625001509051,-0.023834631302904807,-2.9146555929028115e-5,-0.0020287523509718536,6.733677303311124e-5,0.0031210692074407514,2.426373672095849e-6,-0.0019869321904641773,-0.0003086232716180017,-0.0006266115759383193,0.0013766531730762168,5.452977500350083e-7,1.8763978570446415e-5,-0.00034716334563312937,0.0006250990624050979,-0.02676835929462207,-1.6171811694901164e-5,0.0022025202567272748,0.06395793694492848,-0.0003803635774279511,0.00479366589486259,-0.0005156463157562875,3.6983121945928377e-6,-0.0008665161304708584,-0.0005523166641588673,-5.725856816460274e-6,-0.0023626064060676836,-7.317891906469747e-5,-0.002492419519258001,-6.058214316203554e-6,0.00010060558555970637,-3.902797780080529e-6,-0.020645484169408812,-0.0016325975940047748,-6.196286032215854e-5,8.759629159581116e-5,0.00027085446496899647,-0.012384347939160337,-9.811760807831126e-5,-0.0001820597730972312,-2.6967064918886714e-5,-0.003158383217449913,-4.435100686681229e-5,0.00030886138907188014,-0.012389285917749968,-0.0007940454418726332,-0.0023841608398731825,0.00014559703134567087,-0.01491607022320411,-0.022546561677103463,-6.914852041487139e-6,-0.00013230704315495887,-0.002124020886763211,0.016348204396053317,-0.0006153937557812318,0.007455292028607973,0.005141194502679918,0.0011837386147700124,-0.001803793893709736,0.002881142040125581,3.797287823692333e-5,0.005597500255848902,3.8496028318642704e-5,-4.60841354120926e-6,3.4376967493238767e-6,0.004146871182410707,0.0003867434351785802,2.412866993188589e-5,-0.023498901058666866,0.007136693541862966,0.023332527165815353
0.0,0.0,0.0,0.0,0.0,0.0,0.0,0.0,0.0,0.0,0.0,0.0,0.0,0.0,0.0,0.0,0.0,0.0,0.0,0.0,0.0,0.0,0.0,0.0,0.0,0.0,0.0,0.0,0.0,0.0,0.06664092304302938,3.031035406816568e-7,0.028366867920515647,-6.248159218972922e-8,0.007001258529662816,-0.00032071848129323774,5.972781221003671e-7,0.02370734290994388,5.471634391370418e-6,-0.00011109531506360565,-3.897687170341786e-6,0.0008043758651888065,-0.00012304550462724191,-1.6955744480405173e-5,6.581491561982332e-7,0.02163547762509164,-6.016775378995358e-6,7.672996079823394e-8,5.652631196826134e-7,-5.572542263052533e-6,8.313317332778233e-8,1.0570869637524643e-5,-0.0004093067770807267,6.991661475926876e-7,2.3199650840990727e-8,-1.5592343970589578e-7,1.943039477723216e-5,0.005180455873717968,0.01704807827498572,-2.976517306483924e-7,0.00037559053439612466,3.615788943536517e-5,-1.1774706617361675e-6,0.010392888765006712,-3.894902634556782e-6,-4.273816097866254e-5,-1.268309977778445e-7,0.03675435262008734,-0.00015296506074436288,1.1640032484035617e-8,2.5692273159606207e-8,-1.0600146501075304e-5,-0.017034901562596672,0.0021933184991061627,-7.233535929298262e-5,-2.5630306874577215e-8,6.853921361301821e-7,0.017349151909528703,-8.908348845894365e-8,-2.8995788700590233e-7,1.5181174209367895e-8,-1.871526576882767e-7,1.7178288093080855e-5,-0.00018876692549227154,3.448640027386671e-8,2.2356008768449566e-8,0.010254652188608437,-8.17672357575285e-6,0.00261887482523532,3.83205403496895e-9,0.000984179843110604,-3.3794118036032924e-9,0.04452647990673727,7.538211675587201e-7,-0.00012645941768126668,0.00010371024759077736,-0.010910925940859123,9.840872852737867e-5,1.1354273829142878e-8,0.002672749973040774,0.00021499486869769297,-8.062791381089899e-5,-2.064226032258286e-6,0.008099165394969857,-7.524265984198438e-7,4.6579773540457384e-7,-9.794566142992604e-6,-1.0307729238029795e-6,0.0003756558127633514,7.670816760567246e-7,-7.413901597936429e-7,0.006846577500380614,-2.2522735941119947e-5,4.114367889002792e-8,-6.079085318927436e-7,5.3404321585556615e-8,-2.9405353947108313e-7,2.4434467031573083e-6,-4.80816006052341e-8,-2.608248670910981e-5,-1.4320493937732979e-7,-0.0062008484594089095,-2.2074404107304568e-7,5.3473947217441243e-5,-0.003479154577751295,0.04298819485972715,5.545501952549711e-6,4.743099052763152e-5,0.0009498919112711747,6.499660811510005e-7,-2.8057528603969735e-7,5.915589596156834e-7
0.0,0.0,0.0,0.0,0.0,0.0,0.0,0.0,0.0,0.0,0.0,0.0,0.0,0.0,0.0,0.0,0.0,0.0,0.0,0.0,0.0,0.0,0.0,0.0,0.0,0.0,0.0,0.0,0.0,0.0,0.0,0.062445955266263266,-2.6247723981019475e-6,-0.005519003469977535,-7.00507656065203e-6,-3.4653070502657003e-6,0.006563959361185137,-8.361294007414581e-7,-6.178044587490032e-5,-8.578959424776906e-5,0.0008167594853614425,5.517669321888006e-6,-5.7497894158175184e-5,-1.7252634704297353e-5,0.0455748252149889,3.577452844745846e-7,-3.1809550562075246e-5,0.011611424663419394,-0.0003835446489020436,-0.0006237450938972174,0.003097515285399701,-8.721220816265866e-5,1.210936736962248e-5,-0.0003825017856672887,-0.0005424013915186136,-0.00013801418808051844,-8.042229012219318e-6,6.500723434421753e-7,-1.168762726967453e-7,0.0018240463417938365,-1.5023539241226423e-6,4.0619942361316576e-5,-0.001005752294905466,-1.877502551577647e-6,-0.00015502735152740383,4.208680954533989e-6,-0.00868158994565691,-2.6340804879404552e-8,-0.00012366922512001795,-0.008517143911540128,0.0014826341182943492,8.752597888389526e-5,1.1686511444078027e-7,1.1653525870333987e-6,-2.16237145453099e-5,-0.001479505512412681,0.003973282001546878,-1.0979640994081054e-6,-0.00377316082639777,-0.0006377247145185526,-0.00036749489801699096,0.005598248480163257,-2.8115037913829368e-5,2.251143189215525e-7,-0.004086247757473587,0.0006162937801567904,-4.0875198828642675e-7,-0.00014679669700427389,-4.600259721386932e-6,0.049401852596381635,-3.8449536779467865e-7,0.0050569181054416846,-4.6077949209465015e-7,0.020467104456878826,-0.00010125736245581697,-3.884081175586351e-6,5.543843557194177e-6,1.6921759274048954e-5,0.0001138878790963939,-6.163133964106322e-6,-1.1408893969095656e-5,-1.7090847843589494e-6,-0.00026380359732321293,-2.8194090506990263e-6,1.9343684506290724e-5,0.011562139094797893,9.51926478462646e-5,-0.00015118778922677928,9.122170820076429e-6,-0.0010283554413029906,-0.0007240923460108878,-4.6672640731046186e-7,-8.295788487778697e-6,0.00908708761843788,0.018747596949298423,-0.01031459208476187,0.022865600418938828,0.00028101444268425086,-0.002233823448352295,-0.00011160838533700322,0.019040256767885882,2.410408954343437e-6,-0.02137845593045357,-3.536076940899488e-7,-2.7195220658903423e-7,6.805041966136726e-9,0.0002648973825085827,2.200787061757477e-5,1.5055901051977539e-6,0.004327088739564893,0.01613912713979966,-0.00016582356195726832
0.0,0.0,0.0,0.0,0.0,0.0,0.0,0.0,0.0,0.0,0.0,0.0,0.0,0.0,0.0,0.0,0.0,0.0,0.0,0.0,0.0,0.0,0.0,0.0,0.0,0.0,0.0,0.0,0.0,0.0,0.0,0.0,0.05754894422251813,3.3537002795456564e-7,0.008792748687291425,0.002112846169622119,-5.312457757109655e-6,0.015262446407158297,-5.075533576774425e-5,0.0011474857097897744,3.662146552321021e-5,-0.00963346704235166,0.0012108667138792982,9.654614981605403e-5,-4.1056632937955326e-6,0.006369090420470724,6.310304346770178e-5,-1.9138138456478394e-7,-5.309366541275382e-6,5.2355573700477935e-5,-6.398606197723261e-7,-9.883696505451297e-5,-0.008918536620470685,-6.587638711617146e-6,-2.4272834790664855e-7,1.459929310650317e-6,-0.00018226448690978,-0.007128354864448346,-0.006120333867651874,2.880013040642681e-6,-0.002162580424505237,-0.0003446881276184162,1.1015727049680269e-5,0.026662523669395734,3.641285137177086e-5,-0.0004916728354380199,7.957681698230302e-7,0.0046757797535474255,0.0015128471136279138,-4.978357424077454e-7,-1.737873784858405e-7,9.911059901411193e-5,0.006115722756366857,-0.006684722125055668,0.0006967277167026889,1.733478253518882e-7,-6.2592110759187264e-6,0.02880677634226951,6.649561349575695e-7,2.6962874396536216e-6,-1.594072435560471e-7,2.013872381643569e-6,-0.00016097576182309812,0.0007473256622641583,-5.104137402299832e-7,-1.8195307209634988e-7,0.010146965233146305,7.687940353410836e-5,0.00022973566994205624,2.2170003353886684e-6,0.0030301933879344663,2.623980846507081e-7,0.007938161125413956,-6.149727118995357e-6,0.001231519009861795,0.00786324209891806,-0.029732762303816145,-0.0010021644875276674,-9.207213347685955e-8,0.008243108636205405,0.0009130516998901146,-0.0002652824082477837,1.9372176869631934e-5,0.030829536964884805,-4.4739955481883114e-5,-3.849462025818603e-6,9.203412094017653e-5,1.2377741163329007e-5,-0.00846219176783971,-7.274622838066493e-6,6.9414890839737455e-6,0.008072381179743467,0.0001136617780182605,2.7852492570619853e-8,6.567201081939451e-6,-9.722313074225868e-7,3.805890868319306e-6,-2.293899016534349e-5,3.499013541398691e-7,0.0002479138100884303,2.2139502090386433e-6,-0.015559656941787372,1.0991119717203288e-6,-0.0005080770633622767,2.20624125063814e-5,-0.005592377495840134,-5.2098104365787064e-5,-0.00045148393511699304,-0.00735114552926688,-5.910206541219798e-6,3.3724570981806907e-6,-5.570189572600946e-6
0.0,0.0,0.0,0.0,0.0,0.0,0.0,0.0,0.0,0.0,0.0,0.0,0.0,0.0,0.0,0.0,0.0,0.0,0.0,0.0,0.0,0.0,0.0,0.0,0.0,0.0,0.0,0.0,0.0,0.0,0.0,0.0,0.0,0.05603096624234349,8.666678507051403e-7,4.4191463740403827e-7,-0.00010850632055724795,1.8378075148979095e-8,9.712401972880476e-6,1.1269429907628497e-5,-0.00011486298090060328,-6.665376098053849e-7,7.555095007572038e-6,2.263581887858702e-6,-0.00174599441554383,-8.507147137024682e-8,4.161915651319392e-6,-0.017058757757240632,7.85630044053477e-5,8.350143693412159e-5,-0.007586237639452432,1.1389182114536827e-5,-1.5358645036675529e-6,-0.0007014660594326913,0.041769333077987254,0.0003201781437483714,1.140608206113919e-6,-4.265733596247726e-8,5.197167502748541e-8,0.004229756756827751,2.1008904751187539e-7,-5.4025368028844225e-6,0.00013987681301265293,8.680305530234893e-8,1.8944290246472622e-5,-5.49978723551944e-7,0.037607159906244095,-2.4530146015553694e-8,1.6262787356036426e-5,0.013599100862440086,-0.022372702576002615,-1.1429753563934682e-5,-5.194261082780503e-8,-1.1293201700000882e-7,2.8402207420312403e-6,0.022376626667794438,-0.0004753720467339659,-2.8332839193741808e-8,0.01152139954389043,0.00024173603183549124,0.014576602309734496,0.0023551956870099524,3.915811105608338e-6,-3.438376236349041e-8,-0.00047864323892125746,0.0008787532654697556,-7.094503010660789e-9,1.929139391472213e-5,6.023139870965884e-7,0.002452525636100581,3.232335603726841e-8,-0.01854058297061372,1.2957424929335356e-8,-0.003940717912552774,1.3332987064257319e-5,4.62680935438605e-7,-5.495749697247471e-7,-2.2174052543790192e-6,6.993628246438826e-6,7.594830010765833e-7,1.4919759713974508e-6,2.2495654459798579e-7,2.8874879179602836e-5,1.8547300228909707e-7,-2.539090406765836e-6,-0.0036074749960101305,-6.912211379932297e-6,1.97559203470189e-5,-1.1466106364440187e-6,0.00013016528939069352,0.00011427248511515267,1.2931545908138093e-8,1.0878910778045889e-6,0.0001885154113572281,0.002263590596867958,-0.00040814667684108054,0.002404822225253753,-3.64821902757588e-5,0.010950870781926338,1.471401236498852e-5,0.0013789035629244125,-2.2319437142854367e-7,0.009524470458564308,-8.39946057114919e-8,3.55587187262666e-8,3.2580179880580725e-8,-3.4424096512622466e-5,-2.9930931573962948e-6,-1.5369407851253412e-7,-0.0006578772059101883,0.0031736762726814645,2.491008594899969e-5
0.0,0.0,0.0,0.0,0.0,0.0,0.0,0.0,0.0,0.0,0.0,0.0,0.0,0.0,0.0,0.0,0.0,0.0,0.0,0.0,0.0,0.0,0.0,0.0,0.0,0.0,0.0,0.0,0.0,0.0,0.0,0.0,0.0,0.0,0.0558086827429384,0.0030484447508299923,-1.378153411914823e-5,-0.010958604865528285,-0.0001317362802793577,0.0029759327204791947,9.501935725793811e-5,0.0036742858823624984,0.0031441913962284252,0.0002506883217071222,-1.0625037103109028e-5,0.004271281310950529,0.0001630962791043009,-2.3163118524904656e-7,-1.377789624370262e-5,0.00013583373842597775,-1.5423127760571925e-6,-0.00025647262466888627,-0.020944053666004683,-1.7080710586033915e-5,-1.2784066446903654e-6,3.782733318835083e-6,-0.0004729126608994381,0.02720419199088443,-0.0014253319365050748,7.406519097548813e-6,0.0020359594418852003,-0.0008940703123136958,2.857834712641643e-5,0.0032736982691526917,9.448702798693928e-5,-0.0019279635040730502,1.4806133829867353e-6,0.00032276790567356935,0.003923831441280906,-1.5028198142545708e-6,-1.0346067092591095e-7,0.00025718268883647365,0.001425003382588925,0.014173052425718233,0.0018100489927615556,1.0225930972847169e-7,-1.623214150063698e-5,-0.00016053260333991404,1.5463130350012816e-6,6.991708420385903e-6,-6.399466076121731e-7,5.188424167275831e-6,-0.0004176880862924017,0.0004439218668256975,-1.316837052122739e-6,-4.85724471356593e-7,0.006879160628841322,0.0001994600816264325,0.03537219186846754,5.713938826524495e-6,-0.006514853417399317,9.687138494711988e-7,-0.00541362110240947,-1.589428680201004e-5,0.003194831132125877,0.0016462417213544904,-0.023789764573411785,-0.00260450052151672,-2.397182580246191e-7,0.027669792987252122,0.007161101739159687,-0.0013440853426180432,5.0261651921270946e-5,0.0012944805057686873,-0.0001292480220303795,-9.931419940955418e-6,0.0002387831974213147,3.1910099671564125e-5,-0.009052775020575174,-1.8874346839506516e-5,1.800731221537333e-5,0.00563144065067084,0.0002646219522819154,6.933552275188292e-8,1.7003469135940696e-5,-2.516119464900115e-6,9.83705078949979e-6,-5.951531119621031e-5,7.377618376147074e-7,0.0006430349506896421,5.722691196347913e-6,-0.010851666999372992,2.703744186574201e-6,-0.0013181280695428097,-0.005296410656003458,-0.0003359033078298717,-0.00013516823396055047,-0.001171195163944252,0.003281813432203064,-1.53238133885945e-5,8.700566034481371e-6,-1.4451941239687275e-5
0.0,0.0,0.0,0.0,0.0,0.0,0.0,0.0,0.0,0.0,0.0,0.0,0.0,0.0,0.0,0.0,0.0,0.0,0.0,0.0,0.0,0.0,0.0,0.0,0.0,0.0,0.0,0.0,0.0,0.0,0.0,0.0,0.0,0.0,0.0,0.05313216262051379,-6.5889374077319495e-6,0.0008883744826342834,-5.661919816737691e-5,0.004085491706735747,4.5068697917693245e-5,-0.02068406370303163,0.0014258224523326377,0.024126148954100115,-5.083463807125369e-6,-0.0008887470407864816,0.000209010080323293,-1.1065574140989296e-7,-6.401428114424702e-6,6.520389867226884e-5,-7.376944286672878e-7,-0.00011796082067532955,-0.010584313491305543,-8.176805209776423e-6,-6.114400233219697e-7,1.8204233730086433e-6,-0.00022341932944824842,-0.0030029415462680207,0.00046179495406040454,3.5429858618809342e-6,-0.02317479094043261,-0.0004841341969269752,1.3648940138858768e-5,0.0004039175790659284,4.349625875829057e-5,0.03379900443124759,7.081497822583352e-7,-0.00019541012364456282,0.0030571335198285154,-7.189628298628581e-7,-4.9500228368077174e-8,0.0001182865673726996,-0.0004615682205778277,-0.0025082504045614517,-0.00044474656769481264,4.892565080584492e-8,-7.76754737321093e-6,-0.00019288093724723318,7.396132973665405e-7,3.3527706010192085e-6,-3.0608876738566436e-7,2.481992947208484e-6,-0.00019569797629124372,0.0453717727225297,-6.299524649713492e-7,-2.3232562026824735e-7,-0.0005412531123202649,9.60034847420263e-5,-0.005854321508494676,2.732128296471973e-6,0.0006805584847553045,4.634204328531846e-7,0.0004633019525228563,-7.60390492487068e-6,0.0020129937604210116,0.0052531726309886645,-0.0024378466130237616,0.0028604702149712447,-2.323894644493334e-8,0.0025946512396937244,-0.027365461645070654,0.05678836811057274,2.392821985816258e-5,0.0012972203367989908,-0.011380283977382118,-4.7509938247324865e-6,0.00011419839522342428,4.4992511348986495e-5,-0.024050839380216345,-9.211330475747039e-6,8.693669529810838e-6,-0.00031030341326563764,0.017300687622557324,3.321121442897341e-8,8.134476885742593e-6,-1.2035975108164695e-6,4.705841345991849e-6,-2.8396991096173488e-5,3.528765221047995e-7,0.00033860723150618227,2.737147516857259e-6,-0.000889207571319334,1.2930950137476442e-6,-0.00068671272993753,0.0006190352419357321,0.00025232573366936384,-6.470867869413039e-5,-0.0006234917465204605,-0.044544747386804355,-7.333092125604902e-6,4.1621389113460694e-6,-6.95365286846192e-6
0.0,0.0,0.0,0.0,0.0,0.0,0.0,0.0,0.0,0.0,0.0,0.0,0.0,0.0,0.0,0.0,0.0,0.0,0.0,0.0,0.0,0.0,0.0,0.0,0.0,0.0,0.0,0.0,0.0,0.0,0.0,0.0,0.0,0.0,0.0,0.0,0.052532048962893416,-3.0740077370182507e-6,-0.00017460795005142988,-0.00018923089212705382,0.002911856732704375,9.630588126537777e-6,-0.00012676122099310042,-3.514860258060137e-5,0.009572703935233294,2.4462541358678945e-6,-7.015053825835158e-5,-0.00047020840492910794,-0.006336673146057037,-0.0014171677020202306,0.000680675799925274,-0.00019192787245051214,1.9124930246495647e-5,-0.00932028264090938,0.00046282644143649505,0.028283879191479434,-1.9201624472506184e-5,7.480978274958309e-6,-1.1940018945391115e-6,-0.004226719309211203,-5.9216771526723855e-6,9.156885641992185e-5,0.002054834700557911,-5.569169037552242e-7,-0.00031176804617695145,1.3029385025953255e-5,-0.0004929148650050238,4.745716089766963e-7,-0.00027366224385555287,0.001251581791752583,0.00010047204391650135,0.00019260897784578612,1.1934531371786713e-6,5.31154216041359e-6,-4.761480630967019e-5,-0.00010005377688013786,0.019613592249246917,4.123382999901876e-7,-0.0006730631353421067,0.013235020410765555,0.0002775867310505642,-0.003115364422372209,-6.702994794905696e-5,6.391062570956742e-6,0.0008422044519872183,0.0002174818075712455,1.856695102819024e-6,-0.0003273162293001072,-1.6296889927885874e-6,0.01275861479079748,-2.1698541635135514e-6,-0.0007231305222708276,-1.5810365439952496e-6,0.010091675541239546,-0.00022456527118803996,-6.725785573469649e-6,2.7374326321021327e-6,3.7156828590069205e-5,-0.008912515841366545,-5.24605123711082e-6,-2.676025693474645e-5,2.977074166202412e-6,0.0011717820396939624,-2.6310200539814987e-6,4.143967381505444e-5,0.005585376313010369,0.00018904913124032433,-0.0003331073187884103,1.3979844632526083e-5,-0.002184328392896391,-0.0036220036051842998,1.2200123573998434e-6,-1.613815540087889e-5,0.021330552946803756,0.01199366281829096,-0.01763656319114601,-0.00657554022082692,7.314746392881897e-5,-0.00032567030689891494,-0.00024897331328526897,0.006528645622267728,8.121513299568644e-7,-0.00037703228338196803,2.0380545002536594e-6,-1.9125727524491917e-6,-6.068733195143528e-7,0.0005818430398918061,5.103314399417416e-5,-2.128826037622896e-6,0.014949345988511595,-0.005576569113070628,0.01795457645698443
0.0,0.0,0.0,0.0,0.0,0.0,0.0,0.0,0.0,0.0,0.0,0.0,0.0,0.0,0.0,0.0,0.0,0.0,0.0,0.0,0.0,0.0,0.0,0.0,0.0,0.0,0.0,0.0,0.0,0.0,0.0,0.0,0.0,0.0,0.0,0.0,0.0,0.05178927182518868,-3.0024122080278692e-5,0.0006118499249305058,2.1682888295135043e-5,0.0006673378141168886,0.0007042957881753664,-0.0003453641917860764,-1.8356159324006316e-6,-0.034101888649048076,3.3660543351655145e-5,-8.031952080886507e-8,-3.4994636989514064e-6,3.064002090873113e-5,-3.0853837027872064e-7,-5.819207188944374e-5,-0.0028527536783809183,-4.417411650001068e-6,-2.617624831945753e-7,2.5342813175413607e-6,-0.00010708909806493705,-0.003408354807464597,0.01001245914248286,1.4247930840643197e-6,0.0004689293497278007,-0.00020055563382670991,6.588338273540735e-6,-0.005119380299585666,2.1414530253724303e-5,-0.0008800091442490913,3.0572503735094933e-7,0.00025559860130702566,0.0008559947012484903,-2.6571138301099867e-7,-1.744336144094369e-8,5.8353220403389016e-5,-0.01001941281634667,-0.0008324221618058267,0.00042934132974658146,1.719638486700069e-8,-2.508136514727893e-6,0.0013336006621258803,3.0989508624420754e-7,2.3671371305711013e-6,-1.2830829544964172e-7,9.88928033113085e-7,-9.463946420582276e-5,-0.0004815901030639854,-2.4793450303565506e-7,-9.698383175393503e-8,-0.011093323709123202,4.5088603034710863e-5,0.0033843044003652643,2.050080037898861e-6,0.028091380796398276,1.7624187785180505e-7,0.034486157621061955,-2.996948913349525e-6,0.0007078939808385564,-0.0003178870408706972,0.010595889323149537,-0.0006477790119942655,-5.862351882262069e-7,0.0010610312218040303,0.0015831768058458444,-0.001117477538602545,1.1444669146694474e-5,-0.003541613147515155,0.00017306776851667456,-1.9153837949451513e-6,5.403516632509024e-5,6.282746333044908e-6,-0.0013167332635401635,-4.393702577001464e-6,3.856441651269978e-6,-0.0073785775655161165,-0.00021896525626756463,1.2817830782004776e-6,4.55879335165699e-6,-1.6160924836563432e-6,1.8352615032233889e-6,-1.3462976022995382e-5,1.4758437735727794e-7,0.0001445066390297665,1.6822465092487926e-6,0.006137572700497122,5.893333641020026e-7,-0.0002963990814913954,0.02248229326437469,-0.0015790034862719704,-3.054504427320279e-5,-0.0002630057202873724,0.0006962662178530075,-2.5794830505425028e-6,1.6374362966770935e-6,-2.2026189609770195e-6
0.0,0.0,0.0,0.0,0.0,0.0,0.0,0.0,0.0,0.0,0.0,0.0,0.0,0.0,0.0,0.0,0.0,0.0,0.0,0.0,0.0,0.0,0.0,0.0,0.0,0.0,0.0,0.0,0.0,0.0,0.0,0.0,0.0,0.0,0.0,0.0,0.0,0.0,0.049077197964889276,-0.0025404204776620634,0.007172144993963849,0.00010504963381834133,-0.0019148809014957885,-0.00036473291636490056,-8.022034920952587e-5,4.347100525889501e-6,0.00027088741493771,-5.6023611568983395e-6,-0.0021100498651220627,-0.0018821569761077325,-1.601612429706587e-5,0.017132996009140877,0.0001987701303004217,-0.00017486727407727305,-1.3869614239720468e-5,4.055773749512561e-5,0.0335074002290058,7.531740393834021e-5,-6.179499653086592e-6,6.989209625101446e-5,-5.686074582769721e-5,0.004783163050716238,0.0004785392130942243,-8.892647590469485e-6,-0.025109684623901535,0.00014921796957507395,1.6236485457782753e-5,5.04834963285127e-6,-0.004322825604141866,-1.2148422973518516e-5,-7.536218702755055e-7,-0.017125532273428345,6.169589752746471e-6,5.454258846891524e-5,-0.0007350866304799411,7.404173786774758e-7,-9.040096117000694e-5,5.069958233995596e-6,1.6043422213399956e-5,4.740132636489218e-5,-6.665176242378275e-6,4.792521672366265e-5,0.036832331692155246,7.187618397573783e-5,-1.1845709532199119e-5,-5.018740072503502e-6,1.2357231763972047e-5,-0.008857523823756848,-1.3291035609145548e-5,0.00012135194459165102,-5.1804678743300395e-6,8.311450231556453e-6,4.804126387311373e-6,-0.00014017284964348297,-0.004341573153477949,-7.063691392890419e-5,3.4967903789182754e-5,0.0004750540559520564,-0.0008720560491532871,-5.392736271763174e-5,-0.0002769032991377147,5.4034136732864687e-5,0.0018318636772943994,-2.9351245305695042e-5,0.00045410627185816794,-9.230346204796734e-5,0.011861338173918474,0.00867262051309232,0.0001499342450547341,-0.02518871298080525,-0.000647208785272107,8.063471203179027e-6,-0.00016383284971752414,7.687838601145668e-5,0.00023165475300453245,-9.208562461993883e-5,8.780560239311148e-5,-0.001643687040816324,7.643313544901015e-6,-0.002510715085034974,9.202315427988e-5,1.2217983153936143e-5,3.198972365350109e-5,0.008394179489046957,-5.960387070004161e-6,-7.221126883800478e-6,0.00990492358034464,0.006881209019291078,-1.1766277844493646e-5,-9.695145940508564e-5,7.878482290408118e-5,0.00024419938684082333
0.0,0.0,0.0,0.0,0.0,0.0,0.0,0.0,0.0,0.0,0.0,0.0,0.0,0.0,0.0,0.0,0.0,0.0,0.0,0.0,0.0,0.0,0.0,0.0,0.0,0.0,0.0,0.0,0.0,0.0,0.0,0.0,0.0,0.0,0.0,0.0,0.0,0.0,0.0,0.048012254390795275,0.0018533182056258482,-0.0006582228769003364,0.0006009517794014676,0.018156593209305544,-0.00012575527986852207,-8.40109243382833e-5,0.016039871337191734,-5.637020319549956e-6,-0.0003619465840580362,0.0019154433149174638,-2.1300026564754404e-5,-0.0028612425042324747,-0.003413719229139812,-0.00030150266653730597,-1.80889432647019e-5,0.00016926624540326325,-0.00563539530086647,-0.0014822183920578768,0.00012422750690770532,9.809982165530449e-5,0.0025464888307375273,-0.007819663467234249,0.00046426237683811844,0.00017187590285817499,0.0002802764491423642,0.0005531345419678896,2.112937507767352e-5,-0.00010256434374082589,0.03741998220592292,-1.823774805716903e-5,-1.1944453673858124e-6,0.0028752977399110254,-0.00012402416981735089,-0.0010438816663942065,-0.011248687548635216,1.1773706030244178e-6,-0.00017062318434832766,-0.0001018015596808636,2.139092901668593e-5,0.00015870853397291154,-8.858102555522457e-6,6.805205956169765e-5,-0.004733547452744667,-1.9749688367275402e-5,-1.705046876434778e-5,-6.694298822746099e-6,-0.00025535315593878504,0.0025200336091397526,0.0007536805384161612,0.00014249199979888953,0.00010530810955509181,1.211309210214496e-5,-9.973102437794303e-5,-0.00020590808421635257,0.015415419274151241,0.00115505223517952,-0.0006164770217842329,0.006060418384938031,-9.396420623726297e-5,0.000995444545528677,0.006323682745536732,0.006716279284556583,0.0008668230767418053,0.0005776910614445432,-0.02231926613561003,-0.00013177233030137043,0.0042128823648056105,0.006460392398795185,-0.0013828973896607949,-0.001591795990775822,0.0002137440196389015,-0.00016865843973342716,0.00830103902643792,8.91562202019031e-5,0.00031441015455543523,-0.00011209899277069154,0.00012621847961150767,-0.0009867133052211107,1.0187388711375847e-5,0.009353142910108664,0.00011644012989333524,-0.00021272590638358294,4.077479472553017e-5,-0.0002543932913895366,0.00012099217916475761,0.00014708077757514764,-0.0015191859211141376,-0.0048859438868612635,0.003268686426323639,-0.00017572308500108814,0.00011264183298242607,-0.00012898564122548634
0.0,0.0,0.0,0.0,0.0,0.0,0.0,0.0,0.0,0.0,0.0,0.0,0.0,0.0,0.0,0.0,0.0,0.0,0.0,0.0,0.0,0.0,0.0,0.0,0.0,0.0,0.0,0.0,0.0,0.0,0.0,0.0,0.0,0.0,0.0,0.0,0.0,0.0,0.0,0.0,0.04433071808278603,-6.94997832073704e-5,0.0013640572226326587,-0.00041011346604534997,0.001049178580114228,-6.691493512909632e-7,-0.00016329414064580539,7.585525051386501e-5,-0.031501314840318775,0.006251696724160052,0.0002096402065679548,-0.0010988768842497374,-4.585563641724726e-5,0.002894731812339397,0.00018177771151663737,0.0015723976757864879,-0.004198082394799798,-1.0216423358212623e-5,7.479084992814542e-7,-0.0009232462487347746,-4.893617726254285e-5,-0.0013559524812702163,0.0099274510666812,1.3476444565458805e-6,-0.00032235654649487197,-0.00015516430528671513,-0.00021350243947022444,-5.645988176736061e-7,0.0014784677209258065,0.00015772920152088684,9.734926049500594e-6,0.0010928425310120463,-7.468829227147493e-7,-8.56424827861645e-6,0.0009953559079860575,-9.56238968352322e-6,0.001385846011570184,-6.14648519762182e-7,-0.00021054716041019232,0.0008141470198878211,8.732043662119701e-5,-0.0006337929975982086,-0.003874828754917181,-6.362421595558218e-5,0.00015668789576916227,6.573823942544601e-5,-1.198177886577113e-6,0.0032381672029468717,-1.767434837803357e-5,-0.0018306263135944828,5.76125825014514e-7,-0.00010823020564386931,-4.473555831718395e-7,0.0018784773747055037,0.0020178739132411822,1.8787833617769958e-5,-7.641629618150743e-6,-0.000641704883956507,-0.021472850661153394,9.850666265893026e-6,2.948975907173755e-7,-0.00031500753649055924,0.020770420069252612,4.014408244408692e-6,0.0005163831824186106,0.0012337426113509023,0.037080387473165666,0.0008898605840226122,-8.141355097523794e-5,-0.01891484937897526,-0.01050853331823327,-6.98091810783015e-7,-0.00018760629773289383,-0.001371169357882817,-0.0035086690538089324,0.0015496835107258174,-0.0011535763075106072,-0.014882722109803185,-0.00010017963502554585,0.0022008250840220363,-0.0013778653667214313,-2.7835766611341233e-6,-0.00042723800564399604,-0.0016473847193132997,6.700218631120319e-7,7.925317728041348e-7,-0.0024037492066678176,-0.0015567655518498589,-0.00011815639511017697,0.0014031180401081823,-0.0010376618389256631,0.01555647618498096
0.0,0.0,0.0,0.0,0.0,0.0,0.0,0.0,0.0,0.0,0.0,0.0,0.0,0.0,0.0,0.0,0.0,0.0,0.0,0.0,0.0,0.0,0.0,0.0,0.0,0.0,0.0,0.0,0.0,0.0,0.0,0.0,0.0,0.0,0.0,0.0,0.0,0.0,0.0,0.0,0.0,0.03892823761683551,-0.00270960713079882,0.010259338240502092,7.641613116449035e-6,0.003004324785286033,0.00022922507304739162,3.9146806010434737e-7,-4.182296327022647e-5,-7.932873913873943e-5,1.3482695926220221e-6,0.0001519799665525443,0.01348410158956027,1.9018035525059047e-5,1.1513531026691823e-6,-5.033701553822425e-6,0.0002579810804884403,0.0076762025226968025,-0.0018337469993889798,-6.139010169347413e-6,0.016065213768858458,0.0006383672531898149,-3.3057303538516407e-6,-0.003159628109343639,-1.9501579125162002e-5,0.008216728924604582,-1.3469202035231361e-6,0.0008342730434828969,-0.002000988938247889,1.1175384400779757e-6,7.218139679305799e-8,-0.0001524625628745676,0.0018328650773588122,0.008005569553165516,-0.002503213989394858,-7.109304065796903e-8,1.0322514535921894e-5,0.0010060568114862148,-1.3540966683256197e-6,-5.886876827585743e-6,5.609471022469073e-7,-4.247448225641059e-6,0.00021408941073304156,0.004575477986955353,1.0606378676920582e-6,4.2349539802563644e-7,-0.00017183935167393362,-0.00011576418165845332,0.019982344652552504,-9.7658673368562e-6,-0.0007322609038932904,-7.481319193711223e-7,-0.00025408077577187096,1.2787691313621238e-5,-0.002241765534506342,-0.01556124258497413,0.01648670990715902,0.004194115814807354,-3.5020956117748844e-5,-0.005991216848132301,0.007049922543886087,0.015954366141123295,-1.2100598016411265e-6,-0.006486759568419214,-0.005963558246428169,8.236730629715617e-6,-0.00012067827488733078,9.059960585920016e-5,0.02831128043555816,2.5468235616915604e-5,-2.94504380341563e-5,-0.0007199056549349454,0.0064545862398425425,-6.512261595525702e-6,-2.064654984331049e-5,7.882573862261115e-6,-7.840094879033691e-6,1.758602238658556e-5,-6.44716612402931e-7,-0.0004052806355070312,-7.778588695017854e-6,0.0070234320426453,-2.625592564327317e-6,0.001155346854356749,-0.0009218201107653177,-0.0011018253443029723,7.105129012706309e-5,0.000936235911711395,0.04392114885059528,1.0583583120511645e-5,-7.010823662956816e-6,3.410462592598226e-5
0.0,0.0,0.0,0.0,0.0,0.0,0.0,0.0,0.0,0.0,0.0,0.0,0.0,0.0,0.0,0.0,0.0,0.0,0.0,0.0,0.0,0.0,0.0,0.0,0.0,0.0,0.0,0.0,0.0,0.0,0.0,0.0,0.0,0.0,0.0,0.0,0.0,0.0,0.0,0.0,0.0,0.0,0.03552432659079902,0.0013465916322459223,-0.00015176791707730252,8.723045400323704e-5,-0.012541036191830737,-7.927008835914023e-6,0.0008656817441320856,0.0014323691017003536,-2.6953224515124134e-5,-0.003609418732105577,-0.005011113554811431,-0.00037820968318526006,-2.3035874560496307e-5,8.941812965306475e-5,-0.004935092360362344,-0.001796841827075522,5.958884041501036e-5,0.00012247818443359158,0.003105417798218823,-0.011430287721459422,3.4281136050764024e-5,4.385949227151812e-5,0.00016637832885886778,-0.004174423604153774,2.6952985227186718e-5,-9.857179653486922e-5,0.024682700760665425,-2.222875918753114e-5,-1.4326127700506187e-6,0.0036227370583418227,-5.933810834721596e-5,-0.0011073939563220093,0.025876738783281533,1.410830895140763e-6,-0.00020429034272158913,-8.587669176616051e-5,2.706829574370602e-5,0.0001091972668726218,-1.1214394824707665e-5,8.47025218647951e-5,-0.004153360579945075,-0.0018448933715627576,-2.113985215751604e-5,-8.465172762369217e-6,-0.00040764589250574205,0.0020077515052472177,0.002044793286483054,0.00019684403633448807,0.00011037646833902535,1.4899149902925738e-5,-0.00017276508573011015,-0.0002547372915168708,0.036184572395814324,0.0009759532664478949,0.00015390124747106948,-0.0179994112951029,0.0007299512301952363,0.0012195899557454768,0.008740675735620722,-0.0026113569975049454,-1.3142822046933332e-5,0.00044229153021854635,0.003974183592541884,-0.00016425704402447301,0.002378511880603554,-0.007609990017781189,-0.0021720652144193975,-0.0008355560148219757,0.0005842336916860663,-0.00031201938747346057,0.0015195998346352487,0.00013181210287017373,0.00041365783896680017,-0.00015901348279047012,0.00015624972075046448,-0.00031541922311580805,1.2887690688378006e-5,0.0050558657742641655,0.0001562626243848995,0.0001488546338713609,5.2602593786847134e-5,-0.028036415327433256,0.00012101455227121242,0.0001479949156336548,-0.0011801807043866598,-0.02025310135042589,0.004158236068908492,-0.00020951020548801201,0.00013975982742812446,-0.0007063142408409705
0.0,0.0,0.0,0.0,0.0,0.0,0.0,0.0,0.0,0.0,0.0,0.0,0.0,0.0,0.0,0.0,0.0,0.0,0.0,0.0,0.0,0.0,0.0,0.0,0.0,0.0,0.0,0.0,0.0,0.0,0.0,0.0,0.0,0.0,0.0,0.0,0.0,0.0,0.0,0.0,0.0,0.0,0.0,0.028470033353902295,6.0510056135949955e-5,-0.0007896372013842932,-0.006195462136872397,3.1781340216360736e-6,-0.00034879916140513124,-0.0005571941587879956,1.076663544875857e-5,0.0009382120053433682,0.003981942340480384,0.0001508480324685989,9.204036330759814e-6,-3.445799070904063e-5,0.0018708685429478984,0.0003993889440872568,0.0003553167714078253,-4.8896214042962635e-5,0.0031900873126518557,0.0013171710847216984,-1.0248957498632186e-5,0.0006455968013214267,-5.890384566153933e-5,0.011350850722084355,-1.076961358636698e-5,-8.037361005075612e-5,-0.003256294308238176,8.866530882139821e-6,5.710729362128034e-7,-0.0009442457846955532,-0.00035539581656054297,-0.0003356474360097935,-0.0029407947151852375,-5.623691950836232e-7,8.136740879809788e-5,-0.00013037822217108966,-1.0812434084808045e-5,-4.266541853083723e-5,4.4797194898905945e-6,-3.381093883619637e-5,0.0015808146577901006,0.005073884812102558,8.437141057534145e-6,3.3813610415494834e-6,0.000491296215323195,-0.0007884235957459672,-0.00343319456841234,-7.881484792654217e-5,4.302965454927136e-5,-5.945025828370453e-6,0.00025269993271411146,0.00010165237655532484,0.0007465063448391583,0.001030401754266763,-0.003510508868313963,0.011132171954050352,-0.0002947276642601778,-0.00034693229983982657,0.0008800698420864877,0.025350697935128192,9.162569778736418e-6,0.000918830347750159,-0.02197781822572416,6.556690204943344e-5,-0.0009450871177344516,-0.00319628934726369,0.004646077944942475,0.00035917441007807585,-0.0002327930634637724,0.0005042381556429793,0.015102306176428434,-5.2837488338432675e-5,-0.0001653402127330307,6.368137601588281e-5,-6.23594444351714e-5,0.00012218021037337969,-5.147973452435568e-6,-0.002975489205803942,-6.250653126463195e-5,-0.0016179681059607309,-2.1025563172545032e-5,-0.003629094257648259,7.434692440548522e-5,8.677395357595449e-5,0.0004553981916589371,-0.000947525942164246,0.0058202685090645145,8.345259664473888e-5,-5.578258277581261e-5,0.0002847856440916653
0.0,0.0,0.0,0.0,0.0,0.0,0.0,0.0,0.0,0.0,0.0,0.0,0.0,0.0,0.0,0.0,0.0,0.0,0.0,0.0,0.0,0.0,0.0,0.0,0.0,0.0,0.0,0.0,0.0,0.0,0.0,0.0,0.0,0.0,0.0,0.0,0.0,0.0,0.0,0.0,0.0,0.0,0.0,0.0,0.027962529861592828,1.4877623281172697e-6,-5.3681295829027165e-5,-0.0025174052701925813,0.00203953856722882,-0.0017454243092812518,0.00665878619015152,-0.00015853115777035874,-3.160068201667136e-5,0.006357375187583438,0.004990718049109526,-0.010703163364468408,0.00017785665879394529,-1.0731372349354311e-5,-9.469947506194594e-8,-0.02242005581217156,1.2164242334295474e-5,6.306806471856402e-5,-0.004317428088353459,-5.506129915305106e-7,-0.000446916595121483,-2.6390880899331347e-5,-0.004743503370989259,-4.730242485423411e-7,-5.918448801343521e-5,0.008412713434204725,0.0007406446234356993,0.0001597015729532897,9.625656846666728e-8,-5.869269158691579e-6,5.044641901953436e-6,-0.0007350650775520046,0.005889438029371558,-3.35552518730633e-7,-0.005836802467931572,-0.00690434741330027,0.002629513212205997,-0.014998489250212852,0.00013596509699622552,-1.2708389836496394e-5,0.0036937665403212728,0.002025355066207593,-2.971493302342993e-6,-0.0004823418160748092,1.5499640129757397e-5,0.018287696444299558,5.874921371895713e-7,-0.005242735490555974,-1.3177458247908784e-6,0.03192730020439071,-6.998105902086006e-5,4.148659268269456e-6,5.263810232442558e-6,-2.9271794553348593e-5,0.004109994437632248,7.228116404636806e-6,4.1753420796246655e-5,-2.80169179588513e-5,-0.002014973039744083,1.4059187387832752e-6,-1.8743491236413441e-6,0.021579250306109337,-0.0010958223517852175,-0.0003851606117559593,-1.6946233107550915e-5,-0.0019236099405356847,-0.0007501644883130908,-2.4321838998439852e-6,-1.6112312272096885e-7,0.008202697165736964,0.0027535290021757654,-0.00824949956777369,-0.03482650789818327,0.0014311770784788203,-0.0029717094576220977,-0.0002866245234160856,0.00619563890983094,2.8736080481152336e-6,-0.003206213496657927,-6.224541371304022e-5,6.103711017984458e-7,7.527575735513415e-7,0.0007556373469870829,7.583577774717577e-7,1.4752634932999524e-5,0.008814722505258306,-0.028455241324372136,-0.00703866772188231
0.0,0.0,0.0,0.0,0.0,0.0,0.0,0.0,0.0,0.0,0.0,0.0,0.0,0.0,0.0,0.0,0.0,0.0,0.0,0.0,0.0,0.0,0.0,0.0,0.0,0.0,0.0,0.0,0.0,0.0,0.0,0.0,0.0,0.0,0.0,0.0,0.0,0.0,0.0,0.0,0.0,0.0,0.0,0.0,0.0,0.0274237336542447,-0.00012288222607475673,2.1670899474181583e-7,-8.961438591236721e-6,-1.3441432199888602e-5,-9.079218382121618e-8,2.5431572299091924e-5,0.0004654382818540986,3.438392203136906e-6,-3.949202560480827e-8,-2.512045806133164e-7,4.638285274438588e-5,0.0025837472470089822,-0.0180392413496599,-1.1200947905673581e-8,-0.0008000901702791742,3.1569294778881286e-5,7.241556020371039e-8,-0.003668970900665753,-7.848404354102029e-7,-0.00015288969748754794,-1.3268834248606625e-8,0.0038405447755968753,-5.662998768040959e-5,-2.340105846094324e-7,-2.5866706429443277e-8,-2.5594910186466753e-5,0.018068991394030332,0.0021891213277059236,-4.7725690311204786e-5,2.5782718920338682e-8,1.7181923218028764e-6,0.0018846377193236475,4.505264358437454e-8,-6.716501096583314e-7,-3.0123403801037216e-8,-3.500815058933485e-8,3.936978925573581e-5,-0.00010747372636779467,1.135656881345411e-8,-2.4941837483947484e-8,-0.0009394061201630434,-1.8868855780827458e-5,0.0004629349081868857,-2.9767729290093597e-6,-0.0021444678639566065,1.3525737322001483e-7,-0.0032496900276018687,8.186675203801084e-7,1.6924063385800002e-5,-0.0013769930798525555,0.007634200712377356,0.00013595175475579238,-7.716213179821196e-6,-0.0007292721144724654,-0.0007652388178947317,-0.0003638446242747162,4.5174632345488285e-7,-0.005704629861481868,-0.00017960841377398775,4.751047028971736e-7,-2.357999218217535e-5,-6.0923700182865984e-5,-0.00041466118190107415,1.0108623038118317e-5,-5.793458932019909e-6,-0.0012825440223545046,-7.986134589654468e-5,-1.7771460617004564e-6,-4.3053995011895415e-6,2.051499875676765e-6,3.24376016709505e-7,2.8828532191858663e-6,3.190564738162355e-8,-6.570732143345312e-5,-1.9085433177568433e-6,0.00395926062684317,-3.545566814141286e-7,-6.71926969428209e-5,-0.002849559282601441,-0.007089160934431764,1.0679784545535246e-5,-1.3360693678410573e-5,-0.0016468968485552052,1.6118741736904777e-6,1.4367210217764572e-7,7.6093379556605195e-6
0.0,0.0,0.0,0.0,0.0,0.0,0.0,0.0,0.0,0.0,0.0,0.0,0.0,0.0,0.0,0.0,0.0,0.0,0.0,0.0,0.0,0.0,0.0,0.0,0.0,0.0,0.0,0.0,0.0,0.0,0.0,0.0,0.0,0.0,0.0,0.0,0.0,0.0,0.0,0.0,0.0,0.0,0.0,0.0,0.0,0.0,0.021998682956670665,-9.329594984395021e-6,0.0002957028862991064,0.001039642532557572,4.563920208199544e-6,0.005974420293553485,0.0002186054439057595,-0.00015318687999183884,2.2390929661841348e-6,4.094973102182697e-5,-0.000569592825354864,-7.612367875305295e-5,-2.2964794206160285e-5,-1.0118404047416386e-6,0.000953280313063041,0.008714347070960164,8.803214517452342e-5,0.00011506031516422457,0.000958790401879151,0.0007018413381231659,4.332156735098156e-8,-3.793892344300019e-6,0.00037087940619448556,1.061650495062961e-5,1.1607024829311226e-6,-0.005971822480849545,2.313730403700454e-5,-0.00016247099617160748,0.0028630002670585607,-1.1564701206957396e-6,-7.924296212025891e-5,-2.3831278366667708e-5,-2.50513259045794e-6,5.191073945333171e-5,1.5561591874583733e-6,6.282735477858299e-7,-0.0003752726937979786,0.00043502724931138484,-3.0557384659332903e-7,1.270213475924502e-6,5.7820084785796214e-5,0.0017722684105437227,-0.0004681414412389408,0.00012592733093362007,6.737253316013217e-6,-6.194529598533081e-6,1.7836886137488772e-5,-3.471755529270943e-5,-0.01050397689665561,0.0002983836081381594,-0.0006568791028244183,-0.00465015773181197,0.0002448613624038149,4.9700730721692493e-5,0.0012638607446041903,0.0021183974358988137,9.092452935525947e-5,0.0001959747936956509,0.0038677024439824513,-1.952930979102445e-5,0.0010625796976856808,0.03800483052450596,0.0006342581263404651,0.000731630688256423,0.00026009275290087323,6.711762612440307e-5,0.0007852170318059988,7.307172397006987e-5,0.00018367565325214805,-8.545632263587902e-5,-1.6067541508139843e-5,-0.0002296999015637008,-1.66252720577137e-6,0.010958111284876499,8.094374625156162e-5,-0.0002932574463515338,1.469530061367883e-5,0.045416811542291075,1.0141323915520408e-5,-8.624975780122704e-6,-0.0012811437476997018,0.02740226530560768,0.0015707024541824943,-7.437027798510405e-5,-7.886115637304659e-6,-0.00025798767991831484
0.0,0.0,0.0,0.0,0.0,0.0,0.0,0.0,0.0,0.0,0.0,0.0,0.0,0.0,0.0,0.0,0.0,0.0,0.0,0.0,0.0,0.0,0.0,0.0,0.0,0.0,0.0,0.0,0.0,0.0,0.0,0.0,0.0,0.0,0.0,0.0,0.0,0.0,0.0,0.0,0.0,0.0,0.0,0.0,0.0,0.0,0.0,0.021440420337532573,0.0001182841594679895,-0.00031741003392499266,-0.005076942443358388,-2.1935722585820276e-5,-5.795995038190693e-6,0.0020992964763110436,0.009165301858753389,-0.0013126165711513436,3.93151514584273e-5,-2.0574236735058017e-6,1.5461466343745793e-7,-0.0009226590819235638,2.689025978198532e-6,1.6611694876638818e-5,-0.0006050572962907973,-1.552037431543471e-8,-7.539654116953678e-5,-4.614767716270882e-6,-0.012108591265219742,-1.285113747132829e-7,-1.0977245613600618e-5,-0.020009558464213064,-0.008485402709331317,2.2149426232249068e-5,-1.5455039171439172e-7,-1.1855822245918546e-6,2.205853654741761e-6,0.008512628975385033,0.0012819001120671835,-9.18566278650459e-8,-0.0015696265415671914,-0.0009212567689082956,-0.00047094491552292033,-0.0007166590315855608,3.160076345499112e-5,-2.179062491156788e-6,0.0001324408461830302,-0.0009964037914007046,-5.186866250419787e-7,-8.874231891928447e-5,2.678634330938478e-6,-0.010531079388960567,1.339700069136575e-7,0.015438959776044387,-2.0478448859038322e-7,0.0061232397101582785,-1.7925176578483872e-5,9.161248316663431e-7,6.178563365805887e-7,-7.5099555558760226e-6,0.0003290136460955397,1.375043688483509e-6,8.338708147173429e-6,-4.299767602510563e-6,-0.0002956849630206948,4.044637509709166e-7,1.3412852879047276e-6,0.00532275510825646,-0.0002529249523892098,-5.114073846910175e-5,-2.8769933579272797e-6,-0.00029776331343753985,-0.0002360035959364974,-4.107716551954428e-7,3.130510667259828e-7,-0.0009175212528416197,-0.007539441205162772,0.0016786695421537165,0.009476667826792658,0.0002461365844062784,0.0004011106124191824,-4.833345816801138e-5,-0.005206939822735979,3.6777136400004075e-7,-0.01797808994690001,1.0830993690240624e-5,1.4682919969741197e-7,2.0801878627559725e-7,0.0001345838620718433,1.4004065949262199e-5,3.447908154416248e-6,0.0017921918083305607,0.003719609519558755,-0.0005146084155751659
0.0,0.0,0.0,0.0,0.0,0.0,0.0,0.0,0.0,0.0,0.0,0.0,0.0,0.0,0.0,0.0,0.0,0.0,0.0,0.0,0.0,0.0,0.0,0.0,0.0,0.0,0.0,0.0,0.0,0.0,0.0,0.0,0.0,0.0,0.0,0.0,0.0,0.0,0.0,0.0,0.0,0.0,0.0,0.0,0.0,0.0,0.0,0.0,0.021329606354409437,0.00259340290949701,-0.00041345357624787904,-0.00028893763354955474,0.00024178965697503602,0.0015031564906421498,-0.000394069508888649,-0.012596209749184371,-0.003047304526639546,8.503670418046152e-5,-6.512321931930634e-6,0.0009056752858566962,-0.00010781530223374844,-0.000878382094911561,-0.01582807684915007,1.1444968344224608e-6,0.0004530750117732368,0.00019579911861040622,0.0003745987834621279,5.313112736848238e-6,0.0004795481298795678,-0.0003421714487072125,4.314028108093804e-6,0.00028074382258561184,6.510409340429232e-6,4.849210517329481e-5,-8.362563331814837e-5,-4.879788920064173e-6,0.002133021220418459,3.705916304109824e-6,0.0003713838416617551,-0.008698767860019383,-0.00016888993389841344,0.0005221789457025616,-0.0027555385810561503,9.278921039299523e-5,-0.00010737904132303182,-0.00012559722514234457,2.176483202802289e-5,0.0029424781564190354,-0.00011324476809710174,0.0006817813132934435,-5.526767894881424e-6,0.00021173422255181006,8.570713100018443e-6,-5.7927755722396706e-5,0.0007641679314053442,-3.674745303941242e-5,-2.848306793610578e-5,0.00029890742681266074,0.025119214612127048,-5.686833445879891e-5,-0.0003419096202389198,0.00018874243530751905,-0.010034951983450774,-1.59246585401032e-5,-4.07039603638113e-5,-0.00039689873197349003,0.01285784272925454,0.0013197122689845822,0.00012231232192513978,-0.009052301414504901,0.005020032654343971,1.7329779374205336e-5,-9.842989203280259e-6,0.002228327363861222,0.0006642603154182373,-0.0017944769679610045,0.0013848087823665578,0.003575855346590343,0.00018797330474024803,0.0019298302286192897,0.0003953819867079438,-1.653011479417329e-5,0.00025772796056988825,-0.0008372610997063097,-6.045231230746431e-6,-8.664538862227514e-6,-0.002390215618781756,-0.0008840210766161135,-0.00013668121227336874,0.002432824335890525,0.0010829630979796497,-0.02715147570983845
0.0,0.0,0.0,0.0,0.0,0.0,0.0,0.0,0.0,0.0,0.0,0.0,0.0,0.0,0.0,0.0,0.0,0.0,0.0,0.0,0.0,0.0,0.0,0.0,0.0,0.0,0.0,0.0,0.0,0.0,0.0,0.0,0.0,0.0,0.0,0.0,0.0,0.0,0.0,0.0,0.0,0.0,0.0,0.0,0.0,0.0,0.0,0.0,0.0,0.02090742146790299,0.00012230223513957702,0.0062030455273128175,0.0003339648738789314,-0.00535800406166054,0.0002569323779186698,0.0034234811785798973,0.00249065423954422,0.00012278887299046473,-8.57837736028492e-6,-0.00013869625364790723,-0.0001781589727141008,-5.038802616731477e-5,0.008106888221809433,-1.7554923847526365e-6,0.009650396380142211,0.000248295830422823,-0.0002198635367029294,7.661931717078903e-6,0.0005200849411198505,0.00010013700811975986,-8.96350428455416e-5,-0.006226529757795849,8.570575126405909e-6,7.347442035297225e-5,-0.00017126757125851219,9.025555684366872e-5,-0.002943939227343434,5.965745675451683e-6,-0.000147796575666297,0.003209056741944461,6.369706190981676e-5,-4.063893837417424e-5,0.002878084679071688,0.00011547249563182856,2.021143419787493e-6,4.144313554560148e-5,2.9215359419874987e-5,0.007054072914664305,-0.00014635397886448328,0.004140797720663159,-8.051471489922483e-6,-1.8507477587051733e-6,1.1653795726698703e-5,-0.0011121342767876114,0.0009487737597862168,-6.0627683006335985e-5,-2.116952154651681e-5,0.0005085522190696122,-0.00044634229913685034,-8.18700544504968e-5,-0.000512086924437921,0.00019777611147005051,0.008091246262557477,-2.8364586115779003e-5,-0.00015811250944070156,-0.000561780221688215,0.009797807748234442,0.006846104218286182,0.0001535458507407204,0.03264422132897839,0.005999077466090197,2.2639956905021636e-5,-3.5123553110295455e-5,0.0022294998867664574,0.006152165828604703,-0.002705062899049993,-0.0005553216013195728,-0.009078517288694403,-7.034907711911192e-5,0.0032342389304427345,0.0026838525425140433,-1.4861609475445702e-5,0.00021637109976456825,0.0012903773434948709,-8.888421964790173e-6,-1.2059340562044583e-5,-0.012721571731595181,0.0006757579754541576,-0.00023676588636287652,-0.002806778651734472,-0.000326657693889474,-0.0016824582052788184
0.0,0.0,0.0,0.0,0.0,0.0,0.0,0.0,0.0,0.0,0.0,0.0,0.0,0.0,0.0,0.0,0.0,0.0,0.0,0.0,0.0,0.0,0.0,0.0,0.0,0.0,0.0,0.0,0.0,0.0,0.0,0.0,0.0,0.0,0.0,0.0,0.0,0.0,0.0,0.0,0.0,0.0,0.0,0.0,0.0,0.0,0.0,0.0,0.0,0.0,0.019355011520322776,-3.244569259505592e-5,4.21885970701958e-6,0.0009245068359813928,0.0060071039867577655,0.0009520937578431648,-7.757358782862563e-5,1.4604377663688098e-6,-1.1547083845268643e-7,-0.006898709204417556,-1.752576184829203e-6,-2.022945030468173e-5,5.584663240341415e-5,3.462615382441931e-8,-2.3200889849506097e-5,3.512694105051685e-6,-0.004338826012849724,9.129447597331487e-8,8.96408462820477e-6,0.005161195810422896,0.009129560461957285,3.2366250541993166e-5,1.1546012906852541e-7,8.1763557573731e-7,-1.2118866523737743e-6,-0.009071750513936548,0.00011157673407436997,6.094810609867866e-8,-0.0072343027261541045,0.0005096496926506101,0.005181146381936252,-0.0035454085341033344,-7.223097446745102e-5,1.6744216409564922e-6,0.0006549292878948901,0.004175815886622627,3.8351735263469075e-7,3.6736287696195e-5,-2.0202317620469747e-6,-0.009066936782118095,-9.460792176551668e-8,-0.006292145683548922,1.5036959536178342e-7,0.0039459065830742815,1.375073444045716e-5,-5.978455730797564e-7,-5.768530081580799e-7,4.789687209860461e-6,-0.0002344789297219418,-9.777182788331596e-7,-5.790032760424798e-6,3.568641362248197e-6,-7.282023198582952e-5,-2.499089510917853e-7,-2.6209134092127346e-7,0.004522092542636087,0.00017949631888239745,1.0668983121638788e-6,2.2017730564750406e-6,-0.00023557098373184088,-4.1584835267340225e-5,3.080998506356871e-7,-7.705719331576037e-8,-0.0024591228599314444,-0.0068661791250881465,0.0030490436662188743,-0.007405352468988873,4.95754924072024e-5,-0.004986318173932278,3.068852642104291e-5,-0.004673337910106389,-3.2346040452773434e-7,-0.006200837174781728,-2.5122345514153164e-5,-1.0312443844312467e-7,-1.5079495167233958e-7,-7.558633958670513e-6,-2.3531700071795618e-5,-2.1739274140681093e-6,4.410508076667244e-5,-0.0062655404214210795,0.0007905499028615106
0.0,0.0,0.0,0.0,0.0,0.0,0.0,0.0,0.0,0.0,0.0,0.0,0.0,0.0,0.0,0.0,0.0,0.0,0.0,0.0,0.0,0.0,0.0,0.0,0.0,0.0,0.0,0.0,0.0,0.0,0.0,0.0,0.0,0.0,0.0,0.0,0.0,0.0,0.0,0.0,0.0,0.0,0.0,0.0,0.0,0.0,0.0,0.0,0.0,0.0,0.0,0.018813958830689995,-0.0011540619226953104,0.0013303960697537325,-5.7973930197969624e-5,-0.0008824225864514446,0.009364085050802143,-0.00035997326276726723,3.624751840368051e-5,2.7999988713140637e-5,0.00019901636909834276,0.007438043768384273,-0.001654950825587261,-3.9821186742476135e-5,0.005453206826611353,-0.0010886242622782925,5.113057492085855e-5,-2.2784252982176424e-5,-0.0022484810555017114,-1.8471942762370297e-5,3.908300988709257e-5,-0.01868511530335316,-3.629088381553686e-5,-0.00016940405082318855,-0.00030286947352111803,-3.9146932186981477e-5,0.0007372122082968947,-9.508747448287294e-6,2.7384195964752486e-5,-0.0008015787022455171,-8.274697064654481e-6,6.761982756436757e-6,0.008615068672848001,-0.0005468311419364161,1.094995038281783e-7,-4.055423225428127e-6,-0.00011543572322837516,0.004241794821895887,0.0006507478683830052,-0.0010698168597464786,2.285947666940733e-5,-9.548964905482587e-6,-4.397214485531083e-5,0.00029246357416976514,-0.0022124635421556247,7.558655832552255e-5,0.0003261609058258019,-7.556179462103334e-5,0.0001486534263483424,0.0002410637791377357,0.001159824289481147,-0.0014744506936615167,-0.001322727099032786,1.266676790828579e-5,-0.0008925603934404966,0.00015073667054591908,-0.0008163042913953153,0.026614507496174264,-0.0007411522935684504,0.0034795490213377907,-0.0011443232172041245,-9.826373440884119e-5,-0.0001844180598963353,-0.0005483631102183157,-0.001566236780217367,0.0006743355537297056,0.00013714681674923285,0.0013019854902483587,1.0414407258470536e-5,0.0037342665913050292,-0.0006896670803750185,0.00016278949908988356,-6.57387267582707e-5,0.01663876359363904,2.4168684397734164e-5,4.161925857744637e-5,-0.004342517986896051,0.012653571779853077,0.0001431943146047529,0.0007130402311590672,7.85766535384023e-5,0.00025870410990632065
0.0,0.0,0.0,0.0,0.0,0.0,0.0,0.0,0.0,0.0,0.0,0.0,0.0,0.0,0.0,0.0,0.0,0.0,0.0,0.0,0.0,0.0,0.0,0.0,0.0,0.0,0.0,0.0,0.0,0.0,0.0,0.0,0.0,0.0,0.0,0.0,0.0,0.0,0.0,0.0,0.0,0.0,0.0,0.0,0.0,0.0,0.0,0.0,0.0,0.0,0.0,0.0,0.017844531146325462,5.596579982349123e-5,-3.9741875672251e-7,5.667109874203737e-5,-0.0009332261204637674,0.012347531727850403,-0.0008483593297636578,-6.160333295301728e-6,-0.006340637293279106,-0.0016313950834049677,-4.7743913770909816e-5,-0.001193292887475493,0.00017474160891995917,0.005255647142731748,-1.3013013458493858e-7,0.0010318706398528758,0.0019684274022267407,1.3632386338688733e-6,6.297046192622565e-8,1.399442047398065e-5,0.0008451932151060325,0.007610858032958202,-0.00029454974614940633,-7.318265139209939e-8,1.909595102045035e-5,0.0009710740208366503,-7.372292360777863e-7,2.6913360669694687e-5,1.489339845999812e-7,-4.139138022182352e-6,-0.0007623789563864917,0.0029007075546656955,9.457904134964487e-7,1.5275771627168362e-7,0.0030108372329243857,0.0006905614068836727,-0.009406471887682783,-6.15198161083947e-5,-0.0010986822219897347,-1.2927648232635028e-6,0.0012978482841319848,1.5256463521514981e-5,0.0025296379300304567,-0.005154160176416394,0.0017093126322077399,0.0023876319461769036,-7.335027635635167e-5,-0.006419276031734614,-0.015082242418953732,0.004921057739450172,-0.00011677002449843916,-0.004810914122934132,0.0001629541713812031,1.1024154635220617e-5,0.00034728250164365606,0.0006867898050624202,0.007428344855629428,-0.0006041703455525733,-6.826435834456448e-5,0.0021112322938734948,1.0953704425568878e-5,-4.995904289956202e-5,-8.788813464850069e-5,5.242446079976357e-5,-5.07713092864041e-6,0.00011419738457191661,-2.703828508445521e-7,0.0016888970155610479,-3.943292719690847e-5,0.0003039193620196685,-4.767629865270871e-6,-0.0023396393573157713,-0.0012429365750061094,-0.0014692572345973518,-0.0003408756673674341,-0.0020864066158898975,-0.009636869775143775,1.449895976479787e-5,-5.390699737108574e-6,0.00017052618513290548
0.0,0.0,0.0,0.0,0.0,0.0,0.0,0.0,0.0,0.0,0.0,0.0,0.0,0.0,0.0,0.0,0.0,0.0,0.0,0.0,0.0,0.0,0.0,0.0,0.0,0.0,0.0,0.0,0.0,0.0,0.0,0.0,0.0,0.0,0.0,0.0,0.0,0.0,0.0,0.0,0.0,0.0,0.0,0.0,0.0,0.0,0.0,0.0,0.0,0.0,0.0,0.0,0.0,0.015637926392926212,-0.0006446524846901629,-0.007890156215689238,0.0011027343339654874,-2.428066573754943e-5,9.825145656193313e-7,-0.0020700822629864876,1.3639241178513793e-5,-0.00021470169592235314,-0.006019058265691178,6.648808289688083e-6,0.0010601924662478038,4.039605770006592e-5,0.00036046653141369044,-2.4265662745547613e-6,8.054783078339026e-5,0.00047175456647249056,0.0003202116620189414,-1.3542567911699377e-5,-9.685330940084084e-7,-1.8059462319656785e-5,2.454587410361023e-5,-0.00032649268307033706,0.008236288495567616,-2.97729699063637e-6,-0.00014115622450212558,-0.00658890514152038,1.3665515098701792e-5,-0.0014165719501743653,0.0011039698731035595,1.9749848491217693e-5,0.0003214345186906853,4.799083602377846e-5,-4.258880413579501e-6,-0.00015260397738645182,-3.069466790607157e-6,-0.025280075877548464,2.6656222115047653e-6,-0.0007189297256426583,-2.16716687755034e-6,0.007609965183666283,4.439373259970386e-5,1.4724826551445182e-5,-2.5208527226876645e-5,-2.0241781785266967e-5,0.0017980091432125685,9.693302260595356e-6,-6.279864217234545e-6,6.507110414798543e-5,-0.0022697483813010322,1.678298871244731e-5,5.528255901089449e-5,0.00515260546790559,-0.0027511743741122476,-0.0012091718763644528,1.5199314132419665e-5,0.004600739254761302,-0.0030176773524596186,-1.9849005871790623e-6,1.158371803013385e-5,-0.00977600108006343,-0.030459361458609738,0.01258156334933192,-0.00048487933303746324,0.0016508448425115473,-5.588538817059486e-5,-0.0004488720600632994,-0.015302911326854027,-1.056699183421908e-5,-0.0026877606485955787,-0.0006790002311118801,3.113412413359235e-6,2.9240336475756216e-6,-0.0007713700724793759,-0.00047213456596691475,2.952484990909413e-5,0.008857710560194944,-0.001167822650732843,-0.001602674659759258
0.0,0.0,0.0,0.0,0.0,0.0,0.0,0.0,0.0,0.0,0.0,0.0,0.0,0.0,0.0,0.0,0.0,0.0,0.0,0.0,0.0,0.0,0.0,0.0,0.0,0.0,0.0,0.0,0.0,0.0,0.0,0.0,0.0,0.0,0.0,0.0,0.0,0.0,0.0,0.0,0.0,0.0,0.0,0.0,0.0,0.0,0.0,0.0,0.0,0.0,0.0,0.0,0.0,0.0,0.01551254535602926,0.0010211374585751126,-2.9470633710049274e-5,-7.385064812070588e-7,4.628372487985878e-8,-0.003846603035648445,-2.607583932954966e-7,-7.201638019248004e-6,2.5313104435502672e-5,1.5057879439658758e-7,1.8522815181063957e-6,1.1020102592800257e-6,-0.007386919026478322,-7.825613521825666e-8,4.127876661450446e-6,0.0023476145546715635,-0.011843684442155509,-5.935625617891879e-8,-4.592160007885011e-8,-4.842468310762612e-7,-8.609099532123708e-7,0.0118724141573776,-0.0003431013755357123,-8.427683951664626e-8,-0.004146539827838276,0.0005644125493127975,0.0017560276994924003,-0.0018947976622078447,-2.678594478227949e-5,4.6568617150828744e-7,0.0003497729034242622,0.0008463154030987456,-1.7517763897005638e-7,2.8556649441270736e-5,1.5069704059528735e-7,-0.0007938117592125385,8.435520926535615e-8,0.00047092614761062347,-8.250724862055641e-8,-0.0004690083780505169,6.919687657155342e-6,2.811215956493946e-7,-4.3198981788502705e-7,2.686915638874258e-6,-0.00018959725199840268,2.676479208276324e-7,-1.3422262442173575e-6,9.970450785015182e-7,-7.482468630449022e-5,4.351863108058183e-7,-6.023908890896792e-7,0.00037939894913659953,0.00010410417948475511,1.8017866563946513e-5,1.6601066587640685e-7,-0.00011768832281070184,-4.929648310760566e-5,-1.0550506454927154e-7,-1.360530261931959e-7,-0.0014266823107070361,-0.001191724619581627,0.001466034174004997,-0.007763618011770668,5.285334678266096e-5,-0.0019143228880397498,1.979936262027385e-5,-0.000589578735445551,-1.7118157282182428e-7,0.0009879260926536125,-4.950967184052124e-6,9.71755997692989e-8,1.0220856088000882e-7,-1.8765391665253975e-5,-6.210327525387367e-6,-1.5510692869057094e-7,-0.0006692658060529798,-0.005194382543856353,0.0006844311300271436
0.0,0.0,0.0,0.0,0.0,0.0,0.0,0.0,0.0,0.0,0.0,0.0,0.0,0.0,0.0,0.0,0.0,0.0,0.0,0.0,0.0,0.0,0.0,0.0,0.0,0.0,0.0,0.0,0.0,0.0,0.0,0.0,0.0,0.0,0.0,0.0,0.0,0.0,0.0,0.0,0.0,0.0,0.0,0.0,0.0,0.0,0.0,0.0,0.0,0.0,0.0,0.0,0.0,0.0,0.0,0.013318774313030869,-0.0015650338936468065,-3.8021819173847144e-5,2.4139158364172266e-6,-0.0030944310576857125,-1.4702842341252338e-5,-0.0003689715724667647,0.0005739640924530782,7.655160917151209e-6,5.749607763606114e-5,5.647445780800417e-5,-0.0006958201457640124,-4.03751403410695e-6,0.00021505064916307575,0.0008952230579712197,6.683926402965725e-7,-2.2226329441952887e-6,-2.3953903866761204e-6,-2.480829550177388e-5,-4.7295511012909756e-5,-6.601171598404673e-6,-0.0025607167390491047,-4.327229062220237e-6,-0.0006840208891161845,0.00788727141569743,0.00013603815567709874,-0.0018353752071494848,-0.001422189188321652,2.3712023101805746e-5,0.00038258165512406356,0.00010718858324169572,-9.105336322705596e-6,0.0014318352222170098,8.219984991725406e-6,-0.004582567191218948,4.349316072929119e-6,-0.0004423337267261429,-4.279291596503087e-6,0.0006779195755095026,0.0003655339216137058,1.4157660153523238e-5,-2.1608685069269393e-5,0.00014444833582580836,-0.004684885505955741,1.37280147696645e-5,-7.127183804574016e-5,4.944767049651144e-5,-0.0023802458768577197,2.2263707551227084e-5,-3.532073098938126e-5,0.0016324577328604665,0.004352830816317614,0.0010179872239346685,7.985172150532355e-6,-0.005317647502678897,-0.0013925081198264474,-5.517219786437805e-6,-7.927170022185067e-6,-0.00737054905073599,-0.005775515013285966,0.006715773457537867,-0.004670231886702868,0.001852754481328537,-0.00023284337671160074,0.0010668014327401842,-0.002823253880801099,-8.529586326950234e-6,-0.0008354198143991901,-0.00022354160684801656,5.007881261491439e-6,5.287381063695172e-6,-0.0008781996774307689,-0.00030199691438455783,-9.979022746866826e-6,-0.004032208509894331,-0.003708653193822547,0.013673607360228516
0.0,0.0,0.0,0.0,0.0,0.0,0.0,0.0,0.0,0.0,0.0,0.0,0.0,0.0,0.0,0.0,0.0,0.0,0.0,0.0,0.0,0.0,0.0,0.0,0.0,0.0,0.0,0.0,0.0,0.0,0.0,0.0,0.0,0.0,0.0,0.0,0.0,0.0,0.0,0.0,0.0,0.0,0.0,0.0,0.0,0.0,0.0,0.0,0.0,0.0,0.0,0.0,0.0,0.0,0.0,0.0,0.011289357938736661,0.00046745174457973,-3.2997884942170123e-5,-7.73002664570643e-5,0.0003177217695596212,0.0026792724153389025,-0.001424966256474393,-8.4135503737829e-5,0.002093182613880303,-0.0006364148306360723,-5.1433387015997795e-5,5.069653585407436e-5,-0.0023429761662245112,2.5528795898864924e-5,1.1175123155335504e-5,-0.00016358167406250735,3.278148546167168e-5,0.00029175178620854643,0.0008173639822361235,-1.1254948736008916e-5,-0.00010780018383509961,5.2131336878540335e-5,-2.7067973212449136e-5,-0.00021062270122977042,3.8007609162966434e-6,-3.672517167175147e-5,0.01013034690800768,-0.0002521813743076268,6.433617178750044e-6,2.035601775767369e-6,0.00012127633251891328,-0.004981814245067282,-0.00015032447419704038,0.0008671142087886272,-5.430611330430728e-5,1.4226353680235461e-5,5.605479593459871e-5,-0.000358693354138018,-0.004389967878143383,-0.0001394799005183888,0.0001990253818740339,-0.00226115839718986,0.0006922412419398736,-0.00016268641413683737,0.0010950178561689296,-0.00037153945564197467,-0.00036091102732201856,-0.0002593843779197048,0.0008711421463078393,-0.00017992395085194448,-0.005690280707059662,-0.015030020640064787,-3.580275414988393e-5,0.011982549592922543,-0.0007225388882212803,7.69350417548373e-5,0.00019357763707213716,-0.00023855125970900234,0.000729198691125558,7.075965515952188e-5,-0.00027190144327185353,0.00032137944901624156,-7.348198889236759e-6,-0.011132964562389065,0.0004770349880022453,7.504568221099729e-5,0.00010643635981229237,-0.0012158333166853042,-6.22753062068021e-5,-6.785200405603906e-5,0.0002924148500066259,0.0006933604462774832,0.0003387402075195457,-0.0003342742783897,-0.0001711677688222461,-0.00041665634850274386
0.0,0.0,0.0,0.0,0.0,0.0,0.0,0.0,0.0,0.0,0.0,0.0,0.0,0.0,0.0,0.0,0.0,0.0,0.0,0.0,0.0,0.0,0.0,0.0,0.0,0.0,0.0,0.0,0.0,0.0,0.0,0.0,0.0,0.0,0.0,0.0,0.0,0.0,0.0,0.0,0.0,0.0,0.0,0.0,0.0,0.0,0.0,0.0,0.0,0.0,0.0,0.0,0.0,0.0,0.0,0.0,0.0,0.009290881380429902,-0.0008233246187305928,-1.0571012461560383e-5,0.00039133933700642227,0.000942894577008365,9.488980260190015e-5,-0.0027723364316394744,-0.00023172298020032384,-0.0023179148499038577,9.759161853454478e-9,0.001824379586891358,-0.0010816301803619926,2.972208068199432e-6,-8.351155008444601e-7,-1.6886163961055579e-6,0.0008114998210495054,0.005678519037941265,2.9671782368551903e-5,8.075853984442593e-7,1.5555679161379622e-6,0.0017874827091212068,-1.7468220521336117e-6,1.0841254034939721e-5,4.7130933350727794e-7,-6.842672089204141e-6,-4.8281065873555316e-5,-0.0012167175606025437,1.4934637318182076e-6,4.429263834958753e-7,0.003357953490543726,-0.0001979936385009528,-0.001375146237324663,-8.488662616907763e-5,-0.001905691422420173,-3.4936307811170604e-6,0.0017250788064515335,2.9762783030609215e-5,-0.001255404162504749,-0.002310091257380469,0.005255231248007793,-0.0008073049598056203,-2.073929819146146e-6,-0.0022840502691520398,0.003081047360777676,-0.0026693591033831576,8.283073498532402e-5,-0.007432521255060044,-0.0005011157015946859,2.1547825597864625e-5,7.437312293850775e-5,0.0005769316640356939,-0.0009961696710477335,-0.00023319953470354927,7.09903882751477e-5,0.0019536455618020918,-0.000174980831819,-9.464540552885762e-6,-7.757488613513314e-5,2.053728635928816e-5,-4.465964750095735e-6,-8.285353062965952e-5,-7.399272360968959e-7,-0.0004339099412215619,-4.7619399626600684e-5,0.0022467122508500175,-1.2395802970289697e-5,0.001761197937203048,-0.002213588507441208,-0.0022992189834707575,0.00021320166399367457,0.0014232756270184518,-0.00027253161886830785,1.1599732725625315e-5,-6.780562565712067e-6,-3.908141229230394e-5
0.0,0.0,0.0,0.0,0.0,0.0,0.0,0.0,0.0,0.0,0.0,0.0,0.0,0.0,0.0,0.0,0.0,0.0,0.0,0.0,0.0,0.0,0.0,0.0,0.0,0.0,0.0,0.0,0.0,0.0,0.0,0.0,0.0,0.0,0.0,0.0,0.0,0.0,0.0,0.0,0.0,0.0,0.0,0.0,0.0,0.0,0.0,0.0,0.0,0.0,0.0,0.0,0.0,0.0,0.0,0.0,0.0,0.0,0.008427591269167763,-4.6973872305402895e-7,-0.0005136222034169217,3.9863360027212274e-5,2.9143217938927418e-6,-0.002099678693145358,-9.125068217526124e-6,-0.00011151039318558573,-3.2493822116079125e-8,-0.0026133768360170795,-3.44856535347103e-5,1.344830974050702e-7,-2.605402938399493e-8,-2.742366943249088e-7,-0.008138868477962184,0.0007033987746062649,-2.1191212748036996e-5,2.4908630929556266e-8,-6.885394050716042e-9,0.00012435773477237818,-8.674801861621506e-8,2.986133003254745e-7,2.1165829026989607e-8,-2.955660065144548e-7,-1.5457263641326468e-6,-7.866600581110584e-5,6.350022617434873e-8,1.8909098998906007e-8,-0.0034590517571070167,-1.0097823779632111e-5,0.0007589837726771681,-2.8226081727238044e-6,0.0013267207160134523,-1.2979238144083926e-7,-0.00470699901466923,9.543735965905879e-7,-2.50254144165224e-5,-0.0007973485337112022,0.006039882644207609,7.224720037566882e-5,3.551124976295259e-7,-0.0001778878977205816,-0.0004550344313101427,-0.00024729631206010783,3.124536669954474e-6,-0.002166746368152095,-0.00010659438140634981,7.418612963611248e-7,-2.880214610998942e-7,6.0014718941232995e-5,-0.00040329468510054173,-3.105325443100635e-6,2.4025073556905787e-6,-0.0025680205002947096,-5.099563678878934e-5,-5.295685342993728e-7,-2.6211667538660556e-6,8.629371866282887e-7,-3.5142510581701584e-7,-3.158665116413259e-6,-3.411238309338796e-8,-3.4599144362003465e-6,-1.5896427397826886e-6,0.003251536374242576,-4.247850896344981e-7,9.837237162069888e-5,0.0013713574339592337,0.008153985225475238,9.112542724253204e-6,7.240314804760356e-5,-0.0010792923532293019,2.483311585994771e-7,-3.7905173318007966e-7,-1.8300746096603934e-6
0.0,0.0,0.0,0.0,0.0,0.0,0.0,0.0,0.0,0.0,0.0,0.0,0.0,0.0,0.0,0.0,0.0,0.0,0.0,0.0,0.0,0.0,0.0,0.0,0.0,0.0,0.0,0.0,0.0,0.0,0.0,0.0,0.0,0.0,0.0,0.0,0.0,0.0,0.0,0.0,0.0,0.0,0.0,0.0,0.0,0.0,0.0,0.0,0.0,0.0,0.0,0.0,0.0,0.0,0.0,0.0,0.0,0.0,0.0,0.008267711132117073,3.3071160484698918e-6,-0.00012559685159325773,-0.0011942351456868628,-7.089032289516831e-7,0.0003140389999512117,1.636994487373245e-5,0.0024088798820332577,9.73114772646137e-7,5.339949346726079e-5,-0.0034236180990968833,0.00020650150183047566,-5.7238564232315385e-6,7.75366021287611e-9,-1.1662735808084185e-6,2.0897573924002585e-6,-0.00017128367485626854,0.00032704062436709206,8.734247933702378e-7,0.0028007024096974157,-0.0001842439191226297,-0.000646861911985831,0.004636303920487944,2.593596580920034e-5,7.445429652901936e-6,-0.0009489329733737987,-0.0005290834071849894,1.7547922030283427e-6,0.0002757327500754647,-1.8288409939348615e-6,0.013185718808083426,-1.0400068445469565e-6,0.0022384150525519503,7.844635187288346e-7,-0.005058482366041405,6.299466981764978e-5,3.2652672053387203e-6,-3.3584315080070455e-6,9.516890626835912e-6,-0.0004896898395150439,1.6629213738663414e-6,-5.83120615823881e-6,2.31726287574474e-5,-0.0010535439377457158,-1.8512717354543229e-6,1.3187646927994796e-5,-0.005717139117977655,0.00029705559480320057,-0.00020152652134977254,4.4780794384023835e-6,-6.023934537453112e-6,-0.0009582497775676984,1.1241609191551948e-6,2.6402207684029553e-6,0.002955243157090373,0.009863448115125822,-0.0041408648810976455,0.010402309293416522,0.0008223350002364957,0.0010667699787817095,4.880393457556388e-5,0.006993057523026564,-1.253547998694486e-6,0.004235467403120811,-0.00024758501986915155,-1.216923059773921e-6,-9.719662980353705e-7,-0.0004210764887628588,-0.00019507803767718597,8.077627397698051e-6,0.00024676248430905156,0.008566980327022078,0.0018084768035566674
0.0,0.0,0.0,0.0,0.0,0.0,0.0,0.0,0.0,0.0,0.0,0.0,0.0,0.0,0.0,0.0,0.0,0.0,0.0,0.0,0.0,0.0,0.0,0.0,0.0,0.0,0.0,0.0,0.0,0.0,0.0,0.0,0.0,0.0,0.0,0.0,0.0,0.0,0.0,0.0,0.0,0.0,0.0,0.0,0.0,0.0,0.0,0.0,0.0,0.0,0.0,0.0,0.0,0.0,0.0,0.0,0.0,0.0,0.0,0.0,0.007825633519581572,-0.00021783806029119989,2.6874979651230546e-5,0.0015026240530067296,2.4432147845440462e-5,0.0008406168299260523,4.3854511062300657e-7,-4.4136164951382325e-5,-0.00023111093264816725,3.5766506751059834e-7,-3.01367487383075e-7,9.408914465082014e-6,2.136309833783826e-5,-0.0016494803718939482,0.0009050576015930482,2.921283040457386e-7,2.7173236556883644e-6,-0.00021362163656467596,-2.016634540547467e-7,4.613452145090329e-6,1.0772240659073078e-7,-7.441487184328914e-8,-1.0639859767682758e-5,0.0009260238907434962,3.437095871707886e-8,1.1146316550608707e-7,0.0012142492771690246,0.0001227316683050109,-0.00489211547850478,-1.9607495674777923e-5,-5.339685533834766e-7,-9.196054278005326e-7,0.00023222219784249271,8.622920134994426e-6,-0.0009114467111078357,0.003577142248438765,-0.009188601198757841,-0.003864185009344165,-1.8935429563261065e-5,0.0006012112769292501,0.010259500999251384,0.004298746708959799,-2.2718382811815817e-6,0.002210668205753538,0.003240589293982787,4.854343911910054e-6,0.0001345495961726952,-0.0016986943445928835,0.0042912772801652075,-0.0002445876460789056,1.0283365185849965e-5,0.0012485906499633867,0.001462060137196226,6.711406552617212e-6,-1.5146630966273265e-5,-2.8360716437700986e-6,3.861787079533214e-6,3.844372013481699e-6,-1.5161056120576422e-7,-0.0005541205305778699,-1.055268545718735e-5,-0.004189440655584235,-3.280569221891807e-6,-0.001449735850585161,3.3003929478448204e-5,0.00011172744306917806,-5.418492671095108e-5,-0.0008625301925131031,0.013614933794266405,7.903910568486897e-6,2.0674512978838072e-6,1.629389768395472e-5
0.0,0.0,0.0,0.0,0.0,0.0,0.0,0.0,0.0,0.0,0.0,0.0,0.0,0.0,0.0,0.0,0.0,0.0,0.0,0.0,0.0,0.0,0.0,0.0,0.0,0.0,0.0,0.0,0.0,0.0,0.0,0.0,0.0,0.0,0.0,0.0,0.0,0.0,0.0,0.0,0.0,0.0,0.0,0.0,0.0,0.0,0.0,0.0,0.0,0.0,0.0,0.0,0.0,0.0,0.0,0.0,0.0,0.0,0.0,0.0,0.0,0.0060127281303486504,0.0009101297756621204,0.00014580132292481182,-0.002723121636825901,-0.0017180717006054413,3.533325090389686e-5,-0.00011976662057323632,-0.003754733326117382,-2.1821226310720655e-5,-4.256438357583275e-6,-0.0002307946042427992,-7.966803674920484e-8,7.14734714376643e-5,-0.00014793159169269467,4.5776349343905244e-6,-2.5429016968772102e-6,-0.00011425807414526655,2.5744873690517536e-5,8.857258420175573e-5,-5.7023894068504555e-6,-1.102639269519891e-5,-0.00039108587156386356,-0.0007653492409359008,3.256369700000278e-6,-4.1643425944019385e-6,-0.0001636709658226375,-0.0029292142874564014,5.600203611160298e-6,-0.0006743275452722538,0.00012601075100843407,1.3456044904314748e-6,-8.580338987086903e-5,0.00021132776241617748,-0.004148970484261425,-0.00023532899698961766,3.167200096938344e-5,-0.0010649044645824877,0.00015670828421862658,-0.0001727621048084995,0.0011870325520606639,-0.0022193632478536493,0.0010418067172082504,0.00031216425802627784,-0.0010469886608871276,0.00013348082381433704,-0.00034825071664550936,0.008862601359835428,-0.0003227383479538639,-0.0005854598603903714,0.0007771725027330477,-8.5889798656206e-5,-0.00018536898963534773,-0.00014214472012177872,-0.0006803898613758493,0.00022530621546717276,7.407799652859054e-5,-0.0010562027560491304,9.616860189256573e-6,-0.0011523308068118665,-0.00038945866574032736,-1.8390540669409256e-5,-5.617818056641174e-5,0.012607798247972403,0.00014879560949933838,0.00012238990435592392,0.002810198843809249,0.009826360844482357,-0.00028846375722905933,7.194265438220626e-5,3.248240163750564e-5,-0.0006338162642111898
0.0,0.0,0.0,0.0,0.0,0.0,0.0,0.0,0.0,0.0,0.0,0.0,0.0,0.0,0.0,0.0,0.0,0.0,0.0,0.0,0.0,0.0,0.0,0.0,0.0,0.0,0.0,0.0,0.0,0.0,0.0,0.0,0.0,0.0,0.0,0.0,0.0,0.0,0.0,0.0,0.0,0.0,0.0,0.0,0.0,0.0,0.0,0.0,0.0,0.0,0.0,0.0,0.0,0.0,0.0,0.0,0.0,0.0,0.0,0.0,0.0,0.0,0.005752485938538322,-1.5731289653855082e-5,-0.0010858672205055853,8.660254724742969e-5,0.00034767103851423187,6.786267424407924e-6,-4.453331774257341e-5,-0.00019950959729189902,-4.82445786818848e-5,2.5149400308397422e-5,-1.1343967330051627e-7,3.7659816493614784e-6,0.0001469443746353954,5.112002643736677e-5,2.2038076876923028e-5,7.360137266559108e-6,0.00024095943416608008,0.0006905199220457527,-5.2150927719496175e-5,-0.00010139468297770479,-0.0001589526706453911,4.233106814589956e-5,2.891969904696532e-5,-3.735907934431298e-5,2.5076301926816885e-6,-0.0001256778142140161,1.7018735634414592e-5,-0.00636072944655783,-6.876251155288507e-6,-1.0236628408896054e-5,3.4282711178365026e-6,0.0021142967766918904,-0.00033834411927091484,-1.4114572055881088e-6,4.3390099123214014e-5,-0.0002514299739704381,-0.0004770441272337024,6.752382632397932e-6,-3.313098753494922e-5,0.0001648201594932107,0.0037363199191826377,-2.8283602222914647e-5,0.00023942892249217734,0.0013342999071531724,0.002419948020874403,-0.0021115607940992574,9.416958775134807e-6,-0.004588393355215355,0.0030877507741971155,-1.857083425053789e-6,4.477261837390681e-5,-0.0008076050826635524,-0.006020172225716097,0.0016583339856765262,0.0007849633482267091,-0.0022324210094386682,8.873541842343815e-5,-0.0011688153391140542,-0.003604681878429458,2.1872966800435045e-5,-0.0006143518819415403,-0.0009560460668656536,-8.301631011017229e-6,-7.304765291849733e-6,0.0009910505796422505,-0.0005187174687765404,2.7984730405641464e-6,0.0008078196081289213,0.0003548674544823213,-0.001025778647813974
0.0,0.0,0.0,0.0,0.0,0.0,0.0,0.0,0.0,0.0,0.0,0.0,0.0,0.0,0.0,0.0,0.0,0.0,0.0,0.0,0.0,0.0,0.0,0.0,0.0,0.0,0.0,0.0,0.0,0.0,0.0,0.0,0.0,0.0,0.0,0.0,0.0,0.0,0.0,0.0,0.0,0.0,0.0,0.0,0.0,0.0,0.0,0.0,0.0,0.0,0.0,0.0,0.0,0.0,0.0,0.0,0.0,0.0,0.0,0.0,0.0,0.0,0.0,0.0038347400226266207,4.904160435434772e-5,-0.00039681123583757766,5.611791144096282e-7,2.395221810732178e-5,5.802070690753037e-6,-3.4697669965585024e-7,-6.887227431586717e-8,6.173962739812001e-6,0.00014418428006921305,-0.0014037537816404076,-0.00020296485496719137,7.412471026311283e-8,-1.2265043312827233e-7,-0.00039277046346136333,4.102262415844613e-7,3.2197324730313296e-7,-9.214916558065381e-8,-1.5232044165851223e-7,7.779322552320114e-6,-0.00026613701245044156,3.956150594619435e-8,-6.759246561865954e-8,0.0035102706831097916,4.2481866477420035e-5,-0.001804840116605195,-8.473757630644561e-6,-6.318842087419999e-5,1.8593152319879513e-8,0.0012383336263112582,2.902698946846871e-6,0.0001539024614839301,0.0016428746247773155,-0.012828566377011035,0.0007764537088119479,-3.6501363538438003e-6,0.00029023662993865243,-0.0003943846638668925,-0.0010205720828359505,-8.188775635063207e-6,0.0045811167614274876,-0.0007515907123595211,1.8874827533177463e-6,3.4457477367467873e-6,0.00018684710663292015,0.0002915340827491497,2.0789771221888652e-5,-6.185549244169905e-6,0.0031944500256052112,-0.0003097586678106382,-6.867596682431678e-7,-7.388047906910049e-6,1.8583663006996632e-6,1.1129170836004672e-6,1.4450135914544844e-5,1.556232404867074e-7,9.691012910945925e-5,-4.689361233707383e-6,-0.006344732352562705,-8.868784274748686e-7,0.00020236992438155837,2.595268255888984e-5,0.0003488797041689025,-4.873842694215477e-5,0.00010179543825693043,0.0005843054490001138,8.546407758623519e-7,4.943940586532406e-7,8.769941583193676e-6
0.0,0.0,0.0,0.0,0.0,0.0,0.0,0.0,0.0,0.0,0.0,0.0,0.0,0.0,0.0,0.0,0.0,0.0,0.0,0.0,0.0,0.0,0.0,0.0,0.0,0.0,0.0,0.0,0.0,0.0,0.0,0.0,0.0,0.0,0.0,0.0,0.0,0.0,0.0,0.0,0.0,0.0,0.0,0.0,0.0,0.0,0.0,0.0,0.0,0.0,0.0,0.0,0.0,0.0,0.0,0.0,0.0,0.0,0.0,0.0,0.0,0.0,0.0,0.0,0.003733871353675562,-0.00048618236241587285,1.4469033305154446e-5,-3.829641072296533e-5,-0.0004665255134491093,1.1525133660702871e-5,-9.930708858060691e-6,3.326070161146372e-5,-1.84836556779158e-6,3.628867794393045e-5,-0.00015168698732063467,9.64101585204453e-6,7.913719374051477e-5,-3.1532544933803006e-5,-6.3603787533049975e-6,7.425559677861634e-5,3.3795225898056225e-6,-9.716284157428665e-7,0.00020751908852138724,-0.00022094712368509896,3.340511118687192e-7,3.5174561795006513e-6,-9.402456432186099e-5,0.003149656343241755,1.5124367914052747e-5,-0.000492494061411704,4.0618361544732544e-5,-3.0155883618730853e-5,-4.263390585485263e-5,0.00025154664590419195,-0.00023176025719855777,-8.624154933523189e-5,0.00015260800602750782,-5.967304325223559e-6,-0.0009158395576220299,-5.609709151161774e-5,0.00033958847644035157,-0.0006572488449757473,-0.0012672045154065474,4.4515869320216645e-5,-0.00041532182465053613,0.0001432919370593361,0.0024099960865923875,0.00018855966436710016,-9.7531774729837e-5,-0.0005988543399141012,-0.0007787644263051156,-6.527810017748323e-5,-7.62744502005312e-5,0.000318587557113223,-0.0002689217019266565,-0.00020257344797717903,0.00012196651054733465,0.001746690383016521,-4.704800354648802e-6,0.0007126129398898858,-0.00024579089117590213,6.559151181123744e-5,-0.00010681966817338326,0.0007511738358757824,4.674868490974513e-5,3.4462144641461815e-5,-0.0034530261153417063,0.00044832356622124473,-8.724965053552858e-5,0.0002343298958161113,6.608411921277827e-5,0.0016876248940006745
0.0,0.0,0.0,0.0,0.0,0.0,0.0,0.0,0.0,0.0,0.0,0.0,0.0,0.0,0.0,0.0,0.0,0.0,0.0,0.0,0.0,0.0,0.0,0.0,0.0,0.0,0.0,0.0,0.0,0.0,0.0,0.0,0.0,0.0,0.0,0.0,0.0,0.0,0.0,0.0,0.0,0.0,0.0,0.0,0.0,0.0,0.0,0.0,0.0,0.0,0.0,0.0,0.0,0.0,0.0,0.0,0.0,0.0,0.0,0.0,0.0,0.0,0.0,0.0,0.0,0.0031602847091145385,5.460450111981735e-7,0.00043475309175401586,0.0010986571226998282,8.430503809835268e-7,-5.380374594881718e-7,-0.00010812135071025408,1.802119777858489e-5,-0.0003838751297954516,-6.354202008458597e-5,5.186754090008336e-7,4.228072952956001e-6,0.0003509437417931081,-5.774146361207537e-7,3.2123689430867913e-6,2.417863526553856e-7,3.063106510716805e-8,-4.65494425495837e-6,0.0016067147197277015,-5.332459805702686e-9,2.371591238353838e-7,0.0010281949682146296,-0.00030583306679691575,-0.0002179468384522509,-2.2996882488720346e-5,-0.00045902785318248243,-1.7500836822048755e-6,0.00046445199971431573,1.2788604955473796e-5,0.001323731269252644,0.0008272910107955815,-0.0018006901067878721,0.0007070433397124849,-4.337845693780895e-5,0.0005599766208750295,-0.002715078473704065,0.0033469198552832737,-4.008891570277007e-5,-0.0004600523236489471,0.0004113407681586992,7.184856733598088e-6,-9.153215567632332e-5,0.002184654054555604,0.0008445698575060609,0.00045780057621903745,-3.998164658471446e-5,0.0007155367244130356,0.0006753947644705602,1.8991097676047533e-5,-1.0204734839944976e-5,-1.3049982561834555e-5,6.431577753412059e-6,6.750473539630593e-5,-3.5039426624416595e-7,0.0007871481559207839,-1.1083027478122534e-5,-0.000773886155978752,-5.698906595979586e-6,0.000559493196815789,-0.0005293194973596265,-0.00040010161388852474,0.00014333560260792826,0.00031821126073282736,0.0003664527669714654,1.251576821612359e-5,3.5446301235013546e-6,9.204329856707446e-5
0.0,0.0,0.0,0.0,0.0,0.0,0.0,0.0,0.0,0.0,0.0,0.0,0.0,0.0,0.0,0.0,0.0,0.0,0.0,0.0,0.0,0.0,0.0,0.0,0.0,0.0,0.0,0.0,0.0,0.0,0.0,0.0,0.0,0.0,0.0,0.0,0.0,0.0,0.0,0.0,0.0,0.0,0.0,0.0,0.0,0.0,0.0,0.0,0.0,0.0,0.0,0.0,0.0,0.0,0.0,0.0,0.0,0.0,0.0,0.0,0.0,0.0,0.0,0.0,0.0,0.0,0.0028653366590357826,-5.556699065955744e-8,1.0446081420658772e-5,0.0006018504744750149,-0.0012031484270890822,2.393350125750796e-7,-1.3736112186768274e-8,-3.1486951514745435e-7,-9.205342688811073e-6,0.0015889145769522298,7.924860015664072e-5,-5.0766099543787854e-8,0.0006082121653721542,9.406891752957962e-5,-0.0003142372929835468,-0.00023708771489510546,5.882479737905799e-6,-2.458447784162157e-7,0.0001075887943987325,3.87163646960719e-5,-1.2897806006907684e-7,-4.600327280284247e-5,-9.541377995537278e-7,-0.005799219848519869,4.521645648160623e-8,-0.0013576812841810538,-1.2538234345349692e-7,0.0033989515637985425,2.9347554620142197e-5,7.181566172287033e-7,-1.2185748389557702e-6,1.9740446945057496e-5,3.1307014450242296e-5,1.0531691394088297e-7,-1.854080330898105e-6,-3.4800474935738936e-6,-5.7688566787963243e-5,1.7437484477905865e-7,-1.2565653926073939e-5,0.0026348641983836214,-0.00011956977717303916,0.0001463534487565883,4.6595877231019815e-7,0.0001951098419254204,5.6646552239827224e-5,-5.0655725728274794e-8,-2.4462680388396253e-6,-1.939805661237515e-5,-0.003476559505494299,0.0004368486276565263,0.0035061816393623926,-2.8353795120706446e-5,-8.611642579059697e-5,7.092802342885983e-5,-0.002832363403511076,-5.089723536245031e-7,-0.002975605731307065,5.8839880260261516e-5,5.0868123125982736e-8,2.607681065428524e-8,1.9597114106090725e-5,3.138562128725443e-5,8.35161751632233e-7,0.00041350868434754634,0.0015385551103600757,-0.0002383404865208907
0.0,0.0,0.0,0.0,0.0,0.0,0.0,0.0,0.0,0.0,0.0,0.0,0.0,0.0,0.0,0.0,0.0,0.0,0.0,0.0,0.0,0.0,0.0,0.0,0.0,0.0,0.0,0.0,0.0,0.0,0.0,0.0,0.0,0.0,0.0,0.0,0.0,0.0,0.0,0.0,0.0,0.0,0.0,0.0,0.0,0.0,0.0,0.0,0.0,0.0,0.0,0.0,0.0,0.0,0.0,0.0,0.0,0.0,0.0,0.0,0.0,0.0,0.0,0.0,0.0,0.0,0.0,0.0025717523913428857,-5.738324604004028e-5,-2.2348906265219066e-8,1.0987457521802952e-8,8.559737463105164e-6,-0.00041391957096314195,-0.0003357565853232531,8.014835399467759e-6,-1.706237899755361e-9,-2.4989076727241585e-7,0.0010491624874577406,2.8784220723588197e-8,-2.0062140006679594e-7,-1.7287011447950768e-8,4.036911872532179e-10,8.966885241422844e-8,1.4040803939220892e-5,7.565390308980741e-10,-1.059186053463615e-8,0.002453976105362605,2.255105994797928e-5,8.047484442793925e-5,1.7137007637030258e-6,-0.001599215250606233,7.890437797965682e-8,0.0020897914731637696,-8.647832934557083e-7,-7.00996939379175e-5,0.00034881952284091504,-0.0017238469665926022,-2.611076471300919e-6,2.7750383946288735e-6,0.00019624765481031825,-0.000103320851682,8.98840163001951e-5,2.4754376073215077e-6,-0.000762156695497915,6.719951768160886e-5,-4.832016630829918e-7,8.800488101411564e-6,-0.00014664791238805136,0.00010109305283137667,-3.664461871664106e-5,2.776404884116783e-6,0.0015041283132698102,-5.460548864981451e-5,-1.1545589400804872e-6,9.053746870325634e-7,7.371664948602869e-7,-3.801279131166715e-7,-4.549881508206889e-6,1.225248247931449e-8,-5.517210698891541e-5,8.525055166740582e-7,-0.0009294553255937241,3.3504760793954364e-7,-3.466817318525953e-5,-0.0019543919997023736,-0.0026387256051279328,-1.073372846331e-5,-1.997632248943481e-5,0.00016907564979762348,-8.055454732290181e-7,-2.121666028982489e-7,-6.169428242495928e-6
0.0,0.0,0.0,0.0,0.0,0.0,0.0,0.0,0.0,0.0,0.0,0.0,0.0,0.0,0.0,0.0,0.0,0.0,0.0,0.0,0.0,0.0,0.0,0.0,0.0,0.0,0.0,0.0,0.0,0.0,0.0,0.0,0.0,0.0,0.0,0.0,0.0,0.0,0.0,0.0,0.0,0.0,0.0,0.0,0.0,0.0,0.0,0.0,0.0,0.0,0.0,0.0,0.0,0.0,0.0,0.0,0.0,0.0,0.0,0.0,0.0,0.0,0.0,0.0,0.0,0.0,0.0,0.0,0.0024162382385124956,-1.4171887538113575e-5,5.236576483972097e-6,-0.0003114807588457895,-1.5825234813128907e-5,-8.990681665905634e-5,-0.001601405429178602,-6.706813352195214e-6,-2.0061295728722987e-5,-2.50105369093115e-5,9.662832000879128e-6,-8.926023361821298e-6,-1.777193422126754e-6,-2.8700558958136375e-6,0.0001156951575042496,-0.00012371637484259967,5.228103594209166e-7,-2.6661419331432283e-6,-7.68996797927588e-5,-0.0008280860583236,-0.0003015970050503215,-0.00010580517554800519,2.123043092324346e-5,1.2128316446101688e-5,-3.5100049105599794e-5,1.4795904578156976e-5,0.003683696305767941,0.00021454164971413295,-0.0002914047720600389,0.003454581481371522,9.86218526888272e-5,3.2109144302683253e-6,-0.00047960925495452655,-0.0006751557341093113,0.00011154807838355691,7.835851849809022e-5,-0.002583971023277863,1.179332724914167e-5,-0.0010665524127887011,0.00808279975855202,0.0001234404552378558,0.0021906239468492137,-1.4678350976056196e-5,-4.471789887306466e-5,-0.0006235410580646815,-7.813494522564681e-5,-0.00012756333185506236,8.531078645955912e-5,-8.525760463717248e-6,-2.2497895687623284e-5,5.476513536168757e-6,0.0036548990036448783,-6.492217637566746e-5,-0.0001247581726424086,9.349014413642792e-6,0.003531519042991201,2.1624838716705338e-5,-1.3538060291601928e-5,0.0003241644640794569,0.002056633127691424,0.00039459204604673823,-2.5295000617721814e-5,-5.974512835103734e-6,-8.306204869726001e-5
0.0,0.0,0.0,0.0,0.0,0.0,0.0,0.0,0.0,0.0,0.0,0.0,0.0,0.0,0.0,0.0,0.0,0.0,0.0,0.0,0.0,0.0,0.0,0.0,0.0,0.0,0.0,0.0,0.0,0.0,0.0,0.0,0.0,0.0,0.0,0.0,0.0,0.0,0.0,0.0,0.0,0.0,0.0,0.0,0.0,0.0,0.0,0.0,0.0,0.0,0.0,0.0,0.0,0.0,0.0,0.0,0.0,0.0,0.0,0.0,0.0,0.0,0.0,0.0,0.0,0.0,0.0,0.0,0.0,0.0022215109385419736,5.6231822866905485e-5,-4.625254308141896e-6,-8.704744247967226e-8,1.1019582970291214e-8,4.9467133593721264e-6,0.00025892182134876966,0.00012252730588429507,-1.5799554343757586e-7,-0.0010532585530222396,-3.474219899678912e-5,-6.37617809837984e-5,0.00012089846435818081,-7.693981932101517e-6,-5.050551043831353e-7,1.7504625215546972e-8,0.00020004140098460563,-5.167625065642853e-7,7.29201430485294e-5,-3.4114930675427594e-7,0.0031084094415242468,1.6718029320083757e-7,-0.0004348533436604535,-1.191034515442934e-7,-0.0008303694580128378,-2.2560513098760332e-5,7.535615883402887e-8,5.455369764201422e-7,-9.610266493872975e-6,-0.0002464852115834785,-2.62866078088391e-7,1.8005509840972526e-7,1.779516142501348e-6,-9.406950200709454e-5,3.205217297134951e-7,4.794003552198749e-6,-0.0007330819355682724,0.00033707686307692125,-0.00017594491011868065,-7.540165811702327e-8,-0.00042599834781968573,-0.00014590089954544404,-3.679964785926441e-7,-2.2103945462139055e-7,0.0009527596086441243,0.0027707805644401873,-0.001328867575797469,0.00020193478545989585,0.0001501195537116295,-0.0007186940129014519,-8.82271113758925e-5,0.001811652167169315,2.1230274687137717e-7,0.0008266468397056351,-7.16512608590769e-5,1.7582651365627846e-7,-4.627291736339079e-8,-5.779433030031921e-5,-3.735247857934408e-5,1.3290718388331097e-6,0.0001184031222864986,0.00012531357125812433,0.000708790073272623
0.0,0.0,0.0,0.0,0.0,0.0,0.0,0.0,0.0,0.0,0.0,0.0,0.0,0.0,0.0,0.0,0.0,0.0,0.0,0.0,0.0,0.0,0.0,0.0,0.0,0.0,0.0,0.0,0.0,0.0,0.0,0.0,0.0,0.0,0.0,0.0,0.0,0.0,0.0,0.0,0.0,0.0,0.0,0.0,0.0,0.0,0.0,0.0,0.0,0.0,0.0,0.0,0.0,0.0,0.0,0.0,0.0,0.0,0.0,0.0,0.0,0.0,0.0,0.0,0.0,0.0,0.0,0.0,0.0,0.0,0.0020541409644749815,2.0452010584557356e-6,3.778725281018923e-8,-8.17922957529162e-9,-2.1624228706334006e-6,-0.00080119977053264,-6.0189219612843104e-5,6.872587734303865e-8,0.0005263004357749266,1.1389040987852161e-5,-0.0008579356417304286,-0.00011552093081878031,3.27653047995992e-6,2.1812050164079082e-7,6.770112759579844e-5,-0.000403218600091071,2.250310137988685e-7,-3.1415318948034145e-5,1.4000770024984628e-7,-0.0006351064242737928,-7.288825492901785e-8,0.0015662347421369664,5.128314330871085e-8,-0.00012909400450249593,9.720356102910602e-6,-2.509889533222442e-8,-2.504584722432743e-7,4.1837932571126165e-6,0.0001109574044966126,1.1610161215531143e-7,-9.280944895122998e-8,-7.901806005715978e-7,4.536991756608061e-5,-1.3855387168026623e-7,-2.134109531221402e-6,-0.00016862028020859599,-0.00014848412178281834,7.548063347497677e-5,3.7667177659101306e-8,0.00018594295099096038,6.421230638177051e-5,1.6060039078726049e-7,8.969796679354088e-8,-0.0004284332018614163,-0.0009305914184266242,0.0005702605730263039,-0.0009386836895110498,-6.735544889931798e-5,0.00015464799901775082,3.78837622225231e-5,-0.0005125742052030352,-9.787984919110063e-8,0.0018528003914322847,3.0825436220990594e-5,-7.667984874625121e-8,1.993312368147539e-8,2.559187725988662e-5,1.6079820358164507e-5,-5.690338108836725e-7,-7.952856246681241e-5,-0.0005552180202177362,-0.00031279445668547213
0.0,0.0,0.0,0.0,0.0,0.0,0.0,0.0,0.0,0.0,0.0,0.0,0.0,0.0,0.0,0.0,0.0,0.0,0.0,0.0,0.0,0.0,0.0,0.0,0.0,0.0,0.0,0.0,0.0,0.0,0.0,0.0,0.0,0.0,0.0,0.0,0.0,0.0,0.0,0.0,0.0,0.0,0.0,0.0,0.0,0.0,0.0,0.0,0.0,0.0,0.0,0.0,0.0,0.0,0.0,0.0,0.0,0.0,0.0,0.0,0.0,0.0,0.0,0.0,0.0,0.0,0.0,0.0,0.0,0.0,0.0,0.001990564107061861,-2.0581024873428644e-7,-1.7757114944286537e-5,-0.00019482384513575448,-7.730094747229327e-7,-1.4143757020430053e-5,3.5654196496189063e-7,9.029402161052576e-7,-1.1203725997787188e-5,-3.1185126548282356e-7,-4.846439818256735e-7,-0.00017464050670984622,-7.209454176891154e-6,1.0565406766380432e-7,-2.681843408534614e-7,2.3827286477361922e-6,-0.0010484198292957966,-4.414811197769339e-5,2.4038081230903215e-5,-1.2742096197581835e-6,3.4294364515925986e-6,-2.550218474021008e-6,-2.1408045213949056e-5,0.00015918969150394613,3.998915251079616e-5,-7.085199674722381e-5,0.0003449877400377196,0.00013006109305524106,9.741353963978911e-6,-8.402646016324748e-5,-0.000116616646230958,0.00019301443875099992,3.9672874537056295e-6,-0.00038562931349213467,-1.1302293559707785e-5,-0.0008515555085854462,-0.0001411501570754959,2.626508151527253e-5,0.001558916872298378,7.640341129802668e-5,3.552799606737628e-6,-6.075331639404697e-5,-5.31675659502183e-5,-4.13352267695461e-6,4.258589241338354e-5,-1.1799735815082165e-5,-0.00021331343171821114,2.677834881130201e-7,-0.0009685708576350864,9.323760809091185e-6,-2.9717201833229685e-5,1.2204432596247792e-5,0.0008695409358132818,-1.4589555071364077e-6,-9.484281668814233e-7,0.0009715922467804473,0.00022738711229847053,4.273304307587218e-5,-3.1497359237163915e-5,-6.90059935465723e-6,-0.0001956289903481282
0.0,0.0,0.0,0.0,0.0,0.0,0.0,0.0,0.0,0.0,0.0,0.0,0.0,0.0,0.0,0.0,0.0,0.0,0.0,0.0,0.0,0.0,0.0,0.0,0.0,0.0,0.0,0.0,0.0,0.0,0.0,0.0,0.0,0.0,0.0,0.0,0.0,0.0,0.0,0.0,0.0,0.0,0.0,0.0,0.0,0.0,0.0,0.0,0.0,0.0,0.0,0.0,0.0,0.0,0.0,0.0,0.0,0.0,0.0,0.0,0.0,0.0,0.0,0.0,0.0,0.0,0.0,0.0,0.0,0.0,0.0,0.0,0.001973343318585592,-5.5606046237442595e-5,-2.1487479621472173e-6,-1.759596999447803e-8,-1.8522252173064832e-7,4.899641212875597e-5,1.3572361384261994e-8,-1.0890555127598286e-7,-2.128927872525611e-9,-1.1178660458781322e-8,7.385647524841917e-7,4.820073781657726e-6,2.310427500800286e-9,-3.4281574992013785e-9,0.0007334810385995251,-1.2526708378795271e-8,7.693164490248677e-5,-1.3478153993744907e-7,-0.0009283241276792692,4.9173507484147455e-8,0.0009840165778656619,-1.440874061910438e-7,-6.077897708370409e-8,3.0702631734991906e-5,-0.0002543169381313484,-9.187597632827795e-6,1.2986723331407352e-6,3.2593121335193653e-5,2.0882817110276694e-6,4.040465735230117e-5,1.3268315844279888e-6,-0.00014812702657259331,2.4352134069693864e-5,-6.739280660050443e-8,-4.918336971718904e-6,1.1884282132264115e-5,8.941759075084766e-6,5.666773069140782e-6,5.576498726421423e-7,0.0004416703396347968,-8.269383480408583e-6,-7.388003736694846e-7,-4.799845032234269e-7,6.666817458619427e-7,-1.1997460115172078e-7,-1.2311944200976678e-6,4.0877520707039266e-9,8.699375114642985e-6,-1.3213288657672006e-7,-0.00019397489690291668,1.42599100570302e-7,9.356635922104563e-6,-0.000910308015236212,-0.0010986978921389183,-3.7467300479047745e-7,6.1962650361875645e-6,1.898318296191095e-5,-3.5240349828331324e-7,-7.379050091726072e-8,-1.9784430895225045e-6
0.0,0.0,0.0,0.0,0.0,0.0,0.0,0.0,0.0,0.0,0.0,0.0,0.0,0.0,0.0,0.0,0.0,0.0,0.0,0.0,0.0,0.0,0.0,0.0,0.0,0.0,0.0,0.0,0.0,0.0,0.0,0.0,0.0,0.0,0.0,0.0,0.0,0.0,0.0,0.0,0.0,0.0,0.0,0.0,0.0,0.0,0.0,0.0,0.0,0.0,0.0,0.0,0.0,0.0,0.0,0.0,0.0,0.0,0.0,0.0,0.0,0.0,0.0,0.0,0.0,0.0,0.0,0.0,0.0,0.0,0.0,0.0,0.0,0.001831959062809622,0.00019075853569065754,-1.9423237875288518e-8,1.8449380321196987e-7,0.00010903183478475171,-1.0501066747649172e-8,1.546415443545313e-7,1.5707501616614823e-8,-1.0328572212677053e-8,-2.33997072794208e-6,6.575811559600131e-5,8.646509211753741e-10,5.868673115848671e-9,-0.000997425906342823,-3.7166011627334786e-5,0.0011090415119800034,-2.343198489301747e-6,0.0003225191330983208,-5.207846805098927e-8,3.749894392965455e-5,1.0361917145339238e-6,-0.00015885680594518854,-0.0019813501436648003,0.005959459413011547,-0.0010140973640103779,-2.597198142034928e-6,-0.0001094655798094335,0.0008309940966168287,0.0005113051389842737,-1.5199706696152734e-6,-0.0005251329549616547,0.0006435426257962372,5.916772623030026e-7,-2.0873427231535097e-5,-3.3309968521019696e-6,-0.0003877204627944868,6.590334424502e-5,-3.2932585350979313e-6,-0.0009235284554942777,0.000368860246382037,1.0110669774888745e-6,-1.4940045026149644e-6,-5.111905833224237e-7,4.05049023037629e-7,4.4801338475819194e-6,-2.5398342913693257e-9,1.6577578114502107e-6,-1.2078210396543263e-6,0.003356153097886914,-3.380407795251121e-7,-0.00013023076467479067,0.00032378565368595475,1.787399168302863e-5,2.3322950478385604e-5,-5.4676870867507566e-5,-0.0011298553340392309,7.934365636495496e-7,2.2118496062733186e-7,6.893433589874177e-6
0.0,0.0,0.0,0.0,0.0,0.0,0.0,0.0,0.0,0.0,0.0,0.0,0.0,0.0,0.0,0.0,0.0,0.0,0.0,0.0,0.0,0.0,0.0,0.0,0.0,0.0,0.0,0.0,0.0,0.0,0.0,0.0,0.0,0.0,0.0,0.0,0.0,0.0,0.0,0.0,0.0,0.0,0.0,0.0,0.0,0.0,0.0,0.0,0.0,0.0,0.0,0.0,0.0,0.0,0.0,0.0,0.0,0.0,0.0,0.0,0.0,0.0,0.0,0.0,0.0,0.0,0.0,0.0,0.0,0.0,0.0,0.0,0.0,0.0,0.0015703232268650636,1.0871591986140163e-6,1.2843034866158648e-5,-2.7128021960934832e-5,-9.398723326499142e-7,7.398405588489243e-6,2.0311271523700035e-7,7.05119712252608e-7,-8.213341518758713e-5,1.5812039412172148e-5,-1.5293312190748841e-7,2.498834766206063e-7,6.359528207771168e-5,-0.00018653216188156539,0.00041583511622448303,2.4295851874147e-7,-1.2369862917347928e-5,-3.463352485916908e-6,2.653801432725336e-5,1.3535310707422774e-5,-0.0020823464197666846,-0.00022925793891961587,0.0002502549767372704,-0.0046276717257165475,-9.492091219374055e-5,-0.00011647354739941613,0.0009365832072089716,0.0017339137042683718,-8.447242853776898e-5,2.3662713581232116e-5,0.003919716923842262,6.75407198811173e-6,0.00018092566888246758,-0.0029395929804432665,-0.0002584179876163959,2.3771088753436305e-5,-5.076242397397199e-5,4.619748159108893e-5,0.0006137137740891796,5.32873238700076e-5,2.68194766027826e-5,-4.6577653495464866e-5,9.540042718795286e-6,9.249498870288069e-5,-2.7988855563909123e-7,-0.0012330509751217595,4.371632519908203e-6,4.0775120031582687e-7,-1.0787008786731103e-5,-0.0029915891561914792,-9.313983490159816e-6,7.690103039969588e-6,0.0002048139891189121,-0.001372940872118309,-0.00011593540499912632,2.627794771374706e-5,5.760940240186266e-6,0.00016114992798741927
0.0,0.0,0.0,0.0,0.0,0.0,0.0,0.0,0.0,0.0,0.0,0.0,0.0,0.0,0.0,0.0,0.0,0.0,0.0,0.0,0.0,0.0,0.0,0.0,0.0,0.0,0.0,0.0,0.0,0.0,0.0,0.0,0.0,0.0,0.0,0.0,0.0,0.0,0.0,0.0,0.0,0.0,0.0,0.0,0.0,0.0,0.0,0.0,0.0,0.0,0.0,0.0,0.0,0.0,0.0,0.0,0.0,0.0,0.0,0.0,0.0,0.0,0.0,0.0,0.0,0.0,0.0,0.0,0.0,0.0,0.0,0.0,0.0,0.0,0.0,0.0015321283775502463,-8.58943467346709e-7,-1.8892120824355433e-8,-0.0004988467756578944,-2.6233901158695806e-5,-0.00022707448022762862,0.00012034781847079121,-2.328907576998397e-6,-1.5031399017789933e-7,-7.527528368226725e-5,0.000155249305225608,-1.7864736859093244e-7,1.9396502042906917e-5,-4.30039009841314e-7,0.0013695295523291735,4.3357864003404497e-8,-0.0005212951377454909,-4.124339138331826e-8,-0.000633341246756067,-4.649425701096573e-6,2.1457186277261883e-7,-6.551179314919142e-8,1.0086414342668615e-6,-4.0654979641043105e-5,2.8091848284777604e-8,-7.207360670211949e-7,-9.06525085356386e-7,7.853459828422057e-7,6.275387065084748e-8,-1.9810492610516415e-6,-0.00042747701630874174,7.194072749748606e-5,-4.790415795639794e-5,1.962135191353717e-7,-0.00010021988115321796,-3.313823207283155e-5,-1.2885132609601276e-7,-5.488271310616655e-7,0.00013079641017082347,0.0010445979234446037,-0.0002701928832243356,-0.0002720647844751539,2.7022071976169795e-5,-0.00047746946087307517,-2.447643955787347e-5,0.0007596715433339215,5.230059400923077e-8,-0.0005468640002011972,-1.7361630330983432e-5,4.337431664009233e-8,-3.1065512294530957e-8,-1.1797017460891446e-5,-9.246672403434506e-6,4.726236705160373e-7,-7.34785120951453e-5,-2.8816676740404675e-5,0.000151769232811437
0.0,0.0,0.0,0.0,0.0,0.0,0.0,0.0,0.0,0.0,0.0,0.0,0.0,0.0,0.0,0.0,0.0,0.0,0.0,0.0,0.0,0.0,0.0,0.0,0.0,0.0,0.0,0.0,0.0,0.0,0.0,0.0,0.0,0.0,0.0,0.0,0.0,0.0,0.0,0.0,0.0,0.0,0.0,0.0,0.0,0.0,0.0,0.0,0.0,0.0,0.0,0.0,0.0,0.0,0.0,0.0,0.0,0.0,0.0,0.0,0.0,0.0,0.0,0.0,0.0,0.0,0.0,0.0,0.0,0.0,0.0,0.0,0.0,0.0,0.0,0.0,0.0014198287259654598,-2.3846125801074296e-7,-7.1687604698429e-5,0.00038976514431994215,5.163254526979067e-5,4.307756569240209e-6,-1.54963639789241e-5,-1.5758008021497408e-6,-8.4752836496045e-6,2.7922753992418825e-5,-1.9232820019577805e-6,0.00019149135396536541,-4.40800893491354e-6,-0.005837464615865949,4.629230706594173e-7,-0.000294292720108911,-4.4316379386152245e-7,0.002854580346198768,-3.699874669214612e-5,2.08108149956899e-6,-6.096470174146738e-7,1.5971888675831738e-5,-0.0010281939689481428,1.6938267602943243e-7,-7.210045793666635e-6,-9.65801084751409e-6,-0.0007846808816385956,7.475433859745724e-7,-1.9269100649412156e-5,0.0016664112358616427,0.0014181861781123659,-0.0003844833442726062,1.863690748678323e-6,-0.0015671002977498123,-0.00026870256014678177,-1.3825418859618005e-6,-6.147799317524701e-6,0.0013674995606768295,-0.003881354430675288,-0.00171623810911308,0.0014209987593459038,0.0005920715168620137,-2.1160169381835103e-5,-0.0002074339008341516,-0.002667846959812032,5.187388074505798e-7,-0.0013242554584362686,-0.0001409546905711071,4.6539195873749377e-7,-3.4273156636210623e-7,-0.00024236091684468156,-7.861194792422834e-5,4.616913692254218e-6,0.0021308694493809358,0.0007923235693179801,0.0011019228514205469
0.0,0.0,0.0,0.0,0.0,0.0,0.0,0.0,0.0,0.0,0.0,0.0,0.0,0.0,0.0,0.0,0.0,0.0,0.0,0.0,0.0,0.0,0.0,0.0,0.0,0.0,0.0,0.0,0.0,0.0,0.0,0.0,0.0,0.0,0.0,0.0,0.0,0.0,0.0,0.0,0.0,0.0,0.0,0.0,0.0,0.0,0.0,0.0,0.0,0.0,0.0,0.0,0.0,0.0,0.0,0.0,0.0,0.0,0.0,0.0,0.0,0.0,0.0,0.0,0.0,0.0,0.0,0.0,0.0,0.0,0.0,0.0,0.0,0.0,0.0,0.0,0.0,0.001145420745593183,-1.951516540197344e-9,-1.0415288618969376e-7,2.730561814534747e-9,-1.3153945006532472e-8,7.000267684863687e-7,4.666349330782519e-6,3.424602976664894e-10,2.796032782294713e-9,-0.00023996231033852772,1.5774591629541905e-6,7.649885607621542e-5,-1.2239269905574831e-6,0.0004386310371261089,7.830700360089916e-9,-0.0005766425104173339,2.939386173175277e-7,-2.4075106101995858e-5,0.00026634088951340586,0.000507324573987301,2.5262993288729384e-5,1.9523151400948645e-6,0.0001432100287952845,-0.0001083694241091814,8.255712361458161e-5,2.1642239567486196e-6,-0.0011004433833588657,6.461909892857219e-5,1.9705193142073603e-7,-7.188406193290271e-6,-3.2767801300784555e-5,8.714659194893259e-5,7.047464413872814e-6,9.881782982820435e-7,-0.00024296016283034623,-7.054215199476453e-5,-8.876526797467673e-7,-1.3918271471603527e-6,6.691360793651081e-7,8.278073997006718e-8,-2.1966699850947008e-6,-5.920165743954559e-9,-2.8036187299805438e-6,-6.512292839621689e-7,0.0007902302325358581,-4.685917000920557e-8,-2.1270752199221995e-5,0.0002906869943717056,0.0003034002704073034,-1.1184451061389254e-7,-4.726564133485949e-6,0.00022020633333127767,-1.4763075919142024e-7,3.817616845964263e-8,-3.15094004271104e-6
0.0,0.0,0.0,0.0,0.0,0.0,0.0,0.0,0.0,0.0,0.0,0.0,0.0,0.0,0.0,0.0,0.0,0.0,0.0,0.0,0.0,0.0,0.0,0.0,0.0,0.0,0.0,0.0,0.0,0.0,0.0,0.0,0.0,0.0,0.0,0.0,0.0,0.0,0.0,0.0,0.0,0.0,0.0,0.0,0.0,0.0,0.0,0.0,0.0,0.0,0.0,0.0,0.0,0.0,0.0,0.0,0.0,0.0,0.0,0.0,0.0,0.0,0.0,0.0,0.0,0.0,0.0,0.0,0.0,0.0,0.0,0.0,0.0,0.0,0.0,0.0,0.0,0.0,0.0006884366109441444,-1.330080937099235e-5,-0.00022263696583865101,-0.00015536908453065579,-6.480544321145334e-7,-3.258735990117406e-8,0.00014265807584305787,-0.00023508308552849786,-3.7178801804339546e-8,5.3556742737744765e-6,-9.08879132101138e-8,0.002657225735129325,1.0266165166245762e-8,0.0014431547475116067,-9.916597760232162e-9,-0.0019855454749152365,-1.2944807777281507e-6,4.9596251041034465e-8,-1.1678991427423397e-8,3.087753255506004e-8,3.794855792051821e-5,8.792373188026557e-9,-1.5609434289038191e-7,-1.7103720137597282e-7,3.18368903590192e-5,8.108120235577823e-9,-4.4004972415000755e-7,-0.001611003913796036,9.363643591193881e-6,-1.2927178068747137e-5,4.5548998572689794e-8,-2.2166972566614087e-5,2.5582167136853155e-5,-2.715514970658865e-8,-1.0298497865282e-7,-0.0004553116628416091,0.0007843138253539145,0.00032077499878829547,-0.0023306738828111667,-1.84770326510128e-5,0.00041201493415101554,-6.3437275175729675e-6,0.000998781209679012,1.459056914073621e-8,0.003883889858660595,-4.576575130140063e-6,9.82231661320802e-9,-5.274973728613812e-9,-1.0059369858490154e-6,-2.3660292457143007e-6,1.1273335078389456e-7,-0.00019614338608216425,-0.0013723395667842096,-0.00017723058352273792
0.0,0.0,0.0,0.0,0.0,0.0,0.0,0.0,0.0,0.0,0.0,0.0,0.0,0.0,0.0,0.0,0.0,0.0,0.0,0.0,0.0,0.0,0.0,0.0,0.0,0.0,0.0,0.0,0.0,0.0,0.0,0.0,0.0,0.0,0.0,0.0,0.0,0.0,0.0,0.0,0.0,0.0,0.0,0.0,0.0,0.0,0.0,0.0,0.0,0.0,0.0,0.0,0.0,0.0,0.0,0.0,0.0,0.0,0.0,0.0,0.0,0.0,0.0,0.0,0.0,0.0,0.0,0.0,0.0,0.0,0.0,0.0,0.0,0.0,0.0,0.0,0.0,0.0,0.0,0.0005830043638413043,8.963963227197165e-6,-4.7183457297892315e-5,-6.0508351971736505e-6,-1.1637416758946598e-6,1.4773004133053202e-5,5.736065378132185e-6,-1.454768728944363e-6,0.00019791640589394174,-3.012625407284788e-6,-0.00461055840293651,4.1852416973558935e-7,9.862495675974246e-6,-4.217860463742511e-7,0.0017343988629006208,-2.133982535722965e-5,1.4189345270225064e-6,-2.0458135216622686e-7,1.3019024561322777e-5,-0.001213369045981804,4.9274819414214114e-8,-4.817769850279538e-6,-6.442172902891179e-6,-0.0015632410670301652,4.005752816527644e-7,-1.2492632193474665e-5,0.0009791317627125592,0.0022398455257927703,-0.00022654345447812628,1.206365772639302e-6,-0.0024057279307768144,-1.2161616620951427e-5,-1.0566480275992995e-6,-4.561124170073455e-6,0.0010667562714078795,-0.0036333044833185887,0.0004286731003621729,0.0004665245602187687,0.000622726474760078,-9.210536087748352e-6,-0.00013058403289713727,-0.0027121902499475576,5.173998694830137e-7,-0.0002830917224126451,-7.976929420615937e-5,3.962837363067844e-7,-2.0190445905205537e-7,-0.0003354364338662821,-4.742685554935089e-5,3.300881835835258e-6,0.0010328718375905684,0.0002385310818559656,0.0008581969520313305
0.0,0.0,0.0,0.0,0.0,0.0,0.0,0.0,0.0,0.0,0.0,0.0,0.0,0.0,0.0,0.0,0.0,0.0,0.0,0.0,0.0,0.0,0.0,0.0,0.0,0.0,0.0,0.0,0.0,0.0,0.0,0.0,0.0,0.0,0.0,0.0,0.0,0.0,0.0,0.0,0.0,0.0,0.0,0.0,0.0,0.0,0.0,0.0,0.0,0.0,0.0,0.0,0.0,0.0,0.0,0.0,0.0,0.0,0.0,0.0,0.0,0.0,0.0,0.0,0.0,0.0,0.0,0.0,0.0,0.0,0.0,0.0,0.0,0.0,0.0,0.0,0.0,0.0,0.0,0.0,0.0004182826780362009,-7.705121879230432e-5,9.68070209826585e-7,7.442550522845148e-8,6.50092269728131e-5,0.00011361855727101886,8.992006216508884e-8,-1.1233376413149472e-5,2.0442794154281999e-7,-0.0011829807452201637,-2.5231069181557878e-8,-0.0008448992913507751,2.5129410583049846e-8,0.0012038170666382225,2.1481264295065666e-6,-1.0365064357001642e-7,2.2685482533510788e-8,-5.029994907730045e-7,8.771571719831379e-6,-1.2290723826443009e-8,3.405291112045965e-7,4.21059706273296e-7,1.3281073209785197e-5,-2.2381682100336227e-8,9.246339844601605e-7,0.0009232743554367691,-6.722405441496034e-5,2.1998518865803294e-5,-9.239011413974732e-8,8.403746214243376e-5,-1.0129870473754557e-5,6.544551278079458e-8,2.694208795317279e-7,0.00029510318735473926,-0.00031565138663814155,-0.00023088077044099075,0.0016845726838931466,-6.8296965639590865e-6,0.00014815944597835497,1.1410134719097429e-5,-0.00048532304648938744,-3.2860678157695415e-8,-0.0013557594309635504,7.863391384548818e-6,-2.400260753173838e-8,1.269004992314572e-8,1.0166773398457444e-5,4.254761906521339e-6,-2.3298622647336846e-7,0.00011449322713129647,0.0007554329899871424,7.078902095791039e-5
0.0,0.0,0.0,0.0,0.0,0.0,0.0,0.0,0.0,0.0,0.0,0.0,0.0,0.0,0.0,0.0,0.0,0.0,0.0,0.0,0.0,0.0,0.0,0.0,0.0,0.0,0.0,0.0,0.0,0.0,0.0,0.0,0.0,0.0,0.0,0.0,0.0,0.0,0.0,0.0,0.0,0.0,0.0,0.0,0.0,0.0,0.0,0.0,0.0,0.0,0.0,0.0,0.0,0.0,0.0,0.0,0.0,0.0,0.0,0.0,0.0,0.0,0.0,0.0,0.0,0.0,0.0,0.0,0.0,0.0,0.0,0.0,0.0,0.0,0.0,0.0,0.0,0.0,0.0,0.0,0.0,0.00034157106939495824,-6.282508324915278e-6,-5.116142275983079e-7,-0.00031912087332574955,-2.6767286386294463e-5,-6.277409677648609e-7,6.897465887671098e-5,-1.4249742568185304e-6,-0.0008122986371686132,1.7575537648815913e-7,-7.855421288261565e-5,-1.7671061983882813e-7,-0.0007820940714514708,-1.3932353793456313e-5,7.122683894239734e-7,-1.6696270994747884e-7,4.123056542667921e-6,-0.00019528234615874898,8.083613257693213e-8,-2.3690939557754427e-6,-3.0252744423911377e-6,-0.00015659218578323235,1.5907356593072565e-7,-6.397834532280304e-6,-0.0004207957480881064,0.0004084964471148543,-0.00014359493329046583,6.33807852104611e-7,-0.0004970744205830266,-6.830524487717095e-5,-4.5646911806873676e-7,-1.914432578365628e-6,-0.000339335619731553,-0.00030740142993510223,3.8932514341649586e-5,-0.0004964247266779604,0.0001268271834072176,6.610592560512941e-5,-7.520566316613513e-5,0.00021123550686371804,2.2367061713287798e-7,-0.0007288500010704568,-5.194159488149082e-5,1.6705724571010353e-7,-8.893282022040033e-8,-6.720517831642012e-5,-2.829064939023509e-5,1.5722705478720818e-6,-0.00010222897662044432,4.354044281267606e-5,0.0003365302097398214
0.0,0.0,0.0,0.0,0.0,0.0,0.0,0.0,0.0,0.0,0.0,0.0,0.0,0.0,0.0,0.0,0.0,0.0,0.0,0.0,0.0,0.0,0.0,0.0,0.0,0.0,0.0,0.0,0.0,0.0,0.0,0.0,0.0,0.0,0.0,0.0,0.0,0.0,0.0,0.0,0.0,0.0,0.0,0.0,0.0,0.0,0.0,0.0,0.0,0.0,0.0,0.0,0.0,0.0,0.0,0.0,0.0,0.0,0.0,0.0,0.0,0.0,0.0,0.0,0.0,0.0,0.0,0.0,0.0,0.0,0.0,0.0,0.0,0.0,0.0,0.0,0.0,0.0,0.0,0.0,0.0,0.0,0.0003083298396158854,2.76632131770486e-5,-5.817146438261744e-6,1.7275695167686617e-7,3.8744723111447016e-5,-0.0006376673463656841,0.00010367465117713906,-0.0007299384841376476,-9.94548010816735e-6,5.343384044767687e-6,1.095711531301418e-5,0.0001955985479803963,0.0007147181347294454,-5.083668809994325e-5,2.6469395400076074e-5,-0.0003722436536487722,0.0001604486821113803,-1.0230478982390572e-5,0.00017861824213361726,0.00026394911621111774,2.2626383342396075e-5,-9.623340529516134e-6,0.0004705897529157043,0.00011924641667239451,-0.0018415364129414993,0.006288824540450341,-4.770014399077e-5,0.003128116028843782,-0.0001796765738130519,2.7991114688723355e-5,0.00012331935457240883,-0.0001816924019503812,-0.0006926771840820649,0.0002086698074590661,4.274705268744679e-5,0.0003177837189840211,-1.2406573403749587e-6,0.003025311985878855,-0.00038664066691594857,-1.0356918887314648e-5,-4.3409259181920945e-5,0.002781512042066873,-9.458752636566712e-6,5.951536761339704e-6,-0.0007381767650780934,0.0014278937080098573,-8.414354512016762e-5,3.873608216823288e-5,2.7142778342600745e-5,-2.9870989887945024e-5
0.0,0.0,0.0,0.0,0.0,0.0,0.0,0.0,0.0,0.0,0.0,0.0,0.0,0.0,0.0,0.0,0.0,0.0,0.0,0.0,0.0,0.0,0.0,0.0,0.0,0.0,0.0,0.0,0.0,0.0,0.0,0.0,0.0,0.0,0.0,0.0,0.0,0.0,0.0,0.0,0.0,0.0,0.0,0.0,0.0,0.0,0.0,0.0,0.0,0.0,0.0,0.0,0.0,0.0,0.0,0.0,0.0,0.0,0.0,0.0,0.0,0.0,0.0,0.0,0.0,0.0,0.0,0.0,0.0,0.0,0.0,0.0,0.0,0.0,0.0,0.0,0.0,0.0,0.0,0.0,0.0,0.0,0.0,0.00027593660515666594,7.058652318303181e-8,-3.1138137990871805e-9,0.0003191455226389973,2.1021664830569613e-6,0.0006194782398945354,1.007605694472233e-5,-8.855742933036965e-5,-5.7129773856684504e-8,8.163702205893167e-5,-3.117568626130827e-6,-0.00020107357433326835,-0.0004788822213345459,8.549134966746408e-5,-0.0011096141956876964,2.712813040103283e-5,-8.194280326702941e-5,0.00014459407031588918,-9.854295304883583e-5,4.3731037201908544e-5,-5.155989242826217e-5,0.0003533634159728439,-1.8086815434623944e-6,-5.452521557132243e-5,4.5692360954892266e-5,-0.000183394860933415,3.2918935878419824e-5,3.6043972697325037e-5,0.00023329342805283615,0.000362748884777094,-2.067436050725392e-6,7.668556188360308e-6,5.971044941644563e-7,-7.653929090670596e-7,-7.364191070297872e-5,1.7641499936575936e-8,0.00014225486986654704,5.029640612486516e-6,-0.00014756767968700902,6.806889969364326e-7,5.8865370450338245e-5,-8.543381415474406e-5,4.674998992552549e-5,9.04644613660112e-5,0.00010269381989583294,-0.001484741422071707,-2.3060241573285076e-6,-4.696272610061294e-7,-6.475115792261073e-5
0.0,0.0,0.0,0.0,0.0,0.0,0.0,0.0,0.0,0.0,0.0,0.0,0.0,0.0,0.0,0.0,0.0,0.0,0.0,0.0,0.0,0.0,0.0,0.0,0.0,0.0,0.0,0.0,0.0,0.0,0.0,0.0,0.0,0.0,0.0,0.0,0.0,0.0,0.0,0.0,0.0,0.0,0.0,0.0,0.0,0.0,0.0,0.0,0.0,0.0,0.0,0.0,0.0,0.0,0.0,0.0,0.0,0.0,0.0,0.0,0.0,0.0,0.0,0.0,0.0,0.0,0.0,0.0,0.0,0.0,0.0,0.0,0.0,0.0,0.0,0.0,0.0,0.0,0.0,0.0,0.0,0.0,0.0,0.0,9.169038620509287e-5,-1.308424187430894e-5,3.201829807186119e-7,0.00016806161013918337,1.7916302407949073e-6,0.006977257178406363,-3.358040166725238e-8,-0.00013445449729517387,1.0011014857492554e-7,-0.002107743925586649,3.0023574602285004e-6,-6.99606370695303e-7,1.1008168223874658e-6,-1.0432486037883324e-5,-0.000659707941403597,-3.362255026138647e-7,4.047810144043483e-6,7.665341721991985e-6,-0.0004708426278015155,-9.259771378117138e-8,1.0183401673387035e-5,-0.0014795599825898006,0.0011062423487491243,-4.0134284739630656e-5,-9.630805952156783e-7,-0.001287124363332383,-0.0002677802009829506,2.2028027033000415e-7,1.7748662057749852e-6,0.0014316832986005325,0.005435243504656272,-0.001593778371395894,-0.0006887421248295394,0.00042551304374351123,5.0131611894522334e-5,-3.7652497549140314e-5,0.0033730625543342482,1.3027612857357538e-7,0.000699079091276046,1.761819960669131e-5,-3.123697152210551e-8,7.329380872214556e-8,-0.00024405444626668184,4.214116346784364e-6,5.55470969398885e-7,-9.139638681355036e-5,-0.0004121282977840698,0.0013498096457687735
0.0,0.0,0.0,0.0,0.0,0.0,0.0,0.0,0.0,0.0,0.0,0.0,0.0,0.0,0.0,0.0,0.0,0.0,0.0,0.0,0.0,0.0,0.0,0.0,0.0,0.0,0.0,0.0,0.0,0.0,0.0,0.0,0.0,0.0,0.0,0.0,0.0,0.0,0.0,0.0,0.0,0.0,0.0,0.0,0.0,0.0,0.0,0.0,0.0,0.0,0.0,0.0,0.0,0.0,0.0,0.0,0.0,0.0,0.0,0.0,0.0,0.0,0.0,0.0,0.0,0.0,0.0,0.0,0.0,0.0,0.0,0.0,0.0,0.0,0.0,0.0,0.0,0.0,0.0,0.0,0.0,0.0,0.0,0.0,0.0,3.953472110850425e-5,8.555961784087934e-8,4.629510860359496e-5,4.729625652130144e-7,0.0021475058942061723,-9.031078707909452e-9,0.0001885201812001541,2.6690258478796285e-8,-0.0018224912826556386,5.062973046536038e-7,-1.8768002985463011e-7,2.9295142072331897e-7,-2.843963965085756e-6,-0.00011290041395934347,-8.950054295970618e-8,1.0447047486351405e-6,2.0031565614228935e-6,-0.00010141007429311603,-2.432797456826182e-8,2.6237331631815027e-6,-0.0012818866988016863,0.00030121404589594043,-1.2660486549055042e-5,-2.5031149189283803e-7,-0.0003573759045900021,-2.1542134587290427e-5,5.886735679565026e-8,4.6244102980399603e-7,-0.0005031587083394039,0.0007451605460675718,0.00028799959731529894,-0.0013744472283021,8.400374006628853e-5,-7.764875169648959e-5,-1.0907202932129194e-5,0.001016550951805054,3.412643963860668e-8,0.001533351327525839,3.960759668350637e-6,-8.417404963811429e-9,1.960985338359836e-8,-6.61048539125156e-5,7.475672967062997e-7,1.340798495869414e-7,-0.00022286584069277997,-0.0007597144158763617,4.972666205112705e-5
0.0,0.0,0.0,0.0,0.0,0.0,0.0,0.0,0.0,0.0,0.0,0.0,0.0,0.0,0.0,0.0,0.0,0.0,0.0,0.0,0.0,0.0,0.0,0.0,0.0,0.0,0.0,0.0,0.0,0.0,0.0,0.0,0.0,0.0,0.0,0.0,0.0,0.0,0.0,0.0,0.0,0.0,0.0,0.0,0.0,0.0,0.0,0.0,0.0,0.0,0.0,0.0,0.0,0.0,0.0,0.0,0.0,0.0,0.0,0.0,0.0,0.0,0.0,0.0,0.0,0.0,0.0,0.0,0.0,0.0,0.0,0.0,0.0,0.0,0.0,0.0,0.0,0.0,0.0,0.0,0.0,0.0,0.0,0.0,0.0,0.0,0.0018224045013639286,7.654371944247493e-6,0.0004091181363506141,7.82540789144478e-7,-0.0009057468635299003,1.0726404051696878e-9,0.0005724546003786998,-1.397780988351917e-7,3.256876865797777e-5,-0.0001038698864322463,-0.001203418664213368,-3.743771186624367e-5,3.246103429403884e-7,0.0002334361612087648,0.00017071372880806624,0.0003745253496018453,5.054218994290418e-7,-0.000283476830442494,0.0001761858908394789,-3.789872038765533e-8,8.08646413406066e-6,2.3455005646674478e-5,2.213156623256763e-5,-1.941516965850275e-5,1.3726180049038213e-6,0.0012656312839910556,-2.5848120945026872e-5,9.207741952634459e-8,9.186763994117699e-7,-1.9400309594694633e-7,4.878988659182594e-8,-2.165035737316762e-6,-1.816540273542742e-9,4.9513968815388855e-6,4.699415445444794e-7,-0.0008313773068194174,-6.072212342072635e-8,4.1235154401807604e-5,-0.0008824864102604575,0.00024345456961138705,-2.1674661608189056e-6,1.6323916596293877e-5,7.588920338192077e-5,-1.5681361253744247e-7,2.2300604507624548e-8,-1.8802042924927846e-6
0.0,0.0,0.0,0.0,0.0,0.0,0.0,0.0,0.0,0.0,0.0,0.0,0.0,0.0,0.0,0.0,0.0,0.0,0.0,0.0,0.0,0.0,0.0,0.0,0.0,0.0,0.0,0.0,0.0,0.0,0.0,0.0,0.0,0.0,0.0,0.0,0.0,0.0,0.0,0.0,0.0,0.0,0.0,0.0,0.0,0.0,0.0,0.0,0.0,0.0,0.0,0.0,0.0,0.0,0.0,0.0,0.0,0.0,0.0,0.0,0.0,0.0,0.0,0.0,0.0,0.0,0.0,0.0,0.0,0.0,0.0,0.0,0.0,0.0,0.0,0.0,0.0,0.0,0.0,0.0,0.0,0.0,0.0,0.0,0.0,0.0,0.0,0.002053585325326288,9.953337012990548e-6,0.0003408027968439957,1.6238783243976184e-6,3.738785228279708e-7,7.460331793880134e-7,-6.140191843277015e-5,-0.0005544677984839155,2.412556881465875e-6,1.0266040939249195e-5,-0.0005013487599002758,-0.00035055440599017853,2.8542588885151717e-6,1.5701493379399884e-5,8.738712394501169e-5,-0.000634816025868981,-2.858711674908331e-6,1.7406814654648193e-5,-1.6423905212367234e-5,0.004033565379018053,-0.0034106530583854306,2.5916250209237115e-6,-0.00751406249246033,-1.5290948564591686e-5,-6.257356330299201e-8,4.856698888979691e-5,7.30213118126041e-5,0.000407870346348228,-0.00012170535712411929,2.3995433724371153e-5,0.00035687048702313316,-8.462642517182845e-7,-0.0014810240713415599,0.00021244892279940707,4.506483898802226e-6,-2.8502218044810644e-5,-0.0009862142020377,1.7327103062362115e-6,2.400243104532417e-7,-0.001852420041223424,-0.0004814393183691646,2.2423411138102813e-5,-4.787947406981421e-5,1.1010581951777191e-5,0.0002956118647160008
0.0,0.0,0.0,0.0,0.0,0.0,0.0,0.0,0.0,0.0,0.0,0.0,0.0,0.0,0.0,0.0,0.0,0.0,0.0,0.0,0.0,0.0,0.0,0.0,0.0,0.0,0.0,0.0,0.0,0.0,0.0,0.0,0.0,0.0,0.0,0.0,0.0,0.0,0.0,0.0,0.0,0.0,0.0,0.0,0.0,0.0,0.0,0.0,0.0,0.0,0.0,0.0,0.0,0.0,0.0,0.0,0.0,0.0,0.0,0.0,0.0,0.0,0.0,0.0,0.0,0.0,0.0,0.0,0.0,0.0,0.0,0.0,0.0,0.0,0.0,0.0,0.0,0.0,0.0,0.0,0.0,0.0,0.0,0.0,0.0,0.0,0.0,0.0,0.0016133505722508068,2.361095636018795e-6,0.00015772208825470826,1.3571518058330146e-9,0.00016119524865773336,-3.227167357378561e-7,0.0002110786072540734,-0.0007222250376419263,0.002713443530016481,-0.0005084884263050724,2.585578265241158e-6,-0.0006525105149959914,0.001465252266961957,0.0007643069168206945,6.2415515531363134e-6,-0.0001875968107843317,0.00031221420701939756,-5.502807759780352e-8,6.422050675221069e-6,0.00036916132766556754,-0.0007665135833711674,-1.5772954154210097e-5,6.16264491775192e-6,-6.457253784215603e-5,0.0003814958582783987,5.514801298239641e-7,2.996329721973517e-6,-7.109303700529264e-7,1.943696815611983e-7,-1.2360155261007557e-5,-5.684491493542073e-9,0.00011104474177368782,1.4076212116824426e-6,0.0008479481256011436,-2.256072679429528e-7,0.0003168608441343668,0.0001667624848512787,0.00010324215400783539,1.600487100345764e-5,0.00012787680223478212,-0.0001265630016217594,-4.462073758566961e-7,9.424403729989625e-8,-8.668048010241513e-6
0.0,0.0,0.0,0.0,0.0,0.0,0.0,0.0,0.0,0.0,0.0,0.0,0.0,0.0,0.0,0.0,0.0,0.0,0.0,0.0,0.0,0.0,0.0,0.0,0.0,0.0,0.0,0.0,0.0,0.0,0.0,0.0,0.0,0.0,0.0,0.0,0.0,0.0,0.0,0.0,0.0,0.0,0.0,0.0,0.0,0.0,0.0,0.0,0.0,0.0,0.0,0.0,0.0,0.0,0.0,0.0,0.0,0.0,0.0,0.0,0.0,0.0,0.0,0.0,0.0,0.0,0.0,0.0,0.0,0.0,0.0,0.0,0.0,0.0,0.0,0.0,0.0,0.0,0.0,0.0,0.0,0.0,0.0,0.0,0.0,0.0,0.0,0.0,0.0,0.0053698327737793025,-7.293180043635746e-8,0.00017409086733211724,-1.1408614851918192e-7,-0.0029880666907995917,3.686792191907497e-5,-3.080751600353388e-7,-8.328192098280774e-7,2.2304981262043136e-5,-6.88912139754062e-5,-1.545076123393307e-7,1.646747399862143e-6,4.504768808830995e-7,-8.29426840998451e-5,2.1467031865050936e-7,7.044213567312784e-6,-0.0017951320095225974,0.0005353703026151883,0.00018598933273306214,-5.694589047437111e-7,-0.0005057974527957922,0.00012118420987883642,3.0442498679049e-8,-1.6135560601972375e-6,-0.0013355481661915239,0.0024365506988337517,0.0010637832070556096,-0.0015660622319122624,5.934402727658078e-5,-1.4139282766802401e-5,6.80185052874008e-5,0.002246320721571647,-4.297417835189321e-7,0.0011411761701982182,7.650560810607719e-5,-8.440271413801499e-8,-3.7498791319031935e-8,-5.149011780104514e-5,3.4720477430982016e-5,-7.360412837660157e-7,-0.000736224382828092,-0.0008674006117246522,-0.0007874181567849945
0.0,0.0,0.0,0.0,0.0,0.0,0.0,0.0,0.0,0.0,0.0,0.0,0.0,0.0,0.0,0.0,0.0,0.0,0.0,0.0,0.0,0.0,0.0,0.0,0.0,0.0,0.0,0.0,0.0,0.0,0.0,0.0,0.0,0.0,0.0,0.0,0.0,0.0,0.0,0.0,0.0,0.0,0.0,0.0,0.0,0.0,0.0,0.0,0.0,0.0,0.0,0.0,0.0,0.0,0.0,0.0,0.0,0.0,0.0,0.0,0.0,0.0,0.0,0.0,0.0,0.0,0.0,0.0,0.0,0.0,0.0,0.0,0.0,0.0,0.0,0.0,0.0,0.0,0.0,0.0,0.0,0.0,0.0,0.0,0.0,0.0,0.0,0.0,0.0,0.0,0.0009097698352107653,1.362421722641875e-8,-0.0002687152946148032,-1.6894046838916916e-7,-6.839259083130646e-6,-0.0001130673456687346,-0.00011009736249325663,4.529393977468059e-5,1.2951608548643373e-7,6.998949769853379e-5,-7.57936531826555e-5,3.927126100814813e-5,9.592803721867476e-8,0.00023032138505814804,2.3097246967640013e-5,-1.2739446380336416e-7,-2.627269879263274e-6,-2.3143160600724887e-5,6.481128097311537e-5,4.229968723310952e-6,-3.3191824634716896e-7,6.86910160965547e-5,-4.287362511376885e-5,-2.0344026504148583e-7,-3.3053680550666726e-7,2.33934336058833e-7,-1.588452189871608e-7,4.795843221507107e-7,-6.031285160973897e-11,-7.92972441008206e-6,-8.533685264930206e-8,-0.00033308737887565045,1.3034388881679992e-7,-1.5416642254711585e-5,0.0008611368129971421,0.0007603327347707047,-5.263070647499685e-7,-6.697086052885591e-6,-4.42946723690654e-5,6.776997903681004e-9,-8.519581956639281e-8,1.7541881257576463e-7
0.0,0.0,0.0,0.0,0.0,0.0,0.0,0.0,0.0,0.0,0.0,0.0,0.0,0.0,0.0,0.0,0.0,0.0,0.0,0.0,0.0,0.0,0.0,0.0,0.0,0.0,0.0,0.0,0.0,0.0,0.0,0.0,0.0,0.0,0.0,0.0,0.0,0.0,0.0,0.0,0.0,0.0,0.0,0.0,0.0,0.0,0.0,0.0,0.0,0.0,0.0,0.0,0.0,0.0,0.0,0.0,0.0,0.0,0.0,0.0,0.0,0.0,0.0,0.0,0.0,0.0,0.0,0.0,0.0,0.0,0.0,0.0,0.0,0.0,0.0,0.0,0.0,0.0,0.0,0.0,0.0,0.0,0.0,0.0,0.0,0.0,0.0,0.0,0.0,0.0,0.0,0.0003646517957641655,6.379160962185804e-8,-0.0005260775015636139,-1.7094124230392798e-5,1.5356269692932518e-7,3.919076352417419e-7,-1.0473138934184825e-5,0.00010117459939591565,7.200380797733647e-8,-7.452824958837183e-7,-1.7836327208836642e-7,7.466847566337937e-5,-1.1016981616132506e-7,-3.2345387316752616e-6,-0.0005521829191091571,-0.0002493462249012737,-8.557485315456227e-5,2.6241798409417956e-7,0.0002286014937344611,3.5886497259010267e-6,-1.6859428326710593e-8,7.739443604574418e-7,-3.308051945183387e-5,-0.0005370289074387033,0.0001221661395396532,-0.001324530973668283,-6.688478263499509e-5,-2.4170121996196267e-5,-3.082679349856374e-5,-0.00022222680683182513,2.1443464512533227e-7,0.0011659504299765591,-3.529914536215079e-5,7.243383703509885e-9,-1.0940615348999119e-8,2.6450678688660924e-5,-1.5904840124581677e-5,3.656338173332113e-7,9.845811943774259e-5,-0.0006437012240254494,7.877042242418259e-6
0.0,0.0,0.0,0.0,0.0,0.0,0.0,0.0,0.0,0.0,0.0,0.0,0.0,0.0,0.0,0.0,0.0,0.0,0.0,0.0,0.0,0.0,0.0,0.0,0.0,0.0,0.0,0.0,0.0,0.0,0.0,0.0,0.0,0.0,0.0,0.0,0.0,0.0,0.0,0.0,0.0,0.0,0.0,0.0,0.0,0.0,0.0,0.0,0.0,0.0,0.0,0.0,0.0,0.0,0.0,0.0,0.0,0.0,0.0,0.0,0.0,0.0,0.0,0.0,0.0,0.0,0.0,0.0,0.0,0.0,0.0,0.0,0.0,0.0,0.0,0.0,0.0,0.0,0.0,0.0,0.0,0.0,0.0,0.0,0.0,0.0,0.0,0.0,0.0,0.0,0.0,0.0,0.0007045047193450573,-3.804929303843594e-7,-5.676510851743231e-5,1.2377112343877638e-5,0.0014712098927755263,0.00014720732794515476,2.689208670753618e-7,-4.507832656878916e-5,-0.00028761399274009763,-0.00013486830228000624,-1.4481906035041703e-7,-0.00019353301196619238,-4.1207017792073946e-5,-2.687624635156308e-7,-6.420774067155493e-6,-0.00010624748750291574,0.0001010272582716084,1.0281994581501552e-5,-9.367953810045468e-7,-0.00011119071051024096,-0.00011844012828015009,-5.758701951201215e-7,-8.079305206314869e-7,5.996997921717883e-7,-2.707845529994161e-7,1.5914644867661915e-6,2.0789292832987455e-9,-3.0759196291388506e-5,-1.8422467663185088e-7,0.0006117936144991194,2.1546803774076426e-7,-8.492562059228868e-5,3.8483462232280206e-5,0.00015337325799965424,-2.0162547822965604e-6,-3.336476924345395e-5,8.277847140829189e-5,-8.588868078950728e-9,-1.51678409091406e-7,5.093523578677237e-7
0.0,0.0,0.0,0.0,0.0,0.0,0.0,0.0,0.0,0.0,0.0,0.0,0.0,0.0,0.0,0.0,0.0,0.0,0.0,0.0,0.0,0.0,0.0,0.0,0.0,0.0,0.0,0.0,0.0,0.0,0.0,0.0,0.0,0.0,0.0,0.0,0.0,0.0,0.0,0.0,0.0,0.0,0.0,0.0,0.0,0.0,0.0,0.0,0.0,0.0,0.0,0.0,0.0,0.0,0.0,0.0,0.0,0.0,0.0,0.0,0.0,0.0,0.0,0.0,0.0,0.0,0.0,0.0,0.0,0.0,0.0,0.0,0.0,0.0,0.0,0.0,0.0,0.0,0.0,0.0,0.0,0.0,0.0,0.0,0.0,0.0,0.0,0.0,0.0,0.0,0.0,0.0,0.0,0.0015944084200883986,4.146357123656056e-5,-4.211158888085287e-7,-6.63397036728654e-7,2.6189164303397276e-5,-0.0004961487071964966,-1.9970602366153822e-7,1.684715286067434e-6,3.495590123483203e-7,-0.00024011804848629608,2.435604204924296e-7,7.870264409787487e-6,0.0010945235211408152,0.0005227775475218553,0.00020059124081277875,-6.226856519866333e-7,-0.0004284822969793685,-0.0002731887147796477,1.8172630408981472e-8,-2.066244434519115e-6,0.001994779885461328,0.002091263871640537,-0.0013177492807715631,0.0009475424345228655,0.0003458142602618505,-7.12659659363497e-6,6.788452783605705e-5,-3.603045387953945e-5,-4.177325889480554e-7,-0.0009726031882812163,8.445889386391382e-5,-9.788972420596925e-9,6.22361553674287e-8,-7.957889002462182e-5,3.702353678134593e-5,-1.0347483520044536e-6,0.0002872595531554323,0.0005497854972862986,0.0011996658852459813
0.0,0.0,0.0,0.0,0.0,0.0,0.0,0.0,0.0,0.0,0.0,0.0,0.0,0.0,0.0,0.0,0.0,0.0,0.0,0.0,0.0,0.0,0.0,0.0,0.0,0.0,0.0,0.0,0.0,0.0,0.0,0.0,0.0,0.0,0.0,0.0,0.0,0.0,0.0,0.0,0.0,0.0,0.0,0.0,0.0,0.0,0.0,0.0,0.0,0.0,0.0,0.0,0.0,0.0,0.0,0.0,0.0,0.0,0.0,0.0,0.0,0.0,0.0,0.0,0.0,0.0,0.0,0.0,0.0,0.0,0.0,0.0,0.0,0.0,0.0,0.0,0.0,0.0,0.0,0.0,0.0,0.0,0.0,0.0,0.0,0.0,0.0,0.0,0.0,0.0,0.0,0.0,0.0,0.0,0.0015451132365670807,-3.343523335865922e-5,-0.0001260684813456821,0.001219287207892885,-3.68270591425923e-5,1.7925528166092407e-5,5.2373247999212896e-5,0.0004707014707719785,-6.540123636568055e-5,2.311542624734544e-5,0.0010449927887912385,1.4806799713401745e-6,0.0007812450744948985,0.004036701509769758,2.744432205966792e-6,-0.0012406212926936535,8.347509055715837e-5,4.9680215291800015e-6,-0.0002925462604518475,6.805320499768564e-7,3.184083431699981e-5,-3.0026156135598998e-5,6.5510507645469296e-6,-9.360624750160486e-5,-5.653665044054336e-8,0.0014645946627381112,2.408936521475154e-5,-6.484202201394073e-5,7.700034206236035e-7,0.002437385923185233,-7.290118697321336e-7,-2.2681328382043058e-7,6.040868648927452e-5,0.0010991506948452058,-7.667278595362697e-5,-9.403645339913804e-6,3.1026772581925177e-6,-5.5318536819331996e-5
0.0,0.0,0.0,0.0,0.0,0.0,0.0,0.0,0.0,0.0,0.0,0.0,0.0,0.0,0.0,0.0,0.0,0.0,0.0,0.0,0.0,0.0,0.0,0.0,0.0,0.0,0.0,0.0,0.0,0.0,0.0,0.0,0.0,0.0,0.0,0.0,0.0,0.0,0.0,0.0,0.0,0.0,0.0,0.0,0.0,0.0,0.0,0.0,0.0,0.0,0.0,0.0,0.0,0.0,0.0,0.0,0.0,0.0,0.0,0.0,0.0,0.0,0.0,0.0,0.0,0.0,0.0,0.0,0.0,0.0,0.0,0.0,0.0,0.0,0.0,0.0,0.0,0.0,0.0,0.0,0.0,0.0,0.0,0.0,0.0,0.0,0.0,0.0,0.0,0.0,0.0,0.0,0.0,0.0,0.0,0.0008461707479436382,-0.0006572894545224415,5.774182666115609e-5,7.51425964929142e-6,0.0002214123562124667,0.000115739759810356,0.00020746924572560244,1.1636917847367791e-5,-0.000269762583128379,0.00024847353808076834,4.82267180370665e-8,-5.237236159675941e-6,7.48752329846268e-5,-3.329134183891442e-5,-6.6628706621638414e-6,1.1538973449965205e-5,6.120281562285361e-6,-0.000139533432159185,-9.833650770124794e-7,3.828380361271634e-7,1.1590103886122359e-7,1.4857605693214214e-7,-2.2407072219902677e-5,-7.215183376173718e-10,5.7524791703136785e-5,4.546583002723683e-7,0.00018559560352820296,7.202715066863377e-9,6.014136469803612e-5,9.917431096291635e-6,1.5974874814034154e-5,2.640313900240621e-5,4.506219873589568e-5,0.0011157897035788099,-6.456377442108081e-7,7.268225913157437e-8,-1.9669885451986432e-5
0.0,0.0,0.0,0.0,0.0,0.0,0.0,0.0,0.0,0.0,0.0,0.0,0.0,0.0,0.0,0.0,0.0,0.0,0.0,0.0,0.0,0.0,0.0,0.0,0.0,0.0,0.0,0.0,0.0,0.0,0.0,0.0,0.0,0.0,0.0,0.0,0.0,0.0,0.0,0.0,0.0,0.0,0.0,0.0,0.0,0.0,0.0,0.0,0.0,0.0,0.0,0.0,0.0,0.0,0.0,0.0,0.0,0.0,0.0,0.0,0.0,0.0,0.0,0.0,0.0,0.0,0.0,0.0,0.0,0.0,0.0,0.0,0.0,0.0,0.0,0.0,0.0,0.0,0.0,0.0,0.0,0.0,0.0,0.0,0.0,0.0,0.0,0.0,0.0,0.0,0.0,0.0,0.0,0.0,0.0,0.0,0.0016942370329714983,0.0004954120673689867,-3.432738943961529e-6,-0.00021124032721445582,-0.0005514350795059165,-0.0004231919126866135,-7.194293597647579e-6,-0.00014258461599009803,-7.059198578659305e-5,1.1383415177679963e-7,5.6128322655605415e-5,0.00010069233391600325,9.594814990840601e-5,-8.78768661340376e-5,4.44895208366455e-6,-8.969339461735578e-5,-0.0002766642380200942,-1.341278509527383e-7,2.115088687461616e-6,-2.037041345044188e-6,4.789501899469211e-7,-3.0361201037060695e-6,-4.182557625060153e-9,5.456461647062777e-5,1.6941242937819587e-6,0.0007134178097337253,2.807728763605653e-8,5.573790217080483e-6,-4.73010746778092e-8,0.0001727301596598774,-1.2311913962400062e-6,1.4382833275598648e-5,0.00010989475017351803,-6.733560763040008e-7,2.2841787385399002e-7,-1.921279634513831e-6
0.0,0.0,0.0,0.0,0.0,0.0,0.0,0.0,0.0,0.0,0.0,0.0,0.0,0.0,0.0,0.0,0.0,0.0,0.0,0.0,0.0,0.0,0.0,0.0,0.0,0.0,0.0,0.0,0.0,0.0,0.0,0.0,0.0,0.0,0.0,0.0,0.0,0.0,0.0,0.0,0.0,0.0,0.0,0.0,0.0,0.0,0.0,0.0,0.0,0.0,0.0,0.0,0.0,0.0,0.0,0.0,0.0,0.0,0.0,0.0,0.0,0.0,0.0,0.0,0.0,0.0,0.0,0.0,0.0,0.0,0.0,0.0,0.0,0.0,0.0,0.0,0.0,0.0,0.0,0.0,0.0,0.0,0.0,0.0,0.0,0.0,0.0,0.0,0.0,0.0,0.0,0.0,0.0,0.0,0.0,0.0,0.0,0.0027169416842410653,-6.42423601426533e-5,1.1220739984885349e-6,-0.0007366953568583764,-0.0007098891336455722,-0.00010593765399019524,-1.2617880853084705e-5,-0.0001777096856133152,-2.2942075466110462e-7,9.69505968855592e-5,-0.0008982258331169852,0.00011857745060307495,-4.100923622104048e-5,-8.95278040796678e-5,6.949643181261971e-6,-0.0009066936950080524,6.9147099052535685e-6,-1.2567198469764881e-6,-2.7025332379167414e-6,-6.153226430772149e-7,0.0001814741831881221,7.315924618766627e-10,-0.0003542789690635637,-1.8337339275390906e-6,-4.0802577036823334e-6,-1.1200591868540854e-7,-0.0008412723184360489,1.3495933490817877e-6,-3.7597534210655034e-5,-0.00021404743720452438,-0.0003606221879174886,-9.204910028664612e-5,4.302675065544675e-6,-3.0275310736369575e-7,0.00015694636245500474
0.0,0.0,0.0,0.0,0.0,0.0,0.0,0.0,0.0,0.0,0.0,0.0,0.0,0.0,0.0,0.0,0.0,0.0,0.0,0.0,0.0,0.0,0.0,0.0,0.0,0.0,0.0,0.0,0.0,0.0,0.0,0.0,0.0,0.0,0.0,0.0,0.0,0.0,0.0,0.0,0.0,0.0,0.0,0.0,0.0,0.0,0.0,0.0,0.0,0.0,0.0,0.0,0.0,0.0,0.0,0.0,0.0,0.0,0.0,0.0,0.0,0.0,0.0,0.0,0.0,0.0,0.0,0.0,0.0,0.0,0.0,0.0,0.0,0.0,0.0,0.0,0.0,0.0,0.0,0.0,0.0,0.0,0.0,0.0,0.0,0.0,0.0,0.0,0.0,0.0,0.0,0.0,0.0,0.0,0.0,0.0,0.0,0.0,0.0016941846377195456,2.0326024574203314e-6,-1.2732073601667364e-5,2.1995329305867384e-5,0.0016537058246768376,2.613456214061789e-8,5.672240973322387e-5,1.4193131521188296e-5,-0.0016490694411688735,7.350828613833426e-5,5.437511640079872e-6,0.0010524919804909439,0.001469600938341814,2.571638793120535e-7,-2.0118851305886346e-5,-0.0007544010722797494,-0.0004511499585087749,0.0007284737862482235,-3.0415379414014596e-5,-0.0020988474653973158,1.413306602540908e-6,0.00015514603943946986,-0.00018764532050049757,-1.0171223762811377e-6,-2.1635065047231807e-5,7.497381040138133e-5,2.8492127538625706e-8,-1.3817893122395162e-6,0.0006369546967919183,7.343430619132924e-5,6.5321425970518375e-6,-0.00023659185258950697,-1.0449889614380442e-5,-0.004413290040568103
0.0,0.0,0.0,0.0,0.0,0.0,0.0,0.0,0.0,0.0,0.0,0.0,0.0,0.0,0.0,0.0,0.0,0.0,0.0,0.0,0.0,0.0,0.0,0.0,0.0,0.0,0.0,0.0,0.0,0.0,0.0,0.0,0.0,0.0,0.0,0.0,0.0,0.0,0.0,0.0,0.0,0.0,0.0,0.0,0.0,0.0,0.0,0.0,0.0,0.0,0.0,0.0,0.0,0.0,0.0,0.0,0.0,0.0,0.0,0.0,0.0,0.0,0.0,0.0,0.0,0.0,0.0,0.0,0.0,0.0,0.0,0.0,0.0,0.0,0.0,0.0,0.0,0.0,0.0,0.0,0.0,0.0,0.0,0.0,0.0,0.0,0.0,0.0,0.0,0.0,0.0,0.0,0.0,0.0,0.0,0.0,0.0,0.0,0.0,0.0003354828969318745,-0.00018425599997651688,0.0006799746803952482,7.186609418002552e-6,-0.00016789389756774632,0.00044687442684041375,-1.4524691413444335e-7,-4.8767127321034055e-5,-7.830112589411906e-5,0.0003167444721205183,7.199601783436783e-5,-2.586873212026158e-6,1.4100369278434656e-5,-0.00020139453361073213,3.670672351275419e-6,1.0088938153537456e-6,-2.30037603429916e-6,-1.2709346145277375e-7,-4.633968690020057e-6,-5.303470288562939e-9,-1.6989660245197314e-5,-5.985320383805228e-8,3.0158086901600507e-7,1.0021818402668703e-7,1.2269537116716581e-5,1.5159533990883932e-5,-0.00014381546640684762,2.0433694417174854e-5,1.115170614873134e-5,0.0002026089975024544,1.4525412425183754e-6,-8.278821915311755e-8,1.0305114440630241e-5
0.0,0.0,0.0,0.0,0.0,0.0,0.0,0.0,0.0,0.0,0.0,0.0,0.0,0.0,0.0,0.0,0.0,0.0,0.0,0.0,0.0,0.0,0.0,0.0,0.0,0.0,0.0,0.0,0.0,0.0,0.0,0.0,0.0,0.0,0.0,0.0,0.0,0.0,0.0,0.0,0.0,0.0,0.0,0.0,0.0,0.0,0.0,0.0,0.0,0.0,0.0,0.0,0.0,0.0,0.0,0.0,0.0,0.0,0.0,0.0,0.0,0.0,0.0,0.0,0.0,0.0,0.0,0.0,0.0,0.0,0.0,0.0,0.0,0.0,0.0,0.0,0.0,0.0,0.0,0.0,0.0,0.0,0.0,0.0,0.0,0.0,0.0,0.0,0.0,0.0,0.0,0.0,0.0,0.0,0.0,0.0,0.0,0.0,0.0,0.0,0.0010210088615849467,0.00016338620162522624,-1.2289175008543599e-5,8.020283001905529e-5,3.5033746418006445e-5,7.15412870308352e-8,3.368642219172117e-6,-0.00022356167515806774,-0.0002687038860787651,7.78199353630186e-6,-1.1013400663381883e-5,-1.0244062637287717e-5,0.0003170008594391559,-6.2767597160980565e-6,-5.668557813589503e-6,7.594392968182107e-6,-5.997674286604168e-7,3.108975286285767e-5,1.6849387420478665e-8,-3.376891784365141e-5,-2.884791271086668e-6,-7.138270790804164e-5,-2.6850997825858067e-7,-0.0002257840110297091,-4.227850653006245e-6,6.489280419735553e-5,-5.2340547609128565e-5,-5.414768848629298e-5,0.0005532594886839648,-1.2574979419412271e-6,-2.4377350578373997e-7,-1.8114011962762115e-6
0.0,0.0,0.0,0.0,0.0,0.0,0.0,0.0,0.0,0.0,0.0,0.0,0.0,0.0,0.0,0.0,0.0,0.0,0.0,0.0,0.0,0.0,0.0,0.0,0.0,0.0,0.0,0.0,0.0,0.0,0.0,0.0,0.0,0.0,0.0,0.0,0.0,0.0,0.0,0.0,0.0,0.0,0.0,0.0,0.0,0.0,0.0,0.0,0.0,0.0,0.0,0.0,0.0,0.0,0.0,0.0,0.0,0.0,0.0,0.0,0.0,0.0,0.0,0.0,0.0,0.0,0.0,0.0,0.0,0.0,0.0,0.0,0.0,0.0,0.0,0.0,0.0,0.0,0.0,0.0,0.0,0.0,0.0,0.0,0.0,0.0,0.0,0.0,0.0,0.0,0.0,0.0,0.0,0.0,0.0,0.0,0.0,0.0,0.0,0.0,0.0,0.0010053716575180284,2.9542377837697435e-5,5.2979196107039186e-5,0.0009906355509472391,-1.0122065492241655e-6,-0.00037527548336385215,-0.0008741181401744824,8.51907784270967e-5,0.0005952024445920775,-4.8049326465172604e-5,-6.36882989052599e-6,-0.00022880862297616457,1.4041794105941415e-5,-6.115971500055622e-6,6.920223012758139e-7,-2.611983544692903e-6,3.9810133004804504e-5,9.914699470973313e-10,-0.00032537292999683046,-7.897698608772444e-6,-6.687127179908808e-7,1.7820569572338862e-7,-0.00023832881381773531,-6.308277281845293e-6,6.23121867835463e-5,2.2681748850345183e-5,-0.00010198446135116748,2.3230842100414248e-5,8.582409849481847e-6,-1.3195999389256035e-6,7.764292553164178e-5
0.0,0.0,0.0,0.0,0.0,0.0,0.0,0.0,0.0,0.0,0.0,0.0,0.0,0.0,0.0,0.0,0.0,0.0,0.0,0.0,0.0,0.0,0.0,0.0,0.0,0.0,0.0,0.0,0.0,0.0,0.0,0.0,0.0,0.0,0.0,0.0,0.0,0.0,0.0,0.0,0.0,0.0,0.0,0.0,0.0,0.0,0.0,0.0,0.0,0.0,0.0,0.0,0.0,0.0,0.0,0.0,0.0,0.0,0.0,0.0,0.0,0.0,0.0,0.0,0.0,0.0,0.0,0.0,0.0,0.0,0.0,0.0,0.0,0.0,0.0,0.0,0.0,0.0,0.0,0.0,0.0,0.0,0.0,0.0,0.0,0.0,0.0,0.0,0.0,0.0,0.0,0.0,0.0,0.0,0.0,0.0,0.0,0.0,0.0,0.0,0.0,0.0,0.0013541536268041469,4.7412370650115955e-7,3.328840920646013e-5,-2.4779256190430477e-5,-0.0018063150697304386,-1.6512381096790264e-5,-1.3532626357261064e-6,0.002415855046596904,7.996570222714428e-5,1.5024351242128661e-7,-9.553291744257028e-6,0.0006129382497669898,0.0003244910399684107,-0.0003466878288906362,-2.9832674511379613e-5,-0.0004967113349048483,-1.7239710586864964e-7,2.856645863934738e-5,2.4501280217392467e-5,-1.3929812508078778e-6,4.996967389104489e-5,6.604956610674257e-5,3.8624711213312794e-8,-9.635299283116659e-7,0.00031520228052690275,4.655676470563926e-5,8.488178029483332e-6,0.00013685059358323675,-1.8417336339409086e-5,0.00011119932383843452
0.0,0.0,0.0,0.0,0.0,0.0,0.0,0.0,0.0,0.0,0.0,0.0,0.0,0.0,0.0,0.0,0.0,0.0,0.0,0.0,0.0,0.0,0.0,0.0,0.0,0.0,0.0,0.0,0.0,0.0,0.0,0.0,0.0,0.0,0.0,0.0,0.0,0.0,0.0,0.0,0.0,0.0,0.0,0.0,0.0,0.0,0.0,0.0,0.0,0.0,0.0,0.0,0.0,0.0,0.0,0.0,0.0,0.0,0.0,0.0,0.0,0.0,0.0,0.0,0.0,0.0,0.0,0.0,0.0,0.0,0.0,0.0,0.0,0.0,0.0,0.0,0.0,0.0,0.0,0.0,0.0,0.0,0.0,0.0,0.0,0.0,0.0,0.0,0.0,0.0,0.0,0.0,0.0,0.0,0.0,0.0,0.0,0.0,0.0,0.0,0.0,0.0,0.0,0.00032543151192953115,2.2044277201831328e-5,1.0753804031024748e-7,3.7557280226613215e-5,0.00016038676629003386,-3.7749219547764036e-5,-6.551955710270519e-5,9.132286675296698e-6,1.2406863122377127e-5,-7.305998488511847e-5,3.0574591633483583e-7,2.4734646553596387e-6,-2.7138389696531314e-6,5.538615898658994e-7,-1.5989354903763857e-5,-6.906725368029576e-9,6.138856692986068e-5,1.945557782000735e-6,-0.0003037731191098209,1.7695143234816333e-8,9.775404175804194e-5,-2.1668290163491945e-5,-0.00010985290698707502,1.9977060728349733e-5,4.061098186253996e-5,0.00025072458466119003,-5.260781108345716e-7,2.601361375617593e-7,-6.987034612553599e-6
0.0,0.0,0.0,0.0,0.0,0.0,0.0,0.0,0.0,0.0,0.0,0.0,0.0,0.0,0.0,0.0,0.0,0.0,0.0,0.0,0.0,0.0,0.0,0.0,0.0,0.0,0.0,0.0,0.0,0.0,0.0,0.0,0.0,0.0,0.0,0.0,0.0,0.0,0.0,0.0,0.0,0.0,0.0,0.0,0.0,0.0,0.0,0.0,0.0,0.0,0.0,0.0,0.0,0.0,0.0,0.0,0.0,0.0,0.0,0.0,0.0,0.0,0.0,0.0,0.0,0.0,0.0,0.0,0.0,0.0,0.0,0.0,0.0,0.0,0.0,0.0,0.0,0.0,0.0,0.0,0.0,0.0,0.0,0.0,0.0,0.0,0.0,0.0,0.0,0.0,0.0,0.0,0.0,0.0,0.0,0.0,0.0,0.0,0.0,0.0,0.0,0.0,0.0,0.0,0.0005983890577774747,-1.5402289352900184e-7,-0.0003852428287582601,-0.00021403061580493226,-2.0429861081374566e-5,0.0005824441529385629,-3.294405921116799e-5,8.792896561404866e-6,-0.00017985658812313547,2.857234835005467e-6,-8.994216138657442e-6,-2.3305001032767104e-6,1.567270300406362e-8,-1.5244175523572073e-5,-3.786878089743522e-8,-3.708178116114369e-5,-3.0548759283491623e-6,-3.883606507734608e-5,-1.7039578967971356e-6,0.0003117860269208057,2.753860985227373e-6,-5.4169298195909604e-5,0.0001775512709094228,0.0001697274334961924,0.0002809809422133246,7.182614940707589e-6,1.8490427105462973e-8,9.848684256979543e-5
0.0,0.0,0.0,0.0,0.0,0.0,0.0,0.0,0.0,0.0,0.0,0.0,0.0,0.0,0.0,0.0,0.0,0.0,0.0,0.0,0.0,0.0,0.0,0.0,0.0,0.0,0.0,0.0,0.0,0.0,0.0,0.0,0.0,0.0,0.0,0.0,0.0,0.0,0.0,0.0,0.0,0.0,0.0,0.0,0.0,0.0,0.0,0.0,0.0,0.0,0.0,0.0,0.0,0.0,0.0,0.0,0.0,0.0,0.0,0.0,0.0,0.0,0.0,0.0,0.0,0.0,0.0,0.0,0.0,0.0,0.0,0.0,0.0,0.0,0.0,0.0,0.0,0.0,0.0,0.0,0.0,0.0,0.0,0.0,0.0,0.0,0.0,0.0,0.0,0.0,0.0,0.0,0.0,0.0,0.0,0.0,0.0,0.0,0.0,0.0,0.0,0.0,0.0,0.0,0.0,0.00020697044614907263,0.00016117284597327023,2.18173265139179e-5,1.1359290165235107e-7,-7.130215989042146e-5,0.00012282706852024164,5.163684643739116e-9,-2.890328503354511e-7,-0.0011728046123506246,-0.00030630567195241,0.0004016103564953152,0.000581940011317351,-2.4633893361616023e-5,-6.2757189986099675e-6,7.808928230439954e-6,0.0004183352865519459,1.156370812209994e-8,-0.0005008908776220252,7.570159276713137e-6,-2.1275981923057812e-11,5.263789288989891e-8,-8.731469343097202e-6,3.873898747558074e-6,7.874246208568131e-7,-0.0003468239226743761,0.0003014416552259095,-0.000553005342688087
0.0,0.0,0.0,0.0,0.0,0.0,0.0,0.0,0.0,0.0,0.0,0.0,0.0,0.0,0.0,0.0,0.0,0.0,0.0,0.0,0.0,0.0,0.0,0.0,0.0,0.0,0.0,0.0,0.0,0.0,0.0,0.0,0.0,0.0,0.0,0.0,0.0,0.0,0.0,0.0,0.0,0.0,0.0,0.0,0.0,0.0,0.0,0.0,0.0,0.0,0.0,0.0,0.0,0.0,0.0,0.0,0.0,0.0,0.0,0.0,0.0,0.0,0.0,0.0,0.0,0.0,0.0,0.0,0.0,0.0,0.0,0.0,0.0,0.0,0.0,0.0,0.0,0.0,0.0,0.0,0.0,0.0,0.0,0.0,0.0,0.0,0.0,0.0,0.0,0.0,0.0,0.0,0.0,0.0,0.0,0.0,0.0,0.0,0.0,0.0,0.0,0.0,0.0,0.0,0.0,0.0,0.0024399319670979293,0.000721638000949293,4.5913320997673425e-6,-0.002784047667592191,0.0005144021719612773,1.0127374741742686e-6,-1.136647325049756e-5,-7.26226978651052e-5,0.00015621517622425786,-6.697948646833967e-5,2.3497955654611373e-6,-0.0002703971490073656,3.122318595887423e-7,0.00022828833619908826,0.00010059667592889145,-2.333947901553617e-6,3.492712311231311e-5,0.00015081324150216814,1.875094354305229e-7,-3.1916074058683296e-6,-0.00031697088128734586,5.956661949854314e-5,4.555866236533034e-5,-9.927417175349084e-5,1.9679399956620082e-7,-0.0011003943444365227
0.0,0.0,0.0,0.0,0.0,0.0,0.0,0.0,0.0,0.0,0.0,0.0,0.0,0.0,0.0,0.0,0.0,0.0,0.0,0.0,0.0,0.0,0.0,0.0,0.0,0.0,0.0,0.0,0.0,0.0,0.0,0.0,0.0,0.0,0.0,0.0,0.0,0.0,0.0,0.0,0.0,0.0,0.0,0.0,0.0,0.0,0.0,0.0,0.0,0.0,0.0,0.0,0.0,0.0,0.0,0.0,0.0,0.0,0.0,0.0,0.0,0.0,0.0,0.0,0.0,0.0,0.0,0.0,0.0,0.0,0.0,0.0,0.0,0.0,0.0,0.0,0.0,0.0,0.0,0.0,0.0,0.0,0.0,0.0,0.0,0.0,0.0,0.0,0.0,0.0,0.0,0.0,0.0,0.0,0.0,0.0,0.0,0.0,0.0,0.0,0.0,0.0,0.0,0.0,0.0,0.0,0.0,0.001838396847463662,1.9923226383478853e-5,-0.00047766135425034514,1.712889101403511e-5,2.707641952613116e-7,-3.549423503462189e-5,5.414319845308213e-5,7.433195113909572e-6,-4.7136923554653514e-5,5.623529177165177e-6,-0.00024560772245408663,-2.1695543233346023e-7,0.0007323458356737676,4.1482924430791116e-6,4.833939228971935e-6,-6.632725519199366e-6,0.0008787486394468719,-2.335706522153263e-7,1.1797706883116187e-5,0.00044273753732891683,0.0004337093103619358,0.00010208347509794307,2.9707032288271197e-5,2.6191161989460678e-6,0.0002453423615764146
0.0,0.0,0.0,0.0,0.0,0.0,0.0,0.0,0.0,0.0,0.0,0.0,0.0,0.0,0.0,0.0,0.0,0.0,0.0,0.0,0.0,0.0,0.0,0.0,0.0,0.0,0.0,0.0,0.0,0.0,0.0,0.0,0.0,0.0,0.0,0.0,0.0,0.0,0.0,0.0,0.0,0.0,0.0,0.0,0.0,0.0,0.0,0.0,0.0,0.0,0.0,0.0,0.0,0.0,0.0,0.0,0.0,0.0,0.0,0.0,0.0,0.0,0.0,0.0,0.0,0.0,0.0,0.0,0.0,0.0,0.0,0.0,0.0,0.0,0.0,0.0,0.0,0.0,0.0,0.0,0.0,0.0,0.0,0.0,0.0,0.0,0.0,0.0,0.0,0.0,0.0,0.0,0.0,0.0,0.0,0.0,0.0,0.0,0.0,0.0,0.0,0.0,0.0,0.0,0.0,0.0,0.0,0.0,0.00010971506137323447,2.6400890164466466e-5,-4.631517347084406e-6,6.088641865973815e-6,7.860624306886901e-5,-5.150335063360394e-6,-2.113206435394918e-6,5.918068979557804e-6,-6.734661650715156e-7,2.6047965164125477e-5,2.2721865547304565e-8,7.350706177907335e-5,-1.4476914750939584e-6,4.555528806508368e-5,4.358866711288673e-7,-3.9080268274981906e-5,-5.273570272856351e-6,-4.5213580806379054e-5,-3.802656466882574e-5,3.187228459235936e-5,-2.4504754157329045e-5,-2.4317921757807757e-6,-3.047432212152763e-7,-1.8899627875651282e-5
0.0,0.0,0.0,0.0,0.0,0.0,0.0,0.0,0.0,0.0,0.0,0.0,0.0,0.0,0.0,0.0,0.0,0.0,0.0,0.0,0.0,0.0,0.0,0.0,0.0,0.0,0.0,0.0,0.0,0.0,0.0,0.0,0.0,0.0,0.0,0.0,0.0,0.0,0.0,0.0,0.0,0.0,0.0,0.0,0.0,0.0,0.0,0.0,0.0,0.0,0.0,0.0,0.0,0.0,0.0,0.0,0.0,0.0,0.0,0.0,0.0,0.0,0.0,0.0,0.0,0.0,0.0,0.0,0.0,0.0,0.0,0.0,0.0,0.0,0.0,0.0,0.0,0.0,0.0,0.0,0.0,0.0,0.0,0.0,0.0,0.0,0.0,0.0,0.0,0.0,0.0,0.0,0.0,0.0,0.0,0.0,0.0,0.0,0.0,0.0,0.0,0.0,0.0,0.0,0.0,0.0,0.0,0.0,0.0,0.0014354436556529007,9.801790583064805e-5,-7.067074980921617e-7,-4.9178730841293014e-6,-0.00027015347751803203,-0.0001258449814025776,0.00018930306840900428,-2.7301879162555326e-5,2.7110225413589192e-5,8.197885065827262e-7,-0.0002121595972200028,-3.7104297374638486e-5,1.930052885365855e-6,1.6252317548488294e-5,0.00019605748899990429,-8.411697617497006e-8,6.032745977085785e-6,-6.470150544152785e-5,3.475650004828031e-5,-2.572741013770561e-6,-8.283868186742812e-5,-1.2299285350117272e-5,-0.0004094319574111959
0.0,0.0,0.0,0.0,0.0,0.0,0.0,0.0,0.0,0.0,0.0,0.0,0.0,0.0,0.0,0.0,0.0,0.0,0.0,0.0,0.0,0.0,0.0,0.0,0.0,0.0,0.0,0.0,0.0,0.0,0.0,0.0,0.0,0.0,0.0,0.0,0.0,0.0,0.0,0.0,0.0,0.0,0.0,0.0,0.0,0.0,0.0,0.0,0.0,0.0,0.0,0.0,0.0,0.0,0.0,0.0,0.0,0.0,0.0,0.0,0.0,0.0,0.0,0.0,0.0,0.0,0.0,0.0,0.0,0.0,0.0,0.0,0.0,0.0,0.0,0.0,0.0,0.0,0.0,0.0,0.0,0.0,0.0,0.0,0.0,0.0,0.0,0.0,0.0,0.0,0.0,0.0,0.0,0.0,0.0,0.0,0.0,0.0,0.0,0.0,0.0,0.0,0.0,0.0,0.0,0.0,0.0,0.0,0.0,0.0,0.0004309084084266072,-4.784210966467064e-7,4.6496551032055105e-6,-0.00019705234813103574,8.850767144822495e-5,-0.0002281313724147183,2.1101906076859687e-5,-0.0005847697808762656,-7.050412907299369e-7,0.00019258655781224593,0.00018764056477819842,2.1704671577786062e-6,2.420662784015624e-5,-5.344974449162452e-6,-1.8698432431450533e-7,1.9234427320328506e-6,0.00043804931288190277,5.857954055173046e-5,-1.8313004271490966e-5,-6.217655135630524e-5,8.469123102322565e-6,-0.00037444703919456245
0.0,0.0,0.0,0.0,0.0,0.0,0.0,0.0,0.0,0.0,0.0,0.0,0.0,0.0,0.0,0.0,0.0,0.0,0.0,0.0,0.0,0.0,0.0,0.0,0.0,0.0,0.0,0.0,0.0,0.0,0.0,0.0,0.0,0.0,0.0,0.0,0.0,0.0,0.0,0.0,0.0,0.0,0.0,0.0,0.0,0.0,0.0,0.0,0.0,0.0,0.0,0.0,0.0,0.0,0.0,0.0,0.0,0.0,0.0,0.0,0.0,0.0,0.0,0.0,0.0,0.0,0.0,0.0,0.0,0.0,0.0,0.0,0.0,0.0,0.0,0.0,0.0,0.0,0.0,0.0,0.0,0.0,0.0,0.0,0.0,0.0,0.0,0.0,0.0,0.0,0.0,0.0,0.0,0.0,0.0,0.0,0.0,0.0,0.0,0.0,0.0,0.0,0.0,0.0,0.0,0.0,0.0,0.0,0.0,0.0,0.0,3.587151028195256e-5,4.108371881989784e-6,-5.699607867579431e-6,-3.6254269020661033e-6,2.1292814629157705e-6,-3.153250931222419e-7,-1.9601790797046032e-7,3.003248734290953e-9,7.506686657717099e-6,-2.8273517225502654e-7,-8.617617959163152e-5,1.2846321837412798e-8,-6.352458474311418e-5,1.092256290393784e-5,-0.0004060073950747406,-1.2271743972443003e-5,-2.206260268691371e-5,0.00016360815142472428,-7.036874711641591e-7,-1.3964967134571833e-7,1.7369527169264733e-6
0.0,0.0,0.0,0.0,0.0,0.0,0.0,0.0,0.0,0.0,0.0,0.0,0.0,0.0,0.0,0.0,0.0,0.0,0.0,0.0,0.0,0.0,0.0,0.0,0.0,0.0,0.0,0.0,0.0,0.0,0.0,0.0,0.0,0.0,0.0,0.0,0.0,0.0,0.0,0.0,0.0,0.0,0.0,0.0,0.0,0.0,0.0,0.0,0.0,0.0,0.0,0.0,0.0,0.0,0.0,0.0,0.0,0.0,0.0,0.0,0.0,0.0,0.0,0.0,0.0,0.0,0.0,0.0,0.0,0.0,0.0,0.0,0.0,0.0,0.0,0.0,0.0,0.0,0.0,0.0,0.0,0.0,0.0,0.0,0.0,0.0,0.0,0.0,0.0,0.0,0.0,0.0,0.0,0.0,0.0,0.0,0.0,0.0,0.0,0.0,0.0,0.0,0.0,0.0,0.0,0.0,0.0,0.0,0.0,0.0,0.0,0.0,0.0002116550016313344,3.4221964553352827e-6,-1.6001974594892335e-6,2.3749007875656832e-6,-3.2123125167170074e-7,-1.648310298311212e-5,1.0548065517246051e-8,0.00014429952353694591,-2.769954014377639e-6,-1.1130506799904243e-5,-4.4360308580603014e-7,-0.00011357920348480949,7.299981237417325e-7,-2.5122985049736205e-5,4.2823765500381094e-5,7.223267692150909e-5,-0.00026131401001521073,1.6144766220941393e-6,-1.25524444518478e-7,1.4572724384578058e-5
0.0,0.0,0.0,0.0,0.0,0.0,0.0,0.0,0.0,0.0,0.0,0.0,0.0,0.0,0.0,0.0,0.0,0.0,0.0,0.0,0.0,0.0,0.0,0.0,0.0,0.0,0.0,0.0,0.0,0.0,0.0,0.0,0.0,0.0,0.0,0.0,0.0,0.0,0.0,0.0,0.0,0.0,0.0,0.0,0.0,0.0,0.0,0.0,0.0,0.0,0.0,0.0,0.0,0.0,0.0,0.0,0.0,0.0,0.0,0.0,0.0,0.0,0.0,0.0,0.0,0.0,0.0,0.0,0.0,0.0,0.0,0.0,0.0,0.0,0.0,0.0,0.0,0.0,0.0,0.0,0.0,0.0,0.0,0.0,0.0,0.0,0.0,0.0,0.0,0.0,0.0,0.0,0.0,0.0,0.0,0.0,0.0,0.0,0.0,0.0,0.0,0.0,0.0,0.0,0.0,0.0,0.0,0.0,0.0,0.0,0.0,0.0,0.0,0.0010844500145615506,0.0005752927400274553,-0.0006193193066013814,0.0001700534932184347,-0.0002254302645537856,-5.7620661158892544e-6,7.972569635430176e-6,8.665347306600962e-5,3.481113295012482e-7,-0.0001054397036956781,2.241029346401091e-5,-4.44373205264536e-9,-1.040423314333953e-6,0.00011837664188688018,1.3655434479329175e-5,-3.5953795034259527e-6,0.00027960967661432007,7.557656435116198e-5,0.0006406898519054735
0.0,0.0,0.0,0.0,0.0,0.0,0.0,0.0,0.0,0.0,0.0,0.0,0.0,0.0,0.0,0.0,0.0,0.0,0.0,0.0,0.0,0.0,0.0,0.0,0.0,0.0,0.0,0.0,0.0,0.0,0.0,0.0,0.0,0.0,0.0,0.0,0.0,0.0,0.0,0.0,0.0,0.0,0.0,0.0,0.0,0.0,0.0,0.0,0.0,0.0,0.0,0.0,0.0,0.0,0.0,0.0,0.0,0.0,0.0,0.0,0.0,0.0,0.0,0.0,0.0,0.0,0.0,0.0,0.0,0.0,0.0,0.0,0.0,0.0,0.0,0.0,0.0,0.0,0.0,0.0,0.0,0.0,0.0,0.0,0.0,0.0,0.0,0.0,0.0,0.0,0.0,0.0,0.0,0.0,0.0,0.0,0.0,0.0,0.0,0.0,0.0,0.0,0.0,0.0,0.0,0.0,0.0,0.0,0.0,0.0,0.0,0.0,0.0,0.0,0.0004941780131085151,-4.844142091856625e-5,5.576704821992912e-5,0.0001460183418198909,8.79693024681819e-8,-2.6536966463697467e-5,0.00023830210025149655,-2.3305326567179853e-7,0.0001508388348589452,2.242159116338496e-5,3.810623414271669e-8,9.534530729381295e-8,-4.640723832998233e-5,2.0813574219545677e-6,1.2179355688370025e-6,-0.00018377001556367503,1.938500735234454e-5,-0.0005731210638338697
0.0,0.0,0.0,0.0,0.0,0.0,0.0,0.0,0.0,0.0,0.0,0.0,0.0,0.0,0.0,0.0,0.0,0.0,0.0,0.0,0.0,0.0,0.0,0.0,0.0,0.0,0.0,0.0,0.0,0.0,0.0,0.0,0.0,0.0,0.0,0.0,0.0,0.0,0.0,0.0,0.0,0.0,0.0,0.0,0.0,0.0,0.0,0.0,0.0,0.0,0.0,0.0,0.0,0.0,0.0,0.0,0.0,0.0,0.0,0.0,0.0,0.0,0.0,0.0,0.0,0.0,0.0,0.0,0.0,0.0,0.0,0.0,0.0,0.0,0.0,0.0,0.0,0.0,0.0,0.0,0.0,0.0,0.0,0.0,0.0,0.0,0.0,0.0,0.0,0.0,0.0,0.0,0.0,0.0,0.0,0.0,0.0,0.0,0.0,0.0,0.0,0.0,0.0,0.0,0.0,0.0,0.0,0.0,0.0,0.0,0.0,0.0,0.0,0.0,0.0,0.00048639174111742126,-9.044296130738688e-5,3.9797588444310327e-5,4.972230601299507e-6,7.431916264856986e-5,-0.00026079403503052856,3.460859070476575e-7,8.77948920357099e-5,-1.71929187282338e-5,-2.4305581066906767e-8,-6.243350115951549e-7,7.530945651796498e-5,1.5155948664436357e-5,-2.25212270386708e-6,-8.016451960491033e-5,-4.014244700919363e-5,-0.0002519007120082463
0.0,0.0,0.0,0.0,0.0,0.0,0.0,0.0,0.0,0.0,0.0,0.0,0.0,0.0,0.0,0.0,0.0,0.0,0.0,0.0,0.0,0.0,0.0,0.0,0.0,0.0,0.0,0.0,0.0,0.0,0.0,0.0,0.0,0.0,0.0,0.0,0.0,0.0,0.0,0.0,0.0,0.0,0.0,0.0,0.0,0.0,0.0,0.0,0.0,0.0,0.0,0.0,0.0,0.0,0.0,0.0,0.0,0.0,0.0,0.0,0.0,0.0,0.0,0.0,0.0,0.0,0.0,0.0,0.0,0.0,0.0,0.0,0.0,0.0,0.0,0.0,0.0,0.0,0.0,0.0,0.0,0.0,0.0,0.0,0.0,0.0,0.0,0.0,0.0,0.0,0.0,0.0,0.0,0.0,0.0,0.0,0.0,0.0,0.0,0.0,0.0,0.0,0.0,0.0,0.0,0.0,0.0,0.0,0.0,0.0,0.0,0.0,0.0,0.0,0.0,0.0,0.00021539590286333464,4.6709845309389376e-5,-7.568990602638316e-6,1.1922189121143119e-5,1.8991264183927055e-5,-4.333742365224161e-8,-8.500324297528372e-5,-1.5546075498843593e-5,-9.155342277393182e-9,3.052077399934502e-7,-2.6318062392198742e-5,-3.7658921067713795e-6,8.647505261830482e-7,1.3402885111786066e-5,8.759312716914128e-5,-5.48495775504906e-5
0.0,0.0,0.0,0.0,0.0,0.0,0.0,0.0,0.0,0.0,0.0,0.0,0.0,0.0,0.0,0.0,0.0,0.0,0.0,0.0,0.0,0.0,0.0,0.0,0.0,0.0,0.0,0.0,0.0,0.0,0.0,0.0,0.0,0.0,0.0,0.0,0.0,0.0,0.0,0.0,0.0,0.0,0.0,0.0,0.0,0.0,0.0,0.0,0.0,0.0,0.0,0.0,0.0,0.0,0.0,0.0,0.0,0.0,0.0,0.0,0.0,0.0,0.0,0.0,0.0,0.0,0.0,0.0,0.0,0.0,0.0,0.0,0.0,0.0,0.0,0.0,0.0,0.0,0.0,0.0,0.0,0.0,0.0,0.0,0.0,0.0,0.0,0.0,0.0,0.0,0.0,0.0,0.0,0.0,0.0,0.0,0.0,0.0,0.0,0.0,0.0,0.0,0.0,0.0,0.0,0.0,0.0,0.0,0.0,0.0,0.0,0.0,0.0,0.0,0.0,0.0,0.0,0.00046482508651974583,-6.716922483767114e-7,-6.68514508815503e-5,-1.7624012034124493e-5,-1.3323348955307438e-6,-3.9663295618815766e-5,6.826203596214677e-5,1.8625949411007722e-7,1.1654701954597528e-6,-0.00029866606682020194,7.779780200656957e-6,8.716137583776883e-6,-1.9464133629399672e-5,1.5278732295688989e-6,-0.0006422114270606949
0.0,0.0,0.0,0.0,0.0,0.0,0.0,0.0,0.0,0.0,0.0,0.0,0.0,0.0,0.0,0.0,0.0,0.0,0.0,0.0,0.0,0.0,0.0,0.0,0.0,0.0,0.0,0.0,0.0,0.0,0.0,0.0,0.0,0.0,0.0,0.0,0.0,0.0,0.0,0.0,0.0,0.0,0.0,0.0,0.0,0.0,0.0,0.0,0.0,0.0,0.0,0.0,0.0,0.0,0.0,0.0,0.0,0.0,0.0,0.0,0.0,0.0,0.0,0.0,0.0,0.0,0.0,0.0,0.0,0.0,0.0,0.0,0.0,0.0,0.0,0.0,0.0,0.0,0.0,0.0,0.0,0.0,0.0,0.0,0.0,0.0,0.0,0.0,0.0,0.0,0.0,0.0,0.0,0.0,0.0,0.0,0.0,0.0,0.0,0.0,0.0,0.0,0.0,0.0,0.0,0.0,0.0,0.0,0.0,0.0,0.0,0.0,0.0,0.0,0.0,0.0,0.0,0.0,1.1718699877033464e-5,-9.183929703503136e-6,1.4377748349655845e-5,-7.31628781515401e-8,7.296642191323644e-5,5.638494030364299e-6,1.0248518494240193e-8,5.638938160576074e-8,-1.3543143682954244e-5,-3.763194346622738e-7,4.100950863694309e-7,5.0598869927762005e-6,-5.765257138980464e-7,4.269077558827312e-5
0.0,0.0,0.0,0.0,0.0,0.0,0.0,0.0,0.0,0.0,0.0,0.0,0.0,0.0,0.0,0.0,0.0,0.0,0.0,0.0,0.0,0.0,0.0,0.0,0.0,0.0,0.0,0.0,0.0,0.0,0.0,0.0,0.0,0.0,0.0,0.0,0.0,0.0,0.0,0.0,0.0,0.0,0.0,0.0,0.0,0.0,0.0,0.0,0.0,0.0,0.0,0.0,0.0,0.0,0.0,0.0,0.0,0.0,0.0,0.0,0.0,0.0,0.0,0.0,0.0,0.0,0.0,0.0,0.0,0.0,0.0,0.0,0.0,0.0,0.0,0.0,0.0,0.0,0.0,0.0,0.0,0.0,0.0,0.0,0.0,0.0,0.0,0.0,0.0,0.0,0.0,0.0,0.0,0.0,0.0,0.0,0.0,0.0,0.0,0.0,0.0,0.0,0.0,0.0,0.0,0.0,0.0,0.0,0.0,0.0,0.0,0.0,0.0,0.0,0.0,0.0,0.0,0.0,0.0,0.0007669648781971651,4.755811526982414e-6,-1.704530548846e-6,-3.5008388836588816e-6,-0.0003580388668646653,2.4681682018877086e-7,9.060942676519275e-6,0.00015804636207530597,0.0001661446394420834,5.957956384137089e-5,-3.890431240547471e-6,1.4652571890953488e-7,-5.542443645754604e-5
0.0,0.0,0.0,0.0,0.0,0.0,0.0,0.0,0.0,0.0,0.0,0.0,0.0,0.0,0.0,0.0,0.0,0.0,0.0,0.0,0.0,0.0,0.0,0.0,0.0,0.0,0.0,0.0,0.0,0.0,0.0,0.0,0.0,0.0,0.0,0.0,0.0,0.0,0.0,0.0,0.0,0.0,0.0,0.0,0.0,0.0,0.0,0.0,0.0,0.0,0.0,0.0,0.0,0.0,0.0,0.0,0.0,0.0,0.0,0.0,0.0,0.0,0.0,0.0,0.0,0.0,0.0,0.0,0.0,0.0,0.0,0.0,0.0,0.0,0.0,0.0,0.0,0.0,0.0,0.0,0.0,0.0,0.0,0.0,0.0,0.0,0.0,0.0,0.0,0.0,0.0,0.0,0.0,0.0,0.0,0.0,0.0,0.0,0.0,0.0,0.0,0.0,0.0,0.0,0.0,0.0,0.0,0.0,0.0,0.0,0.0,0.0,0.0,0.0,0.0,0.0,0.0,0.0,0.0,0.0,8.89278918687488e-5,2.1896800660616634e-7,1.0468763890482759e-5,2.0064803220288637e-5,-7.403671231601331e-9,-9.387607434926272e-7,2.5895315705866596e-5,4.055508724529865e-6,-4.256370243051391e-6,-8.542473740878692e-6,-1.0169333059029864e-6,2.759616393380411e-5
0.0,0.0,0.0,0.0,0.0,0.0,0.0,0.0,0.0,0.0,0.0,0.0,0.0,0.0,0.0,0.0,0.0,0.0,0.0,0.0,0.0,0.0,0.0,0.0,0.0,0.0,0.0,0.0,0.0,0.0,0.0,0.0,0.0,0.0,0.0,0.0,0.0,0.0,0.0,0.0,0.0,0.0,0.0,0.0,0.0,0.0,0.0,0.0,0.0,0.0,0.0,0.0,0.0,0.0,0.0,0.0,0.0,0.0,0.0,0.0,0.0,0.0,0.0,0.0,0.0,0.0,0.0,0.0,0.0,0.0,0.0,0.0,0.0,0.0,0.0,0.0,0.0,0.0,0.0,0.0,0.0,0.0,0.0,0.0,0.0,0.0,0.0,0.0,0.0,0.0,0.0,0.0,0.0,0.0,0.0,0.0,0.0,0.0,0.0,0.0,0.0,0.0,0.0,0.0,0.0,0.0,0.0,0.0,0.0,0.0,0.0,0.0,0.0,0.0,0.0,0.0,0.0,0.0,0.0,0.0,0.0,7.254673483381227e-5,-5.486300479280619e-7,2.72841327689527e-5,-1.1995104915161353e-5,-0.00010941955501304421,2.3755465897930843e-5,1.4126073944725527e-5,-6.201721409597944e-5,-4.739089064171123e-7,2.097794408190573e-8,-7.96982978679501e-6
0.0,0.0,0.0,0.0,0.0,0.0,0.0,0.0,0.0,0.0,0.0,0.0,0.0,0.0,0.0,0.0,0.0,0.0,0.0,0.0,0.0,0.0,0.0,0.0,0.0,0.0,0.0,0.0,0.0,0.0,0.0,0.0,0.0,0.0,0.0,0.0,0.0,0.0,0.0,0.0,0.0,0.0,0.0,0.0,0.0,0.0,0.0,0.0,0.0,0.0,0.0,0.0,0.0,0.0,0.0,0.0,0.0,0.0,0.0,0.0,0.0,0.0,0.0,0.0,0.0,0.0,0.0,0.0,0.0,0.0,0.0,0.0,0.0,0.0,0.0,0.0,0.0,0.0,0.0,0.0,0.0,0.0,0.0,0.0,0.0,0.0,0.0,0.0,0.0,0.0,0.0,0.0,0.0,0.0,0.0,0.0,0.0,0.0,0.0,0.0,0.0,0.0,0.0,0.0,0.0,0.0,0.0,0.0,0.0,0.0,0.0,0.0,0.0,0.0,0.0,0.0,0.0,0.0,0.0,0.0,0.0,0.0,0.00014782106961181639,3.5061091276756015e-6,-8.158696695730381e-9,4.871402354569577e-8,-4.0305157148541475e-5,3.6461718379023282e-6,2.7737522231082708e-6,2.7239815086750628e-5,-4.555277411152621e-6,0.00016349065362518262
0.0,0.0,0.0,0.0,0.0,0.0,0.0,0.0,0.0,0.0,0.0,0.0,0.0,0.0,0.0,0.0,0.0,0.0,0.0,0.0,0.0,0.0,0.0,0.0,0.0,0.0,0.0,0.0,0.0,0.0,0.0,0.0,0.0,0.0,0.0,0.0,0.0,0.0,0.0,0.0,0.0,0.0,0.0,0.0,0.0,0.0,0.0,0.0,0.0,0.0,0.0,0.0,0.0,0.0,0.0,0.0,0.0,0.0,0.0,0.0,0.0,0.0,0.0,0.0,0.0,0.0,0.0,0.0,0.0,0.0,0.0,0.0,0.0,0.0,0.0,0.0,0.0,0.0,0.0,0.0,0.0,0.0,0.0,0.0,0.0,0.0,0.0,0.0,0.0,0.0,0.0,0.0,0.0,0.0,0.0,0.0,0.0,0.0,0.0,0.0,0.0,0.0,0.0,0.0,0.0,0.0,0.0,0.0,0.0,0.0,0.0,0.0,0.0,0.0,0.0,0.0,0.0,0.0,0.0,0.0,0.0,0.0,0.0,0.000391160249681019,1.2665095698295366e-6,-1.94333597311307e-5,0.00012340732017040345,0.0001542318452684651,-7.49519572889857e-5,-3.5165377145501046e-6,-1.515992071807905e-7,-2.6270637133461683e-5
0.0,0.0,0.0,0.0,0.0,0.0,0.0,0.0,0.0,0.0,0.0,0.0,0.0,0.0,0.0,0.0,0.0,0.0,0.0,0.0,0.0,0.0,0.0,0.0,0.0,0.0,0.0,0.0,0.0,0.0,0.0,0.0,0.0,0.0,0.0,0.0,0.0,0.0,0.0,0.0,0.0,0.0,0.0,0.0,0.0,0.0,0.0,0.0,0.0,0.0,0.0,0.0,0.0,0.0,0.0,0.0,0.0,0.0,0.0,0.0,0.0,0.0,0.0,0.0,0.0,0.0,0.0,0.0,0.0,0.0,0.0,0.0,0.0,0.0,0.0,0.0,0.0,0.0,0.0,0.0,0.0,0.0,0.0,0.0,0.0,0.0,0.0,0.0,0.0,0.0,0.0,0.0,0.0,0.0,0.0,0.0,0.0,0.0,0.0,0.0,0.0,0.0,0.0,0.0,0.0,0.0,0.0,0.0,0.0,0.0,0.0,0.0,0.0,0.0,0.0,0.0,0.0,0.0,0.0,0.0,0.0,0.0,0.0,0.0,1.4761971295147298e-5,-6.214318010019476e-5,9.891727336552773e-8,2.4787332968979796e-6,-5.3267511156136214e-5,1.0492632423611894e-7,8.641925448420122e-9,-3.027344526753482e-7
0.0,0.0,0.0,0.0,0.0,0.0,0.0,0.0,0.0,0.0,0.0,0.0,0.0,0.0,0.0,0.0,0.0,0.0,0.0,0.0,0.0,0.0,0.0,0.0,0.0,0.0,0.0,0.0,0.0,0.0,0.0,0.0,0.0,0.0,0.0,0.0,0.0,0.0,0.0,0.0,0.0,0.0,0.0,0.0,0.0,0.0,0.0,0.0,0.0,0.0,0.0,0.0,0.0,0.0,0.0,0.0,0.0,0.0,0.0,0.0,0.0,0.0,0.0,0.0,0.0,0.0,0.0,0.0,0.0,0.0,0.0,0.0,0.0,0.0,0.0,0.0,0.0,0.0,0.0,0.0,0.0,0.0,0.0,0.0,0.0,0.0,0.0,0.0,0.0,0.0,0.0,0.0,0.0,0.0,0.0,0.0,0.0,0.0,0.0,0.0,0.0,0.0,0.0,0.0,0.0,0.0,0.0,0.0,0.0,0.0,0.0,0.0,0.0,0.0,0.0,0.0,0.0,0.0,0.0,0.0,0.0,0.0,0.0,0.0,0.0,0.00037606428441402327,1.8755775228301313e-6,4.29161842710411e-6,7.985547148023852e-5,-6.22521864426724e-8,-4.1560110244600495e-9,-2.69545926571614e-7
0.0,0.0,0.0,0.0,0.0,0.0,0.0,0.0,0.0,0.0,0.0,0.0,0.0,0.0,0.0,0.0,0.0,0.0,0.0,0.0,0.0,0.0,0.0,0.0,0.0,0.0,0.0,0.0,0.0,0.0,0.0,0.0,0.0,0.0,0.0,0.0,0.0,0.0,0.0,0.0,0.0,0.0,0.0,0.0,0.0,0.0,0.0,0.0,0.0,0.0,0.0,0.0,0.0,0.0,0.0,0.0,0.0,0.0,0.0,0.0,0.0,0.0,0.0,0.0,0.0,0.0,0.0,0.0,0.0,0.0,0.0,0.0,0.0,0.0,0.0,0.0,0.0,0.0,0.0,0.0,0.0,0.0,0.0,0.0,0.0,0.0,0.0,0.0,0.0,0.0,0.0,0.0,0.0,0.0,0.0,0.0,0.0,0.0,0.0,0.0,0.0,0.0,0.0,0.0,0.0,0.0,0.0,0.0,0.0,0.0,0.0,0.0,0.0,0.0,0.0,0.0,0.0,0.0,0.0,0.0,0.0,0.0,0.0,0.0,0.0,0.0,0.0003631199789034523,1.1693509153661373e-6,-2.4477606295173137e-5,-1.331552278885776e-5,-6.683040720149673e-8,-0.00021667241019543413
0.0,0.0,0.0,0.0,0.0,0.0,0.0,0.0,0.0,0.0,0.0,0.0,0.0,0.0,0.0,0.0,0.0,0.0,0.0,0.0,0.0,0.0,0.0,0.0,0.0,0.0,0.0,0.0,0.0,0.0,0.0,0.0,0.0,0.0,0.0,0.0,0.0,0.0,0.0,0.0,0.0,0.0,0.0,0.0,0.0,0.0,0.0,0.0,0.0,0.0,0.0,0.0,0.0,0.0,0.0,0.0,0.0,0.0,0.0,0.0,0.0,0.0,0.0,0.0,0.0,0.0,0.0,0.0,0.0,0.0,0.0,0.0,0.0,0.0,0.0,0.0,0.0,0.0,0.0,0.0,0.0,0.0,0.0,0.0,0.0,0.0,0.0,0.0,0.0,0.0,0.0,0.0,0.0,0.0,0.0,0.0,0.0,0.0,0.0,0.0,0.0,0.0,0.0,0.0,0.0,0.0,0.0,0.0,0.0,0.0,0.0,0.0,0.0,0.0,0.0,0.0,0.0,0.0,0.0,0.0,0.0,0.0,0.0,0.0,0.0,0.0,0.0,0.00010916384312867904,6.802285800970982e-5,9.866555782286811e-7,-1.041789942830097e-7,2.563604316452363e-5
0.0,0.0,0.0,0.0,0.0,0.0,0.0,0.0,0.0,0.0,0.0,0.0,0.0,0.0,0.0,0.0,0.0,0.0,0.0,0.0,0.0,0.0,0.0,0.0,0.0,0.0,0.0,0.0,0.0,0.0,0.0,0.0,0.0,0.0,0.0,0.0,0.0,0.0,0.0,0.0,0.0,0.0,0.0,0.0,0.0,0.0,0.0,0.0,0.0,0.0,0.0,0.0,0.0,0.0,0.0,0.0,0.0,0.0,0.0,0.0,0.0,0.0,0.0,0.0,0.0,0.0,0.0,0.0,0.0,0.0,0.0,0.0,0.0,0.0,0.0,0.0,0.0,0.0,0.0,0.0,0.0,0.0,0.0,0.0,0.0,0.0,0.0,0.0,0.0,0.0,0.0,0.0,0.0,0.0,0.0,0.0,0.0,0.0,0.0,0.0,0.0,0.0,0.0,0.0,0.0,0.0,0.0,0.0,0.0,0.0,0.0,0.0,0.0,0.0,0.0,0.0,0.0,0.0,0.0,0.0,0.0,0.0,0.0,0.0,0.0,0.0,0.0,0.0,0.0002658086632415718,-1.184803412722973e-6,-2.985878461955238e-8,-1.1584205218600261e-5
0.0,0.0,0.0,0.0,0.0,0.0,0.0,0.0,0.0,0.0,0.0,0.0,0.0,0.0,0.0,0.0,0.0,0.0,0.0,0.0,0.0,0.0,0.0,0.0,0.0,0.0,0.0,0.0,0.0,0.0,0.0,0.0,0.0,0.0,0.0,0.0,0.0,0.0,0.0,0.0,0.0,0.0,0.0,0.0,0.0,0.0,0.0,0.0,0.0,0.0,0.0,0.0,0.0,0.0,0.0,0.0,0.0,0.0,0.0,0.0,0.0,0.0,0.0,0.0,0.0,0.0,0.0,0.0,0.0,0.0,0.0,0.0,0.0,0.0,0.0,0.0,0.0,0.0,0.0,0.0,0.0,0.0,0.0,0.0,0.0,0.0,0.0,0.0,0.0,0.0,0.0,0.0,0.0,0.0,0.0,0.0,0.0,0.0,0.0,0.0,0.0,0.0,0.0,0.0,0.0,0.0,0.0,0.0,0.0,0.0,0.0,0.0,0.0,0.0,0.0,0.0,0.0,0.0,0.0,0.0,0.0,0.0,0.0,0.0,0.0,0.0,0.0,0.0,0.0,3.9927147702318244e-5,1.4014588110008551e-6,0.00023176818151218084
0.0,0.0,0.0,0.0,0.0,0.0,0.0,0.0,0.0,0.0,0.0,0.0,0.0,0.0,0.0,0.0,0.0,0.0,0.0,0.0,0.0,0.0,0.0,0.0,0.0,0.0,0.0,0.0,0.0,0.0,0.0,0.0,0.0,0.0,0.0,0.0,0.0,0.0,0.0,0.0,0.0,0.0,0.0,0.0,0.0,0.0,0.0,0.0,0.0,0.0,0.0,0.0,0.0,0.0,0.0,0.0,0.0,0.0,0.0,0.0,0.0,0.0,0.0,0.0,0.0,0.0,0.0,0.0,0.0,0.0,0.0,0.0,0.0,0.0,0.0,0.0,0.0,0.0,0.0,0.0,0.0,0.0,0.0,0.0,0.0,0.0,0.0,0.0,0.0,0.0,0.0,0.0,0.0,0.0,0.0,0.0,0.0,0.0,0.0,0.0,0.0,0.0,0.0,0.0,0.0,0.0,0.0,0.0,0.0,0.0,0.0,0.0,0.0,0.0,0.0,0.0,0.0,0.0,0.0,0.0,0.0,0.0,0.0,0.0,0.0,0.0,0.0,0.0,0.0,0.0,5.658680402547943e-6,-3.062887331974366e-5
0.0,0.0,0.0,0.0,0.0,0.0,0.0,0.0,0.0,0.0,0.0,0.0,0.0,0.0,0.0,0.0,0.0,0.0,0.0,0.0,0.0,0.0,0.0,0.0,0.0,0.0,0.0,0.0,0.0,0.0,0.0,0.0,0.0,0.0,0.0,0.0,0.0,0.0,0.0,0.0,0.0,0.0,0.0,0.0,0.0,0.0,0.0,0.0,0.0,0.0,0.0,0.0,0.0,0.0,0.0,0.0,0.0,0.0,0.0,0.0,0.0,0.0,0.0,0.0,0.0,0.0,0.0,0.0,0.0,0.0,0.0,0.0,0.0,0.0,0.0,0.0,0.0,0.0,0.0,0.0,0.0,0.0,0.0,0.0,0.0,0.0,0.0,0.0,0.0,0.0,0.0,0.0,0.0,0.0,0.0,0.0,0.0,0.0,0.0,0.0,0.0,0.0,0.0,0.0,0.0,0.0,0.0,0.0,0.0,0.0,0.0,0.0,0.0,0.0,0.0,0.0,0.0,0.0,0.0,0.0,0.0,0.0,0.0,0.0,0.0,0.0,0.0,0.0,0.0,0.0,0.0,0.00020682979132893164
