s,mu,tauit,xt,tauitp
0.0,9.5,0.0,2.0,0.0
0.005025125628140704,9.5,0.026603241365049025,1.9994418299080758,10.482435178229721
0.010050251256281407,9.5,0.10427508306046067,1.9950145215513564,20.328332572397816
0.01507537688442211,9.5,0.22991437780931892,1.9862706241920496,29.57676883155075
0.020100502512562814,9.5,0.4005212696203382,1.974126054795016,38.223881445536406
0.02512562814070352,9.5,0.6130571265733386,1.9588140007924444,46.26416136021027
0.03015075376884422,9.5,0.8644746906906224,1.9404390063655936,53.698877435997645
0.035175879396984924,9.5,1.1517228128119115,1.9190760387571588,60.524845527999695
0.04020100502512563,9.5,1.471749817989133,1.8947745769278925,66.74599523272302
0.04522613065326633,9.5,1.821502084171204,1.8675791526167924,72.35674016783157
0.05025125628140704,9.5,2.197922097146172,1.8374954596369435,77.35688271560727
0.05527638190954774,9.5,2.59794995121342,1.80451416652104,81.75259328429902
0.06030150753768844,9.5,3.018520896016711,1.7685800296957048,85.53753388996309
0.06532663316582915,9.5,3.4565653041605384,1.729609557673704,88.70376546598018
0.07035175879396985,9.5,3.909001375263276,1.68746321257819,91.26025440405013
0.07537688442211055,9.5,4.372744071969132,1.641918634605807,93.20242663630748
0.08040201005025126,9.5,4.84467963015432,1.5926339958942268,94.51952013152795
0.08542713567839195,9.5,5.321671696435838,1.5391198917569542,95.21195611595226
0.09045226130653267,9.5,5.800526510889326,1.4805799217885436,95.26563213571619
0.09547738693467336,9.5,6.277949403871829,1.4157738164359428,94.6291198096985
0.10050251256281408,9.5,6.750436730276104,1.342482362837645,93.2678641136372
0.10552763819095477,9.5,7.213925512612168,1.2564213056690687,91.00092681110918
0.11055276381909548,9.5,7.662567049825691,1.1479101865757801,87.20964129102636
0.11557788944723618,9.5,8.081647934615425,0.9891384368550127,78.35970649018415
0.12060301507537688,9.5,8.405333469562821,0.7090427946896636,45.48973362467546
0.12562814070351758,9.5,8.555879714694154,0.3254800403319301,18.21614623960321
0.1306532663316583,9.5,8.622365695379418,-0.0608662875334349,9.589354323746592
0.135678391959799,9.5,8.66131139373423,-0.4259816563945086,6.311522860998369
0.1407035175879397,9.5,8.689213149073094,-0.7639994982805596,4.9537145949994095
0.1457286432160804,9.5,8.71215374399774,-1.0712273790715476,4.288899465777146
0.1507537688442211,9.5,8.733184120305328,-1.344371725613652,4.178611613536175
0.15577889447236182,9.5,8.754566947098947,-1.5801792022197443,4.480967048610126
0.16080402010050251,9.5,8.779191226501451,-1.775160104225741,5.560635708255446
0.1658291457286432,9.5,8.813717307676514,-1.9242870714882512,8.66405735925336
0.1708542713567839,9.5,8.878105522661121,-2.0055320187503045,15.164259349613122
0.17587939698492464,9.5,8.934629857481548,-2.014772028049397,6.3443600401915505
0.18090452261306533,9.5,8.948445920722149,-2.0148596927087343,4.169796261436276
0.18592964824120603,9.5,8.994657229201806,-2.013219636264943,14.119116335348439
0.19095477386934673,9.5,9.089356598741041,-2.007159198883504,23.4776517784627
0.19597989949748743,9.5,9.229669074642107,-1.9973860510714432,32.271659127360245
0.20100502512562815,9.5,9.412732720422763,-1.98446563142588,40.49170295885514
0.20603015075376885,9.5,9.635659958274394,-1.968547097519767,48.13697324194042
0.21105527638190955,9.5,9.895550839211227,-1.9497089708281221,55.20494949395902
0.21608040201005024,9.5,10.1895137878977,-1.928014422565329,61.69738087627964
0.22110552763819097,9.5,10.514654108816119,-1.9035254482051942,67.6122142564854
0.22613065326633167,9.5,10.868072194645098,-1.8762651940352235,72.9511576128816
0.23115577889447236,9.5,11.246862754684987,-1.8462529771192633,77.71250377153763
0.23618090452261306,9.5,11.648121964290898,-1.8134548227633402,81.89579016608862
0.24120603015075376,9.5,12.068942092079432,-1.7778427287260659,85.49823733128532
0.24623115577889448,9.5,12.506414587945772,-1.739337076954603,88.52021563835146
0.25125628140703515,9.5,12.957619793827535,-1.6977903279786417,90.96243665380835
0.2562814070351759,9.5,13.419617913355077,-1.6530016070005906,92.81537135121464
0.2613065326633166,9.5,13.889463426119194,-1.6046880103934589,94.08076020056279
0.2663316582914573,9.5,14.36418567296654,-1.5523941644884298,94.75257787415161
0.271356783919598,9.5,14.840756358831586,-1.4954173092722707,94.8200429497857
0.27638190954773867,9.5,15.31608306157093,-1.4326943119861608,94.26108227676146
0.2814070351758794,9.5,15.786894556353671,-1.3623337986577728,92.99677076306617
0.2864321608040201,9.5,16.24951326039263,-1.2808897171361013,90.94487578220786
0.2914572864321608,9.5,16.69900387359123,-1.1808641437630814,87.68329310204652
0.2964824120603015,9.5,17.12517961642739,-1.0424967141131112,80.75339774714163
0.3015075376884422,9.5,17.485670332295584,-0.8076617854407244,56.926807209913086
0.3065326633165829,9.5,17.6810871508342,-0.44500815560791346,23.431297706880173
0.31155778894472363,9.5,17.763112238005295,-0.059135633419882344,11.479006403276765
0.3165829145728643,9.5,17.807626598200482,0.3093578918354549,7.059710826536111
0.32160804020100503,9.5,17.83788360501372,0.6526870337657789,5.278263660608768
0.32663316582914576,9.5,17.861796843352558,0.9669999345470622,4.399248319601556
0.3316582914572864,9.5,17.882971351637625,1.2491074677034415,4.09340826667891
0.33668341708542715,9.5,17.903692108582867,1.4959093954332254,4.083144786389207
0.3417085427135678,9.5,17.926339382207512,1.7042370810946739,4.966060137977673
0.34673366834170855,9.5,17.955124525428708,1.8702323781001664,7.083220856521992
0.35175879396984927,9.5,18.00399427513538,1.983626502035327,13.916612237416933
0.35678391959798994,9.5,18.07362039337234,2.013814972215621,10.60655726917425
0.36180904522613067,9.5,18.101780081011373,2.0148748858188523,0.47452998597352686
0.36683417085427134,9.5,18.125428801184352,2.0144178565930955,9.74555964011615
0.37185929648241206,9.5,18.19880793122891,2.0103820652015076,19.36127531973546
0.3768844221105528,9.5,18.319071566477344,2.0021411764640606,28.409559135780903
0.38190954773869346,9.5,18.483374779656764,1.9906039373329547,36.88703746579121
0.3869346733668342,9.5,18.68883314504604,1.9760140664417423,44.789207703727186
0.39195979899497485,9.5,18.932556057622882,1.958470207481187,52.11561278362979
0.3969849246231156,9.5,19.211644164345188,1.938043042096197,58.86570369084612
0.4020100502512563,9.5,19.523207335269444,1.9148038077040013,65.04002382540584
0.40703517587939697,9.5,19.864349526951667,1.8887777314489405,70.63801727375282
0.4120603015075377,9.5,20.232161972490573,1.8599944851083217,75.65595312373682
0.41708542713567837,9.5,20.62374893263518,1.8284388310425943,80.09614829128422
0.4221105527638191,9.5,21.036194556295033,1.7940997213768375,83.95868306893944
0.4271356783919598,9.5,21.466599341700462,1.7568888300669667,87.24077287336127
0.4321608040201005,9.5,21.91202940068136,1.7167234589274283,89.94259263576248
0.4371859296482412,9.5,22.369562626843898,1.6734112156469094,92.05836230925965
0.44221105527638194,9.5,22.83626214291274,1.6267245280517066,93.59059266298011
0.4472361809045226,9.5,23.30917508954629,1.5762647154126044,94.52717982661106
0.45226130653266333,9.5,23.785303756685614,1.5214850551048948,94.86813028949389
0.457286432160804,9.5,24.26157686921084,1.4614985022981537,94.58400251364915
0.4623115577889447,9.5,24.73483287587372,1.3948491851992886,93.64586111495908
0.46733668341708545,9.5,25.201597652815867,1.3189473175001079,91.97510659377626
0.4723618090452261,9.5,25.657720238308553,1.2286134980348125,89.31337139163526
0.47738693467336685,9.5,26.096392463625584,1.1114054317875914,84.6770533917781
0.4824120603015075,9.5,26.496601039583563,0.9303901677009985,71.83141826856729
0.48743718592964824,9.5,26.772591022086466,0.6157427380395737,36.96415654970258
0.49246231155778897,9.5,26.89113974407208,0.23017000455148115,15.28490386366739
0.49748743718592964,9.5,26.94765046261912,-0.1476682558997483,8.454637939965604
0.5025125628140703,9.5,26.982808235121755,-0.5027998611691932,5.94753646596283
0.507537688442211,9.5,27.008964718923707,-0.8304828165823623,4.682123634517945
0.5125628140703518,9.5,27.03104022151848,-1.127350340604692,4.192358152004353
0.5175879396984925,9.5,27.051711910690468,-1.3903066224658096,4.075043393963669
0.5226130653266332,9.5,27.07314227643679,-1.6162214324213353,4.636874202724564
0.5276381909547738,9.5,27.09836199271033,-1.801707871351051,5.581333229920629
0.5326633165829145,9.5,27.135170941319316,-1.9412233907328904,9.744603795228878
0.5376884422110553,9.5,27.20261386926155,-2.0088857169769736,14.431435546367062
0.542713567839196,9.5,27.25283437822968,-2.0148349742167357,5.084037259960883
0.5477386934673367,9.5,27.265894305600213,-2.014831281179637,5.259951068008414
0.5527638190954773,9.5,27.317418615410002,-2.012775408686848,15.144725660070295
0.5577889447236181,9.5,27.417118797714615,-2.006260260024421,24.443189367695346
0.5628140703517588,9.5,27.56213079843784,-1.9961390923547346,33.17635739306622
0.5678391959798995,9.5,27.74958839773489,-1.982893638788857,41.33583161764978
0.5728643216080402,9.5,27.976599148713223,-1.9666598165725626,48.918975078079654
0.5778894472361809,9.5,28.240267911284946,-1.9475122266092892,55.92568000280619
0.5829145728643216,9.5,28.537702375580086,-1.9255165726450412,62.35719106424818
0.5879396984924623,9.5,28.866004412143788,-1.9007299451366857,68.21054343395039
0.592964824120603,9.5,29.222270049913387,-1.8731747145176383,73.48803438027917
0.5979899497487438,9.5,29.603605194941178,-1.8428666638731814,78.18748877383493
0.6030150753768844,9.5,30.00710552963729,-1.8097683722658593,82.30924287950702
0.6080402010050251,9.5,30.42985763373101,-1.7738489593882834,85.84955152156472
0.6130653266331658,9.5,30.868945030784555,-1.7350240547230604,88.8086427665295
0.6180904522613065,9.5,31.3214420258904,-1.6931431022005132,91.18784719624125
0.6231155778894473,9.5,31.78442905931397,-1.6479902348137327,92.98298947733346
0.628140703517588,9.5,32.25494118310968,-1.5992721412271707,94.18749605795111
0.6331658291457286,9.5,32.730009753038026,-1.5465107230581085,94.78775586168489
0.6381909547738693,9.5,33.20659357098791,-1.488994696927128,94.79124384397551
0.6432160804020101,9.5,33.68157674732626,-1.425545784314054,94.14693936300296
0.6482412060301508,9.5,34.15167932257127,-1.3542157692518288,92.84942010829218
0.6532663316582915,9.5,34.61315490566117,-1.2712505748432623,90.68360672294946
0.6582914572864321,9.5,35.060826866904975,-1.1684397025985287,87.27185636068187
0.6633165829145728,9.5,35.48317458056442,-1.0234820008817844,79.57433169360309
0.6683417085427136,9.5,35.83025867124944,-0.7733855709661963,52.666217788034196
0.6733668341708543,9.5,36.00795937968305,-0.4033534026247563,21.74498415224273
0.678391959798995,9.5,36.083723771832496,-0.01857204254687968,10.568953225352418
0.6834170854271356,9.5,36.12604733553514,0.3474647018225169,6.744043051983412
0.6884422110552764,9.5,36.15535888232414,0.6878450027606919,5.145903676222372
0.6934673366834171,9.5,36.178847933178034,0.9988503588223338,4.349038286663261
0.6984924623115578,9.5,36.19987048584126,1.2773078520325043,4.123442048748758
0.7035175879396985,9.5,36.22068714588713,1.5201368490179894,4.326619354646063
0.7085427135678392,9.5,36.243696352308085,1.7241175162856048,5.1501402839047
0.7135678391959799,9.5,36.27363377406852,1.885237778597723,7.224165161422768
0.7185929648241206,9.5,36.32628997390856,1.9909994483757356,14.417556844128594
0.7236180904522613,9.5,36.393708722418005,2.0142230701037227,9.56105089987508
0.7286432160804021,9.5,36.41656544443013,2.0148750691490784,0.6542171734872889
0.7336683417085427,9.5,36.44562549161778,2.014213105599534,10.811316666291797
0.7386934673366834,9.5,36.52419823722188,2.009677269876455,20.364173925867426
0.7437185929648241,9.5,36.64934896139589,2.001053240538153,29.351658027872393
0.7487437185929648,9.5,36.81823069182025,1.9891799248582203,37.767592268275465
0.7537688442211056,9.5,37.02795761738048,1.9742650666192267,45.60795438040314
0.7587939698492462,9.5,37.27563565250633,1.956406979388996,52.87315199582443
0.7638190954773869,9.5,37.55837443058908,1.935679024838284,59.56028019685212
0.7688442211055276,9.5,37.8732715524021,1.9121338788167097,65.6728657178843
0.7738693467336684,9.5,38.217430508824,1.8858115583893507,71.20665304686658
0.7788944723618091,9.5,38.58795454658085,1.8567230978801401,76.16343833360825
0.7839195979899497,9.5,38.981934938929236,1.8248769237771876,80.54162396781096
0.7889447236180904,9.5,39.39646375397595,1.7902274727497458,84.341340229166
0.7939698492462312,9.5,39.8286283498247,1.7527051393748054,87.56099136054823
0.7989949748743719,9.5,40.27550909601778,1.712207492888385,90.19877815663396
0.8040201005025126,9.5,40.73418258027122,1.6685456483043013,92.25270081284422
0.8090452261306532,9.5,41.20171519105191,1.6214678513407452,93.71898254416092
0.8140703517587939,9.5,41.675131287334246,1.570578313695721,94.60169644913202
0.8190954773869347,9.5,42.15143008532787,1.5152915764933315,94.87423465630147
0.8241206030150754,9.5,42.627521690025006,1.454668375191205,94.53259460989385
0.8291457286432161,9.5,43.10023687229798,1.3871784494502426,93.52710840166826
0.8341708542713567,9.5,43.56605285279877,1.3100481150367633,91.74393406267114
0.8391959798994975,9.5,44.02068462973875,1.2176328589679266,88.97113466714461
0.8442211055276382,9.5,44.45675558604812,1.0960634218779133,83.89194792655061
0.8492462311557789,9.5,44.849439830519465,0.9037349879547765,69.46797208801753
0.8542713567839196,9.5,45.10584527651416,0.5752428517716149,32.35505000437028
0.8592964824120602,9.5,45.21372395136416,0.18860356438874498,14.400022071341787
0.864321608040201,9.5,45.26682017982077,-0.18710184042780517,8.005865343183446
0.8693467336683417,9.5,45.30063176759031,-0.5394389209800741,5.654461518728966
0.8743718592964824,9.5,45.326179076217365,-0.8639357760974578,4.603804482457848
0.8793969849246231,9.5,45.34798694864559,-1.1572889371571493,4.126503018654013
0.8844221105527639,9.5,45.36861587033918,-1.4163751308427002,4.158789417075553
0.8894472361809045,9.5,45.390309334505034,-1.6380778956219944,4.525372892302291
0.8944723618090452,9.5,45.41622106932574,-1.818931103974046,5.88164246003792
0.8994974874371859,9.5,45.455284466909895,-1.9527318215424203,10.510825801045739
0.9045226130653267,9.5,45.52470448035048,-2.010745284639946,13.621043749521961
0.9095477386934674,9.5,45.56971593613718,-2.0148585227702176,3.9720754344474005
0.914572864321608,9.5,45.58952184205466,-2.0146584596999233,10.173118113071306
0.9195979899497487,9.5,45.67881906290044,-2.009858514433121,25.03940002843996
0.9246231155778895,9.5,45.83796303732414,-1.9988652347096256,37.97952538596201
0.9296482412060302,9.5,46.05728520543957,-1.9833886922118276,48.988032946293195
0.9346733668341709,9.5,46.327058494525076,-1.9640795670588431,58.05903533803737
0.9396984924623115,9.5,46.63755365215939,-1.9414483499430994,65.19351388143811
0.9447236180904522,9.5,46.97903052629527,-1.9160261595944916,70.39084650663868
0.949748743718593,9.5,47.34175964466318,-1.88836330258298,73.65045370893715
0.9547738693467337,9.5,47.71601295586146,-1.859051343032174,74.97563824784251
0.9597989949748744,9.5,48.09205069396246,-1.8287509117350302,74.36509298850581
0.964824120603015,9.5,48.46016144600984,-1.7981642830117974,71.81825145807855
0.9698492462311558,9.5,48.81061592830829,-1.7681143661359429,67.34058216983682
0.9748743718592965,9.5,49.133720015941925,-1.739518502241686,60.93308119619642
0.9798994974874372,9.5,49.41978346490361,-1.713420824699668,52.59679902208799
0.9849246231155779,9.5,49.65911463774766,-1.6909563133318786,42.33434712114734
0.9899497487437185,9.5,49.842047523935754,-1.6733727091060153,30.14957436520173
0.9949748743718593,9.5,49.9588969116726,-1.6619318809262498,16.03733033772427
1.0,9.5,50.0,-1.6578744986001999,0.0
0.0,9.520408163265307,0.0,2.0,0.0
0.005025125628140704,9.520408163265307,0.026548722901834017,1.9994441264068095,10.461155082551489
0.010050251256281407,9.520408163265307,0.10406545298733443,1.9950349646824594,20.288281254807316
0.01507537688442211,9.520408163265307,0.22946089458977095,1.9863268736239192,29.520201551949988
0.020100502512562814,9.520408163265307,0.3997467432223661,1.9742318688140397,38.15309430163518
0.02512562814070352,9.520408163265307,0.6118961523723662,1.9589821756557173,46.18143832285516
0.03015075376884422,9.520408163265307,0.8628729442797831,1.9406813540181727,53.606345935570666
0.035175879396984924,9.520408163265307,1.1496383572551971,1.9194057560436917,60.425592842767614
0.04020100502512563,9.520408163265307,1.4691520464335732,1.8952011111621094,66.64075411726985
0.04522613065326633,9.520408163265307,1.8183716001055212,1.8681162031176102,72.24990883164458
0.05025125628140704,9.520408163265307,2.194252508938983,1.8381622998098397,77.250217428738
0.05527638190954774,9.520408163265307,2.5937457925993734,1.8053122086611186,81.6476768083114
0.06030150753768844,9.520408163265307,3.0137981153353186,1.769533252585601,85.43325370429172
0.06532663316582915,9.520408163265307,3.4513541863117316,1.7307420544984238,88.60970667851619
0.07035175879396985,9.520408163265307,3.9033443486628117,1.68878661247877,91.17742706173031
0.07537688442211055,9.520408163265307,4.366689949953581,1.6434472821222499,93.13531374320672
0.08040201005025126,9.520408163265307,4.838297229898529,1.5944167392646336,94.46865755893307
0.08542713567839195,9.520408163265307,5.315040111722229,1.541182915600908,95.1757991164682
0.09045226130653267,9.520408163265307,5.793743208835929,1.4830058165497737,95.23495184890474
0.09547738693467336,9.520408163265307,6.271126794881145,1.4186428547717582,94.65618189441969
0.10050251256281408,9.520408163265307,6.7437187918140635,1.345947634815237,93.32498884529808
0.10552763819095477,9.520408163265307,7.2075194448664694,1.2608438076739932,91.11221511110506
0.11055276381909548,9.520408163265307,7.656843300341666,1.1540218749130378,87.31383222494641
0.11557788944723618,9.520408163265307,8.077983969741844,0.9993809275672763,78.5669090322902
0.12060301507537688,9.520408163265307,8.409367343904037,0.727163606918528,47.66178103515125
0.12562814070351758,9.520408163265307,8.567027115672682,0.3459623728829401,19.313543505404613
0.1306532663316583,9.520408163265307,8.635755588765146,-0.04088270328914226,9.948267203292321
0.135678391959799,9.520408163265307,8.67547876711615,-0.40701203322261426,6.481801824096631
0.1407035175879397,9.520408163265307,8.703707589164532,-0.7463002920167195,4.972317785390638
0.1457286432160804,9.520408163265307,8.726752066156669,-1.05503534641142,4.307762446559226
0.1507537688442211,9.520408163265307,8.747779320641396,-1.3299218254007141,4.1540736253481665
0.15577889447236182,9.520408163265307,8.769047216693163,-1.5677124200938433,4.491125644020913
0.16080402010050251,9.520408163265307,8.793260798155613,-1.764977766893093,5.514391142398708
0.1658291457286432,9.520408163265307,8.82674331790636,-1.9169078228886298,8.712197142445103
0.1708542713567839,9.520408163265307,8.889030978724639,-2.003510813471912,15.500581477970778
0.17587939698492464,9.520408163265307,8.948173004619909,-2.0146989210043262,6.97503333988248
0.18090452261306533,9.520408163265307,8.962837381878847,-2.0148425196181305,3.5250856931014063
0.18592964824120603,9.520408163265307,9.005855660469198,-2.01341892296495,13.493556935675548
0.19095477386934673,9.520408163265307,9.097458244552305,-2.0076489487228577,22.87081785517783
0.19597989949748743,9.520408163265307,9.234772205882164,-1.9981187802149492,31.685713387447787
0.20100502512562815,9.520408163265307,9.414948045051448,-1.9854423361589868,39.92873529664158
0.20603015075376885,9.520408163265307,9.635108699572523,-1.9697656224409734,47.59849250180671
0.21105527638190955,9.520408163265307,9.892366732892475,-1.9511755020203991,54.69481665408893
0.21608040201005024,9.520408163265307,10.183845425399062,-1.9297483328950407,61.2162438416803
0.22110552763819097,9.520408163265307,10.5066493953416,-1.90552732919363,67.16347272804654
0.22613065326633167,9.520408163265307,10.85789222473505,-1.8785438301803032,72.53569038625447
0.23115577889447236,9.520408163265307,11.23468578362106,-1.8488211816738787,77.33242213106189
0.23618090452261306,9.520408163265307,11.634137015692101,-1.8163352003142004,81.55344843092297
0.24120603015075376,9.520408163265307,12.05334996401498,-1.781045683849557,85.19579205522514
0.24623115577889448,9.520408163265307,12.489421239155835,-1.7428724357078615,88.26237145038728
0.25125628140703515,9.520408163265307,12.939437356016578,-1.7017003529282886,90.74671920273167
0.2562814070351759,9.520408163265307,13.400482625146603,-1.6573333590789525,92.65648976638931
0.2613065326633166,9.520408163265307,13.86961747877273,-1.6094815410077474,93.97191407053965
0.2663316582914573,9.520408163265307,14.34388543008699,-1.5577105182194537,94.68878189526299
0.271356783919598,9.520408163265307,14.820281972572436,-1.5013789634805828,94.81786989408725
0.27638190954773867,9.520408163265307,15.295734133565313,-1.4394529710610167,94.32252265565903
0.2814070351758794,9.520408163265307,15.767002941714665,-1.370180986995367,93.12957126442481
0.2864321608040201,9.520408163265307,16.230494294325272,-1.2903497172715668,91.21982829933151
0.2914572864321608,9.520408163265307,16.681530110561482,-1.1931997220340975,88.04036007219932
0.2964824120603015,9.520408163265307,17.111042982570773,-1.061160703383571,82.00896882859902
0.3015075376884422,9.520408163265307,17.483643337027246,-0.8418451095042498,62.273828783446135
0.3065326633165829,9.520408163265307,17.69859812214365,-0.48902650915508544,26.004056214749724
0.31155778894472363,9.520408163265307,17.787954490064617,-0.10266288889700806,11.973060025541423
0.3165829145728643,9.520408163265307,17.834939273915722,0.2680573850966025,7.478393805535556
0.32160804020100503,9.520408163265307,17.866221491276946,0.6141992435713861,5.35596378521921
0.32663316582914576,9.520408163265307,17.89057021681232,0.9317563496426587,4.441375167401245
0.3316582914572864,9.520408163265307,17.911863810204768,1.2175085767375513,4.0895264717907605
0.33668341708542715,9.520408163265307,17.932465377465146,1.4683863564550992,4.229511581990798
0.3417085427135678,9.520408163265307,17.9546383889883,1.6812341764310033,4.52801257286119
0.34673366834170855,9.520408163265307,17.982187430384986,1.8523893374516178,6.2822633301187425
0.35175879396984927,9.520408163265307,18.02690989749079,1.9735375478310317,12.46320053458046
0.35678391959798994,9.520408163265307,18.097499011901782,2.013039925236117,11.74518090778001
0.36180904522613067,9.520408163265307,18.13177802343239,2.0148511386513817,1.7442753137370977
0.36683417085427134,9.520408163265307,18.150464777038952,2.0145823795328037,8.512850083961839
0.37185929648241206,9.520408163265307,18.217789692802913,2.0111399044028,18.182886137944326
0.3768844221105528,9.520408163265307,18.332259025923484,2.0033811175188174,27.28341741102047
0.38190954773869346,9.520408163265307,18.4910426480246,1.9922723193870877,35.81721769330084
0.3869346733668342,9.520408163265307,18.69127125071819,1.9781058853005455,43.77813947877929
0.39195979899497485,9.520408163265307,18.9300601046364,1.9609843543855454,51.16549048403815
0.3969849246231156,9.520408163265307,19.204527409092194,1.9409932252545088,57.97757398921339
0.4020100502512563,9.520408163265307,19.51179055430292,1.9181786253076187,64.21640746020407
0.40703517587939697,9.520408163265307,19.848955875462487,1.8925979769706254,69.87972477092835
0.4120603015075377,9.520408163265307,20.21314506293305,1.8642640381864448,74.96903086204405
0.41708542713567837,9.520408163265307,20.601456008428645,1.8331882778152462,79.4828341814494
0.4221105527638191,9.520408163265307,21.0109956218448,1.7993233304011107,83.41929687731194
0.4271356783919598,9.520408163265307,21.43886401950025,1.7626348062160593,86.78124679038964
0.4321608040201005,9.520408163265307,21.882155292519734,1.7230063923494274,89.55614869057533
0.4371859296482412,9.520408163265307,22.33796849128754,1.680287517509353,91.75683990845712
0.44221105527638194,9.520408163265307,22.803357522098253,1.63425406927062,93.36994641243959
0.4472361809045226,9.520408163265307,23.275378482846317,1.5845343018827238,94.3968201526956
0.45226130653266333,9.520408163265307,23.751055365180676,1.5306253434638841,94.82538932711829
0.457286432160804,9.520408163265307,24.227359599378588,1.4717108990393075,94.63945535206192
0.4623115577889447,9.520408163265307,24.701164493940894,1.4064562651252988,93.82467653339049
0.46733668341708545,9.520408163265307,25.169085057838185,1.3325365710115713,92.31089870814209
0.4723618090452261,9.520408163265307,25.627155634510196,1.2454240707104933,89.82114908154405
0.47738693467336685,9.520408163265307,26.06935694411381,1.134590373791796,85.72524513110409
0.4824120603015075,9.520408163265307,26.479424726650713,0.9698302879545047,75.11618851540909
0.48743718592964824,9.520408163265307,26.785539307345157,0.6799958526846265,43.68199275587577
0.49246231155778897,9.520408163265307,26.924050518092596,0.2982663526336998,17.095523824937505
0.49748743718592964,9.520408163265307,26.98690284953527,-0.08238798730300828,9.197825564208284
0.5025125628140703,9.520408163265307,27.02446955084297,-0.4416412232807282,6.243633389747138
0.507537688442211,9.520408163265307,27.05168452553978,-0.7741485023079019,4.875279747887924
0.5125628140703518,9.520408163265307,27.074190151279524,-1.0764670952833897,4.215264994423949
0.5175879396984925,9.520408163265307,27.094878052622203,-1.3454676192896724,4.098359747425213
0.5226130653266332,9.520408163265307,27.115918071706034,-1.5780645642889408,4.2817981598618235
0.5276381909547738,9.520408163265307,27.14006101744375,-1.7709606890430232,5.15530989165391
0.5326633165829145,9.520408163265307,27.173456112752987,-1.9194683415531153,8.686110020161435
0.5376884422110553,9.520408163265307,27.235366266648008,-2.003734784497593,15.141723882012387
0.542713567839196,9.520408163265307,27.29370546742306,-2.014690601364498,6.94387608418349
0.5477386934673367,9.520408163265307,27.308322744322837,-2.014845057051973,3.359090164821129
0.5527638190954773,9.520408163265307,27.350531379636507,-2.0134789621270976,13.336956191272568
0.5577889447236181,9.520408163265307,27.441370483110067,-2.007781656486373,22.723300534923045
0.5628140703517588,9.520408163265307,27.577964928627974,-1.9983052212994596,31.546835951464526
0.5678391959798995,9.520408163265307,27.757466475611448,-1.9856748191592364,39.799204626744746
0.5728643216080402,9.520408163265307,27.976995992572085,-1.9700491791211192,47.47817271145052
0.5778894472361809,9.520408163265307,28.233671403916695,-1.9515083968725107,54.58443872708458
0.5829145728643216,9.520408163265307,28.524612410888594,-1.9301264458279588,61.114037040165044
0.5879396984924623,9.520408163265307,28.84692716321225,-1.9059502604089236,67.07198184464981
0.592964824120603,9.520408163265307,29.197728368099778,-1.8790165066471984,72.45316163313383
0.5979899497487438,9.520408163265307,29.574126835216955,-1.8493324853954685,77.25742252472789
0.6030150753768844,9.520408163265307,29.973229879928137,-1.8168937610091451,81.48981837609429
0.6080402010050251,9.520408163265307,30.392142743915546,-1.781647728249585,85.14383724721517
0.6130653266331658,9.520408163265307,30.827953540822506,-1.7435334178949888,88.21487649886944
0.6180904522613065,9.520408163265307,31.277766530301864,-1.702412725896985,90.71175965185077
0.6231155778894473,9.520408163265307,31.738655086294862,-1.6580903530953084,92.62162980313198
0.628140703517588,9.520408163265307,32.207674036731014,-1.6103015022848324,93.94708998568241
0.6331658291457286,9.520408163265307,32.681877501092046,-1.5586077595058814,94.68742925708817
0.6381909547738693,9.520408163265307,33.15825358447488,-1.5023563843459806,94.8102135701186
0.6432160804020101,9.520408163265307,33.63372364999566,-1.440527778841921,94.31899527481932
0.6482412060301508,9.520408163265307,34.10507035180211,-1.371399639854042,93.17555817581741
0.6532663316582915,9.520408163265307,34.5687004129106,-1.2917970647788266,91.20388272106914
0.6582914572864321,9.520408163265307,35.01998757927149,-1.1950150570854425,88.16436571207998
0.6633165829145728,9.520408163265307,35.450012881385454,-1.063901183733969,82.0793391595541
0.6683417085427136,9.520408163265307,35.82430133624136,-0.8466748004033141,63.1093771321128
0.6733668341708543,9.520408163265307,36.04225677550629,-0.4954030535159258,27.02280672561191
0.678391959798995,9.520408163265307,36.13281286282566,-0.10893984226647774,12.091386797933428
0.6834170854271356,9.520408163265307,36.180187869732144,0.26214049387525235,7.343593371609674
0.6884422110552764,9.520408163265307,36.21162362670421,0.6087212490574516,5.342573378558236
0.6934673366834171,9.520408163265307,36.23605657859003,0.9267923274431896,4.47310933255621
0.6984924623115578,9.520408163265307,36.25738680255731,1.2131056764707797,4.125706153670602
0.7035175879396985,9.520408163265307,36.277997317909865,1.4645872005518792,4.171101574716921
0.7085427135678392,9.520408163265307,36.30010061113608,1.6781179693836785,4.87757942103512
0.7135678391959799,9.520408163265307,36.32753352044228,1.8500181955380637,6.622897449615614
0.7185929648241206,9.520408163265307,36.371810939047556,1.9721896911111338,12.550465434040662
0.7236180904522613,9.520408163265307,36.44249619466011,2.012932134243574,11.904757289486504
0.7286432160804021,9.520408163265307,36.47762860315028,2.014851358580868,1.9216170221143667
0.7336683417085427,9.520408163265307,36.4957462879467,2.014598719420067,8.342148790819765
0.7386934673366834,9.520408163265307,36.5622397496629,2.011229322092663,18.02233644665963
0.7437185929648241,9.520408163265307,36.675929690221004,2.003533230390167,27.132752587187774
0.7487437185929648,9.520408163265307,36.83398081992838,1.9924778224092496,35.67627867221643
0.7537688442211056,9.520408163265307,37.03352383210547,1.978363211332256,43.646973332782245
0.7587939698492462,9.520408163265307,37.271678597720964,1.9612922609100587,51.04479472846012
0.7638190954773869,9.520408163265307,37.54556461234193,1.941344653584215,57.86609905957324
0.7688442211055276,9.520408163265307,37.85229327207364,1.9185847124942095,64.11599565737227
0.7738693467336684,9.520408163265307,38.18897804825143,1.8930475910015452,69.7907892233558
0.7788944723618091,9.520408163265307,38.552728862625344,1.864764811878786,74.88755719503719
0.7839195979899497,9.520408163265307,38.940652437709794,1.8337233453534731,79.41018715515219
0.7889447236180904,9.520408163265307,39.34985789472947,1.799915554965068,83.35537656495254
0.7939698492462312,9.520408163265307,39.777445486958825,1.7632713459707094,86.7239552714019
0.7989949748743719,9.520408163265307,40.22050089690205,1.723699020805635,89.51491566510705
0.8040201005025126,9.520408163265307,40.67611957084683,1.6810353652703856,91.72333917298316
0.8090452261306532,9.520408163265307,41.14138831245329,1.6350488989296015,93.35509591715038
0.8140703517587939,9.520408163265307,41.61332928893231,1.5854038980017797,94.38404867169207
0.8190954773869347,9.520408163265307,42.08899338568875,1.531568442145549,94.82527835892203
0.8241206030150754,9.520408163265307,42.565324080482654,1.4727307509616219,94.65807692305602
0.8291457286432161,9.520408163265307,43.0392145274035,1.4075903507974874,93.83338498189786
0.8341708542713567,9.520408163265307,43.507249570374455,1.3338501703451808,92.30443347776941
0.8391959798994975,9.520408163265307,43.96551317730599,1.2470071474182727,89.90897569312983
0.8442211055276382,9.520408163265307,44.40804564577638,1.136771190721779,85.77762163644694
0.8492462311557789,9.520408163265307,44.81897200729971,0.9733563710953766,76.30281645090126
0.8542713567839196,9.520408163265307,45.12779759568246,0.6859230266513688,42.85291634949478
0.8592964824120602,9.520408163265307,45.268488181686976,0.3046812952261007,17.181628889979695
0.864321608040201,9.520408163265307,45.33200097251951,-0.07625738919031133,9.210166185095048
0.8693467336683417,9.520408163265307,45.36981188408221,-0.4358825276759168,6.229185580990337
0.8743718592964824,9.520408163265307,45.39714154372105,-0.7688758223388545,4.877507229378423
0.8793969849246231,9.520408163265307,45.41970003031547,-1.0717239823466593,4.223342165694599
0.8844221105527639,9.520408163265307,45.44040102688501,-1.3413216865010513,4.087710060538452
0.8894472361809045,9.520408163265307,45.46141944374203,-1.5745411834081726,4.25476924628458
0.8944723618090452,9.520408163265307,45.485486403016886,-1.7681211424821406,5.243239476748629
0.8994974874371859,9.520408163265307,45.518620178112116,-1.9174564049134744,8.339524052920254
0.9045226130653267,9.520408163265307,45.57996539767213,-2.003147057987733,15.268352856459238
0.9095477386934674,9.520408163265307,45.638977785599096,-2.014673675786344,7.110455539980666
0.914572864321608,9.520408163265307,45.655513787626724,-2.014836834059257,5.2486013539132435
0.9195979899497487,9.520408163265307,45.72228274297822,-2.012027709510226,20.97834721593354
0.9246231155778895,9.520408163265307,45.86298494974416,-2.002551375757546,34.69084369936205
0.9296482412060302,9.520408163265307,46.06759063647,-1.9882031410850436,46.407749947675384
0.9346733668341709,9.520408163265307,46.32603517884333,-1.969821825420093,56.11898334954105
0.9396984924623115,9.520408163265307,46.62823250265736,-1.9479559614688817,63.821600398324534
0.9447236180904522,9.520408163265307,46.96409767759648,-1.9231552952789157,69.51785072301512
0.949748743718593,9.520408163265307,47.32354785528123,-1.895985012454062,73.20847009217512
0.9547738693467337,9.520408163265307,47.696498959312315,-1.8670606756462311,74.89225067962496
0.9597989949748744,9.520408163265307,48.072872076453194,-1.8370269831618815,74.56940485221358
0.964824120603015,9.520408163265307,48.442595381781224,-1.806632192912954,72.24634990296674
0.9698492462311558,9.520408163265307,48.795602166697066,-1.776703285672602,67.91845632441276
0.9748743718592965,9.520408163265307,49.1218269297665,-1.7481654205882469,61.58928169652396
0.9798994974874372,9.520408163265307,49.411237390848534,-1.7220644991738692,53.26209657829135
0.9849246231155779,9.520408163265307,49.65378155877979,-1.6995823983976415,42.93991148268572
0.9899497487437185,9.520408163265307,49.83943919538641,-1.681955552814867,30.61956994795894
0.9949748743718593,9.520408163265307,49.958186592659004,-1.6704844102390344,16.308131241260348
1.0,9.520408163265307,50.0,-1.6664021366432527,0.0
0.0,9.540816326530612,0.0,2.0,0.0
0.005025125628140704,9.540816326530612,0.02649523153108799,1.9994463783929204,10.440273384689045
0.010050251256281407,9.540816326530612,0.10385976815527302,1.9950550760706238,20.248978142879384
0.01507537688442211,9.540816326530612,0.22901597488631897,1.9863822999522172,29.464683898004406
0.020100502512562814,9.540816326530612,0.3989868116165195,1.9743362065761092,38.08361230605846
0.02512562814070352,9.540816326530612,0.6107565149142465,1.9591481214109623,46.10023201485451
0.03015075376884422,9.540816326530612,0.8613005247407024,1.9409207118998502,53.515511011169444
0.035175879396984924,9.540816326530612,1.1475915843557998,1.9197307674118542,60.328215767459085
0.04020100502512563,9.540816326530612,1.4666010169729287,1.8956233009065677,66.53745107255634
0.04522613065326633,9.540816326530612,1.815297473982498,1.868647832781202,72.14356380220616
0.05025125628140704,9.540816326530612,2.190648745150986,1.8388185172272613,77.14617053685872
0.05527638190954774,9.540816326530612,2.589616250140689,1.8061043295977854,81.54213715656972
0.06030150753768844,9.540816326530612,3.0091602901899637,1.770480743591214,85.33295997049134
0.06532663316582915,9.540816326530612,3.446233297353607,1.7318575290936258,88.5194990375237
0.07035175879396985,9.540816326530612,3.8977819135826945,1.6900872518202985,91.09754259455114
0.07537688442211055,9.540816326530612,4.3607403711948844,1.6449597274853847,93.05788672346995
0.08040201005025126,9.540816326530612,4.832021931559425,1.5961678486015387,94.40871085300356
0.08542713567839195,9.540816326530612,5.30851887653768,1.5432271747921391,95.12889868061589
0.09045226130653267,9.540816326530612,5.7870675103922276,1.4853972779396318,95.22621170183155
0.09547738693467336,9.540816326530612,6.2644083438305955,1.4214601036506127,94.64280331296098
0.10050251256281408,9.540816326530612,6.737101229152206,1.3493735775339797,93.34239386712335
0.10552763819095477,9.540816326530612,7.20118905455063,1.2651549440222958,91.15932891192993
0.11055276381909548,9.540816326530612,7.65116520733343,1.1599682068578834,87.52213073784758
0.11557788944723618,9.540816326530612,8.074184888319886,1.0091768831992198,79.07893606322861
0.12060301507537688,9.540816326530612,8.412944107493598,0.7448855212250146,49.91001743761015
0.12562814070351758,9.540816326530612,8.578036310685315,0.3663696284046514,20.508150528092962
0.1306532663316583,9.540816326530612,8.649089367216405,-0.02093266113083095,10.072445086933396
0.135678391959799,9.540816326530612,8.689637836685545,-0.38804007042348143,6.485217656746724
0.1407035175879397,9.540816326530612,8.718186726495077,-0.7285684620832097,5.068098229465266
0.1457286432160804,9.540816326530612,8.74135461765939,-1.0387694720399687,4.312547642396744
0.1507537688442211,9.540816326530612,8.762366813367956,-1.3153540700192679,4.153580306959433
0.15577889447236182,9.540816326530612,8.783490699155852,-1.555088550639642,4.459671938054529
0.16080402010050251,9.540816326530612,8.807352947780894,-1.7545781893369345,5.182027305015555
0.1658291457286432,9.540816326530612,8.839817808097568,-1.9092289860394356,7.9752962035600685
0.1708542713567839,9.540816326530612,8.899809708627712,-2.001078647973436,15.530562390676431
0.17587939698492464,9.540816326530612,8.961325909219802,-2.0146039108320313,7.5915724724718885
0.18090452261306533,9.540816326530612,8.977212189318385,-2.014824601214168,2.889918023288929
0.18592964824120603,9.540816326530612,9.017081418222288,-2.013608046722925,12.876102595361997
0.19095477386934673,9.540816326530612,9.105623860558039,-2.0081319124890133,22.270245574802917
0.19597989949748743,9.540816326530612,9.239967945564654,-1.9988426461165945,31.10458740570872
0.20100502512562815,9.540816326530612,9.41727768554465,-1.9864004370680912,39.36966231397187
0.20603015075376885,9.540816326530612,9.634687806306566,-1.9709684188645844,47.0637374374337
0.21105527638190955,9.540816326530612,9.889322804243362,-1.952629092318321,54.18633613942066
0.21608040201005024,9.540816326530612,10.178311441127681,-1.9314605812293049,60.73616086912565
0.22110552763819097,9.540816326530612,10.498777189039975,-1.9075044045015335,66.71549767158658
0.22613065326633167,9.540816326530612,10.847842616422303,-1.8808030070109796,72.1198343528951
0.23115577889447236,9.540816326530612,11.2226280348403,-1.851361279287179,76.95027687529829
0.23618090452261306,9.540816326530612,11.620250964711149,-1.8191825759803923,81.2087952226022
0.24120603015075376,9.540816326530612,12.037829603949497,-1.7842162395130543,84.89268385798506
0.24623115577889448,9.540816326530612,12.472473723458542,-1.7463884443143203,87.99792109246977
0.25125628140703515,9.540816326530612,12.921279054538882,-1.7055883163734789,90.52773302463575
0.2562814070351759,9.540816326530612,13.381343418897178,-1.6616188969070844,92.47773979127145
0.2613065326633166,9.540816326530612,13.849740412380095,-1.614222389601172,93.84239656561346
0.2663316582914573,9.540816326530612,14.323523480992357,-1.5629853726262863,94.62524433983653
0.271356783919598,9.540816326530612,14.79971004548541,-1.5072767548233,94.7955599130002
0.27638190954773867,9.540816326530612,15.275245727744545,-1.4461238094410573,94.35186839259734
0.2814070351758794,9.540816326530612,15.746935504372265,-1.3778883590172701,93.25002512668301
0.2864321608040201,9.540816326530612,16.211250356062923,-1.299609013027641,91.43007489965004
0.2914572864321608,9.540816326530612,16.66373435443135,-1.2051092704527444,88.43913180269159
0.2964824120603015,9.540816326530612,17.0962494063441,-1.0788381139774492,82.84759503615746
0.3015075376884422,9.540816326530612,17.47918596371592,-0.8738322600024981,65.06827420268598
0.3065326633165829,9.540816326530612,17.71454858321847,-0.5327838757385118,28.870709206664362
0.31155778894472363,9.540816326530612,17.81234247565861,-0.14638384849209843,13.050412157367457
0.3165829145728643,9.540816326530612,17.862106852590117,0.22649152901976685,7.660941316291023
0.32160804020100503,9.540816326530612,17.894491243546685,0.5754152944078227,5.522274136159961
0.32663316582914576,9.540816326530612,17.919341943790904,0.896192960250537,4.504236035059789
0.3316582914572864,9.540816326530612,17.94079959776309,1.1855768074198967,4.079944519489128
0.33668341708542715,9.540816326530612,17.961304005002795,1.440510182876549,4.136925559170016
0.3417085427135678,9.540816326530612,17.98310535321677,1.6578626528835778,4.560060350707155
0.34673366834170855,9.540816326530612,18.00957139076212,1.8341163041545294,6.303890456730166
0.35175879396984927,9.540816326530612,18.050803198524765,1.9623087132939434,11.401986976435241
0.35678391959798994,9.540816326530612,18.121084732749747,2.0119252283770312,12.84062465014324
0.36180904522613067,9.540816326530612,18.161467065080483,2.014823806908853,3.0204440097223255
0.36683417085427134,9.540816326530612,18.1766906632907,2.0146794418029805,7.256462994704881
0.37185929648241206,9.540816326530612,18.237843514845647,2.0118063256163277,16.98251173172158
0.3768844221105528,9.540816326530612,18.34641598752847,2.004546707498676,26.136602991558075
0.38190954773869346,9.540816326530612,18.499578563527034,1.9938702525429872,34.72717636838095
0.3869346733668342,9.540816326530612,18.694476602554705,1.9801324189615748,42.74719959241342
0.39195979899497485,9.540816326530612,18.928240627494162,1.963441462385642,50.19573765811464
0.3969849246231156,9.540816326530612,19.197997228794886,1.9438769796716282,57.07161534663096
0.4020100502512563,9.540816326530612,19.500872497824883,1.921499332306666,63.3771451043049
0.40703517587939697,9.540816326530612,19.83399055213258,1.8963590399796297,69.1087573263454
0.4120603015075377,9.540816326530612,20.19446886310263,1.8684845498306966,74.26766250521666
0.41708542713567837,9.540816326530612,20.57943265896349,1.8378634407308834,78.85181095558946
0.4221105527638191,9.540816326530612,20.986000127965255,1.804491564213723,82.86199044667475
0.4271356783919598,9.540816326530612,21.411270169872434,1.7683066630187187,86.29755377417723
0.4321608040201005,9.540816326530612,21.85236123194868,1.7292239667576688,89.15994442383423
0.4371859296482412,9.540816326530612,22.30636006806601,1.6870906413833888,91.44092517999567
0.44221105527638194,9.540816326530612,22.770362325250403,1.641683098217607,93.13848280253971
0.4472361809045226,9.540816326530612,23.241430945698216,1.5926933771334792,94.25315352978882
0.45226130653266333,9.540816326530612,23.716607987342577,1.5396252022159098,94.77082825248324
0.457286432160804,9.540816326530612,24.192893803054393,1.4817356033381526,94.68429902959066
0.4623115577889447,9.540816326530612,24.667183199990685,1.4177867261438024,93.9730628581508
0.46733668341708545,9.540816326530612,25.13616668582948,1.345728855271246,92.54853423889982
0.4723618090452261,9.540816326530612,25.59602814777117,1.2615351820562866,90.28267608660994
0.47738693467336685,9.540816326530612,26.041388527234215,1.1563025657397321,86.56701989551448
0.4824120603015075,9.540816326530612,26.45932315750824,1.0052197596967458,78.02481529500267
0.48743718592964824,9.540816326530612,26.792532390585603,0.741398719274487,50.072028631061535
0.49246231155778897,9.540816326530612,26.95499443741292,0.3666089356836455,20.267579670772925
0.49748743718592964,9.540816326530612,27.025503198899678,-0.016419837775396247,10.107326597814247
0.5025125628140703,9.540816326530612,27.065868724794747,-0.3796373886335795,6.592893615550229
0.507537688442211,9.540816326530612,27.094305685428303,-0.716889408462314,4.964008720240289
0.5125628140703518,9.540816326530612,27.117325904173736,-1.0245557147373114,4.283332471902459
0.5175879396984925,9.540816326530612,27.13812579517528,-1.299499464317985,4.068006811462535
0.5226130653266332,9.540816326530612,27.158897941760937,-1.5386584885927188,4.267969014190737
0.5276381909547738,9.540816326530612,27.18209327255485,-1.7388274388348661,5.009672197060658
0.5326633165829145,9.540816326530612,27.212808012524334,-1.895837459687991,7.420445415476886
0.5376884422110553,9.540816326530612,27.267917428066927,-1.9954180037352074,14.700260526309812
0.542713567839196,9.540816326530612,27.332909794939372,-2.0143678374443152,8.77220168851469
0.5477386934673367,9.540816326530612,27.352568870112933,-2.0148278495776486,1.444211458619686
0.5527638190954773,9.540816326530612,27.385382118573833,-2.014007025912758,11.515192053679478
0.5577889447236181,9.540816326530612,27.467285688325312,-2.0091648163825977,20.988060166976503
0.5628140703517588,9.540816326530612,27.595383225424158,-2.0003479550225456,29.900946255886304
0.5678391959798995,9.540816326530612,27.766845478601287,-1.9883379303288342,38.24607021575242
0.5728643216080402,9.540816326530612,27.97880771276778,-1.9733138722190535,46.01975200342192
0.5778894472361809,9.540816326530612,28.22839750346098,-1.955382155940383,53.22265436062493
0.5829145728643216,9.540816326530612,28.512742398330946,-1.9346052587225384,59.85207270536339
0.5879396984924623,9.540816326530612,28.828969210689188,-1.911033014906775,65.91051817360508
0.592964824120603,9.540816326530612,29.174197423859887,-1.8847139896198923,71.39531869755173
0.5979899497487438,9.540816326530612,29.545556852300606,-1.855660680304377,76.30937313236669
0.6030150753768844,9.540816326530612,29.94015265146008,-1.8238670461355744,80.64484694805304
0.6080402010050251,9.540816326530612,30.355107097966073,-1.7892963027011444,84.4110838950145
0.6130653266331658,9.540816326530612,30.787530808696157,-1.7518755786197393,87.59616415708042
0.6180904522613065,9.540816326530612,31.234537052844335,-1.71150340913408,90.2098620317928
0.6231155778894473,9.540816326530612,31.69319420701742,-1.6679933387113857,92.23772336224025
0.628140703517588,9.540816326530612,32.16060172023437,-1.6211018792382759,93.68806998557591
0.6331658291457286,9.540816326530612,32.633812571037836,-1.5704221152175593,94.54747389726622
0.6381909547738693,9.540816326530612,33.10984501295315,-1.5153921937786317,94.81814676571976
0.6432160804020101,9.540816326530612,33.585646991824916,-1.4550851342967792,94.46643346546466
0.6482412060301508,9.540816326530612,34.05806193194849,-1.3879867038122615,93.46312263698005
0.6532663316582915,9.540816326530612,34.52362913829251,-1.3113888677440422,91.74446803232199
0.6582914572864321,9.540816326530612,34.97811780247508,-1.2197615990864188,89.02420667136342
0.6633165829145728,9.540816326530612,35.41430331919111,-1.099663171382429,84.24275443602778
0.6683417085427136,9.540816326530612,35.80847732886149,-0.9107482862152229,70.78114198582668
0.6733668341708543,9.540816326530612,36.069519994498584,-0.5861887457154644,33.72685103027995
0.678391959798995,9.540816326530612,36.17974340282706,-0.20029788346648825,14.260884349085673
0.6834170854271356,9.540816326530612,36.23352831410935,0.1754128987795039,8.13339758850621
0.6884422110552764,9.540816326530612,36.26754550716267,0.5279950538541783,5.664572513735092
0.6934673366834171,9.540816326530612,36.293132846103425,0.8529352234891749,4.615746372905191
0.6984924623115578,9.540816326530612,36.314899844913214,1.1469269461964127,4.126893202653269
0.7035175879396985,9.540816326530612,36.33541121660928,1.4068892543432312,4.089690898309306
0.7085427135678392,9.540816326530612,36.35689127307686,1.6297296150685647,4.552810090574503
0.7135678391959799,9.540816326530612,36.38236414843535,1.8120515498171739,5.976194304043025
0.7185929648241206,9.540816326530612,36.4202590914226,1.9479812047767717,10.335394164762798
0.7236180904522613,9.540816326530612,36.488744972998106,2.0099931747061603,13.981930662787555
0.7286432160804021,9.540816326530612,36.53597801068824,2.0148036747545035,4.465118326696847
0.7336683417085427,9.540816326530612,36.54921367530814,2.0147610871499273,5.834802218756395
0.7386934673366834,9.540816326530612,36.60343965199383,2.0124857548679747,15.645633260909865
0.7437185929648241,9.540816326530612,36.70549186355536,2.0057824950826397,24.87860489024698
0.7487437185929648,9.540816326530612,36.85253383543595,1.9955535942911853,33.549428142765066
0.7537688442211056,9.540816326530612,37.041716968068265,1.9822397479042002,41.650597211593734
0.7587939698492462,9.540816326530612,37.27016896839071,1.9659592123345575,49.17882894455407
0.7638190954773869,9.540816326530612,37.535018849490875,1.9467957688754207,56.13591410688992
0.7688442211055276,9.540816326530612,37.83339349636528,1.9248125479359304,62.52246395943297
0.7738693467336684,9.540816326530612,38.162418662837226,1.900059693568451,68.33427400131518
0.7788944723618091,9.540816326530612,38.51921094337396,1.8725672333553776,73.57550660449829
0.7839195979899497,9.540816326530612,38.90089820244694,1.8423401371794883,78.23930349063046
0.7889447236180904,9.540816326530612,39.30458781103438,1.8093592672896213,82.33336618134523
0.7939698492462312,9.540816326530612,39.72739992645974,1.7735747186728128,85.8515010765997
0.7989949748743719,9.540816326530612,40.16643190788705,1.7348999333253265,88.7885478699343
0.8040201005025126,9.540816326530612,40.61879556755368,1.6932069411937343,91.15041992179813
0.8090452261306532,9.540816326530612,41.08158412053695,1.6482845731729938,92.93768864207141
0.8140703517587939,9.540816326530612,41.55184351261352,1.5998230275973488,94.13617483096591
0.8190954773869347,9.540816326530612,42.02662923581947,1.5473591443088552,94.73742712765264
0.8241206030150754,9.540816326530612,42.502952822513905,1.490207682048142,94.73365397335607
0.8291457286432161,9.540816326530612,42.97770677305067,1.4272097518456992,94.1083827283805
0.8341708542713567,9.540816326530612,43.447641709278955,1.3564796168027105,92.81214983078473
0.8391959798994975,9.540816326530612,43.90905502772164,1.2743689664432614,90.69715005655911
0.8442211055276382,9.540816326530612,44.356938963525316,1.1729929700078197,87.28074612937897
0.8492462311557789,9.540816326530612,44.780332433085995,1.03119993039778,79.91906775217129
0.8542713567839196,9.540816326530612,45.132666697730876,0.7878753136391459,54.30415121965525
0.8592964824120602,9.540816326530612,45.31709053055529,0.4211831625365221,22.252766321655216
0.864321608040201,9.540816326530612,45.39510996754684,0.036449314810865795,10.962426202320389
0.8693467336683417,9.540816326530612,45.43814197149927,-0.3300670430888973,6.988166576752764
0.8743718592964824,9.540816326530612,45.467716500680694,-0.6712296758933836,5.129281133347458
0.8793969849246231,9.540816326530612,45.49127168524823,-0.9832535257540436,4.347931845722261
0.8844221105527639,9.540816326530612,45.512240332777075,-1.2630127493411538,4.099719866766139
0.8894472361809045,9.540816326530612,45.532885204801,-1.5073988338507422,4.288823536668113
0.8944723618090452,9.540816326530612,45.55553097675187,-1.7132794069508375,5.059328411943912
0.8994974874371859,9.540816326530612,45.58465881320444,-1.8767370046052545,7.2066805480043366
0.9045226130653267,9.540816326530612,45.63477367593951,-1.9867470317423375,14.197191330469701
0.9095477386934674,9.540816326530612,45.703344981695224,-2.0139435163765897,10.151763578432975
0.914572864321608,9.540816326530612,45.72920859947519,-2.0148286210291766,0.023511056126954494
0.9195979899497487,9.540816326530612,45.77174053881975,-2.0135761815539426,16.608821399150887
0.9246231155778895,9.540816326530612,45.89257719133941,-2.0058803023460396,31.141334539825795
0.9296482412060302,9.540816326530612,46.08126314828813,-1.9927357579812206,43.60997558277647
0.9346733668341709,9.540816326530612,46.327384992961605,-1.9753395155037952,53.99925037522075
0.9396984924623115,9.540816326530612,46.620487274630804,-1.9542882772842074,62.30783587246724
0.9447236180904522,9.540816326530612,46.950116687808425,-1.9301439756448762,68.53672660297954
0.949748743718593,9.540816326530612,47.30581800494934,-1.9034914526677917,72.68428984300859
0.9547738693467337,9.540816326530612,47.67713409816472,-1.8749535774909156,74.75149843787248
0.9597989949748744,9.540816326530612,48.05362251257057,-1.8452074939998886,74.74137280499241
0.964824120603015,9.540816326530612,48.42482804598263,-1.815010977480006,72.65521633085037
0.9698492462311558,9.540816326530612,48.78032237517535,-1.7851956773149398,68.48994120749613
0.9748743718592965,9.540816326530612,49.10967682700588,-1.7567096464638832,62.249455751258715
0.9798994974874372,9.540816326530612,49.40246852288472,-1.7306102634401912,53.93781949037429
0.9849246231155779,9.540816326530612,49.64829605238107,-1.708094010512081,43.55781460845766
0.9899497487437185,9.540816326530612,49.8367537935519,-1.690419649068617,31.105166268301865
0.9949748743718593,9.540816326530612,49.957454452662816,-1.6789045408938492,16.587697890650976
1.0,9.540816326530612,50.0,-1.6748023590122756,0.0
0.0,9.561224489795919,0.0,2.0,0.0
0.005025125628140704,9.561224489795919,0.02644165642345193,1.9994486279885997,10.419358099451102
0.010050251256281407,9.561224489795919,0.10365373718118341,1.9950751422817183,20.2096060213109
0.01507537688442211,9.561224489795919,0.22857046278923765,1.9864375521158475,29.40906275262308
0.020100502512562814,9.561224489795919,0.3982256241633164,1.974440203862463,38.01399173442277
0.02512562814070352,9.561224489795919,0.6096150713474122,1.9593135238107662,46.01885682368259
0.03015075376884422,9.561224489795919,0.859725371896853,1.9411594545593869,53.42449578458269
0.035175879396984924,9.561224489795919,1.1455414151365761,1.920054606788689,60.22958998441194
0.04020100502512563,9.561224489795919,1.4640446182500297,1.8960484783869662,66.43567617461754
0.04522613065326633,9.561224489795919,1.8122171186304692,1.8691845577633917,72.03836094261423
0.05025125628140704,9.561224489795919,2.1870357105873546,1.8394683600826733,77.0385313318979
0.05527638190954774,9.561224489795919,2.5854764037657363,1.8069008151132693,81.43855363827393
0.06030150753768844,9.561224489795919,3.0045093775697405,1.7714267236835959,85.23516958230861
0.06532663316582915,9.561224489795919,3.4410989090280775,1.7329600491171107,88.42509035566091
0.07035175879396985,9.561224489795919,3.892203620480521,1.6913787467633712,91.00946009199046
0.07537688442211055,9.561224489795919,4.3547685887315115,1.646474429654929,92.98898571716046
0.08040201005025126,9.561224489795919,4.825723260258361,1.597924038008248,94.35357865487923
0.08542713567839195,9.561224489795919,5.301969195266192,1.5452592763207649,95.09904231058461
0.09045226130653267,9.561224489795919,5.780360948999138,1.4877633936258394,95.19475541462039
0.09547738693467336,9.561224489795919,6.257657026630646,1.4242667847621542,94.66747812400341
0.10050251256281408,9.561224489795919,6.730438601565941,1.35275445346741,93.37668489776155
0.10552763819095477,9.561224489795919,7.194806420582474,1.269418068056488,91.25149108547697
0.11055276381909548,9.561224489795919,7.6454135741955955,1.1658230250590755,87.70359395515011
0.11557788944723618,9.561224489795919,8.070198432108127,1.0186883324232796,79.82611366070834
0.12060301507537688,9.561224489795919,8.415996233619726,0.7622712495043207,53.2001698478416
0.12562814070351758,9.561224489795919,8.588812487169289,0.3867659594649223,20.592275472933984
0.1306532663316583,9.561224489795919,8.662360495033742,-0.0009233382567645778,10.45351012949867
0.135678391959799,9.561224489795919,8.703768214001915,-0.36899889296481003,6.793139274454811
0.1407035175879397,9.561224489795919,8.732661946417608,-0.7107608114163276,5.017546570053487
0.1457286432160804,9.561224489795919,8.755959994245158,-1.022421151685157,4.3232676301124515
0.1507537688442211,9.561224489795919,8.776957856491364,-1.3006969322614448,4.099970290298653
0.15577889447236182,9.561224489795919,8.797929943960506,-1.5423710037396723,4.355034929291925
0.16080402010050251,9.561224489795919,8.821509419440435,-1.7440733440917302,5.318668681555502
0.1658291457286432,9.561224489795919,8.853027345539473,-1.9014011722866653,7.6964354084724516
0.1708542713567839,9.561224489795919,8.910655004791062,-1.9982821812486966,15.430295094029464
0.17587939698492464,9.561224489795919,8.974368024811895,-2.0144885891260365,8.20479258158502
0.18090452261306533,9.561224489795919,8.99186666815645,-2.0148037885459775,2.2516661874288757
0.18592964824120603,9.561224489795919,9.028571232146232,-2.0137735970542483,12.255927781943544
0.19095477386934673,9.561224489795919,9.114040352860203,-2.0085932310938452,21.66725651976332
0.19597989949748743,9.561224489795919,9.245402189304484,-1.9995461638604162,30.521219911094484
0.20100502512562815,9.561224489795919,9.419835455614958,-1.9873439908450623,38.80861277625054
0.20603015075376885,9.561224489795919,9.634482411428353,-1.9721523520970867,46.52712761449399
0.21105527638190955,9.561224489795919,9.886482813985241,-1.9540639979278682,53.67503799620315
0.21608040201005024,9.561224489795919,10.172973239093812,-1.9331433601356798,60.25382391062513
0.22110552763819097,9.561224489795919,10.491091179396953,-1.9094536545632186,66.2619791709728
0.22613065326633167,9.561224489795919,10.837971893326054,-1.88302537900313,71.70139349508594
0.23115577889447236,9.561224489795919,11.210744442468428,-1.8538753614260737,76.56619725017629
0.23618090452261306,9.561224489795919,11.606534734262429,-1.821994849364249,80.86146756812217
0.24120603015075376,9.561224489795919,12.022469444748586,-1.787344539578625,84.58347111969297
0.24623115577889448,9.561224489795919,12.455670504046447,-1.7498543675254175,87.73350510347063
0.25125628140703515,9.561224489795919,12.903250120502761,-1.7094218962015144,90.30557052922816
0.2562814070351759,9.561224489795919,13.362313821197606,-1.6658551151751593,92.3039275995839
0.2613065326633166,9.561224489795919,13.829948761809803,-1.618905741018657,93.71748230025929
0.2663316582914573,9.561224489795919,14.303227625240352,-1.5681806732179815,94.55578604381702
0.271356783919598,9.561224489795919,14.779181131716058,-1.5130871451946832,94.7830089378644
0.27638190954773867,9.561224489795919,15.254772935142965,-1.4526931644244003,94.40149746537048
0.2814070351758794,9.561224489795919,15.726842411969832,-1.3854669269317839,93.37433252039087
0.2864321608040201,9.561224489795919,16.191926417664252,-1.3086415260070257,91.58231893032864
0.2914572864321608,9.561224489795919,16.64576012448426,-1.2166006844525261,88.77568655674266
0.2964824120603015,9.561224489795919,17.08098469001326,-1.0955134757353,83.69276402388701
0.3015075376884422,9.561224489795919,17.472923264406656,-0.9038493628164098,68.44345819708302
0.3065326633165829,9.561224489795919,17.72874134629187,-0.5760756256900564,31.829995446424093
0.31155778894472363,9.561224489795919,17.836232078776828,-0.1902912190995527,13.819221577801425
0.3165829145728643,9.561224489795919,17.88906729545796,0.18462871216275156,8.058178310688065
0.32160804020100503,9.561224489795919,17.92269746100734,0.5362697749798888,5.730053787036955
0.32663316582914576,9.561224489795919,17.948079648156767,0.8602036299534921,4.560773585010965
0.3316582914572864,9.561224489795919,17.96972752860888,1.153162527424158,4.128343269848143
0.33668341708542715,9.561224489795919,17.990192871942963,1.4120651414999914,4.1349385479199645
0.3417085427135678,9.561224489795919,18.011581321770905,1.633843510442349,4.532277544408588
0.34673366834170855,9.561224489795919,18.037133843363733,1.8150717160129157,5.797081411448246
0.35175879396984927,9.561224489795919,18.075319476015522,1.9498280893181779,9.945424503858955
0.35678391959798994,9.561224489795919,18.143923575804088,2.01023934382221,13.817694209782825
0.36180904522613067,9.561224489795919,18.190224867412915,2.014783924623269,4.276280314107092
0.36683417085427134,9.561224489795919,18.2035709985063,2.0147341587838916,6.0013958239852725
0.37185929648241206,9.561224489795919,18.258558645282623,2.0124028335513233,15.782535256321873
0.3768844221105528,9.561224489795919,18.36123020362437,2.0056581401222444,24.988614557698046
0.38190954773869346,9.561224489795919,18.508760786047283,1.995414617058208,33.63440126976182
0.3869346733668342,9.561224489795919,18.698313240895423,1.9821014989055574,41.71281938549293
0.39195979899497485,9.561224489795919,18.92702544863626,1.9658353656564214,49.2204103319737
0.3969849246231156,9.561224489795919,19.192040819633053,1.9466972665294682,56.15910268335456
0.4020100502512563,9.561224489795919,19.490490802150834,1.9247575875076315,62.5297061600643
0.40703517587939697,9.561224489795919,19.81951695704036,1.9000544269137065,68.32776637538532
0.4120603015075377,9.561224489795919,20.176241964039317,1.8726273040374612,73.55721181238395
0.41708542713567837,9.561224489795919,20.557800747480655,1.8424756178415151,78.21080697014159
0.4221105527638191,9.561224489795919,20.961323903899412,1.8095843653010042,82.2976843168035
0.4271356783919598,9.561224489795919,21.38394067712754,1.7739011626525891,85.81140507424166
0.4321608040201005,9.561224489795919,21.822758873857968,1.7353445982663243,88.74459652739532
0.4371859296482412,9.561224489795919,22.274901421848853,1.693786098070485,91.10587986051753
0.44221105527638194,9.561224489795919,22.737448168854815,1.6490155468975412,92.89585015483092
0.4472361809045226,9.561224489795919,23.20748768523434,1.6007313956950184,94.09780807862022
0.45226130653266333,9.561224489795919,23.68208192004606,1.5484752450543149,94.7019463667295
0.457286432160804,9.561224489795919,24.158246676321962,1.4915740785647928,94.71447174922176
0.4623115577889447,9.561224489795919,24.63292379460944,1.4288854483407922,94.09395348004648
0.46733668341708545,9.561224489795919,25.102856452429684,1.3585507500267193,92.83120334604097
0.4723618090452261,9.561224489795919,25.5643808115314,1.2770379409638084,90.7441146393583
0.47738693467336685,9.561224489795919,26.012571995073262,1.176715417927305,87.32354130756656
0.4824120603015075,9.561224489795919,26.43697458621228,1.0372224945942952,80.43138035659827
0.48743718592964824,9.561224489795919,26.793261348984053,0.7989737265774548,56.916229906050425
0.49246231155778897,9.561224489795919,26.983374334568236,0.4350361282759222,23.010760171415885
0.49748743718592964,9.561224489795919,27.063269154903725,0.05023072710094006,10.965175492585683
0.5025125628140703,9.561224489795919,27.106935401489228,-0.3168393408926564,6.8997724678678845
0.507537688442211,9.561224489795919,27.136770913705078,-0.6587301351546191,5.127213045193653
0.5125628140703518,9.561224489795919,27.160409457631022,-0.97165733544489,4.348257668261666
0.5175879396984925,9.561224489795919,27.181370206564207,-1.2524986773698372,4.070886460465648
0.5226130653266332,9.561224489795919,27.201919287924575,-1.498153110124924,4.259525693555126
0.5276381909547738,9.561224489795919,27.22435451586473,-1.7054932934140659,4.856137550113827
0.5326633165829145,9.561224489795919,27.252966074067697,-1.8707350013450328,6.766345152689221
0.5376884422110553,9.561224489795919,27.301529329774734,-1.9836455067373833,13.691132266675636
0.542713567839196,9.561224489795919,27.37089929147652,-2.0137471069435984,10.577113229107072
0.5477386934673367,9.561224489795919,27.39905278858412,-2.0148049341427554,0.5046712605051994
0.5527638190954773,9.561224489795919,27.422414676186992,-2.01435592129447,9.65685514475207
0.5577889447236181,9.561224489795919,27.495213599730036,-2.010381173372716,19.220461183209544
0.5628140703517588,9.561224489795919,27.614652159317956,-2.0022500862012325,28.223111722811257
0.5678391959798995,9.561224489795919,27.77791653812301,-1.9908609993249515,36.66135996082163
0.5728643216080402,9.561224489795919,27.982156268061267,-1.9764536715374317,44.53064925782748
0.5778894472361809,9.561224489795919,28.224510057739135,-1.959126459962051,51.83045783584501
0.5829145728643216,9.561224489795919,28.502114522919538,-1.9389523577254064,58.56100692429747
0.5879396984924623,9.561224489795919,28.81210895106315,-1.9159981775087478,64.72068060489963
0.592964824120603,9.561224489795919,29.15162503990315,-1.8902948439838407,70.31021563339247
0.5979899497487438,9.561224489795919,29.517795480235534,-1.8618621116687335,75.32894853063073
0.6030150753768844,9.561224489795919,29.907749617917005,-1.8307121335406764,79.77635160615102
0.6080402010050251,9.561224489795919,30.318622625803595,-1.796801058264898,83.65320288365676
0.6130653266331658,9.561224489795919,30.747516357435018,-1.7600785206948335,86.95440675548956
0.6180904522613065,9.561224489795919,31.191558435058898,-1.7204325958037112,89.68111929934534
0.6231155778894473,9.561224489795919,31.647873956245846,-1.677718303973576,91.83166967546389
0.628140703517588,9.561224489795919,32.113524895705034,-1.631697373523813,93.39863697192743
0.6331658291457286,9.561224489795919,32.58560986218594,-1.5820175403674046,94.39086119172232
0.6381909547738693,9.561224489795919,33.061161025390795,-1.5281468963938363,94.78116348939646
0.6432160804020101,9.561224489795919,33.53713345597194,-1.4692761339348852,94.55806475439392
0.6482412060301508,9.561224489795919,34.010450833482885,-1.4040705464443675,93.70574638012165
0.6532663316582915,9.561224489795919,34.47775394360776,-1.3301754094518405,92.14284653127564
0.6582914572864321,9.561224489795919,34.93508248149304,-1.2429910695037294,89.6769620797266
0.6633165829145728,9.561224489795919,35.37638702652045,-1.1319244309753593,85.49087133864741
0.6683417085427136,9.561224489795919,35.785033475983234,-0.9660855011589654,75.26528856245646
0.6733668341708543,9.561224489795919,36.08786214880044,-0.6742372484783925,42.46683236172193
0.678391959798995,9.561224489795919,36.22389831002285,-0.292509764649752,16.845192476524126
0.6834170854271356,9.561224489795919,36.28587291654797,0.08733489721655402,9.17677315650899
0.6884422110552764,9.561224489795919,36.323045065668076,0.4456945292679636,6.1812198238383615
0.6934673366834171,9.561224489795919,36.350032569918696,0.7773188679601372,4.830390215807039
0.6984924623115578,9.561224489795919,36.372383517207304,1.078808602403514,4.19070121024517
0.7035175879396985,9.561224489795919,36.39294559204926,1.3470620589304618,4.060140591031347
0.7085427135678392,9.561224489795919,36.41388315073353,1.5790046624259262,4.177585190049944
0.7135678391959799,9.561224489795919,36.43790567231177,1.7714035355255133,5.286299849559906
0.7185929648241206,9.561224489795919,36.47114679111675,1.9195895999219281,8.646309290231507
0.7236180904522613,9.561224489795919,36.53288444668558,2.0037242874333177,15.184168095769925
0.7286432160804021,9.561224489795919,36.59121343514257,2.0146488601357024,6.961522588083264
0.7336683417085427,9.561224489795919,36.6058549256305,2.014797333565027,3.299418226459679
0.7386934673366834,9.561224489795919,36.647671571904816,2.0134442076358985,13.242474444486163
0.7437185929648241,9.561224489795919,36.73795128542134,2.007807260671296,22.59667386446453
0.7487437185929648,9.561224489795919,36.87384072815638,1.998420823011347,31.39348592969381
0.7537688442211056,9.561224489795919,37.05251182306684,1.9859067054513317,39.622574564506905
0.7587939698492462,9.561224489795919,37.27110924308872,1.9704159492651565,47.28273508931939
0.7638190954773869,9.561224489795919,37.52676661164582,1.952032122665874,54.37339525255914
0.7688442211055276,9.561224489795919,37.81662382016374,1.9308325704916725,60.8951898921494
0.7738693467336684,9.561224489795919,38.137816556935384,1.9068569895720184,66.84549206317513
0.7788944723618091,9.561224489795919,38.487477688372245,1.8801515314607788,72.22643513795103
0.7839195979899497,9.561224489795919,38.86273455628885,1.8507214225650124,77.03216668684419
0.7889447236180904,9.561224489795919,39.26071550467473,1.818559750677648,81.27061907306533
0.7939698492462312,9.561224489795919,39.678547716002576,1.7836232427522873,84.93575735664332
0.7989949748743719,9.561224489795919,40.11336442405275,1.7458399717572006,88.022864809085
0.8040201005025126,9.561224489795919,40.562265096651586,1.7050924573143769,90.53838639107916
0.8090452261306532,9.561224489795919,41.02235167625928,1.6611893744093924,92.47377349314074
0.8140703517587939,9.561224489795919,41.49071322544147,1.6138726979582285,93.82870575695911
0.8190954773869347,9.561224489795919,41.9644126976879,1.5627248670244607,94.60739396382942
0.8241206030150754,9.561224489795919,42.44047168541514,1.507134697511349,94.76934262974513
0.8291457286432161,9.561224489795919,42.915836071980245,1.4461230028000833,94.32140936649311
0.8341708542713567,9.561224489795919,43.387334528145246,1.3780653822083602,93.21457601710094
0.8391959798994975,9.561224489795919,43.85146897811808,1.3000084987687208,91.37948680062543
0.8442211055276382,9.561224489795919,44.30380011273683,1.2058691777226938,88.46962624340362
0.8492462311557789,9.561224489795919,44.73637222881945,1.0802412750558532,82.94401032125272
0.8542713567839196,9.561224489795919,45.11998742233012,0.8766984609297421,65.10095509107514
0.8592964824120602,9.561224489795919,45.35696256868423,0.536980365317571,29.933983735993515
0.864321608040201,9.561224489795919,45.455463025005315,0.15086135141458173,12.937135033471215
0.8693467336683417,9.561224489795919,45.505415896465024,-0.22196128475740723,7.753124829105122
0.8743718592964824,9.561224489795919,45.53785280729622,-0.5709330457281167,5.500880733392569
0.8793969849246231,9.561224489795919,45.562701446339695,-0.8918273574423525,4.504319712447518
0.8844221105527639,9.561224489795919,45.58412819669882,-1.1814344293648038,4.080868809262602
0.8894472361809045,9.561224489795919,45.60456930704029,-1.4366764154173763,4.097077678403229
0.8944723618090452,9.561224489795919,45.62626515308462,-1.6544501949961308,4.598054105513098
0.8994974874371859,9.561224489795919,45.65250770870604,-1.8312860873838324,6.137860504572674
0.9045226130653267,9.561224489795919,45.69313619468147,-1.9604171409138527,11.253255856274558
0.9095477386934674,9.561224489795919,45.76314504294788,-2.011677283362995,12.959077564533041
0.914572864321608,9.561224489795919,45.80444244392091,-2.014798580738912,3.222492434683801
0.9195979899497487,9.561224489795919,45.827842417908386,-2.014446896994359,11.893582338301343
0.9246231155778895,9.561224489795919,45.927238197845575,-2.0088061137710262,27.303896952760148
0.9296482412060302,9.561224489795919,46.09867645613552,-1.9969750042650785,40.57108517065958
0.9346733668341709,9.561224489795919,46.33137576521638,-1.9806319057495527,51.68308946413731
0.9396984924623115,9.561224489795919,46.61449263539798,-1.9604388211988497,60.637456681755054
0.9447236180904522,9.561224489795919,46.93718377660537,-1.936983005208081,67.43447415515526
0.949748743718593,9.561224489795919,47.288602074580204,-1.9108761887628267,72.07132269984199
0.9547738693467337,9.561224489795919,47.65790040870182,-1.882752348139641,74.5499708075435
0.9597989949748744,9.561224489795919,48.03424831147657,-1.8533067093576947,74.87494090116952
0.964824120603015,9.561224489795919,48.40679609310793,-1.823313062035726,73.04106851123973
0.9698492462311558,9.561224489795919,48.764724769570876,-1.7936098616276412,69.05346024992663
0.9748743718592965,9.561224489795919,49.09720746652398,-1.7651723608823224,62.91481554158061
0.9798994974874372,9.561224489795919,49.39344175759769,-1.7390746456205746,54.62746104058222
0.9849246231155779,9.561224489795919,49.64262917985322,-1.7165138622686256,44.18892884669974
0.9899497487437185,9.561224489795919,49.83397345686024,-1.6987776176187208,31.60711029700716
0.9949748743718593,9.561224489795919,49.95669272513009,-1.6872108106427124,16.876638034096096
1.0,9.561224489795919,50.0,-1.6830886570923587,0.0
0.0,9.581632653061224,0.0,2.0,0.0
0.005025125628140704,9.581632653061224,0.02638820882724098,1.9994508672414644,10.39848935200724
0.010050251256281407,9.581632653061224,0.10344810649956833,1.9950951140994675,20.170315084593565
0.01507537688442211,9.581632653061224,0.22812561161445827,1.9864925431596245,29.353547872949417
0.020100502512562814,9.581632653061224,0.3974657733794904,1.974543678904989,37.94449207528142
0.02512562814070352,9.581632653061224,0.6084756313388324,1.9594781139064001,45.937612446606934
0.03015075376884422,9.581632653061224,0.8581532818139762,1.9413971676531836,53.33363821808891
0.035175879396984924,9.581632653061224,1.143494493952195,1.9203771483315952,60.1319849507405
0.04020100502512563,9.581632653061224,1.4614925764732356,1.8964655376257609,66.33273783867897
0.04522613065326633,9.581632653061224,1.8091407761326201,1.8697110851335705,71.93407002939013
0.05025125628140704,9.581632653061224,2.183428252747316,1.8401208542439362,76.93278555262438
0.05527638190954774,9.581632653061224,2.5813408365969672,1.807685546209811,81.33665231584311
0.06030150753768844,9.581632653061224,2.999860565900141,1.772358738770151,85.13898879579273
0.06532663316582915,9.581632653061224,3.4359651442418024,1.734065381769419,88.33174487050829
0.07035175879396985,9.581632653061224,3.886625353687762,1.6926720168078369,90.92572880635821
0.07537688442211055,9.581632653061224,4.34879603269148,1.64796679102746,92.91821617772112
0.08040201005025126,9.581632653061224,4.81942086078299,1.5996556858685567,94.29379740991209
0.08542713567839195,9.581632653061224,5.295412298867981,1.5472746463463671,95.04702835897024
0.09045226130653267,9.581632653061224,5.773643289433827,1.4901245759100012,95.17827258338058
0.09547738693467336,9.581632653061224,6.250891318072558,1.4270408707336835,94.64727951950367
0.10050251256281408,9.581632653061224,6.723759577413811,1.35611418210632,93.43095396800351
0.10552763819095477,9.581632653061224,7.1884085566296445,1.2736413920916505,91.34609935147732
0.11055276381909548,9.581632653061224,7.639617764933035,1.1715684686653378,88.00514112047583
0.11557788944723618,9.581632653061224,8.066059062964728,1.0279414610625597,80.85196522547838
0.12060301507537688,9.581632653061224,8.418534163041931,0.7793202489909214,55.67227418044343
0.12562814070351758,9.581632653061224,8.599331692031674,0.4071577906725427,21.46513045163808
0.1306532663316583,9.581632653061224,8.675564435187411,0.0191321097470012,10.57993860679665
0.135678391959799,9.581632653061224,8.71787716249383,-0.34989999556891543,6.69385155082149
0.1407035175879397,9.581632653061224,8.74713642082592,-0.6928839294769993,5.114926542632305
0.1457286432160804,9.581632653061224,8.770565274245232,-1.0059928910636005,4.3402320289955405
0.1507537688442211,9.581632653061224,8.791578008455822,-1.2859460506532046,4.086436396142634
0.15577889447236182,9.581632653061224,8.81244359136358,-1.5295369233343208,4.1691404665235625
0.16080402010050251,9.581632653061224,8.835654738316117,-1.7334415862232833,5.011906971746047
0.1658291457286432,9.581632653061224,8.866336196802916,-1.8933975872555122,7.496027280744136
0.1708542713567839,9.581632653061224,8.92157251725179,-1.9950831163006222,15.193704900272154
0.17587939698492464,9.581632653061224,8.987231304695126,-2.014342770623189,8.813663403334505
0.18090452261306533,9.581632653061224,9.0067257408235,-2.01478148181136,1.6135531487294543
0.18592964824120603,9.581632653061224,9.040264830107896,-2.013920196396883,11.63474615045141
0.19095477386934673,9.581632653061224,9.122659378132436,-2.009036705500162,21.064178071452357
0.19597989949748743,9.581632653061224,9.251038430856347,-2.0002322859122965,29.937269056266857
0.20100502512562815,9.581632653061224,9.422591474314025,-1.9882646194295566,38.24687296334554
0.20603015075376885,9.581632653061224,9.634475258441118,-1.9733135506160875,45.98929286406312
0.21105527638190955,9.581632653061224,9.88383629735034,-1.9554727550960747,53.16379015081639
0.21608040201005024,9.581632653061224,10.16782953500594,-1.9348082768002308,59.76973084397397
0.22110552763819097,9.581632653061224,10.483591639635096,-1.911383125403228,65.80864731737954
0.22613065326633167,9.581632653061224,10.828271695207135,-1.885225478682698,71.2789434125477
0.23115577889447236,9.581632653061224,11.199012880221067,-1.8563612333037272,76.18246507737543
0.23618090452261306,9.581632653061224,11.592952417902772,-1.8247726005043223,80.5141113961211
0.24120603015075376,9.581632653061224,12.00723175546014,-1.7904384808772034,84.27646015961679
0.24623115577889448,9.581632653061224,12.438978262815114,-1.7532946585912377,87.4662062342555
0.25125628140703515,9.581632653061224,12.88531789841063,-1.7132132090082406,90.08413441126328
0.2562814070351759,9.581632653061224,13.343363753178116,-1.670051969792893,92.128373018996
0.2613065326633166,9.581632653061224,13.810225643659352,-1.6235363227929553,93.59264607242378
0.2663316582914573,9.581632653061224,14.282979702143635,-1.5733176818033527,94.47067815197343
0.271356783919598,9.581632653061224,14.758677213643555,-1.51881439997362,94.7566203486929
0.27638190954773867,9.581632653061224,15.234300873294156,-1.4591546456271753,94.43835654644967
0.2814070351758794,9.581632653061224,15.706720918482558,-1.3928903731500133,93.49010723938925
0.2864321608040201,9.581632653061224,16.172549362219108,-1.3174615253574078,91.79468131437481
0.2914572864321608,9.581632653061224,16.627641800664406,-1.2277047385280635,89.17856886962234
0.2964824120603015,9.581632653061224,17.06531150640462,-1.1113043389051689,84.51953053305024
0.3015075376884422,9.581632653061224,17.46479367219064,-0.9316052354145408,71.46623167856737
0.3065326633165829,9.581632653061224,17.741013415195965,-0.6187443816857396,35.52884388755891
0.31155778894472363,9.581632653061224,17.859497602275315,-0.23431691817585054,14.89411889715815
0.3165829145728643,9.581632653061224,17.915842571551092,0.142526607827869,8.412261828909097
0.32160804020100503,9.581632653061224,17.950823260509726,0.49683151929579566,5.9062964467389865
0.32663316582914576,9.581632653061224,17.97678700937627,0.8238878765197459,4.665935092417588
0.3316582914572864,9.581632653061224,17.99866378195298,1.1203585766071242,4.144228510545712
0.33668341708542715,9.581632653061224,18.019090489984166,1.383200974705078,3.9710716709013587
0.3417085427135678,9.581632653061224,18.040226549619195,1.6093379949661517,4.502802189371941
0.34673366834170855,9.581632653061224,18.064902007240338,1.7954623978437863,5.469505141027001
0.35175879396984927,9.581632653061224,18.100508850561837,1.936343894955695,9.356807009819388
0.35678391959798994,9.581632653061224,18.166235123921787,2.007778814676708,14.621997637779819
0.36180904522613067,9.581632653061224,18.21822799147422,2.01471900069029,5.518624053690848
0.36683417085427134,9.581632653061224,18.23125426472792,2.014754058782818,4.741706041189417
0.37185929648241206,9.581632653061224,18.280053479557047,2.012921722664883,14.578831349978849
0.3768844221105528,9.581632653061224,18.376806690922006,2.006707932975572,23.836822618893606
0.38190954773869346,9.581632653061224,18.518687884275558,1.996898764947901,32.5381262369204
0.3869346733668342,9.581632653061224,18.702875632125775,1.984002700387099,40.67380198764548
0.39195979899497485,9.581632653061224,18.926521132960996,1.96816406245345,48.2421122882954
0.3969849246231156,9.581632653061224,19.186771632930537,1.9494519150281007,55.24294774028631
0.4020100502512563,9.581632653061224,19.48078021264109,1.9279417696408532,61.67631373821984
0.40703517587939697,9.581632653061224,19.805688904876284,1.9036773996237488,67.5424270988567
0.4120603015075377,9.581632653061224,20.158640952471547,1.8766928495926383,72.83806579460685
0.41708542713567837,9.581632653061224,20.536781418032714,1.8469914037431232,77.56510328473233
0.4221105527638191,9.581632653061224,20.937238465893678,1.8145761882352145,81.72234096144894
0.4271356783919598,9.581632653061224,21.357158901763217,1.7793915144495753,85.3096853529272
0.4321608040201005,9.581632653061224,21.79366464805247,1.7413558401412081,88.32512402225838
0.4371859296482412,9.581632653061224,22.243882575006566,1.7003590388167955,90.7658936361913
0.44221105527638194,9.581632653061224,22.704926430722463,1.6562037917207055,92.63943233872865
0.4472361809045226,9.581632653061224,23.173893806104278,1.608600538280061,93.92177062493276
0.45226130653266333,9.581632653061224,23.647854400712347,1.5571433949236142,94.61758238148605
0.457286432160804,9.581632653061224,24.123852312171763,1.5011729493119017,94.7307316082019
0.4623115577889447,9.581632653061224,24.59884452781916,1.439690843769716,94.22496144179328
0.46733668341708545,9.581632653061224,25.069629345122856,1.37097992062068,93.03805875905142
0.4723618090452261,9.581632653061224,25.532662657118806,1.2918982390017963,91.10238073076178
0.47738693467336685,9.581632653061224,25.983387260789705,1.1959212451383885,88.04270460235098
0.4824120603015075,9.581632653061224,26.413078412702117,1.0661159358747954,82.04583765795198
0.48743718592964824,9.581632653061224,26.788265559623845,0.8517628414598366,62.11130621539603
0.49246231155778897,9.581632653061224,27.008673747616264,0.5029010410649539,26.513915689716487
0.49748743718592964,9.581632653061224,27.100088390010917,0.11719829045700528,12.311975283786666
0.5025125628140703,9.581632653061224,27.147643571563172,-0.2534828154828529,7.373462073117874
0.507537688442211,9.581632653061224,27.179090970990178,-0.5998504926125453,5.438665871197911
0.5125628140703518,9.581632653061224,27.203440613272267,-0.9178903744516227,4.430641533013409
0.5175879396984925,9.581632653061224,27.22463565262162,-1.2044113626519657,4.032132066171391
0.5226130653266332,9.581632653061224,27.24503413095951,-1.4563840417402885,4.147951869097008
0.5276381909547738,9.581632653061224,27.266882608256072,-1.6706898752910213,4.593531175430165
0.5326633165829145,9.581632653061224,27.293721268288575,-1.8437809074509295,6.422069269942912
0.5376884422110553,9.581632653061224,27.33640493289008,-1.9681392296049687,11.596932795725902
0.542713567839196,9.581632653061224,27.406796549132203,-2.0124929015911928,12.256490352982482
0.5477386934673367,9.581632653061224,27.44415367869037,-2.014779308386585,2.4125553001949998
0.5527638190954773,9.581632653061224,27.46071832236403,-2.0145792643182423,7.807159808565577
0.5577889447236181,9.581632653061224,27.524458194160353,-2.011467053357321,17.46243755828525
0.5628140703517588,9.581632653061224,27.635276888204515,-2.0040442975610926,26.551533861588982
0.5678391959798995,9.581632653061224,27.790369574827864,-1.9932717709854546,35.08094168732163
0.5728643216080402,9.581632653061224,27.98690172837017,-1.9794684291934543,43.04401141873643
0.5778894472361809,9.581632653061224,28.222023935885186,-1.9627401203650172,50.43984099986412
0.5829145728643216,9.581632653061224,28.492883345723328,-1.9431709322215824,57.26774674594414
0.5879396984924623,9.581632653061224,28.796625647426254,-1.9208098336584987,63.52812763179707
0.592964824120603,9.581632653061224,29.13039874849593,-1.8957128523680706,69.22045502318274
0.5979899497487438,9.581632653061224,29.491346759433394,-1.867902863749665,74.3418350502418
0.6030150753768844,9.581632653061224,29.876608908925036,-1.8373753839729132,78.8983150637789
0.6080402010050251,9.581632653061224,30.283320711817574,-1.8041144712498303,82.88204485742158
0.6130653266331658,9.581632653061224,30.708619413549073,-1.7680736275136388,86.29361209411658
0.6180904522613065,9.581632653061224,31.14962718326905,-1.7291482224670114,89.13118751288985
0.6231155778894473,9.581632653061224,31.60347796090843,-1.687203652707843,91.39839818729158
0.628140703517588,9.581632653061224,32.06725534178,-1.6420369247491975,93.08909316948262
0.6331658291457286,9.581632653061224,32.538070920654,-1.5933091887389328,94.19516945764576
0.6381909547738693,9.581632653061224,33.01298218043058,-1.5405518734152488,94.71852397587595
0.6432160804020101,9.581632653061224,33.48899451659063,-1.4830186772068532,94.63597405265232
0.6482412060301508,9.581632653061224,33.963020312761195,-1.4195617642033707,93.92965625934146
0.6532663316582915,9.581632653061224,34.43181676549567,-1.3481046953761306,92.54083529808007
0.6582914572864321,9.581632653061224,34.89164787960479,-1.2648228402413828,90.31058063582422
0.6633165829145728,9.581632653061224,35.33725869538329,-1.161145782181533,86.70017704313202
0.6683417085427136,9.581632653061224,35.75651022151065,-1.0135082436167717,78.61247594250675
0.6733668341708543,9.581632653061224,36.095680748936005,-0.7567493873268284,51.690315459792565
0.678391959798995,9.581632653061224,36.264487630083345,-0.38469747312681407,20.249581514709604
0.6834170854271356,9.581632653061224,36.33701034835264,-0.0016265032416624787,10.218527116371778
0.6884422110552764,9.581632653061224,36.378042088336954,0.3621728271704356,6.640476011920981
0.6934673366834171,9.581632653061224,36.40671776578458,0.7002458801258317,4.9801080181067485
0.6984924623115578,9.581632653061224,36.42979451537327,1.0089765973649845,4.278892488037673
0.7035175879396985,9.581632653061224,36.45053217239833,1.2852586661318868,4.009194485245067
0.7085427135678392,9.581632653061224,36.471110614725326,1.5260223876526624,4.075325924211684
0.7135678391959799,9.581632653061224,36.493932717500975,1.7281340431219452,4.821662325064296
0.7185929648241206,9.581632653061224,36.5237629356929,1.8875806887858835,7.43270501480648
0.7236180904522613,9.581632653061224,36.57637614390912,1.9917488841730377,14.4588144592035
0.7286432160804021,9.581632653061224,36.643002993688846,2.014158578393371,9.381718675081927
0.7336683417085427,9.581632653061224,36.66521685515727,2.014782156675343,0.7578643131859685
0.7386934673366834,9.581632653061224,36.69457650998186,2.014116012836403,10.828009894495542
0.7437185929648241,9.581632653061224,36.77303746622591,2.0096097331139346,20.304540797763163
0.7487437185929648,9.581632653061224,36.89771181888744,2.0010880579089307,29.223313373203656
0.7537688442211056,9.581632653061224,37.065793977899496,1.989373531626441,37.579198329361134
0.7587939698492462,9.581632653061224,37.274439279101045,1.9746623736566937,45.36785197581761
0.7638190954773869,9.581632653061224,37.52080105371846,1.9570616163385832,52.589289154139294
0.7688442211055276,9.581632653061224,37.80202403667319,1.9366284466326567,59.24261009663173
0.7738693467336684,9.581632653061224,38.115259948405495,1.9134328812717953,65.32884245243747
0.7788944723618091,9.581632653061224,38.45764744024627,1.8875033766878055,70.84643807922181
0.7839195979899497,9.581632653061224,38.82633309794039,1.8588586547305097,75.79404918541115
0.7889447236180904,9.581632653061224,39.218456534425094,1.8275023480495083,80.17614204465929
0.7939698492462312,9.581632653061224,39.631155961906195,1.7933933828296418,83.98395586880962
0.7989949748743719,9.581632653061224,40.06156584887489,1.7564821010139597,87.22325825079314
0.8040201005025126,9.581632653061224,40.5068041861581,1.7166536530780965,89.8852631106232
0.8090452261306532,9.581632653061224,40.96400016618093,1.6737505872083063,91.97756107961756
0.8140703517587939,9.581632653061224,41.43024416080275,1.6275307849011533,93.4861501070434
0.8190954773869347,9.581632653061224,41.902625670219294,1.5776321546432752,94.42461382593885
0.8241206030150754,9.581632653061224,42.37818527047145,1.5235124316487807,94.76532350071852
0.8291457286432161,9.581632653061224,42.85395353777159,1.464317277218002,94.48735983978808
0.8341708542713567,9.581632653061224,43.32677822737924,1.3986791395150773,93.57292764938079
0.8391959798994975,9.581632653061224,43.7932843900811,1.3241510734371464,91.94812075072755
0.8442211055276382,9.581632653061224,44.24944236576084,1.2359256609966531,89.41177267667376
0.8492462311557789,9.581632653061224,44.68896599154634,1.1225729736675791,85.05650126746926
0.8542713567839196,9.581632653061224,45.09353672414548,0.9508218289441598,73.16041946755372
0.8592964824120602,9.581632653061224,45.38436128035842,0.6493430454656464,38.44142483300956
0.864321608040201,9.581632653061224,45.512021826704114,0.26632206618478277,16.541168957767198
0.8693467336683417,9.581632653061224,45.57126552487479,-0.11203103230946009,8.759280041288765
0.8743718592964824,9.581632653061224,45.60736701744163,-0.4684390487853855,5.9329040347825925
0.8793969849246231,9.581632653061224,45.63385006253774,-0.7978806051609516,4.696051142980216
0.8844221105527639,9.581632653061224,45.65594761485862,-1.0970346176689576,4.171789094950179
0.8894472361809045,9.581632653061224,45.67642665128256,-1.3628131040679115,4.064685995043965
0.8944723618090452,9.581632653061224,45.69739234421103,-1.5921521494317772,4.496615699038611
0.8994974874371859,9.581632653061224,45.7216515767721,-1.7817789158062785,5.59258394500056
0.9045226130653267,9.581632653061224,45.75578617584925,-1.9268246827045576,9.025579473357634
0.9095477386934674,9.581632653061224,45.81927396503752,-2.0056303996308538,15.007653701982457
0.914572864321608,9.581632653061224,45.87500287242214,-2.014674503252885,6.3634902551389505
0.9195979899497487,9.581632653061224,45.891495374398744,-2.0147406677232875,6.778871652469068
0.9246231155778895,9.581632653061224,45.967633494652915,-2.0112288110031553,23.139112994050905
0.9296482412060302,9.581632653061224,46.12031171005887,-2.0008855803343595,37.25716693428938
0.9346733668341709,9.581632653061224,46.338334214556994,-1.9856615867434178,49.142772358233294
0.9396984924623115,9.581632653061224,46.6104575828582,-1.9663855053063828,58.78804587887884
0.9447236180904522,9.581632653061224,46.9254206446963,-1.9436671238646934,66.19239360625102
0.949748743718593,9.581632653061224,47.27195729556172,-1.9181357484053074,71.35580257307554
0.9547738693467337,9.581632653061224,47.63881637744246,-1.8904466024333137,74.27892327095736
0.9597989949748744,9.581632653061224,48.01474028683533,-1.861318541730011,74.96565491187089
0.964824120603015,9.581632653061224,48.388471064756544,-1.8315286115002647,73.40826401621699
0.9698492462311558,9.581632653061224,48.74876736150876,-1.8019418280540893,69.61673841914477
0.9748743718592965,9.581632653061224,49.084396970030035,-1.773547468806264,63.59051777111546
0.9798994974874372,9.581632653061224,49.38413834580434,-1.7474398950188974,55.3330296399445
0.9849246231155779,9.581632653061224,49.63677441268184,-1.7248275791432115,44.84238893483556
0.9899497487437185,9.581632653061224,49.83109639607196,-1.7070312440182178,32.126383896856225
0.9949748743718593,9.581632653061224,49.955904712081235,-1.6953998279167575,17.17720796219608
1.0,9.581632653061224,50.0,-1.6912554603921057,0.0
0.0,9.60204081632653,0.0,2.0,0.0
0.005025125628140704,9.60204081632653,0.02633509946938211,1.9994530882827406,10.377746524402077
0.010050251256281407,9.60204081632653,0.10324375798015653,1.9951149337942402,20.13125701765769
0.01507537688442211,9.60204081632653,0.2276834787848947,1.9865471305888602,29.298355572245505
0.020100502512562814,9.60204081632653,0.3967103416920893,1.9746464169086098,37.875387453550495
0.02512562814070352,9.60204081632653,0.6073424557117362,1.9596403031638094,45.85698322715754
0.03015075376884422,9.60204081632653,0.8565894566807924,1.941633676283159,53.2446240524681
0.035175879396984924,9.60204081632653,1.141458169449063,1.9206969359700723,60.03426325088705
0.04020100502512563,9.60204081632653,1.458953805896664,1.896882707883153,66.23079746195518
0.04522613065326633,9.60204081632653,1.806080444673213,1.8702353726574357,71.8292999995762
0.05025125628140704,9.60204081632653,2.1798389928720994,1.8407674803649074,76.82770267580067
0.05527638190954774,9.60204081632653,2.577225405521791,1.8084617332788266,81.23388826680564
0.06030150753768844,9.60204081632653,2.9952365637382417,1.7732835735013508,85.03655107222085
0.06532663316582915,9.60204081632653,3.4308590202322646,1.7351622658845907,88.23994192584055
0.07035175879396985,9.60204081632653,3.8810742805120846,1.6939519300802879,90.84541261195737
0.07537688442211055,9.60204081632653,4.342850872070976,1.6494522837113126,92.84102705706208
0.08040201005025126,9.60204081632653,4.813147462675789,1.6013793703719978,94.2305150510077
0.08542713567839195,9.60204081632653,5.288886872029882,1.5492817938205794,95.00477452488323
0.09045226130653267,9.60204081632653,5.76695520498268,1.4924467560253156,95.16050066235422
0.09547738693467336,9.60204081632653,6.244147692234607,1.4298002839946198,94.6533404993387
0.10050251256281408,9.60204081632653,6.717090665406657,1.359414021572066,93.44537998894127
0.10552763819095477,9.60204081632653,7.181996500816097,1.2777757589224432,91.40815775422234
0.11055276381909548,9.60204081632653,7.633788767567629,1.177190131242976,88.05256221749978
0.11557788944723618,9.60204081632653,8.061799267814656,1.036940074060154,81.11465603050397
0.12060301507537688,9.60204081632653,8.420532134863805,0.7959280342539414,57.76788325378704
0.12562814070351758,9.60204081632653,8.609646788496153,0.42749247909772403,22.39310024481212
0.1306532663316583,9.60204081632653,8.688701326223146,0.039196649776441314,11.09996672847082
0.135678391959799,9.60204081632653,8.731960995290452,-0.3307616248557025,6.987570102523212
0.1407035175879397,9.60204081632653,8.761587885719857,-0.6749485607024048,5.159715574601366
0.1457286432160804,9.60204081632653,8.785170125334739,-0.989487462066609,4.356809616128716
0.1507537688442211,9.60204081632653,8.806190193561775,-1.271095339849579,4.1100993577601574
0.15577889447236182,9.60204081632653,8.826953683662444,-1.5165858975433264,4.247068070343814
0.16080402010050251,9.60204081632653,8.849883968199533,-1.7226585585599328,4.98573908741343
0.1658291457286432,9.60204081632653,8.879735714114087,-1.8851955745367444,7.465852125727469
0.1708542713567839,9.60204081632653,8.93257769430491,-1.9914464531305711,14.746908927770678
0.17587939698492464,9.60204081632653,8.999885414377001,-2.0141624585000435,9.411809493366842
0.18090452261306533,9.60204081632653,9.021749976485577,-2.0147582688989627,0.9771938684731946
0.18592964824120603,9.60204081632653,9.052130889733682,-2.0140483066351167,11.01498008495973
0.19095477386934673,9.60204081632653,9.131456032804024,-2.009463463747752,20.46198488023809
0.19597989949748743,9.60204081632653,9.25685321584781,-2.000902501544119,29.353618432324208
0.20100502512562815,9.60204081632653,9.425525305073108,-1.9891681311781249,37.68390803071628
0.20603015075376885,9.60204081632653,9.634638761016628,-1.9744563933538963,45.44932497264653
0.21105527638190955,9.60204081632653,9.881355639818873,-1.9568589508231078,52.64999547166615
0.21608040201005024,9.60204081632653,10.162834057714171,-1.9364537238199633,59.284437446649065
0.22110552763819097,9.60204081632653,10.476237333560507,-1.9132876314702723,65.35411388471906
0.22613065326633167,9.60204081632653,10.818717073605432,-1.8874030182304098,70.85570224937351
0.23115577889447236,9.60204081632653,11.187422805970742,-1.8588133615346125,75.7922787053497
0.23618090452261306,9.60204081632653,11.57950140734069,-1.8275259028662716,80.15956182772177
0.24120603015075376,9.60204081632653,11.992102061876155,-1.7935035368396939,83.96005151662189
0.24623115577889448,9.60204081632653,12.422372545728068,-1.7566869895508785,87.19466240256007
0.25125628140703515,9.60204081632653,12.86744675868139,-1.716971704375663,89.85118145860633
0.2562814070351759,9.60204081632653,13.324451200457453,-1.6741924959340349,91.94115422823208
0.2613065326633166,9.60204081632653,13.790508556829618,-1.6281212094380493,93.45101955559444
0.2663316582914573,9.60204081632653,14.262708535718685,-1.5783865397722316,94.38367530958159
0.271356783919598,9.60204081632653,14.73811826595298,-1.5244636518589139,94.72871073458408
0.27638190954773867,9.60204081632653,15.21374697143566,-1.4655192520565528,94.4624240474145
0.2814070351758794,9.60204081632653,15.686484970189957,-1.4001975502456077,93.5659484649514
0.2864321608040201,9.60204081632653,16.15299750119705,-1.3260950725442375,91.96820132541778
0.2914572864321608,9.60204081632653,16.60929037524726,-1.2384838797435813,89.45394793337218
0.2964824120603015,9.60204081632653,17.04920721497707,-1.1263871199440725,85.12734952870471
0.3015075376884422,9.60204081632653,17.455229009102155,-0.9575496318270919,73.81967645446525
0.3065326633165829,9.60204081632653,17.751031649465247,-0.6605564248704145,39.75230844896934
0.31155778894472363,9.60204081632653,17.882106966875366,-0.27847413680062244,16.320155695177604
0.3165829145728643,9.60204081632653,17.942367636646004,0.10014174454563633,8.90075913197829
0.32160804020100503,9.60204081632653,17.9788300401951,0.45704055935713417,6.0224394687891944
0.32663316582914576,9.60204081632653,18.00545389369279,0.787165520220923,4.7309913054241575
0.3316582914572864,9.60204081632653,18.027588267983756,1.0871177580999367,4.166417226265026
0.33668341708542715,9.60204081632653,18.04801777643939,1.353853348733163,3.964216907958708
0.3417085427135678,9.60204081632653,18.068896085236048,1.584330103227168,4.360244344527747
0.34673366834170855,9.60204081632653,18.092849001998257,1.7752862823566105,5.515360239998346
0.35175879396984927,9.60204081632653,18.12623821826834,1.9220522784625587,8.273714928207813
0.35678391959798994,9.60204081632653,18.188309140916868,2.0043270613100974,15.044086662235205
0.36180904522613067,9.60204081632653,18.245650931040004,2.014615531220036,6.754458412705179
0.36683417085427134,9.60204081632653,18.25991962732226,2.014749369742111,3.4695637696727673
0.37185929648241206,9.60204081632653,18.302465453373532,2.0133553988606043,13.362290493305988
0.3768844221105528,9.60204081632653,18.39323840904908,2.00768843972423,22.673137856112188
0.38190954773869346,9.60204081632653,18.529408004496116,1.998318943241864,31.429294729281228
0.3869346733668342,9.60204081632653,18.708165928104794,1.9858506663481583,39.62233524755095
0.39195979899497485,9.60204081632653,18.926677410030354,1.970430910173671,47.25063968547561
0.3969849246231156,9.60204081632653,19.18210628208416,1.9521423386611134,54.31383006822732
0.4020100502512563,9.60204081632653,19.471602914629578,1.9310628990319318,60.811686680215
0.40703517587939697,9.60204081632653,19.79233034473687,1.9072305933828801,66.74413581394032
0.4120603015075377,9.60204081632653,20.14143797337214,1.8806918113781954,72.10850410483195
0.41708542713567837,9.60204081632653,20.5160829142922,1.8514475709284914,76.90499360829199
0.4221105527638191,9.60204081632653,20.913413294995575,1.8195022576595652,81.13592042897797
0.4271356783919598,9.60204081632653,21.330577503932084,1.7848080918847051,84.79841040182393
0.4321608040201005,9.60204081632653,21.764706020174806,1.747295554724079,87.88998321027073
0.4371859296482412,9.60204081632653,22.21295111356433,1.7068529239587158,90.41231932026274
0.44221105527638194,9.60204081632653,22.67243689180295,1.6632959233636604,92.3598127193631
0.4472361809045226,9.60204081632653,23.140260411525432,1.6163690433072406,93.73128563753409
0.45226130653266333,9.60204081632653,23.613508001724774,1.565674047787276,94.52931498620345
0.457286432160804,9.60204081632653,24.089247369083036,1.5106265446931473,94.72726294904001
0.4623115577889447,9.60204081632653,24.56445510312257,1.4502796466278605,94.31966754915909
0.46733668341708545,9.60204081632653,25.035997159332798,1.383094852602387,93.2577613994975
0.4723618090452261,9.60204081632653,25.500427944291452,1.3062752309739198,91.43786913743186
0.47738693467336685,9.60204081632653,25.953473066482566,1.214140669389406,88.6052730766197
0.4824120603015075,9.60204081632653,26.38770305838651,1.09265064430521,83.45693612217363
0.48743718592964824,9.60204081632653,26.777856896358063,0.8995130039615641,68.58099011364006
0.49246231155778897,9.60204081632653,27.03010798691143,0.5701270519249485,31.34487167464779
0.49748743718592964,9.60204081632653,27.135737991384342,0.18478041718534086,13.952510822271876
0.5025125628140703,9.60204081632653,27.187908103788555,-0.1893095467729999,8.087810274189275
0.507537688442211,9.60204081632653,27.22120911296632,-0.5400489351180832,5.685425528956875
0.5125628140703518,9.60204081632653,27.246384538464614,-0.8631210296344145,4.531786415293281
0.5175879396984925,9.60204081632653,27.26789116598909,-1.1552862310180718,4.106986347762526
0.5226130653266332,9.60204081632653,27.288239552140713,-1.4134850856673717,4.106034829614758
0.5276381909547738,9.60204081632653,27.309514945232667,-1.6346595374596526,4.532336104503718
0.5326633165829145,9.60204081632653,27.33494672742973,-1.8154382319572056,5.807709696810665
0.5376884422110553,9.60204081632653,27.372983168949702,-1.94992455440378,9.993813918591114
0.542713567839196,9.60204081632653,27.441446970412155,-2.0102199863413555,13.79741549230019
0.5477386934673367,9.60204081632653,27.487797326459937,-2.0147391569357214,4.3065504582777985
0.5527638190954773,9.60204081632653,27.50105116798071,-2.014685606258242,5.930845954279576
0.5577889447236181,9.60204081632653,27.555596470027513,-2.0123793262940257,15.67771206533801
0.5628140703517588,9.60204081632653,27.657665437480382,-2.0057034680860495,24.85403680130261
0.5678391959798995,9.60204081632653,27.80445362201562,-1.9955556940262247,33.4740746592755
0.5728643216080402,9.60204081632653,27.99314261671545,-1.9823621301418552,41.53048459162286
0.5778894472361809,9.60204081632653,28.220895035656206,-1.9662377869312126,49.021242058207704
0.5829145728643216,9.60204081632653,28.484873036643634,-1.9472635851197324,55.94642345833011
0.5879396984924623,9.60204081632653,28.78223259795445,-1.9255076248437384,62.30784612181354
0.592964824120603,9.60204081632653,29.110126097392115,-1.901014976652006,68.1020926055726
0.5979899497487438,9.60204081632653,29.46571296795578,-1.8738181319242095,73.32736138076396
0.6030150753768844,9.60204081632653,29.846143633267236,-1.8439150102625996,77.98892624222496
0.6080402010050251,9.60204081632653,30.248564728657236,-1.811301007801217,82.08018697475558
0.6130653266331658,9.60204081632653,30.67012481818003,-1.7759280955418495,85.60512515727852
0.6180904522613065,9.60204081632653,31.10795498710049,-1.7377227764416987,88.55985488388572
0.6231155778894473,9.60204081632653,31.559200901958732,-1.6965403214865313,90.94253803194529
0.628140703517588,9.60204081632653,32.02097850985013,-1.6521914320172137,92.74747617932404
0.6331658291457286,9.60204081632653,32.49039789087124,-1.6043862676749117,93.9777985507407
0.6381909547738693,9.60204081632653,32.96452750430116,-1.5527023302920266,94.62873559771285
0.6432160804020101,9.60204081632653,33.44043405366466,-1.4964558383899176,94.67458858106778
0.6482412060301508,9.60204081632653,33.91504196002244,-1.4346149774465202,94.11316341871338
0.6532663316582915,9.60204081632653,34.385178216229754,-1.3654196665388993,92.90059376598873
0.6582914572864321,9.60204081632653,34.84727519754721,-1.2855627717218259,90.87480751008417
0.6633165829145728,9.60204081632653,35.29666403509658,-1.1881444167441377,87.70456133317624
0.6683417085427136,9.60204081632653,35.72400320061997,-1.0549768592618365,81.33993477814455
0.6733668341708543,9.60204081632653,36.09200816567679,-0.8319269870494407,61.759687265707534
0.678391959798995,9.60204081632653,36.30010747790068,-0.476970920336184,25.194558816735146
0.6834170854271356,9.60204081632653,36.38656870229806,-0.09186198361826886,11.63133007954453
0.6884422110552764,9.60204081632653,36.432420819334254,0.27709455291437657,7.139456782568822
0.6934673366834171,9.60204081632653,36.46312201054313,0.621426261553143,5.2685007435772455
0.6984924623115578,9.60204081632653,36.487116992909236,0.9372619020606824,4.400061838758642
0.7035175879396985,9.60204081632653,36.50814410928829,1.2214291275699727,4.067820875681253
0.7085427135678392,9.60204081632653,36.52852164019197,1.4709082998993197,4.082721005191595
0.7135678391959799,9.60204081632653,36.55045290508422,1.6825887754746396,4.847996955847388
0.7185929648241206,9.60204081632653,36.57775227664384,1.8528673674394387,6.490768804218804
0.7236180904522613,9.60204081632653,36.62209637831992,1.9735290122076043,12.333850454657709
0.7286432160804021,9.60204081632653,36.692381418374254,2.01296468505744,11.728235596306071
0.7336683417085427,9.60204081632653,36.726814910457556,2.014758537168562,1.817939097486932
0.7386934673366834,9.60204081632653,36.74506673720012,2.0144928388008503,8.361324506673087
0.7437185929648241,9.60204081632653,36.811458243804196,2.0111297302763336,17.964079962143213
0.7487437185929648,9.60204081632653,36.92468008396928,2.00352293036603,27.00606960735188
0.7537688442211056,9.60204081632653,37.081939098714685,1.9926156256359928,35.48913082528243
0.7587939698492462,9.60204081632653,37.280407498327484,1.9786989468157234,43.407896078021174
0.7638190954773869,9.60204081632653,37.51724843786391,1.9618723068044812,50.76163521043525
0.7688442211055276,9.60204081632653,37.78961717286209,1.942218617531429,57.54837320847184
0.7738693467336684,9.60204081632653,38.09467607969618,1.9197897333388216,63.77165585139128
0.7788944723618091,9.60204081632653,38.42957789961167,1.8946374629698275,69.4278979445135
0.7839195979899497,9.60204081632653,38.79148008488653,1.8667819902346887,74.51467283420764
0.7889447236180904,9.60204081632653,39.177525288089335,1.8362246508345936,79.03919987529241
0.7939698492462312,9.60204081632653,39.584871472299284,1.8029423366986115,82.99369749686971
0.7989949748743719,9.60204081632653,40.01066339394507,1.7668905916301825,86.37820167384926
0.8040201005025126,9.60204081632653,40.45203457037256,1.7279658197614718,89.18979592689557
0.8090452261306532,9.60204081632653,40.9061132273324,1.6860299392776625,91.4331617018011
0.8140703517587939,9.60204081632653,41.37003263185268,1.6408774007268223,93.10451623402682
0.8190954773869347,9.60204081632653,41.840869511319646,1.5921753110979897,94.19110350045105
0.8241206030150754,9.60204081632653,42.31571172411757,1.539448503091334,94.69823722386788
0.8291457286432161,9.60204081632653,42.79159702303169,1.4819499190415246,94.59800944891371
0.8341708542713567,9.60204081632653,43.265448225446654,1.4185256453589952,93.88171389578393
0.8391959798994975,9.60204081632653,43.73397759672843,1.347102340607945,92.47852231697331
0.8442211055276382,9.60204081632653,44.193467100026176,1.2638416417567706,90.23865950422741
0.8492462311557789,9.60204081632653,44.638692483918184,1.1601270865023248,86.61842352225544
0.8542713567839196,9.60204081632653,45.05741368023344,1.0122507760984691,78.49315310259865
0.8592964824120602,9.60204081632653,45.39548579478133,0.7548173801124362,51.19931749289989
0.864321608040201,9.60204081632653,45.56314185169794,0.3827377561330184,20.09286324662094
0.8693467336683417,9.60204081632653,45.6352523573564,-2.0742665063497762e-5,10.191093607722394
0.8743718592964824,9.60204081632653,45.676102326158556,-0.3634241721120432,6.656700945036783
0.8793969849246231,9.60204081632653,45.70467173346351,-0.7011494048113162,4.959672055047961
0.8844221105527639,9.60204081632653,45.72767775224845,-1.0095694466932792,4.265441387194471
0.8894472361809045,9.60204081632653,45.74835409875252,-1.2855666870777003,3.987765438176809
0.8944723618090452,9.60204081632653,45.768875052990886,-1.5261348673872095,4.062860821352277
0.8994974874371859,9.60204081632653,45.79163817895177,-1.728088344900858,4.8428850193034085
0.9045226130653267,9.60204081632653,45.82140285009356,-1.8874952083494565,7.398453548800115
0.9095477386934674,9.60204081632653,45.873891825202776,-1.9916828641634947,14.433738221626053
0.914572864321608,9.60204081632653,45.94060062717631,-2.014142169489775,9.412995534525384
0.9195979899497487,9.60204081632653,45.96309439413943,-2.014758712302134,1.2633454819642462
0.9246231155778895,9.60204081632653,46.01411745575899,-2.013049912010409,18.64130584724467
0.9296482412060302,9.60204081632653,46.14649708972475,-2.004447864909251,33.662822100520394
0.9346733668341709,9.60204081632653,46.34856224777874,-1.9904272068552495,46.37162646425847
0.9396984924623115,9.60204081632653,46.60864523659049,-1.9721236328827825,56.753599952863986
0.9447236180904522,9.60204081632653,46.915051357880834,-1.9501845736637369,64.80800438001438
0.949748743718593,9.60204081632653,47.25607932826464,-1.9252636889578596,70.5333316465355
0.9547738693467337,9.60204081632653,47.620030810088494,-1.8980356789752044,73.93075393865074
0.9597989949748744,9.60204081632653,47.99521671387511,-1.8692379471419798,75.00447528296333
0.964824120603015,9.60204081632653,48.36994349614441,-1.839659073076402,73.7483208557295
0.9698492462311558,9.60204081632653,48.73253089409749,-1.8101940731289372,70.1727135840477
0.9748743718592965,9.60204081632653,49.0712946955716,-1.7818417550938206,64.27350639001229
0.9798994974874372,9.60204081632653,49.374588347388915,-1.7557107404196528,56.050064501259996
0.9849246231155779,9.60204081632653,49.63074273473625,-1.7330446337466054,45.51283059403388
0.9899497487437185,9.60204081632653,49.82811843980322,-1.715180095470559,32.65761639856694
0.9949748743718593,9.60204081632653,49.95508694782187,-1.703489383033695,17.48800856916241
1.0,9.60204081632653,50.0,-1.6993114488198084,0.0
0.0,9.622448979591837,0.0,2.0,0.0
0.005025125628140704,9.622448979591837,0.026281471917655185,1.99945532328274,10.356809619633509
0.010050251256281407,9.622448979591837,0.10303750237084171,1.99513481231297,20.091825919710683
0.01507537688442211,9.622448979591837,0.2272373044899989,1.986601789059219,29.242630156112497
0.020100502512562814,9.622448979591837,0.3959478209444652,1.9747492346911522,37.80560544116329
0.02512562814070352,9.622448979591837,0.6061987632714619,1.9598035535750324,45.77540334266751
0.03015075376884422,9.622448979591837,0.8550110371820335,1.941869484379589,53.15349724251413
0.035175879396984924,9.622448979591837,1.1394029993480743,1.9210170629467385,59.935908769103094
0.04020100502512563,9.622448979591837,1.4563906525135544,1.8972984979636038,66.12722549994218
0.04522613065326633,9.622448979591837,1.8029902385678052,1.8707589646316818,71.72306635524554
0.05025125628140704,9.622448979591837,2.176213498048574,1.8414133598434907,76.72143938720205
0.05527638190954774,9.622448979591837,2.573069647863027,1.809239890839341,81.12838132769681
0.06030150753768844,9.622448979591837,2.9905637728556567,1.7742120207160212,84.93529978857492
0.06532663316582915,9.622448979591837,3.425696577238878,1.7362560340137922,88.14718211403658
0.07035175879396985,9.622448979591837,3.875460695876633,1.695226272431023,90.76322081018365
0.07537688442211055,9.622448979591837,4.33683856010805,1.6509389153939857,92.76625196782712
0.08040201005025126,9.622448979591837,4.806796455465872,1.6031032002024959,94.16984180299745
0.08542713567839195,9.622448979591837,5.282276792766956,1.5512780259185437,94.96694502969113
0.09045226130653267,9.622448979591837,5.760175683699056,1.4947724706120378,95.12877665416256
0.09547738693467336,9.622448979591837,6.237309609028343,1.4325300506335676,94.66754034180892
0.10050251256281408,9.622448979591837,6.710329824754086,1.3627153603633002,93.47595861946274
0.10552763819095477,9.622448979591837,7.17549061389967,1.2818994731770503,91.48781503067255
0.11055276381909548,9.622448979591837,7.62784023463065,1.1827128959699833,88.28783817776358
0.11557788944723618,9.622448979591837,8.057306812349536,1.0456192464218943,81.5028194079248
0.12060301507537688,9.622448979591837,8.42197086453915,0.8121609333660805,57.739469607615426
0.12562814070351758,9.622448979591837,8.61968133835948,0.44785361121622663,24.250532129114983
0.1306532663316583,9.622448979591837,8.701754522955316,0.05935529925569331,11.171463465843546
0.135678391959799,9.622448979591837,8.746017669831657,-0.3115344137227734,6.964481189526484
0.1407035175879397,9.622448979591837,8.776050010123408,-0.6569287759663409,5.1915675982594305
0.1457286432160804,9.622448979591837,8.79977812148768,-0.9729056153242415,4.363071835937062
0.1507537688442211,9.622448979591837,8.820809781030166,-1.2561788092465795,4.0260070264911105
0.15577889447236182,9.622448979591837,8.841442845102799,-1.5035786586387498,4.224478647904404
0.16080402010050251,9.622448979591837,8.864101034819925,-1.7118283549415791,4.747771228570695
0.1658291457286432,9.622448979591837,8.8932412322708,-1.8769307126250454,7.1403388504011165
0.1708542713567839,9.622448979591837,8.94381478583083,-1.987509762908012,14.18398585650191
0.17587939698492464,9.622448979591837,9.012524931367853,-2.013948800287366,10.011664303352918
0.18090452261306533,9.622448979591837,9.037173992805858,-2.014734641935645,0.3329013739731467
0.18592964824120603,9.622448979591837,9.064358113445124,-2.0141519988352306,10.388443044538647
0.19095477386934673,9.622448979591837,9.140578980357402,-2.009863253007274,19.853331448605854
0.19597989949748743,9.622448979591837,9.262963785655936,-2.0015491467542637,28.763918172585946
0.20100502512562815,9.622448979591837,9.428727096887863,-1.9900499514896974,37.1160369838545
0.20603015075376885,9.622448979591837,9.635046855120523,-1.975578646113845,44.90544116418249
0.21105527638190955,9.622448979591837,9.879097451670633,-1.9582263078288895,52.13174393006062
0.21608040201005024,9.622448979591837,10.158044191373438,-1.9380700449978847,58.796177715608756
0.22110552763819097,9.622448979591837,10.469056684034715,-1.9151631825115751,64.89426562644456
0.22613065326633167,9.622448979591837,10.8093027953984,-1.8895497853894259,70.4303350730364
0.23115577889447236,9.622448979591837,11.175946305519142,-1.861248712767263,75.3987779544451
0.23618090452261306,9.622448979591837,11.566140725481217,-1.8302565264522048,79.80521752949628
0.24120603015075376,9.622448979591837,11.97705460184122,-1.796545089597562,83.6443910314657
0.24623115577889448,9.622448979591837,12.405834038109257,-1.760055717414616,86.91487764381775
0.25125628140703515,9.622448979591837,12.849633171599574,-1.7206896803406062,89.62305156882954
0.2562814070351759,9.622448979591837,13.305588040635659,-1.6783045700496189,91.75576518615172
0.2613065326633166,9.622448979591837,13.770828291171643,-1.6326490419190245,93.31511738210507
0.2663316582914573,9.622448979591837,14.24246100110497,-1.5834058666174236,94.30397060731309
0.271356783919598,9.622448979591837,14.717562073961302,-1.5300525711111133,94.70233637890203
0.27638190954773867,9.622448979591837,15.193162608872093,-1.4717992724708788,94.48945714726851
0.2814070351758794,9.622448979591837,15.66618910668507,-1.4073786605070744,93.65908203950808
0.2864321608040201,9.622448979591837,16.1333371559821,-1.3345388563717206,92.15971545427436
0.2914572864321608,9.622448979591837,16.590766178381536,-1.2489628501581214,89.71917722933597
0.2964824120603015,9.622448979591837,17.0327386426286,-1.1407344662018923,85.72308809885914
0.3015075376884422,9.622448979591837,17.444315916815967,-0.9815760868421194,76.09930672973198
0.3065326633165829,9.622448979591837,17.758713650530506,-0.7013199555422549,44.02668734407283
0.31155778894472363,9.622448979591837,17.903898608328305,-0.32270839733966944,17.61242530185407
0.3165829145728643,9.622448979591837,17.96862932126489,0.057531968087744446,9.332352942164997
0.32160804020100503,9.622448979591837,18.006758417989637,0.4169770494821148,6.187788912704079
0.32663316582914576,9.622448979591837,18.034084619323778,0.7501193152946494,4.796822114238045
0.3316582914572864,9.622448979591837,18.056506203602737,1.0535008328800073,4.196112312899704
0.33668341708542715,9.622448979591837,18.076971084923127,1.3240661793978048,4.007900180115734
0.3417085427135678,9.622448979591837,18.097612761086275,1.5588013656296162,4.300378301310785
0.34673366834170855,9.622448979591837,18.12090145122206,1.754507195581328,5.213231850698217
0.35175879396984927,9.622448979591837,18.15243618991324,1.9068865466756553,7.803865217837437
0.35678391959798994,9.622448979591837,18.210150481406853,1.9995077420346596,15.184818267562049
0.36180904522613067,9.622448979591837,18.272214870124813,2.0144431598701527,7.970485971489069
0.36683417085427134,9.622448979591837,18.289272620230186,2.0147346365636705,2.198439156099208
0.37185929648241206,9.622448979591837,18.325566004648334,2.0137184610135743,12.146404211953492
0.3768844221105528,9.622448979591837,18.41036106253171,2.008612114100889,21.509210432895653
0.38190954773869346,9.622448979591837,18.54081720033857,1.999685384420807,30.31959062346557
0.3869346733668342,9.622448979591837,18.714142170630108,1.9876393219986024,38.56982176257635
0.39195979899497485,9.622448979591837,18.92751293740363,1.972638250375527,46.25849048479394
0.3969849246231156,9.622448979591837,19.178100043872895,1.954773686389576,53.38149594437067
0.4020100502512563,9.622448979591837,19.463075679566153,1.9341121217044457,59.9430178701478
0.40703517587939697,9.622448979591837,19.779598848524625,1.9107153180387824,65.93896195845842
0.4120603015075377,9.622448979591837,20.12483883520378,1.8846123225207683,71.37153658254682
0.41708542713567837,9.622448979591837,20.49596616433934,1.855819301824892,76.24101750940079
0.4221105527638191,9.622448979591837,20.890128570475994,1.824338796791506,80.54181697040575
0.4271356783919598,9.622448979591837,21.30449647484421,1.7901311824002932,84.27909397005695
0.4321608040201005,9.622448979591837,21.736208893693828,1.7531285066470776,87.44748165400833
0.4371859296482412,9.622448979591837,22.182437688358835,1.7132313452266419,90.04987035650306
0.44221105527638194,9.622448979591837,22.640302750197897,1.6702659163318998,92.07809965854088
0.4472361809045226,9.622448979591837,23.106912724175498,1.6239972143620285,93.53827911148672
0.45226130653266333,9.622448979591837,23.579385883517613,1.5740457689356682,94.41060001618017
0.457286432160804,9.622448979591837,24.054795857064786,1.519872211954454,94.700376247319
0.4623115577889447,9.622448979591837,24.53016056694009,1.4606180409602674,94.3843546379143
0.46733668341708545,9.622448979591837,25.002373588099804,1.3948706960250534,93.43458090029227
0.4723618090452261,9.622448979591837,25.46807259878854,1.3201350034736912,91.7650358952669
0.47738693467336685,9.622448979591837,25.923208572153342,1.2314592783027525,89.21254343274941
0.4824120603015075,9.622448979591837,26.36135868158248,1.11703723269509,84.65511746305906
0.48743718592964824,9.622448979591837,26.76320169503802,0.9421733633526781,72.40332259823785
0.49246231155778897,9.622448979591837,27.04691163316645,0.6358179860329997,37.066443289094835
0.49748743718592964,9.622448979591837,27.169968573655673,0.2526442969867491,15.851012944597208
0.5025125628140703,9.622448979591837,27.227676998394525,-0.12451135884045263,8.520578214874075
0.507537688442211,9.622448979591837,27.2631288648417,-0.47949681248735565,5.846542338795927
0.5125628140703518,9.622448979591837,27.289269041244616,-0.8074758290629598,4.644597806489446
0.5175879396984925,9.622448979591837,27.31115769695176,-1.1051480470626451,4.138395655585851
0.5226130653266332,9.622448979591837,27.331501686798262,-1.3694386801127159,4.054494624845227
0.5276381909547738,9.622448979591837,27.352374208794686,-1.597324054820671,4.474455535576553
0.5326633165829145,9.622448979591837,27.3766284009606,-1.785556301152842,5.590188764096965
0.5376884422110553,9.622448979591837,27.410943844667166,-1.9292218412097206,9.002279914968563
0.542713567839196,9.622448979591837,27.47475784989039,-2.006146374520394,14.916652395333715
0.5477386934673367,9.622448979591837,27.52954256608487,-2.014639903377281,6.165779266822751
0.5527638190954773,9.622448979591837,27.54300199892139,-2.0147180483552307,4.048212494301367
0.5577889447236181,9.622448979591837,27.588321210577856,-2.01312972672959,13.888576038410632
0.5628140703517588,9.622448979591837,27.681612792274667,-2.0072388475019336,23.150618100634812
0.5678391959798995,9.622448979591837,27.82006538309097,-1.997719548037275,31.860395886977923
0.5728643216080402,9.622448979591837,28.00087756687651,-1.9851251726458026,40.0088886293142
0.5778894472361809,9.622448979591837,28.221224443009703,-1.9696006381736388,47.59476770598356
0.5829145728643216,9.622448979591837,28.478272440251562,-1.9512246061456944,54.61783904814745
0.5879396984924623,9.622448979591837,28.769196093077866,-1.9300618643805791,61.07517954786367
0.592964824120603,9.622448979591837,29.091156579647382,-1.906172189002394,66.96998328015214
0.5979899497487438,9.622448979591837,29.441320374747377,-1.8795790458373332,72.30002015051379
0.6030150753768844,9.622448979591837,29.816849953298522,-1.8502948521118128,77.06604588573633
0.6080402010050251,9.622448979591837,30.214905787325375,-1.8183227375566011,81.26517957635653
0.6130653266331658,9.622448979591837,30.63265614752218,-1.7836114034600523,84.89979165201667
0.6180904522613065,9.622448979591837,31.06722840451171,-1.7460881478068961,87.96447234095193
0.6231155778894473,9.622448979591837,31.51578494904099,-1.7056489217512327,90.46198038388624
0.628140703517588,9.622448979591837,31.97545978983865,-1.6620986556912993,92.38816138983309
0.6331658291457286,9.622448979591837,32.443371267278,-1.6151933216448964,93.7380577043002
0.6381909547738693,9.622448979591837,32.91661127122874,-1.5645244973346206,94.51972788617472
0.6432160804020101,9.622448979591837,33.39225765279931,-1.5095039897755818,94.6928187713376
0.6482412060301508,9.622448979591837,33.86729673250655,-1.4491896357714007,94.2655747364109
0.6532663316582915,9.622448979591837,34.33857609403788,-1.3820362359409586,93.19009567673812
0.6582914572864321,9.622448979591837,34.80269671203343,-1.3052343762007403,91.37052443799911
0.6633165829145728,9.622448979591837,35.255358045274406,-1.2130814310859723,88.53331073565829
0.6683417085427136,9.622448979591837,35.689143939741335,-1.0914437452174126,83.3988275395591
0.6733668341708543,9.622448979591837,36.07843613482797,-0.897661631070601,68.45858099271587
0.678391959798995,9.622448979591837,36.32931112866731,-0.5677912371223066,32.23650240961657
0.6834170854271356,9.622448979591837,36.43416521661046,-0.1826638126265508,13.713566502525994
0.6884422110552764,9.622448979591837,36.48606404960439,0.19098470211457577,8.080069793754431
0.6934673366834171,9.622448979591837,36.519222153115514,0.5413012786883592,5.686690736008471
0.6984924623115578,9.622448979591837,36.54430910113334,0.8639612202717643,4.514756302119621
0.7035175879396985,9.622448979591837,36.565745499125946,1.1557555336910132,4.091990415830287
0.7085427135678392,9.622448979591837,36.5860293775014,1.413615854411792,4.099192399382657
0.7135678391959799,9.622448979591837,36.607237584733454,1.6345174542909409,4.478186958546046
0.7185929648241206,9.622448979591837,36.63257419354458,1.8150785794384943,5.719459674336806
0.7236180904522613,9.622448979591837,36.670405573913825,1.9494717837419038,9.795703555862529
0.7286432160804021,9.622448979591837,36.73851363249695,2.010090105419396,13.800348441393961
0.7336683417085427,9.622448979591837,36.78489063907252,2.014711486125626,4.324739617147233
0.7386934673366834,9.622448979591837,36.79809740884306,2.014668558856443,5.892638721115978
0.7437185929648241,9.622448979591837,36.852407814970896,2.0123972312264296,15.622555211578948
0.7487437185929648,9.622448979591837,36.95416052290873,2.005762270338859,24.783823577873875
0.7537688442211056,9.622448979591837,37.100561762713625,1.9956636149266074,33.39084473271986
0.7587939698492462,9.622448979591837,37.28880585013715,1.9825271978128778,41.436671106671994
0.7638190954773869,9.622448979591837,37.51606250379947,1.9664775442469618,48.918390801780525
0.7688442211055276,9.622448979591837,37.7795031640492,1.947588393266572,55.83694294864326
0.7738693467336684,9.622448979591837,38.076297049723095,1.9259226447290414,62.19216513453472
0.7788944723618091,9.622448979591837,38.40361146981586,1.9015399317478687,67.98331548058454
0.7839195979899497,9.622448979591837,38.75861226918872,1.874457578263257,73.21011646209872
0.7889447236180904,9.622448979591837,39.13846345919616,1.8446835163865094,77.8720343178305
0.7939698492462312,9.622448979591837,39.54031275296194,1.8122184563579136,81.96974251781887
0.7989949748743719,9.622448979591837,39.961330407248276,1.7769994659517068,85.50200387546515
0.8040201005025126,9.622448979591837,40.398656144446655,1.7389576113562877,88.46004433486364
0.8090452261306532,9.622448979591837,40.84944288140292,1.6979700419326644,90.85359723203185
0.8140703517587939,9.622448979591837,41.310816534873,1.65383139953304,92.67745540276408
0.8190954773869347,9.622448979591837,41.77990215808601,1.6062735357276343,93.92328535142309
0.8241206030150754,9.622448979591837,42.25380843731491,1.5548712784443686,94.58458701407123
0.8291457286432161,9.622448979591837,42.72954216873536,1.4989647221212228,94.6565084855129
0.8341708542713567,9.622448979591837,43.2041414714038,1.4375461424767575,94.125970895058
0.8391959798994975,9.622448979591837,43.674376738776644,1.3689150737479356,92.9266018689865
0.8442211055276382,9.622448979591837,44.1367534451893,1.289881222134377,90.96356735222388
0.8492462311557789,9.622448979591837,44.58672258367003,1.1938662935349942,87.90366136791309
0.8542713567839196,9.622448979591837,45.01548342810141,1.0637416143462608,81.7977122646415
0.8592964824120602,9.622448979591837,45.388848577660475,0.8480650901563094,63.23858519308589
0.864321608040201,9.622448979591837,45.60656281760301,0.49851243110182475,27.30712301684685
0.8693467336683417,9.622448979591837,45.696786341721726,0.11341510675353163,12.041857849824838
0.8743718592964824,9.622448979591837,45.74385382459243,-0.25647235638664845,7.422363886112926
0.8793969849246231,9.622448979591837,45.775053261310084,-0.6020578940493934,5.339021036520125
0.8844221105527639,9.622448979591837,45.79923158571273,-0.919342085794344,4.400537495603707
0.8894472361809045,9.622448979591837,45.820295029959816,-1.2051975701078954,4.031018195898333
0.8944723618090452,9.622448979591837,45.84057791310172,-1.4565895343042776,4.1436882992526085
0.8994974874371859,9.622448979591837,45.86228133469302,-1.6704393379477467,4.465265411221798
0.9045226130653267,9.622448979591837,45.88894675802509,-1.8432207808306988,6.340079905700206
0.9095477386934674,9.622448979591837,45.93123775484028,-1.9675518636650426,11.581395717498339
0.914572864321608,9.622448979591837,46.00134584765057,-2.012382456327069,12.281571924338191
0.9195979899497487,9.622448979591837,46.03893146229749,-2.0147330767278095,2.480253107383799
0.9246231155778895,9.622448979591837,46.06718417742757,-2.014173916815611,13.786362316378003
0.9296482412060302,9.622448979591837,46.17763657092342,-2.0076217272545,29.77156326960687
0.9346733668341709,9.622448979591837,46.36238224140095,-1.994902272050816,43.35521083194012
0.9396984924623115,9.622448979591837,46.60931801342819,-1.9776300873104722,54.52112785768946
0.9447236180904522,9.622448979591837,46.90628594485801,-1.9565227859082863,63.267287701110064
0.949748743718593,9.622448979591837,47.24112370410765,-1.9322482159789875,69.59369129920522
0.9547738693467337,9.622448979591837,47.60166747282887,-1.9055083376375412,73.49974183607449
0.9597989949748744,9.622448979591837,47.97576938635855,-1.877053390918739,74.98930983219033
0.964824120603015,9.622448979591837,48.351275859454276,-1.8477083610387164,74.05829075551608
0.9698492462311558,9.622448979591837,48.716031269981045,-1.8183651557569902,70.71196142052557
0.9748743718592965,9.622448979591837,49.05791363834702,-1.7900510170209225,64.95180275408539
0.9798994974874372,9.622448979591837,49.364784696004044,-1.7639067971080231,56.78033999456539
0.9849246231155779,9.622448979591837,49.62453393151847,-1.7411750565186972,46.197129433986795
0.9899497487437185,9.622448979591837,49.82505175125373,-1.7232270207700515,33.20806325823988
0.9949748743718593,9.622448979591837,49.954243784050405,-1.711458339800214,17.808309097493904
1.0,9.622448979591837,50.0,-1.7072573736368177,1.79304185169785e-14
0.0,9.642857142857142,0.0,2.0,0.0
0.005025125628140704,9.642857142857142,0.026228636815344406,1.9994575231365028,10.336175838158757
0.010050251256281407,9.642857142857142,0.10283420887802801,1.995154429094819,20.05296454794843
0.01507537688442211,9.642857142857142,0.2267974593941021,1.9866557950812536,29.18770518099983
0.020100502512562814,9.642857142857142,0.3951963218440261,1.974850856194021,37.73682034360665
0.02512562814070352,9.642857142857142,0.6050714219636368,1.9599649456676098,45.69498159480873
0.03015075376884422,9.642857142857142,0.8534551342492483,1.9421026564282458,53.063630454491154
0.035175879396984924,9.642857142857142,1.1373760859451738,1.9213336791523052,59.8389256502481
0.04020100502512563,9.642857142857142,1.4538628375467986,1.8977098172400282,66.02509809326956
0.04522613065326633,9.642857142857142,1.7999422857062053,1.8712770387451512,71.61807158167899
0.05025125628140704,9.642857142857142,2.1726369975345046,1.8420520674761676,76.61666068768697
0.05527638190954774,9.642857142857142,2.5689675068309126,1.810010433410303,81.02439137958838
0.06030150753768844,9.642857142857142,2.985951580177317,1.7751311624418902,84.8355808688662
0.06532663316582915,9.642857142857142,3.4206020316270953,1.737336560181761,88.05600653830498
0.07035175879396985,9.642857142857142,3.869920898272562,1.6964857603491579,90.67715158527237
0.07537688442211055,9.642857142857142,4.330904756570513,1.6524094100238076,92.69362529374527
0.08040201005025126,9.642857142857142,4.800531498786143,1.6048065680356047,94.11215439445567
0.08542713567839195,9.642857142857142,5.275755041012597,1.5532426479711352,94.92850218047055
0.09045226130653267,9.642857142857142,5.753483818775196,1.497074177675292,95.10457336686059
0.09547738693467336,9.642857142857142,6.230554339382294,1.4352289733036365,94.65064992461319
0.10050251256281408,9.642857142857142,6.7036422540155725,1.3659524055953451,93.53606076478609
0.10552763819095477,9.642857142857142,7.169043624187603,1.2859240849271787,91.5581925516709
0.11055276381909548,9.642857142857142,7.621936987951434,1.1881466427910672,88.40621880952816
0.11557788944723618,9.642857142857142,8.052776252325494,1.0540616365660327,82.3181966774812
0.12060301507537688,9.642857142857142,8.42288568208068,0.8278308290586177,60.489304327030176
0.12562814070351758,9.642857142857142,8.629513949871079,0.4681169856612801,24.85913209855173
0.1306532663316583,9.642857142857142,8.71472786379119,0.07948254446754041,11.509256069912055
0.135678391959799,9.642857142857142,8.760033552371516,-0.292308541227546,7.088064402499208
0.1407035175879397,9.642857142857142,8.790484203215955,-0.6388808113898571,5.235489049124227
0.1457286432160804,9.642857142857142,8.814385847193293,-0.9562659153585911,4.392852581549678
0.1507537688442211,9.642857142857142,8.83544613954189,-1.2411732878974915,4.08833760622972
0.15577889447236182,9.642857142857142,8.856004237866285,-1.4904434038427103,4.122821798360045
0.16080402010050251,9.642857142857142,8.878390371144011,-1.7008266600731206,4.961950363502245
0.1658291457286432,9.642857142857142,8.9068189730867,-1.8684344174314766,6.988957355472863
0.1708542713567839,9.642857142857142,8.9551582150605,-1.9830954533454719,13.826648559880999
0.17587939698492464,9.642857142857142,9.024867058954447,-2.01367577575761,10.602569340170293
0.18090452261306533,9.642857142857142,9.052605131477538,-2.014711494480884,0.31316660358002624
0.18592964824120603,9.642857142857142,9.076668546738729,-2.014244194385173,9.766723992266686
0.19095477386934673,9.642857142857142,9.149812561050846,-2.0102513265492794,19.24923480233573
0.19597989949748743,9.642857142857142,9.269209542740883,-2.002183559718903,28.178862217718745
0.20100502512562815,9.642857142857142,9.432085232040075,-1.9909172898059302,36.55223123706094
0.20603015075376885,9.642857142857142,9.635630735369006,-1.9766816210211666,44.36497524962035
0.21105527638190955,9.642857142857142,9.877029412386648,-1.9595729981697323,51.61666460099866
0.21608040201005024,9.642857142857142,10.153456108320817,-1.9396638803529518,58.30782229043545
0.22110552763819097,9.642857142857142,10.46209140689984,-1.9170177840801164,64.43576985647141
0.22613065326633167,9.642857142857142,10.800111627822602,-1.8916697541466314,70.00267144672365
0.23115577889447236,9.642857142857142,11.16469116356687,-1.8636488682071113,75.00811056365772
0.23618090452261306,9.642857142857142,11.553002017969801,-1.832940976160916,79.44893682961394
0.24120603015075376,9.642857142857142,11.96221805144739,-1.7995352941509186,83.32611276624843
0.24623115577889448,9.642857142857142,12.389500286379022,-1.7633758233904648,86.64189275360641
0.25125628140703515,9.642857142857142,12.832010755536903,-1.7243651746282354,89.3837523001301
0.2562814070351759,9.642857142857142,13.286894612501769,-1.6823505968377608,91.5622145905144
0.2613065326633166,9.642857142857142,13.751295127896801,-1.637128890971643,93.17430063667065
0.2663316582914573,9.642857142857142,14.222337279715614,-1.5883607886553597,94.20392325918247
0.271356783919598,9.642857142857142,14.697110833563565,-1.5355638645518281,94.65726822946276
0.27638190954773867,9.642857142857142,15.172657171573812,-1.4779784958120878,94.51308535580536
0.2814070351758794,9.642857142857142,15.645935288700878,-1.4144261726575524,93.74104377934839
0.2864321608040201,9.642857142857142,16.11368440633736,-1.3427895026252092,92.3202648702805
0.2914572864321608,9.642857142857142,16.572173866753108,-1.2591112499493897,90.05184734387886
0.2964824120603015,9.642857142857142,17.016061460962153,-1.1544688209331158,86.35666023951698
0.3015075376884422,9.642857142857142,17.432499452143773,-1.004001896320513,78.23235991405372
0.3065326633165829,9.642857142857142,17.76392314828308,-0.7406228648148527,48.573175905099376
0.31155778894472363,9.642857142857142,17.92482636405473,-0.36688932300558574,19.79240529425187
0.3165829145728643,9.642857142857142,17.994614771127505,0.01472727238091559,9.917572288441262
0.32160804020100503,9.642857142857142,18.03456212359245,0.37662670206630344,6.388383146587218
0.32663316582914576,9.642857142857142,18.06266932708305,0.7127165734129209,4.952456210202824
0.3316582914572864,9.642857142857142,18.085421128807294,1.0194637094207242,4.2232232401309515
0.33668341708542715,9.642857142857142,18.10593108105878,1.293792908479736,4.027344930043786
0.3417085427135678,9.642857142857142,18.12635385382383,1.5327058762343673,4.259965739753729
0.34673366834170855,9.642857142857142,18.149108248550984,1.7330635820241858,5.122352962561488
0.35175879396984927,9.642857142857142,18.178969594649406,1.8908794532477353,7.420524543401981
0.35678391959798994,9.642857142857142,18.23209275457506,1.9930628984125962,14.70091413674991
0.36180904522613067,9.642857142857142,18.297954092986657,2.0141574915774907,9.161517285689312
0.36683417085427134,9.642857142857142,18.319319670882127,2.0147131163030374,0.9278760754423288
0.37185929648241206,9.642857142857142,18.349360062547618,2.014009540964154,10.929589465898127
0.3768844221105528,9.642857142857142,18.428173346270835,2.009475411583188,20.344310090157403
0.38190954773869346,9.642857142857142,18.552908402653824,2.000996743725149,29.20828109828166
0.3869346733668342,9.642857142857142,18.720789082538676,1.9893690300733589,37.51523681448524
0.39195979899497485,9.642857142857142,18.9290039613847,1.9747830856796402,45.26058782084713
0.3969849246231156,9.642857142857142,19.174732619382663,1.9573379564457145,52.445756180207155
0.4020100502512563,9.642857142857142,19.455154117167343,1.9371038238855836,59.06989109576775
0.40703517587939697,9.642857142857142,19.7674507361396,1.9141292502097813,65.13024016622867
0.4120603015075377,9.642857142857142,20.108798747683622,1.8884624416970908,70.62957422325758
0.41708542713567837,9.642857142857142,20.47636951920119,1.8601147062785792,75.56699882989449
0.4221105527638191,9.642857142857142,20.867329637685962,1.829096457545228,79.94196362909508
0.4271356783919598,9.642857142857142,21.27885346910719,1.7953586016965088,83.75227730394619
0.4321608040201005,9.642857142857142,21.708119576694486,1.7588622601303259,86.99925302508794
0.4371859296482412,9.642857142857142,22.152253006336732,1.7194989104334073,89.67421726512998
0.44221105527638194,9.642857142857142,22.608429626650356,1.6771156615381453,91.78609813910825
0.4472361809045226,9.642857142857142,23.073778980853493,1.6314908998117692,93.32420030089864
0.45226130653266333,9.642857142857142,23.545412145565045,1.5822643985159957,94.28879661795011
0.457286432160804,9.642857142857142,24.020427919224367,1.528943336002267,94.66783783421235
0.4623115577889447,9.642857142857142,24.495871190640607,1.470733931277011,94.45058028187142
0.46733668341708545,9.642857142857142,24.968661907191365,1.406338417112143,93.62695179873963
0.4723618090452261,9.642857142857142,25.435527977914234,1.3335240331764089,92.08325791776609
0.47738693467336685,9.642857142857142,25.8926013048001,1.2479710024907775,89.70870853210856
0.4824120603015075,9.642857142857142,26.334166492275262,1.139699135668563,85.61818459066866
0.48743718592964824,9.642857142857142,26.74521097457395,0.9802688677983143,76.35029781225047
0.49246231155778897,9.642857142857142,27.058319456937703,0.6992510394734698,43.670594275409655
0.49748743718592964,9.642857142857142,27.20249242829964,0.3206887112748314,17.49532321828356
0.5025125628140703,9.642857142857142,27.266854768309017,-0.05917241814114346,9.283268652354053
0.507537688442211,9.642857142857142,27.304817383681023,-0.4182177788412662,6.163439740165005
0.5125628140703518,9.642857142857142,27.332043328278296,-0.7509607422522484,4.780759362952942
0.5175879396984925,9.642857142857142,27.35439384267539,-1.0540052858157352,4.183477179483749
0.5226130653266332,9.642857142857142,27.37479782536494,-1.3242634809646123,4.001909444883616
0.5276381909547738,9.642857142857142,27.39537644965947,-1.5587398844107814,4.301733958177114
0.5326633165829145,9.642857142857142,27.41859190110627,-1.7542610621165793,5.079604759792777
0.5376884422110553,9.642857142857142,27.45000862885141,-1.9065638827281806,7.824267371094341
0.542713567839196,9.642857142857142,27.50748675339887,-1.9993393732133387,15.175206698340578
0.5477386934673367,9.642857142857142,27.569594225752297,-2.014413634335685,7.99550514536657
0.5527638190954773,9.642857142857142,27.586737225098847,-2.0147106243946276,2.1522319303793944
0.5577889447236181,9.642857142857142,27.62275565466387,-2.013709738493443,12.083913316589962
0.5628140703517588,9.642857142857142,27.70719647597504,-2.008641766222546,21.43183863163641
0.5678391959798995,9.642857142857142,27.837231600500292,-1.9997638682099317,30.229807354551507
0.5728643216080402,9.642857142857142,28.010078065014127,-1.9877775411836276,38.46955942483332
0.5778894472361809,9.642857142857142,28.222922686270795,-1.9728467806968792,46.149726018663245
0.5829145728643216,9.642857142857142,28.472944030334425,-1.9550644329563491,53.26644899172735
0.5879396984924623,9.642857142857142,28.757325131626903,-1.9344951972165345,59.82349882149738
0.592964824120603,9.642857142857142,29.073241243750363,-1.9112021829712391,65.81733597284422
0.5979899497487438,9.642857142857142,29.4178743306359,-1.885213171479774,71.24971821292517
0.6030150753768844,9.642857142857142,29.788387914835663,-1.8565452450440856,76.12053440237432
0.6080402010050251,9.642857142857142,30.181960604695195,-1.8252040819689686,80.42614121574915
0.6130653266331658,9.642857142857142,30.59575650101732,-1.7911471567418997,84.17027598559979
0.6180904522613065,9.642857142857142,31.026946850944046,-1.7543118826691653,87.34648550388302
0.6231155778894473,9.642857142857142,31.47268448300572,-1.71459631934954,89.96105102572189
0.628140703517588,9.642857142857142,31.93012074181571,-1.6718393264503906,92.00118486503061
0.6331658291457286,9.642857142857142,32.39637927648667,-1.6257936941512858,93.4776105441095
0.6381909547738693,9.642857142857142,32.86858328385115,-1.5761175039025415,94.36489449746847
0.6432160804020101,9.642857142857142,33.343809166025466,-1.5222582416746733,94.67381125359587
0.6482412060301508,9.642857142857142,33.81908733578068,-1.4633864355300557,94.39039616615091
0.6532663316582915,9.642857142857142,34.2913492094409,-1.3981250407433097,93.48076311382273
0.6582914572864321,9.642857142857142,34.757250409747975,-1.3240839957706803,91.86305603929114
0.6633165829145728,9.642857142857142,35.21282592634908,-1.2365114406202038,89.27161553339087
0.6683417085427136,9.642857142857142,35.651924627139145,-1.1242528606817204,85.12270554668675
0.6733668341708543,9.642857142857142,36.05669139485465,-0.9546043325690239,73.5950108762562
0.678391959798995,9.642857142857142,36.34991716152851,-0.6562950426023577,39.65767181453717
0.6834170854271356,9.642857142857142,36.47916192613012,-0.27443003634154445,16.044533211460017
0.6884422110552764,9.642857142857142,36.538754915204876,0.10343847543638617,8.743046246324322
0.6934673366834171,9.642857142857142,36.574907188836534,0.4595323560971604,6.053734767643869
0.6984924623115578,9.642857142857142,36.601336720096214,0.7888831938502584,4.726957650663278
0.7035175879396985,9.642857142857142,36.62333013850493,1.0881437212417477,4.135782774421348
0.7085427135678392,9.642857142857142,36.64363078946177,1.354265771118259,3.9748406847007263
0.7135678391959799,9.642857142857142,36.664388893889395,1.5842454880640267,4.24581289958948
0.7185929648241206,9.642857142857142,36.68820552799943,1.7748445609228094,5.432802650206742
0.7236180904522613,9.642857142857142,36.72132149323986,1.9214527891823774,8.344486671555035
0.7286432160804021,9.642857142857142,36.78288588369195,2.004048930202438,14.962745241731751
0.7336683417085427,9.642857142857142,36.84034197008569,2.014560080419916,6.805064463291175
0.7386934673366834,9.642857142857142,36.85468496622096,2.0147037669508387,3.3771799291954236
0.7437185929648241,9.642857142857142,36.896680440041216,2.0133500611716166,13.236617885957848
0.7487437185929648,9.642857142857142,36.98674688681421,2.007762929451405,22.518179305064983
0.7537688442211056,9.642857142857142,37.122072758513454,1.9984927587735022,31.249123366805318
0.7587939698492462,9.642857142857142,37.299872257187026,1.9861439814608766,39.4212777058502
0.7638190954773869,9.642857142857142,37.5173288240016,1.9708703181869354,47.03272628172609
0.7688442211055276,9.642857142857142,37.77162508585221,1.9527475548203914,54.083872801969385
0.7738693467336684,9.642857142857142,38.0599371834172,1.9318548557166373,60.57176425555084
0.7788944723618091,9.642857142857142,38.379444722315725,1.9082355150964547,66.50014092262904
0.7839195979899497,9.642857142857142,38.72732479879372,1.8819263439466787,71.86485449720497
0.7889447236180904,9.642857142857142,39.10074977801609,1.8529393829216083,76.66536138784858
0.7939698492462312,9.642857142857142,39.496889468761175,1.8212719525421261,80.90716983647431
0.7989949748743719,9.642857142857142,39.91291161254236,1.7868811302643892,84.58137911678583
0.8040201005025126,9.642857142857142,40.34598494139031,1.7497150950184857,87.69118938500841
0.8090452261306532,9.642857142857142,40.79326376443534,1.7096405610837702,90.2351949322068
0.8140703517587939,9.642857142857142,41.251912374924004,1.6665103206557481,92.20849805832023
0.8190954773869347,9.642857142857142,41.71903114867807,1.62004921959633,93.61256498620736
0.8241206030150754,9.642857142857142,42.19176338566746,1.5699061369382863,94.43184376875878
0.8291457286432161,9.642857142857142,42.66716540533337,1.5154944572066122,94.6692483187808
0.8341708542713567,9.642857142857142,43.14226063238948,1.4559441404705815,94.30442544245406
0.8391959798994975,9.642857142857142,43.613931403181546,1.3897970132431774,93.30265621932087
0.8442211055276382,9.642857142857142,44.0788205988151,1.3144553661861806,91.57459572456068
0.8492462311557789,9.642857142857142,44.53283689818057,1.2247268009721803,88.89036268416605
0.8542713567839196,9.642857142857142,44.969260970784376,1.1080488608740757,84.36747887559743
0.8592964824120602,9.642857142857142,45.36675688679589,0.927036051301615,70.60651448766956
0.864321608040201,9.642857142857142,45.63886264710447,0.6122852317281164,35.41677303521423
0.8693467336683417,9.642857142857142,45.75490789073434,0.22837647443614456,14.763068470190303
0.8743718592964824,9.642857142857142,45.81033231514348,-0.14732936623157888,8.36752695468239
0.8793969849246231,9.642857142857142,45.84485923510356,-0.500428659229847,5.759703248148211
0.8844221105527639,9.642857142857142,45.870562089988475,-0.8263539767699908,4.585385367585826
0.8894472361809045,9.642857142857142,45.89222833035541,-1.1218150466962449,4.107771937712281
0.8944723618090452,9.642857142857142,45.912484108837106,-1.3837690175338522,4.064417612041473
0.8994974874371859,9.642857142857142,45.933382900476445,-1.6092223168606097,4.415229824462077
0.9045226130653267,9.642857142857142,45.957888147412966,-1.7948601789210195,5.690488296335375
0.9095477386934674,9.642857142857142,45.99309279356398,-1.9356232353383218,9.098774707047198
0.914572864321608,9.642857142857142,46.0582964208968,-2.0075391804207796,14.503081385673298
0.9195979899497487,9.642857142857142,46.110552785629444,-2.0146459956581517,5.6131649522209575
0.9246231155778895,9.642857142857142,46.128035464264904,-2.0146245596574346,8.488077131335054
0.9296482412060302,9.642857142857142,46.21456235894006,-2.01031477454715,25.52072784211558
0.9346733668341709,9.642857142857142,46.380338495502535,-1.9990557480639426,40.04164204475683
0.9396984924623115,9.642857142857142,46.612781356271846,-1.982898251721091,52.05176624675853
0.9447236180904522,9.642857142857142,46.899251409556136,-1.9626736616692775,61.54338011289068
0.949748743718593,9.642857142857142,47.22709058464594,-1.9390901827885705,68.517117189743
0.9547738693467337,9.642857142857142,47.58364255964217,-1.9128755621183406,72.97234166221837
0.9597989949748744,9.642857142857142,47.956261464833254,-1.8847875442319992,74.91146750742625
0.964824120603015,9.642857142857142,48.332304704472584,-1.855681778230289,74.33450780978981
0.9698492462311558,9.642857142857142,48.69913597418492,-1.8264658528324391,71.24394338649104
0.9748743718592965,9.642857142857142,49.044119733865074,-1.7981930582681134,65.64223592437116
0.9798994974874372,9.642857142857142,49.35464342134089,-1.772012466086887,57.52649069626372
0.9849246231155779,9.642857142857142,49.61808934173989,-1.749211238264464,46.90599495821322
0.9899497487437185,9.642857142857142,49.82186525213692,-1.7311769952587357,33.77599417489282
0.9949748743718593,9.642857142857142,49.95336647267896,-1.7193382716148857,18.142107180651163
1.0,9.642857142857142,50.0,-1.715097657162575,0.0
0.0,9.66326530612245,0.0,2.0,0.0
0.005025125628140704,9.66326530612245,0.026175880615024363,1.9994597146600446,10.315576577462572
0.010050251256281407,9.66326530612245,0.10263124617537354,1.9951739582946322,20.014162144876863
0.01507537688442211,9.66326530612245,0.22635814500717283,1.986709556015763,29.132855857697646
0.020100502512562814,9.66326530612245,0.3944455646475073,1.9749520113449626,37.66811888729721
0.02512562814070352,9.66326530612245,0.6039452091074532,1.9601255764357142,45.61464353664692
0.03015075376884422,9.66326530612245,0.8519003212810844,1.9423347550821821,52.97383486041035
0.035175879396984924,9.66326530612245,1.1353513894391152,1.9216466386046465,59.74163964063872
0.04020100502512563,9.66326530612245,1.451338366455089,1.8981232252597444,65.92205542900538
0.04522613065326633,9.66326530612245,1.796897255832882,1.8717969519810593,71.51162311123815
0.05025125628140704,9.66326530612245,2.169063865113351,1.8426814212043097,76.5113120880046
0.05527638190954774,9.66326530612245,2.5648698935461356,1.8107825984668104,80.91943949112883
0.06030150753768844,9.66326530612245,2.9813434318938197,1.7760503060588533,84.73653272327365
0.06532663316582915,9.66326530612245,3.4155078364556366,1.7384073962910018,87.95986189719214
0.07035175879396985,9.66326530612245,3.8643816023060498,1.6977442143349322,90.58839944634825
0.07537688442211055,9.66326530612245,4.3249670263575375,1.6538639908375716,92.62522070916226
0.08040201005025126,9.66326530612245,4.79425842763114,1.6064888737740006,94.05448089654418
0.08542713567839195,9.66326530612245,5.26922092911078,1.555203563664755,94.87438418423541
0.09045226130653267,9.66326530612245,5.746777029304688,1.4993469971238598,95.08808170148698
0.09547738693467336,9.66326530612245,6.223782282587966,1.4379162314980807,94.66362904534229
0.10050251256281408,9.66326530612245,6.696933589154151,1.369167774197677,93.53182894442054
0.10552763819095477,9.66326530612245,7.162570270526547,1.289914729540619,91.65587756844835
0.11055276381909548,9.66326530612245,7.615976211038197,1.193452304673004,88.52326131018005
0.11557788944723618,9.66326530612245,8.04812681836091,1.062290101609601,82.73970323048911
0.12060301507537688,9.66326530612245,8.423487519288038,0.8432510013555712,62.17718094115424
0.12562814070351758,9.66326530612245,8.638989006109401,0.4883223176134941,25.63106818107835
0.1306532663316583,9.66326530612245,8.727625649513737,0.09965857510727286,12.13098959156339
0.135678391959799,9.66326530612245,8.77403283037878,-0.2730066918695453,7.280874897175592
0.1407035175879397,9.66326530612245,8.804926784253318,-0.6207545963375202,5.359833424764057
0.1457286432160804,9.66326530612245,8.828994044138556,-0.9395368493662752,4.396252957199543
0.1507537688442211,9.66326530612245,8.850079908249425,-1.2260666391375432,4.0225484957681
0.15577889447236182,9.66326530612245,8.8705279832592,-1.477190803264532,4.165363209228536
0.16080402010050251,9.66326530612245,8.892663335189425,-1.6896967972757577,4.600211488987678
0.1658291457286432,9.66326530612245,8.920465793702087,-1.8597802389449025,6.787919192373332
0.1708542713567839,9.66326530612245,8.966701051810414,-1.9783125319383092,13.229238697531965
0.17587939698492464,9.66326530612245,9.037050609740549,-2.0133416145289043,11.178663875907073
0.18090452261306533,9.66326530612245,9.067907646293966,-2.0146896017642097,0.965321172810294
0.18592964824120603,9.66326530612245,9.08919344503871,-2.0143202947136545,9.144704797995763
0.19095477386934673,9.66326530612245,9.159258822962215,-2.0106216510495436,18.6452170028529
0.19597989949748743,9.66326530612245,9.275665770949976,-2.0028020592203433,27.593490529255494
0.20100502512562815,9.66326530612245,9.435651915528172,-1.9917669841233097,35.98798130220037
0.20603015075376885,9.66326530612245,9.636417988117353,-1.9777671921713562,43.82402873746224
0.21105527638190955,9.66326530612245,9.875156956831194,-1.9609004733926103,51.10101978463108
0.21608040201005024,9.66326530612245,10.14906048319191,-1.9412390217461664,57.81869913460107
0.22110552763819097,9.66326530612245,10.45531674759687,-1.9188511164625501,63.977293062130876
0.22613065326633167,9.66326530612245,10.791108432915568,-1.893769404882746,69.57556133499031
0.23115577889447236,9.66326530612245,11.153626571149303,-1.8660163243373407,74.61269362734534
0.23618090452261306,9.66326530612245,11.540049993915593,-1.8356052313054723,79.09103280626152
0.24120603015075376,9.66326530612245,11.947562227801306,-1.8025007648232714,83.00857058321364
0.24623115577889448,9.66326530612245,12.373336823345586,-1.7666623893147682,86.36065904540982
0.25125628140703515,9.66326530612245,12.814541241716547,-1.7279902121405535,89.14607355501752
0.2562814070351759,9.66326530612245,13.268343968602995,-1.6863537534290975,91.36920392328835
0.2613065326633166,9.66326530612245,13.731891493529874,-1.6415470233750196,93.02694288137741
0.2663316582914573,9.66326530612245,14.202320978244993,-1.5932462907713985,94.11096903041125
0.271356783919598,9.66326530612245,14.676740039953,-1.540989513147027,94.62077068522055
0.27638190954773867,9.66326530612245,15.152209122546163,-1.484067420969744,94.52004324172103
0.2814070351758794,9.66326530612245,15.625709489692746,-1.42134589353139,93.83772624099377
0.2864321608040201,9.66326530612245,16.09402938057642,-1.350871548921603,92.43838135723067
0.2914572864321608,9.66326530612245,16.55352394854725,-1.2689708203722874,90.24960403583572
0.2964824120603015,9.66326530612245,16.999175423896443,-1.1676053103865387,86.78331466412163
0.3015075376884422,9.66326530612245,17.41980946418528,-1.0248875769343775,79.56447688712777
0.3065326633165829,9.66326530612245,17.76665745520024,-0.7783103457590596,54.18876876012844
0.31155778894472363,9.66326530612245,17.944784434204912,-0.4110354836144781,21.180252280646336
0.3165829145728643,9.66326530612245,18.02029577386202,-0.02829363313401125,10.728919731059166
0.32160804020100503,9.66326530612245,18.062263973060528,0.3359810884231942,6.836995560774002
0.32663316582914576,9.66326530612245,18.09122406798894,0.674965656685998,5.013984059932407
0.3316582914572864,9.66326530612245,18.1143414017109,0.9850249529896605,4.2649365220335484
0.33668341708542715,9.66326530612245,18.1349352397391,1.2630579279270497,4.012727614115474
0.3417085427135678,9.66326530612245,18.15520346630874,1.5060934178837455,4.206881213819637
0.34673366834170855,9.66326530612245,18.17741900011027,1.7110309265525891,4.8011792646169535
0.35175879396984927,9.66326530612245,18.20586716683227,1.8741018413945136,6.834405380491643
0.35678391959798994,9.66326530612245,18.254482783054524,1.984946260464272,13.779365330948474
0.36180904522613067,9.66326530612245,18.32292085094676,2.0136981690490066,10.324228841725716
0.36683417085427134,9.66326530612245,18.350033745110277,2.014688799903105,0.34284630841204466
0.37185929648241206,9.66326530612245,18.37387016131768,2.0142321047993277,9.710657515742058
0.3768844221105528,9.66326530612245,18.44669312368135,2.0102750650698873,19.178494648524175
0.38190954773869346,9.66326530612245,18.56569736410858,2.0022527713349128,28.094401459750724
0.3869346733668342,9.66326530612245,18.728118905737993,1.9910417064104453,36.45671632918954
0.39195979899497485,9.66326530612245,18.93115931940303,1.9768717039948749,44.26002235331652
0.3969849246231156,9.66326530612245,19.1720091961232,1.9598418571856406,51.504821406590736
0.4020100502512563,9.66326530612245,19.447860212818508,1.9400241275615153,58.191376363409944
0.40703517587939697,9.66326530612245,19.755903302040288,1.9174767652223732,64.31552822862793
0.4120603015075377,9.66326530612245,20.093318833503783,1.8922416917872322,69.8813119616029
0.41708542713567837,9.66326530612245,20.457300193608173,1.864335094746751,74.88656417081714
0.4221105527638191,9.66326530612245,20.845027671277414,1.833768307235364,79.3335827137704
0.4271356783919598,9.66326530612245,21.253668712268468,1.8005049971395377,83.21451672421803
0.4321608040201005,9.66326530612245,21.68041299815309,1.764504616432886,86.5345341067108
0.4371859296482412,9.66326530612245,22.122417244863087,1.725674670265619,89.2894959435633
0.44221105527638194,9.66326530612245,22.57684939187717,1.6838635104617097,91.4801367028056
0.4472361809045226,9.66326530612245,23.040874630253697,1.638857482823435,93.10974978276892
0.45226130653266333,9.66326530612245,23.511606821303147,1.590347194291969,94.15478974318539
0.457286432160804,9.66326530612245,23.98615772567181,1.5378424748509016,94.63075777281914
0.4623115577889447,9.66326530612245,24.46157663011004,1.48063102903982,94.49574754996291
0.46733668341708545,9.66326530612245,24.934860759974217,1.4175245054283454,93.77747507472823
0.4723618090452261,9.66326530612245,25.402765818060576,1.3465124639511439,92.34065421767075
0.47738693467336685,9.66326530612245,25.86161770215555,1.2637731169140582,90.09806568993463
0.4824120603015075,9.66326530612245,26.306238911064955,1.1608346361284987,86.47492732792257
0.48743718592964824,9.66326530612245,26.724658636308014,1.0144112790375706,78.544952770773
0.49246231155778897,9.66326530612245,27.063807707475764,0.7594770686103864,51.29522819088984
0.49748743718592964,9.66326530612245,27.2328754112483,0.3888069883351946,20.163689283237982
0.5025125628140703,9.66326530612245,27.30532499395519,0.006747885614767187,10.176786039208288
0.507537688442211,9.66326530612245,27.346204034142502,-0.3561923793144606,6.503279060308434
0.5125628140703518,9.66326530612245,27.37469324684348,-0.6935954285598042,5.0302980437116736
0.5175879396984925,9.66326530612245,27.397590612194524,-1.0018845899912154,4.243626777940209
0.5226130653266332,9.66326530612245,27.418115602653703,-1.2779946151375983,4.027796864179121
0.5276381909547738,9.66326530612245,27.43843550639744,-1.5189141065947702,4.240068461700161
0.5326633165829145,9.66326530612245,27.460853916070896,-1.7215634152759147,5.019062805868718
0.5376884422110553,9.66326530612245,27.48991891533967,-1.8820522117415959,7.0666978164903735
0.542713567839196,9.66326530612245,27.540513184665237,-1.988903750443264,14.024414354012455
0.5477386934673367,9.66326530612245,27.60785513077012,-2.0139247897466963,9.780913876349999
0.5527638190954773,9.66326530612245,27.632106744194996,-2.014688366505581,0.25037894629468377
0.5577889447236181,9.66326530612245,27.65878683390929,-2.0141283377722154,10.271071958781958
0.5628140703517588,9.66326530612245,27.73434132386224,-2.009910804711205,19.705465623879476
0.5678391959798995,9.66326530612245,27.855916680200156,-2.0016895174444853,28.58998247228902
0.5728643216080402,9.66326530612245,28.020748476573708,-1.9903060623324982,36.92025363836108
0.5778894472361809,9.66326530612245,28.22603673970694,-1.9759678399874023,44.69122403408426
0.5829145728643216,9.66326530612245,28.46897555770266,-1.9587764210931207,51.90379771980295
0.5879396984924623,9.66326530612245,28.746751675622683,-1.938800163249,58.55799271004192
0.592964824120603,9.66326530612245,29.056551749710597,-1.9160990231825972,64.64995343625887
0.5979899497487438,9.66326530612245,29.3955687265627,-1.8907107804417296,70.1838783641643
0.6030150753768844,9.66326530612245,29.760984730193627,-1.8626532070991317,75.15645041385261
0.6080402010050251,9.66326530612245,30.149982362947096,-1.8319255766447242,79.56962316388288
0.6130653266331658,9.66326530612245,30.559745589750595,-1.7985160687083512,83.41864795561715
0.6180904522613065,9.66326530612245,30.987439821654835,-1.7623537275293695,86.70629098181159
0.6231155778894473,9.66326530612245,31.43023661518094,-1.7233560875769045,89.4334902719128
0.628140703517588,9.66326530612245,31.885305918370058,-1.681367232036742,91.59034131524135
0.6331658291457286,9.66326530612245,32.34978605079564,-1.6361635328158775,93.1787591888045
0.6381909547738693,9.66326530612245,32.82082897972623,-1.5874386920089523,94.20324084015999
0.6432160804020101,9.66326530612245,33.29551788471608,-1.534686278469955,94.63585082168427
0.6482412060301508,9.66326530612245,33.77090141616801,-1.477174854361418,94.47013011325659
0.6532663316582915,9.66326530612245,34.24394940233425,-1.4136844874052195,93.71219043101922
0.6582914572864321,9.66326530612245,34.71144250332765,-1.3421230786105458,92.24084662361953
0.6633165829145728,9.66326530612245,35.16964016459164,-1.2585213489897837,89.94610043885774
0.6683417085427136,9.66326530612245,35.61321155824059,-1.153952512512841,86.28979497270015
0.6733668341708543,9.66326530612245,36.0292714446926,-1.0035126544191904,77.79747280297303
0.678391959798995,9.66326530612245,36.36025614039268,-0.7401456970625545,48.13200699008685
0.6834170854271356,9.66326530612245,36.52067369254415,-0.3665388089134332,19.337028280764876
0.6884422110552764,9.66326530612245,36.590261343793514,0.014769884333583254,9.87353650929536
0.6934673366834171,9.66326530612245,36.63011139684073,0.37638529418978156,6.399054637518837
0.6984924623115578,9.66326530612245,36.65814076991423,0.7121976724225568,4.899556742824588
0.7035175879396985,9.66326530612245,36.6808354733712,1.0187258241643034,4.212186017907453
0.7085427135678392,9.66326530612245,36.70128691515737,1.2928879135204536,3.9791102364905844
0.7135678391959799,9.66326530612245,36.72164156210385,1.5317107618985233,4.159084792443952
0.7185929648241206,9.66326530612245,36.74429858812049,1.7320439342096463,5.0092996515739125
0.7236180904522613,9.66326530612245,36.77402296530637,1.8899612006387077,6.9928080562238355
0.7286432160804021,9.66326530612245,36.826745417358225,1.9926082977507191,14.664553941092134
0.7336683417085427,9.66326530612245,36.89274760262525,2.0141146205829887,9.231167534276167
0.7386934673366834,9.66326530612245,36.91443327749775,2.0146897993706294,0.8366136601427917
0.7437185929648241,9.66326530612245,36.94397106637251,2.0140074174273623,10.82425286260744
0.7487437185929648,9.66326530612245,37.02222881066915,2.0095293182948426,20.227394654596253
0.7537688442211056,9.66326530612245,37.14634996091169,2.0011131556573285,29.081223308574774
0.7587939698492462,9.66326530612245,37.31357090511587,1.9895572682047065,37.38011572912998
0.7638190954773869,9.66326530612245,37.52109174495445,1.9750527841055447,45.11960765753433
0.7688442211055276,9.66326530612245,37.7661015164802,1.957700698026036,52.30105967454297
0.7738693467336684,9.66326530612245,38.04579203626754,1.9375691089921374,58.92278038113984
0.7788944723618091,9.66326530612245,38.35734647789608,1.9147073991196468,64.98347354627613
0.7839195979899497,9.66326530612245,38.69796158504786,1.8891649957982908,70.4849441780602
0.7889447236180904,9.66326530612245,39.06481331517874,1.86095287769476,75.42628491835852
0.7939698492462312,9.66326530612245,39.455084935570966,1.8300798373217257,79.80892350386644
0.7989949748743719,9.66326530612245,39.86595774578862,1.796503849159112,83.62499359962993
0.8040201005025126,9.66326530612245,40.29460389678172,1.760182745848541,86.88237395385937
0.8090452261306532,9.66326530612245,40.73819319019324,1.721016650846319,89.57082906265998
0.8140703517587939,9.66326530612245,41.19389117148162,1.678846093898946,91.69645927382113
0.8190954773869347,9.66326530612245,41.65884861565375,1.633460742453963,93.25672456044916
0.8241206030150754,9.66326530612245,42.13018328223616,1.5845108782550732,94.23512136270266
0.8291457286432161,9.66326530612245,42.60499592827686,1.531512613398088,94.63739803822149
0.8341708542713567,9.66326530612245,43.080367469926585,1.4736847230057926,94.45876578094409
0.8391959798994975,9.66326530612245,43.55322102209583,1.40978427912463,93.63044609306561
0.8442211055276382,9.66326530612245,44.02027630327857,1.3376791289021932,92.12669632031901
0.8492462311557789,9.66326530612245,44.47779483262661,1.253183307276888,89.7636961463219
0.8542713567839196,9.66326530612245,44.920268537092,1.1468895728191804,85.94400629593304
0.8592964824120602,9.66326530612245,45.33379034894503,0.9922448338323975,76.88832189194612
0.864321608040201,9.66326530612245,45.656105734085514,0.7203312246366638,45.914858024166904
0.8693467336683417,9.66326530612245,45.80824509544081,0.3442459069491156,18.38339080133314
0.8743718592964824,9.66326530612245,45.87513498568088,-0.03623463450197916,9.68559444871955
0.8793969849246231,9.66326530612245,45.913984433427736,-0.39646599619677747,6.349377715672538
0.8844221105527639,9.66326530612245,45.94160442023354,-0.7306924810840159,4.871130602481785
0.8894472361809045,9.66326530612245,45.96409019842573,-1.035406844276609,4.1909162507071835
0.8944723618090452,9.66326530612245,45.98448711913924,-1.3076002863274017,4.029239486332237
0.8994974874371859,9.66326530612245,46.00490772563341,-1.544269796776354,4.302112596118497
0.9045226130653267,9.66326530612245,46.02780711055327,-1.742245664805289,5.068339659883422
0.9095477386934674,9.66326530612245,46.05818154339805,-1.8974888205447198,7.464706118590046
0.914572864321608,9.66326530612245,46.11285366416614,-1.9957348986968233,14.550085316676247
0.9195979899497487,9.66326530612245,46.17709664623142,-2.0142429988257637,8.657216536790322
0.9246231155778895,9.66326530612245,46.19694480865968,-2.0146895655095816,2.757254806696697
0.9296482412060302,9.66326530612245,46.257562507085595,-2.0124360334820293,20.91667692300798
0.9346733668341709,9.66326530612245,46.40274440345668,-2.002873572042166,36.433750687805215
0.9396984924623115,9.66326530612245,46.619360996133125,-1.987907297576815,49.34272252858881
0.9447236180904522,9.66326530612245,46.894261061280865,-1.9686312315679408,59.6315633825121
0.949748743718593,9.66326530612245,47.21427154273974,-1.9457829347234903,67.29739451797825
0.9547738693467337,9.66326530612245,47.56621871583384,-1.920117199420884,72.34238461657503
0.9597989949748744,9.66326530612245,47.93693776000995,-1.8924281065284305,74.76856430244787
0.964824120603015,9.66326530612245,48.31325676081849,-1.8635734156213475,74.57122172557168
0.9698492462311558,9.66326530612245,48.68201519010726,-1.8344968018379237,71.75718086866486
0.9748743718592965,9.66326530612245,49.030069141158826,-1.8062636768469453,66.32768505925208
0.9798994974874372,9.66326530612245,49.34426298463444,-1.7800490199312504,58.28639379098964
0.9849246231155779,9.66326530612245,49.61147382277788,-1.7571744555584976,47.628602172166865
0.9899497487437185,9.66326530612245,49.81857564738328,-1.7390343669720782,34.363901014272436
0.9949748743718593,9.66326530612245,49.95245682143919,-1.7271120473164938,18.48678245738238
1.0,9.66326530612245,50.0,-1.7228414637297225,0.0
0.0,9.683673469387756,0.0,2.0,0.0
0.005025125628140704,9.683673469387756,0.026124368027096126,1.999461854515772,10.295459034691682
0.010050251256281407,9.683673469387756,0.10243304836848756,1.9951931101506792,19.9762672828933
0.01507537688442211,9.683673469387756,0.22592935181177476,1.9867623798904253,29.079283370486756
0.020100502512562814,9.683673469387756,0.3937127307847525,1.9750514985195982,37.60101052365168
0.02512562814070352,9.683673469387756,0.6028454868938239,1.9602836462512296,45.53615972901951
0.03015075376884422,9.683673469387756,0.8503821621266943,1.9425632298944286,52.88609220907132
0.035175879396984924,9.683673469387756,1.133374123609881,1.9219568031145304,59.64690002418357
0.04020100502512563,9.683673469387756,1.4488714950350285,1.8985266703491646,65.82251965278017
0.04522613065326633,9.683673469387756,1.7939221290361,1.8723055803273676,71.4094550052418
0.05025125628140704,9.683673469387756,2.165572606569684,1.843307378517106,76.40832016106744
0.05527638190954774,9.683673469387756,2.5608668128391514,1.8115388377343575,80.81860331745452
0.06030150753768844,9.683673469387756,2.976842207692315,1.7769503506867697,84.6399681838234
0.06532663316582915,9.683673469387756,3.410533477740956,1.7394681768721292,87.86858415088695
0.07035175879396985,9.683673469387756,3.8589699455313133,1.6989836278835686,90.50595747338068
0.07537688442211055,9.683673469387756,4.319165867346375,1.6553002370852667,92.55054540719665
0.08040201005025126,9.683673469387756,4.788126687153508,1.6081550385240362,93.99299970525547
0.08542713567839195,9.683673469387756,5.262833285357153,1.5571360173601652,94.833555828258
0.09045226130653267,9.683673469387756,5.740220799939079,1.5015920806124954,95.05684851798368
0.09547738693467336,9.683673469387756,6.21715935898465,1.440543731417255,94.65196199561029
0.10050251256281408,9.683673469387756,6.690366325667938,1.3723210475940415,93.5839371274576
0.10552763819095477,9.683673469387756,7.156225990493741,1.293829196310124,91.68025078470566
0.11055276381909548,9.683673469387756,7.610129299480026,1.1986380722094157,88.77700985933954
0.11557788944723618,9.683673469387756,8.043484599382625,1.070210502701163,82.85073284931063
0.12060301507537688,9.683673469387756,8.423542000763376,0.8579228077043399,63.44419308479848
0.12562814070351758,9.683673469387756,8.648197578416836,0.5083352645429419,27.28421359541535
0.1306532663316583,9.683673469387756,8.740464268507328,0.1197589039062806,12.292520575890835
0.135678391959799,9.683673469387756,8.788016823665341,-0.2537491496717173,7.525454410660927
0.1407035175879397,9.683673469387756,8.81935796752406,-0.6026284530191466,5.3179878874773285
0.1457286432160804,9.683673469387756,8.843599785164457,-0.922764634097968,4.418813171388018
0.1507537688442211,9.683673469387756,8.864720812300357,-1.210870079290412,4.0816194666427865
0.15577889447236182,9.683673469387756,8.88511113981045,-1.4638014722952406,4.1523383717636015
0.16080402010050251,9.683673469387756,8.906973047677976,-1.6783686716276907,4.8147112175441
0.1658291457286432,9.683673469387756,8.934162852171122,-1.8508580096534561,6.5636564293229505
0.1708542713567839,9.683673469387756,8.978327091140821,-1.9730294259741625,12.482041972761738
0.17587939698492464,9.683673469387756,9.048835850776646,-2.012904790114963,11.73225974329007
0.18090452261306533,9.683673469387756,9.082721819240577,-2.014665323272197,1.6002327880050817
0.18592964824120603,9.683673469387756,9.101669762847193,-2.014386960431904,8.534337920440821
0.19095477386934673,9.683673469387756,9.16870847418891,-2.010983510804561,18.051527866979523
0.19597989949748743,9.683673469387756,9.282171953307852,-2.0034118898623747,27.016351670884188
0.20100502512562815,9.683673469387756,9.439306940362153,-1.992604291847148,35.43084079766144
0.20603015075376885,9.683673469387756,9.637327906118417,-1.9788358073596986,43.28907191293434
0.21105527638190955,9.683673469387756,9.873437286202932,-1.9622055107908585,50.59117253026433
0.21608040201005024,9.683673469387756,10.144835742156799,-1.9427910661352363,57.333784128464735
0.22110552763819097,9.683673469387756,10.448724364475876,-1.9206531212768325,63.5222182611642
0.22613065326633167,9.683673469387756,10.78229825291743,-1.8958304981448657,69.15031680593275
0.23115577889447236,9.683673469387756,11.142754571621289,-1.868356964013675,74.22161239321618
0.23618090452261306,9.683673469387756,11.527290499808498,-1.83822518665208,78.73087644808614
0.24120603015075376,9.683673469387756,11.93309369786272,-1.8054267722669293,82.68433142785088
0.24623115577889448,9.683673469387756,12.357345456487833,-1.7699048525908707,86.07747055089655
0.25125628140703515,9.683673469387756,12.797234845503674,-1.7315707948574321,88.90616150630102
0.2562814070351759,9.683673469387756,13.249934214894115,-1.6903068663903806,91.17203034712445
0.2613065326633166,9.683673469387756,13.712605698100036,-1.645907210742415,92.8767878168264
0.2663316582914573,9.683673469387756,14.182404817822055,-1.598064950419486,94.00913136087526
0.271356783919598,9.683673469387756,14.656444465897247,-1.546334429056975,94.56388169085427
0.27638190954773867,9.683673469387756,15.131803839497032,-1.4900659579538178,94.52898182385837
0.2814070351758794,9.683673469387756,15.605485151446471,-1.428146522062294,93.88428607213007
0.2864321608040201,9.683673469387756,16.074322498759642,-1.3587784507710332,92.60924513866131
0.2914572864321608,9.683673469387756,16.534766344087608,-1.2785530828485057,90.51192210606565
0.2964824120603015,9.683673469387756,16.982054710934154,-1.1802126140947988,87.21480981807929
0.3015075376884422,9.683673469387756,17.406352461511815,-1.044396722081984,80.85275380212224
0.3065326633165829,9.683673469387756,17.76673269820815,-0.8139820648671925,57.34298519993947
0.31155778894472363,9.683673469387756,17.963533814258124,-0.45500832436449734,24.46262096103288
0.3165829145728643,9.683673469387756,18.045603151818568,-0.07144345761194809,11.352141913758663
0.32160804020100503,9.683673469387756,18.089809777554425,0.29514530098881697,6.9148199451420105
0.32663316582914576,9.683673469387756,18.119711883550938,0.636975906109286,5.130737192719976
0.3316582914572864,9.683673469387756,18.143226400546183,0.9502930762243922,4.30767304686571
0.33668341708542715,9.683673469387756,18.163936037071853,1.2320018396414845,3.9622198143361333
0.3417085427135678,9.683673469387756,18.184069579697674,1.4791124475555928,4.097608446112243
0.34673366834170855,9.683673469387756,18.205864640116854,1.6885706938396692,4.50477661081843
0.35175879396984927,9.683673469387756,18.23305842547827,1.8567832857416011,6.443255434370054
0.35678391959798994,9.683673469387756,18.277652871362122,1.9753794419262591,12.652486254926346
0.36180904522613067,9.683673469387756,18.34735136920183,2.013013148047726,11.47033585560022
0.36683417085427134,9.683673469387756,18.38059098252992,2.0146661083320647,1.6132109110320854
0.37185929648241206,9.683673469387756,18.399325584072024,2.014386216385612,8.478826338138445
0.3768844221105528,9.683673469387756,18.46609490098973,2.0109982939899718,17.99962734037394
0.38190954773869346,9.683673469387756,18.579304689832338,2.0034457055948347,26.967466410543434
0.3869346733668342,9.683673469387756,18.736201702934707,1.992654502089954,35.38528684008232
0.39195979899497485,9.683673469387756,18.93400081965917,1.978902499304888,43.24657265190705
0.3969849246231156,9.683673469387756,19.169903845180063,1.9622892655070796,50.55110331243615
0.4020100502512563,9.683673469387756,19.441113431815964,1.942890407658127,57.297596784865185
0.40703517587939697,9.683673469387756,19.744831692350743,1.9207631808832788,63.488505767849844
0.4120603015075377,9.683673469387756,20.078247893008456,1.8959567604936025,69.1202133447404
0.41708542713567837,9.683673469387756,20.43856717492018,1.8684981256355326,74.19380509719689
0.4221105527638191,9.683673469387756,20.82297497607678,1.8383771921300656,78.70766054586238
0.4271356783919598,9.683673469387756,21.228666535302196,1.805591861022723,82.66234681758858
0.4321608040201005,9.683673469387756,21.652833029160863,1.770083090123812,86.05725821028184
0.4371859296482412,9.683673469387756,22.092644250405435,1.731769972558051,88.89529580353442
0.44221105527638194,9.683673469387756,22.54527866721842,1.690519531886401,91.16637380938893
0.4472361809045226,9.683673469387756,23.007899695607765,1.6461346970253474,92.865298927362
0.45226130653266333,9.683673469387756,23.477657916865386,1.598313485625974,94.00004072411961
0.457286432160804,9.683673469387756,23.95167675085461,1.546615240415074,94.56370752361786
0.4623115577889447,9.683673469387756,24.427030520092163,1.4903556450521633,94.5290690484247
0.46733668341708545,9.683673469387756,24.90073397112354,1.4284746674803,93.90366716721206
0.4723618090452261,9.683673469387756,25.36961211657868,1.3591598525964412,92.59638620348028
0.47738693467336685,9.683673469387756,25.83011258609381,1.2789994524236445,90.56334258970594
0.4824120603015075,9.683673469387756,26.277482047739774,1.1807539229177815,87.21371246002798
0.48743718592964824,9.683673469387756,26.70197777630855,1.0452680505875214,80.6237136780373
0.49246231155778897,9.683673469387756,27.06298886878265,0.8155661904789787,58.28582619908435
0.49748743718592964,9.683673469387756,27.26056816015699,0.4569251292209365,23.495558039612277
0.5025125628140703,9.683673469387756,27.342937109234917,0.0733049989628814,11.319785242083336
0.507537688442211,9.683673469387756,27.387253476115394,-0.2934204636931744,7.00287354957403
0.5125628140703518,9.683673469387756,27.41720355190485,-0.6353973990433875,5.1554475786304055
0.5175879396984925,9.683673469387756,27.440749190836964,-0.948875288200273,4.3313882094094085
0.5226130653266332,9.683673469387756,27.461472047419957,-1.2307634533911216,4.024477726877741
0.5276381909547738,9.683673469387756,27.481628144955103,-1.4780630917721314,4.115383893591622
0.5326633165829145,9.683673469387756,27.50336427071983,-1.6877327497241865,4.770648324017895
0.5376884422110553,9.683673469387756,27.530570051271,-1.856197504271173,6.605082326008266
0.542713567839196,9.683673469387756,27.5750734847857,-1.9751016090961737,12.284000343627294
0.5477386934673367,9.683673469387756,27.644903829055032,-2.0130019465729894,11.52656122702335
0.5527638190954773,9.683673469387756,27.678418668987547,-2.0146653138043438,1.6697436670648433
0.5577889447236181,9.683673469387756,27.69696535281195,-2.014385184593376,8.42481626619149
0.5628140703517588,9.683673469387756,27.76347335416943,-2.0110131264048947,17.949232216080937
0.5678391959798995,9.683673469387756,27.876441349163976,-2.0034780641535623,26.921233708950062
0.5728643216080402,9.683673469387756,28.033114972484814,-1.9927027685502112,35.34221682883201
0.5778894472361809,9.683673469387756,28.23070815920942,-1.978964451419077,43.206833953376375
0.5829145728643216,9.683673469387756,28.466424155210536,-1.9623644330546086,50.514539442660556
0.5879396984924623,9.683673469387756,28.737465992397922,-1.9429774571094978,57.26566847081404
0.592964824120603,9.683673469387756,29.04103056671989,-1.9208691259232409,63.45793620780529
0.5979899497487438,9.683673469387756,29.374309999039845,-1.8960762368989037,69.09294476508944
0.6030150753768844,9.683673469387756,29.734503952495643,-1.8686223593181748,74.17032510269647
0.6080402010050251,9.683673469387756,30.118808443968398,-1.8385232364053563,78.68759817032623
0.6130653266331658,9.683673469387756,30.524412283633755,-1.805748713629899,82.64687082312591
0.6180904522613065,9.683673469387756,30.948493374226995,-1.7702535734723033,86.04417061618861
0.6231155778894473,9.683673469387756,31.388245338291476,-1.731948665215273,88.87991393183756
0.628140703517588,9.683673469387756,31.840838887346834,-1.6907095571448174,91.1535459954998
0.6331658291457286,9.683673469387756,32.303436111207304,-1.6463414361325144,92.86408836323626
0.6381909547738693,9.683673469387756,32.77317464778166,-1.5985354026850094,94.00143461854705
0.6432160804020101,9.683673469387756,33.24719311335647,-1.5468445875722314,94.56513038710457
0.6482412060301508,9.683673469387756,33.72256888674476,-1.49061934086033,94.53226520421123
0.6532663316582915,9.683673469387756,34.19628595555442,-1.428760578597173,93.89419687883499
0.6582914572864321,9.683673469387756,34.66520181432193,-1.3594742010073948,92.63022996132655
0.6633165829145728,9.683673469387756,35.12574317877193,-1.279374097560527,90.52156495963897
0.6683417085427136,9.683673469387756,35.57317971984658,-1.1812603427844264,87.24541664241448
0.6733668341708543,9.683673469387756,35.99778451856494,-1.04597723423841,80.95123411123515
0.678391959798995,9.683673469387756,36.35928005591125,-0.8168775794565134,59.692368974796025
0.6834170854271356,9.683673469387756,36.55767573859558,-0.4586009648791941,23.652181048408
0.6884422110552764,9.683673469387756,36.64030445107125,-0.07494904943877011,11.246066247706844
0.6934673366834171,9.683673469387756,36.68470976005969,0.29183339143808734,7.0308057927624565
0.6984924623115578,9.683673469387756,36.714698469023,0.6339022546562401,5.1722056971818375
0.7035175879396985,9.683673469387756,36.73826214944475,0.9474911192007968,4.331153962221849
0.7085427135678392,9.683673469387756,36.758990744367644,1.229503147672909,4.0223269615705375
0.7135678391959799,9.683673469387756,36.77914109090608,1.4769368255179491,4.093406550353488
0.7185929648241206,9.683673469387756,36.800861536675185,1.6867513105634326,4.792260022388884
0.7236180904522613,9.683673469387756,36.82799978543568,1.855357308836628,6.5769410428598825
0.7286432160804021,9.683673469387756,36.872266387688235,1.9745269397594298,12.353439673047266
0.7336683417085427,9.683673469387756,36.94197190702626,2.012938775687481,11.550799695542251
0.7386934673366834,9.683673469387756,36.975639818089185,2.0146652769528837,1.7009306785805973
0.7437185929648241,9.683673469387756,36.99408358567681,2.014399338070398,8.395037596752303
0.7487437185929648,9.683673469387756,37.060443414391244,2.0110537076016843,17.920711229165715
0.7537688442211056,9.683673469387756,37.1732697168824,2.0035320209027776,26.893646002503402
0.7587939698492462,9.683673469387756,37.32980680046487,1.9927668889549137,35.3160701477345
0.7638190954773869,9.683673469387756,37.5272712901742,1.9790386031235645,43.18213431967742
0.7688442211055276,9.683673469387756,37.76286902643917,1.9624485116059338,50.49130232447728
0.7738693467336684,9.683673469387756,38.03379496384705,1.943070626509061,57.24359962779615
0.7788944723618091,9.683673469387756,38.337250383606666,1.9209734529098115,63.43814602260676
0.7839195979899497,9.683673469387756,38.67043484584847,1.896190312229265,69.07502978217433
0.7889447236180904,9.683673469387756,39.03054032121783,1.868746627292011,74.15281505976266
0.7939698492462312,9.683673469387756,39.414763617961576,1.8386556197852335,78.6745845958367
0.7989949748743719,9.683673469387756,39.82029444520918,1.805885713388712,82.63505451443297
0.8040201005025126,9.683673469387756,40.24431577996923,1.7704015674784352,86.03582352878009
0.8090452261306532,9.683673469387756,40.684014324869494,1.7321166679163134,88.87035188395303
0.8140703517587939,9.683673469387756,41.13656171035587,1.6908924375866192,91.14530337897716
0.8190954773869347,9.683673469387756,41.599120761974795,1.6465256003065303,92.85834645621448
0.8241206030150754,9.683673469387756,42.06884338873626,1.598731239720291,93.99623787817877
0.8291457286432161,9.683673469387756,42.54285773738314,1.5470676637165217,94.55613248483999
0.8341708542713567,9.683673469387756,43.018210087715346,1.4908615780330199,94.54609588399269
0.8391959798994975,9.683673469387756,43.49193980534907,1.4290392378868848,93.89960340456729
0.8442211055276382,9.683673469387756,43.9608465969476,1.3597829138386566,92.60770365426093
0.8492462311557789,9.683673469387756,44.42141466175621,1.2797577194428493,90.53014658782422
0.8542713567839196,9.683673469387756,44.868903688602394,1.1817276688903036,87.36201574667129
0.8592964824120602,9.683673469387756,45.293674388541724,1.0466859381813356,80.65359472266316
0.864321608040201,9.683673469387756,45.65563614165398,0.8181687691208517,57.66764909412775
0.8693467336683417,9.683673469387756,45.85473463653003,0.46025872495219755,24.135746451842166
0.8743718592964824,9.683673469387756,45.9376771605696,0.0765842540998493,11.600316346768375
0.8793969849246231,9.683673469387756,45.98217393717245,-0.2902839633681599,7.0480322966723135
0.8844221105527639,9.683673469387756,46.012205049044255,-0.6324993694676015,5.182001937473063
0.8894472361809045,9.683673469387756,46.035787219864375,-0.9462194324848887,4.333251383655235
0.8944723618090452,9.683673469387756,46.0565218330899,-1.2283625318733136,4.022822368622489
0.8994974874371859,9.683673469387756,46.07667132256486,-1.4759625777409409,4.095379396549071
0.9045226130653267,9.683673469387756,46.09837689840725,-1.6859330307191729,4.784575086821006
0.9095477386934674,9.683673469387756,46.12547856235757,-1.8547383549207195,6.571015876754821
0.914572864321608,9.683673469387756,46.1696244669025,-1.9741716472343924,12.44788685394791
0.9195979899497487,9.683673469387756,46.239326934723046,-2.012907190443376,11.587735523267632
0.9246231155778895,9.683673469387756,46.27321319022134,-2.0146651001128486,1.7467542308345516
0.9296482412060302,9.683673469387756,46.307728109772874,-2.01382288212398,15.876465404454446
0.9346733668341709,9.683673469387756,46.43033065443096,-2.0062915732066675,32.4675870568854
0.9396984924623115,9.683673469387756,46.6294970744679,-1.9926233834627802,46.34591710590505
0.9447236180904522,9.683673469387756,46.89154355182253,-1.9743699695112484,57.49328568825361
0.949748743718593,9.683673469387756,47.20274108262831,-1.952317355933277,65.90850487568906
0.9547738693467337,9.683673469387756,47.54936262307145,-1.9272440220547544,71.59098853296237
0.9597989949748744,9.683673469387756,47.91767887585209,-1.8999686011570223,74.54322988749145
0.964824120603015,9.683673469387756,48.29396201848735,-1.8713857394044109,74.76350085764922
0.9698492462311558,9.683673469387756,48.66449726322233,-1.8424494900176716,72.25569813535307
0.9748743718592965,9.683673469387756,49.01557604733793,-1.814257909354911,67.02215895028556
0.9798994974874372,9.683673469387756,49.3335007063918,-1.7880084082667524,59.0599953325588
0.9849246231155779,9.683673469387756,49.60458501670716,-1.7650449426858503,48.37877827925181
0.9899497487437185,9.683673469387756,49.81514370314299,-1.7468034446836334,34.97160853345702
0.9949748743718593,9.683673469387756,49.951505523477714,-1.7347942325790628,18.84726751185068
1.0,9.683673469387756,50.0,-1.7304793342129987,0.0
0.0,9.704081632653061,0.0,2.0,0.0
0.005025125628140704,9.704081632653061,0.0260720596018505,1.9994640187780077,10.275032437244674
0.010050251256281407,9.704081632653061,0.10223178039871013,1.995212398662561,19.93778068764898
0.01507537688442211,9.704081632653061,0.2254937184479271,1.9868154749660492,29.02486730125602
0.020100502512562814,9.704081632653061,0.39296809207471795,1.9751514079405426,37.532833330966746
0.02512562814070352,9.704081632653061,0.6017283855264913,1.9604422846496965,45.45641141539345
0.03015075376884422,9.704081632653061,0.8488397939616289,1.9427924730899693,52.7969146657823
0.035175879396984924,9.704081632653061,1.1313650929812562,1.9222679283321158,59.55058800642925
0.04020100502512563,9.704081632653061,1.446365153162437,1.8989312413841466,65.72130069180017
0.04522613065326633,9.704081632653061,1.790899196850656,1.87281547677621,71.30553397013335
0.05025125628140704,9.704081632653061,2.1620239739080094,1.8439350011558553,76.30355163348126
0.05527638190954774,9.704081632653061,2.5567955201630697,1.8122967212202574,80.71601520608034
0.06030150753768844,9.704081632653061,2.972262044941165,1.7778518973513662,84.54174588965425
0.06532663316582915,9.704081632653061,3.405470506933186,1.7405312151044292,87.77586709987362
0.07035175879396985,9.704081632653061,3.8534604109410786,1.7002247053899282,90.42239179279804
0.07537688442211055,9.704081632653061,4.313260306408366,1.6567404767454441,92.47535909772678
0.08040201005025126,9.704081632653061,4.781885477968194,1.609823965120461,93.93186617924297
0.08542713567839195,9.704081632653061,5.256328792591993,1.5590638319144006,94.79480400043376
0.09045226130653267,9.704081632653061,5.73354148755084,1.503838853210537,95.0310269401722
0.09547738693467336,9.704081632653061,6.210405215999532,1.4431790315174797,94.64207938626411
0.10050251256281408,9.704081632653061,6.683664347130683,1.3754559098476034,93.58653912874057
0.10552763819095477,9.704081632653061,7.149744415703333,1.2977221216113806,91.7729618825654
0.11055276381909548,9.704081632653061,7.604126096179843,1.203766626278691,88.80617216132241
0.11557788944723618,9.704081632653061,8.038636494198933,1.077939557647043,83.39579815038715
0.12060301507537688,9.704081632653061,8.423238098559743,0.8723898034001838,66.28802054727717
0.12562814070351758,9.704081632653061,8.657105009330767,0.5283800558013411,29.534606892281136
0.1306532663316583,9.704081632653061,8.75316643919341,0.13995619836745885,12.587375417254005
0.135678391959799,9.704081632653061,8.801964121804357,-0.23438867375616712,7.467343586076397
0.1407035175879397,9.704081632653061,8.83376598777089,-0.5844075698778013,5.472136588545681
0.1457286432160804,9.704081632653061,8.858209525469585,-0.9059110255481458,4.432157670216042
0.1507537688442211,9.704081632653061,8.879369376829397,-1.1956045631193764,4.03189057147881
0.15577889447236182,9.704081632653061,8.899669551762376,-1.450361050404178,4.144790750462427
0.16080402010050251,9.704081632653061,8.921323539379744,-1.666995559494253,4.460840077948723
0.1658291457286432,9.704081632653061,8.947941082595857,-1.8418863314552683,6.084245504558924
0.1708542713567839,9.704081632653061,8.990233122197617,-1.967554823336417,11.648490140080831
0.17587939698492464,9.704081632653061,9.06067384485947,-2.0123940989561326,12.27866667193273
0.18090452261306533,9.704081632653061,9.097608413051512,-2.014640868296133,2.241878798891824
0.18592964824120603,9.704081632653061,9.114570201438001,-2.014433109413587,7.912947268612587
0.19095477386934673,9.704081632653061,9.178534122378494,-2.011315481639411,17.448183364784043
0.19597989949748743,9.704081632653061,9.289010946798038,-2.003996592320073,26.431286622866086
0.20100502512562815,9.704081632653061,9.443256299648743,-1.9934174411129395,34.866396638261776
0.20603015075376885,9.704081632653061,9.638497603932526,-1.9798808262149008,42.74719829780598
0.21105527638190955,9.704081632653061,9.871947002641273,-1.9634869391199374,50.07337218019962
0.21608040201005024,9.704081632653061,10.140813843946725,-1.9443219274222467,56.84377919453505
0.22110552763819097,9.704081632653061,10.442312316608668,-1.922431612716609,63.0594046212333
0.22613065326633167,9.704081632653061,10.773647310420552,-1.8978735354151584,68.7185112766854
0.23115577889447236,9.704081632653061,11.132023687935519,-1.8706662485476466,73.82250677855836
0.23618090452261306,9.704081632653061,11.514650605224132,-1.840825321598024,78.36991216163081
0.24120603015075376,9.704081632653061,11.918723031392734,-1.8083150452633316,82.35984069801003
0.24623115577889448,9.704081632653061,12.34144337114954,-1.7731076683908318,85.79006867854176
0.25125628140703515,9.704081632653061,12.780000960062413,-1.7351250769688578,88.66205919376995
0.2562814070351759,9.704081632653061,13.231582173519026,-1.6942238033822619,90.97639183106256
0.2613065326633166,9.704081632653061,13.693362313148,-1.6502161259649606,92.71914434099402
0.2663316582914573,9.704081632653061,14.162504069813556,-1.6028281037066008,93.89898764650675
0.271356783919598,9.704081632653061,14.636135325226563,-1.5516330555820028,94.51265239397718
0.27638190954773867,9.704081632653061,15.111364784727357,-1.4959740355497029,94.52809370814546
0.2814070351758794,9.704081632653061,15.585211680980622,-1.4348435895726184,93.95133112673543
0.2864321608040201,9.704081632653061,16.054536524819262,-1.3665412439688944,92.74428820336136
0.2914572864321608,9.704081632653061,16.51586952159146,-1.2879121178846833,90.72336752335133
0.2964824120603015,9.704081632653061,16.964681377572155,-1.1923376302406241,87.67134534331905
0.3015075376884422,9.704081632653061,17.392265940222103,-1.0627998775397154,81.6114138375696
0.3065326633165829,9.704081632653061,17.764501161061478,-0.8477493209946513,62.63371190096695
0.31155778894472363,9.704081632653061,17.980957612571302,-0.4988507254020427,26.504497171513673
0.3165829145728643,9.704081632653061,18.070489254780455,-0.11485413685795898,11.922749456540991
0.32160804020100503,9.704081632653061,18.11718724567394,0.2539347372896033,7.2893592104380724
0.32663316582914576,9.704081632653061,18.14812845406154,0.5985473835413465,5.331992358074951
0.3316582914572864,9.704081632653061,18.172092255450412,0.9150624507596645,4.359465044349432
0.33668341708542715,9.704081632653061,18.192943980641285,1.2003724192084877,3.9615746946482973
0.3417085427135678,9.704081632653061,18.212978192638587,1.4514835957778052,4.053709559571469
0.34673366834170855,9.704081632653061,18.234377801177338,1.665382630900812,4.558264364814094
0.35175879396984927,9.704081632653061,18.260473636618936,1.838627473883778,6.229742745664989
0.35678391959798994,9.704081632653061,18.301434094222426,1.9642886245352713,11.098751455977917
0.36180904522613067,9.704081632653061,18.370908644435083,2.0119358873902895,12.5326462415293
0.36683417085427134,9.704081632653061,18.41012335711356,2.014637857390972,2.859819303144343
0.37185929648241206,9.704081632653061,18.425345245837583,2.014489734940428,7.252347190399353
0.3768844221105528,9.704081632653061,18.48608997876807,2.0116603858727617,16.826537683744824
0.38190954773869346,9.704081632653061,18.593532999324225,2.0045877243749435,25.84591350990964
0.3869346733668342,9.704081632653061,18.744929050580005,1.9942124205907048,34.31767046479002
0.39195979899497485,9.704081632653061,18.93750685656116,1.9808710004257684,42.235467715972284
0.3969849246231156,9.704081632653061,19.16847972035477,1.9646651287531138,49.59895627620916
0.4020100502512563,9.704081632653061,19.43505882608174,1.9456846295930885,56.406997886211784
0.40703517587939697,9.704081632653061,19.734454333312218,1.9239753276499938,62.65933599737875
0.4120603015075377,9.704081632653061,20.06387660269525,1.899596462832864,68.35597773050894
0.41708542713567837,9.704081632653061,20.420530364213835,1.8725655784795578,73.49673638364513
0.4221105527638191,9.704081632653061,20.80161654794452,1.842896514490176,78.08377498640047
0.4271356783919598,9.704081632653061,21.204347863391217,1.8105693180378106,82.10765785475766
0.4321608040201005,9.704081632653061,21.625904891736575,1.775547875238675,85.57598490494141
0.4371859296482412,9.704081632653061,22.06349911103082,1.737744614184411,88.48976937741237
0.44221105527638194,9.704081632653061,22.514303688061087,1.6970408842223195,90.83556264284529
0.4472361809045226,9.704081632653061,22.975494934037044,1.6532602695401637,92.62151012327605
0.45226130653266333,9.704081632653061,23.444229398105996,1.606106468898634,93.84447701685848
0.457286432160804,9.704081632653061,23.917641022060995,1.5551731836308926,94.48449828759067
0.4623115577889447,9.704081632653061,24.3928566726128,1.499848619617348,94.55920972856899
0.46733668341708545,9.704081632653061,24.866886737944583,1.4391355198288291,94.01369145985224
0.4723618090452261,9.704081632653061,25.336610222746526,1.3713851757662425,92.82257127344916
0.47738693467336685,9.704081632653061,25.798590986101054,1.2935839554608797,90.89906433231556
0.4824120603015075,9.704081632653061,26.24842688012167,1.1995043999289086,87.96538963935592
0.48743718592964824,9.704081632653061,26.67794318342271,1.0732343654962118,82.22163582334302
0.49246231155778897,9.704081632653061,27.056523937491445,0.8666053176275804,64.4175831068336
0.49748743718592964,9.704081632653061,27.285016068877134,0.5243791232602806,28.943590976956862
0.5025125628140703,9.704081632653061,27.37956228882456,0.14019313610130424,12.424327284486003
0.507537688442211,9.704081632653061,27.427934996916036,-0.23003141964815546,7.437367253059161
0.5125628140703518,9.704081632653061,27.459539168401115,-0.5763994231587359,5.39590927067757
0.5175879396984925,9.704081632653061,27.483831369804072,-0.8948980185291032,4.406369105014435
0.5226130653266332,9.704081632653061,27.504814280183986,-1.1824040580176425,3.9975954633345263
0.5276381909547738,9.704081632653061,27.52484015856169,-1.4359092673544382,4.00262292028788
0.5326633165829145,9.704081632653061,27.546073926245985,-1.6523977576503426,4.542304558296479
0.5376884422110553,9.704081632653061,27.571681661943646,-1.828513005317984,5.790448116634772
0.542713567839196,9.704081632653061,27.61102063947245,-1.9578876366315194,10.754276832879134
0.5477386934673367,9.704081632653061,27.679974840436184,-2.0112014498010002,13.11588422349141
0.5527638190954773,9.704081632653061,27.722444677600667,-2.0146333826760596,3.5402855917995586
0.5577889447236181,9.704081632653061,27.736408404787277,-2.0145337104752765,6.586566465253368
0.5628140703517588,9.704081632653061,27.793907558912604,-2.0119823429102177,16.199770825062483
0.5678391959798995,9.704081632653061,27.898294408756264,-2.005161868172298,25.256242516121397
0.5728643216080402,9.704081632653061,28.046821343153326,-1.9949925562758917,33.76548869693625
0.5778894472361809,9.704081632653061,28.236717225639026,-1.9818473470656859,41.721399475580725
0.5829145728643216,9.704081632653061,28.46519707624496,-1.9658332893085353,49.12144695577445
0.5879396984924623,9.704081632653061,28.729472429410336,-1.947032060868951,55.96682749093684
0.592964824120603,9.704081632653061,29.026755434574522,-1.9255045424835842,62.25787408629667
0.5979899497487438,9.704081632653061,29.35424939306524,-1.9013037431827167,67.99129582332533
0.6030150753768844,9.704081632653061,29.709169079293716,-1.874451083690504,73.16948143609939
0.6080402010050251,9.704081632653061,30.08870374490814,-1.8449555563338285,77.79210518554869
0.6130653266331658,9.704081632653061,30.490067687643556,-1.8128152080973465,81.85595486839274
0.6180904522613065,9.704081632653061,30.910460334310418,-1.7779727826182405,85.36396534055753
0.6231155778894473,9.704081632653061,31.347062597384475,-1.740356192221716,88.30866223608423
0.628140703517588,9.704081632653061,31.797065250667828,-1.6998581397114487,90.69515709337705
0.6331658291457286,9.704081632653061,32.257656473472835,-1.6562762553939612,92.52033593093203
0.6381909547738693,9.704081632653061,32.72597839997896,-1.609360026644316,93.77579988127029
0.6432160804020101,9.704081632653061,33.1991949632611,-1.5587060549730338,94.46291109113147
0.6482412060301508,9.704081632653061,33.67438549352058,-1.5036927686908632,94.56027503132219
0.6532663316582915,9.704081632653061,34.148576510737435,-1.4433752683674663,94.06053231419077
0.6582914572864321,9.704081632653061,34.618701876799456,-1.376163817232716,92.92069189061945
0.6633165829145728,9.704081632653061,35.08130976474584,-1.2991877972724555,91.08887696594152
0.6683417085427136,9.704081632653061,35.53213331016747,-1.2065162155033338,88.20442041534619
0.6733668341708543,9.704081632653061,35.96349208310537,-1.083318888842081,82.78738613427154
0.678391959798995,9.704081632653061,36.34776700256605,-0.8846237789195378,67.56437422127307
0.6834170854271356,9.704081632653061,36.5885266678843,-0.5497139788847973,29.38919241382918
0.6884422110552764,9.704081632653061,36.688479230020064,-0.1655441297520986,13.236913989230667
0.6934673366834171,9.704081632653061,36.73859672626276,0.20603909551059818,7.684251897927433
0.6984924623115578,9.704081632653061,36.770942662068165,0.5541514309528367,5.426565582717319
0.7035175879396985,9.704081632653061,36.79556396944494,0.8746275870350101,4.470800984398487
0.7085427135678392,9.704081632653061,36.816684836222784,1.164280288876444,4.033795033750837
0.7135678391959799,9.704081632653061,36.83672313405791,1.4201493938410277,3.9243683551423976
0.7185929648241206,9.704081632653061,36.85777374868651,1.6391997918372216,4.578983572951807
0.7236180904522613,9.704081632653061,36.88295146679019,1.818131783592635,5.912309717420504
0.7286432160804021,9.704081632653061,36.92073356034822,1.9510676904922333,10.272732555759719
0.7336683417085427,9.704081632653061,36.98867103793535,2.010245448131916,13.639706240899024
0.7386934673366834,9.704081632653061,37.03431441188652,2.01462417733253,4.2086735586991235
0.7437185929648241,9.704081632653061,37.04748387400213,2.014572017712809,5.927526229249011
0.7487437185929648,9.704081632653061,37.10176977548814,2.0122955180602906,15.57994751851023
0.7537688442211056,9.704081632653061,37.20313220962591,2.005731114293644,24.672388688009633
0.7587939698492462,9.704081632653061,37.34881731818888,1.9957656759243805,33.21855276523101
0.7638190954773869,9.704081632653061,37.53605952753438,1.9828138639696509,41.21139836984952
0.7688442211055276,9.704081632653061,37.76207032517855,1.9669885491123356,48.64890710543002
0.7738693467336684,9.704081632653061,38.024063525991124,1.9483695804921513,55.53110742420955
0.7788944723618091,9.704081632653061,38.3192482773692,1.9270213331841606,61.85970060390015
0.7839195979899497,9.704081632653061,38.644831551079534,1.9029934935736321,67.63082612795137
0.7889447236180904,9.704081632653061,38.99801992283981,1.876320254399629,72.84617684708728
0.7939698492462312,9.704081632653061,39.37601802745526,1.846997638471219,77.50382268614368
0.7989949748743719,9.704081632653061,39.77602989952323,1.8150293126039134,81.60465147491034
0.8040201005025126,9.704081632653061,40.19524756362253,1.7803669025558708,85.14797647726512
0.8090452261306532,9.704081632653061,40.63086266099904,1.7429393812303202,88.13432079171844
0.8140703517587939,9.704081632653061,41.08007293723017,1.7026335374739787,90.55676724964337
0.8190954773869347,9.704081632653061,41.54005175528236,1.6592691368266719,92.42110126942121
0.8241206030150754,9.704081632653061,42.007959053478736,1.612583854354502,93.71638004447536
0.8291457286432161,9.704081632653061,42.48094032347605,1.5621925411655448,94.43329161958984
0.8341708542713567,9.704081632653061,42.95608615741816,1.5074917820128808,94.57334015247768
0.8391959798994975,9.704081632653061,43.43045736125591,1.447568148165524,94.1145170287096
0.8442211055276382,9.704081632653061,43.90094185457398,1.3808833807756031,93.01962025707648
0.8492462311557789,9.704081632653061,44.36416051874098,1.3046846462607615,91.22357834424061
0.8542713567839196,9.704081632653061,44.81593719453628,1.21334855441465,88.39144820895197
0.8592964824120602,9.704081632653061,45.24899422418769,1.0930192612556155,83.41866787920448
0.864321608040201,9.704081632653061,45.63851637974913,0.9018547039732155,67.8696323757412
0.8693467336683417,9.704081632653061,45.891423223632636,0.5748391224088247,31.968061475308538
0.8743718592964824,9.704081632653061,45.99720793780515,0.19088164580818823,13.583920526069532
0.8793969849246231,9.704081632653061,46.049227681963565,-0.18201281987694415,7.844702112769118
0.8844221105527639,9.704081632653061,46.08232634151738,-0.5318205807008931,5.542521208454662
0.8894472361809045,9.704081632653061,46.107300049894704,-0.8542087668923868,4.491090720964975
0.8944723618090452,9.704081632653061,46.12856410868276,-1.1459997756215685,4.016359116772951
0.8994974874371859,9.704081632653061,46.14860226310131,-1.404187423781107,4.024820934374093
0.9045226130653267,9.704081632653061,46.16953775942791,-1.6257518037333232,4.347413088202339
0.9095477386934674,9.704081632653061,46.19424955810946,-1.8074493971759134,5.7827226642832334
0.914572864321608,9.704081632653061,46.230579918592554,-1.9438020497305308,9.529082494132926
0.9195979899497487,9.704081632653061,46.2971246906316,-2.0090297310554015,14.091024531678144
0.9246231155778895,9.704081632653061,46.3458537584751,-2.014604149769898,4.869782187412262
0.9296482412060302,9.704081632653061,46.36549458023305,-2.014479277416537,10.386974103616815
0.9346733668341709,9.704081632653061,46.4635000427212,-2.0092662409267987,28.139266967345833
0.9396984924623115,9.704081632653061,46.64356193778791,-1.997036160597304,43.053254281499356
0.9447236180904522,9.704081632653061,46.89142655368516,-1.9798773792119742,55.12200550496522
0.949748743718593,9.704081632653061,47.192782751534395,-1.9586747295366613,64.34102648561371
0.9547738693467337,9.704081632653061,47.53330348860197,-1.9342366280808216,70.71041288358359
0.9597989949748744,9.704081632653061,47.89867334216027,-1.9074138335680464,74.23142800708827
0.964824120603015,9.704081632653061,48.274581924618225,-1.8791203075563208,74.90371376538212
0.9698492462311558,9.704081632653061,48.646712266169416,-1.850341158111847,72.72743594136527
0.9748743718592965,9.704081632653061,49.00076266807285,-1.8221904797582689,67.70751446768446
0.9798994974874372,9.704081632653061,49.322442397590926,-1.7959067301564948,59.84621492256666
0.9849246231155779,9.704081632653061,49.59747270338627,-1.7728465667834337,49.142007205214064
0.9899497487437185,9.704081632653061,49.811586960314145,-1.7544890766404102,35.60184718244814
0.9949748743718593,9.704081632653061,49.95051904976226,-1.742374837302834,19.22005053081826
1.0,9.704081632653061,50.0,-1.7380255183568534,-1.6526462141032073e-14
0.0,9.724489795918368,0.0,2.0,0.0
0.005025125628140704,9.724489795918368,0.026019044975205022,1.9994662039493525,10.254329882727403
0.010050251256281407,9.724489795918368,0.1020277792332309,1.9952318008762475,19.898767234579854
0.01507537688442211,9.724489795918368,0.22505216885913154,1.98686877550494,28.96970276316167
0.020100502512562814,9.724489795918368,0.3922132743579678,1.9752516231140145,37.463711472051784
0.02512562814070352,9.724489795918368,0.6005957346618966,1.9606013572777183,45.37555028900138
0.03015075376884422,9.724489795918368,0.8472759189516174,1.9430222848855885,52.706479777005086
0.035175879396984924,9.724489795918368,1.129327359605281,1.9225797813414423,59.45290627808955
0.04020100502512563,9.724489795918368,1.443823100527343,1.8993366488705874,65.6186242179574
0.04522613065326633,9.724489795918368,1.7878330397283262,1.873326272574082,71.20010807877992
0.05025125628140704,9.724489795918368,2.158425716644636,1.8445636406857477,76.1972752913951
0.05527638190954774,9.724489795918368,2.552667370661107,1.813055226840437,80.61196575058743
0.06030150753768844,9.724489795918368,2.9676189169915865,1.7787533807225657,84.44217822401093
0.06532663316582915,9.724489795918368,3.4003363062931444,1.7415945912420427,87.68204488723852
0.07035175879396985,9.724489795918368,3.847873283561871,1.701464860333323,90.33805365032902
0.07537688442211055,9.724489795918368,4.307268521144136,1.6581817143445297,92.40003440137629
0.08040201005025126,9.724489795918368,4.775549966327201,1.6114919593323895,93.87146375475395
0.08542713567839195,9.724489795918368,5.24972054664529,1.5609837411723424,94.74970360348176
0.09045226130653267,9.724489795918368,5.726749729731928,1.5060785159671735,95.01097521635162
0.09547738693467336,9.724489795918368,6.203533631325709,1.4458071592666693,94.64468039947138
0.10050251256281408,9.724489795918368,6.676841345197138,1.3785937734829528,93.607561325029
0.10552763819095477,9.724489795918368,7.143126840675619,1.3015633350167015,91.82069179423938
0.11055276381909548,9.724489795918368,7.5979755624999035,1.2088278774619174,89.03282954502849
0.11557788944723618,9.724489795918368,8.033605238008017,1.0855603709904875,83.73558721627222
0.12060301507537688,9.724489795918368,8.422287462663695,0.8862933506036142,66.63741055652575
0.12562814070351758,9.724489795918368,8.665616128621108,0.5484106309461313,29.722157329121
0.1306532663316583,9.724489795918368,8.765784204061026,0.16026798359343364,13.41799535075884
0.135678391959799,9.724489795918368,8.815854095874908,-0.2149020829611709,7.765587389040399
0.1407035175879397,9.724489795918368,8.84816317715401,-0.5660612674395558,5.441990564903799
0.1457286432160804,9.724489795918368,8.872813845010553,-0.8889506233026728,4.466224296945249
0.1507537688442211,9.724489795918368,8.894029544724253,-1.1802498464992326,4.039378323415356
0.15577889447236182,9.724489795918368,8.914256440205964,-1.4368473148152305,4.065763059810402
0.16080402010050251,9.724489795918368,8.935734994780265,-1.6555805090724853,4.502220015132369
0.1658291457286432,9.724489795918368,8.96178585939006,-1.8328942154839043,6.199146329632567
0.1708542713567839,9.724489795918368,9.002448866775811,-1.9619130775003002,11.23118875231063
0.17587939698492464,9.724489795918368,9.072565969681028,-2.0118119626242557,12.79634234128516
0.18090452261306533,9.724489795918368,9.112571221484355,-2.0146165526913378,2.890584500587162
0.18592964824120603,9.724489795918368,9.127914736322207,-2.0144609204637076,7.280580651541484
0.19095477386934673,9.724489795918368,9.188748642864573,-2.011617869767394,16.834711161142064
0.19597989949748743,9.724489795918368,9.296185871085443,-2.004555783415601,25.8359739892616
0.20100502512562815,9.724489795918368,9.447491360739749,-1.9942082504993952,34.29178302504194
0.20603015075376885,9.724489795918368,9.63990369288615,-1.980905896431729,42.195576886193145
0.21105527638190955,9.724489795918368,9.870644344368241,-1.964751896864525,49.54687456083447
0.21608040201005024,9.724489795918368,10.136935820527215,-1.9458287882836696,56.34527581926079
0.22110552763819097,9.724489795918368,10.435996553310504,-1.9242001992980031,62.58942049762734
0.22613065326633167,9.724489795918368,10.765047318318171,-1.8999038304899003,68.2810090678877
0.23115577889447236,9.724489795918368,11.121304233483032,-1.872969190207994,73.41705653216391
0.23618090452261306,9.724489795918368,11.501985429992803,-1.8434012279257077,78.00033281190959
0.24120603015075376,9.724489795918368,11.904296225255734,-1.8111970515381113,82.02584384539587
0.24623115577889448,9.724489795918368,12.325442491972616,-1.7763066754905106,85.49661282750147
0.25125628140703515,9.724489795918368,12.762635903951475,-1.7386489956590288,88.41202971399113
0.2562814070351759,9.724489795918368,13.213069028339909,-1.69811188790051,90.7660659513718
0.2613065326633166,9.724489795918368,13.67393277459748,-1.654512243923444,92.56530673413207
0.2663316582914573,9.724489795918368,14.142390255922992,-1.6075641929339524,93.79435666498003
0.271356783919598,9.724489795918368,14.615596145403147,-1.5568809455178796,94.44671799499542
0.27638190954773867,9.724489795918368,15.090666623333044,-1.501835315400154,94.53092599792784
0.2814070351758794,9.724489795918368,15.564637880328466,-1.4414768186038582,94.01662811395609
0.2864321608040201,9.724489795918368,16.03442100405485,-1.3742021080100069,92.87004668922789
0.2914572864321608,9.724489795918368,16.496604786031934,-1.2970902571527538,90.94398472898682
0.2964824120603015,9.724489795918368,16.946870304542838,-1.2041125967885893,87.99081406622335
0.3015075376884422,9.724489795918368,17.377409415587376,-1.0801579375801231,82.65000045512994
0.3065326633165829,9.724489795918368,17.759796475795476,-0.8793440087398149,66.81229491927832
0.31155778894472363,9.724489795918368,17.996713870173117,-0.5424739853168166,28.926538142636925
0.3165829145728643,9.724489795918368,18.094904671609797,-0.1585333636165065,13.070142311421462
0.32160804020100503,9.724489795918368,18.144405708378027,0.21240654864847966,7.649262986975723
0.32663316582914576,9.724489795918368,18.176471702588504,0.5597716580641839,5.38744999754844
0.3316582914572864,9.724489795918368,18.200938890215816,0.8794734713260123,4.450954613424293
0.33668341708542715,9.724489795918368,18.221966689814852,1.1683592820664448,4.022738570848371
0.3417085427135678,9.724489795918368,18.24194909259152,1.4234619277405685,3.940089862871285
0.34673366834170855,9.724489795918368,18.262959703024844,1.6417880244656262,4.579047411943287
0.35175879396984927,9.724489795918368,18.288153204305345,1.8199997099276655,5.916834404186194
0.35678391959798994,9.724489795918368,18.326077220547937,1.9521855599404965,10.320825959238688
0.36180904522613067,9.724489795918368,18.394089770512764,2.0103851459532374,13.545325041394625
0.36683417085427134,9.724489795918368,18.43920682292048,2.014602878735178,4.106682352189262
0.37185929648241206,9.724489795918368,18.452434705948814,2.0145441589702355,6.00842909936755
0.3768844221105528,9.724489795918368,18.507067758656078,2.0122378742045,15.637938177302622
0.38190954773869346,9.724489795918368,18.608664793820637,2.005662972534081,24.70838011491965
0.3869346733668342,9.724489795918368,18.75448154321257,1.9957079981971597,33.23519641721835
0.39195979899497485,9.724489795918368,18.94176135748109,1.9827802252859297,41.210700058436494
0.3969849246231156,9.724489795918368,19.16772998550868,1.9669897050006881,48.63254429099118
0.4020100502512563,9.724489795918368,19.429607702973243,1.9484191450648294,55.50174481637421
0.40703517587939697,9.724489795918368,19.724614950133397,1.9271287902779528,61.81866549701045
0.4120603015075377,9.724489795918368,20.04997279901638,1.9031718266622268,67.58016686997395
0.41708542713567837,9.724489795918368,20.402895099248163,1.8765749219028984,72.78913743313855
0.4221105527638191,9.724489795918368,20.780594536526976,1.8473553739888087,77.44230733524371
0.4271356783919598,9.724489795918368,21.180290863814854,1.8154851439171658,81.54297670162966
0.4321608040201005,9.724489795918368,21.59917815338847,1.780939966945279,85.08469694983282
0.4371859296482412,9.724489795918368,22.034477524271768,1.7436514146561515,88.07154454487913
0.44221105527638194,9.724489795918368,22.48336668140851,1.7034900838685316,90.5000288761772
0.4472361809045226,9.724489795918368,22.94304418926402,1.6602981238512753,92.36305070041259
0.45226130653266333,9.724489795918368,23.41069003102947,1.6138013723127989,93.67005863361994
0.457286432160804,9.724489795918368,23.88345151761356,1.563620828173316,94.39523230099161
0.4623115577889447,9.724489795918368,24.358450958639988,1.5091800613903847,94.55204652026511
0.46733668341708545,9.724489795918368,24.83273931689937,1.4495753898955261,94.10906521523715
0.4723618090452261,9.724489795918368,25.303245013430125,1.383307190604827,93.03612840264056
0.47738693467336685,9.724489795918368,25.76661677320859,1.3076980229426547,91.27007759280806
0.4824120603015075,9.724489795918368,26.218712408965064,1.217312051194214,88.49842361735493
0.48743718592964824,9.724489795918368,26.652542432246694,1.098895454590827,83.56747932238707
0.49246231155778897,9.724489795918368,27.044990518439604,0.9126041085710391,69.22521519659283
0.49748743718592964,9.724489795918368,27.30542698523508,0.5909993795658934,33.469562257877215
0.5025125628140703,9.724489795918368,27.41497657208588,0.20761695451862458,14.297019009448675
0.507537688442211,9.724489795918368,27.46816939743964,-0.16592292119519295,8.09594484370791
0.5125628140703518,9.724489795918368,27.50172697151537,-0.5165635615402862,5.641961317518314
0.5175879396984925,9.724489795918368,27.52686371030934,-0.8400045207263507,4.529585160966782
0.5226130653266332,9.724489795918368,27.548183038331054,-1.1330226215094148,4.05417637906762
0.5276381909547738,9.724489795918368,27.56818973526824,-1.3926220382067511,3.955549052829189
0.5326633165829145,9.724489795918368,27.588923578911682,-1.6158498193626472,4.483235139824286
0.5376884422110553,9.724489795918368,27.61330979143263,-1.7994259418363077,5.482885325221169
0.542713567839196,9.724489795918368,27.648564997737463,-1.938210833457696,9.419408580606193
0.5477386934673367,9.724489795918368,27.71379440538536,-2.007938321311914,14.366876224875814
0.5527638190954773,9.724489795918368,27.764843943537297,-2.0145613826741298,5.388190478824173
0.5577889447236181,9.724489795918368,27.777670972454146,-2.014590255392093,4.731076893155332
0.5628140703517588,9.724489795918368,27.826074232755886,-2.0127859707233178,14.434927828800596
0.5678391959798995,9.724489795918368,27.92180104451908,-2.006719372125551,23.57466300749245
0.5728643216080402,9.724489795918368,28.062097455652417,-1.9971619833661924,32.17181229736077
0.5778894472361809,9.724489795918368,28.244213490247205,-1.9846081509687503,40.21774571661794
0.5829145728643216,9.724489795918368,28.465371174931928,-1.9691790263076125,47.7105933766495
0.5879396984924623,9.724489795918368,28.72279450724223,-1.9509608797761748,54.65066529019874
0.592964824120603,9.724489795918368,29.013702304372977,-1.9300208827360732,61.03902714257204
0.5979899497487438,9.724489795918368,29.335313748621324,-1.9064025544191914,66.8719712447986
0.6030150753768844,9.724489795918368,29.68484872856897,-1.8801479894250315,72.15171724200447
0.6080402010050251,9.724489795918368,30.0595225204064,-1.851258323420342,76.87457903248038
0.6130653266331658,9.724489795918368,30.456540502708297,-1.8197376125020013,81.04465325085165
0.6180904522613065,9.724489795918368,30.873115322507658,-1.7855422839940174,84.65861820569239
0.6231155778894473,9.724489795918368,31.306447671149616,-1.7486057265697663,87.71484512307879
0.628140703517588,9.724489795918368,31.75373957041336,-1.7088284077805038,90.21464315526858
0.6331658291457286,9.724489795918368,32.21218127794456,-1.6660338627492246,92.1519699355741
0.6381909547738693,9.724489795918368,32.6789613799717,-1.6199831358518968,93.52787077293613
0.6432160804020101,9.724489795918368,33.15122220401025,-1.5703017258349747,94.33370045452244
0.6482412060301508,9.724489795918368,33.62609217133937,-1.5164550411497966,94.562615707186
0.6532663316582915,9.724489795918368,34.10063167597715,-1.4575865166343889,94.19668173521077
0.6582914572864321,9.724489795918368,34.57177322241333,-1.392302862036989,93.20982171477924
0.6633165829145728,9.724489795918368,35.03626571537113,-1.3181141377005101,91.51307967194933
0.6683417085427136,9.724489795918368,35.49012105598254,-1.2301247866547973,88.9461388841514
0.6733668341708543,9.724489795918368,35.926978317186084,-1.1166295690226178,84.50491359164012
0.678391959798995,9.724489795918368,36.32778267342446,-0.9431315917977199,72.41912699760779
0.6834170854271356,9.724489795918368,36.61140469816305,-0.6387134615080313,37.56549133489404
0.6884422110552764,9.724489795918368,36.734203033793634,-0.25688340105826923,15.27678747562776
0.6934673366834171,9.724489795918368,36.791618530304234,0.11900242198919511,8.492229516839846
0.6984924623115578,9.724489795918368,36.826815748865876,0.47290157843940583,5.786618222504456
0.7035175879396985,9.724489795918368,36.8527185987048,0.8000414743140658,4.598260376923961
0.7085427135678392,9.724489795918368,36.874360550555096,1.0971483082063271,4.082070714334021
0.7135678391959799,9.724489795918368,36.89442078770316,1.3612234908625849,4.009427215473356
0.7185929648241206,9.724489795918368,36.91492147289555,1.5892996919494027,4.330440447608097
0.7236180904522613,9.724489795918368,36.93858780752122,1.7781958252329957,5.343900879854035
0.7286432160804021,9.724489795918368,36.97164412053657,1.9233007579040817,8.226053015428654
0.7336683417085427,9.724489795918368,37.03318829240476,2.0044216993825787,14.938333167610216
0.7386934673366834,9.724489795918368,37.089866492884,2.0144813406706112,6.669106040437431
0.7437185929648241,9.724489795918368,37.103956487925046,2.014611394022817,3.4350468047675053
0.7487437185929648,9.724489795918368,37.14603846086124,2.0132480677083198,13.214769387570664
0.7537688442211056,9.724489795918368,37.235813774017856,2.007711697297662,22.42569274145266
0.7587939698492462,9.724489795918368,37.37051256903873,1.9985603078490424,31.093676163778817
0.7638190954773869,9.724489795918368,37.54738900946648,1.986381737194769,39.21086812306615
0.7688442211055276,9.724489795918368,37.763669162069725,1.9713210256867786,46.775630046513726
0.7738693467336684,9.724489795918368,38.01657385868474,1.9534559750700875,53.787593530679196
0.7788944723618091,9.724489795918368,38.30332443312763,1.9328653411167693,60.24726337572795
0.7839195979899497,9.724489795918368,38.621140193895975,1.9095882874033592,66.15112494568683
0.7889447236180904,9.724489795918368,38.96723765120332,1.883668869479543,71.50227550057478
0.7939698492462312,9.724489795918368,39.338830711994696,1.8551253571616544,76.29941847389894
0.7989949748743719,9.724489795918368,39.73313277785891,1.823935961078518,80.53986834736197
0.8040201005025126,9.724489795918368,40.147357172959815,1.7900878934298423,84.22466774008635
0.8090452261306532,9.724489795918368,40.57870280647012,1.7535094457765912,87.35400346104895
0.8140703517587939,9.724489795918368,41.02436792455493,1.7141050038095462,89.92418923253932
0.8190954773869347,9.724489795918368,41.48154861354249,1.6717079003851814,91.93495999145405
0.8241206030150754,9.724489795918368,41.947428174585454,1.626095298181766,93.38361703155523
0.8291457286432161,9.724489795918368,42.419167967494296,1.5769028207187228,94.26252418894659
0.8341708542713567,9.724489795918368,42.89387997938829,1.5236305934558347,94.56597697042066
0.8391959798994975,9.724489795918368,43.36863785586597,1.465473109858481,94.28188828989451
0.8442211055276382,9.724489795918368,43.8404093026948,1.4011115627766784,93.39326133535293
0.8492462311557789,9.724489795918368,44.305946278465804,1.3282667148640117,91.81009805468776
0.8542713567839196,9.724489795918368,44.76142822108996,1.242491602344047,89.3047932954666
0.8592964824120602,9.724489795918368,45.20102014569898,1.133426371151175,85.23459094839217
0.864321608040201,9.724489795918368,45.608937809825306,0.9713413736702643,74.76962077550674
0.8693467336683417,9.724489795918368,45.91446246186237,0.6851866778406597,42.227745468211175
0.8743718592964824,9.724489795918368,46.05249344982994,0.3063188437678759,17.529064847410318
0.8793969849246231,9.724489795918368,46.11473859829386,-0.0717727153274594,9.17399022425695
0.8844221105527639,9.724489795918368,46.15179245467278,-0.4288281747306909,6.033394759823589
0.8894472361809045,9.724489795918368,46.17851739925134,-0.7596055240780979,4.703697728395553
0.8944723618090452,9.724489795918368,46.20053007997521,-1.0607207835510728,4.126923298517862
0.8994974874371859,9.724489795918368,46.22067859379646,-1.3291957699449826,3.979664703465552
0.9045226130653267,9.724489795918368,46.241023385511134,-1.5620470240843822,4.308511113230392
0.9095477386934674,9.724489795918368,46.264040608824054,-1.7561569268328834,4.899841898831325
0.914572864321608,9.724489795918368,46.29517090790151,-1.907309805309999,7.983995852003391
0.9195979899497487,9.724489795918368,46.35217231654627,-1.999336186324646,15.036275652573151
0.9246231155778895,9.724489795918368,46.41376070844484,-2.014315349832267,7.924948339241525
0.9296482412060302,9.724489795918368,46.43193647146667,-2.014614959634461,4.383515544944658
0.9346733668341709,9.724489795918368,46.50302175890152,-2.0116767560684825,23.397774545004367
0.9396984924623115,9.724489795918368,46.662097804726855,-2.001105964803461,39.423964221066505
0.9447236180904522,9.724489795918368,46.89427360827914,-1.9851271607415264,52.48615631669606
0.949748743718593,9.724489795918368,47.18461409382456,-1.9648416017998311,62.57361232354548
0.9547738693467337,9.724489795918368,47.518168049278074,-1.9410956023896282,69.68556609519288
0.9597989949748744,9.724489795918368,47.87998545924324,-1.9147586725348635,73.82164095997304
0.964824120603015,9.724489795918368,48.25511985044936,-1.886768697593742,74.98387100830911
0.9698492462311558,9.724489795918368,48.628622455247005,-1.8581542993691638,73.17534611382303
0.9748743718592965,9.724489795918368,48.98557203357138,-1.8300517504507918,68.39583863993798
0.9798994974874372,9.724489795918368,49.31103781368143,-1.803723034470593,60.64543165855899
0.9849246231155779,9.724489795918368,49.59011292626752,-1.7805611257219989,49.9313437856752
0.9899497487437185,9.724489795918368,49.80789693271174,-1.762089316076311,36.251192739344525
0.9949748743718593,9.724489795918368,49.949491050494295,-1.7498763392531709,19.608374718067555
1.0,9.724489795918368,50.0,-1.7454759670571052,0.0
0.0,9.744897959183673,0.0,2.0,0.0
0.005025125628140704,9.744897959183673,0.025967125838799256,1.9994683432126281,10.234053355413298
0.010050251256281407,9.744897959183673,0.10182789435648196,1.995250870528284,19.86055438878439
0.01507537688442211,9.744897959183673,0.22461970273361073,1.986921245635351,28.91566170867544
0.020100502512562814,9.744897959183673,0.3914740156461619,1.9753503493254907,37.39598713873201
0.02512562814070352,9.744897959183673,0.599486234398069,1.9607581259328553,45.29631034140571
0.03015075376884422,9.744897959183673,0.8457436471435914,1.9432488660256677,52.61783075833856
0.035175879396984924,9.744897959183673,1.1273308461412475,1.9228872392521146,59.35713881928265
0.04020100502512563,9.744897959183673,1.4413315941825589,1.899736464561354,65.51792549772114
0.04522613065326633,9.744897959183673,1.784827026385328,1.8738300624206525,71.09669265058106
0.05025125628140704,9.744897959183673,2.154896207930613,1.8451839471923115,76.09302276186777
0.05527638190954774,9.744897959183673,2.548615784498559,1.8138034600899688,80.50989492856615
0.06030150753768844,9.744897959183673,2.963059370138055,1.7796423327386277,84.34454292859415
0.06532663316582915,9.744897959183673,3.3952947730102765,1.742643554695147,87.59018129642239
0.07035175879396985,9.744897959183673,3.8423840445085347,1.7026873187751703,90.25567450744644
0.07537688442211055,9.744897959183673,4.301380088201305,1.6596043253289992,92.3269510424927
0.08040201005025126,9.744897959183673,4.769323175215897,1.6131359858802734,93.81365050900345
0.08542713567839195,9.744897959183673,5.243226428791364,1.5628835199562687,94.69884774583461
0.09045226130653267,9.744897959183673,5.720072411369842,1.5082781095992903,94.98794752571519
0.09547738693467336,9.744897959183673,6.196777454557284,1.4483840681466729,94.64902786925757
0.10050251256281408,9.744897959183673,6.670128624319527,1.3816713231172455,93.6540910146534
0.10552763819095477,9.744897959183673,7.136617812716789,1.305363816880249,91.87253062654118
0.11055276381909548,9.744897959183673,7.591907534680313,1.2137861035403854,89.0698736540878
0.11557788944723618,9.744897959183673,8.02856770565962,1.0928888125556444,83.9698101438291
0.12060301507537688,9.744897959183673,8.421164123436514,0.8998456749957595,69.31781108170378
0.12562814070351758,9.744897959183673,8.673756842752237,0.5682324791177752,31.042701927090743
0.1306532663316583,9.744897959183673,8.77829842726226,0.18052385836840779,13.433276478741105
0.135678391959799,9.744897959183673,8.829735686273068,-0.19544160733599483,7.819644655997332
0.1407035175879397,9.744897959183673,8.862565169490837,-0.5477149044057199,5.5279967742952145
0.1457286432160804,9.744897959183673,8.887411125637342,-0.871939746310911,4.49629294646249
0.1507537688442211,9.744897959183673,8.908686871986644,-1.1648011204053956,4.0710482046796175
0.15577889447236182,9.744897959183673,8.928874305326211,-1.4231876143566184,4.005203270832134
0.16080402010050251,9.744897959183673,8.950111557981302,-1.6439616784138524,4.634282340257209
0.1658291457286432,9.744897959183673,8.975695941323638,-1.8236307387140438,5.948184303324856
0.1708542713567839,9.744897959183673,9.014722854358961,-1.9558599792585687,10.796180785840356
0.17587939698492464,9.744897959183673,9.084090501258949,-2.0110638054309025,13.30473998351326
0.18090452261306533,9.744897959183673,9.127069677932411,-2.014588630239516,3.5228370141224823
0.18592964824120603,9.744897959183673,9.141218421509533,-2.0144834928526008,6.659618394267333
0.19095477386934673,9.744897959183673,9.198977311330573,-2.0119114255751103,16.23108726546791
0.19597989949748743,9.744897959183673,9.303426305882931,-2.0051072972220005,25.250213331563753
0.20100502512562815,9.744897959183673,9.451837218664563,-1.9949874961236695,33.726167230969644
0.20603015075376885,9.744897959183673,9.641460221682994,-1.9819161922759556,41.65215225134943
0.21105527638190955,9.744897959183673,9.869529086637074,-1.9659979058076231,49.027407091075126
0.21608040201005024,9.744897959183673,10.133277087602039,-1.9473164453025535,55.85172374197705
0.22110552763819097,9.744897959183673,10.429934242213868,-1.9259350501808787,62.126196859025825
0.22613065326633167,9.744897959183673,10.756726462245815,-1.9018924561400925,67.84719587722546
0.23115577889447236,9.744897959183673,11.110882539801668,-1.875228345921943,73.01791472188549
0.23618090452261306,9.744897959183673,11.489629858949773,-1.8459454722116715,77.63193488150014
0.24120603015075376,9.744897959183673,11.890187330871163,-1.8140332703458322,81.69789549042379
0.24623115577889448,9.744897959183673,12.309774390830539,-1.779448514664143,85.20968184381091
0.25125628140703515,9.744897959183673,12.74560253118824,-1.7421282026677598,88.1602700722884
0.2562814070351759,9.744897959183673,13.194883768327788,-1.70194877935552,90.56071475926963
0.2613065326633166,9.744897959183673,13.654813242186318,-1.6587324061149658,92.39696379755894
0.2663316582914573,9.744897959183673,14.12257455660682,-1.6122308192450698,93.67639859163103
0.271356783919598,9.744897959183673,14.595337979668908,-1.5620369147341258,94.38833681651028
0.27638190954773867,9.744897959183673,15.070230000014025,-1.5075954142703807,94.53004431566815
0.2814070351758794,9.744897959183673,15.544304483097216,-1.4479751783264032,94.07419173730707
0.2864321608040201,9.744897959183673,16.01450954040913,-1.3816764499270633,92.98840592937778
0.2914572864321608,9.744897959183673,16.47749275597067,-1.3059996236223903,91.16260916050847
0.2964824120603015,9.744897959183673,16.929127843874088,-1.2154401581772558,88.36711805690433
0.3015075376884422,9.744897959183673,17.362325440905387,-1.0965578451691078,83.47769000975066
0.3065326633165829,9.744897959183673,17.753366603765798,-0.9087655830157463,68.39703745427502
0.31155778894472363,9.744897959183673,18.01080790180797,-0.5854864439573718,32.079346246996614
0.3165829145728643,9.744897959183673,18.118797241631377,-0.20222560402874695,13.78727121380873
0.32160804020100503,9.744897959183673,18.171446584498216,0.17072571566956593,7.905724534997162
0.32663316582914576,9.744897959183673,18.20474067402814,0.5207736888711586,5.572280965905485
0.3316582914572864,9.744897959183673,18.229758478507208,0.8435874134288294,4.484864368330534
0.33668341708542715,9.744897959183673,18.250982441544632,1.13597943545246,4.010280393285402
0.3417085427135678,9.744897959183673,18.270917930299156,1.3949818057315069,4.009412153205019
0.34673366834170855,9.744897959183673,18.29164099727625,1.617633713507657,4.183184701664737
0.35175879396984927,9.744897959183673,18.3159723002733,1.8006856370331974,5.675402084001977
0.35678391959798994,9.744897959183673,18.35126798764768,1.9389828937225295,9.338530378840211
0.36180904522613067,9.744897959183673,18.416591077380758,2.008073826601938,14.360101756445394
0.36683417085427134,9.744897959183673,18.467342919415593,2.014543103577684,5.331982613414913
0.37185929648241206,9.744897959183673,18.48013037566085,2.01456627625754,4.767818487350972
0.3768844221105528,9.744897959183673,18.5286649269707,2.01274768840909,14.450558842205455
0.38190954773869346,9.744897959183673,18.624423717203157,2.006685688325349,23.57211128072047
0.3869346733668342,9.744897959183673,18.764663662339462,1.9971511614873882,32.15254653405594
0.39195979899497485,9.744897959183673,18.94664402542411,1.9846298494835453,40.183646665081085
0.3969849246231156,9.744897959183673,19.167599333511802,1.9692490887071847,47.66426186531524
0.4020100502512563,9.744897959183673,19.424758444532394,1.9510908366160198,54.59442626901533
0.40703517587939697,9.744897959183673,19.715355268102673,1.9302194402378465,60.97125225525821
0.4120603015075377,9.744897959183673,20.036619000040158,1.9066849781197974,66.79802255952151
0.41708542713567837,9.744897959183673,20.385772120607555,1.880515914463528,72.07232756940462
0.4221105527638191,9.744897959183673,20.760046884888034,1.8517323713605813,76.79714413042072
0.4271356783919598,9.744897959183673,21.156668542401693,1.8203178445335493,80.96480633049468
0.4321608040201005,9.744897959183673,21.572840633223205,1.7862486598943275,84.58040708784752
0.4371859296482412,9.744897959183673,22.005785813058196,1.7494596222711072,87.64444229933025
0.44221105527638194,9.744897959183673,22.452713633409648,1.7098318993811654,90.14542891290897
0.4472361809045226,9.744897959183673,22.91083258902574,1.6672145555629485,92.09469735297968
0.45226130653266333,9.744897959183673,23.37734035323626,1.621358681823615,93.47673175920735
0.457286432160804,9.744897959183673,23.849373434872103,1.5719178380460934,94.30225411109646
0.4623115577889447,9.744897959183673,24.324068069489584,1.518341308925973,94.55077185893488
0.46733668341708545,9.744897959183673,24.798528361255798,1.459796202103264,94.2008391460775
0.4723618090452261,9.744897959183673,25.269710649341814,1.3949307246201672,93.22346346456368
0.47738693467336685,9.744897959183673,25.73434742539317,1.3213387713189801,91.56342801210006
0.4824120603015075,9.744897959183673,26.18854618485854,1.2342945398462282,89.00057874388283
0.48743718592964824,9.744897959183673,26.62616334879526,1.1226057239327076,84.77210712437937
0.49246231155778897,9.744897959183673,27.029407754401973,0.9535991525476105,73.65907347675224
0.49748743718592964,9.744897959183673,27.320917796301842,0.6559546671265742,40.01372042840292
0.5025125628140703,9.744897959183673,27.448855994579414,0.2753204730803333,15.81801095943091
0.507537688442211,9.744897959183673,27.507863759726686,-0.10114673643731001,8.686575318473164
0.5125628140703518,9.744897959183673,27.54365906066831,-0.4559514402254314,5.883223327461847
0.5175879396984925,9.744897959183673,27.569795117577563,-0.7842204349485647,4.6427740540019675
0.5226130653266332,9.744897959183673,27.59151322208475,-1.082637591460691,4.073693068078768
0.5276381909547738,9.744897959183673,27.611538375985397,-1.3482326757316314,3.9886566432679054
0.5326633165829145,9.744897959183673,27.63190450905878,-1.5780556323786195,4.202649498795774
0.5376884422110553,9.744897959183673,27.655250951070588,-1.7689531144192185,5.002935178836743
0.542713567839196,9.744897959183673,27.687331411171005,-1.9165374392925676,7.981656110857174
0.5477386934673367,9.744897959183673,27.74687367084018,-2.0024105593964983,14.883560519306396
0.5527638190954773,9.744897959183673,27.805737910725952,-2.0144000644498945,7.2168366685446825
0.5577889447236181,9.744897959183673,27.820887082095346,-2.0145937637270266,2.854412350192655
0.5628140703517588,9.744897959183673,27.86008626605053,-2.013413946865728,12.648622184917205
0.5678391959798995,9.744897959183673,27.947052764626246,-2.0081409216076724,21.8734229694504
0.5728643216080402,9.744897959183673,28.079017441145613,-1.9992070845575183,30.557835183528862
0.5778894472361809,9.744897959183673,28.253247399186826,-1.9872455094264752,38.69392046696074
0.5829145728643216,9.744897959183673,28.466980531656425,-1.9724043065286188,46.27942332124516
0.5879396984924623,9.744897959183673,28.71744754035767,-1.954768893114548,53.31378915671084
0.592964824120603,9.744897959183673,29.00187760325917,-1.9344067807233492,59.79774562305039
0.5979899497487438,9.744897959183673,29.317503244753627,-1.9113767106201518,65.72891473764425
0.6030150753768844,9.744897959183673,29.661552268068608,-1.8857089933429925,71.10941657039434
0.6080402010050251,9.744897959183673,30.031250847305436,-1.8574285655904754,75.93684500445482
0.6130653266331658,9.744897959183673,30.42381548229258,-1.8265181482439874,80.21397309882035
0.6180904522613065,9.744897959183673,30.836471114520386,-1.792959911166083,83.93527029399644
0.6231155778894473,9.744897959183673,31.266433766124937,-1.7566980306115518,87.10047415324001
0.628140703517588,9.744897959183673,31.710917514521114,-1.7176178748160522,89.70946060849857
0.6331658291457286,9.744897959183673,32.167120210410324,-1.6755861705958608,91.76492976728701
0.6381909547738693,9.744897959183673,32.632227096351954,-1.630377561912696,93.25330575217323
0.6432160804020101,9.744897959183673,33.103427199779375,-1.5816486973845834,94.18057743005598
0.6482412060301508,9.744897959183673,33.57784305245842,-1.5289142692288469,94.53479186825022
0.6532663316582915,9.744897959183673,34.05257910104981,-1.471412576947317,94.30480269500497
0.6582914572864321,9.744897959183673,34.52463513606983,-1.4078855303548288,93.46997006803277
0.6633165829145728,9.744897959183673,34.99079048825393,-1.3362273971262002,91.9347398249646
0.6683417085427136,9.744897959183673,35.44731706277464,-1.2523015280689183,89.59555846452231
0.6733668341708543,9.744897959183673,35.888808440944054,-1.1468173460558224,85.85089991945199
0.678391959798995,9.744897959183673,36.3016500536201,-0.9934873894348641,77.35023448858351
0.6834170854271356,9.744897959183673,36.62417361891151,-0.7235362867525099,46.29578327287994
0.6884422110552764,9.744897959183673,36.77669276555844,-0.34877154446542336,18.545987471740258
0.6934673366834171,9.744897959183673,36.84352678234547,0.030769725090819884,9.634562800372699
0.6984924623115578,9.744897959183673,36.88224394331574,0.3901976408784999,6.296189327760958
0.7035175879396985,9.744897959183673,36.909680563722645,0.7237883739495902,4.791253425072323
0.7085427135678392,9.744897959183673,36.93199400718772,1.0281278215395102,4.155394361502613
0.7135678391959799,9.744897959183673,36.95218792453926,1.300218054979121,3.937123401554522
0.7185929648241206,9.744897959183673,36.972355529317525,1.5371006274310908,4.132160129933755
0.7236180904522613,9.744897959183673,36.99482808360067,1.7356889428132665,4.9046483741512334
0.7286432160804021,9.744897959183673,37.024380858491625,1.8920456765064406,7.418714556765744
0.7336683417085427,9.744897959183673,37.07703515981692,1.9932314662066393,14.256248569959997
0.7386934673366834,9.744897959183673,37.14229246306402,2.014045860945518,9.070624878037894
0.7437185929648241,9.744897959183673,37.16343160898051,2.0145966524948395,0.9230852903810386
0.7487437185929648,9.744897959183673,37.19319932498012,2.0139118298660326,10.82837747504327
0.7537688442211056,9.744897959183673,37.27128144303093,2.0094678176451075,20.156836042646443
0.7587939698492462,9.744897959183673,37.394879310645116,2.0011547172709756,28.944710014014415
0.7638190954773869,9.744897959183673,37.561266567355496,1.989753826122453,37.18547624424966
0.7688442211055276,9.744897959183673,37.76768059059922,1.9754537277845083,44.876538138716626
0.7738693467336684,9.744897959183673,38.01135583280547,1.9583471091828624,52.01563929470399
0.7788944723618091,9.744897959183673,38.289527145909744,1.9385016377225164,58.603285961898486
0.7839195979899497,9.744897959183673,38.59941466834552,1.9159779418370058,64.64162167837559
0.7889447236180904,9.744897959183673,38.93825190691378,1.8908121813511793,70.12709913619204
0.7939698492462312,9.744897959183673,39.30326709617006,1.8630272621433894,75.05813622776364
0.7989949748743719,9.744897959183673,39.691687126240765,1.8326167659325485,79.44000608853385
0.8040201005025126,9.744897959183673,40.10073056301061,1.7995671596981497,83.2650072415513
0.8090452261306532,9.744897959183673,40.52761042587189,1.7638228127549345,86.53743270420438
0.8140703517587939,9.744897959183673,40.96952942434959,1.7253023154921563,89.25455385319343
0.8190954773869347,9.744897959183673,41.42370813027992,1.6838512972891366,91.41434928311139
0.8241206030150754,9.744897959183673,41.88733142185557,1.6392603536170898,93.01566174087577
0.8291457286432161,9.744897959183673,42.35757069856459,1.591238943333512,94.05144279256018
0.8341708542713567,9.744897959183673,42.83157716508592,1.5393202772145842,94.51218130146817
0.8391959798994975,9.744897959183673,43.30648023013565,1.4828083415898285,94.39830468931676
0.8442211055276382,9.744897959183673,43.77931612101029,1.4205540017786837,93.66778216218344
0.8492462311557789,9.744897959183673,44.2468545327571,1.350687614387018,92.31244549030588
0.8542713567839196,9.744897959183673,44.70555241426325,1.2695895629299052,90.15260202986173
0.8592964824120602,9.744897959183673,45.150513699635134,1.169410302134274,86.67165684468598
0.864321608040201,9.744897959183673,45.57095330762273,1.028990774954914,79.31878404636923
0.8693467336683417,9.744897959183673,45.92015392542731,0.78698868951439,53.627808715773476
0.8743718592964824,9.744897959183673,46.101702876718505,0.42237146412557586,22.011299737425198
0.8793969849246231,9.744897959183673,46.17822974454544,0.040436859928029,10.78182526789692
0.8844221105527639,9.744897959183673,46.22040002102311,-0.3234120055607615,6.7609762716374435
0.8894472361809045,9.744897959183673,46.24936536745605,-0.6622456759388972,4.989036243182917
0.8944723618090452,9.744897959183673,46.272376554709055,-0.9724191574742246,4.235225224442954
0.8994974874371859,9.744897959183673,46.29279511042046,-1.250904499595912,3.9555415064726964
0.9045226130653267,9.744897959183673,46.31279380780277,-1.4947515822104553,4.1216388824701555
0.9095477386934674,9.744897959183673,46.3345909114197,-1.7009126454010737,4.5118391821941515
0.914572864321608,9.744897959183673,46.36217063598163,-1.865786021282958,6.643241611385659
0.9195979899497487,9.744897959183673,46.408274003172906,-1.9802069768994,12.81301966563909
0.9246231155778895,9.744897959183673,46.47723530534453,-2.013303545925147,10.885680809232229
0.9296482412060302,9.744897959183673,46.507494719362555,-2.0145970992085696,1.0299529194772927
0.9346733668341709,9.744897959183673,46.54980508014091,-2.0133711219512036,18.181639405182665
0.9396984924623115,9.744897959183673,46.68574395692585,-2.0047929468625307,35.4093738763642
0.9447236180904522,9.744897959183673,46.900500642837976,-1.990109245066452,49.546220587040004
0.949748743718593,9.744897959183673,47.1784840428893,-1.9708174092534212,60.57302283373771
0.9547738693467337,9.744897959183673,47.50406736532865,-1.947808009298613,68.49037236099676
0.9597989949748744,9.744897959183673,47.86162870984101,-1.9219939344807784,73.2985442258434
0.964824120603015,9.744897959183673,48.23553466794551,-1.8943455501405981,74.99990459481432
0.9698492462311558,9.744897959183673,48.61017593170563,-1.8659170424377478,73.59079114207486
0.9748743718592965,9.744897959183673,48.96994645317712,-1.8378642647263415,69.07724149376342
0.9798994974874372,9.744897959183673,49.29923090472511,-1.811490691213676,61.46236232971525
0.9849246231155779,9.744897959183673,49.58245251597872,-1.788221576971798,50.74403236160629
0.9899497487437185,9.744897959183673,49.80404182139893,-1.7696091377044303,36.92975787457827
0.9949748743718593,9.744897959183673,49.948414869415274,-1.7572797116606993,20.014153964463514
1.0,9.744897959183673,50.0,-1.7528378041938015,1.5822237371981857e-14
0.0,9.76530612244898,0.0,2.0,0.0
0.005025125628140704,9.76530612244898,0.025915321076817974,1.9994704730572155,10.213818030621496
0.010050251256281407,9.76530612244898,0.10162843835190867,1.9952698489077756,19.82241506864917
0.01507537688442211,9.76530612244898,0.22418787497332868,1.986973471660168,28.8617197379707
0.020100502512562814,9.76530612244898,0.3907358746319101,1.975448599647323,37.328379907712616
0.02512562814070352,9.76530612244898,0.5983784641858894,1.9609141139207205,45.21719862905365
0.03015075376884422,9.76530612244898,0.8442140010348337,1.9434743006329585,52.529307783469605
0.035175879396984924,9.76530612244898,1.125337683808632,1.9231930945534683,59.2614977284882
0.04020100502512563,9.76530612244898,1.438843979814553,1.9001341984546485,65.41733704142221
0.04522613065326633,9.76530612244898,1.7818258664330708,1.8743311100417888,70.99338148706572
0.05025125628140704,9.76530612244898,2.15137267434856,1.8458008936716135,75.98888052933552
0.05527638190954774,9.76530612244898,2.54457264474716,1.8145469247024402,80.40795582404904
0.06030150753768844,9.76530612244898,2.9585090511623444,1.7805253079405086,84.24538457812035
0.06532663316582915,9.76530612244898,3.3902617884640693,1.7436851551339667,87.49866585130373
0.07035175879396985,9.76530612244898,3.8369042490092715,1.7038997188412401,90.17237030010565
0.07537688442211055,9.76530612244898,4.295500469289337,1.6610163019030115,92.25487016076629
0.08040201005025126,9.76530612244898,4.763101082971964,1.6147646934786095,93.75746298638131
0.08542713567839195,9.76530612244898,5.236733812220845,1.5647746592731056,94.65111269054084
0.09045226130653267,9.76530612244898,5.713396116663699,1.510467128099335,94.95221398737573
0.09547738693467336,9.76530612244898,6.190019149246456,1.450945724174349,94.63031724107954
0.10050251256281408,9.76530612244898,6.663405611157913,1.3847136604263894,93.65450440851131
0.10552763819095477,9.76530612244898,7.130084306901837,1.3090978377697078,91.96697838238792
0.11055276381909548,9.76530612244898,7.585808840729981,1.218652066360438,89.27029115686909
0.11557788944723618,9.76530612244898,8.023458629228799,1.1000517043292872,84.4888277158096
0.12060301507537688,9.76530612244898,8.419562032203501,0.912796419447493,69.5474013495239
0.12562814070351758,9.76530612244898,8.681508704783415,0.58791925721428,32.85628850950079
0.1306532663316583,9.76530612244898,8.790676857673128,0.2007908792692549,14.020035563184786
0.135678391959799,9.76530612244898,8.843564758750771,-0.17593355653742546,7.929111070266744
0.1407035175879397,9.76530612244898,8.876931044861436,-0.5293127975299562,5.579024775303905
0.1457286432160804,9.76530612244898,8.902016694166704,-0.8548705239200263,4.501586713378159
0.1507537688442211,9.76530612244898,8.923348123042576,-1.1492832896732728,4.044660325163455
0.15577889447236182,9.76530612244898,8.943476662999718,-1.4094454814933888,4.073143782929115
0.16080402010050251,9.76530612244898,8.96452150811361,-1.6322477389192653,4.279117602580329
0.1658291457286432,9.76530612244898,8.989628023026915,-1.8142414357085908,5.518339903207783
0.1708542713567839,9.76530612244898,9.027207908016225,-1.9495514457623535,9.763525710411226
0.17587939698492464,9.76530612244898,9.095501789769306,-2.0101590505059477,13.7416918689222
0.18090452261306533,9.76530612244898,9.141410137551665,-2.014556763328781,4.151828726914917
0.18592964824120603,9.76530612244898,9.15475250756604,-2.0144951486812044,6.036879859696275
0.19095477386934673,9.76530612244898,9.20942842798623,-2.012184772621501,15.626600545095604
0.19597989949748743,9.76530612244898,9.310882023468736,-2.0056409648498663,24.66285950044698
0.20100502512562815,9.76530612244898,9.456391546664449,-1.9957481828215442,33.15909157955073
0.20603015075376885,9.76530612244898,9.643219524924545,-1.9829045752113361,41.10804698483098
0.21105527638190955,9.76530612244898,9.868612146170529,-1.967223359309821,48.50654971519003
0.21608040201005024,9.76530612244898,10.1298075484837,-1.9487820345482514,55.35696297869632
0.22110552763819097,9.76530612244898,10.424045839894818,-1.92764789550602,61.659708805863175
0.22613065326633167,9.76530612244898,10.748570816223168,-1.9038612712336218,67.41031921053869
0.23115577889447236,9.76530612244898,11.10061438415067,-1.877460654431322,72.6123316226269
0.23618090452261306,9.76530612244898,11.477412346875369,-1.8484598649652353,77.26356591073308
0.24120603015075376,9.76530612244898,11.876202118222317,-1.8168307355434095,81.36319216426232
0.24623115577889448,9.76530612244898,12.294208753873248,-1.782557427554416,84.9102883314891
0.25125628140703515,9.76530612244898,12.728659228588507,-1.7455600705741798,87.9085108418389
0.2562814070351759,9.76530612244898,13.176763944359426,-1.705733445997238,90.34681354833083
0.2613065326633166,9.76530612244898,13.635745813386757,-1.6629065988886313,92.2362579463549
0.2663316582914573,9.76530612244898,14.102792515502403,-1.6168311931033539,93.55605423101407
0.271356783919598,9.76530612244898,14.575084829797586,-1.5671447060329806,94.32256578994995
0.27638190954773867,9.76530612244898,15.04976537151234,-1.5132805164339684,94.50603155713941
0.2814070351758794,9.76530612244898,15.523914550042175,-1.454379655378297,94.10931161983174
0.2864321608040201,9.76530612244898,15.994508302662215,-1.389022518152454,93.09716050762205
0.2914572864321608,9.76530612244898,16.458252318239474,-1.3147035672882943,91.37475293147305
0.2964824120603015,9.76530612244898,16.911156472377446,-1.2263761495929748,88.70557968260164
0.3015075376884422,9.76530612244898,17.346765270209314,-1.1120772851013752,84.08671410075209
0.3065326633165829,9.76530612244898,17.745189166211016,-0.9360549306581518,72.57674630619671
0.31155778894472363,9.76530612244898,18.02290149292172,-0.6278551292326151,35.78816741809797
0.3165829145728643,9.76530612244898,18.1420666460566,-0.24607245256523644,15.000139026942714
0.32160804020100503,9.76530612244898,18.198257482841807,0.12874505233047948,8.441611796965567
0.32663316582914576,9.76530612244898,18.2329218440167,0.48141395192018716,5.789000379473824
0.3316582914572864,9.76530612244898,18.258534265510473,0.8072885406554755,4.559650974822617
0.33668341708542715,9.76530612244898,18.27999749815445,1.103137662966928,4.058800921836278
0.3417085427135678,9.76530612244898,18.299933821427746,1.3659990420131862,3.9607609441881393
0.34673366834170855,9.76530612244898,18.320353486284596,1.592924953174151,4.374904945085194
0.35175879396984927,9.76530612244898,18.343960038887428,1.7807379195554476,5.4398740378934285
0.35678391959798994,9.76530612244898,18.377021263506656,1.924846875533307,8.433792038930235
0.36180904522613067,9.76530612244898,18.438690800654722,2.004756674316768,14.898909566438698
0.36683417085427134,9.76530612244898,18.494736669687164,2.0144447286674287,6.54355642335293
0.37185929648241206,9.76530612244898,18.50861238068301,2.014565082360359,3.522923300163529
0.3768844221105528,9.76530612244898,18.551025624035606,2.013182520549211,13.259139194476521
0.38190954773869346,9.76530612244898,18.640924397775272,2.007648821434742,22.431256784983105
0.3869346733668342,9.76530612244898,18.775562617513465,1.9985377855403377,31.06449651457296
0.39195979899497485,9.76530612244898,18.95221229863511,1.9864267683478125,39.15079077647364
0.3969849246231156,9.76530612244898,19.168121332655033,1.971454961228506,46.688830278268796
0.4020100502512563,9.76530612244898,19.420532319890135,1.9537036272183606,53.67771342742179
0.40703517587939697,9.76530612244898,19.706680710535142,1.933243324852238,60.11896433660912
0.4120603015075377,9.76530612244898,20.02381310239477,1.9101243402960735,66.00855211220383
0.41708542713567837,9.76530612244898,20.36916689044131,1.8843850436632432,71.35048776731249
0.4221105527638191,9.76530612244898,20.739971884423586,1.8560380580704894,76.13826678567948
0.4271356783919598,9.76530612244898,21.133468641321066,1.8250811194557344,80.37838668331186
0.4321608040201005,9.76530612244898,21.5468769996773,1.7914820903997948,84.06605986435132
0.4371859296482412,9.76530612244898,21.97743202854834,1.7551801373091513,87.19992711215296
0.44221105527638194,9.76530612244898,22.42234620655893,1.7160833968125737,89.78570888471714
0.4472361809045226,9.76530612244898,22.878850326657762,1.6740362196631016,91.80874040732006
0.45226130653266333,9.76530612244898,23.344115878433474,1.6288050747250282,93.27837603495638
0.457286432160804,9.76530612244898,23.815339021336015,1.5800741586537137,94.1869518074973
0.4623115577889447,9.76530612244898,24.289670594634213,1.527333214748384,94.52275098529174
0.46733668341708545,9.76530612244898,24.764208535279273,1.469810517486287,94.26052417143384
0.4723618090452261,9.76530612244898,25.235988569131234,1.4062800287827002,93.3974783635087
0.47738693467336685,9.76530612244898,25.70178812579483,1.3345591533526757,91.89439179952024
0.4824120603015075,9.76530612244898,26.157897475155245,1.2505158470743405,89.47485000661433
0.48743718592964824,9.76530612244898,26.598842483223663,1.1446914879015126,85.56931899762682
0.49246231155778897,9.76530612244898,27.01071701984092,0.9903715340662933,76.35304181325141
0.49748743718592964,9.76530612244898,27.330755284745173,0.7184489700051019,45.995611502660616
0.5025125628140703,9.76530612244898,27.48092964593406,0.3432932878142524,18.313252377498536
0.507537688442211,9.76530612244898,27.54693238549532,-0.035757835399315596,9.516298252660318
0.5125628140703518,9.76530612244898,27.585320598910144,-0.39456758227924715,6.190454561092786
0.5175879396984925,9.76530612244898,27.61260339980238,-0.7275605189385336,4.831590113300663
0.5226130653266332,9.76530612244898,27.6348191506266,-1.0312863777874637,4.132922929971644
0.5276381909547738,9.76530612244898,27.65493417856689,-1.3027830588100762,3.9470672122447485
0.5326633165829145,9.76530612244898,27.675026022230256,-1.5390838217423972,4.145418717960655
0.5376884422110553,9.76530612244898,27.697480164165707,-1.7371284618006313,5.031704667158965
0.542713567839196,9.76530612244898,27.727050597873212,-1.8930029311409404,7.308465997001785
0.5477386934673367,9.76530612244898,27.779863953011176,-1.993600229374794,14.221431348948718
0.5527638190954773,9.76530612244898,27.844910917911655,-2.01404313156563,9.006174174397417
0.5577889447236181,9.76530612244898,27.865822506177903,-2.0145744061235082,0.9677482321291547
0.5628140703517588,9.76530612244898,27.895760935833593,-2.013877799265263,10.851246392260697
0.5678391959798995,9.76530612244898,27.97391215989928,-2.009428760779487,20.161015151284865
0.5728643216080402,9.76530612244898,28.09748757939479,-2.0011323525269984,28.931939321590306
0.5778894472361809,9.76530612244898,28.2637700853418,-1.989760938587245,37.15759163661796
0.5829145728643216,9.76530612244898,28.470009558898724,-1.9755015127120281,44.83444959473433
0.5879396984924623,9.76530612244898,28.713447212945233,-1.9584469747637843,51.962801766229774
0.592964824120603,9.76530612244898,28.991326941719105,-1.9386702221663095,58.542637915475545
0.5979899497487438,9.76530612244898,29.30088546641229,-1.916217846121454,64.57103417054155
0.6030150753768844,9.76530612244898,29.639361021956844,-1.8911382027894503,70.05064064370175
0.6080402010050251,9.76530612244898,30.003997373066465,-1.8634485986836695,74.98189276454333
0.6130653266331658,9.76530612244898,30.39201835961858,-1.8331534186584035,79.35848723140354
0.6180904522613065,9.76530612244898,30.800659805334227,-1.8002281302519558,83.1866747874885
0.6231155778894473,9.76530612244898,31.227144441506677,-1.7646191323956055,86.46176236480026
0.628140703517588,9.76530612244898,31.66870296201818,-1.7262324879864308,89.18432680365311
0.6331658291457286,9.76530612244898,32.12254219052386,-1.6849463797031605,91.34978902671557
0.6381909547738693,9.76530612244898,32.58587255343047,-1.6405565324931122,92.9569251698657
0.6432160804020101,9.76530612244898,33.05587888841499,-1.5927472209376852,94.00359331763451
0.6482412060301508,9.76530612244898,33.529713446723584,-1.5410769926582129,94.48921674345912
0.6532663316582915,9.76530612244898,34.00448976253907,-1.4848510663652714,94.37910300856464
0.6582914572864321,9.76530612244898,34.477264279058566,-1.4229892478451236,93.69417220341117
0.6633165829145728,9.76530612244898,34.94489374852382,-1.3536287181972833,92.31571172493112
0.6683417085427136,9.76530612244898,35.403840185206136,-1.2732859888569699,90.17817480107259
0.6733668341708543,9.76530612244898,35.84932873495319,-1.1744269659703073,86.89309165933084
0.678391959798995,9.76530612244898,36.271162053172446,-1.036943354060775,79.85564494483883
0.6834170854271356,9.76530612244898,36.625881672666026,-0.8017287670159543,55.477017213008004
0.6884422110552764,9.76530612244898,36.81490800414632,-0.4405846043446058,22.780296771195808
0.6934673366834171,9.76530612244898,36.894014177321466,-0.05844736290533539,11.107174485366109
0.6984924623115578,9.76530612244898,36.937070985957064,0.30621029111436304,6.8881141224853595
0.7035175879396985,9.76530612244898,36.96636762631142,0.6460580696366602,5.11951948258732
0.7085427135678392,9.76530612244898,36.98951552915584,0.9574555862428654,4.259936706715801
0.7135678391959799,9.76530612244898,37.00995711365419,1.2373723322690222,3.9722802927290686
0.7185929648241206,9.76530612244898,37.02988477306122,1.4828299423982911,4.061393542974728
0.7236180904522613,9.76530612244898,37.05141446958005,1.6908383617859417,4.732216707279561
0.7286432160804021,9.76530612244898,37.07841002177559,1.8578599108067395,6.550442406626611
0.7336683417085427,9.76530612244898,37.122631510146995,1.9755898621031611,12.038335530374143
0.7386934673366834,9.76530612244898,37.191827460288245,2.0129231605606046,11.38450122158871
0.7437185929648241,9.76530612244898,37.22480908760442,2.014573013564353,1.600204398741775
0.7487437185929648,9.76530612244898,37.24339916620648,2.0143026826180717,8.41354289924204
0.7537688442211056,9.76530612244898,37.30966056900742,2.0109734704624427,17.864047439485958
0.7587939698492462,9.76530612244898,37.422031191177226,2.0035395919460544,26.77013172869412
0.7638190954773869,9.76530612244898,37.577797913229055,1.9929172814354739,35.133620339674984
0.7688442211055276,9.76530612244898,37.77421421647251,1.9793790776659168,42.94897181807676
0.7738693467336684,9.76530612244898,38.008526653983495,1.9630232416563647,50.21613933593392
0.7788944723618091,9.76530612244898,38.27797550142471,1.9439233998178764,56.932551290533894
0.7839195979899497,9.76530612244898,38.57979822004382,1.9221443932174438,63.102508262564406
0.7889447236180904,9.76530612244898,38.91123714198342,1.8977233233866238,68.71980265975905
0.7939698492462312,9.76530612244898,39.269526743143615,1.8706932736809068,73.78928536333643
0.7989949748743719,9.76530612244898,39.65190260304983,1.8410592699542525,78.30495005575132
0.8040201005025126,9.76530612244898,40.05559431228636,1.8087973550730214,82.27506109166845
0.8090452261306532,9.76530612244898,40.47783464960947,1.7738685993313292,85.68792133649595
0.8140703517587939,9.76530612244898,40.91584639018444,1.7362058981292847,88.54709775540137
0.8190954773869347,9.76530612244898,41.36684077767739,1.6956726415415853,90.85662587062113
0.8241206030150754,9.76530612244898,41.82803172615219,1.6520807760531273,92.60296344037364
0.8291457286432161,9.76530612244898,42.29660733209743,1.605173429699838,93.79134633543323
0.8341708542713567,9.76530612244898,42.76973178099375,1.5545348402526453,94.42373128312015
0.8391959798994975,9.76530612244898,43.24453461613174,1.4995507314787768,94.45991226068799
0.8442211055276382,9.76530612244898,43.718101447554574,1.4392471894633387,93.90929131189127
0.8492462311557789,9.76530612244898,44.187348389944255,1.3720144536808723,92.72548039682428
0.8542713567839196,9.76530612244898,44.64887475827538,1.2949315622934825,90.84197184127
0.8592964824120602,9.76530612244898,45.09834954313609,1.2019104332979933,87.84698716483676
0.864321608040201,9.76530612244898,45.52794235001336,1.077576062431217,82.29424574302854
0.8693467336683417,9.76530612244898,45.90859975620187,0.8754582427250941,64.74665294001477
0.8743718592964824,9.76530612244898,46.1423327970052,0.5373520766883629,29.540527981725617
0.8793969849246231,9.76530612244898,46.23900307929124,0.1539148195897778,12.622134035935481
0.8844221105527639,9.76530612244898,46.287966473940564,-0.21618476486150637,7.603614751988081
0.8894472361809045,9.76530612244898,46.31973547899709,-0.5627210516347901,5.384126298151421
0.8944723618090452,9.76530612244898,46.34403077750517,-0.881613233521057,4.39982326144984
0.8994974874371859,9.76530612244898,46.36492423643057,-1.1697715164899305,3.980198857979544
0.9045226130653267,9.76530612244898,46.38477519278391,-1.4242060017585327,3.9275538226687994
0.9095477386934674,9.76530612244898,46.405694939276074,-1.6419877731341936,4.518733820514899
0.914572864321608,9.76530612244898,46.43072503612685,-1.8197979676962701,5.804002144179838
0.9195979899497487,9.76530612244898,46.46836846247288,-1.951806411346399,9.935182735805927
0.9246231155778895,9.76530612244898,46.53601901812279,-2.0102611918047346,13.533786534327149
0.9296482412060302,9.76530612244898,46.58121358361824,-2.014555043050522,4.146309273499867
0.9346733668341709,9.76530612244898,46.6042807936557,-2.014278623436562,12.482582938239478
0.9396984924623115,9.76530612244898,46.714920368012145,-2.0080506155346156,31.006814922088438
0.9447236180904522,9.76530612244898,46.910506422709354,-1.994787228702018,46.29592074985777
0.949748743718593,9.76530612244898,47.17476134637222,-1.9765648373569964,58.33551616217534
0.9547738693467337,9.76530612244898,47.49133863002327,-1.9543577379247483,67.12170830966669
0.9597989949748744,9.76530612244898,47.843892561432185,-1.9291145519105286,72.65407878033912
0.964824120603015,9.76530612244898,48.2160844020593,-1.9018274939307178,74.93464828088744
0.9698492462311558,9.76530612244898,48.591569925339584,-1.8735943390464842,73.96749690520869
0.9748743718592965,9.76530612244898,48.95402646040621,-1.8456014323276386,69.7480724310944
0.9798994974874372,9.76530612244898,49.28713146638623,-1.8191810955595558,62.2842002836892
0.9849246231155779,9.76530612244898,49.574574590144024,-1.795795157487378,51.57672949512377
0.9899497487437185,9.76530612244898,49.800059343767465,-1.777051993454926,37.62571507715144
0.9949748743718593,9.76530612244898,49.94729964128777,-1.7646077664516153,20.43445476112748
1.0,9.76530612244898,50.0,-1.7601085180322358,0.0
0.0,9.785714285714286,0.0,2.0,0.0
0.005025125628140704,9.785714285714286,0.025864066901413296,1.9994725774433606,10.193800487166035
0.010050251256281407,9.785714285714286,0.1014312072031433,1.9952886201854887,19.784682937109384
0.01507537688442211,9.785714285714286,0.22376083468457889,1.9870251700700974,28.808346901517464
0.020100502512562814,9.785714285714286,0.39000573749894096,1.97554589947574,37.26147730084456
0.02512562814070352,9.785714285714286,0.5972827625381242,1.9610685970256914,45.13889998220685
0.03015075376884422,9.785714285714286,0.8427007186545642,1.94369761518282,52.44167207561993
0.035175879396984924,9.785714285714286,1.1233655805416674,1.923496065880367,59.16680351035098
0.04020100502512563,9.785714285714286,1.4363830262355413,1.9005281815479906,65.31771497854159
0.04522613065326633,9.785714285714286,1.7788558600261357,1.8748274354862495,70.89104983535836
0.05025125628140704,9.785714285714286,2.147885322653201,1.8464121236961777,75.88572403660544
0.05527638190954774,9.785714285714286,2.5405701786632453,1.815282952259478,80.30701013138541
0.06030150753768844,9.785714285714286,2.954004975519526,1.781400872970088,84.14619375480828
0.06532663316582915,9.785714285714286,3.385278735681552,1.7447153180451638,87.40828762582416
0.07035175879396985,9.785714285714286,3.8314782035186585,1.7051016885113075,90.08585262715928
0.07537688442211055,9.785714285714286,4.289678317435484,1.6624115973693643,92.18440655895391
0.08040201005025126,9.785714285714286,4.756938873551235,1.616375822376495,93.69253666982384
0.08542713567839195,9.785714285714286,5.2303040353005406,1.5666466175574798,94.60685201714082
0.09045226130653267,9.785714285714286,5.706779482437234,1.512638715167316,94.92263514715603
0.09547738693467336,9.785714285714286,6.183314984172209,1.4534862695619573,94.62351066072361
0.10050251256281408,9.785714285714286,6.656734717611242,1.3877337374707848,93.6721721871932
0.10552763819095477,9.785714285714286,7.123597396814324,1.3127854555613812,91.98344071010787
0.11055276381909548,9.785714285714286,7.579738250775559,1.2234388339506377,89.31234000692564
0.11557788944723618,9.785714285714286,8.018336139067264,1.107046394348718,84.63772445410478
0.12060301507537688,9.785714285714286,8.4177480613287,0.9253923104077126,72.22379084276744
0.12562814070351758,9.785714285714286,8.688884622080604,0.6074254391354382,35.3358857657691
0.1306532663316583,9.785714285714286,8.802991450610067,0.2210464268419662,14.619640923927644
0.135678391959799,9.785714285714286,8.857355356523763,-0.15641395700000243,8.192393053724789
0.1407035175879397,9.785714285714286,8.89130630249988,-0.5108703556955143,5.628484192267262
0.1457286432160804,9.785714285714286,8.916616573076109,-0.8377365811992409,4.54864397363989
0.1507537688442211,9.785714285714286,8.93801985399273,-1.1336732921445565,4.040145630229482
0.15577889447236182,9.785714285714286,8.958092584575315,-1.3955891731093988,4.0267820508005014
0.16080402010050251,9.785714285714286,8.978983092941684,-1.6203826665882464,4.221057755262849
0.1658291457286432,9.785714285714286,9.003630086778095,-1.8046695265827353,5.739048670339465
0.1708542713567839,9.785714285714286,9.039825775701507,-1.9429592271956448,9.338897647046572
0.17587939698492464,9.785714285714286,9.106711369680347,-2.009050762831924,14.18232778862932
0.18090452261306533,9.785714285714286,9.155455877224842,-2.0145187990582127,4.771462831875278
0.18592964824120603,9.785714285714286,9.168382226513303,-2.0144999382197515,5.419016521285175
0.19095477386934673,9.785714285714286,9.21999712271793,-2.012443049120832,15.026192904571069
0.19597989949748743,9.785714285714286,9.31847634412986,-2.0061622943289996,24.079641392563254
0.20100502512562815,9.785714285714286,9.461102385360272,-1.9964953020113247,32.59496195231074
0.20603015075376885,9.785714285714286,9.645150748796777,-1.9838776692617655,40.56537321553388
0.21105527638190955,9.785714285714286,9.867874582092416,-1.968429227801225,47.98872700305638
0.21608040201005024,9.785714285714286,10.126526923255305,-1.9502282949362186,54.86438979973682
0.22110552763819097,9.785714285714286,10.418358332003162,-1.929334146031827,61.19318463116225
0.22613065326633167,9.785714285714286,10.740617513223958,-1.9058052708408604,66.97414670314905
0.23115577889447236,9.785714285714286,11.090551708900847,-1.8796668939116494,72.20848163450644
0.23618090452261306,9.785714285714286,11.465406084784723,-1.85093865038144,76.89228554702812
0.24120603015075376,9.785714285714286,11.862423251463225,-1.8196044632571429,81.02962592198321
0.24623115577889448,9.785714285714286,12.27884251627486,-1.785633469683437,84.61576777138083
0.25125628140703515,9.785714285714286,12.711897703151937,-1.7489598306989516,87.64936842510951
0.2562814070351759,9.785714285714286,13.158821767709817,-1.7094817087266365,90.13613653036886
0.2613065326633166,9.785714285714286,13.616836705257493,-1.6670362441111877,92.06288759488876
0.2663316582914573,9.785714285714286,14.083151371012526,-1.6213826811766925,93.43951311016087
0.271356783919598,9.785714285714286,14.554951811840889,-1.5721731070419283,94.24468735737979
0.27638190954773867,9.785714285714286,15.029395999395401,-1.51887704570299,94.48442788352762
0.2814070351758794,9.785714285714286,15.503587243393289,-1.4606753710627254,94.14567039551673
0.2864321608040201,9.785714285714286,15.974529469311024,-1.3962213640992704,93.19197211418755
0.2914572864321608,9.785714285714286,16.438973982469822,-1.3231957046895821,91.54244631654471
0.2964824120603015,9.785714285714286,16.893087326556344,-1.2369941344463324,88.98809821385272
0.3015075376884422,9.785714285714286,17.330900264659814,-1.1268388757835897,84.89280622745203
0.3065326633165829,9.785714285714286,17.735602907299832,-0.9613977652867641,74.55537428437692
0.31155778894472363,9.785714285714286,18.032812337127808,-0.6692920420024634,41.09176680623722
0.3165829145728643,9.785714285714286,18.164677742736014,-0.28997635290284884,16.31868205220751
0.32160804020100503,9.785714285714286,18.224851974241385,0.08658774931559396,8.781087287252735
0.32663316582914576,9.785714285714286,18.261022825146593,0.44179888595323963,5.896126614652275
0.3316582914572864,9.785714285714286,18.287286215269024,0.7706762467135593,4.633569802535249
0.33668341708542715,9.785714285714286,18.309012306677182,1.0699159350457275,4.081203783561404
0.3417085427135678,9.785714285714286,18.32896180302689,1.3365563987868403,3.940827588026236
0.34673366834170855,9.785714285714286,18.349162747768965,1.5676802409167485,4.288652089481396
0.35175879396984927,9.785714285714286,18.372090467499646,1.7601771702953497,4.898271158719488
0.35678391959798994,9.785714285714286,18.403253094595843,1.9098256568291907,7.901586566994784
0.36180904522613067,9.785714285714286,18.46055176133969,2.000080094808708,14.872768139988318
0.36683417085427134,9.785714285714286,18.5212724197339,2.014273240576324,7.734387754979869
0.37185929648241206,9.785714285714286,18.537740530705896,2.014549994044862,2.2800166697535915
0.3768844221105528,9.785714285714286,18.574037471700557,2.013546879591463,12.069083052097401
0.38190954773869346,9.785714285714286,18.658082865576983,2.0085568677170613,21.29114370486795
0.3869346733668342,9.785714285714286,18.787121192829087,1.9998718873362946,29.97631576481539
0.39195979899497485,9.785714285714286,18.958440961568353,1.9881660526906964,38.11753270280272
0.3969849246231156,9.785714285714286,19.169299765577968,1.9735984750084903,45.712332590677576
0.4020100502512563,9.785714285714286,19.416947845771382,1.9562518705808447,52.7612251379481
0.40703517587939697,9.785714285714286,19.698638910450498,1.9362018437858193,59.261035360558914
0.4120603015075377,9.785714285714286,20.011625222821692,1.9135022065524312,65.21480661853114
0.41708542713567837,9.785714285714286,20.353149075759042,1.8881833376741377,70.62049268709775
0.4221105527638191,9.785714285714286,20.720457781670483,1.8602649857338829,75.47691926708417
0.4271356783919598,9.785714285714286,21.110799329604326,1.8297526648717866,79.78825880888193
0.4321608040201005,9.785714285714286,21.5214202120431,1.7966108728917656,83.54633272875921
0.4371859296482412,9.785714285714286,21.949543170984526,1.7607971005667002,86.75525652046153
0.44221105527638194,9.785714285714286,22.392405468259728,1.7222200054463308,89.41015829529924
0.4472361809045226,9.785714285714286,22.847242366742872,1.6807294227517517,91.51396036052805
0.45226130653266333,9.785714285714286,23.311245969460135,1.6361188116738634,93.06718835108748
0.457286432160804,9.785714285714286,23.781616924679778,1.5880775047525912,94.05352041992676
0.4623115577889447,9.785714285714286,24.255529135775415,1.5361318449709696,94.4772430679227
0.46733668341708545,9.785714285714286,24.730111732732293,1.4795916325090157,94.30998291984534
0.4723618090452261,9.785714285714286,25.202404013313668,1.4173005641025727,93.56520268625617
0.47738693467336685,9.785714285714286,25.669262444521305,1.347335504315653,92.12872267311958
0.4824120603015075,9.785714285714286,26.127105001492996,1.2660100298943369,89.90770105408592
0.48743718592964824,9.785714285714286,26.570987752818557,1.1653045538944937,86.39119299760314
0.49246231155778897,9.785714285714286,26.98979753705618,1.0232897652059114,79.28975586744251
0.49748743718592964,9.785714285714286,27.334505238237636,0.7772027097704108,53.895986169725404
0.5025125628140703,9.785714285714286,27.510742742970546,0.41112715451402226,21.175265333736355
0.507537688442211,9.785714285714286,27.58527620832074,0.03004913032240614,10.360658617837535
0.5125628140703518,9.785714285714286,27.62671680317305,-0.3325912806042906,6.676006355974594
0.5175879396984925,9.785714285714286,27.655293116954542,-0.6701604577152618,4.964316088883193
0.5226130653266332,9.785714285714286,27.678086028874993,-0.9790716314626866,4.205323373635819
0.5276381909547738,9.785714285714286,27.69835950032835,-1.256325299297472,3.9529804839597564
0.5326633165829145,9.785714285714286,27.71825995890287,-1.498975366251559,4.1282169910994435
0.5376884422110553,9.785714285714286,27.739965357931318,-1.7040190555601191,4.663194084092493
0.542713567839196,9.785714285714286,27.76753783481861,-1.8678423828411879,6.387888463572012
0.5477386934673367,9.785714285714286,27.813820086545313,-1.9811290689507053,13.232108454799985
0.5527638190954773,9.785714285714286,27.882399990938335,-2.0133185699958864,10.745211108322522
0.5577889447236181,9.785714285714286,27.912041396058086,-2.0145512974279924,0.9233533532270879
0.5628140703517588,9.785714285714286,27.933087424830354,-2.0141912729983704,9.041995223218773
0.5678391959798995,9.785714285714286,28.002367280394456,-2.010578706518608,18.437913926627992
0.5728643216080402,9.785714285714286,28.1174939103394,-2.002941210403437,27.293391418023223
0.5778894472361809,9.785714285714286,28.27576370331001,-1.9921630188163337,35.60713256602572
0.5829145728643216,9.785714285714286,28.47443930519078,-1.9784882747008155,43.37460426529493
0.5879396984924623,9.785714285714286,28.710774732025286,-1.9620123569035206,50.59556954295765
0.592964824120603,9.785714285714286,28.98201811279769,-1.9428083604235666,57.26853644741563
0.5979899497487438,9.785714285714286,29.285422720913058,-1.9209379680538246,63.396093130989634
0.6030150753768844,9.785714285714286,29.618238330560516,-1.896441186047464,68.97484494665945
0.6080402010050251,9.785714285714286,29.97771059069055,-1.8693434004430463,74.00363710877151
0.6130653266331658,9.785714285714286,30.36108216187466,-1.839649090248826,78.48846346093512
0.6180904522613065,9.785714285714286,30.765598499409016,-1.8073412271629055,82.41974471600363
0.6231155778894473,9.785714285714286,31.188497855415758,-1.7723808226687858,85.80380433025913
0.628140703517588,9.785714285714286,31.62700933161883,-1.7346905092652503,88.63314745238564
0.6331658291457286,9.785714285714286,32.078359382206926,-1.6941359642815785,90.91150284143362
0.6381909547738693,9.785714285714286,32.53977642497746,-1.6505305950473754,92.63367082346257
0.6432160804020101,9.785714285714286,33.00846366166382,-1.603609300660952,93.79814290625508
0.6482412060301508,9.785714285714286,33.481575022959674,-1.5529666903005188,94.40361607415188
0.6532663316582915,9.785714285714286,33.956275088862604,-1.497966760604915,94.42399251758155
0.6582914572864321,9.785714285714286,34.42961922070981,-1.437646871495744,93.85577008123589
0.6633165829145728,9.785714285714286,34.89852884615416,-1.3703806956516202,92.65982989378863
0.6683417085427136,9.785714285714286,35.35964727210801,-1.2932235767037341,90.73270178142978
0.6733668341708543,9.785714285714286,35.80862536913401,-1.1999920875089702,87.70658639833563
0.678391959798995,9.785714285714286,36.23749814949564,-1.075121297501318,82.15193761457853
0.6834170854271356,9.785714285714286,36.61655775498988,-0.8713545637702728,66.15434856270774
0.6884422110552764,9.785714285714286,36.84733597771291,-0.5318907238522502,28.319845874385965
0.6934673366834171,9.785714285714286,36.94271709105583,-0.1487581461217473,12.604227239585983
0.6984924623115578,9.785714285714286,36.99119234371611,0.22081141879661367,7.612325179073519
0.7035175879396985,9.785714285714286,37.0227511919028,0.5667177202294071,5.315871371818269
0.7085427135678392,9.785714285714286,37.04691535072819,0.8849895199958274,4.40128975136387
0.7135678391959799,9.785714285714286,37.06772789978471,1.1725293745846517,3.9868242761996786
0.7185929648241206,9.785714285714286,37.08753765696869,1.426395262540798,3.923671912070935
0.7236180904522613,9.785714285714286,37.10837868932794,1.64363451469445,4.541344386270275
0.7286432160804021,9.785714285714286,37.13340364244631,1.820956267047728,5.905749951339551
0.7336683417085427,9.785714285714286,37.171108844437896,1.9524637457386116,10.387331296268124
0.7386934673366834,9.785714285714286,37.23879981929706,2.0103444879255625,13.47531117627552
0.7437185929648241,9.785714285714286,37.28368972307093,2.014533834859825,4.092752659875518
0.7487437185929648,9.785714285714286,37.29682967693796,2.0144771717060315,5.962988115937579
0.7537688442211056,9.785714285714286,37.35109618805091,2.01220338901046,15.538408503753846
0.7587939698492462,9.785714285714286,37.452071755060494,2.0057104324516604,24.561822021609586
0.7638190954773869,9.785714285714286,37.5970446583571,1.9958757815292112,33.04694025058995
0.7688442211055276,9.785714285714286,37.783287189671775,1.9831023081897141,40.9868728183411
0.7738693467336684,9.785714285714286,38.008056302960995,1.967499978152657,48.379680249355935
0.7788944723618091,9.785714285714286,38.268598266380955,1.949148724156576,55.22525121756897
0.7839195979899497,9.785714285714286,38.56217015399544,1.9281090555324767,61.52454543411274
0.7889447236180904,9.785714285714286,38.88601780746692,1.9044356693513889,67.27512466433173
0.7939698492462312,9.785714285714286,39.23738898903898,1.8781566992356737,72.47969453826751
0.7989949748743719,9.785714285714286,39.613530126139246,1.8492838987276052,77.13226351506813
0.8040201005025126,9.785714285714286,40.01168168356333,1.8178075848261388,81.2388931653269
0.8090452261306532,9.785714285714286,40.42908317710172,1.7836904135592222,84.79483598584379
0.8140703517587939,9.785714285714286,40.86297311656853,1.7468649554571973,87.79855967069798
0.8190954773869347,9.785714285714286,41.31058072056049,1.7072298269102255,90.25313374358174
0.8241206030150754,9.785714285714286,41.769131904304984,1.6646127338955978,92.15039946120147
0.8291457286432161,9.785714285714286,42.23581834920154,1.6187768430350942,93.49344647894485
0.8341708542713567,9.785714285714286,42.707838390312325,1.5693524965000432,94.2702006513727
0.8391959798994975,9.785714285714286,43.18235479819522,1.5158101633367642,94.47803536502245
0.8442211055276382,9.785714285714286,43.65644844526408,1.4573085323135568,94.1000445275501
0.8492462311557789,9.785714285714286,44.127117796243766,1.3924708350596497,93.11362017835962
0.8542713567839196,9.785714285714286,44.59107426373054,1.3188767893372055,91.42059525618298
0.8592964824120602,9.785714285714286,45.044452816790134,1.231710634744327,88.85978762446838
0.864321608040201,9.785714285714286,45.4810635586237,1.1196805871861686,84.40401851196775
0.8693467336683417,9.785714285714286,45.88275426696556,0.9493707843716083,72.58822780944129
0.8743718592964824,9.785714285714286,46.17047906983613,0.649441297538151,38.49278856794785
0.8793969849246231,9.785714285714286,46.29601087298565,0.2689232337418742,15.747541941051905
0.8844221105527639,9.785714285714286,46.35411925935121,-0.10669202370952538,8.593759153033997
0.8894472361809045,9.785714285714286,46.38952368923277,-0.46056870156289204,5.8471873897528335
0.8944723618090452,9.785714285714286,46.41543243721953,-0.7878938940732472,4.6190549855806635
0.8994974874371859,9.785714285714286,46.43700019711231,-1.0854641570605228,4.042826665453904
0.9045226130653267,9.785714285714286,46.45689971170578,-1.3502319286258158,3.9547737985824796
0.9095477386934674,9.785714285714286,46.47716744146482,-1.5793238835968038,4.0906422445904385
0.914572864321608,9.785714285714286,46.50040096530687,-1.7696197873884578,5.135265142199961
0.9195979899497487,9.785714285714286,46.53232545261785,-1.9167263615916037,7.924381802526108
0.9246231155778895,9.785714285714286,46.591626756972,-2.0023730563554443,14.779471457451379
0.9296482412060302,9.785714285714286,46.65035630905163,-2.0143533917632177,7.204395446195989
0.9346733668341709,9.785714285714286,46.66787004105143,-2.014532943982032,6.1940255544471885
0.9396984924623115,9.785714285714286,46.75057093383737,-2.0107694510972793,26.138220007207348
0.9447236180904522,9.785714285714286,46.92488314882298,-1.9991311935742897,42.67407413638041
0.949748743718593,9.785714285714286,47.17375911587762,-1.9820778098051672,55.81099187769172
0.9547738693467337,9.785714285714286,47.48009304520304,-1.9607423155771404,65.5412401528876
0.9597989949748744,9.785714285714286,47.82676565026695,-1.9361120288057379,71.86513103697133
0.964824120603015,9.785714285714286,48.196660620179024,-1.909229780303527,74.78542678307126
0.9698492462311558,9.785714285714286,48.5726656252809,-1.8812078047872167,74.29752995803054
0.9748743718592965,9.785714285714286,48.93767966215883,-1.8532815457190435,70.41144207098301
0.9798994974874372,9.785714285714286,49.274610645011116,-1.8268157296588858,63.12304259945326
0.9849246231155779,9.785714285714286,49.566371117932405,-1.8033148511719175,52.43390013743037
0.9899497487437185,9.785714285714286,49.795897353421964,-1.7844228505539557,38.3517279452603
0.9949748743718593,9.785714285714286,49.946127860169554,-1.7718477303811173,20.87446170530565
1.0,9.785714285714286,50.0,-1.767294490874079,0.0
0.0,9.806122448979592,0.0,2.0,0.0
0.005025125628140704,9.806122448979592,0.025812767390434616,1.999474678420769,10.17376669698956
0.010050251256281407,9.806122448979592,0.10123376836599686,1.9953073427478303,19.746915519980156
0.01507537688442211,9.806122448979592,0.2233334207362436,1.9870766977350434,28.75491945019007
0.020100502512562814,9.806122448979592,0.3892748369785537,1.9756428613887942,37.19449911106501
0.02512562814070352,9.806122448979592,0.5961855947340196,1.9612225307764746,45.06050392794892
0.03015075376884422,9.806122448979592,0.8411852975886199,1.9439201350567623,52.35390880612574
0.035175879396984924,9.806122448979592,1.1213909126640447,1.9237978812592937,59.07196374462423
0.04020100502512563,9.806122448979592,1.4339182304409808,1.9009206994700947,65.21791480985412
0.04522613065326633,9.806122448979592,1.7758811640099539,1.8753217817452459,70.7885301285463
0.05025125628140704,9.806122448979592,2.1443912874533013,1.8470210086760714,75.78238358293098
0.05527638190954774,9.806122448979592,2.536557665215881,1.8160155281514394,80.2055359663188
0.06030150753768844,9.806122448979592,2.949486611631994,1.7822741907273512,84.04688239304083
0.06532663316582915,9.806122448979592,3.380279936116354,1.7457404865251736,87.314711899666
0.07035175879396985,9.806122448979592,3.826033916956521,1.7063010708061157,89.99961444300153
0.07537688442211055,9.806122448979592,4.283834822753531,1.6637983961184355,92.10903824751068
0.08040201005025126,9.806122448979592,4.750754187262294,1.6179842800644455,93.62772849414951
0.08542713567839195,9.806122448979592,5.223849675358267,1.5685047485451846,94.56578052739087
0.09045226130653267,9.806122448979592,5.700138928402415,1.5147953892626225,94.89913650872171
0.09547738693467336,9.806122448979592,6.1765838110969336,1.4560021804281553,94.62874536161655
0.10050251256281408,9.806122448979592,6.650029626001736,1.3907170338214645,93.71491532276487
0.10552763819095477,9.806122448979592,7.1170733179855805,1.3164424031349196,92.05854167319384
0.11055276381909548,9.806122448979592,7.573613570952349,1.2281407743547965,89.48796174208843
0.11557788944723618,9.806122448979592,8.013093793394763,1.1138276282689659,84.90770760562303
0.12060301507537688,9.806122448979592,8.415550661532917,0.9375203028659209,72.0638843724624
0.12562814070351758,9.806122448979592,8.695880830152989,0.6268136314531892,36.91452955923176
0.1306532663316583,9.806122448979592,8.815133512166568,0.2413206067476075,14.863519146556365
0.135678391959799,9.806122448979592,8.87111692956634,-0.13684034161399353,8.495524610909941
0.1407035175879397,9.806122448979592,8.905648609937982,-0.4923634205739089,5.814555772245379
0.1457286432160804,9.806122448979592,8.93120585889367,-0.8205315010563554,4.5684392422121
0.1507537688442211,9.806122448979592,8.952692800595525,-1.1179879077995132,4.071112384050213
0.15577889447236182,9.806122448979592,8.972738603528033,-1.3816482473240124,3.929896968581035
0.16080402010050251,9.806122448979592,8.993451082280528,-1.60842652172212,4.445341545290215
0.1658291457286432,9.806122448979592,9.017654388794252,-1.794987806185856,5.299674330246534
0.1708542713567839,9.806122448979592,9.052612711886333,-1.936168237049377,9.20130338022665
0.17587939698492464,9.806122448979592,9.117856760043068,-2.0077262874664656,14.486940599033222
0.18090452261306533,9.806122448979592,9.169386539272228,-2.014474071999379,5.389797386393818
0.18592964824120603,9.806122448979592,9.182278781163214,-2.014496671739461,4.798148838989615
0.19095477386934673,9.806122448979592,9.230817142578173,-2.0126788397631996,14.423123282060027
0.19597989949748743,9.806122448979592,9.32630551187718,-2.006664923538008,23.492955489683954
0.20100502512562815,9.806122448979592,9.466030674452929,-1.997224023648516,32.02770592640267
0.20603015075376885,9.806122448979592,9.647280197936064,-1.9848321584553956,40.01903735450567
0.21105527638190955,9.806122448979592,9.867318467154368,-1.9696140536631916,47.46593468515722
0.21608040201005024,9.806122448979592,10.123411213216391,-1.951651083576799,54.36847065040666
0.22110552763819097,9.806122448979592,10.412818523239698,-1.9310057674323613,60.72346124235913
0.22613065326633167,9.806122448979592,10.732794130717267,-1.9077306427111134,66.53450503342359
0.23115577889447236,9.806122448979592,11.080595464330372,-1.8818534179357864,71.7992230199641
0.23618090452261306,9.806122448979592,11.453481272600413,-1.853395548399189,76.52040415419415
0.24120603015075376,9.806122448979592,11.848705320431028,-1.8223427233572145,80.6905267832135
0.24623115577889448,9.806122448979592,12.263520547796789,-1.7886723490540983,84.31468061829716
0.25125628140703515,9.806122448979592,12.69516825317407,-1.7523235277043736,87.39354814991624
0.2562814070351759,9.806122448979592,13.140890313215786,-1.7131875088937323,89.91447201779309
0.2613065326633166,9.806122448979592,13.59791893480908,-1.6711152646865026,91.88973780851727
0.2663316582914573,9.806122448979592,14.0634756066157,-1.625884624890872,93.30641074991983
0.271356783919598,9.806122448979592,14.534755637701371,-1.5771473078583615,94.1665928924324
0.27638190954773867,9.806122448979592,15.008939041799731,-1.5244060919469946,94.45904133710876
0.2814070351758794,9.806122448979592,15.483149408555596,-1.4668892750814955,94.17092742260688
0.2864321608040201,9.806122448979592,15.954404965198828,-1.4033228933987438,93.29692417743277
0.2914572864321608,9.806122448979592,16.419523685886663,-1.331530572794715,91.70870484250013
0.2964824120603015,9.806122448979592,16.874779334003183,-1.2473045093348105,89.32188345629547
0.3015075376884422,9.806122448979592,17.31463768114862,-1.1409667052179586,85.32836314443493
0.3065326633165829,9.806122448979592,17.724781347534112,-0.9850279483183831,75.83658377917592
0.31155778894472363,9.806122448979592,18.040277766865774,-0.7096434744158563,45.30683626337237
0.3165829145728643,9.806122448979592,18.186518169939262,-0.3339932908919949,18.31777847116888
0.32160804020100503,9.806122448979592,18.25117824172513,0.044132236652464234,9.290927413344924
0.32663316582914576,9.806122448979592,18.289007995283143,0.40184124106250246,6.253280062225593
0.3316582914572864,9.806122448979592,18.315999765381793,0.7336809694084444,4.761443793562556
0.33668341708542715,9.806122448979592,18.338022537367337,1.0363047434349857,4.105802050603813
0.3417085427135678,9.806122448979592,18.35800918935275,1.306711468352836,3.9474712109362
0.34673366834170855,9.806122448979592,18.378003438311435,1.5420092426112404,4.197547742206765
0.35175879396984927,9.806122448979592,18.400381982809325,1.7391411068618157,5.04151032739543
0.35678391959798994,9.806122448979592,18.429891960229558,1.8941969385973145,7.444822585384774
0.36180904522613067,9.806122448979592,18.482712323028565,1.993983899027894,14.561558046148027
0.36683417085427134,9.806122448979592,18.54734457749839,2.014012902807421,8.920309384711695
0.37185929648241206,9.806122448979592,18.567949051857344,2.01452927514756,1.0210858566517156
0.3768844221105528,9.806122448979592,18.598050179145464,2.0138294365666307,10.863474972267824
0.38190954773869346,9.806122448979592,18.676167201987866,2.009391978843562,20.13669087394957
0.3869346733668342,9.806122448979592,18.79953517845468,2.0011424610702933,28.874508417927956
0.39195979899497485,9.806122448979592,18.96545589035921,1.9898447116510436,37.071244337510635
0.3969849246231156,9.806122448979592,19.171197925752555,1.9756778968554176,44.7235339747226
0.4020100502512563,9.806122448979592,19.4140256444802,1.9587426348595214,51.83147678912077
0.40703517587939697,9.806122448979592,19.691200430755067,1.9391030257249227,58.393517796926446
0.4120603015075377,9.806122448979592,19.999978827949626,1.9168102122773467,64.40909682016647
0.41708542713567837,9.806122448979592,20.337617067433627,1.8919142220763374,69.87994999388869
0.4221105527638191,9.806122448979592,20.701375754937835,1.8644269676562424,74.80439996009697
0.4271356783919598,9.806122448979592,21.088508273537144,1.8343526722647026,79.18398097532217
0.4321608040201005,9.806122448979592,21.496269449759644,1.8016794595078103,83.01273935303999
0.4371859296482412,9.806122448979592,21.921910254339572,1.7663476343330162,86.29530439459941
0.44221105527638194,9.806122448979592,22.362661659704912,1.7282726469291185,89.03249350948191
0.4472361809045226,9.806122448979592,22.815761909561147,1.6873288966285918,91.21308337637322
0.45226130653266333,9.806122448979592,23.278428992484134,1.6433257600969957,92.8385796663692
0.457286432160804,9.806122448979592,23.747881351560718,1.5959571804005133,93.90918533530618
0.4623115577889447,9.806122448979592,24.221307392992685,1.5448006182011043,94.42501054894716
0.46733668341708545,9.806122448979592,24.695837826568074,1.4891969058703924,94.34945635082452
0.4723618090452261,9.806122448979592,25.16857895081115,1.428094326883962,93.69016788750264
0.47738693467336685,9.806122448979592,25.636403847759716,1.3597660962004912,92.40026847500927
0.4824120603015075,9.806122448979592,26.095881617042494,1.280923243359123,90.33696328129822
0.48743718592964824,9.806122448979592,26.542429565201665,1.1847221803681292,87.11921459429125
0.49246231155778897,9.806122448979592,26.966930042742746,1.053019536784535,80.84779767511237
0.49748743718592964,9.806122448979592,27.33223552807718,0.8316958021137008,59.56974682159196
0.5025125628140703,9.806122448979592,27.53770102510159,0.47885924584588585,24.43712796856004
0.507537688442211,9.806122448979592,27.62274154840842,0.09648206736445135,11.526989948697434
0.5125628140703518,9.806122448979592,27.667776732829875,-0.26982843235393517,7.088515190629102
0.5175879396984925,9.806122448979592,27.69786740436124,-0.6118453390952668,5.147613068618134
0.5226130653266332,9.806122448979592,27.721322333161787,-0.9258342306210144,4.276956237048857
0.5276381909547738,9.806122448979592,27.741814622302954,-1.208719458081738,3.917943335498752
0.5326633165829145,9.806122448979592,27.761570109230433,-1.457606024897785,4.019042002444877
0.5376884422110553,9.806122448979592,27.782718785812865,-1.6694898995925247,4.500290995269804
0.542713567839196,9.806122448979592,27.808580315191872,-1.8410051363926914,6.203210160610555
0.5477386934673367,9.806122448979592,27.84930819905075,-1.9652417056854319,11.352573344729109
0.5527638190954773,9.806122448979592,27.918216538904385,-2.0119097651626165,12.38428443053445
0.5577889447236181,9.806122448979592,27.95683967377332,-2.0145241352599657,2.7877733274498624
0.5628140703517588,9.806122448979592,27.97200950748343,-2.014377118471858,7.224794076555483
0.5678391959798995,9.806122448979592,28.032382117821196,-2.0115871522086857,16.707657958872925
0.5728643216080402,9.806122448979592,28.139021963180518,-2.0046371053855614,25.646268996150884
0.5778894472361809,9.806122448979592,28.28923222837824,-1.9944506658085241,34.047028705926756
0.5829145728643216,9.806122448979592,28.480290943655262,-1.981355739230947,41.90406995017372
0.5879396984924623,9.806122448979592,28.709464092884506,-1.965455316126385,49.21676077924964
0.592964824120603,9.806122448979592,28.974010607478174,-1.9468220488852814,55.98335565467116
0.5979899497487438,9.806122448979592,29.271195619328253,-1.925529430563538,62.205044396194374
0.6030150753768844,9.806122448979592,29.598277962240534,-1.9016112198171122,67.88223270165635
0.6080402010050251,9.806122448979592,29.952509065751645,-1.8750999621718325,73.01188013551905
0.6130653266331658,9.806122448979592,30.33115006365394,-1.8459999713498427,77.59544244567572
0.6180904522613065,9.806122448979592,30.73145844671055,-1.8143142399970933,81.63215471757312
0.6231155778894473,9.806122448979592,31.150671220260335,-1.7799927777744364,85.1221020206798
0.628140703517588,9.806122448979592,31.58604095485459,-1.7429648832492204,88.06084861169066
0.6331658291457286,9.806122448979592,32.034809104224834,-1.7031270234738336,90.45159567568908
0.6381909547738693,9.806122448979592,32.4942032506248,-1.6602979837997556,92.28792863230406
0.6432160804020101,9.806122448979592,32.96142287569029,-1.6142435384629896,93.57056804201034
0.6482412060301508,9.806122448979592,33.433699530599625,-1.5645683929801166,94.29469875414976
0.6532663316582915,9.806122448979592,33.90818049097024,-1.51073678543456,94.4523689755845
0.6582914572864321,9.806122448979592,34.381929009139625,-1.4518697727291918,94.01522145177435
0.6633165829145728,9.806122448979592,34.85197890385225,-1.3865385476687448,92.96027898954797
0.6683417085427136,9.806122448979592,35.3150372965793,-1.3122048139189213,91.22297699116412
0.6733668341708543,9.806122448979592,35.76711849529725,-1.223782038911105,88.50906705272315
0.678391959798995,9.806122448979592,36.20175146811143,-1.1090683409530313,83.87504372811073
0.6834170854271356,9.806122448979592,36.598438540738805,-0.9315195828278803,71.82219574248134
0.6884422110552764,9.806122448979592,36.87229572882535,-0.621187194919112,35.01529601408838
0.6934673366834171,9.806122448979592,36.98914485922386,-0.23966735143842494,14.740046163803276
0.6984924623115578,9.806122448979592,37.0445147184702,0.1342753344403275,8.31012830396524
0.7035175879396985,9.806122448979592,37.07880405556515,0.4859755024075042,5.678694536949703
0.7085427135678392,9.806122448979592,37.10420080451122,0.8109195173571409,4.519025260180824
0.7135678391959799,9.806122448979592,37.125509704067156,1.1058974707375235,4.026469792667335
0.7185929648241206,9.806122448979592,37.145323255612965,1.36795845573367,3.967900864501268
0.7236180904522613,9.806122448979592,37.16562414905817,1.5941856983348943,4.243247592582555
0.7286432160804021,9.806122448979592,37.189129188266676,1.7814270505650707,5.197665285644772
0.7336683417085427,9.806122448979592,37.22209126947999,1.9250912213556681,8.389485461407007
0.7386934673366834,9.806122448979592,37.283547148383725,2.0047565271352044,14.82822289342547
0.7437185929648241,9.806122448979592,37.339476829660775,2.014399625550132,6.538788838399361
0.7487437185929648,9.806122448979592,37.35333110556375,2.0145187040873846,3.4874647109200607
0.7537688442211056,9.806122448979592,37.39547447588988,2.013149154289676,13.18868181317116
0.7587939698492462,9.806122448979592,37.484938377414565,2.0076663513399975,22.329235820308448
0.7638190954773869,9.806122448979592,37.6189948124488,1.9986327559120105,30.935298105942298
0.7688442211055276,9.806122448979592,37.79493576463256,1.9866193662383835,38.998339875897294
0.7738693467336684,9.806122448979592,38.01002867027607,1.9717711357213648,46.51690106597244
0.7788944723618091,9.806122448979592,38.261532648881136,1.9541604805720918,53.49085445418159
0.7839195979899497,9.806122448979592,38.54671115018446,1.9338695242013224,59.91947196497311
0.7889447236180904,9.806122448979592,38.86282331390853,1.910931715687678,65.80226814429984
0.7939698492462312,9.806122448979592,39.20712580871339,1.8853965676914501,71.13895053473377
0.7989949748743719,9.806122448979592,39.57687170647955,1.8572790365458371,75.93166380900585
0.8040201005025126,9.806122448979592,39.96932576317182,1.8265714676252003,80.17240707062645
0.8090452261306532,9.806122448979592,40.38172709326122,1.7932515574860604,83.86993438237778
0.8140703517587939,9.806122448979592,40.81132372100331,1.7572561120018508,87.01718667588055
0.8190954773869347,9.806122448979592,41.255360226295416,1.7184892388749577,89.61848691388697
0.8241206030150754,9.806122448979592,41.7110646941467,1.6768163486673258,91.66623458798345
0.8291457286432161,9.806122448979592,42.17565851758647,1.632012327446522,93.15221049951647
0.8341708542713567,9.806122448979592,42.64635866811394,1.5837580368538857,94.08957624913461
0.8391959798994975,9.806122448979592,43.120340539978585,1.5315793356851342,94.45407927129911
0.8442211055276382,9.806122448979592,43.594713964969465,1.4747499949051839,94.24756169629799
0.8492462311557789,9.806122448979592,44.06652576197277,1.412069165368632,93.43342526311606
0.8542713567839196,9.806122448979592,44.53262900181206,1.3415511047367863,91.95153470402039
0.8592964824120602,9.806122448979592,44.989412075318285,1.259322903013901,89.65899619482151
0.864321608040201,9.806122448979592,45.43175368002264,1.1568371465254945,85.99012089739139
0.8693467336683417,9.806122448979592,45.84760572869562,1.0104192901489761,78.20939117362303
0.8743718592964824,9.806122448979592,46.182571067853345,0.7543477640491584,51.26270407072669
0.8793969849246231,9.806122448979592,46.3477081725295,0.384529173206048,19.90402706393467
0.8844221105527639,9.806122448979592,46.41847888990723,0.004569063274469296,10.053327681207113
0.8894472361809045,9.806122448979592,46.458539425612706,-0.3562158262094118,6.376899831540056
0.8944723618090452,9.806122448979592,46.48650338201559,-0.6916651544704028,4.938740119027958
0.8994974874371859,9.806122448979592,46.50898271353105,-0.9983022718525033,4.165018886753522
0.9045226130653267,9.806122448979592,46.52911299631232,-1.2731104230342103,3.944508282137678
0.9095477386934674,9.806122448979592,46.54899704322973,-1.513177633520087,4.144147016297467
0.914572864321608,9.806122448979592,46.57084568256323,-1.715485373738268,4.7748921889044595
0.9195979899497487,9.806122448979592,46.59891966448722,-1.8763860227763252,6.872504293449532
0.9246231155778895,9.806122448979592,46.64705978906696,-1.9855108046999461,13.696606429456596
0.9296482412060302,9.806122448979592,46.71461103297016,-2.0135668069650694,10.162401682779347
0.9346733668341709,9.806122448979592,46.741199344779,-2.0145278895694916,0.3057697028153921
0.9396984924623115,9.806122448979592,46.793278662876396,-2.012809932115171,20.78471327703945
0.9447236180904522,9.806122448979592,46.94412368442584,-2.0031092123837313,38.6627044396197
0.949748743718593,9.806122448979592,47.175892634199094,-1.9873238549846926,52.98582842586557
0.9547738693467337,9.806122448979592,47.4706670207594,-1.966934149019083,63.738777705191765
0.9597989949748744,9.806122448979592,47.810502470321346,-1.942978752809325,70.92204816579539
0.964824120603015,9.806122448979592,48.17746473221949,-1.9165350066253415,74.53292706431223
0.9698492462311558,9.806122448979592,48.55360922729946,-1.8887489771950572,74.57607486886178
0.9748743718592965,9.806122448979592,48.921002001698476,-1.8609006386715494,71.05397224313452
0.9798994974874372,9.806122448979592,49.26173013176474,-1.8343881072688049,63.96501258700875
0.9849246231155779,9.806122448979592,49.5578856247129,-1.8107698575844384,53.313205085496094
0.9899497487437185,9.806122448979592,49.791574881158006,-1.7917145555324505,39.10354440041058
0.9949748743718593,9.806122448979592,49.94491052515384,-1.7790010112506984,21.3313630326389
1.0,9.806122448979592,50.0,-1.7743961552865866,0.0
0.0,9.826530612244898,0.0,2.0,0.0
0.005025125628140704,9.826530612244898,0.025762366002397747,1.9994767413621626,10.15407233119583
0.010050251256281407,9.826530612244898,0.10103970942323463,1.9953257854678896,19.709785193768074
0.01507537688442211,9.826530612244898,0.22291313067195428,1.9871275429127573,28.702385037869945
0.020100502512562814,9.826530612244898,0.3885561611570075,1.9757385906993283,37.128630393450216
0.02512562814070352,9.826530612244898,0.5951066627734268,1.9613745321297664,44.98339177353442
0.03015075376884422,9.826530612244898,0.8396948054522202,1.9441399343865364,52.26755763968306
0.035175879396984924,9.826530612244898,1.1194479903383645,1.924096064724838,58.978637274867886
0.04020100502512563,9.826530612244898,1.431492727089333,1.9013085783907813,65.11967671923541
0.04522613065326633,9.826530612244898,1.7729535717641387,1.875810223924033,70.68761039040572
0.05025125628140704,9.826530612244898,2.140953239890472,1.8476226960850775,75.68064559553535
0.05527638190954774,9.826530612244898,2.5326112131720846,1.8167394187338088,80.10414159066336
0.06030150753768844,9.826530612244898,2.945043719796231,1.7831378065484398,83.94910795859738
0.06532663316582915,9.826530612244898,3.375363968975118,1.7467551264563224,87.22164973476251
0.07035175879396985,9.826530612244898,3.820679674707991,1.7074876412403983,89.91510934029307
0.07537688442211055,9.826530612244898,4.278086203706847,1.6651718402804043,92.03277502574322
0.08040201005025126,9.826530612244898,4.744667622289757,1.619576044488282,93.56550807691471
0.08542713567839195,9.826530612244898,5.217490463431357,1.5703332773467407,94.52039745497379
0.09045226130653267,9.826530612244898,5.693592795933301,1.5169151876604594,94.87703376314403
0.09547738693467336,9.826530612244898,6.169945286007321,1.4584769920313922,94.61344279654486
0.10050251256281408,9.826530612244898,6.643416493977433,1.3936546629903401,93.71027630925597
0.10552763819095477,9.826530612244898,7.110624083010095,1.320017941034356,92.09980353568007
0.11055276381909548,9.826530612244898,7.567554107235978,1.2327670506189212,89.53784727589984
0.11557788944723618,9.826530612244898,8.007894772252698,1.1204778218480584,85.30005938075375
0.12060301507537688,9.826530612244898,8.413132731668492,0.949170275393914,74.06739454278953
0.12562814070351758,9.826530612244898,8.702399358252475,0.645913873317265,37.933823380996294
0.1306532663316583,9.826530612244898,8.82715989753857,0.2615508112254092,15.797226025597272
0.135678391959799,9.826530612244898,8.884834467115352,-0.11727547111696823,8.679944318113629
0.1407035175879397,9.826530612244898,8.919998086852894,-0.47384764970418136,5.79552164749532
0.1457286432160804,9.826530612244898,8.945806255860875,-0.8032858379257789,4.599780654652466
0.1507537688442211,9.826530612244898,8.967366853900002,-1.1022280041391794,4.052107676873228
0.15577889447236182,9.826530612244898,8.9873730028006,-1.3675916309586906,4.005285823877859
0.16080402010050251,9.826530612244898,9.007889970558333,-1.5963146323628454,4.235271388187909
0.1658291457286432,9.826530612244898,9.031717295965203,-1.7851007813614472,5.364450421184086
0.1708542713567839,9.826530612244898,9.06547591100077,-1.9290683913174056,8.91594221690937
0.17587939698492464,9.826530612244898,9.128772662009853,-2.0060840858944413,14.810718622406293
0.18090452261306533,9.826530612244898,9.182932908271141,-2.0144153018322903,5.993827526699999
0.18592964824120603,9.826530612244898,9.196165966131293,-2.0144886373416986,4.186174591859241
0.19095477386934673,9.826530612244898,9.241670598961695,-2.012903746624347,13.827571695285252
0.19597989949748743,9.826530612244898,9.33420786108061,-2.0071587295315814,22.91364681549548
0.20100502512562815,9.826530612244898,9.471068009844812,-1.9979416575791085,31.466945614064024
0.20603015075376885,9.826530612244898,9.649550749787352,-1.985770943476905,39.47884176281923
0.21105527638190955,9.826530612244898,9.866933948574239,-1.9707838042610566,46.9483812407347
0.21608040201005024,9.826530612244898,10.120485776903463,-1.953053610151813,53.87575562385355
0.22110552763819097,9.826530612244898,10.407482436500095,-1.9326517247327701,60.2577022682425
0.22613065326633167,9.826530612244898,10.725186667192148,-1.9096248221739702,66.09908172244764
0.23115577889447236,9.826530612244898,11.070868188280192,-1.884007482869793,71.39562814255706
0.23618090452261306,9.826530612244898,11.44179571140649,-1.855820855300878,76.14531710380375
0.24120603015075376,9.826530612244898,11.835232430373297,-1.825047912930265,80.35191557613973
0.24623115577889448,9.826530612244898,12.24844098797872,-1.7916792777355355,84.01208645556919
0.25125628140703515,9.826530612244898,12.678673467947796,-1.7556425321746187,87.12680345746858
0.2562814070351759,9.826530612244898,13.123182562332936,-1.7168528944117705,89.69532731686468
0.2613065326633166,9.826530612244898,13.579211486437762,-1.6751522688938407,91.71211739046483
0.2663316582914573,9.826530612244898,14.043993267935116,-1.6303215218300138,93.18132771235882
0.271356783919598,9.826530612244898,14.514742030550874,-1.5820580379999278,94.08901299773908
0.27638190954773867,9.826530612244898,14.988646581013404,-1.5298565451035806,94.44110716321318
0.2814070351758794,9.826530612244898,15.462842059641106,-1.472991655425564,94.19672138798069
0.2864321608040201,9.826530612244898,15.934380411992693,-1.4102856296211268,93.37286145135892
0.2914572864321608,9.826530612244898,16.400119503722415,-1.3396702718754465,91.88408372343038
0.2964824120603015,9.826530612244898,16.85644093632867,-1.257278732495768,89.59020577135803
0.3015075376884422,9.826530612244898,17.298168868254187,-1.1544244343823644,85.97954824580931
0.3065326633165829,9.826530612244898,17.712978625877884,-1.006915844970454,77.54583595291186
0.31155778894472363,9.826530612244898,18.04521890699562,-0.7484667514463792,48.668830192891654
0.3165829145728643,9.826530612244898,18.207402234068184,-0.3779498931119485,19.58012184497887
0.32160804020100503,9.826530612244898,18.2772094365739,0.0015147785259815544,10.005418643544715
0.32663316582914576,9.826530612244898,18.316873583150212,0.3616460802962513,6.426463872187092
0.3316582914572864,9.826530612244898,18.344656926463095,0.6964020189065003,4.8341001669234425
0.33668341708542715,9.826530612244898,18.367015995563275,1.0023170278286873,4.145190657515617
0.3417085427135678,9.826530612244898,18.387078957723734,1.2764252180804327,3.9117115555746604
0.34673366834170855,9.826530612244898,18.406926382995987,1.515813911306853,4.054035936728738
0.35175879396984927,9.826530612244898,18.428767692624305,1.7174984745117972,4.85021698394939
0.35678391959798994,9.826530612244898,18.45686474375518,1.8777753435944295,6.812757067177892
0.36180904522613067,9.826530612244898,18.505228515208795,1.9861948121767583,13.76839751443695
0.36683417085427134,9.826530612244898,18.572575703115554,2.0135892821272687,10.074333586261899
0.37185929648241206,9.826530612244898,18.598769225343215,2.0145057842224694,0.23506552505491846
0.3768844221105528,9.826530612244898,18.62270825097333,2.0140462106807053,9.658462044491102
0.38190954773869346,9.826530612244898,18.694901328382205,2.010167465079678,18.982570787367845
0.3869346733668342,9.826530612244898,18.812597824750924,2.0023599889676147,27.77171154657596
0.39195979899497485,9.826530612244898,18.973111763805534,1.9914662207508003,36.02277603456972
0.3969849246231156,9.826530612244898,19.173724996977246,1.9777044670806927,43.73087487894767
0.4020100502512563,9.826530612244898,19.411709962479698,1.9611709067325644,50.89653339355569
0.40703517587939697,9.826530612244898,19.68433960323569,1.941934985525791,57.51982438493214
0.4120603015075377,9.826530612244898,19.98888240559066,1.920058034791756,63.597660214664664
0.41708542713567837,9.826530612244898,20.322611449557233,1.8955775347536952,69.13327424363301
0.4221105527638191,9.826530612244898,20.682785061383896,1.8685162165967972,74.12386332100144
0.4271356783919598,9.826530612244898,21.066677044428648,1.8388790435634628,78.57183907176046
0.4321608040201005,9.826530612244898,21.47153841404184,1.8066586929257389,82.47123963836061
0.4371859296482412,9.826530612244898,21.894632388975594,1.7718045106352993,85.82641792733227
0.44221105527638194,9.826530612244898,22.333218572800767,1.7342308451433313,88.63696580317405
0.4472361809045226,9.826530612244898,22.784529271172627,1.6938288644454058,90.89401776371825
0.45226130653266333,9.826530612244898,23.24580967980945,1.6504158716841248,92.60539525953266
0.457286432160804,9.826530612244898,23.71428555259747,1.6037020593377251,93.7630715327191
0.4623115577889447,9.826530612244898,24.187172060136017,1.5532986522498757,94.3483997555588
0.46733668341708545,9.826530612244898,24.661602123144114,1.4985952864395404,94.38125574298658
0.4723618090452261,9.826530612244898,25.13468950359394,1.438641188101236,93.82647371354022
0.47738693467336685,9.826530612244898,25.603389474944564,1.371841027287241,92.62962880324689
0.4824120603015075,9.826530612244898,26.064338192686993,1.2953012286824415,90.69030466600292
0.48743718592964824,9.826530612244898,26.51331659498263,1.203054847971274,87.73802519389729
0.49246231155778897,9.826530612244898,26.942632541172692,1.0801332643835289,82.45469992196337
0.49748743718592964,9.826530612244898,27.324205781317808,0.8809580793769362,65.7553040822953
0.5025125628140703,9.826530612244898,27.561165005411763,0.5459512086624994,28.809979107266443
0.507537688442211,9.826530612244898,27.659120165624294,0.1633468021042611,13.232742789520975
0.5125628140703518,9.826530612244898,27.708395277892002,-0.20639833976092062,7.5586440226114675
0.5175879396984925,9.826530612244898,27.74021375778622,-0.5527588650644754,5.466978177954721
0.5226130653266332,9.826530612244898,27.764454210462794,-0.8717013314776458,4.370324858696078
0.5276381909547738,9.826530612244898,27.78523435180562,-1.1601206521924816,3.9435382073912386
0.5326633165829145,9.826530612244898,27.804920824825253,-1.4151061500476219,3.9748657250735517
0.5376884422110553,9.826530612244898,27.825582046975747,-1.6337187109629865,4.327722848136702
0.542713567839196,9.826530612244898,27.850090222940487,-1.812738099555249,5.734522771784498
0.5477386934673367,9.826530612244898,27.88640190037917,-1.94669565905789,9.710226930726899
0.5527638190954773,9.826530612244898,27.952740128128507,-2.0093558580966273,13.825860343569232
0.5577889447236181,9.826530612244898,28.000070568218028,-2.0144724706792996,4.632514520042925
0.5628140703517588,9.826530612244898,28.012790442548315,-2.014457311036355,5.388063728536442
0.5678391959798995,9.826530612244898,28.064158152069727,-2.0124282897021675,14.959463637717203
0.5728643216080402,9.826530612244898,28.162219915205473,-2.006203158468926,23.98073349182811
0.5778894472361809,9.826530612244898,28.3042781160914,-1.9966150204825037,32.46833457240358
0.5829145728643216,9.826530612244898,28.48762747113511,-1.984096098386753,40.41469736949454
0.5879396984924623,9.826530612244898,28.709543925873948,-1.9687736035852004,47.8175431792843
0.592964824120603,9.826530612244898,28.9672977091698,-1.9507159511876484,54.677819085833
0.5979899497487438,9.826530612244898,29.258160400582316,-1.9299942945741912,60.99554815580689
0.6030150753768844,9.826530612244898,29.579404879283075,-1.906647418490346,66.76975781013549
0.6080402010050251,9.826530612244898,29.928296695580396,-1.8807185778640725,71.99990454268804
0.6130653266331658,9.826530612244898,30.302101956088933,-1.8522211931041588,76.68397966535045
0.6180904522613065,9.826530612244898,30.698083521644214,-1.821134075295096,80.82512402068026
0.6231155778894473,9.826530612244898,31.113497467295197,-1.7874435671444775,84.4184956815153
0.628140703517588,9.826530612244898,31.545608347385237,-1.7510790908507836,87.46708443918305
0.6331658291457286,9.826530612244898,31.991660654082967,-1.7119442834606395,89.96660138692987
0.6381909547738693,9.826530612244898,32.44889956566597,-1.6698766419394344,91.91719115299384
0.6432160804020101,9.826530612244898,32.91454424904786,-1.6246595472902263,93.31612589841473
0.6482412060301508,9.826530612244898,33.38581776681476,-1.575936961951334,94.1553363949859
0.6532663316582915,9.826530612244898,33.859907581963114,-1.523220789877722,94.4303985833356
0.6582914572864321,9.826530612244898,34.3339560188984,-1.4657262768213444,94.13369565820607
0.6633165829145728,9.826530612244898,34.80495455337463,-1.4021800771742903,93.23077589577392
0.6683417085427136,9.826530612244898,35.26975145938182,-1.3304071946711693,91.64229301143
0.6733668341708543,9.826530612244898,35.724608776904496,-1.2461596598226514,89.26889983003556
0.678391959798995,9.826530612244898,36.164039371506576,-1.139719480638847,85.23069969067184
0.6834170854271356,9.826530612244898,36.57354784611018,-0.9833136258878965,76.47214550626332
0.6884422110552764,9.826530612244898,36.88751116173044,-0.7069488275908777,43.809477063050686
0.6934673366834171,9.826530612244898,37.0325135289806,-0.33127330929300997,17.56447208382862
0.6984924623115578,9.826530612244898,37.096730298677656,0.046483085423268296,9.25061744129692
0.7035175879396985,9.826530612244898,37.134359601044096,0.40376682843215495,6.110170917099247
0.7085427135678392,9.826530612244898,37.16123675547424,0.735184394371324,4.769282272059797
0.7135678391959799,9.826530612244898,37.18319092298171,1.0373969554692353,4.089434627220478
0.7185929648241206,9.826530612244898,37.20311300199192,1.3074621999264529,3.896518260669213
0.7236180904522613,9.826530612244898,37.22305068556499,1.5424499393514934,4.044043920569011
0.7286432160804021,9.826530612244898,37.245359422359,1.7393434661710694,4.947144177644668
0.7336683417085427,9.826530612244898,37.27480638449768,1.8942146239210251,7.147982238910521
0.7386934673366834,9.826530612244898,37.327532399724745,1.9939396558749343,14.439245995692097
0.7437185929648241,9.826530612244898,37.39215514380168,2.0139915044117855,8.926562100810816
0.7487437185929648,9.826530612244898,37.412825558076854,2.0145054041980774,0.9921366528212279
0.7537688442211056,9.826530612244898,37.44273556965808,2.0138088626922657,10.81733274679031
0.7587939698492462,9.826530612244898,37.52058108537316,2.009397300093194,20.074554864889937
0.7638190954773869,9.826530612244898,37.64360284497625,2.0011884959318116,28.799078295281223
0.7688442211055276,9.826530612244898,37.809114139599394,1.9899423871786512,36.984433502355614
0.7738693467336684,9.826530612244898,38.01439367139642,1.975838046221792,44.626834779976186
0.7788944723618091,9.826530612244898,38.25671546993901,1.9589768366580058,51.727249552309004
0.7839195979899497,9.826530612244898,38.53334863097097,1.9394200708080827,58.282859783362234
0.7889447236180904,9.826530612244898,38.841567497613426,1.9172198578723003,64.29677267876745
0.7939698492462312,9.826530612244898,39.17863842191898,1.8924247588205392,69.7653785489087
0.7989949748743719,9.826530612244898,39.54182216746125,1.865053586344863,74.6914960671674
0.8040201005025126,9.826530612244898,39.928388146426265,1.8351141372779347,79.07086645343124
0.8090452261306532,9.826530612244898,40.33559625418951,1.8025710045327012,82.90841208287664
0.8140703517587939,9.826530612244898,40.76070333281576,1.7673893698925587,86.19574815904868
0.8190954773869347,9.826530612244898,41.20096728927654,1.729491572901036,88.9356913501396
0.8241206030150754,9.826530612244898,41.653633079155355,1.6887373028008588,91.13042489886342
0.8291457286432161,9.826530612244898,42.11593085175075,1.644927614604091,92.77183367649631
0.8341708542713567,9.826530612244898,42.58508787429337,1.597795782465712,93.85793172836114
0.8391959798994975,9.826530612244898,43.058306605048564,1.546918145931692,94.38161017656758
0.8442211055276382,9.826530612244898,43.53274007035678,1.491629523710671,94.33701718372951
0.8492462311557789,9.826530612244898,44.00546023720001,1.4309471411086798,93.71403975395849
0.8542713567839196,9.826530612244898,44.473395190802925,1.3631633560480942,92.43104711816105
0.8592964824120602,9.826530612244898,44.93313742901946,1.2851256892220633,90.42787135543837
0.864321608040201,9.826530612244898,45.380261267636385,1.1902948808862817,87.3193908720997
0.8693467336683417,9.826530612244898,45.80615094320494,1.061569893565322,81.29648849331973
0.8743718592964824,9.826530612244898,46.176776375616235,0.8475642837071266,61.904222233241974
0.8793969849246231,9.826530612244898,46.39170588378088,0.49985790509831396,25.94978893876481
0.8844221105527639,9.826530612244898,46.4803448929138,0.11745622443737139,11.785004042658434
0.8894472361809045,9.826530612244898,46.52653496251254,-0.2497444117853287,7.238558370766357
0.8944723618090452,9.826530612244898,46.5571114102539,-0.5929793289273815,5.240475495013087
0.8994974874371859,9.826530612244898,46.580759903158196,-0.9083887168423136,4.2971919863433055
0.9045226130653267,9.826530612244898,46.6012994792718,-1.1929154080919346,3.912363209998754
0.9095477386934674,9.826530612244898,46.62098680882381,-1.4436728426764716,3.9897549132976073
0.914572864321608,9.826530612244898,46.641920979024334,-1.657682108614518,4.398238276692041
0.9195979899497487,9.826530612244898,46.66724417632594,-1.831640708152043,5.9285691075581815
0.9246231155778895,9.826530612244898,46.706317906719356,-1.9592265708596004,10.559566849296155
0.9296482412060302,9.826530612244898,46.7746781540246,-2.0112015881088148,12.900002189959638
0.9346733668341709,9.826530612244898,46.81632645313979,-2.0144967626441335,3.4292655250910813
0.9396984924623115,9.826530612244898,46.844316035961214,-2.0140073279053516,14.840848794732844
0.9447236180904522,9.826530612244898,46.9690611655653,-2.0066576809748806,34.184658072078
0.949748743718593,9.826530612244898,47.181646444235106,-1.992281061944389,49.80072202549607
0.9547738693467337,9.826530612244898,47.46329524830856,-1.9729312565412425,61.66991216777035
0.9597989949748744,9.826530612244898,47.79516996039973,-1.9497105947425648,69.79133394298219
0.964824120603015,9.826530612244898,48.158441747364044,-1.9237436419010194,74.16611698808379
0.9698492462311558,9.826530612244898,48.53428273239602,-1.8962315485596621,74.79390932301067
0.9748743718592965,9.826530612244898,48.90386760636977,-1.86847089433492,71.67625408284114
0.9798994974874372,9.826530612244898,49.24838924048896,-1.8419156855015846,64.81756115245587
0.9849246231155779,9.826530612244898,49.54904579785716,-1.8181561257625978,54.220402083566384
0.9899497487437185,9.826530612244898,49.78705409185418,-1.7989382402822491,39.88305727869043
0.9949748743718593,9.826530612244898,49.943631922736905,-1.7860865311896423,21.810323709712335
1.0,9.826530612244898,50.0,-1.7814143712454231,0.0
0.0,9.846938775510203,0.0,2.0,0.0
0.005025125628140704,9.846938775510203,0.02571083652902184,1.9994788406978536,10.1339474820785
0.010050251256281407,9.846938775510203,0.10084132850189705,1.9953444455663158,19.671834758230524
0.01507537688442211,9.846938775510203,0.22248370106168286,1.9871788195331843,28.648687047462452
0.020100502512562814,9.846938775510203,0.38782179391901567,1.9758350182414983,37.061295321562476
0.02512562814070352,9.846938775510203,0.5940040875580546,1.9615275240476522,44.904551048378835
0.03015075376884422,9.846938775510203,0.8381717268679698,1.9443610848908779,52.1792632590645
0.035175879396984924,9.846938775510203,1.1174625305340882,1.9243960184570796,58.88319760750638
0.04020100502512563,9.846938775510203,1.4290139605115284,1.9016986320380547,65.01921676180221
0.04522613065326633,9.846938775510203,1.7699613259191065,1.8763010952141774,70.58444178456963
0.05025125628140704,9.846938775510203,2.1374376280068006,1.848227614583869,75.57663848908628
0.05527638190954774,9.846938775510203,2.52857344482893,1.8174677330749358,80.00032924304573
0.06030150753768844,9.846938775510203,2.94049815094035,1.7840067236152317,83.84918944456093
0.06532663316582915,9.846938775510203,3.370333795165222,1.7477752205968895,87.1277352324057
0.07035175879396985,9.846938775510203,3.8151963515391056,1.708679774746603,89.82934325155415
0.07537688442211055,9.846938775510203,4.272196233984337,1.6665523467692913,91.95652837359518
0.08040201005025126,9.846938775510203,4.738431998447215,1.6211731448521627,93.50381922697495
0.08542713567839195,9.846938775510203,5.21097656345625,1.5721719240543666,94.46802002376481
0.09045226130653267,9.846938775510203,5.686880353054921,1.5190426017705039,94.83983737985311
0.09547738693467336,9.846938775510203,6.16313630336194,1.4609643279766145,94.59937688523249
0.10050251256281408,9.846938775510203,6.636622886847108,1.3966026795701405,93.72572233428909
0.10552763819095477,9.846938775510203,7.103998641002319,1.323605143483355,92.14251093879318
0.11055276381909548,9.846938775510203,7.561297649331697,1.2373371507329152,89.67740361132057
0.11557788944723618,9.846938775510203,8.002455290694426,1.1269885645236033,85.39885429807542
0.12060301507537688,9.846938775510203,8.410372376093093,0.9606116251200079,74.44071656542114
0.12562814070351758,9.846938775510203,8.70836461544699,0.6649076591810272,39.606387897321206
0.1306532663316583,9.846938775510203,8.839053198319961,0.28190954589688627,16.17641702934461
0.135678391959799,9.846938775510203,8.898493061098876,-0.09757524963710813,8.675658971548051
0.1407035175879397,9.846938775510203,8.934314920083818,-0.4552013084185259,5.890007166512058
0.1457286432160804,9.846938775510203,8.960392986002617,-0.7859306261962171,4.627920077985388
0.1507537688442211,9.846938775510203,8.982045812741948,-1.0863797266309527,4.06640581033128
0.15577889447236182,9.846938775510203,9.002030118843775,-1.3534804790412018,3.989239167983079
0.16080402010050251,9.846938775510203,9.022398317288467,-1.5841781524458516,4.288512853629886
0.1658291457286432,9.846938775510203,9.045853885370041,-1.7752134074723493,5.273905669493656
0.1708542713567839,9.846938775510203,9.078576597075767,-1.9219484754663414,8.371775825258668
0.17587939698492464,9.846938775510203,9.139890618725525,-2.0042565825747167,14.907671697525867
0.18090452261306533,9.846938775510203,9.196653638871075,-2.014352322536666,6.61016438670177
0.18592964824120603,9.846938775510203,9.210621723199388,-2.014474218919804,3.5585937984237543
0.19095477386934673,9.846938775510203,9.2530158953803,-2.013095249942059,13.218204879845032
0.19597989949748743,9.846938775510203,9.342532192798592,-2.007622334195094,22.32115066979457
0.20100502512562815,9.846938775510203,9.476462627717131,-1.9986332571327237,30.89376469349913
0.20603015075376885,9.846938775510203,9.652118963134779,-1.9866892571900088,38.92765452670236
0.21105527638190955,9.846938775510203,9.866787922110673,-1.9719319492168725,46.421091288885805
0.21608040201005024,9.846938775510203,10.117750309618922,-1.954437886346892,53.373364650607314
0.22110552763819097,9.846938775510203,10.402287544567487,-1.934279958413529,59.783146146441766
0.22613065326633167,9.846938775510203,10.717677691322576,-1.9115021984353462,65.65401177056108
0.23115577889447236,9.846938775510203,11.061199702385645,-1.8861463465925734,70.98129031863786
0.23618090452261306,9.846938775510203,11.43013225072185,-1.8582268173192789,75.76441362263131
0.24120603015075376,9.846938775510203,11.821746829867196,-1.8277406491403416,80.00987672728635
0.24623115577889448,9.846938775510203,12.233320355951538,-1.7946617320482252,83.70692970800322
0.25125628140703515,9.846938775510203,12.662107717893727,-1.7589417241050913,86.86214624795626
0.2562814070351759,9.846938775510203,13.105377822675123,-1.7204891599190977,89.4678661002288
0.2613065326633166,9.846938775510203,13.560386021668192,-1.679156195817159,91.52899271469009
0.2663316582914573,9.846938775510203,14.024368300501136,-1.6347399517404149,93.04565278389397
0.271356783919598,9.846938775510203,14.494559910502241,-1.5869281651847404,94.00303376540825
0.27638190954773867,9.846938775510203,14.96815762926591,-1.535257434534234,94.40309182843373
0.2814070351758794,9.846938775510203,15.442321144916427,-1.4790425272395642,94.21704560385766
0.2864321608040201,9.846938775510203,15.91411922009585,-1.4171488192966148,93.4601756440184
0.2914572864321608,9.846938775510203,16.380459032191837,-1.347686649595049,92.02472311589125
0.2964824120603015,9.846938775510203,16.837802304720334,-1.2670455421242413,89.81663549458442
0.3015075376884422,9.846938775510203,17.28130664293924,-1.1673978934526685,86.40224352907546
0.3065326633165829,9.846938775510203,17.70021841537811,-1.027448922776805,79.40812878588982
0.31155778894472363,9.846938775510203,18.047511396884943,-0.7856847097448063,54.22511918007002
0.3165829145728643,9.846938775510203,18.227304256475353,-0.42197807283691785,21.482551425409703
0.32160804020100503,9.846938775510203,18.30291856106368,-0.04141073657706242,10.444032963679286
0.32663316582914576,9.846938775510203,18.34463573017086,0.32107209351040833,6.796343661845961
0.3316582914572864,9.846938775510203,18.37326753656209,0.6586853838701399,4.947049406890945
0.33668341708542715,9.846938775510203,18.39600907349075,0.9678686148532022,4.186008234409292
0.3417085427135678,9.846938775510203,18.416161370649938,1.245626180960755,3.9124099496730125
0.34673366834170855,9.846938775510203,18.435860348476567,1.4890774150686603,4.065487538051484
0.35175879396984927,9.846938775510203,18.457237686473242,1.6952427048833096,4.535753756432747
0.35678391959798994,9.846938775510203,18.484102883610337,1.8606290912299648,6.546337365469589
0.36180904522613067,9.846938775510203,18.528381246484752,1.9768310740569004,12.389873678231872
0.36683417085427134,9.846938775510203,18.597117374204025,2.012932359873303,11.20218199230287
0.37185929648241206,9.846938775510203,18.629342839943437,2.0144838195889307,1.484103345862359
0.3768844221105528,9.846938775510203,18.64814291434809,2.014203480952168,8.447727395540683
0.38190954773869346,9.846938775510203,18.714385431850907,2.0108792908298594,17.82346778309293
0.3869346733668342,9.846938775510203,18.826383218398714,2.003525140662992,26.66327510661548
0.39195979899497485,9.846938775510203,18.981460266300473,1.9930369679706814,34.96756208725541
0.3969849246231156,9.846938775510203,19.176911679756234,1.9796780684584059,42.731617170426276
0.4020100502512563,9.846938775510203,19.410021742280524,1.9635462373072115,49.954844910456835
0.40703517587939697,9.846938775510203,19.678069411338022,1.9447133841735966,56.63720875779419
0.4120603015075377,9.846938775510203,19.97833565205901,1.9232467044190629,62.778277186137345
0.41708542713567837,9.846938775510203,20.308102120564843,1.8991797997846571,68.3778961780955
0.4221105527638191,9.846938775510203,20.664640776006365,1.8725428179545636,73.43389557398214
0.4271356783919598,9.846938775510203,21.045230662790207,1.8433414931157974,77.95011064889218
0.4321608040201005,9.846938775510203,21.447142560961638,1.8115690297143352,81.9197245581355
0.4371859296482412,9.846938775510203,21.86764367046487,1.777183167415253,85.34699854373778
0.44221105527638194,9.846938775510203,22.303996336441283,1.7401112792351698,88.2312790864389
0.4472361809045226,9.846938775510203,22.7534628397968,1.7002418040792389,90.56667040246823
0.45226130653266333,9.846938775510203,23.213290643237848,1.6574040369124998,92.35844148635582
0.457286432160804,9.846938775510203,23.68072719339796,1.6113360705887918,93.59307292656936
0.4623115577889447,9.846938775510203,24.15297245365066,1.5616789091495455,94.26770107981169
0.46733668341708545,9.846938775510203,24.62720841325345,1.5078499307363695,94.37932747620482
0.4723618090452261,9.846938775510203,25.100565239556666,1.4489825010308621,93.91118360543746
0.47738693467336685,9.846938775510203,25.570044704359677,1.3836253957845828,92.82603392030754
0.4824120603015075,9.846938775510203,26.032372951381586,1.3091992431873305,91.03621740069207
0.48743718592964824,9.846938775510203,26.48357278931927,1.2205418201359235,88.31922418010635
0.49246231155778897,9.846938775510203,26.91705578059073,1.1051179485460823,83.73159640514118
0.49748743718592964,9.846938775510203,27.311525472448167,0.9253621034077396,70.78494861132293
0.5025125628140703,9.846938775510203,27.58031125469411,0.61203327916156,34.154471281402984
0.507537688442211,9.846938775510203,27.694219781907154,0.2307355695539079,14.466358895894682
0.5125628140703518,9.846938775510203,27.748583413511117,-0.14219960538734727,8.1401599138636
0.5175879396984925,9.846938775510203,27.782414831712064,-0.492795854250869,5.746770322996275
0.5226130653266332,9.846938775510203,27.807549677099544,-0.8166172859074827,4.4936836801669795
0.5276381909547738,9.846938775510203,27.82869741954897,-1.1104919280643708,4.005586840968678
0.5326633165829145,9.846938775510203,27.848392676115996,-1.3715083303659996,3.9084688679208996
0.5376884422110553,9.846938775510203,27.868606280722176,-1.596751868385057,4.335475457858109
0.542713567839196,9.846938775510203,27.892025814539956,-1.783104656346815,5.395474884965607
0.5477386934673367,9.846938775510203,27.924897845594117,-1.9259884470847797,8.613798281202662
0.5527638190954773,9.846938775510203,27.986275447775117,-2.004889640684578,14.788206993542891
0.5577889447236181,9.846938775510203,28.041749847287942,-2.0143566705833296,6.456689693862696
0.5628140703517588,9.846938775510203,28.055462057484814,-2.0144743812207944,3.5322319670813567
0.5678391959798995,9.846938775510203,28.097728075613702,-2.0131049388080675,13.193409750588403
0.5728643216080402,9.846938775510203,28.187124515466,-2.0076431245673776,22.297876145415373
0.5778894472361809,9.846938775510203,28.320941593334293,-1.9986622265758787,30.871960132668455
0.5829145728643216,9.846938775510203,28.496492189580547,-1.9867276859667455,38.90766290769036
0.5879396984924623,9.846938775510203,28.71106189534701,-1.9719768602763719,46.40213312906303
0.592964824120603,9.846938775510203,28.961934621845195,-1.9544913436093005,53.3553759946923
0.5979899497487438,9.846938775510203,29.246390355324145,-1.9343345148142237,59.76701851595749
0.6030150753768844,9.846938775510203,29.561709505776644,-1.91156684126399,65.63765159770998
0.6080402010050251,9.846938775510203,29.905167832292644,-1.886214774148304,70.96630771186861
0.6130653266331658,9.846938775510203,30.27403962792855,-1.8583016336510956,75.75534076035528
0.6180904522613065,9.846938775510203,30.66560270932257,-1.8278212227869828,79.99677311378926
0.6231155778894473,9.846938775510203,31.0771292476031,-1.7947523493430497,83.69664658791133
0.628140703517588,9.846938775510203,31.50587590973736,-1.75903804969504,86.85392076532536
0.6331658291457286,9.846938775510203,31.94911473956195,-1.720595328278456,89.46284861195132
0.6381909547738693,9.846938775510203,32.40410645263051,-1.6792675615458597,91.5246659040165
0.6432160804020101,9.846938775510203,32.868079643371566,-1.6348534573629425,93.04398949802562
0.6482412060301508,9.846938775510203,33.338256041704604,-1.5870528170268463,94.00560797130031
0.6532663316582915,9.846938775510203,33.81185935846159,-1.535393116136576,94.40048735768504
0.6582914572864321,9.846938775510203,34.2860278304901,-1.4791939119322686,94.21884417994454
0.6633165829145728,9.846938775510203,34.75782553103283,-1.417314260784448,93.45569304350806
0.6683417085427136,9.846938775510203,35.224160569781716,-1.347881715464102,92.0330116907088
0.6733668341708543,9.846938775510203,35.6815187135683,-1.2672817283316848,89.84775094684767
0.678391959798995,9.846938775510203,36.12504910411854,-1.1676889098158814,86.47232285152981
0.6834170854271356,9.846938775510203,36.54406295656329,-1.0279078703899966,79.27069960467058
0.6884422110552764,9.846938775510203,36.89170169494201,-0.7865629088362274,55.270600105663675
0.6934673366834171,9.846938775510203,37.07191558218231,-0.42299834834401207,21.39254279587673
0.6984924623115578,9.846938775510203,37.14768592494102,-0.042391536097638176,10.467824439137923
0.7035175879396985,9.846938775510203,37.18946397020589,0.32016298515389796,6.699755875000176
0.7085427135678392,9.846938775510203,37.218108872167406,0.6578263526764844,4.982505117065029
0.7135678391959799,9.846938775510203,37.24086095754439,0.9670832385788287,4.195428962734005
0.7185929648241206,9.846938775510203,37.26101989147986,1.244936831815097,3.925940006755639
0.7236180904522613,9.846938775510203,37.280723701014786,1.4884721437221686,4.074947605081307
0.7286432160804021,9.846938775510203,37.30208046677234,1.6947449270868054,4.633085297946719
0.7336683417085427,9.846938775510203,37.32892952233442,1.8602272556963348,6.519055669234227
0.7386934673366834,9.846938775510203,37.37309839567494,1.9765819828131952,12.400360490419397
0.7437185929648241,9.846938775510203,37.44180283271497,2.012907968315621,11.215582812398232
0.7487437185929648,9.846938775510203,37.47414404752774,2.014483922581622,1.5080523927701885
0.7537688442211056,9.846938775510203,37.49286096882026,2.01420901944505,8.425138587479584
0.7587939698492462,9.846938775510203,37.55899142126092,2.0108983331256347,17.80238824860686
0.7638190954773869,9.846938775510203,37.67088249557169,2.003552935563423,26.642753656130463
0.7688442211055276,9.846938775510203,37.82586078531812,1.9930719906118146,34.94875531275679
0.7738693467336684,9.846938775510203,38.021221798198575,1.9797202399193405,42.71441747693601
0.7788944723618091,9.846938775510203,38.25424362509766,1.9635935724298719,49.939471140368944
0.7839195979899497,9.846938775510203,38.522210187874634,1.9447718904997626,56.62220105129662
0.7889447236180904,9.846938775510203,38.822403053104935,1.923303286065892,62.764164214852535
0.7939698492462312,9.846938775510203,39.15210305500761,1.8992441996584875,68.36413139060447
0.7989949748743719,9.846938775510203,39.50858189309435,1.872612553792571,73.42265981458078
0.8040201005025126,9.846938775510203,39.88911862568443,1.8434254050105825,77.94015896718611
0.8090452261306532,9.846938775510203,40.29098099523664,1.8116544527314682,81.91139181161604
0.8140703517587939,9.846938775510203,40.71144748235304,1.7772757018686458,85.33923769623019
0.8190954773869347,9.846938775510203,41.14776953536282,1.7402112798918865,88.22579968922427
0.8241206030150754,9.846938775510203,41.59721163507102,1.7003474197348194,90.56115962266082
0.8291457286432161,9.846938775510203,42.057036292337685,1.6575175718901867,92.3552713839649
0.8341708542713567,9.846938775510203,42.5244576296581,1.61145525173832,93.58856128510106
0.8391959798994975,9.846938775510203,42.99669593699443,1.5618087292376772,94.26663165777393
0.8442211055276382,9.846938775510203,43.47094635820647,1.507988310057675,94.37921918986473
0.8492462311557789,9.846938775510203,43.94432442917155,1.4491324390735165,93.9115104073247
0.8542713567839196,9.846938775510203,44.41383144382051,1.383792059687816,92.8277070587083
0.8592964824120602,9.846938775510203,44.876172822107065,1.3093953301239323,91.04057295405137
0.864321608040201,9.846938775510203,45.32738543055034,1.220785141456188,88.31812160192781
0.8693467336683417,9.846938775510203,45.760903123822146,1.1054627934953123,83.74627420657164
0.8743718592964824,9.846938775510203,46.15555808841965,0.9259904420070147,70.07688386789283
0.8793969849246231,9.846938775510203,46.42481384539571,0.6130081580150689,34.41550177395203
0.8844221105527639,9.846938775510203,46.5389644154491,0.2317183231414327,14.390581625081536
0.8894472361809045,9.846938775510203,46.59337858128288,-0.14124631776539595,8.25412053420069
0.8944723618090452,9.846938775510203,46.62724890444297,-0.49191625179735404,5.611497887290921
0.8994974874371859,9.846938775510203,46.652406400900944,-0.8158001183158664,4.484364340900331
0.9045226130653267,9.846938775510203,46.673553220971336,-1.1097506535864592,3.988728842966939
0.9095477386934674,9.846938775510203,46.69323781844697,-1.3708292284717694,3.9423887370334203
0.914572864321608,9.846938775510203,46.713452608210375,-1.596140829679102,4.057979945417081
0.9195979899497487,9.846938775510203,46.73686096591775,-1.7825792715341646,5.0618835877786665
0.9246231155778895,9.846938775510203,46.76968457086388,-1.9255905351117524,8.562539638389675
0.9296482412060302,9.846938775510203,46.83091203959163,-2.00477629781221,14.704694621049136
0.9346733668341709,9.846938775510203,46.886452926490904,-2.014349843605449,6.478039039045207
0.9396984924623115,9.846938775510203,46.904440875961534,-2.0144347888292944,8.271733940953421
0.9447236180904522,9.846938775510203,47.000316019219966,-2.009708948956166,29.218805278942483
0.949748743718593,9.846938775510203,47.19153905469339,-1.996922984235548,46.23456415672896
0.9547738693467337,9.846938775510203,47.458393764863956,-1.9787061777733568,59.317121135755926
0.9597989949748744,9.846938775510203,47.78110109229456,-1.9562938026895489,68.46140235976145
0.964824120603015,9.846938775510203,48.139861468213844,-1.9308558444424995,73.66867800042107
0.9698492462311558,9.846938775510203,48.51489393522762,-1.903638449261903,74.93959012490039
0.9748743718592965,9.846938775510203,48.8864196267339,-1.875985699021164,72.27333342165086
0.9798994974874372,9.846938775510203,49.234673227853214,-1.8493910963747546,65.67612670098356
0.9849246231155779,9.846938775510203,49.539897839380075,-1.8254951843094243,55.14830259101548
0.9899497487437185,9.846938775510203,49.782351257741645,-1.8061055530159538,40.69240922029699
0.9949748743718593,9.846938775510203,49.94229674642919,-1.7930997928357058,22.31031727327722
1.0,9.846938775510203,50.0,-1.7883601088780308,0.0
0.0,9.86734693877551,0.0,2.0,0.0
0.005025125628140704,9.86734693877551,0.025660453755940144,1.9994808930277732,10.114269284393654
0.010050251256281407,9.86734693877551,0.10064734063739443,1.9953627619926662,19.63472605920334
0.01507537688442211,9.86734693877551,0.22206380194784162,1.9872292534402085,28.596173632119058
0.020100502512562814,9.86734693877551,0.38710361518707725,1.975929947930679,36.99543867680454
0.02512562814070352,9.86734693877551,0.592925721859063,1.9616781226418387,44.82741852146595
0.03015075376884422,9.86734693877551,0.8366819257042454,1.9445788884887183,52.09289053907847
0.035175879396984924,9.86734693877551,1.1155203832253826,1.9246916179206606,58.78980952949825
0.04020100502512563,9.86734693877551,1.4265892401485947,1.9020828164315646,64.92100527851191
0.04522613065326633,9.86734693877551,1.767033997604343,1.8767840173967874,70.48374107583761
0.05025125628140704,9.86734693877551,2.133998827579696,1.848823665245854,75.47513261802263
0.05527638190954774,9.86734693877551,2.524624053478527,1.8181867846164221,79.89850090419247
0.06030150753768844,9.86734693877551,2.936049128974733,1.7848651385132093,83.75180642203468
0.06532663316582915,9.86734693877551,3.365407462480044,1.7487841368099355,87.03480010216944
0.07035175879396985,9.86734693877551,3.809828606709579,1.709856333679159,89.7470542329863
0.07537688442211055,9.86734693877551,4.266430598625331,1.6679170912816268,91.8825449664046
0.08040201005025126,9.86734693877551,4.732322840130115,1.6227428484008783,93.44846332412303
0.08542713567839195,9.86734693877551,5.204594055885483,1.5739913401791916,94.41912679846138
0.09045226130653267,9.86734693877551,5.680304070101356,1.5211478872215767,94.80712041596807
0.09547738693467336,9.86734693877551,6.156459977047571,1.4634164636046807,94.59931947803129
0.10050251256281408,9.86734693877551,6.629962560725987,1.3994885747496086,93.75813338891975
0.10552763819095477,9.86734693877551,7.097493364272877,1.3271073105506892,92.21049688239177
0.11055276381909548,9.86734693877551,7.555157429811943,1.2418380388099932,89.77222794479307
0.11557788944723618,9.86734693877551,7.9970917124197705,1.1333039440802657,85.7023288168032
0.12060301507537688,9.86734693877551,8.407399030527545,0.971469267881328,75.28172910842518
0.12562814070351758,9.86734693877551,8.713907914477833,0.683582148486203,41.56648133548645
0.1306532663316583,9.86734693877551,8.850773790791386,0.3021817952487967,16.611101424642282
0.135678391959799,9.86734693877551,8.912110972263461,-0.07790520340623086,8.915524244149239
0.1407035175879397,9.86734693877551,8.948607865079506,-0.4365475682385516,6.090882663387409
0.1457286432160804,9.86734693877551,8.97497513751647,-0.7685342627210117,4.701991550985533
0.1507537688442211,9.86734693877551,8.996729520276366,-1.07045592205467,4.068687229719821
0.15577889447236182,9.86734693877551,9.016686022028003,-1.3392417594826986,3.9569520861182204
0.16080402010050251,9.86734693877551,9.036916440275853,-1.571860429363216,4.168001149279349
0.1658291457286432,9.86734693877551,9.060042680830561,-1.7650913397200325,5.02355336522363
0.1708542713567839,9.86734693877551,9.091718171238776,-1.9145093971668845,7.688801518589005
0.17587939698492464,9.86734693877551,9.150797751954547,-2.00201192261813,15.062429330454062
0.18090452261306533,9.86734693877551,9.209939087712705,-2.0142656068423577,7.209039337975275
0.18592964824120603,9.86734693877551,9.225004720366075,-2.014457248237723,2.9426772549038813
0.19095477386934673,9.86734693877551,9.264345134059212,-2.013277329343211,12.61890850165225
0.19597989949748743,9.86734693877551,9.350892780488408,-2.008079423206175,21.73842415172405
0.20100502512562815,9.86734693877551,9.481940179377025,-1.999315308090123,30.32962087649093
0.20603015075376885,9.86734693877551,9.654812091474309,-1.987593591834118,38.38361128450649
0.21105527638190955,9.86734693877551,9.866805840877864,-1.9730635831452956,45.899473260040736
0.21608040201005024,9.86734693877551,10.115211552781291,-1.9557985093448726,52.87612638747094
0.22110552763819097,9.86734693877551,10.397320974486709,-1.9358806748887076,59.31457819814491
0.22613065326633167,9.86734693877551,10.710425008437678,-1.913348250553977,65.21115369780762
0.23115577889447236,9.86734693877551,11.051809979696932,-1.888248437718511,70.56894822165846
0.23618090452261306,9.86734693877551,11.418760807305711,-1.8605922702582889,75.38678841093017
0.24120603015075376,9.86734693877551,11.808563582756914,-1.8303892646198938,79.66602324575977
0.24623115577889448,9.86734693877551,12.218497257456418,-1.7976015482746714,83.3993753434918
0.25125628140703515,9.86734693877551,12.645842362985958,-1.7621918276283315,86.59274643815367
0.2562814070351759,9.86734693877551,13.08786300136746,-1.724074810998952,89.24198615720431
0.2613065326633166,9.86734693877551,13.541833745402453,-1.6831031643487233,91.34699573349998
0.2663316582914573,9.86734693877551,14.005013216161162,-1.6390747837120285,92.9047777451091
0.271356783919598,9.86734693877551,14.474625568261622,-1.5917128173270123,93.91352864143016
0.27638190954773867,9.86734693877551,14.947897685742298,-1.5405699413214207,94.355250604405
0.2814070351758794,9.86734693877551,15.422000306913446,-1.484979339796046,94.24705117607165
0.2864321608040201,9.86734693877551,15.89402759304302,-1.4238884209323763,93.52325822098877
0.2914572864321608,9.86734693877551,16.360912708830153,-1.3554918427247444,92.17907037178922
0.2964824120603015,9.86734693877551,16.819218140266486,-1.276502867941383,90.05874416954096
0.3015075376884422,9.86734693877551,17.264347709730682,-1.1798016837112275,86.87756544490304
0.3065326633165829,9.86734693877551,17.686869720386873,-1.0466286242833187,80.23149939383603
0.31155778894472363,9.86734693877551,18.04742297695719,-0.8209251723272675,59.9206104437775
0.3165829145728643,9.86734693877551,18.24598724304057,-0.4657547185592479,23.620201238078646
0.32160804020100503,9.86734693877551,18.328263773198884,-0.08442383708534851,11.1238496747617
0.32663316582914576,9.86734693877551,18.372244066502425,0.28031953285792016,7.035417662555395
0.3316582914572864,9.86734693877551,18.40182684609227,0.6207229828316715,5.154672717148264
0.33668341708542715,9.86734693877551,18.424981917550795,0.9331082417913235,4.239876673434649
0.3417085427135678,9.86734693877551,18.4452649459633,1.2144544989745285,3.91516619549828
0.34673366834170855,9.86734693877551,18.46486771224994,1.461886101664167,3.925023678052567
0.35175879396984927,9.86734693877551,18.48583058656178,1.6724629534250401,4.608765662993877
0.35678391959798994,9.86734693877551,18.51158751366942,1.8428335043733408,6.032157186489326
0.36180904522613067,9.86734693877551,18.552273195026462,1.9660741594546536,11.204875412165833
0.36683417085427134,9.86734693877551,18.620933287182584,2.0119323378146663,12.271732677327604
0.37185929648241206,9.86734693877551,18.65907418520679,2.0144579889638283,2.7169786265516334
0.3768844221105528,9.86734693877551,18.674277867084513,2.014307027790868,7.23584650660962
0.38190954773869346,9.86734693877551,18.73456377730059,2.0115252087845676,16.66352773980274
0.3869346733668342,9.86734693877551,18.84085408690401,2.004636191960877,25.5526798331823
0.39195979899497485,9.86734693877551,18.99048229436097,1.9945524731392696,33.909863778460775
0.3969849246231156,9.86734693877551,19.18075570035124,1.9815935242023506,41.7289537504147
0.4020100502512563,9.86734693877551,19.40896873289763,1.9658589744581667,49.00941423858016
0.40703517587939697,9.86734693877551,19.672413451651217,1.9474294928799034,55.750769966666795
0.4120603015075377,9.86734693877551,19.968378479703446,1.9263684392168448,61.95342762705318
0.41708542713567837,9.86734693877551,20.29415344381403,1.9027096255143752,67.61620766766617
0.4221105527638191,9.86734693877551,20.647029966189137,1.8764950867417358,72.73926274019082
0.4271356783919598,9.86734693877551,21.024288744559524,1.8477291823415443,77.31860186365334
0.4321608040201005,9.86734693877551,21.42321516322538,1.816402067036715,81.362319812691
0.4371859296482412,9.86734693877551,21.841076221070047,1.7824776281686483,84.8607133119188
0.44221105527638194,9.86734693877551,22.27516722893017,1.7459005503054932,87.81819917767795
0.4472361809045226,9.86734693877551,22.722738748659772,1.706549336985635,90.2291820240645
0.45226130653266333,9.86734693877551,23.181060317997034,1.664281067074334,92.0984081302951
0.457286432160804,9.86734693877551,23.64739546732286,1.6188392185466998,93.41122382965052
0.4623115577889447,9.86734693877551,24.118949128342763,1.569899311825413,94.17671591591817
0.46733668341708545,9.86734693877551,24.592930374093633,1.5169151433411991,94.378763175781
0.4723618090452261,9.86734693877551,25.066485972912915,1.4590770968860873,94.00941787910907
0.47738693467336685,9.86734693877551,25.53665866251144,1.3950810083416723,93.01917398828533
0.4824120603015075,9.86734693877551,26.000252008547,1.3226165617224466,91.35979942187036
0.48743718592964824,9.86734693877551,26.45349121908121,1.2371659822355794,88.86878823553648
0.49246231155778897,9.86734693877551,26.89056716971617,1.1281565480697888,84.61952276095758
0.49748743718592964,9.86734693877551,27.295196145957483,0.9650041312757514,74.17255558930465
0.5025125628140703,9.86734693877551,27.594400258590646,0.6762283219519802,41.12181952432453
0.507537688442211,9.86734693877551,27.72773481364032,0.29836911363018787,16.639676155649642
0.5125628140703518,9.86734693877551,27.788206306290277,-0.07742281302371053,8.891117576618509
0.5175879396984925,9.86734693877551,27.824375789944792,-0.4321109338881084,5.891457996944722
0.5226130653266332,9.86734693877551,27.850541615065836,-0.7606817804731041,4.609508222492281
0.5276381909547738,9.86734693877551,27.872119536487894,-1.0598845551189868,4.045682279121164
0.5326633165829145,9.86734693877551,27.891869610220727,-1.32680874892915,3.911475466374773
0.5376884422110553,9.86734693877551,27.91178006864351,-1.558550474035211,4.216155403625232
0.542713567839196,9.86734693877551,27.934279558202267,-1.7520681476156574,4.938228776826676
0.5477386934673367,9.86734693877551,27.964403768954515,-1.9033658697328961,7.414602511703201
0.5527638190954773,9.86734693877551,28.019378039100452,-1.99755633811351,14.678160615567313
0.5577889447236181,9.86734693877551,28.081745914573162,-2.0140945647939748,8.249190015931582
0.5628140703517588,9.86734693877551,28.099886429316186,-2.014459913388679,1.6642066726596627
0.5678391959798995,9.86734693877551,28.13298386908468,-2.013615957635052,11.413360062449328
0.5728643216080402,9.86734693877551,28.213647436800944,-2.008951960626603,20.601637984792475
0.5778894472361809,9.86734693877551,28.339152292687565,-2.0005906891883747,29.260842799281054
0.5829145728643216,9.86734693877551,28.506827525276883,-1.9892380750223235,37.384413900186814
0.5879396984924623,9.86734693877551,28.713973365292524,-1.975056094832986,44.96917658774303
0.592964824120603,9.86734693877551,28.957876349089748,-1.9581423567387508,52.01540545982697
0.5979899497487438,9.86734693877551,29.235832404659128,-1.9385586881246728,58.52122188856044
0.6030150753768844,9.86734693877551,29.545133628483615,-1.9163545187462772,64.48851916606951
0.6080402010050251,9.86734693877551,29.883055420587667,-1.8915799086955092,69.91519516844762
0.6130653266331658,9.86734693877551,30.246894270313614,-1.864251643511025,74.80349951269913
0.6180904522613065,9.86734693877551,30.633933742289955,-1.834374363920311,79.14762703613974
0.6231155778894473,9.86734693877551,31.041451660170026,-1.8019228412280581,82.95477294278201
0.628140703517588,9.86734693877551,31.466727178263696,-1.7668493383317605,86.21934833917103
0.6331658291457286,9.86734693877551,31.907026177393107,-1.7290770123111456,88.93363516874987
0.6381909547738693,9.86734693877551,32.359621803837925,-1.6884812374090536,91.10797617344981
0.6432160804020101,9.86734693877551,32.82178093361968,-1.6448580241152702,92.74044077298934
0.6482412060301508,9.86734693877551,33.29073043684039,-1.597939605783617,93.81520880757769
0.6532663316582915,9.86734693877551,33.76370212067243,-1.54731150748577,94.32934539979816
0.6582914572864321,9.86734693877551,34.2378521929093,-1.4923289980452517,94.28909571841821
0.6633165829145728,9.86734693877551,34.710298359741465,-1.4320212318050545,93.66381220248535
0.6683417085427136,9.86734693877551,35.178013031469675,-1.3647075750614404,92.38974322820077
0.6733668341708543,9.86734693877551,35.63761481582959,-1.2873279330171488,90.39965821012497
0.678391959798995,9.86734693877551,36.08476026581749,-1.1935472107683547,87.38421121872885
0.6834170854271356,9.86734693877551,36.51115988340566,-1.0669684225027902,81.46912956405816
0.6884422110552764,9.86734693877551,36.88481393484291,-0.8579885819279193,62.94853082558332
0.6934673366834171,9.86734693877551,37.10587754194197,-0.5143088431719077,27.047035470315347
0.6984924623115578,9.86734693877551,37.19691518256826,-0.1322803785851169,12.028548993693834
0.7035175879396985,9.86734693877551,37.243846776965114,0.23520717114793693,7.203876631678673
0.7085427135678392,9.86734693877551,37.27465708743809,0.5789528205789705,5.291962502777923
0.7135678391959799,9.86734693877551,37.2983865925383,0.895070250274939,4.3068956882053335
0.7185929648241206,9.86734693877551,37.3188989778192,1.1805340550714674,3.9141720799889295
0.7236180904522613,9.86734693877551,37.33846632459046,1.4324455804829024,3.8651677862149727
0.7286432160804021,9.86734693877551,37.359151843651325,1.6478965481343149,4.489622971669993
0.7336683417085427,9.86734693877551,37.384005408215764,1.8236281108574395,5.759492136666067
0.7386934673366834,9.86734693877551,37.421608479291976,1.9537617458730347,9.918395803465021
0.7437185929648241,9.86734693877551,37.48895813475663,2.0104174682961222,13.290165281899641
0.7487437185929648,9.86734693877551,37.53314505157744,2.014443733969723,3.9823930286608706
0.7537688442211056,9.86734693877551,37.54625949988046,2.014384780774786,5.994280981576563
0.7587939698492462,9.86734693877551,37.60048970894852,2.0121187331883057,15.493722447572983
0.7638190954773869,9.86734693877551,37.70107102888782,2.0056975756907347,24.450063555127148
0.7688442211055276,9.86734693877551,37.84533035335475,1.9959922585176644,32.87578016165231
0.7738693467336684,9.86734693877551,38.03057949795977,1.9833917205862441,40.76359819447114
0.7788944723618091,9.86734693877551,38.25411329071344,1.9680068407886404,48.11250906515924
0.7839195979899497,9.86734693877551,38.5132248115612,1.9499161431485892,54.92273748842737
0.7889447236180904,9.86734693877551,38.805201570527544,1.9291877619821975,61.19345589394099
0.7939698492462312,9.86734693877551,39.12732930299709,1.9058597977439717,66.92540982059947
0.7989949748743719,9.86734693877551,39.476905748895,1.8799690207345519,72.11549116688285
0.8040201005025126,9.86734693877551,39.85120897998456,1.8515219752171308,76.7659722307656
0.8090452261306532,9.86734693877551,40.247521556527005,1.8205259581141569,80.87493739768004
0.8140703517587939,9.86734693877551,40.66312440016442,1.7869389928819288,84.44285562649722
0.8190954773869347,9.86734693877551,41.09528877409429,1.7506992366503746,87.46797052733682
0.8241206030150754,9.86734693877551,41.541298760182045,1.7117167510984312,89.9509576853683
0.8291457286432161,9.86734693877551,41.99840470535592,1.6698273177804708,91.88540616742075
0.8341708542713567,9.86734693877551,42.46386941573446,1.6248093586379135,93.2775934333265
0.8391959798994975,9.86734693877551,42.934912201491485,1.576333736003528,94.10822217026696
0.8442211055276382,9.86734693877551,43.4087377424005,1.5239012130443175,94.38478900643481
0.8492462311557789,9.86734693877551,43.88250134297898,1.4667380491323432,94.08799085119607
0.8542713567839196,9.86734693877551,44.35328097633195,1.403631733365223,93.1742506629205
0.8592964824120602,9.86734693877551,44.81786737535528,1.3324419085492305,91.62650746885647
0.864321608040201,9.86734693877551,45.272666780496756,1.249018740300215,89.20718503014514
0.8693467336683417,9.86734693877551,45.71229281800619,1.1440318775156637,85.36951551172231
0.8743718592964824,9.86734693877551,46.12306602966834,0.9909647745852455,76.3183001025186
0.8793969849246231,9.86734693877551,46.44273541555287,0.7208827148882356,45.65956303528925
0.8844221105527639,9.86734693877551,46.59273893861335,0.347175448402761,18.170515370301672
0.8894472361809045,9.86734693877551,46.658468770867884,-0.030644147795909685,9.39793988961214
0.8944723618090452,9.86734693877551,46.69661399666947,-0.38835747156187755,6.167674288656804
0.8994974874371859,9.86734693877551,46.72365272190628,-0.720435164032855,4.722834304998694
0.9045226130653267,9.86734693877551,46.74563650497562,-1.0235462751348385,4.089751264112251
0.9095477386934674,9.86734693877551,46.76550299614323,-1.2947343211721627,3.85368827313854
0.914572864321608,9.86734693877551,46.78529582696747,-1.531107082480613,4.0083287612192136
0.9195979899497487,9.86734693877551,46.80726458280908,-1.729683747059427,4.753418323089856
0.9246231155778895,9.86734693877551,46.83588463539972,-1.8867021979673986,7.1215299846225655
0.9296482412060302,9.86734693877551,46.88629871345833,-1.9904290279041676,13.91396825624761
0.9346733668341709,9.86734693877551,46.952226401930034,-2.013778558713622,9.462364827130186
0.9396984924623115,9.86734693877551,46.975418538532885,-2.0144607965766848,0.951416995375143
0.9447236180904522,9.86734693877551,47.03905355904939,-2.012090211861525,23.665142087983444
0.949748743718593,9.86734693877551,47.20628887000578,-2.0011956539624833,42.209827935202625
0.9547738693467337,9.86734693877551,47.45634795215494,-1.984228939096592,56.62362039720181
0.9597989949748744,9.86734693877551,47.76842265895469,-1.9627123461259803,66.89323591496954
0.964824120603015,9.86734693877551,48.12168704978143,-1.9378658616840947,73.01828960075541
0.9698492462311558,9.86734693877551,48.49532263697963,-1.9109769158435914,74.9993198214193
0.9748743718592965,9.86734693877551,48.8685115979419,-1.883445066679313,72.83943943225579
0.9798994974874372,9.86734693877551,49.220448664204774,-1.8568153027968628,66.54149162694564
0.9849246231155779,9.86734693877551,49.53034475039341,-1.8327784150028912,56.10696592455275
0.9899497487437185,9.86734693877551,49.77741637386361,-1.8132026994623953,41.53753748368662
0.9949748743718593,9.86734693877551,49.94089220397369,-1.8000332806026822,22.83588676530951
1.0,9.86734693877551,50.0,-1.7952231767620435,-1.3709596316244307e-14
0.0,9.887755102040817,0.0,2.0,0.0
0.005025125628140704,9.887755102040817,0.02560913660213894,1.9994829745428406,10.094223749484339
0.010050251256281407,9.887755102040817,0.10044976113232379,1.9953812484016484,19.59691487399783
0.01507537688442211,9.887755102040817,0.2216357892952623,1.9872800487154938,28.542659547425828
0.020100502512562814,9.887755102040817,0.3863715841920115,1.976025449691482,36.92831535442166
0.02512562814070352,9.887755102040817,0.5918266954581919,1.9618300055550884,44.74914201905634
0.03015075376884422,9.887755102040817,0.8351634372703399,1.9447958501126457,52.0043153428977
0.035175879396984924,9.887755102040817,1.1135410481873151,1.9249903640358992,58.69556295803079
0.04020100502512563,9.887755102040817,1.4241169264334428,1.9024648551783592,64.8198378064538
0.04522613065326633,9.887755102040817,1.7640488302942086,1.8772678131188145,70.37864625187265
0.05025125628140704,9.887755102040817,2.130491376346992,1.8494209657361012,75.37176931475315
0.05527638190954774,9.887755102040817,2.520595461574093,1.8189084888704803,79.7957062155168
0.06030150753768844,9.887755102040817,2.931511444644824,1.7857207062533162,83.65239243893838
0.06532663316582915,9.887755102040817,3.3603836378741585,1.7497909946961074,86.94123507158059
0.07035175879396985,9.887755102040817,3.804351741576227,1.7110317373976314,89.66010622315179
0.07537688442211055,9.887755102040817,4.26054719094084,1.6692805493749836,91.80648049877318
0.08040201005025126,9.887755102040817,4.726088013995317,1.6243186735239015,93.38187903381395
0.08542713567839195,9.887755102040817,5.198077320396324,1.5758074690289727,94.37094836607122
0.09045226130653267,9.887755102040817,5.6735876223687205,1.5232496564229498,94.77894772859733
0.09547738693467336,9.887755102040817,6.149636611373334,1.4658580932313539,94.59672018277915
0.10050251256281408,9.887755102040817,6.623146342345953,1.40237387453628,93.75812776687759
0.10552763819095477,9.887755102040817,7.090827230186369,1.330608322755211,92.23834339833508
0.11055276381909548,9.887755102040817,7.5488458481756195,1.2462784812411376,89.90935974684899
0.11557788944723618,9.887755102040817,7.991540281074806,1.1395549890191752,85.87300504233625
0.12060301507537688,9.887755102040817,8.404133645409253,0.9821208414185176,76.13136434271529
0.12562814070351758,9.887755102040817,8.71893137214163,0.702105061145887,43.73803331090703
0.1306532663316583,9.887755102040817,8.862328878753747,0.322541117144635,17.327274802602226
0.135678391959799,9.887755102040817,8.925676562726881,-0.05812539943326003,9.214699858340751
0.1407035175879397,9.887755102040817,8.962889294102249,-0.4177950525821715,6.194843126157618
0.1457286432160804,9.887755102040817,8.989553933275408,-0.7510446496134061,4.710558945948722
0.1507537688442211,9.887755102040817,9.011412655625207,-1.0544500266050363,4.085646753877398
0.15577889447236182,9.887755102040817,9.031365134910807,-1.324941401943931,3.9561715294423294
0.16080402010050251,9.887755102040817,9.051474434115372,-1.5595022167510044,4.256429388724341
0.1658291457286432,9.887755102040817,9.07425881124327,-1.7549494769505554,4.963447797880122
0.1708542713567839,9.887755102040817,9.105028002600653,-1.907039513647581,7.923789083600965
0.17587939698492464,9.887755102040817,9.161912827937572,-1.9994983723151942,15.084924865314274
0.18090452261306533,9.887755102040817,9.223324618887272,-2.014167353576513,7.8159081055386626
0.18592964824120603,9.887755102040817,9.23989400609859,-2.014436163196276,2.31405461813627
0.19095477386934673,9.887755102040817,9.276117500275046,-2.013428246339268,12.007577962722946
0.19597989949748743,9.887755102040817,9.359636987890015,-2.0085067154208844,21.144947675181548
0.20100502512562815,9.887755102040817,9.48774693136417,-1.9999714655257852,29.754724294767545
0.20603015075376885,9.887755102040817,9.657783852091484,-1.9884754701070468,37.830395170507614
0.21105527638190955,9.887755102040817,9.867053388383903,-1.9741693410083956,45.37016897444959
0.21608040201005024,9.887755102040817,10.1128575596951,-1.9571442119082525,52.371396966744356
0.22110552763819097,9.887755102040817,10.392497318812184,-1.937461762298284,58.83559068048132
0.22613065326633167,9.887755102040817,10.703271852973982,-1.9151798446092194,64.7642848350834
0.23115577889447236,9.887755102040817,11.04248305969138,-1.890332206470126,70.15348236478833
0.23618090452261306,9.887755102040817,11.40741882559762,-1.8629480001890975,75.00355151731836
0.24120603015075376,9.887755102040817,11.795377697227382,-1.8330140569680884,79.31431806770681
0.24623115577889448,9.887755102040817,12.203654810367203,-1.8005270963883966,83.08681755221188
0.25125628140703515,9.887755102040817,12.629526490494493,-1.7654275497666059,86.31965166035832
0.2562814070351759,9.887755102040817,13.070284302222904,-1.7276270102876785,89.01188682538871
0.2613065326633166,9.887755102040817,13.523200683446078,-1.6870130412692526,91.15763942640034
0.2663316582914573,9.887755102040817,13.985543629678826,-1.6433933895184403,92.76155032827357
0.271356783919598,9.887755102040817,14.45455950367221,-1.5964726942089162,93.81651820154862
0.27638190954773867,9.887755102040817,14.927481465874914,-1.5458310412656067,94.31419255409989
0.2814070351758794,9.887755102040817,15.401496256332514,-1.490862162046688,94.25004486565501
0.2864321608040201,9.887755102040817,15.873720019380297,-1.4305358144819222,93.59196671723929
0.2914572864321608,9.887755102040817,16.341126253632424,-1.363184955354156,92.31125163142077
0.2964824120603015,9.887755102040817,16.800349899110973,-1.2857600416087125,90.31117941345468
0.3015075376884422,9.887755102040817,17.247029869622317,-1.1917775191939115,87.18276881693778
0.3065326633165829,9.887755102040817,17.67277656286777,-1.064680223945003,81.64079100022407
0.31155778894472363,9.887755102040817,18.044806648460376,-0.8540885722019464,61.626624288691794
0.3165829145728643,9.887755102040817,18.263223566004214,-0.5093697521301658,26.2375142499117
0.32160804020100503,9.887755102040817,18.353160367576592,-0.12770234372628192,12.293868133711491
0.32663316582914576,9.887755102040817,18.39968083405986,0.23925098201580255,7.156325119372254
0.3316582914572864,9.887755102040817,18.43030346205815,0.5824215199054034,5.29909670351034
0.33668341708542715,9.887755102040817,18.453916425837907,0.8979708140764772,4.285297989266085
0.3417085427135678,9.887755102040817,18.474352105507503,1.1828754144658378,3.89144054133616
0.34673366834170855,9.887755102040817,18.493861330776575,1.4342575143947724,3.8887383941533593
0.35175879396984927,9.887755102040817,18.5145107591737,1.6492023794529926,4.452969650683528
0.35678391959798994,9.887755102040817,18.539324134412343,1.8244741825451911,5.668599994115666
0.36180904522613067,9.887755102040817,18.576916365939084,1.9541961464746185,9.90688586866636
0.36683417085427134,9.887755102040817,18.644211531659735,2.010450343923292,13.259701117493371
0.37185929648241206,9.887755102040817,18.68815218736512,2.014421218581045,3.9413321228472418
0.3768844221105528,9.887755102040817,18.70127447930942,2.014361669574568,6.015532880843691
0.38190954773869346,9.887755102040817,18.755563872924323,2.0120929887927477,15.495580739430984
0.3869346733668342,9.887755102040817,18.85610947422638,2.0056845150742553,24.4344244794808
0.39195979899497485,9.887755102040817,19.00025016668712,1.9960065622806276,32.84476161042127
0.3969849246231156,9.887755102040817,19.18530731298014,1.9834451661952677,40.71957273368627
0.4020100502512563,9.887755102040817,19.408586716091786,1.9681131561537375,48.056215752643205
0.40703517587939697,9.887755102040817,19.667388291778472,1.9500842104503808,54.856293532389614
0.4120603015075377,9.887755102040817,19.95901031590409,1.9294195381533152,61.119857246889566
0.41708542713567837,9.887755102040817,20.280754858975346,1.9061757758685642,66.844248952
0.4221105527638191,9.887755102040817,20.629920722613036,1.8803764008498138,72.03139033377137
0.4271356783919598,9.887755102040817,21.00379855550955,1.8520345291294804,76.68100284559921
0.4321608040201005,9.887755102040817,21.399686927063673,1.8211551530303765,80.7903012887875
0.4371859296482412,9.887755102040817,21.814869950193128,1.7876927127515976,84.36333440768223
0.44221105527638194,9.887755102040817,22.246637225402402,1.7515970490888217,87.39079058976277
0.4472361809045226,9.887755102040817,22.692259631476823,1.7127595842363832,89.88017542527481
0.45226130653266333,9.887755102040817,23.149014909923164,1.671048558139301,91.8269615975953
0.457286432160804,9.887755102040817,23.614180493854686,1.6262246838281873,93.2178810753407
0.4623115577889447,9.887755102040817,24.084981222040575,1.577972495702856,94.07113884887524
0.46733668341708545,9.887755102040817,24.55862879293699,1.5258022669540348,94.35746402924511
0.4723618090452261,9.887755102040817,25.032301027535844,1.468973997936043,94.06923540647985
0.47738693467336685,9.887755102040817,25.503089196769796,1.406271249995013,93.20828473514247
0.4824120603015075,9.887755102040817,25.96785118729661,1.335615934991985,91.66185617880471
0.48743718592964824,9.887755102040817,26.422979468385567,1.253046746961673,89.31969112434065
0.49246231155778897,9.887755102040817,26.863267723733934,1.1496357999726483,85.67935073232472
0.49748743718592964,9.887755102040817,27.27590084807705,1.0002648613419938,77.310291681872
0.5025125628140703,9.887755102040817,27.60254696806015,0.7374722832179936,47.51444073358286
0.507537688442211,9.887755102040817,27.759266060886247,0.3661169174597685,19.306461186823874
0.5125628140703518,9.887755102040817,27.827138877068258,-0.012106410514185317,9.661961665991548
0.5175879396984925,9.887755102040817,27.866015700774884,-0.3707298762072801,6.314354058907385
0.5226130653266332,9.887755102040817,27.89338090265359,-0.7039392868513893,4.786613505990467
0.5276381909547738,9.887755102040817,27.91547273416854,-1.0083613424422546,4.102918481794529
0.5326633165829145,9.887755102040817,27.935339574869882,-1.281064481772686,3.8992984554498586
0.5376884422110553,9.887755102040817,27.955024359422023,-1.5191646721419807,4.102947175293566
0.542713567839196,9.887755102040817,27.976709493240207,-1.719698613898335,4.839824283442679
0.5477386934673367,9.887755102040817,28.004689408059836,-1.8790138437636168,6.926234252228095
0.5527638190954773,9.887755102040817,28.05296429677304,-1.986617200905327,13.389785606699022
0.5577889447236181,9.887755102040817,28.11997775735907,-2.0135488840998303,9.993012134828803
0.5628140703517588,9.887755102040817,28.145903205082142,-2.014438683298961,0.20929482566222224
0.5678391959798995,9.887755102040817,28.16981652353418,-2.0139770566238693,9.625514307477783
0.5728643216080402,9.887755102040817,28.241711999462744,-2.0101300608464037,18.89821789158064
0.5778894472361809,9.887755102040817,28.358863070191514,-2.0024052527909193,27.640750997531818
0.5829145728643216,9.887755102040817,28.51861439895064,-1.9916310778718134,35.85090585421486
0.5879396984924623,9.887755102040817,28.718275448275563,-1.9780243681311616,43.52469410981725
0.592964824120603,9.887755102040817,28.955151108389103,-1.9616756199473722,50.66195353090417
0.5979899497487438,9.887755102040817,29.226540189852265,-1.9426551476133023,57.26093952483854
0.6030150753768844,9.887755102040817,29.529744490473117,-1.9210186011109867,63.32348006253184
0.6080402010050251,9.887755102040817,29.862059256368966,-1.8968175310377267,68.84705621458724
0.6130653266331658,9.887755102040817,30.220784632567486,-1.8700673553158702,73.83300734934336
0.6180904522613065,9.887755102040817,30.603210591159677,-1.8407746765565831,78.28126261785427
0.6231155778894473,9.887755102040817,31.006632170219003,-1.8089373317895825,82.18903987186293
0.628140703517588,9.887755102040817,31.428335631955587,-1.774497966511418,85.559094664001
0.6331658291457286,9.887755102040817,31.865606990432134,-1.7373878403998757,88.38323610412507
0.6381909547738693,9.887755102040817,32.31572384147479,-1.6975018733285672,90.66861725970277
0.6432160804020101,9.887755102040817,32.775953641117205,-1.6546484862406732,92.40822624928136
0.6482412060301508,9.887755102040817,33.24355021361581,-1.6085913828150293,93.59909113224569
0.6532663316582915,9.887755102040817,33.71575089420219,-1.5589405857232461,94.24677739533239
0.6582914572864321,9.887755102040817,34.18978335744733,-1.505133144845656,94.32200883769852
0.6633165829145728,9.887755102040817,34.662721143805484,-1.446277793369451,93.82212065804006
0.6683417085427136,9.887755102040817,35.13162799221972,-1.3809113318200685,92.7201759438759
0.6733668341708543,9.887755102040817,35.59324467928042,-1.306436705256681,90.89350388645288
0.678391959798995,9.887755102040817,36.04358342495155,-1.2175787323373737,88.17104113898607
0.6834170854271356,9.887755102040817,36.47595620628794,-1.1015564808900982,83.50880098218755
0.6884422110552764,9.887755102040817,36.86843072462882,-0.9198880526695646,70.79400237771087
0.6934673366834171,9.887755102040817,37.13261691348126,-0.6039748840147057,34.684436843590035
0.6984924623115578,9.887755102040817,37.243961501819484,-0.2229538284395128,14.679215545874495
0.7035175879396985,9.887755102040817,37.29740855091733,0.14902337308814653,7.977960364140052
0.7085427135678392,9.887755102040817,37.33083981255098,0.4985840214886178,5.677904145566572
0.7135678391959799,9.887755102040817,37.355739321173175,0.8213850430617374,4.458440699997304
0.7185929648241206,9.887755102040817,37.37673053226301,1.1142637303040808,3.979433525436997
0.7236180904522613,9.887755102040817,37.39630614139788,1.374335695352653,3.8941338750406955
0.7286432160804021,9.887755102040817,37.41641355142941,1.5987387372103266,4.302592834039486
0.7336683417085427,9.887755102040817,37.439747400364915,1.784357338740722,5.375786691384298
0.7386934673366834,9.887755102040817,37.47254177510935,1.9266237223701455,8.611102885247217
0.7437185929648241,9.887755102040817,37.53383890933148,2.0049900067977355,14.73309863120317
0.7487437185929648,9.887755102040817,37.58900166172344,2.0143150220938124,6.408281974507295
0.7537688442211056,9.887755102040817,37.60262557370503,2.014429536286145,3.5423115987105436
0.7587939698492462,9.887755102040817,37.64484569776535,2.0130628998187237,13.165587442490343
0.7638190954773869,9.887755102040817,37.734016526434225,2.007633758845519,22.23659598300489
0.7688442211055276,9.887755102040817,37.86744934175442,1.9987152479759365,30.780860526742778
0.7738693467336684,9.887755102040817,38.0424753105204,1.9868661096718747,38.79061421120968
0.7788944723618091,9.887755102040817,38.25640046806355,1.9722222850357,46.263202167602174
0.7839195979899497,9.887755102040817,38.50652774192491,1.9548650836528136,53.19845399070977
0.7889447236180904,9.887755102040817,38.79015655865071,1.9348581547453727,59.59574019719971
0.7939698492462312,9.887755102040817,39.104585060584256,1.9122604993094965,65.45641917708043
0.7989949748743719,9.887755102040817,39.44711176488554,1.8870998689479468,70.77866743295323
0.8040201005025126,9.887755102040817,39.81503472324541,1.859395598110203,75.56414629566709
0.8090452261306532,9.887755102040817,40.205640456724765,1.829154275032128,79.80798272689836
0.8140703517587939,9.887755102040817,40.6162300628482,1.7963457981085729,83.5136492350709
0.8190954773869347,9.887755102040817,41.04408415847312,1.7609160378288335,86.67924481256222
0.8241206030150754,9.887755102040817,41.486494161907665,1.7227862147454585,89.30736360845034
0.8291457286432161,9.887755102040817,41.94071621635948,1.681815216384525,91.38693175606174
0.8341708542713567,9.887755102040817,42.40401825918658,1.637795760513599,92.91876719260748
0.8391959798994975,9.887755102040817,42.873660636603695,1.590443540032668,93.90427070109392
0.8442211055276382,9.887755102040817,43.34688487623364,1.5393186068049705,94.33293607155302
0.8492462311557789,9.887755102040817,43.82084106967477,1.4837394184906496,94.20483842591378
0.8542713567839196,9.887755102040817,44.29263581126634,1.4226696933165575,93.47681726883854
0.8592964824120602,9.887755102040817,44.75920698718106,1.354284683506473,92.10533591615508
0.864321608040201,9.887755102040817,45.21713067375993,1.275283794773163,89.99855901817183
0.8693467336683417,9.887755102040817,45.66181824511923,1.1784659673263382,86.76512226638573
0.8743718592964824,9.887755102040817,46.08378143806803,1.0449436714728024,80.0875359961939
0.8793969849246231,9.887755102040817,46.44302080308477,0.8181624867525854,57.30363763445815
0.8844221105527639,9.887755102040817,46.63979218154319,0.4624802231820843,24.497013537942948
0.8894472361809045,9.887755102040817,46.72138704350957,0.0814468896367112,11.290243898327223
0.8944723618090452,9.887755102040817,46.765078839747,-0.2828466543619929,6.888623365278294
0.8994974874371859,9.887755102040817,46.79451985614934,-0.6227861561819844,5.066605837897171
0.9045226130653267,9.887755102040817,46.81758685330776,-0.9347112548990217,4.236095420187638
0.9095477386934674,9.887755102040817,46.837804410200704,-1.215661325041736,3.9145742868823192
0.914572864321608,9.887755102040817,46.85735590475527,-1.4627207326176204,3.9828317188499143
0.9195979899497487,9.887755102040817,46.878254694863685,-1.672998210889652,4.522495373323702
0.9246231155778895,9.887755102040817,46.90398398952443,-1.8431259441826313,5.856071667893105
0.9296482412060302,9.887755102040817,46.94462423111247,-1.966178165059524,11.0583508400483
0.9346733668341709,9.887755102040817,47.013184009590724,-2.011920663430081,12.239934776086118
0.9396984924623115,9.887755102040817,47.051307334776666,-2.0144350404856874,2.722970403915764
0.9447236180904522,9.887755102040817,47.085930180674815,-2.0136424297529274,17.504233122161907
0.949748743718593,9.887755102040817,47.22647512537158,-2.005064138337182,37.70997625562438
0.9547738693467337,9.887755102040817,47.45765145510925,-1.9894833663999059,53.57063514480179
0.9597989949748744,9.887755102040817,47.75756380432317,-1.9689453940783845,65.06593487520622
0.964824120603015,9.887755102040817,48.10427479498019,-1.9447446696286255,72.19543582399129
0.9698492462311558,9.887755102040817,48.47584779855545,-1.9182272825460647,74.96215481908249
0.9748743718592965,9.887755102040817,48.85034431668966,-1.8908427642061933,73.36156629854888
0.9798994974874372,9.887755102040817,49.205856200068396,-1.864181611843226,67.40232370787577
0.9849246231155779,9.887755102040817,49.520465018251045,-1.8400121361000237,57.08518933607646
0.9899497487437185,9.887755102040817,49.77228355800516,-1.8202401457868946,42.41189336884684
0.9949748743718593,9.887755102040817,49.93942247326168,-1.806895627603291,23.38378614268956
1.0,9.887755102040817,50.0,-1.8020106182876268,-1.3357504646442487e-14
0.0,9.908163265306122,0.0,2.0,0.0
0.005025125628140704,9.908163265306122,0.025558994420861885,1.9994850082404332,10.074633760493127
0.010050251256281407,9.908163265306122,0.10025665765219875,1.9953993877889173,19.55996416779785
0.01507537688442211,9.908163265306122,0.22121752349251028,1.9873299918782124,28.490359448455703
0.020100502512562814,9.908163265306122,0.385656228865192,1.9761194302712992,36.86271149216119
0.02512562814070352,9.908163265306122,0.5907525004897585,1.9619788954123225,44.6719195053744
0.03015075376884422,9.908163265306122,0.8336791037163932,1.9450131903069106,51.918936428354186
0.035175879396984924,9.908163265306122,1.1116052713952784,1.9252813683205237,58.60153136533513
0.04020100502512563,9.908163265306122,1.4217001348235183,1.9028499560798386,64.72150549478413
0.04522613065326633,9.908163265306122,1.7611314220479937,1.8777521157997197,70.27738469125539
0.05025125628140704,9.908163265306122,2.127063668854831,1.8500073473031022,75.26806102740834
0.05527638190954774,9.908163265306122,2.5166582640107586,1.8196246088534724,79.69670033393228
0.06030150753768844,9.908163265306122,2.9270757362958535,1.7865650056899987,83.55775669958246
0.06532663316582915,9.908163265306122,3.355471836400931,1.7507853115879,86.85263176101704
0.07035175879396985,9.908163265306122,3.7989974759034397,1.7121853438765369,89.57606378359202
0.07537688442211055,9.908163265306122,4.254793447836046,1.6706186385581325,91.73255960620897
0.08040201005025126,9.908163265306122,4.719990116477163,1.625867155119618,93.31572411228429
0.08542713567839195,9.908163265306122,5.191700150875407,1.577590743407796,94.32355375941955
0.09045226130653267,9.908163265306122,5.667011039554899,1.525312237173036,94.74500685443522
0.09547738693467336,9.908163265306122,6.142956039122918,1.4682690203149313,94.57731783815551
0.10050251256281408,9.908163265306122,6.616471719640383,1.4052141616180884,93.78087684834024
0.10552763819095477,9.908163265306122,7.0842994441101395,1.334039499182177,92.2892073049941
0.11055276381909548,9.908163265306122,7.542657148538929,1.2506286112161191,90.01019533505404
0.11557788944723618,9.908163265306122,7.986068796600048,1.1456237698278102,86.10247180559044
0.12060301507537688,9.908163265306122,8.4007798224939,0.9923524855232694,77.26994055915
0.12562814070351758,9.908163265306122,8.723414420332888,0.7201723736398258,45.95364541632849
0.1306532663316583,9.908163265306122,8.87371239894077,0.3427911155787366,18.816263575989367
0.135678391959799,9.908163265306122,8.939188133982041,-0.03839351723456426,9.436661230386873
0.1407035175879397,9.908163265306122,8.97715193905065,-0.39905586766817136,6.122806283032105
0.1457286432160804,9.908163265306122,9.004122320697364,-0.7335402531274197,4.7861119291626295
0.1507537688442211,9.908163265306122,9.026101438307299,-1.0383932691586835,4.09127878728642
0.15577889447236182,9.908163265306122,9.046040187550725,-1.3105537855936518,3.9297782610061778
0.16080402010050251,9.908163265306122,9.066019438234473,-1.5470110956232321,4.165192271389089
0.1658291457286432,9.908163265306122,9.088488090888099,-1.7446091690655363,5.072856055664725
0.1708542713567839,9.908163265306122,9.11841418750663,-1.8992666558241307,7.490598406871364
0.17587939698492464,9.908163265306122,9.17292070851022,-1.9965163578113148,14.893815739094881
0.18090452261306533,9.908163265306122,9.23629812243383,-2.014034593710621,8.406734702683982
0.18592964824120603,9.908163265306122,9.254719814641911,-2.0144150430324514,1.6964424770193998
0.19095477386934673,9.908163265306122,9.287878450607284,-2.0135712326720494,11.406686990365195
0.19597989949748743,9.908163265306122,9.368417309427008,-2.0089284157449248,20.559473872466565
0.20100502512562815,9.908163265306122,9.493630002572946,-2.000619872232877,29.18736069359623
0.20603015075376885,9.908163265306122,9.660864881437968,-1.989343647316843,37.28303030276401
0.21105527638190955,9.908163265306122,9.867438837032468,-1.9752600697481377,44.844474884736485
0.21608040201005024,9.908163265306122,10.110663562111935,-1.9584662513106776,51.871068600995414
0.22110552763819097,9.908163265306122,10.387850619884102,-1.9390248345105205,58.361306330244744
0.22613065326633167,9.908163265306122,10.696309485046237,-1.9169826198731552,64.316330099679
0.23115577889447236,9.908163265306122,11.03335006486638,-1.8923918579474688,69.73511195049558
0.23618090452261306,9.908163265306122,11.396274835288072,-1.8652651779695508,74.61820087813938
0.24120603015075376,9.908163265306122,11.782390286882343,-1.835613229226198,78.96708780825648
0.24623115577889448,9.908163265306122,12.188995219873256,-1.8034076738468399,82.77286127136416
0.25125628140703515,9.908163265306122,12.613385264488377,-1.768615405986276,86.04306231304318
0.2562814070351759,9.908163265306122,13.052859923837952,-1.7311490142517796,88.77902185203375
0.2613065326633166,9.908163265306122,13.504701409991732,-1.6908837886897918,90.9671370685949
0.2663316582914573,9.908163265306122,13.966192220117465,-1.647651771226575,92.61290507848247
0.271356783919598,9.908163265306122,14.434584233934764,-1.6011671902865672,93.71511572373578
0.27638190954773867,9.908163265306122,14.907128121762376,-1.5510280601813125,94.2636732066824
0.2814070351758794,9.908163265306122,15.381031016142542,-1.4966515099275932,94.26173595727259
0.2864321608040201,9.908163265306122,15.853421076609578,-1.4370792730401367,93.66456871825832
0.2914572864321608,9.908163265306122,16.3213098028457,-1.370737068113461,92.4500273668471
0.2964824120603015,9.908163265306122,16.781390581639528,-1.2947676889708228,90.5223969331588
0.3015075376884422,9.908163265306122,17.22949467798926,-1.2033257195896607,87.58935429810946
0.3065326633165829,9.908163265306122,17.658118398299912,-1.0817268742218527,82.53242115340841
0.31155778894472363,9.908163265306122,18.039985904330422,-0.8851205725836528,65.91509859554121
0.3165829145728643,9.908163265306122,18.27892756821341,-0.5527134103821354,29.17224341897126
0.32160804020100503,9.908163265306122,18.377593799825043,-0.1711793594681101,13.224462240710377
0.32663316582914576,9.908163265306122,18.426957976240573,0.1978663414350703,7.682396494319326
0.3316582914572864,9.908163265306122,18.458713404592213,0.543739743962698,5.41048937070252
0.33668341708542715,9.908163265306122,18.48283516092025,0.86241668558678,4.342842441883103
0.3417085427135678,9.908163265306122,18.503452468617922,1.1508374203253657,3.8950463439204093
0.34673366834170855,9.908163265306122,18.52291708081081,1.4061195026624758,3.900596133396351
0.35175879396984927,9.908163265306122,18.54326396360331,1.6253883243253384,4.307474921580264
0.35678391959798994,9.908163265306122,18.567210006540407,1.8054944640774564,5.556269147873382
0.36180904522613067,9.908163265306122,18.602206896264782,1.9413009545149464,9.436770442531536
0.36683417085427134,9.908163265306122,18.66701077639931,2.008286855590611,14.031774707602155
0.37185929648241206,9.908163265306122,18.716572844115255,2.014367626984021,5.156196491216922
0.3768844221105528,9.908163265306122,18.729139212768274,2.0143837988552176,4.787121448959185
0.38190954773869346,9.908163265306122,18.777387834907053,2.0125873537500216,14.320974984272716
0.3869346733668342,9.908163265306122,18.872152508363946,2.006675169889717,23.308917366070993
0.39195979899497485,9.908163265306122,19.01076869114315,1.9974057043915223,31.771917397981216
0.3969849246231156,9.908163265306122,19.19057258905841,1.9852411580982878,39.70110277309133
0.4020100502512563,9.908163265306122,19.40887964224363,1.9703058031267124,47.09573942775094
0.40703517587939697,9.908163265306122,19.662997366610636,1.952675395935626,53.95526149660962
0.4120603015075377,9.908163265306122,19.950242791514036,1.9324189512570977,60.27812077760644
0.41708542713567837,9.908163265306122,20.267915675257793,1.9095792109873344,66.06755706256335
0.4221105527638191,9.908163265306122,20.613331540195077,1.8841950802899385,71.31926914825789
0.4271356783919598,9.908163265306122,20.983788617573065,1.8562792274302022,76.03311581329754
0.4321608040201005,9.908163265306122,21.37659871680498,1.8258325698916993,80.21407836496958
0.4371859296482412,9.908163265306122,21.789054752123395,1.7928219911521799,83.85509422595975
0.44221105527638194,9.908163265306122,22.21846436789827,1.7572020560449824,86.9586896724081
0.4472361809045226,9.908163265306122,22.662104810017603,1.7188775283813538,89.51703046754803
0.45226130653266333,9.908163265306122,23.117255549820428,1.677709523112685,91.53792875864384
0.457286432160804,9.908163265306122,23.581203340090138,1.6334948641659819,93.01839209252495
0.4623115577889447,9.908163265306122,24.05119929692657,1.58592021235645,93.94752053446554
0.46733668341708545,9.908163265306122,24.524467065512276,1.534533785819626,94.330280602243
0.4723618090452261,9.908163265306122,24.998207614377925,1.478652491667477,94.12622365455363
0.47738693467336685,9.908163265306122,25.46952372956403,1.4171705858585568,93.3622879142774
0.4824120603015075,9.908163265306122,25.935344103720475,1.3482291209338944,91.92567157685568
0.48743718592964824,9.908163265306122,26.392200720228143,1.268300549857029,89.73404085129165
0.49246231155778897,9.908163265306122,26.83535488296997,1.169758564411877,86.41192878659787
0.49748743718592964,9.908163265306122,27.254461195409284,1.0320207426539958,79.3530551905964
0.5025125628140703,9.908163265306122,27.604605859907135,0.7949182419361285,54.26353619782799
0.507537688442211,9.908163265306122,27.788430924052268,0.43384066789509046,22.8452506093299
0.5125628140703518,9.908163265306122,27.865338183366042,0.0537931493102177,10.700393378313112
0.5175879396984925,9.908163265306122,27.90739611515748,-0.3085984009915055,6.611926480803611
0.5226130653266332,9.908163265306122,27.936116427853044,-0.6463196516532026,4.9370068341551345
0.5276381909547738,9.908163265306122,27.95881518484905,-0.9558458357526329,4.165868878594935
0.5326633165829145,9.908163265306122,27.978862214663376,-1.2342213166962894,3.8329298252315125
0.5376884422110553,9.908163265306122,27.99836052739575,-1.478558671626535,3.903091988273605
0.542713567839196,9.908163265306122,28.01944732616978,-1.6859419480613733,4.533475991721429
0.5477386934673367,9.908163265306122,28.045619314486704,-1.8529735720557798,6.098006672765231
0.5527638190954773,9.908163265306122,28.087917915065606,-1.9720344474387135,11.944058349528657
0.5577889447236181,9.908163265306122,28.15650746798742,-2.01246403979644,11.658160683813401
0.5628140703517588,9.908163265306122,28.19140603283138,-2.0144148123956658,2.065388303796734
0.5678391959798995,9.908163265306122,28.208212755499744,-2.0142046342449995,7.83028232015485
0.5728643216080402,9.908163265306122,28.2713051059809,-2.011173348432846,17.187781837227796
0.5778894472361809,9.908163265306122,28.380065409753666,-2.0041100517191612,26.012329834355484
0.5829145728643216,9.908163265306122,28.531847702346393,-1.9939160360817783,34.30846359475519
0.5879396984924623,9.908163265306122,28.72397823873682,-1.9808761554543175,42.070408012136056
0.592964824120603,9.908163265306122,28.95377003186802,-1.9650872048922794,49.29705000630681
0.5979899497487438,9.908163265306122,29.21853110666734,-1.9466332223623,55.98918131418784
0.6030150753768844,9.908163265306122,29.515573629028438,-1.925562490534124,62.14426371567415
0.6080402010050251,9.908163265306122,29.842205411576007,-1.9019274064460199,67.76541067687414
0.6130653266331658,9.908163265306122,30.19573944167388,-1.8757510920690579,72.84951053752933
0.6180904522613065,9.908163265306122,30.573475894655605,-1.8470431097962887,77.3961123209917
0.6231155778894473,9.908163265306122,30.972712339697924,-1.8158021128086785,81.40942853235177
0.628140703517588,9.908163265306122,31.390748581412883,-1.7819815698974835,84.88077652435543
0.6331658291457286,9.908163265306122,31.824879621208375,-1.7455352908531772,87.81612112035275
0.6381909547738693,9.908163265306122,32.27239890524116,-1.7063346884521096,90.20808041887545
0.6432160804020101,9.908163265306122,32.730589007392744,-1.6642448425597687,92.06402835087573
0.6482412060301508,9.908163265306122,33.1967149491037,-1.6190130633566018,93.36438199812503
0.6532663316582915,9.908163265306122,33.66801682066334,-1.570314103330867,94.12889218186413
0.6582914572864321,9.908163265306122,34.14173265552134,-1.517618130632069,94.32893080858312
0.6633165829145728,9.908163265306122,34.615040466411834,-1.4601251545393277,93.95554294652024
0.6683417085427136,9.908163265306122,35.084960035594015,-1.3965718533826081,92.974036066916
0.6733668341708543,9.908163265306122,35.54837557043929,-1.3246972731015223,91.3322678940606
0.678391959798995,9.908163265306122,36.001572203139084,-1.2400928933628959,88.86003520272934
0.6834170854271356,9.908163265306122,36.438883114779514,-1.1326848386473338,84.83664117169671
0.6884422110552764,9.908163265306122,36.84497985105192,-0.9731431062138012,74.8507665453716
0.6934673366834171,9.908163265306122,37.15022993761069,-0.6904649717044286,41.74637600592515
0.6984924623115578,9.908163265306122,37.28819044901092,-0.31424466254044675,16.984964156678092
0.7035175879396985,9.908163265306122,37.34999264393897,0.06165996424918091,8.985761845174345
0.7085427135678392,9.908163265306122,37.3866175622999,0.41681557379945494,6.106779033112724
0.7135678391959799,9.908163265306122,37.41294676060032,0.7460805034095109,4.662931894122484
0.7185929648241206,9.908163265306122,37.43454357134702,1.0461936049485614,4.029057472017597
0.7236180904522613,9.908163265306122,37.454212686971886,1.3142507969320745,3.8835252182706657
0.7286432160804021,9.908163265306122,37.47394100975401,1.5473963583575467,4.086631327184607
0.7336683417085427,9.908163265306122,37.49608492424971,1.742628545351079,4.989637356678857
0.7386934673366834,9.908163265306122,37.5253808185154,1.896085746331856,7.369174550998343
0.7437185929648241,9.908163265306122,37.57801663916785,1.9944863371022825,14.428713379239165
0.7487437185929648,9.908163265306122,37.64197803368832,2.0139234013709966,8.787520755375034
0.7537688442211056,9.908163265306122,37.66218734059558,2.014416231755606,1.061436822717353
0.7587939698492462,9.908163265306122,37.692243141687506,2.0137173870629286,10.807306678199295
0.7638190954773869,9.908163265306122,37.76985544272917,2.0093441547985393,19.99390570154176
0.7688442211055276,9.908163265306122,37.89231066331605,2.0012379265368394,28.65555843405759
0.7738693467336684,9.908163265306122,38.05695870664129,1.990141891244454,36.78533314517078
0.7788944723618091,9.908163265306122,38.261116104966604,1.9762363027691203,44.38038748002001
0.7839195979899497,9.908163265306122,38.50209721048927,1.9596099877315578,51.44033587196487
0.7889447236180904,9.908163265306122,38.77721008986206,1.9403324130054296,57.966197246583306
0.7939698492462312,9.908163265306122,39.083763801115595,1.9184579115988845,63.954142422494634
0.7989949748743719,9.908163265306122,39.419075516872105,1.8940262890452806,69.40736677874204
0.8040201005025126,9.908163265306122,39.780434842007814,1.867061042394977,74.32595900881218
0.8090452261306532,9.908163265306122,40.16515541168289,1.8375693268282527,78.70432746550074
0.8140703517587939,9.908163265306122,40.570539521478004,1.805531899050531,82.54757034444066
0.8190954773869347,9.908163265306122,40.993888585253465,1.770902220124643,85.85200104792723
0.8241206030150754,9.908163265306122,41.432485603435936,1.7336038373855591,88.61724983256927
0.8291457286432161,9.908163265306122,41.88363266638837,1.69352453461639,90.84203489114427
0.8341708542713567,9.908163265306122,42.34458734659593,1.6504804017952135,92.52682085467626
0.8391959798994975,9.908163265306122,42.81263184563025,1.6042096027925938,93.66295083173057
0.8442211055276382,9.908163265306122,43.28501599245651,1.5543295834428217,94.2442351509834
0.8492462311557789,9.908163265306122,43.75892489817751,1.500235744606639,94.26594111579784
0.8542713567839196,9.908163265306122,44.23149541766662,1.4410268681280987,93.71005855528139
0.8592964824120602,9.908163265306122,44.69977396521811,1.3751737106660857,92.53997856511579
0.864321608040201,9.908163265306122,45.160446012011576,1.29995426499386,90.6962529118434
0.8693467336683417,9.908163265306122,45.60946035670837,1.2097851609604005,87.86035280596559
0.8743718592964824,9.908163265306122,46.03974140574398,1.090882122073065,82.88803680492681
0.8793969849246231,9.908163265306122,46.42662002196095,0.901487034484002,67.28375056594318
0.8844221105527639,9.908163265306122,46.67706122114157,0.5765011122586182,31.64038055146581
0.8894472361809045,9.908163265306122,46.78127546968382,0.1951805473064643,13.355165465721432
0.8944723618090452,9.908163265306122,46.83241596681514,-0.17511761142762627,7.7590658999497215
0.8994974874371859,9.908163265306122,46.864895197623234,-0.5226031737186849,5.420825359401901
0.9045226130653267,9.908163265306122,46.88933590667607,-0.843093423808864,4.43397361298631
0.9095477386934674,9.908163265306122,46.91010034131824,-1.1335256034686767,3.9467773101407992
0.914572864321608,9.908163265306122,46.929593331883524,-1.391004625404071,3.8328745962076742
0.9195979899497487,9.908163265306122,46.949776310426444,-1.6126564999972814,4.359320634753398
0.9246231155778895,9.908163265306122,46.97341440685082,-1.795354606378354,5.381052052920734
0.9296482412060302,9.908163265306122,47.00723168844967,-1.934278822712434,8.822468946677514
0.9346733668341709,9.908163265306122,47.070354111480036,-2.0068074015858177,14.399739415807293
0.9396984924623115,9.908163265306122,47.12273040001044,-2.014337189872809,5.7766998783637815
0.9447236180904522,9.908163265306122,47.142493739286905,-2.0143006335475926,10.59943830111076
0.949748743718593,9.908163265306122,47.25308331404486,-2.0084438438695162,32.640831851524894
0.9547738693467337,9.908163265306122,47.46287205624506,-1.9944264413789865,50.089489820677194
0.9597989949748744,9.908163265306122,47.74878289332253,-1.9749771884381653,62.935700401525864
0.964824120603015,9.908163265306122,48.087666957744915,-1.951504616188678,71.17449079878756
0.9698492462311558,9.908163265306122,48.45637936705237,-1.9254044685215306,74.80644340904068
0.9748743718592965,9.908163265306122,48.83178589316915,-1.8981863124938778,73.83648692194515
0.9798994974874372,9.908163265306122,49.19074998359471,-1.8715115056427618,68.2651484427441
0.9849246231155779,9.908163265306122,49.510154826799905,-1.8471879939265483,58.09189252384048
0.9899497487437185,9.908163265306122,49.766893162451495,-1.827211515275915,43.32354496425949
0.9949748743718593,9.908163265306122,49.93787234167598,-1.8136830026138502,23.959842773262686
1.0,9.908163265306122,50.0,-1.8087240853298392,1.3004249071125572e-14
0.0,9.928571428571429,0.0,2.0,0.0
0.005025125628140704,9.928571428571429,0.025508957153025452,1.999487033275045,10.05508832626935
0.010050251256281407,9.928571428571429,0.10006397471112768,1.99541744098286,19.523090939476077
0.01507537688442211,9.928571428571429,0.2208002832282618,1.987379678273892,28.438160107026498
0.020100502512562814,9.928571428571429,0.3849423527201001,1.9762129370794785,36.79722131880158
0.02512562814070352,9.928571428571429,0.5896804998651093,1.9621277535223043,44.59520794884415
0.03015075376884422,9.928571428571429,0.8321976289195848,1.9452275212414651,51.83314673831252
0.035175879396984924,9.928571428571429,1.1096736696362217,1.925573427446302,58.50845657575326
0.04020100502512563,9.928571428571429,1.4192874405694482,1.9032261641340258,64.62508586129542
0.04522613065326633,9.928571428571429,1.7582172363046573,1.8782241831231485,70.17720376574945
0.05025125628140704,9.928571428571429,2.123637359581119,1.8505960307932054,75.16827353399394
0.05527638190954774,9.928571428571429,2.512722441675867,1.820329167340665,79.5936136437325
0.06030150753768844,9.928571428571429,2.9226422622234143,1.7874124468415835,83.45870639902887
0.06532663316582915,9.928571428571429,3.350561655109668,1.7517801407585076,86.75803636004989
0.07035175879396985,9.928571428571429,3.793641696029847,1.7133400849122886,89.4957718652233
0.07537688442211055,9.928571428571429,4.2490356000745955,1.6719572678848915,91.66373360059914
0.08040201005025126,9.928571428571429,4.713886871127995,1.627404691360866,93.2534200707679
0.08542713567839195,9.928571428571429,5.185318518585864,1.579368244251584,94.28032376302392
0.09045226130653267,9.928571428571429,5.660426842443465,1.5273630178071935,94.7170209382768
0.09547738693467336,9.928571428571429,6.136261738444804,1.4706559568250617,94.55883256435918
0.10050251256281408,9.928571428571429,6.609780057852842,1.4080342690242664,93.80482896968482
0.10552763819095477,9.928571428571429,7.077740291344265,1.3374382224281633,92.33699114628998
0.11055276381909548,9.928571428571429,7.536418566030655,1.2549164206212788,90.07331043999974
0.11557788944723618,9.928571428571429,7.980513165464159,1.151569396609081,86.3904310636562
0.12060301507537688,9.928571428571429,8.397150974731705,1.0021849852365863,78.26305996214772
0.12562814070351758,9.928571428571429,8.727457890604626,0.7380421835139424,48.71564992428228
0.1306532663316583,9.928571428571429,8.884917046846677,0.36307876078711143,18.726820730668457
0.135678391959799,9.928571428571429,8.95264377335958,-0.018590649147310775,9.604172758733213
0.1407035175879397,9.928571428571429,8.991407176157622,-0.3802292539762003,6.24639753442104
0.1457286432160804,9.928571428571429,9.018685842923013,-0.7159321147871095,4.760821821581381
0.1507537688442211,9.928571428571429,9.040787834826578,-1.022216828028029,4.104861287127995
0.15577889447236182,9.928571428571429,9.060724753171684,-1.2960223450908048,3.8627233629424
0.16080402010050251,9.928571428571429,9.080588533943308,-1.534356445584247,4.0148293405613975
0.1658291457286432,9.928571428571429,9.102729116066142,-1.7340969777510205,4.877581862293626
0.1708542713567839,9.928571428571429,9.131853703051688,-1.8913001518476251,6.975298834678923
0.17587939698492464,9.928571428571429,9.18400084146776,-1.9931051064663168,14.33167567583494
0.18090452261306533,9.928571428571429,9.249086537785114,-2.0138719144651045,8.991764266610707
0.18592964824120603,9.928571428571429,9.26972663439921,-2.014393315831952,1.0797220890168713
0.19095477386934673,9.928571428571429,9.29982454865392,-2.0136966793013533,10.806194474835685
0.19597989949748743,9.928571428571429,9.3773871682886,-2.0093335980705884,19.975105412092557
0.20100502512562815,9.928571428571429,9.49970835324563,-2.00125260843881,28.62107961250974
0.20603015075376885,9.928571428571429,9.664147997244916,-1.990193924583922,36.73737754532413
0.21105527638190955,9.928571428571429,9.868033027798527,-1.9763354839434388,44.32041497513242
0.21608040201005024,9.928571428571429,10.10868532191638,-1.9597677033620728,51.37056964216985
0.22110552763819097,9.928571428571429,10.383425830152122,-1.9405580493424386,57.887983893155116
0.22613065326633167,9.928571428571429,10.689575034108536,-1.9187658556059675,63.87040129381566
0.23115577889447236,9.928571428571429,11.024450961098138,-1.8944248776280501,69.32003277977331
0.23618090452261306,9.928571428571429,11.385365765489189,-1.86755853730604,74.2343019503873
0.24120603015075376,9.928571428571429,11.769633412987725,-1.8381713501473025,78.6156855757982
0.24623115577889448,9.928571428571429,12.174567265342548,-1.8062565530010228,82.45868940424334
0.25125628140703515,9.928571428571429,12.597472964232335,-1.77176513815962,85.76725261128604
0.2562814070351759,9.928571428571429,13.03566031535253,-1.7346147252743462,88.54053681648429
0.2613065326633166,9.928571428571429,13.486420402386475,-1.6947028631340308,90.77096276767959
0.2663316582914573,9.928571428571429,13.947040474236797,-1.6518495566214824,92.46911265789701
0.271356783919598,9.928571428571429,14.414800534602678,-1.6057863587625067,93.6128442944718
0.27638190954773867,9.928571428571429,14.886952865883027,-1.556151308148205,94.20901539279791
0.2814070351758794,9.928571428571429,15.360713033600335,-1.5023467190920219,94.24785293328888
0.2864321608040201,9.928571428571429,15.83324275423814,-1.4434940920292803,93.71209436228186
0.2914572864321608,9.928571428571429,16.301576841139713,-1.3781115037561618,92.56516147631112
0.2964824120603015,9.928571428571429,16.7624804774175,-1.3035490250879653,90.7289729497641
0.3015075376884422,9.928571428571429,17.2119464940444,-1.2144612480513872,87.93039075693287
0.3065326633165829,9.928571428571429,17.643173741305016,-1.0977636915759852,83.05258227965417
0.31155778894472363,9.928571428571429,18.033416907799698,-0.9139137212501823,69.07363835539934
0.3165829145728643,9.928571428571429,18.292810335227724,-0.5953813918074135,32.60518539178253
0.32160804020100503,9.928571428571429,18.401506249903985,-0.21466103357467306,13.80804137801519
0.32663316582914576,9.928571428571429,18.45404095842102,0.15636134233811422,7.918708236739161
0.3316582914572864,9.928571428571429,18.48706763461819,0.5048678932001543,5.534390191196391
0.33668341708542715,9.928571428571429,18.511724867243,0.8265919658670505,4.440977784559209
0.3417085427135678,9.928571428571429,18.53255929397134,1.1184395867350418,3.95158052012215
0.34673366834170855,9.928571428571429,18.552016989630022,1.3775460866396176,3.846693241691953
0.35175879396984927,9.928571428571429,18.572036360237515,1.6010367032681425,4.302822922257855
0.35678391959798994,9.928571428571429,18.59528596382872,1.7858475688470823,5.352379454753235
0.36180904522613067,9.928571428571429,18.62801709662194,1.9274045427717474,8.656070996837913
0.36683417085427134,9.928571428571429,18.689219796862993,2.0051059625116263,14.615699708403158
0.37185929648241206,9.928571428571429,18.74403002763286,2.0142721386279043,6.34845115532384
0.3768844221105528,9.928571428571429,18.75754945693702,2.0143837843357244,3.5642280582727968
0.38190954773869346,9.928571428571429,18.799782511261725,2.013017078177524,13.149583011405577
0.3869346733668342,9.928571428571429,18.88878489213863,2.0076165316859913,22.186627903973996
0.39195979899497485,9.928571428571429,19.021889104679875,1.9987560213475717,30.70080572967228
0.3969849246231156,9.928571428571429,19.196445235396773,1.986986873355038,38.68355737502353
0.4020100502512563,9.928571428571429,19.409778312473023,1.9724472559488895,46.13374333846968
0.40703517587939697,9.928571428571429,19.65920992463702,1.9552100003866026,53.05040636677573
0.4120603015075377,9.928571428571429,19.942061275259668,1.9353475153723443,59.43412273197685
0.41708542713567837,9.928571428571429,20.255651106052706,1.9129159674588534,65.28365994988037
0.4221105527638191,9.928571428571429,20.597290425491163,1.8879419122043095,70.59984362256456
0.4271356783919598,9.928571428571429,20.964302026432986,1.8604462759397298,75.38019805051935
0.4321608040201005,9.928571428571429,21.35399140825267,1.8304266428018452,79.62731894969545
0.4371859296482412,9.928571428571429,21.76367185748994,1.797874001935988,83.3366581993196
0.44221105527638194,9.928571428571429,22.19065141867561,1.762727837156742,86.51131960085185
0.4472361809045226,9.928571428571429,22.632237292154343,1.724899404292345,89.15228348011757
0.45226130653266333,9.928571428571429,23.085710941765928,1.6842679208482192,91.24752904731314
0.457286432160804,9.928571428571429,23.548382703156793,1.6406432936964817,92.80120881876567
0.4623115577889447,9.928571428571429,24.017503101825554,1.5937295517125476,93.8119905923832
0.46733668341708545,9.928571428571429,24.490311991029188,1.5431103947583331,94.28267854730512
0.4723618090452261,9.928571428571429,24.96402093473635,1.4881530358063848,94.16963503424981
0.47738693467336685,9.928571428571429,25.435779836486603,1.4278319835731035,93.48522168251263
0.4824120603015075,9.928571428571429,25.902575804497975,1.3604697529516092,92.19547718485065
0.48743718592964824,9.928571428571429,26.361036033568002,1.2829529462550853,90.12987499974851
0.49246231155778897,9.928571428571429,26.806810414582436,1.1887062690941457,87.04626584644589
0.49748743718592964,9.928571428571429,27.23132770916726,1.060816031677431,81.00574758367657
0.5025125628140703,9.928571428571429,27.600628958161085,0.8476554677972468,61.88300647427086
0.507537688442211,9.928571428571429,27.81456051340642,0.5012168921450191,26.85640241533674
0.5125628140703518,9.928571428571429,27.902596481868173,0.1201719691492367,11.861869679476468
0.5175879396984925,9.928571428571429,27.948399572117204,-0.24579046485779413,7.09713699428664
0.5226130653266332,9.928571428571429,27.978686744607792,-0.5879197717178235,5.249930214482068
0.5276381909547738,9.928571428571429,28.002092560756786,-0.9024520380597477,4.252209119128277
0.5326633165829145,9.928571428571429,28.022385988443233,-1.1863778237697835,3.8687526201565894
0.5376884422110553,9.928571428571429,28.04178407659512,-1.4368456774150187,3.85259943151538
0.542713567839196,9.928571428571429,28.062332170264547,-1.6509870561311364,4.4609294744276795
0.5477386934673367,9.928571428571429,28.087061990518983,-1.8255488975389025,5.668118425441506
0.5527638190954773,9.928571428571429,28.12458206736743,-1.9546933465567806,9.983552957110872
0.5577889447236181,9.928571428571429,28.191708780303482,-2.0104675295673546,13.19657548072807
0.5628140703517588,9.928571428571429,28.235384869658954,-2.0143778458485433,3.903808466451471
0.5678391959798995,9.928571428571429,28.248480668367872,-2.0143172068754933,6.014182549857582
0.5728643216080402,9.928571428571429,28.30266873856883,-2.0120571653943715,15.457993247985064
0.5778894472361809,9.928571428571429,28.402943000972332,-2.0056899448832133,24.364570483804343
0.5829145728643216,9.928571428571429,28.54665977129748,-1.9960800145497029,32.746315293745894
0.5879396984924623,9.928571428571429,28.73115838462583,-1.9836093686650513,40.59649077908636
0.592964824120603,9.928571428571429,28.953766089568447,-1.9683889220878223,47.912550111285114
0.5979899497487438,9.928571428571429,29.211800059775946,-1.9504930263992801,54.69578730180987
0.6030150753768844,9.928571428571429,29.502579860172705,-1.9299820215928079,60.94523935198747
0.6080402010050251,9.928571428571429,29.82342982744063,-1.906911855704595,66.66229657214735
0.6130653266331658,9.928571428571429,30.171654861781263,-1.8813062773960079,71.84492502264189
0.6180904522613065,9.928571428571429,30.54458520496924,-1.8531834313138098,76.49095865689638
0.6231155778894473,9.928571428571429,30.939522276922755,-1.8225307597214888,80.60355669677465
0.628140703517588,9.928571428571429,31.35378090217507,-1.789336753536955,84.17919683312466
0.6331658291457286,9.928571428571429,31.784661387076106,-1.7535269740716024,87.21914040346627
0.6381909547738693,9.928571428571429,32.22947136140016,-1.7150207523705223,89.72345557812808
0.6432160804020101,9.928571428571429,32.68549653388486,-1.6736624320534068,91.68481785213987
0.6482412060301508,9.928571428571429,33.150033741575854,-1.6292354364906834,93.10666049247054
0.6532663316582915,9.928571428571429,33.62033469822405,-1.5814495091700436,93.98470405357509
0.6582914572864321,9.928571428571429,34.09362852359215,-1.5298127291514227,94.30599920653835
0.6633165829145728,9.928571428571429,34.56712789452019,-1.4736318409378502,94.0524696408556
0.6683417085427136,9.928571428571429,35.03793341293033,-1.4117506085131437,93.23721140267186
0.6733668341708543,9.928571428571429,35.50298309667082,-1.3422256635714633,91.73917614759243
0.678391959798995,9.928571428571429,35.958735102272435,-1.2613707976862203,89.47074449347032
0.6834170854271356,9.928571428571429,36.400315173010604,-1.1610378768039928,85.89996804378043
0.6884422110552764,9.928571428571429,36.81648521506469,-1.0189268072992472,78.36165907571444
0.6934673366834171,9.928571428571429,37.156874911106506,-0.7713652555616863,51.900641150328205
0.6984924623115578,9.928571428571429,37.328623295114824,-0.4057684732723212,20.89651363408171
0.7035175879396985,9.928571428571429,37.40131096637912,-0.02678800858976756,10.118170861077841
0.7085427135678392,9.928571428571429,37.44187181156278,0.3337144727114631,6.607320595719471
0.7135678391959799,9.928571428571429,37.46991258597327,0.6692532568815136,4.841269425418729
0.7185929648241206,9.928571428571429,37.4922799948728,0.976409536220684,4.121100193262734
0.7236180904522613,9.928571428571429,37.51216830217266,1.2522572440614066,3.8134102935653025
0.7286432160804021,9.928571428571429,37.53164779919008,1.4939427795977935,3.9194479655118544
0.7336683417085427,9.928571428571429,37.55288430570075,1.6985261484166199,4.599474189123998
0.7386934673366834,9.928571428571429,37.579528174523716,1.8625231637086146,6.345495408313009
0.7437185929648241,9.928571428571429,37.62371574783166,1.97756224243988,12.201962365687399
0.7487437185929648,9.928571428571429,37.69198634464245,2.012898458040047,11.077564385073861
0.7537688442211056,9.928571428571429,37.72374560480529,2.0143937543534953,1.4283526697368372
0.7587939698492462,9.928571428571429,37.74255538387475,2.014111185324514,8.425398216534116
0.7638190954773869,9.928571428571429,37.80850494409318,2.010818029267751,17.730641214512197
0.7688442211055276,9.928571428571429,37.91987456957393,2.003562112879474,26.507692760254688
0.7738693467336684,9.928571428571429,38.074028665844516,1.9932228729120234,34.75694705445194
0.7788944723618091,9.928571428571429,38.268299067322,1.980057186767642,42.47409164329754
0.7839195979899497,9.928571428571429,38.50001076274379,1.964156239033333,49.657733536482944
0.7889447236180904,9.928571428571429,38.766478177156124,1.9456061210077429,56.30830173903194
0.7939698492462312,9.928571428571429,39.065027945594,1.9244510425966173,62.424257145201274
0.7989949748743719,9.928571428571429,39.39297236358386,1.9007452867756225,68.00795714280493
0.8040201005025126,9.928571428571429,39.747629002038465,1.874509855270035,73.05670110484178
0.8090452261306532,9.928571428571429,40.126313994957705,1.845754602689592,77.5694577236966
0.8140703517587939,9.928571428571429,40.526342290263756,1.814470503482326,81.55110543635112
0.8190954773869347,9.928571428571429,40.94501856790038,1.78062393820073,84.99104111284875
0.8241206030150754,9.928571428571429,41.37964630847346,1.744152765571836,87.90119299409277
0.8291457286432161,9.928571428571429,41.827523101253064,1.7049421934419333,90.2641226214811
0.8341708542713567,9.928571428571429,42.285936899594084,1.6628422331495447,92.09633780929859
0.8391959798994975,9.928571428571429,42.752170636990996,1.6176148341505254,93.3748143947434
0.8442211055276382,9.928571428571429,43.22349377419547,1.5689111467257983,94.12047343446426
0.8492462311557789,9.928571428571429,43.69710578650728,1.51622248889345,94.30362761497136
0.8542713567839196,9.928571428571429,44.170204467582096,1.4587369169733604,93.90848830629112
0.8592964824120602,9.928571428571429,44.639871618035706,1.3951769641635032,92.91263153596073
0.864321608040201,9.928571428571429,45.10295465025408,1.3232719123830456,91.25765224716822
0.8693467336683417,9.928571428571429,45.55573588175316,1.2385771221433017,88.77807708213413
0.8743718592964824,9.928571428571429,45.99254599264894,1.130903775658293,84.65931345081492
0.8793969849246231,9.928571428571429,46.39777936698384,0.9705101543088143,74.36159445987815
0.8844221105527639,9.928571428571429,46.70074265028415,0.6862942161854135,41.25875899222509
0.8894472361809045,9.928571428571429,46.83700888993948,0.309978972167049,16.683003538596928
0.8944723618090452,9.928571428571429,46.89822439718358,-0.065459006511745,8.898928129535394
0.8994974874371859,9.928571428571429,46.93461003042666,-0.4200793078143948,5.9148577014981685
0.9045226130653267,9.928571428571429,46.96079854540607,-0.7487966256656307,4.602482961589611
0.9095477386934674,9.928571428571429,46.98231379019449,-1.0484024853062162,4.025518464588896
0.914572864321608,9.928571428571429,47.00192927016631,-1.3159648722412451,3.871810077816367
0.9195979899497487,9.928571428571429,47.02162180055335,-1.5486361494295657,4.153734438492401
0.9246231155778895,9.928571428571429,47.043715778202106,-1.7434376426562928,4.849145005897804
0.9296482412060302,9.928571428571429,47.072965001988926,-1.896504034143787,7.2496647422220235
0.9346733668341709,9.928571428571429,47.12551959220874,-1.9945639284229706,14.486365755502886
0.9396984924623115,9.928571428571429,47.18926494648615,-2.0139005644193673,8.746506552511136
0.9447236180904522,9.928571428571429,47.209837298248424,-2.014394101949982,2.895455469375202
0.949748743718593,9.928571428571429,47.28693820880734,-2.0112126884175496,26.959098034239126
0.9547738693467337,9.928571428571429,47.47263510924605,-1.999026096218883,46.142372620182186
0.9597989949748744,9.928571428571429,47.74253870867668,-1.9807843478369507,60.46819041658799
0.964824120603015,9.928571428571429,48.07220305687601,-1.958114574641235,69.92788507344578
0.9698492462311558,9.928571428571429,48.43717352853663,-1.9324908802174354,74.52015999184441
0.9748743718592965,9.928571428571429,48.813001473594944,-1.9054759047100258,74.24710113740464
0.9798994974874372,9.928571428571429,49.17523850014296,-1.8787896750213475,69.11305126883616
0.9849246231155779,9.928571428571429,49.49946554836106,-1.8543265359667354,59.11949964158962
0.9899497487437185,9.928571428571429,49.76127368694143,-1.8341378700719084,44.268770972238784
0.9949748743718593,9.928571428571429,49.936251051653436,-1.8204159913897169,24.56251047547639
1.0,9.928571428571429,50.0,-1.8153669991710515,0.0
0.0,9.948979591836734,0.0,2.0,0.0
0.005025125628140704,9.948979591836734,0.02545920250799261,1.999489043234536,10.035648667723622
0.010050251256281407,9.948979591836734,0.09987232972100844,1.9954353691079552,19.486415223154538
0.01507537688442211,9.948979591836734,0.2203851706193252,1.9874290349559804,28.386237490671906
0.020100502512562814,9.948979591836734,0.38423230079469645,1.9763058131342381,36.73207448708234
0.02512562814070352,9.948979591836734,0.5886140093815017,1.962275503211265,44.51886529650295
0.03015075376884422,9.948979591836734,0.8307235726516502,1.9454401564116754,51.74785336650984
0.035175879396984924,9.948979591836734,1.1077512588805107,1.9258632251681203,58.41596372160586
0.04020100502512563,9.948979591836734,1.4168866933558701,1.90360114554188,64.52711453899471
0.04522613065326633,9.948979591836734,1.7553173922120953,1.8786974602184936,70.07633101713749
0.05025125628140704,9.948979591836734,2.1202290903695586,1.8511775003861854,75.06718139526005
0.05527638190954774,9.948979591836734,2.5088053870377958,1.8210323277361367,79.49330387082234
0.06030150753768844,9.948979591836734,2.9182269972032566,1.7882481007721378,83.36187510630198
0.06532663316582915,9.948979591836734,3.3456706545748416,1.752762722689426,86.66653785525051
0.07035175879396985,9.948979591836734,3.78830807270237,1.714484076983783,89.41072675504854
0.07537688442211055,9.948979591836734,4.243301801502258,1.6732816164666957,91.58760899964193
0.08040201005025126,9.948979591836734,4.707806332244836,1.6289366380736376,93.19017049714016
0.08542713567839195,9.948979591836734,5.178956582771043,1.581131305666418,94.2287446569493
0.09045226130653267,9.948979591836734,5.653861105802112,1.529402131216985,94.68240345126615
0.09547738693467336,9.948979591836734,6.129585640136766,1.4730254582581612,94.55246463083989
0.10050251256281408,9.948979591836734,6.603096607248644,1.410816490756959,93.7999220214917
0.10552763819095477,9.948979591836734,7.071191610195685,1.3408046064413615,92.36840461668326
0.11055276381909548,9.948979591836734,7.5301881307659455,1.259151210610194,90.11797770288035
0.11557788944723618,9.948979591836734,7.974938513559058,1.1573603454292818,86.50564790139919
0.12060301507537688,9.948979591836734,8.393427183141489,1.0117685507130898,78.40872303000296
0.12562814070351758,9.948979591836734,8.73093345804156,0.7554804634991491,49.84512665852425
0.1306532663316583,9.948979591836734,8.895914375514167,0.38330443670378944,19.998147679772757
0.135678391959799,9.948979591836734,8.966048045175446,0.001213833897573119,9.964943611082717
0.1407035175879397,9.948979591836734,9.005624317211698,-0.36138510689967235,6.468906097439626
0.1457286432160804,9.948979591836734,9.033255654799845,-0.6982980100757596,4.792910421373471
0.1507537688442211,9.948979591836734,9.05548195621279,-1.0060033480524615,4.117841548421429
0.15577889447236182,9.948979591836734,9.07543097753553,-1.2814430407091675,3.8487017043248266
0.16080402010050251,9.948979591836734,9.095193791102513,-1.5216382170373208,3.9036707301826894
0.1658291457286432,9.948979591836734,9.117049545034543,-1.7234958638209907,4.545862518514454
0.1708542713567839,9.948979591836734,9.145410302187194,-1.8831898963391736,7.057707888948378
0.17587939698492464,9.948979591836734,9.195225976919948,-1.9893031706520226,13.641808283127395
0.18090452261306533,9.948979591836734,9.261701819171336,-2.0136676857202875,9.566440617370766
0.18592964824120603,9.948979591836734,9.284926776746902,-2.0143724953012847,0.4632631464854074
0.19095477386934673,9.948979591836734,9.311963054446338,-2.013806111975206,10.204450575373265
0.19597989949748743,9.948979591836734,9.386546000700795,-2.0097238108835986,19.390075475928473
0.20100502512562815,9.948979591836734,9.50596943290215,-2.0018715914420424,28.053296922849654
0.20603015075376885,9.948979591836734,9.667604643921063,-1.9910318376752336,36.18936388548551
0.21105527638190955,9.948979591836734,9.868789339677122,-1.9773947556104745,43.79392942343505
0.21608040201005024,9.948979591836734,10.1068555122862,-1.9610562738079078,50.86780186919777
0.22110552763819097,9.948979591836734,10.379133610955714,-1.9420814304781047,57.41159729254832
0.22613065326633167,9.948979591836734,10.682954354297175,-1.920528443945519,63.42087714432364
0.23115577889447236,9.948979591836734,11.015644193668821,-1.8964379914765994,68.90031418327696
0.23618090452261306,9.948979591836734,11.374527671102062,-1.8698320164626419,73.84642387452324
0.24120603015075376,9.948979591836734,11.756928177250192,-1.8407148002775249,78.25993610573187
0.24623115577889448,9.948979591836734,12.160171884115874,-1.8090865780661056,82.14083513885363
0.25125628140703515,9.948979591836734,12.581573044807426,-1.7748906056615303,85.4899385840476
0.2562814070351759,9.948979591836734,13.018443136840126,-1.7380651457611294,88.29701762451468
0.2613065326633166,9.948979591836734,13.468095422205458,-1.6985005253165473,90.57432040378949
0.2663316582914573,9.948979591836734,13.927825660129198,-1.6560168818117624,92.30745945271808
0.271356783919598,9.948979591836734,14.394919984563682,-1.6103847825986017,93.50334003271566
0.27638190954773867,9.948979591836734,14.866645882246825,-1.5612179211030122,94.15128747136643
0.2814070351758794,9.948979591836734,15.340239454704585,-1.5079899368022245,94.25022904916686
0.2864321608040201,9.948979591836734,15.812878783701974,-1.4498414492924228,93.7698413339157
0.2914572864321608,9.948979591836734,16.281627143928958,-1.3853875524085086,92.68428701774428
0.2964824120603015,9.948979591836734,16.743307165444577,-1.312165052434466,90.92347282588499
0.3015075376884422,9.948979591836734,17.19406146588343,-1.2252888345653963,88.25131961532735
0.3065326633165829,9.948979591836734,17.627669670233534,-1.1130871504189543,83.84152432823667
0.31155778894472363,9.948979591836734,18.025133559859277,-0.9408691770255904,71.80849240594233
0.3165829145728643,9.948979591836734,18.30465199227955,-0.6375256546104185,37.299771833908146
0.32160804020100503,9.948979591836734,18.4248304520913,-0.25843818280287734,15.188892877057299
0.32663316582914576,9.948979591836734,18.480938634015764,0.11442528677318985,8.33341094218718
0.3316582914572864,9.948979591836734,18.51533327440026,0.4655235527197566,5.6491841210080596
0.33668341708542715,9.948979591836734,18.5406116829186,0.7902819799345338,4.489583560563681
0.3417085427135678,9.948979591836734,18.561683218242056,1.0855518157910216,3.95797069356246
0.34673366834170855,9.948979591836734,18.581137665708514,1.3484641573939806,3.8727686097766427
0.35175879396984927,9.948979591836734,18.600922626232055,1.57618226115029,4.019933708329466
0.35678391959798994,9.948979591836734,18.62354057724435,1.765677229901517,5.011111444644731
0.36180904522613067,9.948979591836734,18.65437079787248,1.9127982709265419,7.917195913632029
0.36683417085427134,9.948979591836734,18.711479822736482,2.00077441974276,14.64310657092659
0.37185929648241206,9.948979591836734,18.771090579157335,2.014126836003915,7.540084284484502
0.3768844221105528,9.948979591836734,18.787094469921225,2.0143701676665953,2.322451523925613
0.38190954773869346,9.948979591836734,18.823216887974514,2.0133639452440053,11.960024554690337
0.3869346733668342,9.948979591836734,18.906368156408163,2.0084889468423253,21.04677430774944
0.39195979899497485,9.948979591836734,19.033872733274897,2.000045418990553,29.612524301799034
0.3969849246231156,9.948979591836734,19.203095450593267,1.9886747734954642,37.649474157151744
0.4020100502512563,9.948979591836734,19.411371531299324,1.9745288060211637,45.156746347128276
0.40703517587939697,9.948979591836734,19.656035333667607,1.9576919639050805,52.13062387239177
0.4120603015075377,9.948979591836734,19.93441203802995,1.9382283026706046,58.573996293415505
0.41708542713567837,9.948979591836734,20.243832602863982,1.9162005320861937,64.48647552456313
0.4221105527638191,9.948979591836734,20.581623955867855,1.8916339632012305,69.86732957712651
0.4271356783919598,9.948979591836734,20.945111052987706,1.8645615256734107,74.71372795824924
0.4321608040201005,9.948979591836734,21.331614808383264,1.8349759214904178,79.02622569942602
0.4371859296482412,9.948979591836734,21.73846233233964,1.8028696281820968,82.80890676070786
0.44221105527638194,9.948979591836734,22.16296531770376,1.7681846040864397,86.05721759113793
0.4472361809045226,9.948979591836734,22.602436808291905,1.73085626804844,88.76402606985936
0.45226130653266333,9.948979591836734,23.054175690945577,1.6907623709480653,90.93935980050378
0.457286432160804,9.948979591836734,23.515499011231952,1.6477050816524161,92.57546817151612
0.4623115577889447,9.948979591836734,23.983676284793063,1.6014403137832534,93.66656362383343
0.46733668341708545,9.948979591836734,24.455965975191326,1.5515737287457447,94.21591046448135
0.4723618090452261,9.948979591836734,24.929587326055312,1.4974976583283373,94.19663885447201
0.47738693467336685,9.948979591836734,25.401733914445884,1.4382925635426564,93.60834711818374
0.4824120603015075,9.948979591836734,25.869411490685877,1.372426413093783,92.40768220465034
0.48743718592964824,9.948979591836734,26.32936142580742,1.297131830509798,90.54323389047245
0.49246231155778897,9.948979591836734,26.777521703559515,1.2067265993773413,87.69353271132785
0.49748743718592964,9.948979591836734,27.206644233257304,1.08715456887633,82.5685046531398
0.5025125628140703,9.948979591836734,27.591222118211835,0.895501702447313,68.19017539134235
0.507537688442211,9.948979591836734,27.836935499039736,0.5681010559902719,30.174135075089282
0.5125628140703518,9.948979591836734,27.938747174085282,0.18719267422375943,13.453345905191496
0.5175879396984925,9.948979591836734,27.989025490683545,-0.18214093817178933,7.717239346322176
0.5226130653266332,9.948979591836734,28.02111799876302,-0.5285823217918264,5.454287065739915
0.5276381909547738,9.948979591836734,28.04534483755394,-0.8480449366258332,4.347371279784461
0.5326633165829145,9.948979591836734,28.06595196345188,-1.1374630941630686,3.901933593271155
0.5376884422110553,9.948979591836734,28.085323282059104,-1.39400589320564,3.893388493788825
0.542713567839196,9.948979591836734,28.10544623886627,-1.6148000302901604,4.106426289904201
0.5477386934673367,9.948979591836734,28.12895126347041,-1.7967273813060225,5.394832499557069
0.5527638190954773,9.948979591836734,28.16276495163898,-1.9350089298430437,8.97375238207309
0.5577889447236181,9.948979591836734,28.225850062022324,-2.006933362028928,14.397186266267859
0.5628140703517588,9.948979591836734,28.277905517710526,-2.0142985395189137,5.72665386704225
0.5678391959798995,9.948979591836734,28.290715288897722,-2.014352306259816,4.175042904339262
0.5728643216080402,9.948979591836734,28.33588211723963,-2.012775349910767,13.70694650228227
0.5778894472361809,9.948979591836734,28.42756205197913,-2.0071430442416016,22.695401217773355
0.5829145728643216,9.948979591836734,28.563103964966473,-1.9981265880912533,31.16262439603548
0.5879396984924623,9.948979591836734,28.739865250548576,-1.9862238102605752,39.099935067949396
0.592964824120603,9.948979591836734,28.9551773340946,-1.9715694098852694,46.5064017954203
0.5979899497487438,9.948979591836734,29.20637576640027,-1.9542326479957228,53.38216486247619
0.6030150753768844,9.948979591836734,29.490787681132574,-1.9342891853448025,59.725217695802485
0.6080402010050251,9.948979591836734,29.805741787236922,-1.9117750721809332,65.53766769097695
0.6130653266331658,9.948979591836734,30.148565019822705,-1.8867378452044343,70.81684104745445
0.6180904522613065,9.948979591836734,30.516580209580084,-1.8591929923482529,75.5654333795743
0.6231155778894473,9.948979591836734,30.907111325786232,-1.8291411279779848,79.77747744999965
0.628140703517588,9.948979591836734,31.317480573206545,-1.7965518520869042,83.46124405729132
0.6331658291457286,9.948979591836734,31.745004445443485,-1.7613792030555233,86.60789513652944
0.6381909547738693,9.948979591836734,32.186986714331674,-1.7235392084441743,89.21382672441915
0.6432160804020101,9.948979591836734,32.640746930165776,-1.682903154771996,91.28670832607985
0.6482412060301508,9.948979591836734,33.103558807659525,-1.6392742157421871,92.82729302797027
0.6532663316582915,9.948979591836734,33.572719524169855,-1.5923669347359,93.8169459802003
0.6582914572864321,9.948979591836734,34.04548503260696,-1.5417496774190698,94.25272940194141
0.6633165829145728,9.948979591836734,34.51906256884079,-1.4867997994572544,94.14654178118613
0.6683417085427136,9.948979591836734,34.99058672092584,-1.4264939630730789,93.43528564091345
0.6733668341708543,9.948979591836734,35.45705066271797,-1.3591178158118309,92.11144060042561
0.678391959798995,9.948979591836734,35.915138530990816,-1.281567177734728,90.05673435103219
0.6834170854271356,9.948979591836734,36.360433195056345,-1.1871826635452039,86.89831064479172
0.6884422110552764,9.948979591836734,36.784350607783914,-1.0588687062591053,81.09483728591164
0.6934673366834171,9.948979591836734,37.15229654063405,-0.8444325575311403,60.45618474938501
0.6984924623115578,9.948979591836734,37.36396036802997,-0.4970850678375198,25.889566882112938
0.7035175879396985,9.948979591836734,37.45107640095904,-0.11633447090005176,12.028605569298152
0.7085427135678392,9.948979591836734,37.49654482378597,0.24913523618020694,7.2380150293646315
0.7135678391959799,9.948979591836734,37.5266620791582,0.5907627877766352,5.134087157310478
0.7185929648241206,9.948979591836734,37.5499601460833,0.9048001142695482,4.232443689274884
0.7236180904522613,9.948979591836734,37.570182189380795,1.1882689945665947,3.857491588395611
0.7286432160804021,9.948979591836734,37.58953294595122,1.4383097114973102,3.9186321200887075
0.7336683417085427,9.948979591836734,37.61005036737947,1.6520613858154332,4.325706803924277
0.7386934673366834,9.948979591836734,37.634725617231155,1.826300969830949,5.555428462960884
0.7437185929648241,9.948979591836734,37.67229702451158,1.9551311092672685,10.4161720149369
0.7487437185929648,9.948979591836734,37.739426804764506,2.0105130505779463,13.17139012221667
0.7537688442211056,9.948979591836734,37.78299918401542,2.0143584081076433,3.890616662555256
0.7587939698492462,9.948979591836734,37.796076487433616,2.014291441450896,6.0084847541506745
0.7638190954773869,9.948979591836734,37.85019056095609,2.0120282078039247,15.434827348129994
0.7688442211055276,9.948979591836734,37.95030945405335,2.0056811501182605,24.32621316294454
0.7738693467336684,9.948979591836734,38.09379921518231,1.9961063364669398,32.69448989498135
0.7788944723618091,9.948979591836734,38.27800861853098,1.9836822620473433,40.53295694412882
0.7839195979899497,9.948979591836734,38.50026913083074,1.9685153997210785,47.83897467407066
0.7889447236180904,9.948979591836734,38.75791485544973,1.9506843424675877,54.61433077733564
0.7939698492462312,9.948979591836734,39.048272221014955,1.9302502058254087,60.859359924021796
0.7989949748743719,9.948979591836734,39.36867074541885,1.9072638462858102,66.56998769329911
0.8040201005025126,9.948979591836734,39.71643554386543,1.8817549912412967,71.74955876208318
0.8090452261306532,9.948979591836734,40.08888959768558,1.853735341616411,76.39722736704503
0.8140703517587939,9.948979591836734,40.48335646191407,1.8232121858412724,80.51128089875199
0.8190954773869347,9.948979591836734,40.89715664114311,1.7901376827326134,84.09333166680217
0.8241206030150754,9.948979591836734,41.327600053597045,1.754476094545818,87.13962115418788
0.8291457286432161,9.948979591836734,41.77200806131514,1.7161186761049942,89.6452503118513
0.8341708542713567,9.948979591836734,42.22767194673579,1.6749356474950654,91.61755974884763
0.8391959798994975,9.948979591836734,42.691895756235574,1.630721079372426,93.04950822557977
0.8442211055276382,9.948979591836734,43.16195791969992,1.5831489225519477,93.93482960881568
0.8492462311557789,9.948979591836734,43.63509318434323,1.531781990171246,94.27369783780192
0.8542713567839196,9.948979591836734,44.10851942958263,1.4759028331700002,94.04897834856132
0.8592964824120602,9.948979591836734,44.57935329790877,1.4144312154627352,93.2384743801135
0.864321608040201,9.948979591836734,45.04451983093255,1.345437748973397,91.79214067390284
0.8693467336683417,9.948979591836734,45.50056693972986,1.2653937303830638,89.55986942001265
0.8743718592964824,9.948979591836734,45.942741575198525,1.166515541305282,86.07687387946845
0.8793969849246231,9.948979591836734,46.36049214885171,1.0277272327271618,79.0045954196165
0.8844221105527639,9.948979591836734,46.70716998188806,0.7876168131198428,53.49062105998244
0.8894472361809045,9.948979591836734,46.88677920441668,0.4254147249275781,21.821834810970287
0.8944723618090452,9.948979591836734,46.96210102940306,0.046128932241776596,10.436498417290702
0.8994974874371859,9.948979591836734,47.00354368193264,-0.3152273870513913,6.611434901879205
0.9045226130653267,9.948979591836734,47.03195331328252,-0.6518878266795824,4.883888587134558
0.9095477386934674,9.948979591836734,47.05446415685214,-0.9603716110419236,4.1350415072071085
0.914572864321608,9.948979591836734,47.07437226701076,-1.2377543732557112,3.822259100577171
0.9195979899497487,9.948979591836734,47.093763887859375,-1.4811547117558312,3.931504556122081
0.9246231155778895,9.948979591836734,47.1147592934791,-1.6877167220694653,4.433808752979622
0.9296482412060302,9.948979591836734,47.140842475096186,-1.8540272332493366,5.922959111220283
0.9346733668341709,9.948979591836734,47.18308950522826,-1.9724576190770624,11.68306330786577
0.9396984924623115,9.948979591836734,47.25145366721963,-2.012454966847594,11.593972296030676
0.9447236180904522,9.948979591836734,47.286049342686134,-2.014370979094692,2.0228451548597386
0.949748743718593,9.948979591836734,47.32937134106907,-2.0131549781814813,20.54803103902774
0.9547738693467337,9.948979591836734,47.48776246417746,-2.0032326419994426,41.64039183797336
0.9597989949748744,9.948979591836734,47.7392717310319,-1.9863390458570471,57.60198901085971
0.964824120603015,9.948979591836734,48.058049598278416,-1.964577358390875,68.41430747466335
0.9698492462311558,9.948979591836734,48.418213115022084,-1.9394892585103827,74.07358100436113
0.9748743718592965,9.948979591836734,48.79388671832236,-1.9127107114656539,74.58617102626674
0.9798994974874372,9.948979591836734,49.15920145282819,-1.8860338517270137,69.95293427419143
0.9849246231155779,9.948979591836734,49.488310087277505,-1.8614189943190877,60.17415054468535
0.9899497487437185,9.948979591836734,49.755363869359016,-1.8410070913321037,45.25568221860136
0.9949748743718593,9.948979591836734,49.93453611856978,-1.8270788277132555,25.19787705986966
1.0,9.948979591836734,50.0,-1.8219438900974143,-1.2299069866323819e-14
0.0,9.96938775510204,0.0,2.0,0.0
0.005025125628140704,9.96938775510204,0.025408365723731327,1.9994910875825656,10.015782859714017
0.010050251256281407,9.96938775510204,0.09967648864067205,1.9954535053999967,19.44892454247146
0.01507537688442211,9.96938775510204,0.21996085540572685,1.987478827337386,28.333153610846544
0.020100502512562814,9.96938775510204,0.38350630354520127,1.9763994066527428,36.665457228454144
0.02512562814070352,9.96938775510204,0.5875235893076225,1.9624242597275061,44.440778510979726
0.03015075376884422,9.96938775510204,0.8292162981578962,1.9456540465158825,51.66049165085561
0.035175879396984924,9.96938775510204,1.1057856060494107,1.9261547888501493,58.32134857110492
0.04020100502512563,9.96938775510204,1.4144307306952846,1.9039787325834372,64.42683087304873
0.04522613065326633,9.96938775510204,1.7523507777048266,1.879173775761919,69.9729962516858
0.05025125628140704,9.96938775510204,2.1167429971431604,1.8517614066189403,74.96336928025893
0.05527638190954774,9.96938775510204,2.504800026939949,1.8217395753897114,79.39052121868126
0.06030150753768844,9.96938775510204,2.913713838317515,1.7890873595322971,83.26296237806488
0.06532663316582915,9.96938775510204,3.3406710267026414,1.7537484517062523,86.57487323124221
0.07035175879396985,9.96938775510204,3.7828527599010506,1.7156323857549072,89.32181009309936
0.07537688442211055,9.96938775510204,4.237436935820553,1.6746113638255504,91.50675764297691
0.08040201005025126,9.96938775510204,4.7015853725826275,1.6304751185428779,93.12566287813036
0.08542713567839195,9.96938775510204,5.1724429058657435,1.5829030597876692,94.17523594124361
0.09045226130653267,9.96938775510204,5.6471360657221465,1.5314489712548967,94.6501059915003
0.09547738693467336,9.96938775510204,6.122739064609502,1.4753855036430559,94.53971191523857
0.10050251256281408,9.96938775510204,6.596245674874251,1.4136112309741806,93.80634938705674
0.10552763819095477,9.96938775510204,7.0644621817651,1.3441541828458141,92.44333518864136
0.11055276381909548,9.96938775510204,7.523766380736268,1.263359991792509,90.25898370677423
0.11557788944723618,9.96938775510204,7.969161872780787,1.1631067421976506,86.82693862169518
0.12060301507537688,9.96938775510204,8.389362456334021,1.0210477378041722,79.3323062611596
0.12562814070351758,9.96938775510204,8.733712086025326,0.7726158201739393,52.46262113870174
0.1306532663316583,9.96938775510204,8.906701861031854,0.40365318590287197,20.434407104131004
0.135678391959799,9.96938775510204,8.979365324549104,0.02115804679706081,10.31687206278784
0.1407035175879397,9.96938775510204,9.019822012881118,-0.34241285586208176,6.404733657217578
0.1457286432160804,9.96938775510204,9.047804983070485,-0.6805465529187236,4.907958467460781
0.1507537688442211,9.96938775510204,9.070168665447959,-0.98969262581697,4.136217169667612
0.15577889447236182,9.96938775510204,9.090133152298183,-1.2667918518004777,3.8988994227017644
0.16080402010050251,9.96938775510204,9.109813454222921,-1.5088764444036677,4.035480057288719
0.1658291457286432,9.96938775510204,9.131409870590607,-1.712876857245668,4.78245089916408
0.1708542713567839,9.96938775510204,9.159090684261738,-1.8750726335240275,6.8155274324225115
0.17587939698492464,9.96938775510204,9.206757517102437,-1.985259736012366,13.560528471358833
0.18090452261306533,9.96938775510204,9.274439245479536,-2.0134384695311396,10.154737416572011
0.18592964824120603,9.96938775510204,9.300673022616632,-2.014349050400716,0.17201846503031754
0.19095477386934673,9.96938775510204,9.32459312459507,-2.0138859280419354,9.590681860911287
0.19597989949748743,9.96938775510204,9.396134058030215,-2.010079349488221,18.79351730154588
0.20100502512562815,9.96938775510204,9.512604142294048,-2.002460157087024,27.47506276462653
0.20603015075376885,9.96938775510204,9.671384653240711,-1.9918395853266961,35.631619863898734
0.21105527638190955,9.96938775510204,9.869825207254811,-1.9784281221978803,43.25909041390068
0.21608040201005024,9.96938775510204,10.105266750691694,-1.9623188657650217,50.357496141624615
0.22110552763819097,9.96938775510204,10.375047731206719,-1.9435756078996882,56.927128606219085
0.22613065326633167,9.96938775510204,10.676506548519841,-1.9222678782796718,62.96594939376816
0.23115577889447236,9.96938775510204,11.006981665458259,-1.8984227104434357,68.47672521840695
0.23618090452261306,9.96938775510204,11.363808942866559,-1.8720766268906994,73.45545834598595
0.24120603015075376,9.96938775510204,11.744322379871894,-1.8432345381425357,77.90113701949717
0.24623115577889448,9.96938775510204,12.145849488741067,-1.811878270734423,81.81945362128407
0.25125628140703515,9.96938775510204,12.56572201665419,-1.777982145392047,85.20160861826646
0.2562814070351759,9.96938775510204,13.001262164932204,-1.7414769066179214,88.05736325737928
0.2613065326633166,9.96938775510204,13.449788932027143,-1.7022473649502587,90.36961462349292
0.2663316582914573,9.96938775510204,13.908610383158445,-1.6601443335042962,92.15585575696875
0.271356783919598,9.96938775510204,14.37502686544452,-1.6149211220679207,93.39037100689745
0.27638190954773867,9.96938775510204,14.846314236426513,-1.5662390220584155,94.095432551001
0.2814070351758794,9.96938775510204,15.319726825418156,-1.5135690733316312,94.23884949737112
0.2864321608040201,9.96938775510204,15.792452593445992,-1.456100171615019,93.8232779747842
0.2914572864321608,9.96938775510204,16.26158909889794,-1.3925373427778016,92.79565908622111
0.2964824120603015,9.96938775510204,16.72400411228479,-1.320590657465578,91.10883635743295
0.3015075376884422,9.96938775510204,17.175985395970006,-1.2357701485141486,88.61848827341501
0.3065326633165829,9.96938775510204,17.611774356901414,-1.1276174516054822,84.37723397322405
0.31155778894472363,9.96938775510204,18.0153132165489,-0.9656985234815962,73.85416525700258
0.3165829145728643,9.96938775510204,18.314203672280613,-0.6787000068372768,41.75690888077996
0.32160804020100503,9.96938775510204,18.447362007121228,-0.3022535504388337,16.294704457553383
0.32663316582914576,9.96938775510204,18.507543275385377,0.07231339655715568,8.89569862277108
0.3316582914572864,9.96938775510204,18.54346568832454,0.42594756839622255,5.837761697390177
0.33668341708542715,9.96938775510204,18.569406886098736,0.7536755778386866,4.563752252986009
0.3417085427135678,9.96938775510204,18.590759878140528,1.0523044016249483,3.9987895047607336
0.34673366834170855,9.96938775510204,18.610255759987268,1.3189653699034976,3.8454097004876
0.35175879396984927,9.96938775510204,18.62985261493271,1.5508255337504429,4.134860830197175
0.35678391959798994,9.96938775510204,18.651863946457524,1.7449097380478178,4.856817464041038
0.36180904522613067,9.96938775510204,18.68104382837303,1.897367990951482,7.147086772795236
0.36683417085427134,9.96938775510204,18.73365141251569,1.994886985607064,14.121583026103742
0.37185929648241206,9.96938775510204,18.797201499011155,2.0138781106051282,8.703928771945048
0.3768844221105528,9.96938775510204,18.817170612801007,2.0143494852437525,1.0874179552743184
0.38190954773869346,9.96938775510204,18.847210804458204,2.0136461313358054,10.775721272309466
0.3869346733668342,9.96938775510204,18.924538109405933,2.0093056532108475,19.91223314264507
0.39195979899497485,9.96938775510204,19.046465913610405,2.001282551520545,28.52827444346439
0.3969849246231156,9.96938775510204,19.210373114556415,1.9903065526896835,36.61873615728915
0.4020100502512563,9.96938775510204,19.41360511831337,1.9765486438443112,44.180317389072535
0.40703517587939697,9.96938775510204,19.653505829577558,1.9601061420124544,51.21169865598713
0.4120603015075377,9.96938775510204,19.927414145193183,1.9410388994863734,57.71494104636776
0.41708542713567837,9.96938775510204,20.23266570873012,1.9194085988654932,63.686714304686156
0.4221105527638191,9.96938775510204,20.56660447707372,1.8952512082128463,69.12961230386081
0.4271356783919598,9.96938775510204,20.926553163604247,1.8685891160549157,74.04119777017053
0.4321608040201005,9.96938775510204,21.30985654517737,1.8394275749317928,78.42364991006977
0.4371859296482412,9.96938775510204,21.713832608652528,1.8077621369861667,82.27165827324582
0.44221105527638194,9.96938775510204,22.135827118369438,1.7735441571923358,85.58926142042328
0.4472361809045226,9.96938775510204,22.573150955162028,1.7366958592912853,88.37366764479856
0.45226130653266333,9.96938775510204,23.023122823387556,1.6971204357521397,90.6222427258387
0.457286432160804,9.96938775510204,23.483063518294855,1.6546324138824022,92.33763711792345
0.4623115577889447,9.96938775510204,23.95024634892509,1.608999746871478,93.50750808927542
0.46733668341708545,9.96938775510204,24.421955679658527,1.559847938084255,94.14455610798082
0.4723618090452261,9.96938775510204,24.89544187392607,1.506627582851531,94.21513296919169
0.47738693467336685,9.96938775510204,25.367878481241384,1.4484837491237914,93.72754089921177
0.4824120603015075,9.96938775510204,25.836359209781598,1.3840179803911274,92.64632766918356
0.48743718592964824,9.96938775510204,26.29767443422133,1.3107701284184994,90.87957074364084
0.49246231155778897,9.96938775510204,26.74799913113839,1.2237740622610975,88.17835709921589
0.49748743718592964,9.96938775510204,27.181068531060564,1.1112782537530523,83.60987196037473
0.5025125628140703,9.96938775510204,27.57752384841387,0.9380425900585927,72.11118252211108
0.507537688442211,9.96938775510204,27.854800172288133,0.6333634408124383,35.77884483162291
0.5125628140703518,9.96938775510204,27.97346950884169,0.2543184516972212,14.879725189704514
0.5175879396984925,9.96938775510204,28.02911264153771,-0.1180790002275864,8.2525953966914
0.5226130653266332,9.96938775510204,28.063290254575236,-0.46867124012474104,5.618685627969413
0.5276381909547738,9.96938775510204,28.088446091432495,-0.7929030536622611,4.471025425457997
0.5326633165829145,9.96938775510204,28.109437773002515,-1.087670155524994,3.9443596834358035
0.5376884422110553,9.96938775510204,28.128833716856512,-1.350107360874037,3.863243176998868
0.542713567839196,9.96938775510204,28.14857123307772,-1.5773838154229347,4.009759319039371
0.5477386934673367,9.96938775510204,28.171148111193624,-1.7664764037969782,4.98872531671325
0.5527638190954773,9.96938775510204,28.201950533429883,-1.9132439982182674,7.880420122045733
0.5577889447236181,9.96938775510204,28.2590271018731,-2.0008714433335784,14.597062111257305
0.5628140703517588,9.96938775510204,28.318464418447668,-2.0141064684926846,7.508671758761842
0.5678391959798995,9.96938775510204,28.33438997278619,-2.014346696712994,2.336130343388978
0.5728643216080402,9.96938775510204,28.370531728138882,-2.0133399588379772,11.954552058732032
0.5778894472361809,9.96938775510204,28.45361260957226,-2.0084763904278065,21.02413293985532
0.5829145728643216,9.96938775510204,28.580964757800082,-2.0000598014546407,29.57463171928391
0.5879396984924623,9.96938775510204,28.74996255503209,-1.988727837976449,37.59821474551307
0.592964824120603,9.96938775510204,28.957951236539852,-1.9746309500453756,45.094007285612754
0.5979899497487438,9.96938775510204,29.202272706081455,-1.9578536579714565,52.058310342461134
0.6030150753768844,9.96938775510204,29.480268003067884,-1.9384596644746659,58.494121268225825
0.6080402010050251,9.96938775510204,29.789269643957248,-1.9165121004112329,64.40080942870955
0.6130653266331658,9.96938775510204,30.12661709865687,-1.8920354432710689,69.7777795510739
0.6180904522613065,9.96938775510204,30.489646846294555,-1.8650635502953903,74.62270227140138
0.6231155778894473,9.96938775510204,30.875693598619733,-1.8355902958485752,78.93501610604966
0.628140703517588,9.96938775510204,31.282081107107864,-1.8036054522366176,82.72059261271617
0.6331658291457286,9.96938775510204,31.70614191396301,-1.769055389915539,85.97048625142425
0.6381909547738693,9.96938775510204,32.14520344771659,-1.731880676579114,88.68488508936011
0.6432160804020101,9.96938775510204,32.59658268606574,-1.6919490245333544,90.8701881145688
0.6482412060301508,9.96938775510204,33.05756799547332,-1.6490799700138792,92.51214109697428
0.6532663316582915,9.96938775510204,33.52547654162851,-1.60302726198882,93.61626290656577
0.6582914572864321,9.96938775510204,33.99754739510129,-1.5533951890324067,94.18362381877509
0.6633165829145728,9.96938775510204,34.471040334341595,-1.499619167575423,94.18366323798784
0.6683417085427136,9.96938775510204,34.943133114804105,-1.4407763194336478,93.61550622971224
0.6733668341708543,9.96938775510204,35.41087770630641,-1.3753822338889858,92.44188244352817
0.678391959798995,9.96938775510204,35.871058341999095,-1.3007460867890837,90.56390960048823
0.6834170854271356,9.96938775510204,36.319638531326994,-1.2114461122154112,87.72467529555986
0.6884422110552764,9.96938775510204,36.74973300291822,-1.0940901826608134,82.74746068679552
0.6934673366834171,9.96938775510204,37.137855656580804,-0.9081752141053718,67.86720268359696
0.6984924623115578,9.96938775510204,37.392496692883384,-0.587024257228569,31.778490506837713
0.7035175879396985,9.96938775510204,37.49869308904706,-0.20662747232286868,13.514963452892765
0.7085427135678392,9.96938775510204,37.55035860507375,0.16345416323674608,7.880250254444293
0.7135678391959799,9.96938775510204,37.582968460906855,0.5109180626857196,5.4214311405953115
0.7185929648241206,9.96938775510204,37.60740692402754,0.8316190968935889,4.407320527365466
0.7236180904522613,9.96938775510204,37.628085217834496,1.1224814176463276,3.9159350930903845
0.7286432160804021,9.96938775510204,37.64741837787651,1.3806487232391869,3.7599099074023283
0.7336683417085427,9.96938775510204,37.6673762128705,1.6032848220521532,4.266836928032581
0.7386934673366834,9.96938775510204,37.690536751587295,1.7873354561274135,5.2274897766014075
0.7437185929648241,9.96938775510204,37.72323513057948,1.928268644645867,8.595809769377555
0.7487437185929648,9.96938775510204,37.78446557124678,2.005294557007214,14.622798917482571
0.7537688442211056,9.96938775510204,37.83898738107645,2.0142376557981194,6.299177752916017
0.7587939698492462,9.96938775510204,37.85241967557632,2.014338734063322,3.575571622748591
0.7638190954773869,9.96938775510204,37.894614868074335,2.0129652247547396,13.123953233236819
0.7688442211055276,9.96938775510204,37.98340442405294,2.0075919398586226,22.128217839742515
0.7738693467336684,9.96938775510204,38.11614045453999,1.9987913915612792,30.613254774242613
0.7788944723618091,9.96938775510204,38.29019263995911,1.98710338584831,38.57067052493016
0.7839195979899497,9.96938775510204,38.50290205739534,1.972668183401999,45.99905053292153
0.7889447236180904,9.96938775510204,38.75160904582291,1.9555544295921545,52.898321249795394
0.7939698492462312,9.96938775510204,39.033654855261766,1.9358416698159202,59.268639417337354
0.7989949748743719,9.96938775510204,39.34637941380503,1.9135676018893524,65.10688635273353
0.8040201005025126,9.96938775510204,39.687115822342584,1.8887792456142674,70.41595417583197
0.8090452261306532,9.96938775510204,40.05319624227815,1.8614880798704798,75.19465262389828
0.8140703517587939,9.96938775510204,40.441958725841396,1.831703277112072,79.44492000309259
0.8190954773869347,9.96938775510204,40.850730213720524,1.7993933310079766,83.15800169379384
0.8241206030150754,9.96938775510204,41.2768360656795,1.7645233463602248,86.34080532796753
0.8291457286432161,9.96938775510204,41.71759911170524,1.727007872270121,88.99343390124737
0.8341708542713567,9.96938775510204,42.170330219319275,1.6867126365455378,91.10992663273916
0.8391959798994975,9.96938775510204,42.63234932752716,1.643464919050244,92.6818353376772
0.8442211055276382,9.96938775510204,43.10094103549526,1.596983536019648,93.71816643875
0.8492462311557789,9.96938775510204,43.573374354794474,1.5468622338710643,94.21736858711802
0.8542713567839196,9.96938775510204,44.046865965811584,1.4925032461668708,94.14348331213051
0.8592964824120602,9.96938775510204,44.5186087644925,1.432925898533985,93.4981588578261
0.864321608040201,9.96938775510204,44.98559687349722,1.36654331906708,92.24146122127786
0.8693467336683417,9.96938775510204,45.44455760125012,1.2904613115697945,90.299555418117
0.8743718592964824,9.96938775510204,45.891294708824844,1.1986400745676402,87.30419561671609
0.8793969849246231,9.96938775510204,46.31811133304124,1.0758300167932096,81.75998415904547
0.8844221105527639,9.96938775510204,46.6962754769416,0.8756625778607756,64.58914727796572
0.8894472361809045,9.96938775510204,46.9278434530144,0.5397983907493556,29.376130176799258
0.8944723618090452,9.96938775510204,47.02318126299763,0.15903829702461908,12.426861860204577
0.8994974874371859,9.96938775510204,47.071331082292645,-0.20847100695956852,7.367333778195931
0.9045226130653267,9.96938775510204,47.102539307030355,-0.5527506862631401,5.24516186264777
0.9095477386934674,9.96938775510204,47.1263180209704,-0.8698261567477271,4.312760886168055
0.914572864321608,9.96938775510204,47.146715506819405,-1.1567140279516313,3.901514323172068
0.9195979899497487,9.96938775510204,47.166025898206165,-1.410554823158141,3.886369210512673
0.9246231155778895,9.96938775510204,47.18615729098329,-1.6284827772376889,4.242074132390416
0.9296482412060302,9.96938775510204,47.21004300790227,-1.807406397120468,5.312565395313932
0.9346733668341709,9.96938775510204,47.24492139773998,-1.9422124221811063,9.062328835899153
0.9396984924623115,9.96938775510204,47.30944204060877,-2.0083455980875975,13.98109188475898
0.9447236180904522,9.96938775510204,47.35846250937732,-2.0143008083663525,5.067879347963923
0.949748743718593,9.96938775510204,47.381595311274936,-2.014119343794551,13.318681103442902
0.9547738693467337,9.96938775510204,47.50911701682643,-2.006968217532872,36.52406214296557
0.9597989949748744,9.96938775510204,47.7395741041631,-1.991603454317473,54.28942060771156
0.964824120603015,9.96938775510204,48.04559385344974,-1.9708551892010937,66.5973631769495
0.9698492462311558,9.96938775510204,48.39974359315545,-1.9463749856004782,73.44424573028218
0.9748743718592965,9.96938775510204,48.774589464108075,-1.9198769890420782,74.8343162139389
0.9798994974874372,9.96938775510204,49.14271319260562,-1.8932250749488992,70.76946502861404
0.9849246231155779,9.96938775510204,49.476706348382216,-1.8684632195709692,61.250330788800525
0.9899497487437185,9.96938775510204,49.74917058492217,-1.8478187807004356,46.28217227700967
0.9949748743718593,9.96938775510204,49.93272818003387,-1.8336726723289092,25.86566793795732
1.0,9.96938775510204,50.0,-1.8284415842531647,-1.1946373782856746e-14
0.0,9.989795918367347,0.0,2.0,0.0
0.005025125628140704,9.989795918367347,0.025358616602716544,1.9994930877202395,9.996345602462444
0.010050251256281407,9.989795918367347,0.09948481214246178,1.995471318345054,19.41224249297002
0.01507537688442211,9.989795918367347,0.2195456850213148,1.9875278188045369,28.281209293018872
0.020100502512562814,9.989795918367347,0.382795968768797,1.976491568031503,36.60026443074744
0.02512562814070352,9.989795918367347,0.5864566718651368,1.9625707752574866,44.364352510412374
0.03015075376884422,9.989795918367347,0.8277415036184462,1.94586491098818,51.574685197959056
0.035175879396984924,9.989795918367347,1.1038618215886487,1.9264420000569675,58.22875273154448
0.04020100502512563,9.989795918367347,1.4120275017738402,1.9043512210610387,64.32868678935581
0.04522613065326633,9.989795918367347,1.7494479714021316,1.8796435528272175,69.87184716621105
0.05025125628140704,9.989795918367347,2.1133298661434714,1.852337347763127,74.86085094696107
0.05527638190954774,9.989795918367347,2.5008782787757355,1.8224369728543441,79.28994401731374
0.06030150753768844,9.989795918367347,2.909291262394252,1.7899143557446495,83.16631782536206
0.06532663316582915,9.989795918367347,3.3357706781768393,1.7547190253813105,86.48366686630075
0.07035175879396985,9.989795918367347,3.7775058334432017,1.716767012078462,89.23575473807884
0.07537688442211055,9.989795918367347,4.231684039648898,1.675926186972372,91.43028142230048
0.08040201005025126,9.989795918367347,4.69548089811136,1.6319912801103489,93.06365770771434
0.08542713567839195,9.989795918367347,5.166053980737185,1.584650518288074,94.1262758908767
0.09045226130653267,9.989795918367347,5.64053867082432,1.5334604119610693,94.62324627581572
0.09547738693467336,9.989795918367347,6.116023429067097,1.4777231059991363,94.51909347678645
0.10050251256281408,9.989795918367347,6.589512546080513,1.4163514594461257,93.83467288923173
0.10552763819095477,9.989795918367347,7.057846687412781,1.3474437657087917,92.45175519387074
0.11055276381909548,9.989795918367347,7.517450339884345,1.26747294152964,90.29201464862273
0.11557788944723618,9.989795918367347,7.96345424654029,1.168704959028805,86.86415395135937
0.12060301507537688,9.989795918367347,8.385283137541823,1.0300884550625269,79.78548946651898
0.12562814070351758,9.989795918367347,8.736163145767492,0.7893798873166067,55.56329878307852
0.1306532663316583,9.989795918367347,8.917230429253081,0.4238729440305303,21.499205108485942
0.135678391959799,9.989795918367347,8.992628843323326,0.04107218432429078,10.589743401417996
0.1407035175879397,9.989795918367347,9.033987629761091,-0.3234291715850761,6.641185888447733
0.1457286432160804,9.989795918367347,9.062342277751688,-0.6627502321983779,4.8861635870691424
0.1507537688442211,9.989795918367347,9.084857000459952,-0.9732990557167397,4.144438732823447
0.15577889447236182,9.989795918367347,9.10483211253092,-1.252015559427802,3.880333648632887
0.16080402010050251,9.989795918367347,9.124404941846004,-1.4959406161272528,4.049488311717187
0.1658291457286432,9.989795918367347,9.14573784610011,-1.702032827612044,4.52117775822951
0.1708542713567839,9.989795918367347,9.172805280116547,-1.8666670893856805,6.3599602926561385
0.17587939698492464,9.989795918367347,9.218359796848343,-1.98071408773927,13.105926081578634
0.18090452261306533,9.989795918367347,9.286785795092975,-2.0131362941121163,10.71883393095243
0.18592964824120603,9.989795918367347,9.316056350014614,-2.0143266954366,0.8056645280442619
0.19095477386934673,9.989795918367347,9.337199564870225,-2.013959751710469,8.986038242560758
0.19597989949748743,9.989795918367347,9.40574762162047,-2.0104291442664644,18.20662827643315
0.20100502512562815,9.989795918367347,9.519308863825033,-2.00304228420329,26.904960886145947
0.20603015075376885,9.989795918367347,9.675274045191182,-1.9926386476769733,35.08128701391313
0.21105527638190955,9.989795918367347,9.871001781157808,-1.9794488885420995,42.730704466169584
0.21608040201005024,9.989795918367347,10.10384635637307,-1.9635644397955287,49.85330643695149
0.22110552763819097,9.989795918367347,10.371154093275857,-1.9450532605327457,56.447145396690026
0.22613065326633167,9.989795918367347,10.670272517855174,-1.9239782140393955,62.51496335793676
0.23115577889447236,9.989795918367347,10.998548785446541,-1.900381742969626,68.05232492452673
0.23618090452261306,9.989795918367347,11.353329276996757,-1.87428952917412,73.06237552088984
0.24120603015075376,9.989795918367347,11.731960379164935,-1.8457130365619214,77.54574876817807
0.24623115577889448,9.989795918367347,12.131780245089272,-1.8146409309456923,81.49459029749698
0.25125628140703515,9.989795918367347,12.550124084459027,-1.7810422816463762,84.91705828903294
0.2562814070351759,9.989795918367347,12.98432968203132,-1.7448426530351553,87.80634863315098
0.2613065326633166,9.989795918367347,13.431723270745104,-1.705957068461274,90.16645122144516
0.2663316582914573,9.989795918367347,13.88962556294584,-1.6642155117827515,91.98801852142856
0.271356783919598,9.989795918367347,14.35534379586409,-1.6193994341555058,93.28268458954962
0.27638190954773867,9.989795918367347,14.826173752167083,-1.5711795234979302,94.01995485598933
0.2814070351758794,9.989795918367347,15.299377055707588,-1.5190513774097407,94.21640954919962
0.2864321608040201,9.989795918367347,15.772162268900288,-1.462254525149099,93.86160096887863
0.2914572864321608,9.989795918367347,16.241648293442914,-1.399546864681267,92.89957256717172
0.2964824120603015,9.989795918367347,16.704758954751043,-1.3288141320683393,91.28604514849262
0.3015075376884422,9.989795918367347,17.157878811955534,-1.2459046648186276,88.87181755375038
0.3065326633165829,9.989795918367347,17.595688977438314,-1.1414626026755477,85.07603091403716
0.31155778894472363,9.989795918367347,18.00450064341907,-0.98880974980304,76.49755693507221
0.3165829145728643,9.989795918367347,18.321379931043648,-0.7185841900416565,46.15308580889272
0.32160804020100503,9.989795918367347,18.46914662251886,-0.34604710511024245,18.464267297692047
0.32663316582914576,9.989795918367347,18.533909604579375,0.030033812261025635,9.273174393013562
0.3316582914572864,9.989795918367347,18.57151254234489,0.38612402592394773,6.044120357564157
0.33668341708542715,9.989795918367347,18.598180063191812,0.7167702653705779,4.685082475332711
0.3417085427135678,9.989795918367347,18.6198474048935,1.0187045292296808,4.024842669868174
0.34673366834170855,9.989795918367347,18.639391416756578,1.2890468624578213,3.7800653353492604
0.35175879396984927,9.989795918367347,18.658809282952625,1.5249746049789583,3.8775149657530728
0.35678391959798994,9.989795918367347,18.68029767619014,1.7235723304125887,4.466076474675728
0.36180904522613067,9.989795918367347,18.708045882257565,1.881213415191558,6.7460326398367565
0.36683417085427134,9.989795918367347,18.756209660523528,1.9873627127368372,13.465464266291756
0.37185929648241206,9.989795918367347,18.822570349364398,2.013480801860317,9.845514634107293
0.3768844221105528,9.989795918367347,18.847963863598505,2.014327638835324,0.1491216445004061
0.38190954773869346,9.989795918367347,18.871922503244654,2.0138638512032143,9.58943962812206
0.3869346733668342,9.989795918367347,18.943413244792815,2.0100646089481593,18.77473502351075
0.39195979899497485,9.989795918367347,19.05974939345655,2.0024689830348543,27.44071898731677
0.3969849246231156,9.989795918367347,19.218322061882304,1.9918841023861884,35.583543447253625
0.4020100502512563,9.989795918367347,19.41648949296782,1.978518973559468,43.19919419372319
0.40703517587939697,9.989795918367347,19.65160430496947,1.962466487926772,50.287663035521746
0.4120603015075377,9.989795918367347,19.92101270035396,1.9437903225685953,56.84934003695772
0.41708542713567837,9.989795918367347,20.222066201494314,1.9225592018508881,62.88195100206939
0.4221105527638191,9.989795918367347,20.5521093204923,1.898800392642233,68.3883402120418
0.4271356783919598,9.989795918367347,20.90848715397667,1.8725508733074587,73.36521955242749
0.4321608040201005,9.989795918367347,21.288545530093206,1.843818082123576,77.81050531824349
0.4371859296482412,9.989795918367347,21.689629420598667,1.8125788099863405,81.72918089463693
0.44221105527638194,9.989795918367347,22.109058253083642,1.7788167244790358,85.1153300795348
0.4472361809045226,9.989795918367347,22.544187644315056,1.7424509605397365,87.97454919333565
0.45226130653266333,9.989795918367347,22.99232812505821,1.7033875150440703,90.2958147969879
0.457286432160804,9.989795918367347,23.45081237190355,1.6614572561046996,92.0882734506762
0.4623115577889447,9.989795918367347,23.916932339007772,1.6164440021207067,93.33808465793497
0.46733668341708545,9.989795918367347,24.387992089684058,1.5679837787019746,94.05302410428469
0.4723618090452261,9.989795918367347,24.861241846969584,1.5155865668184745,94.21672632610691
0.47738693467336685,9.989795918367347,25.33389991790001,1.4584587590185119,93.80779017183897
0.4824120603015075,9.989795918367347,25.803069391651444,1.3953345507068302,92.81371104071303
0.48743718592964824,9.989795918367347,26.26566346841484,1.323980849627398,91.17654285261715
0.49246231155778897,9.989795918367347,26.717991710115555,1.2400706697996893,88.66514454061864
0.49748743718592964,9.989795918367347,27.154540815618798,1.1336711044275594,84.72354830515818
0.5025125628140703,9.989795918367347,27.560368246783256,0.9760865101806351,75.57409217343715
0.507537688442211,9.989795918367347,27.867281516800464,0.6966038667227222,43.19867688234745
0.5125628140703518,9.989795918367347,28.00655024331448,0.32183590088429337,17.587555735031533
0.5175879396984925,9.989795918367347,28.06862774349992,-0.05329869155590679,9.11423181691403
0.5226130653266332,9.989795918367347,28.105241005848097,-0.4078923082060071,6.075197024951923
0.5276381909547738,9.989795918367347,28.131470021526848,-0.7368046056460207,4.624842261879678
0.5326633165829145,9.989795918367347,28.152923823791532,-1.036821999486833,4.002446752311863
0.5376884422110553,9.989795918367347,28.17240645214046,-1.3050578331394902,3.8461780135055617
0.542713567839196,9.989795918367347,28.191875429017127,-1.5386988929446581,4.070531487070444
0.5477386934673367,9.989795918367347,28.213596318723248,-1.7348206647791142,4.885916803544688
0.5527638190954773,9.989795918367347,28.242025597625613,-1.8896732555128506,6.791353788422406
0.5577889447236181,9.989795918367347,28.292395354385377,-1.991427503585904,13.79054705239099
0.5628140703517588,9.989795918367347,28.357413463642366,-2.0136950897477797,9.257922468381677
0.5678391959798995,9.989795918367347,28.379823254974514,-2.014327605258819,0.48474834169673936
0.5728643216080402,9.989795918367347,28.40687039451109,-2.0137508114264024,10.188032630522487
0.5778894472361809,9.989795918367347,28.481282555719147,-2.00968290894678,19.339790277471504
0.5829145728643216,9.989795918367347,28.600375882961703,-2.001882552789468,27.97287847440855
0.5879396984924623,9.989795918367347,28.76153862485231,-1.9911185705909895,36.08254856634353
0.592964824120603,9.989795918367347,28.96212844586219,-1.9775785346983437,43.664470490049275
0.5979899497487438,9.989795918367347,29.199496349612456,-1.9613578723904082,50.71962290630536
0.6030150753768844,9.989795918367347,29.470990893250594,-1.9425226463544885,57.24782081182195
0.6080402010050251,9.989795918367347,29.773961979365115,-1.9211248857486833,63.24609462682215
0.6130653266331658,9.989795918367347,30.105754890076234,-1.8972126339196507,68.71803116465655
0.6180904522613065,9.989795918367347,30.463712592618,-1.8708050855766793,73.66066759526164
0.6231155778894473,9.989795918367347,30.845180874340453,-1.841908086581559,78.07380599559647
0.628140703517588,9.989795918367347,31.2474991216527,-1.8105198719562756,81.96046357268531
0.6331658291457286,9.989795918367347,31.66800547814141,-1.776586408749615,85.31389961203946
0.6381909547738693,9.989795918367347,32.10403649865874,-1.7400624810916572,88.13641860566368
0.6432160804020101,9.989795918367347,32.55291426195575,-1.7008135143887881,90.42825146636345
0.6482412060301508,9.989795918367347,33.01195726619636,-1.6587058741258938,92.18277412269506
0.6532663316582915,9.989795918367347,33.47847932447522,-1.613472903921027,93.40302793911722
0.6582914572864321,9.989795918367347,33.949756872209775,-1.5647938598029647,94.07615102194885
0.6633165829145728,9.989795918367347,34.4230527354607,-1.512122047062338,94.20061330169467
0.6683417085427136,9.989795918367347,34.89557881638694,-1.4546598773606279,93.76701975913392
0.6733668341708543,9.989795918367347,35.36442821751795,-1.3910803489924608,92.75144130309481
0.678391959798995,9.989795918367347,35.826471102179646,-1.3190865498965803,91.0515460632031
0.6834170854271356,9.989795918367347,36.27799662870516,-1.2341629606410434,88.46803968921321
0.6884422110552764,9.989795918367347,36.71323818390768,-1.1257041513356143,84.37895922395599
0.6934673366834171,9.989795918367347,37.11586202262928,-0.962861291755157,74.4757686230412
0.6984924623115578,9.989795918367347,37.41235694062743,-0.6741465111392921,39.95984286260363
0.7035175879396985,9.989795918367347,37.543684605767,-0.29759640143549265,16.74848004947436
0.7085427135678392,9.989795918367347,37.603259600641515,0.0764928351959266,8.701257050900821
0.7135678391959799,9.989795918367347,37.63892031097897,0.4295597499568224,5.806127316244778
0.7185929648241206,9.989795918367347,37.66472610425346,0.7567266076311915,4.546712853224545
0.7236180904522613,9.989795918367347,37.68599318143811,1.0547944100543931,3.9840989432850624
0.7286432160804021,9.989795918367347,37.70542708830334,1.3209246086327486,3.818529701628407
0.7336683417085427,9.989795918367347,37.724980672767295,1.5522727089286412,4.111380930669943
0.7386934673366834,9.989795918367347,37.74693452805923,1.7458978180535691,4.690787105273754
0.7437185929648241,9.989795918367347,37.77609529858922,1.897957919324445,6.972618705609225
0.7487437185929648,9.989795918367347,37.82871639911696,1.9950631517676156,14.106567725533264
0.7537688442211056,9.989795918367347,37.89206436833085,2.0138632098774285,8.66027926276246
0.7587939698492462,9.989795918367347,37.91187466956344,2.0143273808556197,1.11655850333215
0.7638190954773869,9.989795918367347,37.94201025388632,2.013621823356778,10.78469552370105
0.7688442211055276,9.989795918367347,38.01933680246276,2.009286223466927,19.903345262511632
0.7738693467336684,9.989795918367347,38.141177408611036,2.00128428967961,28.50309289685971
0.7788944723618091,9.989795918367347,38.30492110828496,1.9903417805013892,36.57923929827836
0.7839195979899497,9.989795918367347,38.5079232177595,1.9766274288231356,44.128128629962475
0.7889447236180904,9.989795918367347,38.74753520841453,1.9602408465922088,51.150267487139175
0.7939698492462312,9.989795918367347,39.02110712463506,1.9412411085266001,57.643483200787806
0.7989949748743719,9.989795918367347,39.32598601047386,1.9196793621317654,63.60950956440152
0.8040201005025126,9.989795918367347,39.659515111572276,1.895608686058221,69.04689053530221
0.8090452261306532,9.989795918367347,40.01904380328702,1.8690425504265216,73.95605732737305
0.8140703517587939,9.989795918367347,40.40191853839841,1.8399884303941785,78.3376989609657
0.8190954773869347,9.989795918367347,40.805476640642084,1.808441570416662,82.18693220391515
0.8241206030150754,9.989795918367347,41.22704920096825,1.7743527828155599,85.50946351016286
0.8291457286432161,9.989795918367347,41.66396971399629,1.7376493703224258,88.2961016383013
0.8341708542713567,9.989795918367347,42.11357105239134,1.6982354847877752,90.55403602926738
0.8391959798994975,9.989795918367347,42.57317357533492,1.655924544067498,92.27436165886832
0.8442211055276382,9.989795918367347,43.04007057096643,1.610496581429639,93.4588621235737
0.8492462311557789,9.989795918367347,43.51157120780546,1.5615665797753648,94.10190417424354
0.8542713567839196,9.989795918367347,43.98491392219709,1.508619404207925,94.19854288283659
0.8592964824120602,9.989795918367347,44.45732304879443,1.4508075778563339,93.71965841713391
0.864321608040201,9.989795918367347,44.925836654242126,1.3867840099178268,92.64163159166642
0.8693467336683417,9.989795918367347,45.387308249218876,1.3141477298585538,90.8955570885145
0.8743718592964824,9.989795918367347,45.838021031659174,1.2281465760729458,88.28054589574533
0.8793969849246231,9.989795918367347,46.271886749968566,1.117518602118328,84.0194396291335
0.8844221105527639,9.989795918367347,46.67100636902391,0.9490672007568731,73.1983716381708
0.8894472361809045,9.989795918367347,46.95661098925185,0.6513846999650041,37.40438663743113
0.8944723618090452,9.989795918367347,47.08055444743428,0.27340609106624825,15.85017976557886
0.8994974874371859,9.989795918367347,47.137798445492564,-0.09960231584335884,8.40194781186877
0.9045226130653267,9.989795918367347,47.172579450012236,-0.45116516494367404,5.811633214392489
0.9095477386934674,9.989795918367347,47.19797622505729,-0.7765598157540193,4.555861249111504
0.914572864321608,9.989795918367347,47.21905803670312,-1.072684410067268,3.954069245764812
0.9195979899497487,9.989795918367347,47.23843104518627,-1.3366933326901065,3.7820784546586164
0.9246231155778895,9.989795918367347,47.25807635972233,-1.5657446530684314,3.987602748610674
0.9296482412060302,9.989795918367347,47.28027766708326,-1.7568605685315584,5.037428383786035
0.9346733668341709,9.989795918367347,47.310254874145244,-1.9060812716395787,7.385082608092819
0.9396984924623115,9.989795918367347,47.3651140331518,-1.9982539769805274,14.384301604636685
0.9447236180904522,9.989795918367347,47.426525812396655,-2.0139914057700925,8.057557720420597
0.949748743718593,9.989795918367347,47.4456162132476,-2.0143220660393184,5.09584187925658
0.9547738693467337,9.989795918367347,47.53795246291562,-2.0101178317687984,30.668660910722117
0.9597989949748744,9.989795918367347,47.74415692346739,-1.9965400152492447,50.43862199835789
0.964824120603015,9.989795918367347,48.03516754178335,-1.9769367485602345,64.41597927225895
0.9698492462311558,9.989795918367347,48.38184523370593,-1.9531589243041587,72.59482053259391
0.9748743718592965,9.989795918367347,48.75505224416861,-1.9269911139235691,74.97480925738333
0.9798994974874372,9.989795918367347,49.12565807469857,-1.9003867600875375,71.56073803616825
0.9849246231155779,9.989795918367347,49.46455229818831,-1.875478879597681,62.353226913092115
0.9899497487437185,9.989795918367347,49.742631999258386,-1.8545902089466357,47.356897120129766
0.9949748743718593,9.989795918367347,49.930807852604595,-1.8402120676248919,26.57281751544346
1.0,9.989795918367347,50.0,-1.8348770548666344,0.0
0.0,10.010204081632653,0.0,2.0,0.0
0.005025125628140704,10.010204081632653,0.02530918540813472,1.9994950716395046,9.977029038610548
0.010050251256281407,10.010204081632653,0.09929444247893277,1.9954889906761848,19.375785830987148
0.01507537688442211,10.010204081632653,0.21913318671849408,1.98757644856341,28.22958030869502
0.020100502512562814,10.010204081632653,0.3820900792003597,1.9765830657703787,36.53546238629537
0.02512562814070352,10.010204081632653,0.585396253731303,1.9627162404033789,44.288378767604534
0.03015075376884422,10.010204081632653,0.8262755536392604,1.9460744743464067,51.48941660503843
0.035175879396984924,10.010204081632653,1.101949599611415,1.9267270196404365,58.136707807605
0.04020100502512563,10.010204081632653,1.4096385051199343,1.9047213735122308,64.23114348813664
0.04522613065326633,10.010204081632653,1.7465614143895583,1.8801103050575962,69.77131278795999
0.05025125628140704,10.010204081632653,2.1099347766549736,1.8529098887266258,74.75894872601836
0.05527638190954774,10.010204081632653,2.4969742987427175,1.8231295003276022,79.19001988595392
0.06030150753768844,10.010204081632653,2.904890580947686,1.7907343171785974,83.07032711248469
0.06532663316582915,10.010204081632653,3.330893899262017,1.7556828549346586,86.39011401363592
0.07035175879396985,10.010204081632653,3.772185401708158,1.7178942791912712,89.15046660480544
0.07537688442211055,10.010204081632653,4.225962124559619,1.6772315527216504,91.35495152978642
0.08040201005025126,10.010204081632653,4.6894086934770804,1.6334923979459264,93.00330072585395
0.08542713567839195,10.010204081632653,5.159696388264635,1.5863812075677612,94.07993540767403
0.09045226130653267,10.010204081632653,5.633969034962666,1.5354487888184838,94.5880516509277
0.09547738693467336,10.010204081632653,6.109335828124087,1.4800425700043536,94.50585181546937
0.10050251256281408,10.010204081632653,6.582809044508467,1.41905830934871,93.8276082909559
0.10552763819095477,10.010204081632653,7.051257820811746,1.3507072835790588,92.49466161990166
0.11055276381909548,10.010204081632653,7.511150658200295,1.2715446142716995,90.39618825153872
0.11557788944723618,10.010204081632653,7.957744201984863,1.1741681418949843,87.10569549813765
0.12060301507537688,10.010204081632653,8.381067984244222,1.038735053353858,80.22346263034011
0.12562814070351758,10.010204081632653,8.73806828941628,0.8056555821338544,56.13605130273629
0.1306532663316583,10.010204081632653,8.92756027865152,0.4440236509908203,23.06120956111227
0.135678391959799,10.010204081632653,9.00582729516245,0.06097041366108061,10.776795072681388
0.1407035175879397,10.010204081632653,9.04815252951001,-0.3044423775573561,6.647268438238588
0.1457286432160804,10.010204081632653,9.07688914386421,-0.644936581180019,4.962711091634925
0.1507537688442211,10.010204081632653,9.099550648239497,-0.9568715374057238,4.1591678602471385
0.15577889447236182,10.010204081632653,9.11955571537142,-1.2371844170844974,3.841587392368802
0.16080402010050251,10.010204081632653,9.139033629118787,-1.4829280512428717,3.8767044885917774
0.1658291457286432,10.010204081632653,9.160165484882894,-1.691080612046581,4.592524987649427
0.1708542713567839,10.010204081632653,9.186561525099538,-1.858116018647944,6.205142550094346
0.17587939698492464,10.010204081632653,9.230143006497574,-1.975799609756106,12.324539293227994
0.18090452261306533,10.010204081632653,9.298950200279767,-2.012763906621106,11.268185840331666
0.18592964824120603,10.010204081632653,9.331225218788541,-2.0143043254029154,1.4339079486778865
0.19095477386934673,10.010204081632653,9.349982515217906,-2.0140191783662886,8.382476220753352
0.19597989949748743,10.010204081632653,9.415541408115866,-2.010762447607071,17.619124732082774
0.20100502512562815,10.010204081632653,9.526194603740603,-2.0036096860680566,26.335160541899075
0.20603015075376885,10.010204081632653,9.679343678417407,-1.9934222851105994,34.53088502189713
0.21105527638190955,10.010204081632653,9.872358677631038,-1.9804513856256876,42.20189468466398
0.21608040201005024,10.010204081632653,10.102602396150134,-1.9647877289570046,49.34796897200313
0.22110552763819097,10.010204081632653,10.367431215139689,-1.9465116621059362,55.96684437851889
0.22613065326633167,10.010204081632653,10.664202462754988,-1.9256713061503532,62.060597757561816
0.23115577889447236,10.010204081632653,10.990272901943488,-1.9023229755989526,67.62806043388335
0.23618090452261306,10.010204081632653,11.342998830989096,-1.876484869205136,72.6690358964866
0.24120603015075376,10.010204081632653,11.71973318796846,-1.8481678150873495,77.18299912464164
0.24623115577889448,10.010204081632653,12.117829106432843,-1.8173760454671894,81.17109347970101
0.25125628140703515,10.010204081632653,12.53463188709078,-1.784058708929749,84.62981243855023
0.2562814070351759,10.010204081632653,12.967484131319685,-1.7481787349475575,87.56008588454524
0.2613065326633166,10.010204081632653,13.413724492162205,-1.7096156530865592,89.95670392226864
0.2663316582914573,10.010204081632653,13.870685756078297,-1.668239821352331,91.82637095549438
0.271356783919598,10.010204081632653,14.335686023708549,-1.6238323210735097,93.15453982077236
0.27638190954773867,10.010204081632653,14.806032068757741,-1.576059093283399,93.94977995807685
0.2814070351758794,10.010204081632653,15.27900168705933,-1.5244639646096132,94.19556650113583
0.2864321608040201,10.010204081632653,15.751820047396327,-1.4683212695530234,93.88799597545851
0.2914572864321608,10.010204081632653,16.2216286999838,-1.4064444670152687,92.99668464380993
0.2964824120603015,10.010204081632653,16.685397476618647,-1.3368718185547455,91.45550737485563
0.3015075376884422,10.010204081632653,17.139599939246178,-1.255785721815944,89.13357565864419
0.3065326633165829,10.010204081632653,17.57927146098609,-1.1547429860413263,85.46525364916157
0.31155778894472363,10.010204081632653,17.99262851493196,-1.0103324050203568,77.44591677440968
0.3165829145728643,10.010204081632653,18.325993645969145,-0.7570225465869316,51.022238400975795
0.32160804020100503,10.010204081632653,18.49002142724411,-0.389883361819227,19.63417173423368
0.32663316582914576,10.010204081632653,18.55997251966697,-0.012490555458795743,9.94927273012198
0.3316582914572864,10.010204081632653,18.59944436812835,0.34599012570082405,6.274845162195421
0.33668341708542715,10.010204081632653,18.626910216042077,0.6795061725610673,4.838300511224044
0.3417085427135678,10.010204081632653,18.648920004017143,0.9846949152732172,4.072000627096358
0.34673366834170855,10.010204081632653,18.668549532968992,1.258665424457048,3.8323958971285537
0.35175879396984927,10.010204081632653,18.687829603010382,1.4986201629566713,3.995142452750835
0.35678391959798994,10.010204081632653,18.708843134645825,1.7016688012748895,4.395135277215559
0.36180904522613067,10.010204081632653,18.73538029141081,1.8643681433400752,6.430720975588859
0.36683417085427134,10.010204081632653,18.77944814553624,1.97829643354408,12.584922195468257
0.37185929648241206,10.010204081632653,18.847305533384983,2.012871229923761,10.965777164443475
0.3768844221105528,10.010204081632653,18.878653771836195,2.014305269047192,1.381823768051669
0.38190954773869346,10.010204081632653,18.89744383626158,2.0140185908074657,8.395080136484916
0.3869346733668342,10.010204081632653,18.96306441156736,2.0107564228506476,17.63098648769928
0.39195979899497485,10.010204081632653,19.073775122535626,2.0035992855116773,26.346310614549218
0.3969849246231156,10.010204081632653,19.226978769113334,1.9934081243700006,34.541319190864144
0.4020100502512563,10.010204081632653,19.420045154599443,1.9804335699154054,42.21159788815814
0.40703517587939697,10.010204081632653,19.650335462315066,1.9647667238752364,49.35703037138546
0.4120603015075377,10.010204081632653,19.91520728527383,1.9464869363468258,55.975102510264065
0.41708542713567837,10.010204081632653,20.212021384191043,1.92564310152265,62.0682459230774
0.4221105527638191,10.010204081632653,20.53813375511885,1.9022910876433272,67.63490676749852
0.4271356783919598,10.010204081632653,20.89089435722846,1.8764496453662598,72.67517475000987
0.4321608040201005,10.010204081632653,21.26766006268665,1.8481292483663088,77.1885368531958
0.4371859296482412,10.010204081632653,21.66579168962121,1.817333775040631,81.17573971288616
0.44221105527638194,10.010204081632653,22.08262727908726,1.7840123058715815,84.63404625460278
0.4472361809045226,10.010204081632653,22.51549930212922,1.7481288745225279,87.5632972508522
0.45226130653266333,10.010204081632653,22.961757617477016,1.709561673553388,89.95951550905113
0.457286432160804,10.010204081632653,23.41874385849447,1.6681810389488478,91.82862204435447
0.4623115577889447,10.010204081632653,23.88375122443447,1.623768933529663,93.1557694840412
0.46733668341708545,10.010204081632653,24.354095431172258,1.575991762434327,93.95064051679847
0.4723618090452261,10.010204081632653,24.82705768779926,1.5243918813750796,94.19565748917714
0.47738693467336685,10.010204081632653,25.299860752139473,1.4682442645264853,93.88661251200695
0.4824120603015075,10.010204081632653,25.769661904325652,1.4063592637383715,92.99599668390674
0.48743718592964824,10.010204081632653,26.233403108515976,1.3367768457772573,91.4526915789892
0.49246231155778897,10.010204081632653,26.687585896903304,1.2556731177791733,89.12881390240152
0.49748743718592964,10.010204081632653,27.127235768794176,1.1545946823699944,85.45818208887319
0.5025125628140703,10.010204081632653,27.540529876226632,1.010103802078919,77.41561315891721
0.507537688442211,10.010204081632653,27.87371141227436,0.756651376330247,51.16490285807591
0.5125628140703518,10.010204081632653,28.037554277917327,0.3894569756232749,19.584298402480474
0.5175879396984925,10.010204081632653,28.107451254937153,0.012080400950938592,9.965009512763647
0.5226130653266332,10.010204081632653,28.146905584761157,-0.3464072736948507,6.271501145445468
0.5276381909547738,10.010204081632653,28.174362192304944,-0.6798872706572516,4.838654756560482
0.5326633165829145,10.010204081632653,28.196367515672478,-0.9850405311643746,4.071551781967163
0.5376884422110553,10.010204081632653,28.215995363299736,-1.2589696929891703,3.8325258662972033
0.542713567839196,10.010204081632653,28.2352747732744,-1.4988665611307166,3.995697538226429
0.5477386934673367,10.010204081632653,28.256290752334777,-1.701867988034397,4.399246156251342
0.5527638190954773,10.010204081632653,28.282838301007555,-1.8645207571306774,6.427910439241731
0.5577889447236181,10.010204081632653,28.32693717875363,-1.9783789825714517,12.57601777692087
0.5628140703517588,10.010204081632653,28.394795216642976,-2.0128782203538345,10.954909754193725
0.5678391959798995,10.010204081632653,28.426086208426597,-2.0143052773066046,1.3694029407713968
0.5728643216080402,10.010204081632653,28.44492106641177,-2.0140170254502965,8.407056560677841
0.5778894472361809,10.010204081632653,28.510599582982586,-2.010749577230946,17.64232216174518
0.5829145728643216,10.010204081632653,28.62136605663188,-2.0035881925316557,26.357025192694884
0.5879396984924623,10.010204081632653,28.77462169593695,-1.993393420860946,34.551398545619705
0.592964824120603,10.010204081632653,28.96773670832812,-1.9804154337802196,42.22104929983099
0.5979899497487438,10.010204081632653,29.19807331185059,-1.9647452066797344,49.36586351510512
0.6030150753768844,10.010204081632653,29.46298821477384,-1.9464620343143135,55.98329330245331
0.6080402010050251,10.010204081632653,29.75984171807754,-1.9256149371999467,62.07580898303008
0.6130653266331658,10.010204081632653,30.085987850216753,-1.9022598604828904,67.64182201331927
0.6180904522613065,10.010204081632653,30.438784313961175,-1.8764149873654035,72.68144666625408
0.6231155778894473,10.010204081632653,30.81558023604536,-1.848091326185638,77.19418931138306
0.628140703517588,10.010204081632653,31.213728430739735,-1.8172934493210147,81.1806836560653
0.6331658291457286,10.010204081632653,31.63057952843887,-1.7839693438433741,84.63846110541502
0.6381909547738693,10.010204081632653,32.063475475262074,-1.7480822123788082,87.5668861455922
0.6432160804020101,10.010204081632653,32.509746321905546,-1.7095116519271776,89.96262482359835
0.6482412060301508,10.010204081632653,32.96673112465846,-1.668128767537341,91.83115652117137
0.6532663316582915,10.010204081632653,33.43176707371359,-1.6237104753374547,93.15743613855776
0.6582914572864321,10.010204081632653,33.902132834207244,-1.5759271869184903,93.95185981512057
0.6633165829145728,10.010204081632653,34.37510048041434,-1.5243213642320426,94.19615508355508
0.6683417085427136,10.010204081632653,34.84790380300654,-1.4681669466852867,93.8858451256653
0.6733668341708543,10.010204081632653,35.31768033289941,-1.4062761330222913,92.99559447100168
0.678391959798995,10.010204081632653,35.781398567781935,-1.336683618557994,91.45050191251218
0.6834170854271356,10.010204081632653,36.23556164244893,-1.2555626360017569,89.12493975006933
0.6884422110552764,10.010204081632653,36.6751935452563,-1.1544483389089166,85.45223212578676
0.6934673366834171,10.010204081632653,37.08843599348347,-1.0098730993730354,77.38991101084
0.6984924623115578,10.010204081632653,37.421482947304725,-0.756211918577148,51.31476707314612
0.7035175879396985,10.010204081632653,37.58511338086524,-0.38892786911764293,19.532720662246646
0.7085427135678392,10.010204081632653,37.654944830014415,-0.011560956318693853,9.984344182681326
0.7135678391959799,10.010204081632653,37.69437154425391,0.34687905117585327,6.267609164250963
0.7185929648241206,10.010204081632653,37.72181863128722,0.6803254423407221,4.8410530482284315
0.7236180904522613,10.010204081632653,37.74381805516605,0.9854294777591454,4.071426468957811
0.7286432160804021,10.010204081632653,37.76344464742728,1.2593194882714154,3.8331599549011046
0.7336683417085427,10.010204081632653,37.78272653505793,1.499182939716224,3.9973330849959314
0.7386934673366834,10.010204081632653,37.80374485723427,1.7021255948877303,4.411314683421429
0.7437185929648241,10.010204081632653,37.83031173378249,1.8647400407890709,6.420366654693957
0.7487437185929648,10.010204081632653,37.87445695931673,1.978499945802228,12.555636632706392
0.7537688442211056,10.010204081632653,37.94229353011416,2.012886053058594,10.94408918114098
0.7587939698492462,10.010204081632653,37.97351782786161,2.014305288659604,1.3569601605344288
0.7638190954773869,10.010204081632653,37.99239683429094,2.0140155071626036,8.419012936779087
0.7688442211055276,10.010204081632653,38.05813338259469,2.0107428174624538,17.65357958279278
0.7738693467336684,10.010204081632653,38.16895376126394,2.0035773136674297,26.36760194472231
0.7788944723618091,10.010204081632653,38.32226137784063,1.9933789367568884,34.561289401349185
0.7839195979899497,10.010204081632653,38.515424145035716,1.980397570913285,42.23026085808773
0.7889447236180904,10.010204081632653,38.74580554826987,1.9647241036049718,49.37442013674667
0.7939698492462312,10.010204081632653,39.010764903187614,1.9464373992784294,55.99115296731309
0.7989949748743719,10.010204081632653,39.307653254876705,1.9255873769834,62.08301600891743
0.8040201005025126,10.010204081632653,39.63383326014658,1.9022292335593478,67.64833284772591
0.8090452261306532,10.010204081632653,39.98665571502842,1.876381680967719,72.68728251738379
0.8140703517587939,10.010204081632653,40.36347629746421,1.848055225338305,77.19938721797641
0.8190954773869347,10.010204081632653,40.761650966207725,1.8172542421893558,81.18513145015537
0.8241206030150754,10.010204081632653,41.17851979025331,1.783927368812871,84.64237646775567
0.8291457286432161,10.010204081632653,41.61143153354079,1.748037246123178,87.5699454450728
0.8341708542713567,10.010204081632653,42.057720203211986,1.7094629412669795,89.96519654627235
0.8391959798994975,10.010204081632653,42.5147181905707,1.6680765308243541,91.83314767640786
0.8442211055276382,10.010204081632653,42.979749730103386,1.623655276101489,93.15854582964278
0.8492462311557789,10.010204081632653,43.450117974453704,1.5758681097828653,93.95251484922458
0.8542713567839196,10.010204081632653,43.92310725455673,1.524254941522649,94.19609515204714
0.8592964824120602,10.010204081632653,44.39590012494352,1.468095426586237,93.88455218467577
0.864321608040201,10.010204081632653,44.865673942391524,1.406196491901995,92.99466130592228
0.8693467336683417,10.010204081632653,45.32939680695063,1.336589897301617,91.44780190682611
0.8743718592964824,10.010204081632653,45.78354850499823,1.255449857861452,89.12062022657194
0.8793969849246231,10.010204081632653,46.22315478089777,1.1543009428594144,85.44616986890695
0.8844221105527639,10.010204081632653,46.6364053654287,1.0096116896956702,77.36320101893372
0.8894472361809045,10.010204081632653,46.96924827028746,0.7557809771770772,51.125589962757594
0.8944723618090452,10.010204081632653,47.132666991505666,0.38841872867977834,19.486578149296644
0.8994974874371859,10.010204081632653,47.20243195672983,0.011090108461687174,10.004022889957634
0.9045226130653267,10.010204081632653,47.24183406791421,-0.34731296759122443,6.264190295591413
0.9095477386934674,10.010204081632653,47.26927192394888,-0.6807222104718627,4.843032154592973
0.914572864321608,10.010204081632653,47.291268123505624,-0.9858116589261492,4.071247013113173
0.9195979899497487,10.010204081632653,47.31089337954218,-1.2596618683960246,3.8336719311901426
0.9246231155778895,10.010204081632653,47.33017602691798,-1.499474404298991,3.998624932444157
0.9296482412060302,10.010204081632653,47.35119827955128,-1.7023762245928595,4.42229303280717
0.9346733668341709,10.010204081632653,47.37777473527147,-1.8649140739639114,6.413273317333365
0.9396984924623115,10.010204081632653,47.42198129502897,-1.9786269221717891,12.525621700622203
0.9447236180904522,10.010204081632653,47.48978200887319,-2.0128928199096316,10.932952493058506
0.949748743718593,10.010204081632653,47.520949489341426,-2.0143052986194427,1.3445117689909465
0.9547738693467337,10.010204081632653,47.575308475745096,-2.0124869648597175,24.018440702427036
0.9597989949748744,10.010204081632653,47.753803905784245,-2.0010979218667484,46.00209233312303
0.964824120603015,10.010204081632653,48.02732852271559,-1.9827956440473038,61.83214105534425
0.9698492462311558,10.010204081632653,48.36490089275464,-1.9598064790746437,71.49391353249119
0.9748743718592965,10.010204081632653,48.73552127451898,-1.9340323408791462,74.98428132867036
0.9798994974874372,10.010204081632653,49.108192542042666,-1.9075032734535842,72.30939673807714
0.9849246231155779,10.010204081632653,49.451938038950004,-1.8824543574882915,63.47121948776158
0.9899497487437185,10.010204081632653,49.73578598509655,-1.8613131332058832,48.47286188243472
0.9949748743718593,10.010204081632653,49.92878777121573,-1.8466906997018737,27.316270117777876
1.0,10.010204081632653,50.0,-1.8412452097286949,-1.1238522944861632e-14
0.0,10.03061224489796,0.0,2.0,0.0
0.005025125628140704,10.03061224489796,0.025260537743432062,1.999497022668269,9.958026704510962
0.010050251256281407,10.03061224489796,0.09910704231457218,1.9955064181821895,19.339919700828524
0.01507537688442211,10.03061224489796,0.21872725264968101,1.9876244580850133,28.17878032723275
0.020100502512562814,10.03061224489796,0.3813954446064544,1.9766734437757576,36.471691937686586
0.02512562814070352,10.03061224489796,0.5843527845990633,1.9628599497878312,44.21360321525954
0.03015075376884422,10.03061224489796,0.8248329241166041,1.9462816916165102,51.40550693349623
0.035175879396984924,10.03061224489796,1.1000676419445703,1.927008533156823,58.046096965992156
0.04020100502512563,10.03061224489796,1.4072866758827616,1.9050874876872856,64.1351264092236
0.04522613065326633,10.03061224489796,1.7437197464642202,1.8805718622470002,69.672339330731
0.05025125628140704,10.03061224489796,2.106593218588752,1.8534763222818895,74.65862168592462
0.05527638190954774,10.03061224489796,2.493132684843726,1.8238134994999233,79.09165654661699
0.06030150753768844,10.03061224489796,2.9005598201806566,1.7915446798771044,82.97322888952193
0.06532663316582915,10.03061224489796,3.32609171025467,1.756637044124343,86.29801845061232
0.07035175879396985,10.03061224489796,3.766943371589618,1.7190091820486249,89.06674173569235
0.07537688442211055,10.03061224489796,4.22032116618972,1.6785217707213294,91.28145825044365
0.08040201005025126,10.03061224489796,4.683419721293332,1.6349725999798546,92.9408871221642
0.08542713567839195,10.03061224489796,5.1534231508090755,1.5880863912141328,94.03493099089951
0.09045226130653267,10.03061224489796,5.627488802728808,1.5374208748202896,94.54913458177586
0.09547738693467336,10.03061224489796,6.102732652398372,1.4823278886813909,94.50006370379467
0.10050251256281408,10.03061224489796,6.576189746684824,1.421743862795936,93.8303598051541
0.10552763819095477,10.03061224489796,7.044746560387266,1.3539030769061011,92.54127716409421
0.11055276381909548,10.03061224489796,7.504917663826825,1.2755181577116994,90.45884803364379
0.11557788944723618,10.03061224489796,7.952077747164039,1.1795401457982535,87.21538497984218
0.12060301507537688,10.03061224489796,8.376811167959508,1.0471695364571125,81.13060071859445
0.12562814070351758,10.03061224489796,8.739432485964567,0.8213932261912003,57.92017432898699
0.1306532663316583,10.03061224489796,8.937676226475787,0.46410713422135536,23.739987106346792
0.135678391959799,10.03061224489796,9.018947679955033,0.08087429842040988,10.967331166436528
0.1407035175879397,10.03061224489796,9.062271348470599,-0.28542393260671106,6.751899564857922
0.1457286432160804,10.03061224489796,9.091410833497553,-0.6270652277255986,4.9794717138835995
0.1507537688442211,10.03061224489796,9.114239245351206,-0.9403526110767803,4.1838450164598715
0.15577889447236182,10.03061224489796,9.13427017928979,-1.2222277855684198,3.881069682676597
0.16080402010050251,10.03061224489796,9.153685549605974,-1.4697519227679952,3.9878868500943288
0.1658291457286432,10.03061224489796,9.174530740677751,-1.6799328250617815,4.430816062729302
0.1708542713567839,10.03061224489796,9.20038821647957,-1.8493114808741922,5.9344824876518665
0.17587939698492464,10.03061224489796,9.24204731982057,-1.9704535977031103,11.643827298179435
0.18090452261306533,10.03061224489796,9.31079397351789,-2.012285664078035,11.798544611138933
0.18592964824120603,10.03061224489796,9.345999089782987,-2.0142806418494184,2.049156459518958
0.19095477386934673,10.03061224489796,9.362780802340229,-2.0140696542470655,7.787115353092672
0.19597989949748743,10.03061224489796,9.425389546500757,-2.011086045775014,17.040388148892422
0.20100502512562815,10.03061224489796,9.533173411700028,-2.0041679088962496,25.772481131504037
0.20603015075376885,10.03061224489796,9.683541810924208,-1.994192368671634,33.98716140331138
0.21105527638190955,10.03061224489796,9.87387643053822,-1.9814362749421537,41.67877813608309
0.21608040201005024,10.03061224489796,10.101547048501795,-1.9659937162443224,48.84696166386383
0.22110552763819097,10.03061224489796,10.363925982998476,-1.9479416670710603,55.491265838134794
0.22613065326633167,10.03061224489796,10.658377447424053,-1.9273412021936165,61.612407062609925
0.23115577889447236,10.03061224489796,10.982265952638503,-1.9042259337783647,67.2079354031348
0.23618090452261306,10.03061224489796,11.332960778633453,-1.878636720549736,72.27943732827222
0.24120603015075376,10.03061224489796,11.707815563299157,-1.850588180728038,76.826436833773
0.24623115577889448,10.03061224489796,12.104194838013354,-1.82005932178986,80.84554165654734
0.25125628140703515,10.03061224489796,12.519457831574474,-1.7870391673839843,84.33976181453656
0.2562814070351759,10.03061224489796,12.950958412996053,-1.7514568412530125,87.30705273092994
0.2613065326633166,10.03061224489796,13.396043516441567,-1.7132303620452682,89.74865269029738
0.2663316582914573,10.03061224489796,13.85206164364019,-1.672209466768712,91.65762857240085
0.271356783919598,10.03061224489796,14.316332952817636,-1.628183139529166,93.03444669337739
0.27638190954773867,10.03061224489796,14.786178122548622,-1.5808648391200855,93.88093829769132
0.2814070351758794,10.03061224489796,15.258887223438776,-1.5297842624820797,94.17240495288637
0.2864321608040201,10.03061224489796,15.731710993894556,-1.4742702859589154,93.91576314584486
0.2914572864321608,10.03061224489796,16.201808845152282,-1.4131963552557412,93.07987577558794
0.2964824120603015,10.03061224489796,16.666183998053445,-1.3447313759017991,91.62308347017631
0.3015075376884422,10.03061224489796,17.12140892222202,-1.2653426063844324,89.43286101914607
0.3065326633165829,10.03061224489796,17.562814947579056,-1.167394924400456,86.01550310868883
0.31155778894472363,10.03061224489796,17.980129132846844,-1.0303214119328217,78.80805694084233
0.3165829145728643,10.03061224489796,18.32814221528256,-0.7935739248398054,55.732000877602864
0.32160804020100503,10.03061224489796,18.50983467819304,-0.4334731968331758,21.47734647981716
0.32663316582914576,10.03061224489796,18.585719849761706,-0.05506497611814167,10.432650333726551
0.3316582914572864,10.03061224489796,18.62725691792725,0.3057100167857718,6.584387916462707
0.33668341708542715,10.03061224489796,18.655590397205366,0.6420124613585676,4.9704291847143205
0.3417085427135678,10.03061224489796,18.67797925760042,0.9503729506221188,4.117844226740632
0.34673366834170855,10.03061224489796,18.697721081747424,1.2278938844311629,3.8309049422524275
0.35175879396984927,10.03061224489796,18.716897599261166,1.4717765020648224,3.9130963191671704
0.35678391959798994,10.03061224489796,18.73747256601684,1.6791815181736824,4.439042550831019
0.36180904522613067,10.03061224489796,18.762908609719847,1.846793421713453,5.694076513551097
0.36683417085427134,10.03061224489796,18.803301246417966,1.9677220521255332,11.153159452276494
0.37185929648241206,10.03061224489796,18.871162498933074,2.0119088549597355,12.024320047480279
0.3768844221105528,10.03061224489796,18.908319663629257,2.0142793890775117,2.590920139745141
0.38190954773869346,10.03061224489796,18.923485525434202,2.0141257222619915,7.20735198743803
0.3869346733668342,10.03061224489796,18.983263294146745,2.0113928943295667,16.493004859351032
0.39195979899497485,10.03061224489796,19.088373994606215,2.004684735538123,25.255914153976022
0.3969849246231156,10.03061224489796,19.23622518061985,1.9948831117877421,33.502062421877866
0.4020100502512563,10.03061224489796,19.424200928205117,1.9822932855097182,41.22521550447155
0.40703517587939697,10.03061224489796,19.64967258640772,1.9670117668498708,48.42488916777054
0.4120603015075377,10.03061224489796,19.910007622510523,1.9491174560788398,55.10124305823117
0.41708542713567837,10.03061224489796,20.202573129295466,1.9286721917186975,61.25335704680952
0.4221105527638191,10.03061224489796,20.52473735111206,1.90570857220379,66.88087249953871
0.4271356783919598,10.03061224489796,20.873866010912664,1.8802705980131214,71.9837867540979
0.4321608040201005,10.03061224489796,21.247319807130523,1.8523689265731822,76.56372062076177
0.4371859296482412,10.03061224489796,21.642457684016083,1.8219991284975319,80.61402492223507
0.44221105527638194,10.03061224489796,22.05664206951864,1.7891301363055203,84.14330337774003
0.4472361809045226,10.03061224489796,22.487221907769143,1.7537090249139522,87.14192558144349
0.45226130653266333,10.03061224489796,22.93154694885281,1.7156379496587302,89.61311707970482
0.457286432160804,10.03061224489796,23.38697155458029,1.6747932947021484,91.55552888373036
0.4623115577889447,10.03061224489796,23.85082340326274,1.6309714394490078,92.96297937184214
0.46733668341708545,10.03061224489796,24.320415077727223,1.5838581636598865,93.83531126103468
0.4723618090452261,10.03061224489796,24.793017158091676,1.5330326596921031,94.16870626494594
0.47738693467336685,10.03061224489796,25.265891466909984,1.4778025528367698,93.94570183745859
0.4824120603015075,10.03061224489796,25.736238540671547,1.41712748893135,93.15876179028498
0.48743718592964824,10.03061224489796,26.201037168930444,1.3491792386691346,91.72317257290442
0.49246231155778897,10.03061224489796,26.65694333755348,1.2706221373081303,89.56141167429982
0.49748743718592964,10.03061224489796,27.099376437944052,1.1741935521235463,86.32484482929864
0.5025125628140703,10.03061224489796,27.518765944528386,1.0406496732730908,79.51332964961911
0.507537688442211,10.03061224489796,27.874094673303237,0.8124602402903833,58.23404599227482
0.5125628140703518,10.03061224489796,28.065986561938686,0.45680018777615816,22.72002522600217
0.5175879396984925,10.03061224489796,28.145477564976964,0.07781778074659178,10.793951945290708
0.5226130653266332,10.03061224489796,28.18823928436997,-0.2843043154959007,6.710586061758018
0.5276381909547738,10.03061224489796,28.21711741558408,-0.6222341211763778,4.942260017503877
0.5326633165829145,10.03061224489796,28.239758176246294,-0.9324124915772751,4.146792237688494
0.5376884422110553,10.03061224489796,28.259596534110027,-1.2119372261647587,3.8320584932300794
0.542713567839196,10.03061224489796,28.278750501045472,-1.45799288337626,3.9259248686941692
0.5477386934673367,10.03061224489796,28.29921120577213,-1.667744774535834,4.181980231179157
0.5527638190954773,10.03061224489796,28.3241757814254,-1.8379350679389976,5.966185667941208
0.5577889447236181,10.03061224489796,28.36310531257179,-1.962237854506677,10.655918481052272
0.5628140703517588,10.03061224489796,28.43068698613766,-2.0113317497818555,12.544938415928193
0.5678391959798995,10.03061224489796,28.470782676566177,-2.014277140047166,3.200835000871238
0.5728643216080402,10.03061224489796,28.484693545110133,-2.0141639642760163,6.611560152340024
0.5778894472361809,10.03061224489796,28.541566377817563,-2.01166925095714,15.932322580761047
0.5829145728643216,10.03061224489796,28.64393794500321,-2.00517684405539,24.727163781344924
0.5879396984924623,10.03061224489796,28.78921467011385,-1.9955534703229414,33.00604469823246
0.592964824120603,10.03061224489796,28.97478061843152,-1.9831341559315099,40.762041436234874
0.5979899497487438,10.03061224489796,29.1980066901977,-1.9680176001396967,47.99445208418793
0.6030150753768844,10.03061224489796,29.456262276774385,-1.9502831901631645,54.70321037297055
0.6080402010050251,10.03061224489796,29.74691544417366,-1.929986354641144,60.88844262428501
0.6130653266331658,10.03061224489796,30.067331072298785,-1.9071831186360686,66.54836923863476
0.6180904522613065,10.03061224489796,30.4148771183595,-1.8818964568859142,71.68419304769417
0.6231155778894473,10.03061224489796,30.78690958469022,-1.8541424458393272,76.29623933343363
0.628140703517588,10.03061224489796,31.180791296599192,-1.8239260887542315,80.38042293036659
0.6331658291457286,10.03061224489796,31.593881050789204,-1.7912122302308109,83.941093176988
0.6381909547738693,10.03061224489796,32.02353282737053,-1.7559489692001908,86.97387417203454
0.6432160804020101,10.03061224489796,32.46710039342563,-1.7180420048518283,89.4778009679221
0.6482412060301508,10.03061224489796,32.92191960609604,-1.6773723704737973,91.45101386952403
0.6532663316582915,10.03061224489796,33.38532571240516,-1.6337407198251375,92.89312970028053
0.6582914572864321,10.03061224489796,33.854643648173784,-1.5868420868508328,93.79945946491019
0.6633165829145728,10.03061224489796,34.327180124469336,-1.536248498324479,94.17497099460178
0.6683417085427136,10.03061224489796,34.80013703358821,-1.4813179998459354,93.97408905502135
0.6733668341708543,10.03061224489796,35.27071312196308,-1.4210051328930968,93.21946536934246
0.678391959798995,10.03061224489796,35.73593215949637,-1.3535912602698532,91.8539505372462
0.6834170854271356,10.03061224489796,36.192483217471,-1.2758115859214167,89.74377602932638
0.6884422110552764,10.03061224489796,36.63592611107406,-1.180854013478811,86.49572814326949
0.6934673366834171,10.03061224489796,37.05726941135518,-1.050624027449831,80.4558169561508
0.6984924623115578,10.03061224489796,37.419342302232124,-0.8307506838101356,58.35432891581864
0.7035175879396985,10.03061224489796,37.6217283439316,-0.4800098339976276,24.72168105715469
0.7085427135678392,10.03061224489796,37.70511554828922,-0.10058447821141514,11.51351513971782
0.7135678391959799,10.03061224489796,37.74920460732591,0.2628622319353169,6.951724839752019
0.7185929648241206,10.03061224489796,37.77863536519258,0.6023665390511671,5.031432820514481
0.7236180904522613,10.03061224489796,37.80152844207872,0.9143275858112223,4.1677732021284735
0.7286432160804021,10.03061224489796,37.821471599015034,1.1958114883270154,3.7919825412301993
0.7336683417085427,10.03061224489796,37.840602500205804,1.443983611695526,3.8459251444747404
0.7386934673366834,10.03061224489796,37.86093275597195,1.6560185923474968,4.393165160955613
0.7437185929648241,10.03061224489796,37.885458811142705,1.8287380655821377,5.435434649445497
0.7487437185929648,10.03061224489796,37.922913155851944,1.956281139543627,10.402126280005195
0.7537688442211056,10.03061224489796,37.98976234478332,2.010572131062352,12.99950532770143
0.7587939698492462,10.03061224489796,38.032693621622066,2.014269580173853,3.7938221402178036
0.7638190954773869,10.03061224489796,38.04574467906399,2.0141994730969532,6.028608271497857
0.7688442211055276,10.03061224489796,38.09977309045665,2.0119445773985007,15.382227048236256
0.7738693467336684,10.03061224489796,38.19946078929146,2.0056700397126375,24.20854015516598
0.7788944723618091,10.03061224489796,38.342210977079,1.996221826813564,32.51921067839654
0.7839195979899497,10.03061224489796,38.52541013919402,1.9839681930843018,40.30763680480878
0.7889447236180904,10.03061224489796,38.74643101762331,1.9690134816546434,47.57132193092589
0.7939698492462312,10.03061224489796,39.00263875339857,1.951435635080584,54.311814134083704
0.7989949748743719,10.03061224489796,39.29140254358157,1.9312924016805018,60.52892262566039
0.8040201005025126,10.03061224489796,39.61008720692454,1.908641793742244,66.22064671821175
0.8090452261306532,10.03061224489796,39.9560609673332,1.883506575244212,71.38853247600461
0.8140703517587939,10.03061224489796,40.326680572274235,1.8559024048801511,76.03081865442255
0.8190954773869347,10.03061224489796,40.719309761951465,1.8258310591185631,80.1507611906833
0.8241206030150754,10.03061224489796,41.13131080510138,1.7932674599319791,83.73914481206637
0.8291457286432161,10.03061224489796,41.560043610817026,1.758159829529436,86.80345581985267
0.8341708542713567,10.03061224489796,42.00284470065143,1.720428969356112,89.34104041330693
0.8391959798994975,10.03061224489796,42.45705392868018,1.6799322932032126,91.3487256584943
0.8442211055276382,10.03061224489796,42.92001349400906,1.6364755338685093,92.82073225373588
0.8492462311557789,10.03061224489796,43.389041063488705,1.5897858976228947,93.76095793638726
0.8542713567839196,10.03061224489796,43.86144166202817,1.539443760405731,94.15684317470927
0.8592964824120602,10.03061224489796,44.33448100406838,1.4847919229606927,94.00377985334792
0.864321608040201,10.03061224489796,44.80531245822599,1.4248466292956152,93.28780978082513
0.8693467336683417,10.03061224489796,45.270963898018536,1.3579331322824517,91.94389324520542
0.8743718592964824,10.03061224489796,45.72815076800924,1.2809190988106542,89.89201368660136
0.8793969849246231,10.03061224489796,46.172556163345135,1.1873364636105577,86.76501097135049
0.8844221105527639,10.03061224489796,46.59573792492315,1.0602359505925991,80.74914317920776
0.8894472361809045,10.03061224489796,46.96400451335894,0.8483411163871348,62.66897112737151
0.8944723618090452,10.03061224489796,47.17714298611969,0.5030966444778356,25.609163077555735
0.8994974874371859,10.03061224489796,47.264624289141025,0.12334483133375648,11.615970034369907
0.9045226130653267,10.03061224489796,47.31010561336171,-0.24140464985867355,7.010904092892552
0.9095477386934674,10.03061224489796,47.34011189435673,-0.5824869846125765,5.102857391225424
0.914572864321608,10.03061224489796,47.363284725105636,-0.8961639065414057,4.229362252253929
0.9195979899497487,10.03061224489796,47.383338286430735,-1.179539488271697,3.852037421150459
0.9246231155778895,10.03061224489796,47.40248116655697,-1.429805739317515,3.8425965726547515
0.9296482412060302,10.03061224489796,47.42260614963739,-1.6440944908067516,4.26390539427962
0.9346733668341709,10.03061224489796,47.44674392033231,-1.8192991656134294,5.5273117676588805
0.9396984924623115,10.03061224489796,47.482838341758274,-1.9499648630561248,9.513850974849822
0.9447236180904522,10.03061224489796,47.54859370221061,-2.0096242888864997,13.468118392351908
0.949748743718593,10.03061224489796,47.59426347779003,-2.0142561221803748,4.377870795083933
0.9547738693467337,10.03061224489796,47.62260628308438,-2.013844552155766,16.451160590593116
0.9597989949748744,10.03061224489796,47.76943410047665,-2.0052154256908152,40.89335235706457
0.964824120603015,10.03061224489796,48.022631235329435,-1.9883837452592936,58.78294331231823
0.9698492462311558,10.03061224489796,48.349206410482665,-1.9663017100175524,70.09789806009323
0.9748743718592965,10.03061224489796,48.71611870196014,-1.940989420288721,74.83766624526532
0.9798994974874372,10.03061224489796,49.09033625955411,-1.914571606835915,73.00390098663308
0.9849246231155779,10.03061224489796,49.438828023735894,-1.8893906980758852,64.6011744400853
0.9899497487437185,10.03061224489796,49.728596403639976,-1.867989856418994,49.63200729177124
0.9949748743718593,10.03061224489796,49.92665093684574,-1.8531102757040894,28.098942771409565
1.0,10.03061224489796,50.0,-1.8475466139028915,0.0
0.0,10.051020408163266,0.0,2.0,0.0
0.005025125628140704,10.051020408163266,0.025210968818248976,1.9994990021959917,9.938653227809073
0.010050251256281407,10.051020408163266,0.0989160308496079,1.9955240169490907,19.303345338556994
0.01507537688442211,10.051020408163266,0.2183132609660848,1.9876728282437262,28.12697380747924
0.020100502512562814,10.051020408163266,0.38068710735776107,1.9767643917231363,36.40665063429423
0.02512562814070352,10.051020408163266,0.5832885666242525,1.963004494624279,44.137330784857575
0.03015075376884422,10.051020408163266,0.823361508654462,1.9464901518814302,51.31993266778781
0.035175879396984924,10.051020408163266,1.098147885142115,1.9272913556293403,57.95365866931841
0.04020100502512563,10.051020408163266,1.404888101299522,1.9054555675484848,64.03719150049412
0.04522613065326633,10.051020408163266,1.740821432401178,1.8810356648178777,69.57138515905012
0.05025125628140704,10.051020408163266,2.103185012155,1.854045662825335,74.5563002898751
0.05527638190954774,10.051020408163266,2.4892131528642336,1.824499741297007,78.99134470133467
0.06030150753768844,10.051020408163266,2.8961389858394475,1.792359557854978,82.8742515676843
0.06532663316582915,10.051020408163266,3.321191452242702,1.7575958691530202,86.20420211446874
0.07035175879396985,10.051020408163266,3.7615947320471608,1.7201272645909667,88.98168172487534
0.07537688442211055,10.051020408163266,4.214564476551435,1.6798135682511939,91.2072645531379
0.08040201005025126,10.051020408163266,4.677309522236329,1.6364589312807065,92.8725064545765
0.08542713567839195,10.051020408163266,5.14702055214317,1.5897954514722348,93.97841762060516
0.09045226130653267,10.051020408163266,5.6208692893262935,1.5393982904295145,94.51414247944092
0.09547738693467336,10.051020408163266,6.095980928108156,1.4846040121394206,94.48275923907596
0.10050251256281408,10.051020408163266,6.569412490586179,1.4244234990962725,93.8480494884665
0.10552763819095477,10.051020408163266,7.03807139794724,1.3571057869724814,92.55850487564815
0.11055276381909548,10.051020408163266,7.498512227006656,1.2794984538879355,90.53499707512216
0.11557788944723618,10.051020408163266,7.946212277620198,1.1848150482817197,87.37636312506352
0.12060301507537688,10.051020408163266,8.372294256101876,1.0553918337111339,81.17340184527508
0.12562814070351758,10.051020408163266,8.740270234532789,0.8368330052323919,61.37574916961759
0.1306532663316583,10.051020408163266,8.947436552734612,0.48422778842722775,24.4521852855235
0.135678391959799,10.051020408163266,9.031973398473186,0.10089995814000005,11.364607971448171
0.1407035175879397,10.051020408163266,9.076371731599348,-0.26628226589825754,6.8683143228651256
0.1457286432160804,10.051020408163266,9.105930141876511,-0.6090912078851406,5.039009209599374
0.1507537688442211,10.051020408163266,9.128933315652601,-0.9237564299201442,4.216592200099281
0.15577889447236182,10.051020408163266,9.149004005509399,-1.2072220607661117,3.8785951228532216
0.16080402010050251,10.051020408163266,9.168351689974264,-1.4565552245495728,3.9296703653246534
0.1658291457286432,10.051020408163266,9.188981601346638,-1.6687871297975738,4.4868389080927
0.1708542713567839,10.051020408163266,9.214312253513368,-1.8405245476939098,5.725109286218634
0.17587939698492464,10.051020408163266,9.254265192200497,-1.9649857537957407,10.909777511614545
0.18090452261306533,10.051020408163266,9.322759007782578,-2.0117472869947695,12.32974830310179
0.18592964824120603,10.051020408163266,9.36093486601577,-2.014258864168947,2.6746146640802935
0.19095477386934673,10.051020408163266,9.376080825731021,-2.0141023687178894,7.17798684143396
0.19597989949748743,10.051020408163266,9.435670728814074,-2.0113802623420285,16.447682702890045
0.20100502512562815,10.051020408163266,9.540519248327099,-2.004701957367524,25.197069522237303
0.20603015075376885,10.051020408163266,9.688043555803787,-1.9949421511096763,33.43093065895169
0.21105527638190955,10.051020408163266,9.875635491252902,-1.982405896004741,41.1438010526565
0.21608040201005024,10.051020408163266,10.100677292750278,-1.9671861824431773,48.33504259252568
0.22110552763819097,10.051020408163266,10.360544828703317,-1.9493628004518522,55.00455735312096
0.22613065326633167,10.051020408163266,10.652614428635905,-1.928995941531031,61.153214052604696
0.23115577889447236,10.051020408163266,10.974261272504327,-1.9061253248006158,66.77669488577867
0.23618090452261306,10.051020408163266,11.32286121665272,-1.8807886388174595,71.87865056335978
0.24120603015075376,10.051020408163266,11.695786467945844,-1.8529954140359237,76.4587446962298
0.24623115577889448,10.051020408163266,12.090405178880125,-1.8227502060938017,80.51330957159023
0.25125628140703515,10.051020408163266,12.504084033552077,-1.79001040735827,84.04758175942392
0.2562814070351759,10.051020408163266,12.934192030296847,-1.7547372847630538,87.05352851358968
0.2613065326633166,10.051020408163266,13.378087458967123,-1.716829876883839,89.52998256137245
0.2663316582914573,10.051020408163266,13.833116789615993,-1.6761646499234317,91.48207150309867
0.271356783919598,10.051020408163266,14.296627634870571,-1.632544144706612,92.90679390725802
0.27638190954773867,10.051020408163266,14.765945086348879,-1.5856635034049043,93.79211309869363
0.2814070351758794,10.051020408163266,15.238372894165838,-1.5350952274654641,94.14931227463198
0.2864321608040201,10.051020408163266,15.711172173184625,-1.4801910690088242,93.93500413659045
0.2914572864321608,10.051020408163266,16.18152755684955,-1.4199035936599018,93.16042610910078
0.2964824120603015,10.051020408163266,16.646478670453547,-1.3525012887393577,91.79178277520961
0.3015075376884422,10.051020408163266,17.10268986786649,-1.2747196337034858,89.65349119767737
0.3065326633165829,10.051020408163266,17.545731911299118,-1.1796992004701339,86.4037256609639
0.31155778894472363,10.051020408163266,17.966544892666803,-1.049195319978941,80.12420063701627
0.3165829145728643,10.051020408163266,18.32755543012518,-0.8285102636719471,58.34743735444957
0.32160804020100503,10.051020408163266,18.52833132808643,-0.4773085378663743,23.90143361338445
0.32663316582914576,10.051020408163266,18.611077227783582,-0.09818514040551475,11.22478703944595
0.3316582914572864,10.051020408163266,18.654923886769346,0.2648542784296317,6.80060496297382
0.33668341708542715,10.051020408163266,18.684225303101254,0.6039400612692338,4.989337125235832
0.3417085427135678,10.051020408163266,18.707041598108436,0.9154849926274717,4.167913234591561
0.34673366834170855,10.051020408163266,18.7269207965706,1.1965685147258502,3.8298930693144793
0.35175879396984927,10.051020408163266,18.74600793118347,1.4443962437519997,3.898327353437022
0.35678391959798994,10.051020408163266,18.766254022159988,1.6561473981050454,4.091348503260503
0.36180904522613067,10.051020408163266,18.790712338424054,1.8286783700089855,5.72917239431415
0.36683417085427134,10.051020408163266,18.828047298020035,1.9560902561652858,9.941751543200082
0.37185929648241206,10.051020408163266,18.894728749425628,2.0105237167844168,12.9966475356697
0.3768844221105528,10.051020408163266,18.93766205749788,2.0142477621166375,3.804859418238092
0.38190954773869346,10.051020408163266,18.950666708919552,2.01418163466352,5.998559681456081
0.3869346733668342,10.051020408163266,19.00450172912058,2.011947224149543,15.335785635024987
0.39195979899497485,10.051020408163266,19.103919615508502,2.0057045983644426,24.147748624441277
0.3969849246231156,10.051020408163266,19.246331864964787,1.9962978947535823,32.445746529701715
0.4020100502512563,10.051020408163266,19.42913597484629,1.9840964604299125,40.223441828544956
0.40703517587939697,10.051020408163266,19.64970974873295,1.9692052846898969,47.47848181639355
0.4120603015075377,10.051020408163266,19.90543149216908,1.9516999610966665,54.21202552397726
0.41708542713567837,10.051020408163266,20.193679625084588,1.9316390490254407,60.4233467098409
0.4221105527638191,10.051020408163266,20.511832705411564,1.9090797297210496,66.11299765216202
0.4271356783919598,10.051020408163266,20.8572596442806,1.8840454443675965,71.27974408308039
0.4321608040201005,10.051020408163266,21.22733665864758,1.8565533906160685,75.92228128423572
0.4371859296482412,10.051020408163266,21.61943153798507,1.8266037235736885,80.04478524988218
0.44221105527638194,10.051020408163266,22.030915530648336,1.7941737392114476,83.63814803257121
0.4472361809045226,10.051020408163266,22.459155259016455,1.7592148655280204,86.70843776070524
0.45226130653266333,10.051020408163266,22.90149271696099,1.7216468417661777,89.25492213765503
0.457286432160804,10.051020408163266,23.355308124507456,1.6813267582677471,91.27616859578528
0.4623115577889447,10.051020408163266,23.81791688026229,1.6380745674480772,92.75763403313677
0.46733668341708545,10.051020408163266,24.286655003359193,1.5916161003396025,93.71121336917847
0.4723618090452261,10.051020408163266,24.75884152418334,1.5415407774159429,94.13098600377322
0.47738693467336685,10.051020408163266,25.231728198649478,1.4872115105347683,93.99030687265163
0.4824120603015075,10.051020408163266,25.702540391671555,1.427662494897927,93.2925340587482
0.48743718592964824,10.051020408163266,26.168331981833262,1.3612652089969395,91.99739655582425
0.49246231155778897,10.051020408163266,26.625821591542607,1.2850361477972614,89.948229108285
0.49748743718592964,10.051020408163266,27.07082529517453,1.1927263621408566,86.89476882935256
0.5025125628140703,10.051020408163266,27.49532772173065,1.0684852104880356,81.33457847504076
0.507537688442211,10.051020408163266,27.868459915500555,0.8634995639447042,62.87146768026283
0.5125628140703518,10.051020408163266,28.091173116909086,0.5239245729386663,26.99343041201713
0.5175879396984925,10.051020408163266,28.182554743575206,0.14423949607780198,12.30470711577271
0.5226130653266332,10.051020408163266,28.229265902540973,-0.2213923593146653,7.283242868233779
0.5276381909547738,10.051020408163266,28.25976120875013,-0.5636487185500985,5.150829617054464
0.5326633165829145,10.051020408163266,28.283141065929332,-0.8787540433928761,4.25522775525034
0.5376884422110553,10.051020408163266,28.303253777092507,-1.1637389774193385,3.8496656680134196
0.542713567839196,10.051020408163266,28.32234390537147,-1.4158133272687474,3.8074398059385235
0.5477386934673367,10.051020408163266,28.342292398561987,-1.632162032377873,4.284228207859016
0.5527638190954773,10.051020408163266,28.3659889731539,-1.8097051673467321,5.259567810878321
0.5577889447236181,10.051020408163266,28.400746352028644,-1.9433806369237,9.177973462237796
0.5628140703517588,10.051020408163266,28.465132174960768,-2.0084813926008236,13.832245400559572
0.5678391959798995,10.051020408163266,28.513662131049983,-2.0142181503290275,5.001712975199701
0.5728643216080402,10.051020408163266,28.526046992307243,-2.0142269917351765,4.808368870051756
0.5778894472361809,10.051020408163266,28.574074892848248,-2.0124459648048707,14.213537998066954
0.5829145728643216,10.051020408163266,28.668012325918067,-2.0066576727404497,23.088414010689267
0.5879396984924623,10.051020408163266,28.8052617419785,-1.9976095445294917,31.45037994253674
0.592964824120603,10.051020408163266,28.983225236507657,-1.9857417753759457,39.29190644661114
0.5979899497487438,10.051020408163266,29.199282332476322,-1.9711798874037834,46.611839020361955
0.6030150753768844,10.051020408163266,29.450811717992057,-1.9539912482969979,53.410413126407356
0.6080402010050251,10.051020408163266,29.735190534411462,-1.9342493443487243,59.6859241744131
0.6130653266331658,10.051020408163266,30.049793476109258,-1.9119890271095281,65.43987107260094
0.6180904522613065,10.051020408163266,30.39199940772348,-1.8872583864482848,70.67034037817582
0.6231155778894473,10.051020408163266,30.759177293195872,-1.8600700572289446,75.37911553648665
0.628140703517588,10.051020408163266,31.14869997010529,-1.8304321641522534,79.5634117956079
0.6331658291457286,10.051020408163266,31.557938372904175,-1.798304794378816,83.22455363504051
0.6381909547738693,10.051020408163266,31.984250302975216,-1.763661536177564,86.35909678290291
0.6432160804020101,10.051020408163266,32.42499929521856,-1.7264217771296932,88.96871138284675
0.6482412060301508,10.051020408163266,32.87754428022627,-1.6864506129316423,91.05391027322324
0.6532663316582915,10.051020408163266,33.33921842650035,-1.6435712865786567,92.60265479046609
0.6582914572864321,10.051020408163266,33.807369194830954,-1.5975256822833028,93.62224192037193
0.6633165829145728,10.051020408163266,34.27928427066929,-1.5479188654438611,94.11396524950769
0.6683417085427136,10.051020408163266,34.752257685401105,-1.4941630973101698,94.04028072466477
0.6733668341708543,10.051020408163266,35.2234711344386,-1.4353315079706561,93.40661845265602
0.678391959798995,10.051020408163266,35.690034171895036,-1.3699021377835356,92.17260819395045
0.6834170854271356,10.051020408163266,36.14874691551651,-1.295109639739381,90.25410377031278
0.6884422110552764,10.051020408163266,36.59555423403449,-1.2053417784380003,87.36116653038329
0.6934673366834171,10.051020408163266,37.02336165553782,-1.086595946584662,82.40363480557889
0.6984924623115578,10.051020408163266,37.40688731809439,-0.8961510634950931,66.91005864182716
0.7035175879396985,10.051020408163266,37.65207775900059,-0.57019524398948,30.40866402446929
0.7085427135678392,10.051020408163266,37.75339005714523,-0.19057983991029295,13.406991315736159
0.7135678391959799,10.051020408163266,37.8033552367418,0.17752366504922049,7.560419477910999
0.7185929648241206,10.051020408163266,37.8351861683866,0.5229024863750802,5.342150547259196
0.7236180904522613,10.051020408163266,37.85918472666426,0.8415307511553201,4.309568975655451
0.7286432160804021,10.051020408163266,37.87955835062603,1.1303683958736945,3.8493889576305986
0.7336683417085427,10.051020408163266,37.89865892991717,1.3866599890552342,3.782239696013763
0.7386934673366834,10.051020408163266,37.918442890184465,1.607563937789787,4.179547735203357
0.7437185929648241,10.051020408163266,37.94142094228663,1.7900793537021769,5.027825439342814
0.7487437185929648,10.051020408163266,37.97398763519394,1.9296783592860358,8.25675566411607
0.7537688442211056,10.051020408163266,38.035043757614645,2.005497555439411,14.414217541429624
0.7587939698492462,10.051020408163266,38.088893409726516,2.0141543902269827,6.189055924418545
0.7638190954773869,10.051020408163266,38.10213602110173,2.0142503033868606,3.6112333472202156
0.7688442211055276,10.051020408163266,38.144318895442964,2.012880005860636,13.084715333728406
0.7738693467336684,10.051020408163266,38.232741934905796,2.00756453774681,22.022411113211877
0.7788944723618091,10.051020408163266,38.364794305592774,1.9988795414699125,30.44811862973195
0.7839195979899497,10.051020408163266,38.537882002134026,1.987352450650799,38.35368204676198
0.7889447236180904,10.051020408163266,38.749386110275594,1.9731194030381198,45.737924798721394
0.7939698492462312,10.051020408163266,38.996686002103765,1.9562481675408958,52.60033519626442
0.7989949748743719,10.051020408163266,39.27715988115195,1.936815643732925,58.94188711863075
0.8040201005025126,10.051020408163266,39.58818375011035,1.9148680297522285,64.75844898669246
0.8090452261306532,10.051020408163266,39.92712827554516,1.8904428561603022,70.05427619125443
0.8140703517587939,10.051020408163266,40.291369911576865,1.8635569645835517,74.826347752718
0.8190954773869347,10.051020408163266,40.678282678862736,1.834211599855915,79.0757190183509
0.8241206030150754,10.051020408163266,41.085234345098065,1.8024037690909847,82.8006558349144
0.8291457286432161,10.051020408163266,41.509584104037096,1.768073496970681,86.0036999608575
0.8341708542713567,10.051020408163266,41.94869279199432,1.731150270561597,88.67488863836621
0.8391959798994975,10.051020408163266,42.39992245186014,1.6915295435331101,90.82282317124537
0.8442211055276382,10.051020408163266,42.86061692021762,1.64901726027329,92.44222125368691
0.8492462311557789,10.051020408163266,43.32810966033186,1.6033815769504913,93.52599616854125
0.8542713567839196,10.051020408163266,43.79971697257869,1.5542409108833746,94.08473012378377
0.8592964824120602,10.051020408163266,44.27270667604283,1.5010385559434078,94.07867321651882
0.864321608040201,10.051020408163266,44.74431578074535,1.4428965799713727,93.51982239570454
0.8693467336683417,10.051020408163266,45.211636311471565,1.3783913544674802,92.37372765473931
0.8743718592964824,10.051020408163266,45.67150061988415,1.3049838745427167,90.54154411987092
0.8793969849246231,10.051020408163266,46.12005572383789,1.2175545190797112,87.8317373308799
0.8844221105527639,10.051020408163266,46.55086261975946,1.1037441638581469,83.29006378435162
0.8894472361809045,10.051020408163266,46.94315641467244,0.9263989745991109,71.02761636965455
0.8944723618090452,10.051020408163266,47.210614245439224,0.6158727567937694,35.25863692551776
0.8994974874371859,10.051020408163266,47.32356075926557,0.2372166686489779,14.672362202948559
0.9045226130653267,10.051020408163266,47.37720740951145,-0.13327188110498947,8.177761984913777
0.9095477386934674,10.051020408163266,47.410501640133035,-0.48171900748885876,5.562700409358851
0.914572864321608,10.051020408163266,47.43517121261177,-0.8038057464113426,4.388166757132782
0.9195979899497487,10.051020408163266,47.455845569566414,-1.0964759363546912,3.903909077465425
0.9246231155778895,10.051020408163266,47.475010975800465,-1.3569238061677147,3.8287554015670415
0.9296482412060302,10.051020408163266,47.49454490784079,-1.5823385663251177,4.067642105133625
0.9346733668341709,10.051020408163266,47.516956287264975,-1.7697868785327127,4.771707171970272
0.9396984924623115,10.051020408163266,47.54766010599476,-1.9151146507504186,7.497873800399577
0.9447236180904522,10.051020408163266,47.60470226128789,-2.0012967850959367,14.731710821054444
0.949748743718593,10.051020408163266,47.663387660603995,-2.0140319936027598,7.366376469596257
0.9547738693467337,10.051020408163266,47.68225316047598,-2.014239246901341,7.715778741790007
0.9597989949748744,10.051020408163266,47.7924186195661,-2.0087875874304024,34.94364426778428
0.964824120603015,10.051020408163266,48.0217276381416,-1.993684283646453,55.152714854666115
0.9698492462311558,10.051020408163266,48.334948799570604,-1.9726535637879923,68.3382706128778
0.9748743718592965,10.051020408163266,48.6967771734329,-1.9478807197579886,74.49914116061267
0.9798994974874372,10.051020408163266,49.071912739880496,-1.9216165761066542,73.63465237489426
0.9849246231155779,10.051020408163266,49.42506951564697,-1.8963119397816488,65.75032518002715
0.9899497487437185,10.051020408163266,49.720972432059675,-1.8746403177701267,50.848612239987055
0.9949748743718593,10.051020408163266,49.924368710515814,-1.8594861822747866,28.932684478842447
1.0,10.051020408163266,50.0,-1.8537949955240574,0.0
0.0,10.071428571428571,0.0,2.0,0.0
0.005025125628140704,10.071428571428571,0.02516289117859305,1.9995009235768666,9.919867660087204
0.010050251256281407,10.071428571428571,0.09873082561179956,1.9955411936305076,19.267881158425855
0.01507537688442211,10.071428571428571,0.21791198467812728,1.9877201713083013,28.076732081676028
0.020100502512562814,10.071428571428571,0.38000017756621374,1.976853543547277,36.34356596357243
0.02512562814070352,10.071428571428571,0.5822564062187006,1.9631462666151116,44.063342035277806
0.03015075376884422,10.071428571428571,0.8219344239055308,1.9466947657569005,51.2369249287087
0.035175879396984924,10.071428571428571,1.096285765715658,1.9275687662286742,57.86397022028748
0.04020100502512563,10.071428571428571,1.4025604785677612,1.905817099560027,63.942172285800176
0.04522613065326633,10.071428571428571,1.7380079591500441,1.8814912287727388,69.47343121668445
0.05025125628140704,10.071428571428571,2.0998749413599964,1.8546053692446445,74.4570225475604
0.05527638190954774,10.071428571428571,2.485408130400914,1.8251731127684174,78.89403985541438
0.06030150753768844,10.071428571428571,2.8918481591935916,1.793161117069933,82.77825532757316
0.06532663316582915,10.071428571428571,3.316433677848145,1.758538972946135,86.11327670787287
0.07035175879396985,10.071428571428571,3.7564001547853603,1.7212250966866065,88.89948818900173
0.07537688442211055,10.071428571428571,4.208973305175338,1.6810799000011019,91.13605976402387
0.08040201005025126,10.071428571428571,4.671372377422601,1.6379233953343546,92.80729563305412
0.08542713567839195,10.071428571428571,5.140798446830774,1.5914804395683861,93.92579953925012
0.09045226130653267,10.071428571428571,5.614433108302554,1.5413389198816478,94.48478454710578
0.09547738693467336,10.071428571428571,6.089418562202733,1.4868504096814277,94.45940623513346
0.10050251256281408,10.071428571428571,6.562826034148599,1.4270392968837264,93.854855135828
0.10552763819095477,10.071428571428571,7.0315831849570705,1.3602441723517231,92.61206305512216
0.11055276381909548,10.071428571428571,7.492275240294178,1.2833639350813535,90.61849568765723
0.11557788944723618,10.071428571428571,7.94051193599693,1.1899843529951075,87.55989435044545
0.12060301507537688,10.071428571428571,8.367830308555128,1.0632763051979384,81.73085921340376
0.12562814070351758,10.071428571428571,8.74079953152989,0.8517300642279154,61.500583594851506
0.1306532663316583,10.071428571428571,8.956929891267158,0.5041204193871414,26.154949977191517
0.135678391959799,10.071428571428571,9.044956117086064,0.12080989065864571,11.846153485408367
0.1407035175879397,10.071428571428571,9.090440974378732,-0.2472160838301686,7.068320009899057
0.1457286432160804,10.071428571428571,9.120452622027138,-0.5911339206067014,5.150324125470396
0.1507537688442211,10.071428571428571,9.143625964707248,-0.9071267071091558,4.208305679194215
0.15577889447236182,10.071428571428571,9.163733447167846,-1.1921205823746681,3.8282565506734434
0.16080402010050251,10.071428571428571,9.182996013181706,-1.443204091127544,3.9046315355880057
0.1658291457286432,10.071428571428571,9.203473781113795,-1.6574116621266697,4.288741133009952
0.1708542713567839,10.071428571428571,9.228247739890936,-1.831424926483693,5.822570911381836
0.17587939698492464,10.071428571428571,9.266529366889285,-1.959027323762475,10.507658323430146
0.18090452261306533,10.071428571428571,9.334253106606162,-2.011028073806702,12.810467690076555
0.18592964824120603,10.071428571428571,9.37527317047963,-2.014230555446847,3.2783530376915224
0.19095477386934673,10.071428571428571,9.389200581283074,-2.0141295072119862,6.584896494848895
0.19597989949748743,10.071428571428571,9.445852103762038,-2.011670945466765,15.871242324385598
0.20100502512562815,10.071428571428571,9.547839648584453,-2.0052321485474267,24.63554507699984
0.20603015075376885,10.071428571428571,9.692587470604192,-1.9956832695365272,32.887604892131954
0.21105527638190955,10.071428571428571,9.87749940473885,-1.9833597140286772,40.6207949619667
0.21608040201005024,10.071428571428571,10.099966293142872,-1.9683574716630639,47.83382004693126
0.22110552763819097,10.071428571428571,10.35737290462414,-1.950758339269387,54.527335913027486
0.22613065326633167,10.071428571428571,10.64710700346865,-1.9306222085970626,60.701649117597945
0.23115577889447236,10.071428571428571,10.966555581033038,-1.907989667714862,66.35281341473235
0.23618090452261306,10.071428571428571,11.313101063530237,-1.8829002423896724,71.48443183720752
0.24120603015075376,10.071428571428571,11.684123853205083,-1.855362586336723,76.09530287123663
0.24623115577889448,10.071428571428571,12.077003851092776,-1.8253842454536247,80.18628755565287
0.25125628140703515,10.071428571428571,12.48912335780767,-1.792924539018437,83.75104647927697
0.2562814070351759,10.071428571428571,12.917852071439242,-1.7579485065331502,86.7946659602482
0.2613065326633166,10.071428571428571,13.360562988854587,-1.720371779571262,89.31448023425301
0.2663316582914573,10.071428571428571,13.814619801157736,-1.6800528699456696,91.3092639505382
0.271356783919598,10.071428571428571,14.277364645324996,-1.6368017125989747,92.77325502248623
0.27638190954773867,10.071428571428571,14.746138240902088,-1.590351805262701,93.70841373933924
0.2814070351758794,10.071428571428571,15.21826877228264,-1.5402904549325935,94.10386860907965
0.2864321608040201,10.071428571428571,15.691016986659346,-1.4859768236468316,93.95319741932646
0.2914572864321608,10.071428571428571,16.161609801661562,-1.4264421727046985,93.24206524591239
0.2964824120603015,10.071428571428571,16.627099051463745,-1.360059096176345,91.93205328033535
0.3015075376884422,10.071428571428571,17.084238232209586,-1.283798088729737,89.8745448195904
0.3065326633165829,10.071428571428571,17.5287998740799,-1.1914101450970005,86.83996073824703
0.31155778894472363,10.071428571428571,17.952764911550823,-1.0668506036828125,81.10835131167714
0.3165829145728643,10.071428571428571,18.3247547846844,-0.8608614829688416,63.17110917935175
0.32160804020100503,10.071428571428571,18.545518874298153,-0.520527765339466,27.380246250855297
0.32663316582914576,10.071428571428571,18.636041465474026,-0.14114047177841815,12.021728474888526
0.3316582914572864,10.071428571428571,18.682437478293714,0.22403198990467188,7.184247886576636
0.33668341708542715,10.071428571428571,18.712776266716755,0.5658141804062553,5.139422596462025
0.3417085427135678,10.071428571428571,18.736064217661436,0.8804641847823655,4.234077194410161
0.34673366834170855,10.071428571428571,18.75610969087704,1.1650204139946074,3.8354729516316377
0.35175879396984927,10.071428571428571,18.775144283202017,1.4167087374197955,3.783226236562761
0.35678391959798994,10.071428571428571,18.79504578513742,1.6327224263591402,4.289594767362862
0.36180904522613067,10.071428571428571,18.818682528533984,1.8099792057106112,5.286122702588678
0.36683417085427134,10.071428571428571,18.853359088262316,1.943427604334286,9.198324511102285
0.37185929648241206,10.071428571428571,18.917619612758948,2.0084581167313194,13.818543080251663
0.3768844221105528,10.071428571428571,18.966095204315923,2.014195707401495,4.9988330005721515
0.38190954773869346,10.071428571428571,18.978456851393165,2.0142055651933757,4.792470958661968
0.3869346733668342,10.071428571428571,19.026361073296993,2.0124349089031215,14.181074225451448
0.39195979899497485,10.071428571428571,19.12009641217058,2.0066715623060167,23.04098618470023
0.3969849246231156,10.071428571428571,19.25707393578007,1.9976598395246317,31.389961928349514
0.4020100502512563,10.071428571428571,19.434704304572502,1.9858394985759142,39.22020834241539
0.40703517587939697,10.071428571428571,19.650377743575493,1.9713338871523105,46.530611501937244
0.4120603015075377,10.071428571428571,19.901478872970394,1.9542114049299792,53.3214594614998
0.41708542713567837,10.071428571428571,20.18539752638803,1.934542932488904,59.592662493451606
0.4221105527638191,10.071428571428571,20.499521871282365,1.912373876084127,65.34102624328409
0.4271356783919598,10.071428571428571,20.84123181666148,1.8877402691942995,70.57031774224669
0.4321608040201005,10.071428571428571,21.207904997540773,1.8606572866487308,75.27781137543563
0.4371859296482412,10.071428571428571,21.596932562836507,1.8311249903648055,79.4649449934581
0.44221105527638194,10.071428571428571,22.00568070784143,1.7991374583031463,83.12806291357248
0.4472361809045226,10.071428571428571,22.43153037629769,1.7646344871603243,86.26977504035216
0.45226130653266333,10.071428571428571,22.871838904258027,1.7275371327843847,88.88740278950056
0.457286432160804,10.071428571428571,23.3239781988182,1.6877411506357651,90.97758249317562
0.4623115577889447,10.071428571428571,23.785310818316905,1.6450597725282796,92.54834170093649
0.46733668341708545,10.071428571428571,24.253177332506528,1.5992278624207785,93.58134630100854
0.4723618090452261,10.071428571428571,24.72488751073718,1.5498739893701534,94.07155402077115
0.47738693467336685,10.071428571428571,25.197736691898054,1.4964078854706304,94.02335145331962
0.4824120603015075,10.071428571428571,25.66894172368307,1.4379422782632516,93.41435313421417
0.48743718592964824,10.071428571428571,26.135614559210534,1.372993306607216,92.20569337927877
0.49246231155778897,10.071428571428571,26.594567961958575,1.298903852407365,90.34757541221438
0.49748743718592964,10.071428571428571,27.04186908671436,1.2102660827387688,87.51767524720415
0.5025125628140703,10.071428571428571,27.470732196801546,1.0938362266006276,82.72154046436475
0.507537688442211,10.071428571428571,27.85789547117715,0.9093481890704835,68.39512127372056
0.5125628140703518,10.071428571428571,28.112444096484207,0.5900152687836306,33.124059544893164
0.5175879396984925,10.071428571428571,28.21837575978676,0.21094985973709923,13.7748434561237
0.5226130653266332,10.071428571428571,28.269780579792968,-0.15791408631734571,7.735423341909467
0.5276381909547738,10.071428571428571,28.302173739450215,-0.504382963169852,5.499014235008979
0.5326633165829145,10.071428571428571,28.326387615885878,-0.824286217208128,4.336544959056817
0.5376884422110553,10.071428571428571,28.346841215722826,-1.1146342304248298,3.878382986067558
0.542713567839196,10.071428571428571,28.365920974088763,-1.3726078671244872,3.819412624689113
0.5477386934673367,10.071428571428571,28.38548833715049,-1.5954429155057837,4.085298172532369
0.5527638190954773,10.071428571428571,28.408119947985423,-1.7801418852015007,4.919222493244722
0.5577889447236181,10.071428571428571,28.439624038823922,-1.922407110898485,8.256490823366432
0.5628140703517588,10.071428571428571,28.498536326944752,-2.0034822530639835,14.634372022263468
0.5678391959798995,10.071428571428571,28.55477423291576,-2.0140732310314746,6.771729009138663
0.5728643216080402,10.071428571428571,28.568983199463577,-2.0142342439017207,2.9982062461726087
0.5778894472361809,10.071428571428571,28.608126460280445,-2.013065103034354,12.488243849664501
0.5829145728643216,10.071428571428571,28.6935930782441,-2.0080184017610265,21.442279466099848
0.5879396984924623,10.071428571428571,28.822774651918262,-1.9995518660566256,29.886216456393793
0.592964824120603,10.071428571428571,28.993088678571993,-1.9882422481023374,37.812065931650935
0.5979899497487438,10.071428571428571,29.2019263375685,-1.9742259655281114,45.21934396109502
0.6030150753768844,10.071428571428571,29.44667899950856,-1.957583894458389,52.10513899092011
0.6080402010050251,10.071428571428571,29.724728598362713,-1.9383810035459372,58.471209908861056
0.6130653266331658,10.071428571428571,30.03346362375052,-1.9166668073561377,64.3179784249056
0.6180904522613065,10.071428571428571,30.370264931229798,-1.8924860339337848,69.6423342515435
0.6231155778894473,10.071428571428571,30.732519624951593,-1.8658552987436388,74.44677479820226
0.628140703517588,10.071428571428571,31.117606058089702,-1.8367857368439857,78.73104777748269
0.6331658291457286,10.071428571428571,31.522899608538527,-1.8052476827684354,82.48945970743057
0.6381909547738693,10.071428571428571,31.94578009803574,-1.7712179233832248,85.72694327681602
0.6432160804020101,10.071428571428571,32.38361742670958,-1.7346084245619415,88.4434652036023
0.6482412060301508,10.071428571428571,32.83377263796161,-1.6953249978334843,90.629592965428
0.6532663316582915,10.071428571428571,33.29360836294713,-1.6531908338827566,92.29694874253882
0.6582914572864321,10.071428571428571,33.760460352310375,-1.6079682131542774,93.42413067818205
0.6633165829145728,10.071428571428571,34.231669942083855,-1.559305764032051,94.02778499236513
0.6683417085427136,10.071428571428571,34.7045213740641,-1.5066611309015685,94.0774855079253
0.6733668341708543,10.071428571428571,35.17623165483298,-1.4492136003348757,93.58066141717744
0.678391959798995,10.071428571428571,35.643943191765345,-1.3856137020923773,92.49101688681955
0.6834170854271356,10.071428571428571,36.10458439914564,-1.3135062671504765,90.73879156256847
0.6884422110552764,10.071428571428571,36.55440297989332,-1.228223954906383,88.09631294444921
0.6934673366834171,10.071428571428571,36.98751974949202,-1.1187189217350142,83.92813267267609
0.6984924623115578,10.071428571428571,37.386531770889704,-0.9524264723234155,73.18952022728507
0.7035175879396985,10.071428571428571,37.67396088694599,-0.6577513650894626,37.841541943508446
0.7085427135678392,10.071428571428571,37.799111592008614,-0.28113646442298873,15.875327837364667
0.7135678391959799,10.071428571428571,37.85654274782986,0.09113938687683136,8.480414529457475
0.7185929648241206,10.071428571428571,37.891293686691725,0.4421172541990688,5.674987654245897
0.7236180904522613,10.071428571428571,37.9165946315266,0.7671784612981697,4.4664372524917075
0.7286432160804021,10.071428571428571,37.93752888964563,1.063207337832144,3.927925040622008
0.7336683417085427,10.071428571428571,37.95671639809042,1.327398095425714,3.807878727529675
0.7386934673366834,10.071428571428571,37.97604663590639,1.5569439016195878,4.056887066563163
0.7437185929648241,10.071428571428571,37.99785494860538,1.748970782240614,4.927976429545215
0.7487437185929648,10.071428571428571,38.026870570100414,1.8996523276683606,7.32893118024632
0.7537688442211056,10.071428571428571,38.07935536380435,1.9954945766260603,14.129355900994383
0.7587939698492462,10.071428571428571,38.14201474608114,2.013787468106852,8.526745356488956
0.7638190954773869,10.071428571428571,38.16141266063352,2.01423860112097,1.1768701529873962
0.7688442211055276,10.071428571428571,38.1916568718242,2.013535602713262,10.769178148248045
0.7738693467336684,10.071428571428571,38.26872796545801,2.0092417920632166,19.818742922577485
0.7788944723618091,10.071428571428571,38.38998964654345,2.001340388421479,28.358076782376262
0.7839195979899497,10.071428571428571,38.55286715419156,1.9905437218932927,36.38042682868877
0.7889447236180904,10.071428571428571,38.754753210670614,1.9770240215081976,43.883427468057675
0.7939698492462312,10.071428571428571,38.99303705301084,1.9608631059864352,50.86641882821951
0.7989949748743719,10.071428571428571,39.26510281291518,1.94212851939589,57.329308685659186
0.8040201005025126,10.071428571428571,39.56834392346345,1.9208830417209597,63.2720593645803
0.8090452261306532,10.071428571428571,39.90013817671385,1.8971581644456181,68.69406427916647
0.8140703517587939,10.071428571428571,40.2578638935096,1.870979266550427,73.59434879012207
0.8190954773869347,10.071428571428571,40.63891231673731,1.8423613925558286,77.97565035877508
0.8241206030150754,10.071428571428571,41.04065050732246,1.8112823074861448,81.83344134161455
0.8291457286432161,10.071428571428571,41.46046080508286,1.77771723445644,85.16905043963678
0.8341708542713567,10.071428571428571,41.895724044181286,1.7416016299249917,87.979551404445
0.8391959798994975,10.071428571428571,42.343789583226126,1.7028181111740843,90.26729533150626
0.8442211055276382,10.071428571428571,42.80203003061398,1.6612318185845005,92.02991829894658
0.8492462311557789,10.071428571428571,43.26779055780947,1.6166005281143794,93.25678311712346
0.8542713567839196,10.071428571428571,43.738391280965594,1.5686109047990873,93.95854537163838
0.8592964824120602,10.071428571428571,44.21113527005136,1.5167497348059986,94.1139332687386
0.864321608040201,10.071428571428571,44.683268902199984,1.4602739309037942,93.70748869227917
0.8693467336683417,10.071428571428571,45.15195890276026,1.3979686400388323,92.7297469416651
0.8743718592964824,10.071428571428571,45.614147999337256,1.3276986278240956,91.13268104588647
0.8793969849246231,10.071428571428571,46.066332365711375,1.2453958092985251,88.67153632265624
0.8844221105527639,10.071428571428571,46.503225451941084,1.141802442969052,84.7978098083956
0.8894472361809045,10.071428571428571,46.9114419733528,0.99065216317228,75.71569966056606
0.8944723618090452,10.071428571428571,47.22914972297193,0.7229065183571821,46.834984282534904
0.8994974874371859,10.071428571428571,47.37773845683363,0.35174707407860206,18.410542869473772
0.9045226130653267,10.071428571428571,47.44256986089234,-0.023466617633178335,9.398763437565597
0.9095477386934674,10.071428571428571,47.48009616269312,-0.37885170400135765,6.1962793762015025
0.914572864321608,10.071428571428571,47.50664213216539,-0.7089772538199708,4.636082147335618
0.9195979899497487,10.071428571428571,47.52814667373697,-1.010605784420255,3.996728890442266
0.9246231155778895,10.071428571428571,47.547508383715694,-1.2809011807230675,3.7980695899433816
0.9296482412060302,10.071428571428571,47.56668758831053,-1.5171091896629836,3.9935019534585834
0.9346733668341709,10.071428571428571,47.58776480907627,-1.7163441116536082,4.671600394280988
0.9396984924623115,10.071428571428571,47.61477861291998,-1.8750876684673126,6.586771766251285
0.9447236180904522,10.071428571428571,47.66083931538403,-1.9838492074472027,12.973544889905693
0.949748743718593,10.071428571428571,47.72754333967664,-2.0131750889639255,10.242345309165588
0.9547738693467337,10.071428571428571,47.75521947684721,-2.0142383691988592,0.65579603635332
0.9597989949748744,10.071428571428571,47.82387608909663,-2.0116261242333797,28.099576651371358
0.964824120603015,10.071428571428571,48.02547749126687,-1.9986203861176395,50.89131249231185
0.9698492462311558,10.071428571428571,48.32275842239474,-1.9787921373809907,66.17301513240409
0.9748743718592965,10.071428571428571,48.67793793548941,-1.9546555042969502,73.93408586399676
0.9798994974874372,10.071428571428571,49.05321575834574,-1.9285947812275925,74.17571825510484
0.9849246231155779,10.071428571428571,49.41081718477771,-1.9031824016424375,66.89945894037498
0.9899497487437185,10.071428571428571,49.71297750185069,-1.8812440149052878,52.109503266403905
0.9949748743718593,10.071428571428571,49.9219538312877,-1.8657958157293828,29.80976998541591
1.0,10.071428571428571,50.0,-1.8599699093038153,2.0358410262865373e-14
0.0,10.091836734693878,0.0,2.0,0.0
0.005025125628140704,10.091836734693878,0.02511320195845189,1.9995028981161809,9.90044963861265
0.010050251256281407,10.091836734693878,0.09853931667036187,1.9955587106543826,19.23121257556328
0.01507537688442211,10.091836734693878,0.2174969036817967,1.9877682585141851,28.02478121732961
0.020100502512562814,10.091836734693878,0.3792897509775923,1.9769439252603611,36.278327065680465
0.02512562814070352,10.091836734693878,0.5811889861432934,1.963289868539408,43.98681964045001
0.03015075376884422,10.091836734693878,0.8204586431400972,1.94690195937292,51.151081343227744
0.035175879396984924,10.091836734693878,1.094359710877462,1.9278493158500847,57.77118952259216
0.04020100502512563,10.091836734693878,1.4001539601687236,1.9061828197349515,63.843892034488555
0.04522613065326633,10.091836734693878,1.7350991786511927,1.8819517526344098,69.37211002716018
0.05025125628140704,10.091836734693878,2.096453027032145,1.8551711837976579,74.35434855141851
0.05527638190954774,10.091836734693878,2.4814723755061516,1.8258524446798499,78.79327881528565
0.06030150753768844,10.091836734693878,2.887407488430676,1.793971569678858,82.67904736934184
0.06532663316582915,10.091836734693878,3.311510629390299,1.7594916366487592,86.01938161189737
0.07035175879396985,10.091836734693878,3.751022095581279,1.7223312163192102,88.81479324522496
0.07537688442211055,10.091836734693878,4.203181597881976,1.682356414199475,91.05634199706446
0.08040201005025126,10.091836734693878,4.665219287909736,1.6394014770701204,92.74110649874747
0.08542713567839195,10.091836734693878,5.13434768261909,1.5931798272237343,93.87375116297699
0.09045226130653267,10.091836734693878,5.607760239352746,1.5432835258285698,94.45273785519704
0.09547738693467336,10.091836734693878,6.082611219868495,1.4891133889026473,94.44264982013021
0.10050251256281408,10.091836734693878,6.555988737442568,1.4296791546142864,93.84912839512306
0.10552763819095477,10.091836734693878,7.0248364427089465,1.3633729052203056,92.63283023032314
0.11055276381909548,10.091836734693878,7.485785071020411,1.2872495760905627,90.6714492135268
0.11557788944723618,10.091836734693878,7.934530475542748,1.1950824904588317,87.65355671767746
0.12060301507537688,10.091836734693878,8.363070861597624,1.0710965220819288,82.18130856574302
0.12562814070351758,10.091836734693878,8.740615463619463,0.8662181731004499,64.59384185476517
0.1306532663316583,10.091836734693878,8.966107607083707,0.5241626544372738,27.97796934744774
0.135678391959799,10.091836734693878,9.057791810342618,0.14092871800066928,12.002808637395374
0.1407035175879397,10.091836734693878,9.104484763702992,-0.2279534669398231,7.206642463240869
0.1457286432160804,10.091836734693878,9.134935795185555,-0.5730200102222992,5.169763819495925
0.1507537688442211,10.091836734693878,9.158313908135547,-0.8903762335567809,4.244427858118491
0.15577889447236182,10.091836734693878,9.178476331540066,-1.176945858174062,3.85290392243314
0.16080402010050251,10.091836734693878,9.197684942664809,-1.4298218769158395,3.7646919713361706
0.1658291457286432,10.091836734693878,9.217957628323054,-1.6460620386205502,4.410247378471585
0.1708542713567839,10.091836734693878,9.242304934541357,-1.822401884659578,5.678475575201481
0.17587939698492464,10.091836734693878,9.279154269047446,-1.953083467574258,9.812779182174788
0.18090452261306533,10.091836734693878,9.3460344735699,-2.010241246742209,13.300664687730727
0.18592964824120603,10.091836734693878,9.389965799883479,-2.0142030518970193,3.9006002509764737
0.19095477386934673,10.091836734693878,9.403017117409496,-2.0141375977733884,5.970389707217603
0.19597989949748743,10.091836734693878,9.45662546061286,-2.01192090480978,15.27391389049654
0.20100502512562815,10.091836734693878,9.555657237576389,-2.005727579316277,24.055988159016163
0.20603015075376885,10.091836734693878,9.697540912881463,-1.9963942172832232,32.32783717537138
0.21105527638190955,10.091836734693878,9.879691699427498,-1.9842847414464884,40.08283067521348
0.21608040201005024,10.091836734693878,10.099508904385827,-1.9695092505345209,47.318969677650664
0.22110552763819097,10.091836734693878,10.354389840350917,-1.9521375798496774,54.03746615821308
0.22613065326633167,10.091836734693878,10.641730472085749,-1.932229009750091,60.23721667258436
0.23115577889447236,10.091836734693878,10.958922588264135,-1.9098423821892694,65.91933267669047
0.23618090452261306,10.091836734693878,11.303361771714881,-1.8849986730085362,71.08277440187913
0.24120603015075376,10.091836734693878,11.672439853173895,-1.8577219292995824,75.72489871564724
0.24623115577889448,10.091836734693878,12.063544610177415,-1.8280027604105749,79.84751964166219
0.25125628140703515,10.091836734693878,12.47406458046489,-1.7958357598528456,83.45112584183505
0.2562814070351759,10.091836734693878,12.901378939035457,-1.7611577813588815,86.53367289481866
0.2613065326633166,10.091836734693878,13.342869880404848,-1.7238874823505839,89.09267609246861
0.2663316582914573,10.091836734693878,13.79591045016842,-1.6839164080454052,91.12755891361377
0.271356783919598,10.091836734693878,14.257859452149912,-1.6410554385261777,92.64324685000798
0.27638190954773867,10.091836734693878,14.726069788556659,-1.5950308727178655,93.62588448611314
0.2814070351758794,10.091836734693878,15.197869817093528,-1.545451579529307,94.06404635196355
0.2864321608040201,10.091836734693878,15.670550475153856,-1.4917246378090143,93.97013635864737
0.2914572864321608,10.091836734693878,16.141342888798587,-1.4329277482438316,93.31839735910718
0.2964824120603015,10.091836734693878,16.60734810746334,-1.3675166068798836,92.06815043874695
0.3015075376884422,10.091836734693878,17.06537365749038,-1.2927194436946838,90.09668907636242
0.3065326633165829,10.091836734693878,17.511384758538654,-1.2028117232296591,87.16117920027037
0.31155778894472363,10.091836734693878,17.93815763426483,-1.083534560402014,81.94598289181721
0.3165829145728643,10.091836734693878,18.31975549735204,-0.891425300905673,65.6716660210359
0.32160804020100503,10.091836734693878,18.561008433117365,-0.5636181267951815,30.87569582879821
0.32663316582914576,10.091836734693878,18.66046203339412,-0.18448377957055087,12.827769218696803
0.3316582914572864,10.091836734693878,18.709743159498483,0.18274853241463673,7.528628480934148
0.33668341708542715,10.091836734693878,18.74125079874273,0.5272037639536495,5.317465075780857
0.3417085427135678,10.091836734693878,18.765054185334403,0.8449237902107872,4.274421003917973
0.34673366834170855,10.091836734693878,18.785291336954902,1.1329281791448433,3.819413633595029
0.35175879396984927,10.091836734693878,18.804281055447596,1.388438960678595,3.7798970307035207
0.35678391959798994,10.091836734693878,18.823965069766388,1.608668198937562,4.130729703699868
0.36180904522613067,10.091836734693878,18.846827318785966,1.7906216827837098,4.944499380011422
0.36683417085427134,10.091836734693878,18.879246454271733,1.9297979807239007,8.137188271039365
0.37185929648241206,10.091836734693878,18.940078038594773,2.0054594239377295,14.342274657823364
0.3768844221105528,10.091836734693878,18.993781690157967,2.0141085452657004,6.179773658881469
0.38190954773869346,10.091836734693878,19.006993492040568,2.0142065949946937,3.582949142249837
0.3869346733668342,10.091836734693878,19.04894740166172,2.0128530670956843,13.022878385740892
0.39195979899497485,10.091836734693878,19.136979443321653,2.0075848973346684,21.929692825800945
0.3969849246231156,10.091836734693878,19.268497030273174,1.998970490363298,30.328712839531843
0.4020100502512563,10.091836734693878,19.44092530716975,1.9875360687140209,38.21123717256385
0.40703517587939697,10.091836734693878,19.65166647927152,1.9734133258396378,45.57624688805599
0.4120603015075377,10.091836734693878,19.898115021857677,1.956674721688088,52.42283151758893
0.41708542713567837,10.091836734693878,20.177667504552755,1.9373896515678002,58.7513797480977
0.4221105527638191,10.091836734693878,20.487717274980987,1.9156145167419176,64.56176392260372
0.4271356783919598,10.091836734693878,20.825663358072745,1.8913747271150332,69.85384624089272
0.4321608040201005,10.091836734693878,21.18889087389509,1.8646999998533123,74.62470237817793
0.4371859296482412,10.091836734693878,21.574790428854577,1.8355854258163944,78.87578735051882
0.44221105527638194,10.091836734693878,21.98074831236762,1.8040295203639545,82.6086236380827
0.4472361809045226,10.091836734693878,22.404150463945292,1.7699762312640477,85.82199391079814
0.45226130653266333,10.091836734693878,22.84237565734058,1.7333619843947,88.50740141474174
0.457286432160804,10.091836734693878,23.292801764988432,1.6940765811000462,90.6753548393463
0.4623115577889447,10.091836734693878,23.752791987848227,1.6519442664869075,92.313331907402
0.46733668341708545,10.091836734693878,24.219711796807346,1.6067370322920114,93.42844112233242
0.4723618090452261,10.091836734693878,24.690869833428117,1.5580774196585359,94.00658368102849
0.47738693467336685,10.091836734693878,25.163581129614983,1.505451601818636,94.04931506129306
0.4824120603015075,10.091836734693878,25.63510079469275,1.4480225122397739,93.5275170856344
0.48743718592964824,10.091836734693878,26.102575178016263,1.3844443040653862,92.41825424716602
0.49246231155778897,10.091836734693878,26.562899014934047,1.3123360718313732,90.65171252673166
0.49748743718592964,10.091836734693878,27.01235696912947,1.2270023321406496,88.04658072407597
0.5025125628140703,10.091836734693878,27.445024945195257,1.1172790061874698,83.71469789275406
0.507537688442211,10.091836734693878,27.843233625504595,0.950282408078984,72.60124396953248
0.5125628140703518,10.091836734693878,28.128888130897806,0.6546086534342119,37.50055368899153
0.5175879396984925,10.091836734693878,28.252762721209976,0.27807665552468824,15.67978596505609
0.5226130653266332,10.091836734693878,28.309806909589184,-0.09374589919753212,8.45532981748465
0.5276381909547738,10.091836734693878,28.344360599760158,-0.444288515983351,5.747692283865414
0.5326633165829145,10.091836734693878,28.36955838044622,-0.7689279245038887,4.478357772608933
0.5376884422110553,10.091836734693878,28.390428502803083,-1.0645588448696433,3.915407169755423
0.542713567839196,10.091836734693878,28.409563239327316,-1.32838062207377,3.738409256449192
0.5477386934673367,10.091836734693878,28.428876012496424,-1.5576092671946584,4.048900953677809
0.5527638190954773,10.091836734693878,28.450603222531516,-1.749360156022432,4.620103342789868
0.5577889447236181,10.091836734693878,28.479541249098652,-1.8998217326635762,7.089390241465856
0.5628140703517588,10.091836734693878,28.53198431485611,-1.995532852694688,14.425371893823948
0.5678391959798995,10.091836734693878,28.594610645790098,-2.0137712114134336,8.526885040251711
0.5728643216080402,10.091836734693878,28.614025368999897,-2.0142171846818964,1.160473713126239
0.5778894472361809,10.091836734693878,28.64414175571524,-2.0135150947808444,10.735004977134905
0.5829145728643216,10.091836734693878,28.721004360110737,-2.0092402571481265,19.77009562194201
0.5879396984924623,10.091836734693878,28.841985541217966,-2.001373448507722,28.295541650529284
0.592964824120603,10.091836734693878,29.004518766335924,-1.990622485243832,36.3066565281201
0.5979899497487438,10.091836734693878,29.206006746907796,-1.9771533666540562,43.799391763622495
0.6030150753768844,10.091836734693878,29.443847675670675,-1.961059093947386,50.77444375898749
0.6080402010050251,10.091836734693878,29.715437816545567,-1.942400608230117,57.23229601849886
0.6130653266331658,10.091836734693878,30.018169584334533,-1.921239112914228,63.16955820012103
0.6180904522613065,10.091836734693878,30.34944572787612,-1.897607329171485,68.59039082945067
0.6231155778894473,10.091836734693878,30.70664661521152,-1.8715348394394613,73.49074480837129
0.628140703517588,10.091836734693878,31.08717371650318,-1.8430273836299038,77.86998369775996
0.6331658291457286,10.091836734693878,31.48840643164462,-1.81207284781445,81.73313924170301
0.6381909547738693,10.091836734693878,31.907731856507066,-1.7786429893509752,85.07077773075724
0.6432160804020101,10.091836734693878,32.342525083945056,-1.7426742193577833,87.89285248979533
0.6482412060301508,10.091836734693878,32.790170756390665,-1.7040616420884427,90.1842087323989
0.6532663316582915,10.091836734693878,33.248042122708746,-1.6626543155224924,91.95778752526076
0.6582914572864321,10.091836734693878,33.713498858517404,-1.6182400607370744,93.19856226336618
0.6633165829145728,10.091836734693878,34.18385878257848,-1.5704751952969354,93.9119494599447
0.6683417085427136,10.091836734693878,34.65646400115171,-1.5188943413702443,94.08453500495993
0.6733668341708543,10.091836734693878,35.128550360593884,-1.4627610086284404,93.70476451346157
0.678391959798995,10.091836734693878,35.59730051581472,-1.4008657471042543,92.76316082841248
0.6834170854271356,10.091836734693878,36.059700636916105,-1.3311833676010778,91.15768734935578
0.6884422110552764,10.091836734693878,36.512246498305515,-1.2497843250082825,88.77731336773797
0.6934673366834171,10.091836734693878,36.94989349359669,-1.1478596578319906,85.0636800895099
0.6984924623115578,10.091836734693878,37.36017374065406,-1.00065741680345,76.78064435297495
0.7035175879396985,10.091836734693878,37.685522688562045,-0.7409295507965233,47.06402775170099
0.7085427135678392,10.091836734693878,37.84142010400859,-0.372290641730185,18.93414191828228
0.7135678391959799,10.091836734693878,37.908595004434346,0.003399350430538368,9.61258646732943
0.7185929648241206,10.091836734693878,37.94692525985063,0.35977319417308595,6.240964994967542
0.7236180904522613,10.091836734693878,37.973819905325115,0.6911449234965478,4.681753659757529
0.7286432160804021,10.091836734693878,37.99545889998412,0.9942211885305944,4.009150766957533
0.7336683417085427,10.091836734693878,38.014835356190865,1.2661680497811871,3.784988134226174
0.7386934673366834,10.091836734693878,38.03392411348547,1.504223949775456,3.937833317883211
0.7437185929648241,10.091836734693878,38.05475389772356,1.7055251981208588,4.63160980162266
0.7487437185929648,10.091836734693878,38.0811374690284,1.866670671671359,6.098453928354012
0.7537688442211056,10.091836734693878,38.12516694275501,1.979237938364128,12.295886798293445
0.7587939698492462,10.091836734693878,38.19250170941575,2.0128447086517776,10.793077922995334
0.7638190954773869,10.091836734693878,38.22318382290663,2.014217311100756,1.2824328989740703
0.7688442211055276,10.091836734693878,38.242150604062786,2.013927338928124,8.416653343895872
0.7738693467336684,10.091836734693878,38.3076963975661,2.0106810104289963,17.581393648859756
0.7788944723618091,10.091836734693878,38.41799553589206,2.003603617257781,26.233090770731177
0.7839195979899497,10.091836734693878,38.5704858557698,1.9935420348099402,34.37203221310667
0.7889447236180904,10.091836734693878,38.76257622430354,1.9807388373372727,41.99360664897259
0.7939698492462312,10.091836734693878,38.99166151978539,1.9652846464789262,49.09689343333389
0.7989949748743719,10.091836734693878,39.25514001400207,1.9472581622556733,55.68247956411699
0.8040201005025126,10.091836734693878,39.550409033449924,1.9267097178005121,61.74792054879975
0.8090452261306532,10.091836734693878,39.87485760449406,1.9036873332115691,67.29692139282379
0.8140703517587939,10.091836734693878,40.2258837731462,1.8782175077661865,72.32587950771072
0.8190954773869347,10.091836734693878,40.60088145712654,1.8503120159797846,76.83403054937838
0.8241206030150754,10.091836734693878,40.99722880814695,1.8199662616520942,80.82630210702521
0.8291457286432161,10.091836734693878,41.412317275571176,1.7871535161792838,84.29294649341563
0.8341708542713567,10.091836734693878,41.84353211173821,1.7518201329920553,87.24053076166233
0.8391959798994975,10.091836734693878,42.2882457550327,1.7138780151246293,89.6650687821899
0.8442211055276382,10.091836734693878,42.743839872479334,1.6731812022402488,91.5662425020455
0.8492462311557789,10.091836734693878,43.20765371158969,1.6295298224086083,92.94650327354293
0.8542713567839196,10.091836734693878,43.677050434341886,1.5826396756155023,93.79036820740404
0.8592964824120602,10.091836734693878,44.149350989050646,1.5320552566843066,94.09468308749213
0.864321608040201,10.091836734693878,44.6218216058665,1.4771416311644792,93.85675418379462
0.8693467336683417,10.091836734693878,45.09169647292118,1.4168136937129434,93.04084538410255
0.8743718592964824,10.091836734693878,45.555969552359045,1.3493274948176144,91.64532058028692
0.8793969849246231,10.091836734693878,46.01130399495302,1.2713683769425268,89.47366066187627
0.8844221105527639,10.091836734693878,46.453307391979216,1.1758915524930678,86.15430551516069
0.8894472361809045,10.091836734693878,46.872641449552304,1.0440930278734435,79.89423496099818
0.8944723618090452,10.091836734693878,47.22991600335854,0.8197644353678611,56.96866107619228
0.8994974874371859,10.091836734693878,47.42515336637005,0.4666055222136507,23.486079046636032
0.9045226130653267,10.091836734693878,47.50577140099911,0.0882199731797404,11.082545584384036
0.9095477386934674,10.091836734693878,47.548826265778004,-0.27363736564245844,6.702372789953726
0.914572864321608,10.091836734693878,47.57775204966912,-0.6115324670438624,4.932570446710243
0.9195979899497487,10.091836734693878,47.60034624767491,-0.9218792735622596,4.128010040211042
0.9246231155778895,10.091836734693878,47.620079701500096,-1.2018198286056645,3.7992980798727447
0.9296482412060302,10.091836734693878,47.63906012681021,-1.448546160154531,3.876189307439966
0.9346733668341709,10.091836734693878,47.659247807632106,-1.6592366629692863,4.168186552297553
0.9396984924623115,10.091836734693878,47.683654319717846,-1.8307749538152371,5.6983135334022625
0.9447236180904522,10.091836734693878,47.72109717989529,-1.9572806145877453,10.181634030390645
0.949748743718593,10.091836734693878,47.78771261586169,-2.010633080326499,12.901790785445533
0.9547738693467337,10.091836734693878,47.83007108034347,-2.014205062381953,3.7035362576796573
0.9597989949748744,10.091836734693878,47.86588532698303,-2.013440871020375,20.118621471786543
0.964824120603015,10.091836734693878,48.0349605979018,-2.0031438413263825,45.83409143418694
0.9698492462311558,10.091836734693878,48.31304671067047,-1.984715604830594,63.49896890909579
0.9748743718592965,10.091836734693878,48.659608226056,-1.9613418183081235,73.08744860220696
0.9798994974874372,10.091836734693878,49.03407248989199,-1.9355454416596347,74.60471252061387
0.9849246231155779,10.091836734693878,49.395883819115475,-1.9100463011278728,68.05064183973755
0.9899497487437185,10.091836734693878,49.704490191021094,-1.8878146073240154,53.43010833258233
0.9949748743718593,10.091836734693878,49.919369322514214,-1.8720654791216158,30.747375230076127
1.0,10.091836734693878,50.0,-1.8660914944288076,0.0
0.0,10.112244897959183,0.0,2.0,0.0
0.005025125628140704,10.112244897959183,0.025065302052274085,1.999504804083803,9.881734605993525
0.010050251256281407,10.112244897959183,0.09835476275003352,1.9955757355291157,19.195873444685823
0.01507537688442211,10.112244897959183,0.21709693337808575,1.9878151646625748,27.97470682456631
0.020100502512562814,10.112244897959183,0.3786051444256635,1.9770322247849232,36.215438309396475
0.02512562814070352,10.112244897959183,0.5801602939345479,1.9634302610062133,43.91304475356211
0.03015075376884422,10.112244897959183,0.8190357754642358,1.947104700683212,51.06832175741162
0.035175879396984924,10.112244897959183,1.09250287946118,1.9281236762992513,57.681725490573086
0.04020100502512563,10.112244897959183,1.3978326583902836,1.906540924751705,63.749129034681786
0.04522613065326633,10.112244897959183,1.7322936983646786,1.8824026114736494,69.27441496261319
0.05025125628140704,10.112244897959183,2.0931532471428236,1.8557253958709867,74.25536099467682
0.05527638190954774,10.112244897959183,2.4776762471402156,1.826517995491194,78.69426373686599
0.06030150753768844,10.112244897959183,2.8831260873420304,1.7947659271869743,82.58347245682401
0.06532663316582915,10.112244897959183,3.3067607275113646,1.7604253268674201,85.9290130808841
0.07035175879396985,10.112244897959183,3.745833677142943,1.7234127972907134,88.73243642261556
0.07537688442211055,10.112244897959183,4.197594948533362,1.6836108117545756,90.97935694734942
0.08040201005025126,10.112244897959183,4.659282645749345,1.640849664508576,92.6785540224549
0.08542713567839195,10.112244897959183,5.12812254357698,1.5948436874503547,93.82593191827297
0.09045226130653267,10.112244897959183,5.601317121544005,1.545194366283275,94.41072185367074
0.09547738693467336,10.112244897959183,6.076034498565523,1.4913262043621833,94.43371239617603
0.10050251256281408,10.112244897959183,6.549376328817197,1.432270186670158,93.85768128302098
0.10552763819095477,10.112244897959183,7.018312540484747,1.3664567194580226,92.6565994407009
0.11055276381909548,10.112244897959183,7.479500695828064,1.2910257691604254,90.7713397462675
0.11557788944723618,10.112244897959183,7.928739162677277,1.2000744947460524,87.85139339361456
0.12060301507537688,10.112244897959183,8.35839195489692,1.078568022256223,82.38684911944007
0.12562814070351758,10.112244897959183,8.740276379032636,0.8802628228180268,65.04005483632444
0.1306532663316583,10.112244897959183,8.97498819161512,0.5439364150283692,28.544368797518473
0.135678391959799,10.112244897959183,9.07056665092474,0.16091290935225053,12.795771367214012
0.1407035175879397,10.112244897959183,9.118489294941943,-0.20877136656035483,7.283352107305289
0.1457286432160804,10.112244897959183,9.149437055608612,-0.554930498063565,5.24994033377377
0.1507537688442211,10.112244897959183,9.172996851408065,-0.8735903633002723,4.254071258238418
0.15577889447236182,10.112244897959183,9.193211388695975,-1.1616702148997042,3.8632881044706084
0.16080402010050251,10.112244897959183,9.212376657637881,-1.4162669018916167,3.883220810589588
0.1658291457286432,10.112244897959183,9.23244195578088,-1.6344630361873456,4.065642240309111
0.1708542713567839,10.112244897959183,9.256350139452117,-1.813039151831788,5.335983841059962
0.17587939698492464,10.112244897959183,9.291789660536974,-1.946642821971922,9.701004699453572
0.18090452261306533,10.112244897959183,9.357305832296479,-2.0092007183249105,13.67405232241408
0.18592964824120603,10.112244897959183,9.403992293907477,-2.0141659669664986,4.497940145079741
0.19095477386934673,10.112244897959183,9.416567997112686,-2.0141449862037093,5.375594381681317
0.19597989949748743,10.112244897959183,9.467226668223816,-2.0121730333805474,14.69566500157729
0.20100502512562815,10.112244897959183,9.563387155605604,-2.0062254502076473,23.49266993087314
0.20603015075376885,10.112244897959183,9.70248384413634,-1.9971022678845158,31.782206158298248
0.21105527638190955,10.112244897959183,9.881942498464051,-1.9852038703834973,39.55715380948678
0.21608040201005024,10.112244897959183,10.099174141621198,-1.9706440624402766,46.8153962604907
0.22110552763819097,10.112244897959183,10.35158398005485,-1.95349318939136,53.55793956444469
0.22613065326633167,10.112244897959183,10.636573987879334,-1.9338172228747956,59.78298721516546
0.23115577889447236,10.112244897959183,10.951549605154874,-1.9116575190114453,65.49138721894624
0.23618090452261306,10.112244897959183,11.293913506923023,-1.8870608331875938,70.68287108713908
0.24120603015075376,10.112244897959183,11.661066041907056,-1.860035019982298,75.35710559013205
0.24623115577889448,10.112244897959183,12.050413652969244,-1.830581320278053,79.51469306385034
0.25125628140703515,10.112244897959183,12.459341501671075,-1.7986927880163288,83.15192382097844
0.2562814070351759,10.112244897959183,12.885252859217077,-1.7643083524340086,86.27123766665713
0.2613065326633166,10.112244897959183,13.325523562535482,-1.7273522929824507,88.86955186108345
0.2663316582914573,10.112244897959183,13.777547101871487,-1.6877208989871326,90.9457078312311
0.271356783919598,10.112244897959183,14.238691499340502,-1.6452268007572501,92.50364870038719
0.27638190954773867,10.112244897959183,14.706320255450903,-1.599619239845356,93.5294206759713
0.2814070351758794,10.112244897959183,15.17777727723203,-1.5505283860290462,94.0220447595533
0.2864321608040201,10.112244897959183,15.650361682626258,-1.4973726544599675,93.97259638299694
0.2914572864321608,10.112244897959183,16.121326872520815,-1.4392824632035848,93.36838416480978
0.2964824120603015,10.112244897959183,16.587805700217075,-1.3748129680525307,92.1748310610627
0.3015075376884422,10.112244897959183,17.046656026528083,-1.3013694192771186,90.30491659697073
0.3065326633165829,10.112244897959183,17.494019736845978,-1.21375996260653,87.50717241407435
0.31155778894472363,10.112244897959183,17.923341172836086,-1.0992936914089666,82.71082977337248
0.3165829145728643,10.112244897959183,18.313009253515915,-0.9196490829627121,68.9375326786499
0.32160804020100503,10.112244897959183,18.574719451657437,-0.6060196231943369,32.926657813978686
0.32663316582914576,10.112244897959183,18.68437984702884,-0.22781375335659987,13.849999604624257
0.3316582914572864,10.112244897959183,18.736883354384204,0.1413581052906726,7.830142940863245
0.33668341708542715,10.112244897959183,18.769661105279386,0.4884097195837956,5.5339575001803
0.3417085427135678,10.112244897959183,18.79401004787867,0.8091394395880545,4.357984438518246
0.34673366834170855,10.112244897959183,18.81447458615798,1.1005141060805086,3.870471438098427
0.35175879396984927,10.112244897959183,18.833474033283544,1.359777343609559,3.7789399798986985
0.35678391959798994,10.112244897959183,18.852858809699196,1.584160978875651,4.116072851498702
0.36180904522613067,10.112244897959183,18.875084868514964,1.7707130873856578,4.857710269353816
0.36683417085427134,10.112244897959183,18.90557406301061,1.9153516888755486,7.568352451858969
0.37185929648241206,10.112244897959183,18.96226932158409,2.0012281912618093,14.464800247326561
0.3768844221105528,10.112244897959183,19.020699905120352,2.0139619638335144,7.3434139754522825
0.38190954773869346,10.112244897959183,19.036238276132263,2.014193797336463,2.372037444765171
0.3869346733668342,10.112244897959183,19.072230457773358,2.0132030037075674,11.861679502575113
0.39195979899497485,10.112244897959183,19.154549402909186,2.008443569747009,20.816295025867017
0.3969849246231156,10.112244897959183,19.280594646312107,2.000229914682396,29.26474829612051
0.4020100502512563,10.112244897959183,19.44780606071808,1.9891772173104034,37.19920516419491
0.40703517587939697,10.112244897959183,19.653593655988022,1.9754344480134234,44.61772501199775
0.4120603015075377,10.112244897959183,19.895363627882727,1.9590798398032179,51.520119385917546
0.41708542713567837,10.112244897959183,20.170523695167645,1.940178024639205,57.90631218487593
0.4221105527638191,10.112244897959183,20.47647216242059,1.9187907972135256,63.77554338596732
0.4271356783919598,10.112244897959183,20.810617742855637,1.8949471954575907,69.12804611128422
0.4321608040201005,10.112244897959183,21.170360984947685,1.8686709435363849,73.9624943534923
0.4371859296482412,10.112244897959183,21.55309923629941,1.8399747995450906,78.28236351764063
0.44221105527638194,10.112244897959183,21.956234005053574,1.8088375622097552,82.07975633842396
0.4472361809045226,10.112244897959183,22.37715196746382,1.7752316477726817,85.35963433828283
0.45226130653266333,10.112244897959183,22.813243960752942,1.7390887618555824,88.12196440011559
0.457286432160804,10.112244897959183,23.261896810031914,1.700303136496716,90.35860633573725
0.4623115577889447,10.112244897959183,23.720489845479793,1.6587197220914827,92.07570548259635
0.46733668341708545,10.112244897959183,24.186389618557627,1.6141138852042054,93.26426291554856
0.4723618090452261,10.112244897959183,24.656943883068188,1.566147879716126,93.93013650334265
0.47738693467336685,10.112244897959183,25.12945951579732,1.5143274401406899,94.05060571434468
0.4824120603015075,10.112244897959183,25.601229596147753,1.457892360636059,93.61701072846296
0.48743718592964824,10.112244897959183,26.06941660900741,1.3956116324493673,92.62309281034084
0.49246231155778897,10.112244897959183,26.530995874519014,1.3253386736797577,90.99936821076454
0.49748743718592964,10.112244897959183,26.982416526155482,1.2429684504434033,88.51261613712951
0.5025125628140703,10.112244897959183,27.41842348709016,1.139074236920866,84.5962969523579
0.507537688442211,10.112244897959183,27.8253023718899,0.9868735807519416,75.31778185195813
0.5125628140703518,10.112244897959183,28.139664912584532,0.7167806547204554,45.971615654546355
0.5175879396984925,10.112244897959183,28.28536524261455,0.3454325350429202,18.361934846000935
0.5226130653266332,10.112244897959183,28.349210006204565,-0.028979562789430584,9.157838857077266
0.5276381909547738,10.112244897959183,28.386311167303408,-0.38347227222111924,5.9657062600028485
0.5326633165829145,10.112244897959183,28.412616561133504,-0.7127016319324182,4.60507623800504
0.5376884422110553,10.112244897959183,28.43397569468029,-1.013488961072346,3.965965374334018
0.542713567839196,10.112244897959183,28.45321960781984,-1.2830139976215453,3.7098877580684717
0.5477386934673367,10.112244897959183,28.472298655455983,-1.5185130266217597,3.816683077481565
0.5527638190954773,10.112244897959183,28.493303142857272,-1.7171371396938793,4.6123060702156495
0.5577889447236181,10.112244897959183,28.520191514900603,-1.8754120031069288,6.580937206167068
0.5628140703517588,10.112244897959183,28.566099506841912,-1.9839043275512185,12.830458394068014
0.5678391959798995,10.112244897959183,28.632656547163176,-2.0131389469815386,10.228941780008483
0.5728643216080402,10.112244897959183,28.660345026875582,-2.014194731609194,0.6771998344602986
0.5778894472361809,10.112244897959183,28.681650673768775,-2.013825682113257,8.97731567289734
0.5829145728643216,10.112244897959183,28.749888670467893,-2.0103375262703276,18.093548269848426
0.5879396984924623,10.112244897959183,28.862645055568652,-2.0030875076988446,26.699268279840997
0.592964824120603,10.112244897959183,29.017366086707696,-1.9928929241330848,34.793687035701446
0.5979899497487438,10.112244897959183,29.211467767390413,-1.9799748144550826,42.37259803816313
0.6030150753768844,10.112244897959183,29.442355899698523,-1.9644199166974468,49.43582453512139
0.6080402010050251,10.112244897959183,29.707436542651426,-1.9463059396024671,55.981694355418966
0.6130653266331658,10.112244897959183,30.00411740482243,-1.9256809662810468,62.01042518920132
0.6180904522613065,10.112244897959183,30.32979855417925,-1.9025961267251008,67.52416030284431
0.6231155778894473,10.112244897959183,30.681887120443704,-1.8770734705706584,72.52005691577715
0.628140703517588,10.112244897959183,31.05777206104216,-1.8491284875833565,76.9965428946025
0.6331658291457286,10.112244897959183,31.45486009994577,-1.8187475301344034,80.95708277184984
0.6381909547738693,10.112244897959183,31.87054479961621,-1.7859174060344596,84.39675207362822
0.6432160804020101,10.112244897959183,32.30221327103907,-1.7505673966917652,87.31842629508203
0.6482412060301508,10.112244897959183,32.74726405741877,-1.712619259030426,89.72091296146264
0.6532663316582915,10.112244897959183,33.20306491733696,-1.6719230602941726,91.59869577040804
0.6582914572864321,10.112244897959183,33.666977133194806,-1.6282758725833204,92.95276091158846
0.6633165829145728,10.112244897959183,34.13636353396905,-1.581398423816824,93.78362486883223
0.6683417085427136,10.112244897959183,34.60857151114127,-1.5308360386740587,94.0680454536596
0.6733668341708543,10.112244897959183,35.08088870418108,-1.4759388554896526,93.81691209092061
0.678391959798995,10.112244897959183,35.55050263275829,-1.4156332380899457,92.98703256540045
0.6834170854271356,10.112244897959183,36.01446534559505,-1.3481471612151537,91.5701847523549
0.6884422110552764,10.112244897959183,36.4694783522044,-1.2701687839311175,89.38036023976379
0.6934673366834171,10.112244897959183,36.911055862064956,-1.174593114915598,86.07653682325297
0.6984924623115578,10.112244897959183,37.32983062343459,-1.0424274182340585,79.6352874201426
0.7035175879396985,10.112244897959183,37.68582846035479,-0.8170272146988029,56.80081209959729
0.7085427135678392,10.112244897959183,37.87926640383966,-0.46333134532444814,23.141545620179862
0.7135678391959799,10.112244897959183,37.95918758470972,-0.08525414510476215,10.94487507092218
0.7185929648241206,10.112244897959183,38.00197250647567,0.2762019341033238,6.692968745520303
0.7236180904522613,10.112244897959183,38.030760959509664,0.6136505078081643,4.925156752362404
0.7286432160804021,10.112244897959183,38.053270458680586,0.9235514686460645,4.122990378979916
0.7336683417085427,10.112244897959183,38.07293925605535,1.203044085018368,3.797232800950583
0.7386934673366834,10.112244897959183,38.09186932382359,1.449366597891613,3.8709961820221643
0.7437185929648241,10.112244897959183,38.11198410743234,1.659739805775592,4.0990093444494455
0.7487437185929648,10.112244897959183,38.1363561124984,1.8310030504476404,5.765662204953823
0.7537688442211056,10.112244897959183,38.173687570901315,1.9572961696882165,9.902168200313215
0.7587939698492462,10.112244897959183,38.24017623882518,2.0106028955318327,12.885893973076763
0.7638190954773869,10.112244897959183,38.282482233220364,2.0141825691872857,3.7024273307645434
0.7688442211055276,10.112244897959183,38.29550684975769,2.014112575787694,6.043961090073837
0.7738693467336684,10.112244897959183,38.349428921507744,2.0118728617506263,15.325685976647797
0.7788944723618091,10.112244897959183,38.44866954356245,2.005672151663665,24.088168643432333
0.7839195979899497,10.112244897959183,38.59066901137423,1.9963488690044522,32.34200284431355
0.7889447236180904,10.112244897959183,38.77285195638125,1.9842638590125656,40.08083129558552
0.7939698492462312,10.112244897959183,38.992624364561486,1.9695187845285345,47.30294482200682
0.7989949748743719,10.112244897959183,39.247393017317364,1.9521899482301697,54.009260273432744
0.8040201005025126,10.112244897959183,39.53456628672381,1.9323353650535227,60.1982789842614
0.8090452261306532,10.112244897959183,39.851542930587414,1.9100104337664783,65.87174549731861
0.8140703517587939,10.112244897959183,40.19572488195666,1.885240934379587,71.02754566584525
0.8190954773869347,10.112244897959183,40.56451784806181,1.858043894835357,75.6647793470018
0.8241206030150754,10.112244897959183,40.955323002198035,1.8284221821367337,79.78817897788554
0.8291457286432161,10.112244897959183,41.365528470991464,1.796351086871968,83.38764470233228
0.8341708542713567,10.112244897959183,41.79252443640706,1.7617898457831729,86.46980595029463
0.8391959798994975,10.112244897959183,42.23370504904314,1.7246627029643484,89.0335844789209
0.8442211055276382,10.112244897959183,42.68645882533019,1.6848323863147028,91.07703225888723
0.8492462311557789,10.112244897959183,43.148145168846355,1.6421297500442373,92.58789956302314
0.8542713567839196,10.112244897959183,43.61613193293829,1.5962950685953383,93.57881846431997
0.8592964824120602,10.112244897959183,44.08774567115473,1.5469272620939196,94.04188941006174
0.864321608040201,10.112244897959183,44.560320523729324,1.4934658532517564,93.95344128415455
0.8693467336683417,10.112244897959183,45.03107864599016,1.4349821863975938,93.30890048995109
0.8743718592964824,10.112244897959183,45.49712338899705,1.3699837546799387,92.06899105794426
0.8793969849246231,10.112244897959183,45.955258754453425,1.2957696345154528,90.14143022845714
0.8844221105527639,10.112244897959183,46.40164045065707,1.2068199476019508,87.26282910154427
0.8894472361809045,10.112244897959183,46.82924140950096,1.0895248367896102,82.23977535994726
0.8944723618090452,10.112244897959183,47.21385328377437,0.902354587543795,67.51058774049075
0.8994974874371859,10.112244897959183,47.462872431868085,0.5800301998599818,31.972181822597403
0.9045226130653267,10.112244897959183,47.565959746297494,0.20131361435250905,13.510478412099468
0.9095477386934674,10.112244897959183,47.616396292598616,-0.1665153069514238,7.648518432542691
0.914572864321608,10.112244897959183,47.64833294767938,-0.5118086652709615,5.314758652214415
0.9195979899497487,10.112244897959183,47.67230852267358,-0.8305833382470498,4.3264406844642656
0.9246231155778895,10.112244897959183,47.692600545062874,-1.1198056508683376,3.8438754417424144
0.9296482412060302,10.112244897959183,47.71156239057532,-1.3767111396721334,3.7009640547331757
0.9346733668341709,10.112244897959183,47.73107968456724,-1.5985262270385086,4.183896157279078
0.9396984924623115,10.112244897959183,47.75363805343156,-1.7823066436267097,5.189968028184688
0.9447236180904522,10.112244897959183,47.78514116193761,-1.923757371084304,7.937170634532971
0.949748743718593,10.112244897959183,47.84419629686439,-2.003803997459074,14.449620654680889
0.9547738693467337,10.112244897959183,47.89998465263866,-2.014041830323741,6.677396765152054
0.9597989949748744,10.112244897959183,47.92022097634435,-2.014125870400091,10.856355752999322
0.964824120603015,10.112244897959183,48.051372479553926,-2.0071553265785593,39.884828486818336
0.9698492462311558,10.112244897959183,48.3065802246188,-1.990371323259841,60.24137745126991
0.9748743718592965,10.112244897959183,48.64225552340338,-1.9678918588728926,71.90911695237033
0.9798994974874372,10.112244897959183,49.01474047750582,-1.9424286755652314,74.89064827140572
0.9849246231155779,10.112244897959183,49.38037796146077,-1.9168716907423857,69.18749338414857
0.9899497487437185,10.112244897959183,49.69554491684116,-1.8943525609798288,54.80184675593883
0.9949748743718593,10.112244897959183,49.91661805313979,-1.8782791926399702,31.739594291184275
1.0,10.112244897959183,50.0,-1.8721491277586289,0.0
0.0,10.13265306122449,0.0,2.0,0.0
0.005025125628140704,10.13265306122449,0.025016598875911795,1.9995067342288941,9.8626989006841
0.010050251256281407,10.13265306122449,0.09816700496271506,1.9955929060582536,19.15992117483015
0.01507537688442211,10.13265306122449,0.21669008141793344,1.9878623545796499,27.923759464980712
0.020100502512562814,10.13265306122449,0.3779086639052424,1.977120975166649,36.15144504105145
0.02512562814070352,10.13265306122449,0.5791134926423087,1.9635713184475645,43.83796591592627
0.03015075376884422,10.13265306122449,0.8175881080101942,1.9473083487561162,50.98409987555104
0.035175879396984924,10.13265306122449,1.0906135947719329,1.9283989789778415,57.5905702101957
0.04020100502512563,10.13265306122449,1.3954709051180036,1.906900396854071,63.65267354985535
0.04522613065326633,10.13265306122449,1.729438712875205,1.8828549655400177,69.17496800154407
0.05025125628140704,10.13265306122449,2.0897940008513283,1.8562815744421612,74.15461062728524
0.05527638190954774,10.13265306122449,2.4738123278968938,1.8271865956933708,78.59352527940787
0.06030150753768844,10.13265306122449,2.87876551567838,1.7955630024672078,82.48626215220287
0.06532663316582915,10.13265306122449,3.301922679225652,1.7613613390038847,85.83716714322098
0.07035175879396985,10.13265306122449,3.7405486943013786,1.7244980397507894,88.64491326899378
0.07537688442211055,10.13265306122449,4.19190239331314,1.684870091241838,90.90163047501875
0.08040201005025126,10.13265306122449,4.653233645488222,1.6422974493814746,92.61602327641582
0.08542713567839195,10.13265306122449,5.121777729998742,1.596503717347776,93.77935480428111
0.09045226130653267,10.13265306122449,5.594749542798696,1.5471117769402805,94.37171479164178
0.09547738693467336,10.13265306122449,6.069329461911956,1.4935282539718346,94.41431194161204
0.10050251256281408,10.13265306122449,6.542634278264114,1.4348421787942096,93.87503092769829
0.10552763819095477,10.13265306122449,7.011651160236517,1.3695205026920856,92.7090559549886
0.11055276381909548,10.13265306122449,7.473074732542562,1.2947915644463648,90.80364395284406
0.11557788944723618,10.13265306122449,7.922782448335843,1.2049809688045843,87.92316712618606
0.12060301507537688,10.13265306122449,8.35351337647173,1.08589566982124,82.94421601721508
0.12562814070351758,10.13265306122449,8.739324637502799,0.8937538832330703,67.71410617000222
0.1306532663316583,10.13265306122449,8.983422393971914,0.5636728297084167,29.750987709326758
0.135678391959799,10.13265306122449,9.083240854954427,0.1810021515713485,12.825186149978814
0.1407035175879397,10.13265306122449,9.132462397452437,-0.18948044806474965,7.502900510932668
0.1457286432160804,10.13265306122449,9.16391090212148,-0.5367448865776486,5.309738859240467
0.1507537688442211,10.13265306122449,9.187679639772549,-0.8567237882685473,4.283623981615143
0.15577889447236182,10.13265306122449,9.207958543166592,-1.1463290362538316,3.868353475257286
0.16080402010050251,10.13265306122449,9.227081643203288,-1.4026708471525082,3.850103336932821
0.1658291457286432,10.13265306122449,9.246958494361797,-1.6228427501425449,4.171090255754786
0.1708542713567839,10.13265306122449,9.270468313505434,-1.8036668136592668,5.322928175195125
0.17587939698492464,10.13265306122449,9.304663249657256,-1.9401341277703283,8.936494762771899
0.18090452261306533,10.13265306122449,9.368692484791675,-2.0080020578343185,14.074691185484975
0.18592964824120603,10.13265306122449,9.418128112870873,-2.0141268854797754,5.103235142445417
0.19095477386934673,10.13265306122449,9.430595148705804,-2.0141420170321025,4.768840359939031
0.19597989949748743,10.13265306122449,9.478248625118948,-2.012395217812082,14.10573486987143
0.20100502512562815,10.13265306122449,9.57148660421482,-2.0066976350829857,22.91937264632968
0.20603015075376885,10.13265306122449,9.707748358161444,-1.9977874953201746,31.227608835685295
0.21105527638190955,10.13265306122449,9.88447219489292,-1.98610054913976,39.022602160391074
0.21608040201005024,10.13265306122449,10.099074357933999,-1.9717574511307863,46.303343498598664
0.22110552763819097,10.13265306122449,10.348970500720656,-1.9548275535238002,53.07002178736554
0.22613065326633167,10.13265306122449,10.631575864318219,-1.9353809245302862,59.32276609402896
0.23115577889447236,10.13265306122449,10.944303283153387,-1.9134606145045778,65.05791474318882
0.23618090452261306,10.13265306122449,11.284570549734594,-1.889105861722318,70.27948197870442
0.24120603015075376,10.13265306122449,11.64977662103846,-1.8623312305389654,74.9852769334305
0.24623115577889448,10.13265306122449,12.037331272893761,-1.8331431919741574,79.17744944535461
0.25125628140703515,10.13265306122449,12.44464701465474,-1.801525728296691,82.84840383174597
0.2562814070351759,10.13265306122449,12.869121099608195,-1.767437095152436,86.00473707321797
0.2613065326633166,10.13265306122449,13.308153273934991,-1.730792897610486,88.64438008900936
0.2663316582914573,10.13265306122449,13.759136647705024,-1.6914983205863732,90.76018297598158
0.271356783919598,10.13265306122449,14.21945561991094,-1.6493739587163243,92.36293318756671
0.27638190954773867,10.13265306122449,14.686481607800166,-1.604176133939274,93.43037192154314
0.2814070351758794,10.13265306122449,15.157571798487306,-1.5555561140616325,93.9762971851646
0.2864321608040201,10.13265306122449,15.630045030978515,-1.5029576149771262,93.97694021328203
0.2914572864321608,10.13265306122449,16.101168558642133,-1.4455569313422032,93.43210520568029
0.2964824120603015,10.13265306122449,16.56809583748304,-1.3819898284321912,92.3129444053615
0.3015075376884422,10.13265306122449,17.027755477241538,-1.3098542095600931,90.5403349200811
0.3065326633165829,10.13265306122449,17.476403229644294,-1.2243708465155776,87.86823174469755
0.31155778894472363,10.13265306122449,17.90806597251373,-1.1142545387071705,83.40188091295038
0.3165829145728643,10.13265306122449,18.30459040489594,-0.9458150393541009,71.5210258113822
0.32160804020100503,10.13265306122449,18.58634111555042,-0.6477159567603733,37.55255715420655
0.32663316582914576,10.13265306122449,18.70766411536285,-0.2712898084145596,14.993374434130523
0.3316582914572864,10.13265306122449,18.763813448980912,0.09968378218735413,8.318458953420748
0.33668341708542715,10.13265306122449,18.797974289322394,0.44927534915361356,5.614481956525942
0.3417085427135678,10.13265306122449,18.822950869403364,0.7729607650596869,4.415658384470912
0.34673366834170855,10.13265306122449,18.84366649393923,1.0676758767497803,3.892317148933115
0.35175879396984927,10.13265306122449,18.86268355341771,1.330638481039045,3.771430661979253
0.35678391959798994,10.13265306122449,18.881865932544518,1.5591012971621672,4.049005404426864
0.36180904522613067,10.13265306122449,18.903521857899893,1.7501830406039034,4.872325155573906
0.36683417085427134,10.13265306122449,18.93234733536781,1.900112143566791,7.2145831882827345
0.37185929648241206,10.13265306122449,18.9845283339033,1.9955086424612043,14.044693701846063
0.3768844221105528,10.13265306122449,19.046882932058786,2.013720661031412,8.490524001206492
0.38190954773869346,10.13265306122449,19.066212780666362,2.0141731012118167,1.1588774490095834
0.3869346733668342,10.13265306122449,19.096229340573185,2.0134839422096937,10.697249737590182
0.39195979899497485,10.13265306122449,19.17281887119482,2.0092455620519885,19.70013483189549
0.3969849246231156,10.13265306122449,19.29337441177087,2.0014383692269186,28.196773146111806
0.4020100502512563,10.13265306122449,19.45534671015352,1.9907687901006481,36.18277526259179
0.40703517587939697,10.13265306122449,19.656158670940684,1.9773997922477116,43.65446978940537
0.4120603015075377,10.13265306122449,19.89322645580688,1.9614269888464588,50.61230738019988
0.41708542713567837,10.13265306122449,20.163962419605628,1.9429122433114423,57.055542639494234
0.4221105527638191,10.13265306122449,20.465782241083403,1.921905463231656,62.98273679706271
0.4271356783919598,10.13265306122449,20.796101930246643,1.8984549276728193,68.39671994577039
0.4321608040201005,10.13265306122449,21.15232856916873,1.872580227846501,73.29468093062347
0.4371859296482412,10.13265306122449,21.531864795098844,1.8442923161801357,77.67533883448218
0.44221105527638194,10.13265306122449,21.932126888809787,1.8135776507568675,81.54244709275339
0.4472361809045226,10.13265306122449,22.350519958584556,1.7804154440418904,84.88913915638064
0.45226130653266333,10.13265306122449,22.784437834955956,1.7447329565379543,87.72231055107304
0.457286432160804,10.13265306122449,23.2312769152188,1.7064470414950312,90.0318004400676
0.4623115577889447,10.13265306122449,23.688424756393637,1.6653948737516955,91.82304755281932
0.46733668341708545,10.13265306122449,24.15326165702321,1.621383467921181,93.0936264469452
0.4723618090452261,10.13265306122449,24.623145039648414,1.5740835451968171,93.83054635989359
0.47738693467336685,10.13265306122449,25.0954093787546,1.5230449021665395,94.03902057241356
0.4824120603015075,10.13265306122449,25.56735714496404,1.4675465836695958,93.7048836415393
0.48743718592964824,10.13265306122449,26.03618033862493,1.4064937433709421,92.79125295068539
0.49246231155778897,10.13265306122449,26.498923609424313,1.3379249350512559,91.27453843934279
0.49748743718592964,10.13265306122449,26.95216986844421,1.2582368053674233,88.97513986287318
0.5025125628140703,10.13265306122449,27.391183048196883,1.1594201136300375,85.42625814274112
0.507537688442211,10.13265306122449,27.805021516700418,1.0195423417123033,77.84577543195063
0.5125628140703518,10.13265306122449,28.144431510563432,0.7754599368683278,52.821915045913656
0.5175879396984925,10.13265306122449,28.31575661451888,0.412802599587056,20.260797662518584
0.5226130653266332,10.13265306122449,28.387900031446765,0.03630529065063723,10.02557660245938
0.5276381909547738,10.13265306122449,28.427960989624513,-0.3219446743590255,6.334626064520582
0.5326633165829145,10.13265306122449,28.455564566324664,-0.6556799751154067,4.782568946209355
0.5376884422110553,10.13265306122449,28.477488963335155,-0.9615300333555687,4.036422949108089
0.542713567839196,10.13265306122449,28.496907175005273,-1.2366578886725337,3.76456539267213
0.5477386934673367,10.13265306122449,28.51582858128406,-1.4783220141951,3.8364749509196985
0.5527638190954773,10.13265306122449,28.53618765171748,-1.6837174392921137,4.439604357364794
0.5577889447236181,10.13265306122449,28.561427254247977,-1.8495991338342939,5.870415579927344
0.5628140703517588,10.13265306122449,28.6017976824297,-1.969038896646654,11.469258129242192
0.5678391959798995,10.13265306122449,28.669272788758136,-2.0119380781187752,11.842830889442405
0.5728643216080402,10.13265306122449,28.705773221632082,-2.0141711397537803,2.502476720474867
0.5778894472361809,10.13265306122449,28.72094660423676,-2.014007866431213,7.20124410316062
0.5829145728643216,10.13265306122449,28.78047187841391,-2.011291504312309,16.400739562401906
0.5879396984924623,10.13265306122449,28.884919953985722,-2.0046859621552917,25.085983042624303
0.592964824120603,10.13265306122449,29.031741996285387,-1.995050570942998,33.26379377750493
0.5979899497487438,10.13265306122449,29.21836875480744,-1.9826796986569823,40.92758864132841
0.6030150753768844,10.13265306122449,29.442215596328225,-1.9676674043284101,48.077285142932055
0.6080402010050251,10.13265306122449,29.700697803399006,-1.9500907996255044,54.712502928005634
0.6130653266331658,10.13265306122449,29.99123146348807,-1.9300070004235017,60.83375935871843
0.6180904522613065,10.13265306122449,30.311224704604268,-1.907465969880116,66.4382547455618
0.6231155778894473,10.13265306122449,30.65809352553767,-1.8824935366665732,71.52884327235739
0.628140703517588,10.13265306122449,31.029246001685568,-1.8551044255153972,76.10284045119344
0.6331658291457286,10.13265306122449,31.42209420972176,-1.8252941699878622,80.1615346006397
0.6381909547738693,10.13265306122449,31.834036405845538,-1.7930553579652209,83.70306975964816
0.6432160804020101,10.13265306122449,32.26247133950021,-1.7583202664899307,86.72664421930082
0.6482412060301508,10.13265306122449,32.70480121437908,-1.7210099793728213,89.23414057901478
0.6532663316582915,10.13265306122449,33.15842148682363,-1.6810090087085405,91.21958328444295
0.6582914572864321,10.13265306122449,33.62070600830675,-1.6381347675335296,92.68355468890887
0.6633165829145728,10.13265306122449,34.089031622474565,-1.5921012600807025,93.61976978879261
0.6683417085427136,10.13265306122449,34.56073990429459,-1.5425102678497764,94.0272292664059
0.6733668341708543,10.13265306122449,35.03312916144932,-1.4887847746546838,93.90214174400687
0.678391959798995,10.13265306122449,35.503459423186264,-1.4299680115950015,93.21064865579368
0.6834170854271356,10.13265306122449,35.96880726012475,-1.3645079217282612,91.91171976369384
0.6884422110552764,10.13265306122449,36.42603412204158,-1.2895589338967541,89.93219764734094
0.6934673366834171,10.13265306122449,36.871100496288726,-1.1993109469516496,86.97846317621294
0.6984924623115578,10.13265306122449,37.29661723997724,-1.079122556044304,81.91704294133223
0.7035175879396985,10.13265306122449,37.67538067149219,-0.8840615302603243,65.0898477481162
0.7085427135678392,10.13265306122449,37.91115821167734,-0.5535308935908531,28.614607117286415
0.7135678391959799,10.13265306122449,38.00796779503143,-0.1748388290796684,12.954283712878032
0.7185929648241206,10.13265306122449,38.05633377308308,0.19131058225507916,7.553984348752346
0.7236180904522613,10.13265306122449,38.08741397342759,0.5346100952049099,5.291325453198029
0.7286432160804021,10.13265306122449,38.11097661423359,0.8511725473850255,4.235895844873405
0.7336683417085427,10.13265306122449,38.13105803672164,1.1380440415017157,3.7917212339508413
0.7386934673366834,10.13265306122449,38.14993705881996,1.3924850176266375,3.758214928290153
0.7437185929648241,10.13265306122449,38.1695380507694,1.6117152433546353,4.138591809457683
0.7487437185929648,10.13265306122449,38.19234237351212,1.7927399903588475,4.920442834819897
0.7537688442211056,10.13265306122449,38.22477365769288,1.931068018955238,8.336598066041526
0.7587939698492462,10.13265306122449,38.28565606865596,2.005691314855416,14.255125016294611
0.7638190954773869,10.13265306122449,38.33886964124208,2.0140709622750546,6.083596212504594
0.7688442211055276,10.13265306122449,38.35193433025162,2.0141616811388747,3.643150374947213
0.7738693467336684,10.13265306122449,38.3940914670032,2.0127944953626478,13.043547281870508
0.7788944723618091,10.13265306122449,38.48214058773503,2.0075365422699782,21.91617236567536
0.7839195979899497,10.13265306122449,38.613510499597986,1.998965193804699,30.28390045832576
0.7889447236180904,10.13265306122449,38.785642496600424,1.9875960150576097,38.13876469526758
0.7939698492462312,10.13265306122449,38.995955432591906,1.973560182069219,45.48026556194667
0.7989949748743719,10.13265306122449,39.241866832760245,1.9569293199697917,52.3061730636023
0.8040201005025126,10.13265306122449,39.520785915386824,1.9377721372334618,58.61782913016214
0.8090452261306532,10.13265306122449,39.83013068726589,1.9161345134994017,64.41521317805343
0.8140703517587939,10.13265306122449,40.167308857882915,1.8920639148590335,69.69619498694237
0.8190954773869347,10.13265306122449,40.52973966300226,1.8655724274114656,74.46226575661343
0.8241206030150754,10.13265306122449,40.914824638098196,1.8366642141959082,78.71306365212351
0.8291457286432161,10.13265306122449,41.31996907967138,1.8053372631293478,82.44739759498421
0.8341708542713567,10.13265306122449,41.74257832452361,1.7715344320626887,85.66577377096489
0.8391959798994975,10.13265306122449,42.180048800982874,1.7351974789945497,88.36075670445986
0.8442211055276382,10.13265306122449,42.6297759191302,1.696219015250342,90.54228881892111
0.8492462311557789,10.13265306122449,43.08914325421246,1.6544334000473169,92.19704865523464
0.8542713567839196,10.13265306122449,43.55552423580633,1.6096136010021076,93.33273695088454
0.8592964824120602,10.13265306122449,44.02627598104835,1.5614070554352935,93.93471953095215
0.864321608040201,10.13265306122449,44.49873283885337,1.5093040441349148,94.00230360301092
0.8693467336683417,10.13265306122449,44.9701508547221,1.4525231668525556,93.52115783783056
0.8743718592964824,10.13265306122449,45.437738348712614,1.3897671363850532,92.47934050772042
0.8793969849246231,10.13265306122449,45.898377424219895,1.3188068363627239,90.7718602451238
0.8844221105527639,10.13265306122449,46.34851606173522,1.2352951031468888,88.21085758679327
0.8894472361809045,10.13265306122449,46.7826429642701,1.1290641669826467,84.18253299562156
0.8944723618090452,10.13265306122449,47.18543848525488,0.9707398209164935,74.53377660040917
0.8994974874371859,10.13265306122449,47.48690403656631,0.6892370635406584,42.9595581319825
0.9045226130653267,10.13265306122449,47.62199203540312,0.31551654886194447,16.651838721191663
0.9095477386934674,10.13265306122449,47.68246858970183,-0.05740383090305389,8.747951946182198
0.914572864321608,10.13265306122449,47.71829024876739,-0.40978777609024886,5.84302664871762
0.9195979899497487,10.13265306122449,47.74400107356615,-0.736661910379447,4.5170661799292295
0.9246231155778895,10.13265306122449,47.76505109291037,-1.0348819218763823,3.929988456591231
0.9296482412060302,10.13265306122449,47.78416358704035,-1.3017090110962473,3.771666944990036
0.9346733668341709,10.13265306122449,47.803233341954105,-1.5343645706138527,3.9884367977272537
0.9396984924623115,10.13265306122449,47.824423797236626,-1.7299867803189333,4.7352807025668575
0.9447236180904522,10.13265306122449,47.85197310997213,-1.8849777495582511,6.679196567348605
0.949748743718593,10.13265306122449,47.90010281849375,-1.988682482590237,13.394088975426271
0.9547738693467337,10.13265306122449,47.96535061771035,-2.0133939742067595,9.570569778868242
0.9597989949748744,10.13265306122449,47.98962855587428,-2.0141739851737204,0.04805640316773937
0.964824120603015,10.13265306122449,48.07630583630244,-2.0104946945886284,32.859373353635156
0.9698492462311558,10.13265306122449,48.3041761049931,-1.9957117626412053,56.275792546536124
0.9748743718592965,10.13265306122449,48.62619269994422,-1.9742959115626404,70.3245741503602
0.9798994974874372,10.13265306122449,48.99524773569301,-1.9492641075913582,74.99636913696582
0.9849246231155779,10.13265306122449,49.36423543650004,-1.9236749604947514,70.2981221796992
0.9899497487437185,10.13265306122449,49.68606400449606,-1.9008679273033837,56.22965496675945
0.9949748743718593,10.13265306122449,49.913674173510095,-1.8844477568047218,32.79680338313514
1.0,10.13265306122449,50.0,-1.8781521295900656,-1.8235706017822548e-14
0.0,10.153061224489797,0.0,2.0,0.0
0.005025125628140704,10.153061224489797,0.024968548775178342,1.9995086366078054,9.843923444235584
0.010050251256281407,10.153061224489797,0.09798184699690078,1.995609859299038,19.124457718267543
0.01507537688442211,10.153061224489797,0.21628878517775596,1.9879090037165852,27.87349799663493
0.020100502512562814,10.153061224489797,0.37722164633672717,1.9772087498535336,36.08830487625025
0.02512562814070352,10.153061224489797,0.5780809941737378,1.9637108435464794,43.763877321286344
0.03015075376884422,10.153061224489797,0.8161600072654294,1.947509844061827,50.90098520392839
0.035175879396984924,10.153061224489797,1.088749501845094,1.9286714538611427,57.50021619309397
0.04020100502512563,10.153061224489797,1.3931403634085961,1.9072560954646511,63.55746353044055
0.04522613065326633,10.153061224489797,1.726620635913056,1.8833024657697226,69.07679751323533
0.05025125628140704,10.153061224489797,2.0864777105229373,1.8568319585465143,74.0551594713493
0.05527638190954774,10.153061224489797,2.4699959947739307,1.8278492156475135,78.49410938861102
0.06030150753768844,10.153061224489797,2.874458125734256,1.7963519960090442,82.39036121406619
0.06532663316582915,10.153061224489797,3.297143001876499,1.762287160368285,85.74662834092338
0.07035175879396985,10.153061224489797,3.735325686975864,1.7255745836619065,88.55884241504144
0.07537688442211055,10.153061224489797,4.186276548722114,1.686117540490672,90.82548267553751
0.08040201005025126,10.153061224489797,4.647252831065778,1.643725960990661,92.55339232404609
0.08542713567839195,10.153061224489797,5.11550105855093,1.5981465497519731,93.7219930077863
0.09045226130653267,10.153061224489797,5.588249309339085,1.549009514003469,94.33678971481878
0.09547738693467336,10.153061224489797,6.06268675026234,1.4957164728993357,94.38865419868495
0.10050251256281408,10.153061224489797,6.535948306189887,1.4373882378044633,93.86223272952687
0.10552763819095477,10.153061224489797,7.005042363607998,1.372534743292448,92.72074529351636
0.11055276381909548,10.153061224489797,7.466693024996034,1.298496838024658,90.90837384949569
0.11557788944723618,10.153061224489797,7.9168645290858315,1.2098169142779664,88.11642600142177
0.12060301507537688,10.153061224489797,8.348617425168447,1.0930544277630467,83.13474157608249
0.12562814070351758,10.153061224489797,8.738144115717681,0.9069150699746151,68.13316268106388
0.1306532663316583,10.153061224489797,8.99152569986811,0.5832742938886418,31.828815921974126
0.135678391959799,10.153061224489797,9.09577925473622,0.2010798338197901,13.425817494343914
0.1407035175879397,10.153061224489797,9.146391724070495,-0.17016845021141,7.816382100454591
0.1457286432160804,10.153061224489797,9.178372358145317,-0.5185101522397567,5.35458358972592
0.1507537688442211,10.153061224489797,9.20236043489003,-0.8397830222036552,4.329316892267725
0.15577889447236182,10.153061224489797,9.222709168551251,-1.1308864793477,3.868949078287649
0.16080402010050251,10.153061224489797,9.241791500316989,-1.3889342215727336,3.786099756472566
0.1658291457286432,10.153061224489797,9.261511521947046,-1.6110369702265281,4.239835350010479
0.1708542713567839,10.153061224489797,9.28460609580743,-1.7940682150624345,5.335722847302446
0.17587939698492464,10.153061224489797,9.317616085982019,-1.9333106883902897,8.361688148033494
0.18090452261306533,10.153061224489797,9.37986258486954,-2.006530137099615,14.290354454176335
0.18592964824120603,10.153061224489797,9.431929488505839,-2.0140744172371567,5.69747725996084
0.19095477386934673,10.153061224489797,9.444659815118957,-2.0141329792224996,4.1685882832081464
0.19597989949748743,10.153061224489797,9.489337710116528,-2.0126035236205073,13.521939500570015
0.20100502512562815,10.153061224489797,9.579678543544356,-2.0071587958701707,22.350824775237214
0.20603015075376885,10.153061224489797,9.713126265866173,-1.9984600767169887,30.6767569968854
0.21105527638190955,10.153061224489797,9.887130404694181,-1.986983110419379,38.49154734297341
0.21608040201005024,10.153061224489797,10.09911938828302,-1.972855473458722,45.79387430038942
0.22110552763819097,10.153061224489797,10.346517326644605,-1.9561455813851676,52.58398027963301
0.22613065326633167,10.153061224489797,10.626745446641939,-1.9369239009736576,58.86163309695053
0.23115577889447236,10.153061224489797,10.937225415216988,-1.9152402350399473,64.62457854071313
0.23618090452261306,10.153061224489797,11.275379176091528,-1.8911266449833852,69.87605024123404
0.24120603015075376,10.153061224489797,11.63862809142607,-1.8646046805721765,74.61268045335622
0.24623115577889448,10.153061224489797,12.024390416328773,-1.8356753405378605,78.83468315299608
0.25125628140703515,10.153061224489797,12.430078549219271,-1.8043341195932936,82.54528616927148
0.2562814070351759,10.153061224489797,12.853110519505755,-1.770525032499462,85.73733045189694
0.2613065326633166,10.153061224489797,13.290890059334606,-1.7342019271958342,88.41284886262568
0.2663316582914573,10.153061224489797,13.74081772823167,-1.6952313031436685,90.57501069817125
0.271356783919598,10.153061224489797,14.200295366867328,-1.6534763055920616,92.2110271304158
0.27638190954773867,10.153061224489797,14.666697337777418,-1.6086833684005852,93.33441629674878
0.2814070351758794,10.153061224489797,15.137396841489682,-1.5605193957184773,93.91763394363277
0.2864321608040201,10.153061224489797,15.60972257996782,-1.5084636499035284,93.97222729251455
0.2914572864321608,10.153061224489797,16.08096504854475,-1.4517352036912823,93.48189870942437
0.2964824120603015,10.153061224489797,16.548303770804626,-1.389037718400683,92.43259298719349
0.3015075376884422,10.153061224489797,17.008702584895858,-1.3181412683900822,90.71154680718345
0.3065326633165829,10.153061224489797,17.458568486520246,-1.2346931257724043,88.15642258831957
0.31155778894472363,10.153061224489797,17.89236173381481,-1.1285089702006037,84.06721988582905
0.3165829145728643,10.153061224489797,18.294772145477246,-0.9701259355899875,74.18315049092573
0.32160804020100503,10.153061224489797,18.595588636520905,-0.6884351829806914,42.70668472517221
0.32663316582914576,10.153061224489797,18.730186583828623,-0.3148830646412712,16.547407915474164
0.3316582914572864,10.153061224489797,18.790463620054695,0.057743969953447036,8.722029522031702
0.33668341708542715,10.153061224489797,18.826183424600057,0.4098260686858016,5.837048322254353
0.3417085427135678,10.153061224489797,18.851827186583556,0.736432989294028,4.508646300615741
0.34673366834170855,10.153061224489797,18.87282384686396,1.034447342043781,3.9191489066565937
0.35175879396984927,10.153061224489797,18.89188339845116,1.3010890713919236,3.7603233377228684
0.35678391959798994,10.153061224489797,18.91089378789336,1.5336143251640137,3.9643863389561202
0.36180904522613067,10.153061224489797,18.932008163464182,1.7291842971941234,4.692804268616767
0.36683417085427134,10.153061224489797,18.959438827456452,1.884265403640665,6.730782985995065
0.37185929648241206,10.153061224489797,19.00726123696816,1.9882719745101252,13.544666656428575
0.3768844221105528,10.153061224489797,19.072527449311906,2.0133491331218956,9.6263568033471
0.38190954773869346,10.153061224489797,19.097138101381802,2.0141522812964285,0.06510875871545213
0.3869346733668342,10.153061224489797,19.121125025492415,2.013694538672616,9.52232556452271
0.39195979899497485,10.153061224489797,19.19193469019682,2.0099799218903684,18.573494499553355
0.3969849246231156,10.153061224489797,19.30695222990824,2.0025881624195554,27.11939468333132
0.4020100502512563,10.153061224489797,19.463639803658015,1.992299816581114,35.15706111206737
0.40703517587939697,10.153061224489797,19.659429195923394,1.9793125974345156,42.682511203317695
0.4120603015075377,10.153061224489797,19.89174450632315,1.963716380919988,49.695252841548665
0.41708542713567837,10.153061224489797,20.158016311766097,1.9455822721588876,56.19594566057507
0.4221105527638191,10.153061224489797,20.455663545137785,1.9249599136480033,62.18186589461045
0.4271356783919598,10.153061224489797,20.78210694714802,1.901898334723291,67.65569496622392
0.4321608040201005,10.153061224489797,21.134766197776493,1.876418663643009,72.61609044752977
0.4371859296482412,10.153061224489797,21.511060888998998,1.8485413850073416,77.0642325399877
0.44221105527638194,10.153061224489797,21.908409258931,1.8182464488190693,80.99535400906461
0.4472361809045226,10.153061224489797,22.32422565519254,1.7855179480301053,84.41185627954091
0.45226130653266333,10.153061224489797,22.755916211647975,1.750296194154866,87.31431218891332
0.457286432160804,10.153061224489797,23.2008876398475,1.7124976960683238,89.69649860605438
0.4623115577889447,10.153061224489797,23.65652982703929,1.6719756097119338,91.5616474041357
0.46733668341708545,10.153061224489797,24.12024104920107,1.6285348423707984,92.91352702654768
0.4723618090452261,10.153061224489797,24.589395258137884,1.581885107931557,93.73356838753803
0.47738693467336685,10.153061224489797,25.061332903367827,1.5315972022701605,94.0184124796514
0.4824120603015075,10.153061224489797,25.53337426585403,1.4770303451296514,93.76581205367518
0.48743718592964824,10.153061224489797,26.00276339842461,1.4171251257481814,92.94766502617526
0.49246231155778897,10.153061224489797,26.46656823950399,1.3501650357699375,91.54611605042543
0.49748743718592964,10.153061224489797,26.921529507846426,1.272934103341754,89.38330808404339
0.5025125628140703,10.153061224489797,27.363276959848573,1.1785848073835794,86.19187725300164
0.507537688442211,10.153061224489797,27.78285630768461,1.0490193137315007,79.89298191660774
0.5125628140703518,10.153061224489797,28.142971702408065,0.8296593326566988,57.996606250432585
0.5175879396984925,10.153061224489797,28.34338468468347,0.47993501518771386,24.860260520341008
0.5226130653266332,10.153061224489797,28.425737627308095,0.10209705938526746,11.238914361537914
0.5276381909547738,10.153061224489797,28.469289071399,-0.25976999379566806,6.8351322976629145
0.5326633165829145,10.153061224489797,28.498352850975103,-0.5978725358562559,4.956450952221909
0.5376884422110553,10.153061224489797,28.520941087548874,-0.9086636379163812,4.109363197440947
0.542713567839196,10.153061224489797,28.54058948182868,-1.1892921339997962,3.740368806857989
0.5477386934673367,10.153061224489797,28.559395489262368,-1.4369854266634015,3.7800411509002396
0.5527638190954773,10.153061224489797,28.57930476500532,-1.6489801654872411,4.283496070800177
0.5577889447236181,10.153061224489797,28.603158602352597,-1.8222060345866389,5.536387040176069
0.5628140703517588,10.153061224489797,28.638984459479822,-1.951251968954307,9.860765260786208
0.5678391959798995,10.153061224489797,28.704276726300023,-2.009677885707996,13.304627684718561
0.5728643216080402,10.153061224489797,28.749290571286902,-2.0141274606176487,4.293914943428634
0.5778894472361809,10.153061224489797,28.761718996054203,-2.0140965425017683,5.421534194592975
0.5829145728643216,10.153061224489797,28.812513701496954,-2.012106861734644,14.704279724748677
0.5879396984924623,10.153061224489797,28.908631349434845,-2.006177686278352,23.467597527021486
0.592964824120603,10.153061224489797,29.047525299401062,-1.997103570517872,31.727055854039794
0.5979899497487438,10.153061224489797,29.226639610264375,-1.9852759597979748,39.475451023586395
0.6030150753768844,10.153061224489797,29.443403225715183,-1.9708063373752152,46.711321085818824
0.6080402010050251,10.153061224489797,29.69523678305909,-1.953764550735053,53.43427886068249
0.6130653266331658,10.153061224489797,29.979568494148154,-1.9342206035320237,59.644065956522226
0.6180904522613065,10.153061224489797,30.29381481978247,-1.912210018371657,65.34097422893697
0.6231155778894473,10.153061224489797,30.63540095315825,-1.8877791000702164,70.52423749682292
0.628140703517588,10.153061224489797,31.00174704472903,-1.860942510777921,75.19543669368018
0.6331658291457286,10.153061224489797,31.390267247629243,-1.8317045380715888,79.34920314074225
0.6381909547738693,10.153061224489797,31.798380404976886,-1.8000404078552137,82.99260423649963
0.6432160804020101,10.153061224489797,32.223490106642835,-1.7659075056908053,86.11875231864909
0.6482412060301508,10.153061224489797,32.66300754911163,-1.7292431887784674,88.72431219815054
0.6532663316582915,10.153061224489797,33.114339377975476,-1.6899231934254269,90.81782764373256
0.6582914572864321,10.153061224489797,33.57486899582,-1.647776494677295,92.38604558507636
0.6633165829145728,10.153061224489797,34.04198549776981,-1.6025702595110822,93.43673722942086
0.6683417085427136,10.153061224489797,34.51305160757785,-1.553919613524631,93.9583219641443
0.6733668341708543,10.153061224489797,34.985399617123804,-1.501306915192073,93.95063557333273
0.678391959798995,10.153061224489797,35.45630976926494,-1.4438752783627018,93.38209647096633
0.6834170854271356,10.153061224489797,35.9228999865328,-1.3802654188713013,92.2290692550372
0.6884422110552764,10.153061224489797,36.38212594185674,-1.308045964053293,90.42656756626361
0.6934673366834171,10.153061224489797,36.830272643515364,-1.2223957142866513,87.72603450254236
0.6984924623115578,10.153061224489797,37.261290313464286,-1.11180775744882,83.33141722263477
0.7035175879396985,10.153061224489797,37.65659159074047,-0.9419722094851576,71.46608479339653
0.7085427135678392,10.153061224489797,37.935038318351495,-0.6416170114014125,37.63300583293445
0.7135678391959799,10.153061224489797,38.05436276011732,-0.26514507494686,14.889996269170878
0.7185929648241206,10.153061224489797,38.10980718159848,0.10526753999283603,8.208216155268836
0.7236180904522613,10.153061224489797,38.143699410347445,0.4542212215694688,5.634274879031438
0.7286432160804021,10.153061224489797,38.1685119647696,0.7772321652697254,4.450340476233353
0.7336683417085427,10.153061224489797,38.18913422611538,1.0713050426436803,3.868897752372908
0.7386934673366834,10.153061224489797,38.2080825180687,1.3336286849631533,3.6760172133789077
0.7437185929648241,10.153061224489797,38.227266722639776,1.5614797621773655,3.9442695565275656
0.7487437185929648,10.153061224489797,38.24884737741332,1.7519623719405448,4.777899178148832
0.7537688442211056,10.153061224489797,38.27772286393464,1.9013177281735747,7.303424399248855
0.7587939698492462,10.153061224489797,38.33013149001465,1.995941508418023,14.30596316641662
0.7638190954773869,10.153061224489797,38.39221684704705,2.0137210718119984,8.409098677286641
0.7688442211055276,10.153061224489797,38.41125917756442,2.014151954398207,1.2239686927763935
0.7738693467336684,10.153061224489797,38.44154828021575,2.0134467350360805,10.741777089228554
0.7788944723618091,10.153061224489797,38.51830961243656,2.009194085157104,19.7244242299572
0.7839195979899497,10.153061224489797,38.63894514540809,2.001394844825509,28.20425291363366
0.7889447236180904,10.153061224489797,38.80091508063395,1.9907456815683195,36.17434393048854
0.7939698492462312,10.153061224489797,39.001650914852604,1.9774138463474233,43.63241740143189
0.7989949748743719,10.153061224489797,39.23857563936247,1.9614807971484127,50.577895651885456
0.8040201005025126,10.153061224489797,39.50911509826593,1.9430131716230132,57.01041212446991
0.8090452261306532,10.153061224489797,39.810690990083906,1.9220717968101437,62.93104692736281
0.8140703517587939,10.153061224489797,40.140726405286536,1.8986893775637612,68.33819177905944
0.8190954773869347,10.153061224489797,40.49663528772714,1.872897467115454,73.22979552874669
0.8241206030150754,10.153061224489797,40.87584707451129,1.8446959477606826,77.60891185154905
0.8291457286432161,10.153061224489797,41.275773197245556,1.8140896006895546,81.47234974451686
0.8341708542713567,10.153061224489797,41.69381853068619,1.7810384790787273,84.82147940743366
0.8391959798994975,10.153061224489797,42.127397334714345,1.7454815830652342,87.65491820219488
0.8442211055276382,10.153061224489797,42.57392085567567,1.7073348999714395,89.9718583356385
0.8492462311557789,10.153061224489797,43.03078006317481,1.6664422970046109,91.76850725433923
0.8542713567839196,10.153061224489797,43.49536032466259,1.6225978268876766,93.05118747488767
0.8592964824120602,10.153061224489797,43.965038205515306,1.5755017491190704,93.80079397415895
0.864321608040201,10.153061224489797,44.437169040113545,1.524687260025243,94.02113575328518
0.8693467336683417,10.153061224489797,44.90903084915698,1.4694828550044006,93.68746484735782
0.8743718592964824,10.153061224489797,45.377843829261245,1.4087753678894146,92.81374832700716
0.8793969849246231,10.153061224489797,45.84066275265302,1.3407089560197236,91.28949258637681
0.8844221105527639,10.153061224489797,46.2941557022939,1.2617451581730195,89.03126502441411
0.8894472361809045,10.153061224489797,46.73367548576734,1.1642203708575225,85.60828101085313
0.8944723618090452,10.153061224489797,47.14890700069009,1.0272261165562406,78.79986092745193
0.8994974874371859,10.153061224489797,47.493753701901234,0.7896938969144834,53.7746098749661
0.9045226130653267,10.153061224489797,47.67212767651215,0.4300910266092657,21.183495340353865
0.9095477386934674,10.153061224489797,47.74657277033387,0.05336625094829632,10.260319078944326
0.914572864321608,10.153061224489797,47.787413619538015,-0.30564554075383676,6.4205950195171795
0.9195979899497487,10.153061224489797,47.81532575804393,-0.6403174020218255,4.822624989924226
0.9246231155778895,10.153061224489797,47.83737414624348,-0.9472952971646679,4.046672564298818
0.9296482412060302,10.153061224489797,47.85680956794729,-1.223734701789406,3.7502306915168155
0.9346733668341709,10.153061224489797,47.87565544902507,-1.4669006262649686,3.772306535202851
0.9396984924623115,10.153061224489797,47.89582977265252,-1.673997594136522,4.427624865042133
0.9447236180904522,10.153061224489797,47.92058559989102,-1.841834447119799,5.657097930920289
0.949748743718593,10.153061224489797,47.95941882544307,-1.9640198162019593,10.876122901819507
0.9547738693467337,10.153061224489797,48.026431966856414,-2.01137967409121,12.287832491805053
0.9597989949748744,10.153061224489797,48.06539444979858,-2.014145451995569,3.0242896312206047
0.964824120603015,10.153061224489797,48.111746436507744,-2.012854981409188,24.540735664136044
0.9698492462311558,10.153061224489797,48.30691014053991,-2.0006683663841556,51.45375066191072
0.9748743718592965,10.153061224489797,48.61189789421047,-1.9805209611020724,68.23937382377419
0.9798994974874372,10.153061224489797,48.975736214190114,-1.9560311923270268,74.87662490434973
0.9849246231155779,10.153061224489797,49.34743171877739,-1.9304580740258948,71.36655485303417
0.9899497487437185,10.153061224489797,49.676007327226,-1.9073603707681142,57.71547731224324
0.9949748743718593,10.153061224489797,49.91051007317344,-1.890574268967171,33.926661682416835
1.0,10.153061224489797,50.0,-1.884095908594279,0.0
0.0,10.173469387755102,0.0,2.0,0.0
0.005025125628140704,10.173469387755102,0.024920036991438653,1.9995105509261668,9.824960874239132
0.010050251256281407,10.173469387755102,0.09779483837435322,1.995626873480591,19.088635286832076
0.01507537688442211,10.173469387755102,0.2158833326332796,1.9879557563696895,27.82272436809134
0.020100502512562814,10.173469387755102,0.3765275217532773,1.9772966579746452,36.024515081071094
0.02512562814070352,10.173469387755102,0.5770376685870822,1.9638505430320614,43.68902008200827
0.03015075376884422,10.173469387755102,0.8147166156489881,1.9477115800223523,50.81700836404768
0.035175879396984924,10.173469387755102,1.0868654374771929,1.928944356065661,57.40892362566967
0.04020100502512563,10.173469387755102,1.3907846462114277,1.9076120234280338,63.46125518432056
0.04522613065326633,10.173469387755102,1.7237722178672283,1.8837499749404814,68.97759613162674
0.05025125628140704,10.173469387755102,2.0831256746542555,1.8573823541262688,73.95467984047684
0.05527638190954774,10.173469387755102,2.4661392396901127,1.8285124532752381,78.39370762527776
0.06030150753768844,10.173469387755102,2.870106109554066,1.7971404385722987,82.29354727333087
0.06532663316582915,10.173469387755102,3.292313759013613,1.7632112839806215,85.65530525317644
0.07035175879396985,10.173469387755102,3.7300483281158905,1.7266516699014356,88.47227758440528
0.07537688442211055,10.173469387755102,4.180590443498799,1.6873634538931113,90.74919140818167
0.08040201005025126,10.173469387755102,4.641207210073358,1.645154220406741,92.48377148559176
0.08542713567839195,10.173469387755102,5.109157147210535,1.599791353855546,93.66635478231204
0.09045226130653267,10.173469387755102,5.581678533633589,1.5508972179179288,94.30507413928119
0.09547738693467336,10.173469387755102,6.055974174907049,1.497900830934835,94.36956448377084
0.10050251256281408,10.173469387755102,6.529189544419412,1.4399324304114403,93.86251153662643
0.10552763819095477,10.173469387755102,6.998351597043475,1.3755498256275331,92.74427386385969
0.11055276381909548,10.173469387755102,7.460221599393362,1.3021656809430897,90.93124082352577
0.11557788944723618,10.173469387755102,7.910841477688012,1.214566855311066,88.17486927133164
0.12060301507537688,10.173469387755102,8.343568808435055,1.0999943392683214,83.41248791781081
0.12562814070351758,10.173469387755102,8.736453061417201,0.9194970704261783,69.79183907949744
0.1306532663316583,10.173469387755102,8.999240507525869,0.6027908810579639,34.51273512661684
0.135678391959799,10.173469387755102,9.108242955298802,0.22121670955413444,13.941884128078351
0.1407035175879397,10.173469387755102,9.16028218340705,-0.1507887232939313,7.772670619021627
0.1457286432160804,10.173469387755102,9.192819481346847,-0.5002112463815399,5.447141487077488
0.1507537688442211,10.173469387755102,9.217038651943888,-0.8227823281760536,4.363154362921844
0.15577889447236182,10.173469387755102,9.237463423035663,-1.1153925638375892,3.8688994158118666
0.16080402010050251,10.173469387755102,9.256511212431896,-1.3751624817481771,3.740923440680731
0.1658291457286432,10.173469387755102,9.276105675953556,-1.5992129221017877,4.206181169585158
0.1708542713567839,10.173469387755102,9.298814628044004,-1.7844592027522628,5.204824116502601
0.17587939698492464,10.173469387755102,9.330766679760586,-1.926418408868329,8.451019605179638
0.18090452261306533,10.173469387755102,9.39111605056246,-2.0048405244002825,14.472774785592739
0.18592964824120603,10.173469387755102,9.445748389919547,-2.0140159239517113,6.296002399043586
0.19095477386934673,10.173469387755102,9.459122809685077,-2.0141196212297663,3.5600048943570135
0.19597989949748743,10.173469387755102,9.50078236569838,-2.0127876003872065,12.929388486544697
0.20100502512562815,10.173469387755102,9.588189410478774,-2.0075980858446942,21.77494729618294
0.20603015075376885,10.173469387755102,9.71878766978195,-1.9991126864983415,30.118801304743222
0.21105527638190955,10.173469387755102,9.890037801960354,-1.9878484762476212,37.95393875064004
0.21608040201005024,10.173469387755102,10.099378209294732,-1.9739353743779455,45.278508350205456
0.22110552763819097,10.173469387755102,10.34424046457413,-1.9574471550217265,52.09211112025728
0.22613065326633167,10.173469387755102,10.62206072230657,-1.9384542718299893,58.39557283868649
0.23115577889447236,10.173469387755102,10.930266432624776,-1.9169987739239098,64.1858863238487
0.23618090452261306,10.173469387755102,11.266288454125455,-1.893125852035352,69.46568832325366
0.24120603015075376,10.173469387755102,11.627556706793412,-1.86685179871569,74.23446115291237
0.24623115577889448,10.173469387755102,12.011498055054746,-1.8381920016176465,78.4902772373919
0.25125628140703515,10.173469387755102,12.41553911189647,-1.8071163505343635,82.2355293461137
0.2562814070351759,10.173469387755102,12.83710125144862,-1.7735996510585588,85.4644725661453
0.2613065326633166,10.173469387755102,13.273604764169805,-1.7375807474222837,88.1808766959138
0.2663316582914573,10.173469387755102,13.722456328659748,-1.698940599355096,90.38043641018302
0.271356783919598,10.173469387755102,14.181064483690763,-1.657544030975452,92.06483769679079
0.27638190954773867,10.173469387755102,14.646821545331774,-1.6131473123808449,93.22347791343826
0.2814070351758794,10.173469387755102,15.117104923587325,-1.5654437748799814,93.86525988455818
0.2864321608040201,10.173469387755102,15.589264220300102,-1.5139223262342711,93.97542949936775
0.2914572864321608,10.173469387755102,16.06060463083783,-1.4578366312257363,93.5286812965693
0.2964824120603015,10.173469387755102,16.528322385434794,-1.3959980878163498,92.51768902636432
0.3015075376884422,10.173469387755102,16.98943803385468,-1.326300104963535,90.89374334006638
0.3065326633165829,10.173469387755102,17.4404731519881,-1.2447253255717883,88.45179444704621
0.31155778894472363,10.173469387755102,17.8762739385035,-1.14216746005809,84.5839822472927
0.3165829145728643,10.173469387755102,18.283801258631716,-0.9928511674532845,75.8981064194511
0.32160804020100503,10.173469387755102,18.602340555067883,-0.728021971154534,45.27784694556243
0.32663316582914576,10.173469387755102,18.75189184506894,-0.3586291728731858,18.042504325870595
0.3316582914572864,10.173469387755102,18.816858851392464,0.015486256068032531,9.267820423365444
0.33668341708542715,10.173469387755102,18.85427219712359,0.3699982059098548,6.109364042840141
0.3417085427135678,10.173469387755102,18.88067282015563,0.6994927726045973,4.6229081487303745
0.34673366834170855,10.173469387755102,18.90198942763089,1.0007671089040833,3.957062930254657
0.35175879396984927,10.173469387755102,18.92112237407097,1.271045027642794,3.7508132167409935
0.35678391959798994,10.173469387755102,18.939997438460978,1.5075887427107413,3.9260088065264025
0.36180904522613067,10.173469387755102,18.960640402432734,1.7076019929788562,4.390020770743374
0.36683417085427134,10.173469387755102,18.98683677921557,1.8677226251117363,6.288065902246292
0.37185929648241206,10.173469387755102,19.03060429376698,1.9794926459793716,12.381087956223048
0.3768844221105528,10.173469387755102,19.097537277055324,2.0127756229670584,10.731476064654153
0.38190954773869346,10.173469387755102,19.128049954430505,2.01412911308464,1.2861640475865257
0.3869346733668342,10.173469387755102,19.14682362210824,2.013842928383577,8.340546547259846
0.39195979899497485,10.173469387755102,19.211820484045276,2.010649086934013,17.440764320040017
0.3969849246231156,10.173469387755102,19.321265632095088,2.0036829567815113,26.03501413180785
0.4020100502512563,10.173469387755102,19.472630889630203,1.9937766929622605,34.123463939781956
0.40703517587939697,10.173469387755102,19.663362175479772,1.9811698342467248,41.70203286248019
0.4120603015075377,10.173469387755102,19.890891843960098,1.9659493825934127,48.76997326492287
0.41708542713567837,10.173469387755102,20.15265809870086,1.9481967430998697,55.3267007074559
0.4221105527638191,10.173469387755102,20.446083463668778,1.9279582945512412,61.37174111687621
0.4271356783919598,10.173469387755102,20.768607313412268,1.9052838627405342,66.90758981488206
0.4321608040201005,10.173469387755102,21.117656162060094,1.880199258876995,71.93067680231279
0.4371859296482412,10.173469387755102,21.490657758792796,1.852726511597285,76.44040807318646
0.44221105527638194,10.173469387755102,21.885040363693705,1.8228489021966086,80.43704660598993
0.4472361809045226,10.173469387755102,22.29822736326195,1.790558043077944,83.92320189759944
0.45226130653266333,10.173469387755102,22.72762846994587,1.7557905018378444,86.89397202715936
0.457286432160804,10.173469387755102,23.170679535893736,1.7184602552556678,89.35064447030831
0.4623115577889447,10.173469387755102,23.624780623960206,1.678455065562062,91.28989424488877
0.46733668341708545,10.173469387755102,24.087319648296234,1.635589201703726,92.71279291427197
0.4723618090452261,10.173469387755102,24.555695634171453,1.5895751537273304,93.6109660148755
0.47738693467336685,10.173469387755102,25.027257683352534,1.54001289577562,93.9844604071503
0.4824120603015075,10.173469387755102,25.499346486542716,1.4863203172440096,93.82287066998207
0.48743718592964824,10.173469387755102,25.96922460004904,1.4275307718678172,93.10090906346522
0.49246231155778897,10.173469387755102,26.434007005321227,1.3620733011771717,91.77776446086101
0.49748743718592964,10.173469387755102,26.890532910263847,1.2870857160286633,89.79613754520156
0.5025125628140703,10.173469387755102,27.334747135493423,1.1966744768242124,86.85569639799266
0.507537688442211,10.173469387755102,27.759191902772127,1.075905630536188,81.42563215873072
0.5125628140703518,10.173469387755102,28.135826002588008,0.8788896789374363,65.3636556979031
0.5175879396984925,10.173469387755102,28.367512063214146,0.5466019278439848,28.13522720676285
0.5226130653266332,10.173469387755102,28.462514174139674,0.16840645466926418,12.516830785077884
0.5276381909547738,10.173469387755102,28.510198209944246,-0.1968775139110171,7.405105514845955
0.5326633165829145,10.173469387755102,28.54095153150247,-0.5392492611868239,5.235421738392768
0.5376884422110553,10.173469387755102,28.564321579218056,-0.8548969733666938,4.207613159364057
0.542713567839196,10.173469387755102,28.58426926181103,-1.140915296885042,3.776059102102814
0.5477386934673367,10.173469387755102,28.603040123653678,-1.3945553467214473,3.7055655629166337
0.5527638190954773,10.173469387755102,28.622533467090882,-1.6130702365458616,4.181646508850929
0.5577889447236181,10.173469387755102,28.645261133337378,-1.7934983367710093,5.1033397432693555
0.5628140703517588,10.173469387755102,28.677579397766163,-1.9313662083606564,8.1621842176771
0.5678391959798995,10.173469387755102,28.738298002779835,-2.005713787709947,14.253994421016996
0.5728643216080402,10.173469387755102,28.791339557916785,-2.014028724353779,6.067943964673635
0.5778894472361809,10.173469387755102,28.80436384431759,-2.0141177497405938,3.621788692801825
0.5829145728643216,10.173469387755102,28.84632553773473,-2.012761192551024,12.987880291561314
0.5879396984924623,10.173469387755102,28.934017544744297,-2.007545501248817,21.830450720994683
0.592964824120603,10.173469387755102,29.064886999392456,-1.999041185026439,30.171263783455753
0.5979899497487438,10.173469387755102,29.23639301472467,-1.987758545058622,38.002990510150724
0.6030150753768844,10.173469387755102,29.445973080047683,-1.9738314747718564,45.324365588911476
0.6080402010050251,10.173469387755102,29.691060709291,-1.9573252660218488,52.134758083118
0.6130653266331658,10.173469387755102,29.969088891183194,-1.9383117517179707,58.43468126199047
0.6180904522613065,10.173469387755102,30.27748798346316,-1.9168469364640275,64.22297211942572
0.6231155778894473,10.173469387755102,30.613689355925434,-1.892954518063133,69.50133214164201
0.628140703517588,10.173469387755102,30.97512197513158,-1.8666671718813312,74.26605673784206
0.6331658291457286,10.173469387755102,31.359217381954682,-1.8379858850797586,78.5166687126389
0.6381909547738693,10.173469387755102,31.76339639970511,-1.8068920421737265,82.25833602305195
0.6432160804020101,10.173469387755102,32.18507387803766,-1.7733604263643499,85.48251446927183
0.6482412060301508,10.173469387755102,32.62167690038847,-1.7373213784231418,88.19881482684734
0.6532663316582915,10.173469387755102,33.070612014379925,-1.698663721724084,90.39076311616519
0.6582914572864321,10.173469387755102,33.52927991717742,-1.657244087968556,92.07507392111984
0.6633165829145728,10.173469387755102,33.99508377283369,-1.6128299220411342,93.22822364096642
0.6683417085427136,10.173469387755102,34.46540301970014,-1.5650918818308566,93.8688000593345
0.6733668341708543,10.173469387755102,34.937583897402725,-1.5135417486584666,93.97409466984342
0.678391959798995,10.173469387755102,35.40891146311744,-1.4574243814504366,93.5232541835563
0.6834170854271356,10.173469387755102,35.87657552409254,-1.395543936457834,92.51309548320563
0.6884422110552764,10.173469387755102,36.33763045295755,-1.3257711953986182,90.8988422233586
0.6934673366834171,10.173469387755102,36.78858074580168,-1.244097835336117,88.438869600404
0.6984924623115578,10.173469387755102,37.22425179544545,-1.1413466297015364,84.55861757694684
0.7035175879396985,10.173469387755102,37.63144985000115,-0.9914824134233822,75.58885618606654
0.7085427135678392,10.173469387755102,37.948990868996376,-0.7256773687368813,45.32472135267872
0.7135678391959799,10.173469387755102,38.097562166142936,-0.3559789401359937,17.79541560496597
0.7185929648241206,10.173469387755102,38.16219204367901,0.01803075840496716,9.23751942127925
0.7236180904522613,10.173469387755102,38.19949971619228,0.3723865995822081,6.178775252997425
0.7286432160804021,10.173469387755102,38.22584125739477,0.7016761104013562,4.5980680406013725
0.7336683417085427,10.173469387755102,38.247135622647725,1.0027442182288775,3.9534129473806594
0.7386934673366834,10.173469387755102,38.26626292625293,1.2728014717238512,3.74894600493281
0.7437185929648241,10.173469387755102,38.285145419518614,1.5090846631481734,3.928010284371138
0.7487437185929648,10.173469387755102,38.3057970521409,1.7088179597363182,4.483160299499953
0.7537688442211056,10.173469387755102,38.332047775567254,1.8686380687355,6.0642407580372595
0.7587939698492462,10.173469387755102,38.375996404415154,1.9799970989969644,12.47300899681364
0.7638190954773869,10.173469387755102,38.442857576017204,2.012810475123928,10.664175589185753
0.7688442211055276,10.173469387755102,38.47303567652339,2.0141299043075276,1.2165424213279459
0.7738693467336684,10.173469387755102,38.49206507916003,2.013837158716239,8.40752764916049
0.7788944723618091,10.173469387755102,38.55739116816033,2.01061620002763,17.50417569863496
0.7839195979899497,10.173469387755102,38.667146051652836,2.0036270633951996,26.09506264093214
0.7889447236180904,10.173469387755102,38.81880474871998,1.9937010469925502,34.18025244556724
0.7939698492462312,10.173469387755102,39.00981088296297,1.9810740735297059,41.75533216525398
0.7989949748743719,10.173469387755102,39.23759777045082,1.9658358222018317,48.81929177854414
0.8040201005025126,10.173469387755102,39.49960251737807,1.948061653912592,55.37291241626578
0.8090452261306532,10.173469387755102,39.79325041238372,1.9278103903321009,61.415124227364544
0.8140703517587939,10.173469387755102,40.115978432811644,1.9051133073246407,66.94532544030712
0.8190954773869347,10.173469387755102,40.4652097473021,1.8800141698691637,71.96395446054764
0.8241206030150754,10.173469387755102,40.838382562436486,1.8525190231950128,76.47159081633586
0.8291457286432161,10.173469387755102,41.23291526952386,1.8226339315950586,80.46623828741092
0.8341708542713567,10.173469387755102,41.646235585422716,1.7903134468228072,83.94744459728005
0.8391959798994975,10.173469387755102,42.0757527059874,1.7555285675386538,86.91591253992715
0.8442211055276382,10.173469387755102,42.518899090956914,1.718190824933318,89.3658129591317
0.8492462311557789,10.173469387755102,42.97306089529452,1.6781664860260241,91.30182779728189
0.8542713567839196,10.173469387755102,43.435652097630886,1.6352655620523087,92.72043603617377
0.8592964824120602,10.173469387755102,43.90405823844654,1.5892284162338708,93.61777097555151
0.864321608040201,10.173469387755102,44.37564276237496,1.5396520636019089,93.98112697479266
0.8693467336683417,10.173469387755102,44.847736286349374,1.4859139026234751,93.81151641130941
0.8743718592964824,10.173469387755102,45.317578019828545,1.4270793377871824,93.0898896216142
0.8793969849246231,10.173469387755102,45.782313722091324,1.3615717344242229,91.78712883829967
0.8844221105527639,10.173469387755102,46.238748221615396,1.286517935865997,89.75140877268836
0.8894472361809045,10.173469387755102,46.68285053341459,1.1959543438940359,86.7362058990825
0.8944723618090452,10.173469387755102,47.107082752007706,1.0748338110071303,81.47046854016506
0.8994974874371859,10.173469387755102,47.48312568189674,0.8770556622449306,63.77619461008337
0.9045226130653267,10.173469387755102,47.713573354295214,0.5439998764094808,27.904725488979654
0.9095477386934674,10.173469387755102,47.807947875382546,0.1658163036518903,12.51428113499964
0.914572864321608,10.173469387755102,47.85547090620833,-0.19931450793967137,7.413561567238986
0.9195979899497487,10.173469387755102,47.88615034410233,-0.5414948122500465,5.190743219261147
0.9246231155778895,10.173469387755102,47.909486102191856,-0.856920628616917,4.2101873523792275
0.9296482412060302,10.173469387755102,47.92941690274794,-1.1426872874914626,3.7840688369192206
0.9346733668341709,10.173469387755102,47.94818761804302,-1.396069989487513,3.660105605692511
0.9396984924623115,10.173469387755102,47.96766603584681,-1.614292011953068,4.206387481818761
0.9447236180904522,10.173469387755102,47.990430047938695,-1.7944168557742037,5.199466874765786
0.949748743718593,10.173469387755102,48.02282247159549,-1.9319507888384893,8.259040618710664
0.9547738693467337,10.173469387755102,48.083608520019766,-2.0058250425174933,14.216676217728239
0.9597989949748744,10.173469387755102,48.1363116585003,-2.014027885529888,5.992307209598029
0.964824120603015,10.173469387755102,48.15998343931576,-2.013955612118862,14.685230646024012
0.9698492462311558,10.173469387755102,48.316115894041495,-2.005155738260883,45.61765084029181
0.9748743718592965,10.173469387755102,48.60005417667654,-1.9865246548614113,65.55346581713144
0.9798994974874372,10.173469387755102,48.9564848367774,-1.9627137530609569,74.46982315595986
0.9849246231155779,10.173469387755102,49.33004263381911,-1.9372128351563649,72.36834269394669
0.9899497487437185,10.173469387755102,49.66536379819949,-1.913829222228074,59.253961446768166
0.9949748743718593,10.173469387755102,49.90712108753555,-1.8966565580581054,35.13163840231063
1.0,10.173469387755102,50.0,-1.8899840203949658,0.0
0.0,10.193877551020408,0.0,2.0,0.0
0.005025125628140704,10.193877551020408,0.02487236011789579,1.999512431175907,9.806326053450363
0.010050251256281407,10.193877551020408,0.09761107415009401,1.9956436316743391,19.053429602388317
0.01507537688442211,10.193877551020408,0.21548487654378337,1.9880018770735015,27.77281741187619
0.020100502512562814,10.193877551020408,0.37584534782239837,1.97738343235127,35.96180512085432
0.02512562814070352,10.193877551020408,0.5760122622914611,1.9639894560044109,43.61540108410423
0.03015075376884422,10.193877551020408,0.8132980695731898,1.9479126382074574,50.73472031761842
0.035175879396984924,10.193877551020408,1.0850131865245989,1.9292140680847676,57.31836336652688
0.04020100502512563,10.193877551020408,1.3884687659429455,1.9079631342507875,63.36793665418925
0.04522613065326633,10.193877551020408,1.7209715677860689,1.8841868607909817,68.87974393752584
0.05025125628140704,10.193877551020408,2.0798280500908,1.8579206708509453,73.85646339088461
0.05527638190954774,10.193877551020408,2.462343977589946,1.8291730444710754,78.29628230076679
0.06030150753768844,10.193877551020408,2.8658215121585857,1.7979128805836322,82.1978433870593
0.06532663316582915,10.193877551020408,3.2875604527906397,1.7641219460932767,85.56175355771907
0.07035175879396985,10.193877551020408,3.7248518759088327,1.727716512281325,88.39226976717526
0.07537688442211055,10.193877551020408,4.174989007105956,1.6885871263641863,90.67363937192893
0.08040201005025126,10.193877551020408,4.6352494494011705,1.646575745577128,92.41991534044612
0.08542713567839195,10.193877551020408,5.102901675898961,1.6014160770933927,93.62043247560605
0.09045226130653267,10.193877551020408,5.575193707360752,1.5527632622969214,94.26155008825307
0.09547738693467336,10.193877551020408,6.049343181494646,1.500048686843195,94.3489985592621
0.10050251256281408,10.193877551020408,6.522510027731665,1.4424329633448971,93.86275772985141
0.10552763819095477,10.193877551020408,6.991739411856892,1.3785112789169431,92.76914360313806
0.11055276381909548,10.193877551020408,7.453822250857875,1.3057792924921803,90.99190495627283
0.11557788944723618,10.193877551020408,7.904871346685545,1.2192375693931885,88.29219671729763
0.12060301507537688,10.193877551020408,8.338524469690448,1.1067847101517478,83.68712550755635
0.12562814070351758,10.193877551020408,8.734569023358423,0.9317204732696427,70.6699809504812
0.1306532663316583,10.193877551020408,9.006517662748246,0.6220711634570805,34.51383009614298
0.135678391959799,10.193877551020408,9.12054580848195,0.24130815831962918,14.667493343883654
0.1407035175879397,10.193877551020408,9.17414486039862,-0.13140619315291086,8.118307520634136
0.1457286432160804,10.193877551020408,9.207243311293363,-0.48188537852776864,5.581591155754537
0.1507537688442211,10.193877551020408,9.231712790299026,-0.8057275338092984,4.363077818534315
0.15577889447236182,10.193877551020408,9.25221777513176,-1.0998082801852067,3.875428551709347
0.16080402010050251,10.193877551020408,9.271240118764924,-1.3612518858891443,3.7749315079740606
0.1658291457286432,10.193877551020408,9.290674080820551,-1.5872058875922315,4.153006505030029
0.1708542713567839,10.193877551020408,9.31301710475834,-1.7746201078586823,5.069216690794613
0.17587939698492464,10.193877551020408,9.34399182380747,-1.9192159516401164,8.067266365914815
0.18090452261306533,10.193877551020408,9.402182510442241,-2.002771036153186,14.733365807177092
0.18592964824120603,10.193877551020408,9.459183877830329,-2.0139381741464177,6.880645662739449
0.19095477386934673,10.193877551020408,9.473559939496248,-2.014104253210714,2.9606995418784052
0.19597989949748743,10.193877551020408,9.512247305791073,-2.012961503953737,12.34622678146172
0.20100502512562815,10.193877551020408,9.596763135130157,-2.0080300397826307,21.20715455623108
0.20603015075376885,10.193877551020408,9.724551662346435,-1.9997560196401916,29.568633035666473
0.21105527638190955,10.193877551020408,9.89308516049769,-1.9886994450666597,37.42305164189273
0.21608040201005024,10.193877551020408,10.099811822168668,-1.9749992896085313,44.76877581158314
0.22110552763819097,10.193877551020408,10.34217248035942,-1.9587295295682638,51.605571723965134
0.22613065326633167,10.193877551020408,10.617609815909773,-1.9399555034938933,57.933456721279484
0.23115577889447236,10.193877551020408,10.923564192107937,-1.9187361801764238,63.752110627532794
0.23618090452261306,10.193877551020408,11.257482138493657,-1.8950983571316464,69.06172244849944
0.24120603015075376,10.193877551020408,11.616790028818349,-1.8690734139783485,73.85950541161073
0.24623115577889448,10.193877551020408,11.998928292780741,-1.8406603172765665,78.14689828736051
0.25125628140703515,10.193877551020408,12.401336166694295,-1.8098613742521679,81.92482529114545
0.2562814070351759,10.193877551020408,12.821438894766525,-1.776628961295975,85.19238396274622
0.2613065326633166,10.193877551020408,13.25666507990549,-1.7409071279737975,87.9441228353434
0.2663316582914573,10.193877551020408,13.704438412337346,-1.7025924133264507,90.18813581249381
0.271356783919598,10.193877551020408,14.162171616623919,-1.661547283456912,91.91077973742843
0.27638190954773867,10.193877551020408,14.627273809494833,-1.6175404240718843,93.11519191765336
0.2814070351758794,10.193877551020408,15.097130038192974,-1.5702791546311072,93.80551359095418
0.2864321608040201,10.193877551020408,15.569101239490854,-1.519273888532361,93.96038657432258
0.2914572864321608,10.193877551020408,16.040505273135505,-1.4638303848997238,93.56700398805988
0.2964824120603015,10.193877551020408,16.50857215995695,-1.4027981727654124,92.63707229943924
0.3015075376884422,10.193877551020408,16.9703601067181,-1.334221558969451,91.05180805668088
0.3065326633165829,10.193877551020408,17.422481030968935,-1.2544104411134367,88.7191264123381
0.31155778894472363,10.193877551020408,17.86012937546631,-1.1551619721045705,85.10546206913415
0.3165829145728643,10.193877551020408,18.272033051413167,-1.0138257088802372,77.31456357108198
0.32160804020100503,10.193877551020408,18.60669379564571,-0.7659047859043577,50.89695494179332
0.32663316582914576,10.193877551020408,18.772718414842142,-0.40216486109639865,19.645355609754642
0.3316582914572864,10.193877551020408,18.842970807704617,-0.026817459945378003,9.862872546519453
0.33668341708542715,10.193877551020408,18.882287428898934,0.330052129782183,6.346147555617134
0.3417085427135678,10.193877551020408,18.90947299957471,0.6623537748992272,4.707981614577116
0.34673366834170855,10.193877551020408,18.9311519280549,0.9668166557960548,3.990859093697385
0.35175879396984927,10.193877551020408,18.95037760462233,1.2406366843305225,3.700489066816252
0.35678391959798994,10.193877551020408,18.96912588166234,1.4811052773364421,3.7881526413534745
0.36180904522613067,10.193877551020408,18.989400598631924,1.685446047987663,4.351022013758746
0.36683417085427134,10.193877551020408,19.014467493060497,1.8504392499346267,5.961463348132452
0.37185929648241206,10.193877551020408,19.054562048535516,1.9692073780090498,10.939400478909953
0.3768844221105528,10.193877551020408,19.121648853589317,2.0118760126136634,11.788099915028448
0.38190954773869346,10.193877551020408,19.157920230169992,2.014105925699944,2.4832238043318013
0.3869346733668342,10.193877551020408,19.17301982641783,2.013949254900463,7.165380999849896
0.39195979899497485,10.193877551020408,19.23223760525401,2.0112691325665932,16.31470149517695
0.3969849246231156,10.193877551020408,19.336140189561018,2.004737886521561,24.955710307749587
0.4020100502512563,10.193877551020408,19.482206684218752,1.9952108459044415,33.0943878933771
0.40703517587939697,10.193877551020408,19.667893882614127,1.982979067168101,40.72474407176245
0.4120603015075377,10.193877551020408,19.89064709319617,1.9681362024966464,47.84644820635276
0.41708542713567837,10.193877551020408,20.147905912369385,1.950756094463613,54.458568519347715
0.4221105527638191,10.193877551020408,20.437115564301443,1.9308936576317342,60.561790129917014
0.4271356783919598,10.193877551020408,20.755717821697107,1.908603744111061,66.15505759868903
0.4321608040201005,10.193877551020408,21.101146039111832,1.883910092030059,71.23897518829622
0.4371859296482412,10.193877551020408,21.470838112506147,1.856835499506094,75.81469720519557
0.44221105527638194,10.193877551020408,21.862231209823804,1.827370037650072,79.87577377882367
0.4472361809045226,10.193877551020408,22.272760043003213,1.795502307540983,83.42713330421806
0.45226130653266333,10.193877551020408,22.69985104592119,1.761180070942051,86.46729572887646
0.457286432160804,10.193877551020408,23.140931570545806,1.7243299650876016,88.99735168564517
0.4623115577889447,10.193877551020408,23.59342273321447,1.6848333602049774,91.01089025946881
0.46733668341708545,10.193877551020408,24.05472270090728,1.6425210179015837,92.50504966446978
0.4723618090452261,10.193877551020408,24.522265448931115,1.5971248683718737,93.48321923650228
0.47738693467336685,10.193877551020408,24.9933911419436,1.5482717472962741,93.93266786790207
0.4824120603015075,10.193877551020408,25.46543981406095,1.4954172002742963,93.85679686638979
0.48743718592964824,10.193877551020408,25.9357139992057,1.437682201675932,93.22584201094236
0.49246231155778897,10.193877551020408,26.40139463599441,1.3736353663094474,92.01568113434797
0.49748743718592964,10.193877551020408,26.859371089578726,1.3007373208286008,90.17292719461453
0.5025125628140703,10.193877551020408,27.305859558859623,1.2138275848057836,87.37884829777073
0.507537688442211,10.193877551020408,27.73445043815071,1.1004661248396137,82.61336476090956
0.5125628140703518,10.193877551020408,28.124101432853347,0.9230260882043715,69.07428119215014
0.5175879396984925,10.193877551020408,28.387570323295662,0.6121372583279786,33.732351147302055
0.5226130653266332,10.193877551020408,28.498068460764234,0.23510123841944552,13.975877684155503
0.5276381909547738,10.193877551020408,28.55068510381284,-0.1333293336163876,8.029746385539791
0.5326633165829145,10.193877551020408,28.5834024981301,-0.4798440869448811,5.45954771697892
0.5376884422110553,10.193877551020408,28.607654092603866,-0.8002217127870467,4.312141761844966
0.542713567839196,10.193877551020408,28.627967534631974,-1.091518063987135,3.8309871686448753
0.5477386934673367,10.193877551020408,28.64676813763294,-1.3509701648389512,3.7513628850034473
0.5527638190954773,10.193877551020408,28.665885315018024,-1.5758554781344634,3.9168777947284195
0.5577889447236181,10.193877551020408,28.687702611609705,-1.7632865288280715,4.866698676676215
0.5628140703517588,10.193877551020408,28.717200924485162,-1.9093940592909036,7.534555384041125
0.5678391959798995,10.193877551020408,28.77166021199341,-1.9989784075507337,14.35011439066496
0.5728643216080402,10.193877551020408,28.831588590386367,-2.0137954071771067,7.806366553239606
0.5778894472361809,10.193877551020408,28.848526173633967,-2.014107478683184,1.8180031150522373
0.5829145728643216,10.193877551020408,28.881628081728195,-2.013269483824877,11.26686911714531
0.5879396984924623,10.193877551020408,28.960869231912046,-2.0088023116547813,20.18722627101102
0.592964824120603,10.193877551020408,29.083680894907985,-2.000877185529768,28.607942728427158
0.5979899497487438,10.193877551020408,29.247538262835082,-1.9901403273271012,36.52236133266043
0.6030150753768844,10.193877551020408,29.449889117042908,-1.9767473147384806,43.928064938202056
0.6080402010050251,10.193877551020408,29.688176332969554,-1.9607767623928298,50.82493099323431
0.6130653266331658,10.193877551020408,29.959843958880032,-1.94229502508859,57.21320768725122
0.6180904522613065,10.193877551020408,30.262329430414997,-1.921361526633824,63.09107993070114
0.6231155778894473,10.193877551020408,30.59307683116971,-1.8980088397708008,68.4599241340971
0.628140703517588,10.193877551020408,30.949517510875804,-1.8722613223675846,73.31857651803827
0.6331658291457286,10.193877551020408,31.329094716337686,-1.8441370351067932,77.66856710618457
0.6381909547738693,10.193877551020408,31.729243617516936,-1.8136126821254581,81.50633954632843
0.6432160804020101,10.193877551020408,32.1473892385961,-1.7806695414942586,84.83251750325968
0.6482412060301508,10.193877551020408,32.58096544245566,-1.7452487681807078,87.6487282812181
0.6532663316582915,10.193877551020408,33.02739618982155,-1.707246205136025,89.94482658702434
0.6582914572864321,10.193877551020408,33.48408967891784,-1.6665291130832383,91.73068546923206
0.6633165829145728,10.193877551020408,33.94846269848469,-1.6228971709077047,92.99808632810606
0.6683417085427136,10.193877551020408,34.41789601146466,-1.5760363397089898,93.74424517245686
0.6733668341708543,10.193877551020408,34.889744078015035,-1.5255097627152618,93.96544191302691
0.678391959798995,10.193877551020408,35.3613599570504,-1.47062530464838,93.64603470753134
0.6834170854271356,10.193877551020408,35.829953929092945,-1.4103438736254914,92.76925491401718
0.6884422110552764,10.193877551020408,36.29261935638015,-1.3428027241415832,91.26864168875746
0.6934673366834171,10.193877551020408,36.74607652450862,-1.2646195978735446,89.03962321662976
0.6984924623115578,10.193877551020408,37.18578113256879,-1.1684078525095765,85.7093766375021
0.7035175879396985,10.193877551020408,37.60198731397205,-1.0342378771579894,79.11753023577334
0.7085427135678392,10.193877551020408,37.95159848859441,-0.8030933058014078,55.48098231883646
0.7135678391959799,10.193877551020408,38.13659183062163,-0.44688562337073195,21.940662971740803
0.7185929648241206,10.193877551020408,38.21324277381497,-0.07026537009889337,10.486939007576064
0.7236180904522613,10.193877551020408,38.254780958869055,0.2892099336417132,6.596476095632202
0.7286432160804021,10.193877551020408,38.28295198708489,0.6246096634884936,4.835949816131055
0.7336683417085427,10.193877551020408,38.3050859097344,0.9325201247712618,4.0560219624388925
0.7386934673366834,10.193877551020408,38.324490827108484,1.210121771160749,3.743949096413766
0.7437185929648241,10.193877551020408,38.34320944606269,1.4546714487271413,3.8260081410578075
0.7487437185929648,10.193877551020408,38.363179047174235,1.6634359948423099,4.19679772868663
0.7537688442211056,10.193877551020408,38.3873652969554,1.8332779374542107,5.586305134473992
0.7587939698492462,10.193877551020408,38.42460782541043,1.9583681602401897,9.85812747237784
0.7638190954773869,10.193877551020408,38.49079386787189,2.010647555571292,12.753349340722721
0.7688442211055276,10.193877551020408,38.53255054933477,2.014096170500164,3.6240873594826444
0.7738693467336684,10.193877551020408,38.54553869347007,2.014022585673304,6.047868591466525
0.7788944723618091,10.193877551020408,38.59930113997664,2.0117942661221955,15.26032204582483
0.7839195979899497,10.193877551020408,38.69805073275551,2.0056683328978573,23.960039106752955
0.7889447236180904,10.193877551020408,38.839264415493474,1.9964711951934249,32.15869519906341
0.7939698492462312,10.193877551020408,39.02040109699649,1.9845492297295844,39.849609431657164
0.7989949748743719,10.193877551020408,39.23890570996052,1.9700136539534028,47.03071591005098
0.8040201005025126,10.193877551020408,39.49222248370236,1.9529306942010465,53.703333201561634
0.8090452261306532,10.193877551020408,39.77778734814935,1.9333592410909575,59.86774052024285
0.8140703517587939,10.193877551020408,40.09304685250942,1.9113555244986127,65.52049436010282
0.8190954773869347,10.193877551020408,40.435437378414775,1.8869472499173203,70.66493192793325
0.8241206030150754,10.193877551020408,40.80239225426716,1.8601508393116812,75.29849618963114
0.8291457286432161,10.193877551020408,41.19135570930629,1.8309663298270207,79.42263362622995
0.8341708542713567,10.193877551020408,41.59975656069601,1.799388926725554,83.0341810684044
0.8391959798994975,10.193877551020408,42.02502302334897,1.7653616591568189,86.13669849578079
0.8442211055276382,10.193877551020408,42.46458342281595,1.7288098668972014,88.72226745067454
0.8492462311557789,10.193877551020408,42.915848308881294,1.6896392991609597,90.79577536730153
0.8542713567839196,10.193877551020408,43.37624767068593,1.647658342911164,92.35481705989167
0.8592964824120602,10.193877551020408,43.843173347456755,1.6026453725841872,93.39097421876848
0.864321608040201,10.193877551020408,44.3140032855467,1.5542314244320936,93.91328277262674
0.8693467336683417,10.193877551020408,44.78610321765616,1.5018924449266422,93.89519049171481
0.8743718592964824,10.193877551020408,45.25674807431195,1.4447891705554547,93.33919269289021
0.8793969849246231,10.193877551020408,45.723138749549655,1.381580573289286,92.19195138497105
0.8844221105527639,10.193877551020408,46.18219520639717,1.3099142849733159,90.40058372509611
0.8894472361809045,10.193877551020408,46.63027712959788,1.2251011783834416,87.73472875678249
0.8944723618090452,10.193877551020408,47.06152420364724,1.1160473792088477,83.4765042593592
0.8994974874371859,10.193877551020408,47.458393587381444,0.9498640506684527,72.24666159272735
0.9045226130653267,10.193877551020408,47.7426396724438,0.6549050027021135,37.56433960739113
0.9095477386934674,10.193877551020408,47.86565940116518,0.2795835338315522,15.442663914763536
0.914572864321608,10.193877551020408,47.922182999752344,-0.09095185445030297,8.374326137456968
0.9195979899497487,10.193877551020408,47.95641441770429,-0.44027038699613996,5.700909707807236
0.9246231155778895,10.193877551020408,47.981357764855495,-0.7639023063021775,4.430955080861676
0.9296482412060302,10.193877551020408,48.00199296996509,-1.0587781333099133,3.8679595708712196
0.9346733668341709,10.193877551020408,48.02087760934568,-1.3221088946812825,3.6980926372505922
0.9396984924623115,10.193877551020408,48.03988235927324,-1.551205698421931,3.9901819211286336
0.9447236180904522,10.193877551020408,48.06118402553358,-1.743267735104628,4.6193097883594225
0.949748743718593,10.193877551020408,48.08928675962744,-1.8945721379256077,7.03380370390032
0.9547738693467337,10.193877551020408,48.13955369380059,-1.992976087421845,13.755514230008089
0.9597989949748744,10.193877551020408,48.20295653755665,-2.013545294807951,8.900261254743901
0.964824120603015,10.193877551020408,48.22448225073936,-2.014108763140657,2.88744499653045
0.9698492462311558,10.193877551020408,48.33358084128614,-2.0090286378148674,38.50627536990331
0.9748743718592965,10.193877551020408,48.591395987379926,-1.9922763548976006,62.10580415952444
0.9798994974874372,10.193877551020408,48.937639928767574,-1.9693043763569575,73.69751775792783
0.9849246231155779,10.193877551020408,49.31195624274699,-1.943956693718073,73.2779686986899
0.9899497487437185,10.193877551020408,49.65399936098244,-1.9202879620407232,60.85298438354251
0.9949748743718593,10.193877551020408,49.90344920139292,-1.9027042979141375,36.426615212025496
1.0,10.193877551020408,50.0,-1.8958206127664603,0.0
0.0,10.214285714285714,0.0,2.0,0.0
0.005025125628140704,10.214285714285714,0.024824383994177943,1.999514317627701,9.787579465575137
0.010050251256281407,10.214285714285714,0.09742619134576441,1.9956604057910279,19.018008305595142
0.01507537688442211,10.214285714285714,0.2150840446257768,1.9880479857306876,27.72260180673677
0.020100502512562814,10.214285714285714,0.3751589476572183,1.9774701524139584,35.89870208662611
0.02512562814070352,10.214285714285714,0.5749803500521726,1.9641269963585948,43.54133393701832
0.03015075376884422,10.214285714285714,0.8118704960163866,1.948111241532329,50.65151144141238
0.035175879396984924,10.214285714285714,1.0831493551020206,1.9294836563369033,57.22824239173378
0.04020100502512563,10.214285714285714,1.3861381754855886,1.9083143169215961,63.27231636503469
0.04522613065326633,10.214285714285714,1.7181528017725005,1.8846284705868748,68.78143171043808
0.05025125628140704,10.214285714285714,2.0765105523084446,1.8584634896910792,73.75701164553071
0.05527638190954774,10.214285714285714,2.458526025646054,1.829826954215628,78.19664032063787
0.06030150753768844,10.214285714285714,2.8615101246174435,1.7986892341616234,82.10178327446619
0.06532663316582915,10.214285714285714,3.282773648461436,1.765032950234377,85.46978565065022
0.07035175879396985,10.214285714285714,3.719620444161947,1.7287772938711723,88.30686449761478
0.07537688442211055,10.214285714285714,4.169348183553698,1.6898127050092673,90.5966368196476
0.08040201005025126,10.214285714285714,4.629248514646796,1.647985428426007,92.35463811921606
0.08542713567839195,10.214285714285714,5.096599910352776,1.6030329972094022,93.56435783528148
0.09045226130653267,10.214285714285714,5.568665332976403,1.5546227544311773,94.22472777348901
0.09547738693467336,10.214285714285714,6.042667854877207,1.5021933382633321,94.3284257135153
0.10050251256281408,10.214285714285714,6.515782149983441,1.4449275724441302,93.86356724567561
0.10552763819095477,10.214285714285714,6.9850733263256615,1.3814583031475245,92.80133716031479
0.11055276381909548,10.214285714285714,7.4473630540480205,1.3093679215495984,91.05790097449191
0.11557788944723618,10.214285714285714,7.8988312680128425,1.2238448207463617,88.46958485317214
0.12060301507537688,10.214285714285714,8.333360619217062,1.1133934029356052,84.09937501430139
0.12562814070351758,10.214285714285714,8.732361879470332,0.9435701604873515,72.57272731661017
0.1306532663316583,10.214285714285714,9.013368451646283,0.6412346775027876,37.94700432873985
0.135678391959799,10.214285714285714,9.13273974615133,0.2614653685010342,14.731125217787035
0.1407035175879397,10.214285714285714,9.187956077284763,-0.11194992177272206,8.323940534592925
0.1457286432160804,10.214285714285714,9.221669112102296,-0.4634745159549173,5.541714469015536
0.1507537688442211,10.214285714285714,9.246389928524236,-0.7885852355088523,4.397160394336484
0.15577889447236182,10.214285714285714,9.266975740958415,-1.0841370804656723,3.8590162392673526
0.16080402010050251,10.214285714285714,9.285966079409185,-1.3472692861530415,3.772665010447307
0.1658291457286432,10.214285714285714,9.30527438197137,-1.575130075788424,3.8858871487095112
0.1708542713567839,10.214285714285714,9.327319943263012,-1.764701745448512,4.917946078716346
0.17587939698492464,10.214285714285714,9.357347353625656,-1.9119076844208553,7.745336090176258
0.18090452261306533,10.214285714285714,9.413338105940849,-2.000392210599302,14.551115420167925
0.18592964824120603,10.214285714285714,9.472586602546501,-2.0138443706227744,7.466830484390654
0.19095477386934673,10.214285714285714,9.488344641081774,-2.0140851557556934,2.3551993773116844
0.19597989949748743,10.214285714285714,9.524028107445908,-2.0131118825917884,11.757027737732118
0.20100502512562815,10.214285714285714,9.605622384494081,-2.008439794737886,20.633699760280038
0.20603015075376885,10.214285714285714,9.730572374531281,-2.0003788207292024,29.012816137178785
0.21105527638190955,10.214285714285714,9.896361954892054,-1.9895314482174866,36.88698384047103
0.21608040201005024,10.214285714285714,10.100447305821461,-1.9760425558872352,44.25423605062365
0.22110552763819097,10.214285714285714,10.340279206710026,-1.9599900472111744,51.114423666154124
0.22613065326633167,10.214285714285714,10.613309767141317,-1.9414410930746646,57.468120433474155
0.23115577889447236,10.214285714285714,10.916990225511919,-1.9204483391702083,63.31228440287206
0.23618090452261306,10.214285714285714,11.248766380924598,-1.8970498141198862,68.64960797404346
0.24120603015075376,10.214285714285714,11.606087010398928,-1.8712666253372345,73.47900508494742
0.24623115577889448,10.214285714285714,11.986398559548272,-1.8431178353341426,77.80034958737191
0.25125628140703515,10.214285714285714,12.38714142659019,-1.8125776674430822,81.61313259641452
0.2562814070351759,10.214285714285714,12.805761004151368,-1.7796265206349646,84.91478655676356
0.2613065326633166,10.214285714285714,13.23969036817373,-1.744206814475884,87.7080297552187
0.2663316582914573,10.214285714285714,13.686359157373289,-1.7062129445967182,89.98396066293363
0.271356783919598,10.214285714285714,14.143195358002538,-1.6655139496697795,91.7505761303377
0.27638190954773867,10.214285714285714,14.607614295394429,-1.62190651125615,92.99986234371391
0.2814070351758794,10.214285714285714,15.07701459110258,-1.575076259009464,93.73044616616482
0.2864321608040201,10.214285714285714,15.548774497628798,-1.5245894686036499,93.93761205528614
0.2914572864321608,10.214285714285714,16.020220806944888,-1.469750263051674,93.61000660409589
0.2964824120603015,10.214285714285714,16.48861136212623,-1.4095160297507585,92.71641337570122
0.3015075376884422,10.214285714285714,16.95103797630238,-1.3420200958131465,91.21345416338754
0.3065326633165829,10.214285714285714,17.404196040603267,-1.2638798079227056,88.98003256770069
0.31155778894472363,10.214285714285714,17.843586301990666,-1.167689727442811,85.57759352398578
0.3165829145728643,10.214285714285714,18.25934837572853,-1.0334841046777192,79.14837852085591
0.32160804020100503,10.214285714285714,18.608237495497843,-0.8019886442498937,55.003536061319934
0.32663316582914576,10.214285714285714,18.792404586884754,-0.4457590483864273,21.917973003084636
0.3316582914572864,10.214285714285714,18.868725622822215,-0.06943069600587223,10.471539232362153
0.33668341708542715,10.214285714285714,18.910133456363127,0.28972459219580954,6.590905454715084
0.3417085427135678,10.214285714285714,18.9382109469263,0.6248132972309162,4.918322130624787
0.34673366834170855,10.214285714285714,18.96027961318056,0.9324225713156643,4.048131744576419
0.35175879396984927,10.214285714285714,18.979632177586392,1.2097608712999133,3.742342772425821
0.35678391959798994,10.214285714285714,18.998306599555267,1.4541219043094387,3.7967148262710846
0.36180904522613067,10.214285714285714,19.01815549044357,1.6627510415806936,4.204963513931793
0.36683417085427134,10.214285714285714,19.042294993599906,1.8325496323689958,5.7248857769739
0.37185929648241206,10.214285714285714,19.079267348831994,1.9577495450015612,10.179107231792335
0.3768844221105528,10.214285714285714,19.145220744428194,2.0105291743378095,12.76470604017915
0.38190954773869346,10.214285714285714,19.187153196016304,2.014072722624484,3.672018143499721
0.3869346733668342,10.214285714285714,19.200048363495252,2.0140070642435908,5.98246080680356
0.39195979899497485,10.214285714285714,19.253447576827163,2.0118154312917826,15.18105808308543
0.3969849246231156,10.214285714285714,19.351769589232557,2.0057341744034796,23.868970313511632
0.4020100502512563,10.214285714285714,19.49249927307454,1.996587894723341,32.05739831985717
0.40703517587939697,10.214285714285714,19.673105474384734,1.9847280396460183,39.74022190936803
0.4120603015075377,10.214285714285714,19.891043073951295,1.9702603976482786,46.91499697198456
0.41708542713567837,10.214285714285714,20.143760661594218,1.953254253374372,53.583555050206314
0.4221105527638191,10.214285714285714,20.428714506533826,1.9337739155757017,59.74287090048226
0.4271356783919598,10.214285714285714,20.743347782417185,1.9118603821231794,65.39635713435202
0.4321608040201005,10.214285714285714,21.085110824253572,1.8875567284050325,70.54035013700015
0.4371859296482412,10.214285714285714,21.451450625426006,1.8608756153718502,75.17702804015697
0.44221105527638194,10.214285714285714,21.839814392932336,1.8318240345396695,79.30723746915649
0.4472361809045226,10.214285714285714,22.247639903258634,1.800376360055219,82.92255134461523
0.45226130653266333,10.214285714285714,22.672364710672984,1.7664997223818155,86.03113647340314
0.457286432160804,10.214285714285714,23.111432151360972,1.7301114641693718,88.63078528001076
0.4623115577889447,10.214285714285714,23.56226432118675,1.691116046255416,90.7138498299774
0.46733668341708545,10.214285714285714,24.0222937700822,1.6493391422189476,92.28959832620554
0.4723618090452261,10.214285714285714,24.48891322343346,1.6045475474672097,93.34051147312563
0.47738693467336685,10.214285714285714,24.959531891684513,1.5563937677200965,93.88055422620148
0.4824120603015075,10.214285714285714,25.431491406522998,1.5043594354827639,93.88158021980333
0.48743718592964824,10.214285714285714,25.902112782849088,1.44762764803588,93.34935114357322
0.49246231155778897,10.214285714285714,26.368598334581524,1.3849072341853867,92.22333029595498
0.49748743718592964,10.214285714285714,26.827934475259916,1.3139212347339988,90.46349054407547
0.5025125628140703,10.214285714285714,27.276516963867078,1.2301897894589229,87.89745986883268
0.507537688442211,10.214285714285714,27.708746619455294,1.1231883159501796,83.69028329092531
0.5125628140703518,10.214285714285714,28.10848330429581,0.9622088591376086,73.22611846037839
0.5175879396984925,10.214285714285714,28.402481572440436,0.6758120750718047,40.59536914435134
0.5226130653266332,10.214285714285714,28.532019968067655,0.3020231432771093,16.004977034027046
0.5276381909547738,10.214285714285714,28.590601736974985,-0.06923502371325228,8.644901067830322
0.5326633165829145,10.214285714285714,28.62560012417673,-0.4197216682379159,5.697823224870271
0.5376884422110553,10.214285714285714,28.650856836641157,-0.7447448381188637,4.441934207571427
0.542713567839196,10.214285714285714,28.671606535751412,-1.0412105850879831,3.879267750371963
0.5477386934673367,10.214285714285714,28.690488912026087,-1.3063861633774512,3.7301435163317787
0.5527638190954773,10.214285714285714,28.70935837945664,-1.5375453025118346,3.9509146748217003
0.5577889447236181,10.214285714285714,28.73035508609691,-1.7318682116654192,4.701787172673928
0.5628140703517588,10.214285714285714,28.757687362744782,-1.8858505003092527,6.662008862291253
0.5678391959798995,10.214285714285714,28.805490726815577,-1.988830449991298,13.205520566678302
0.5728643216080402,10.214285714285714,28.870314193184115,-2.0133124729781198,9.508550931561908
0.5778894472361809,10.214285714285714,28.894470072476356,-2.014086912650555,8.919640525272296e-5
0.5829145728643216,10.214285714285714,28.91863677415079,-2.0136253350566964,9.530559305260468
0.5879396984924623,10.214285714285714,28.989355385825174,-2.0099272294900716,18.529993568839014
0.592964824120603,10.214285714285714,29.104037246109993,-2.0025985755545808,27.030067661113595
0.5979899497487438,10.214285714285714,29.260171166593505,-1.9924073022084277,35.026741934821914
0.6030150753768844,10.214285714285714,29.455216871738298,-1.9795504701513171,42.51665551224611
0.6080402010050251,10.214285714285714,29.686626308541037,-1.9641141967874176,49.50009445169832
0.6130653266331658,10.214285714285714,29.95185696265437,-1.9461621487874867,55.975094471962024
0.6180904522613065,10.214285714285714,30.248348401039955,-1.9257543241748638,61.94369225970552
0.6231155778894473,10.214285714285714,30.573556618546014,-1.902938029056239,67.40343133899552
0.628140703517588,10.214285714285714,30.924927899553563,-1.8777335256296181,72.35577686789057
0.6331658291457286,10.214285714285714,31.299906470978087,-1.8501525012610835,76.79920784745087
0.6381909547738693,10.214285714285714,31.695936101364225,-1.8201946158810167,80.73668566094906
0.6432160804020101,10.214285714285714,32.11045875172293,-1.7878337791675258,84.15922519590156
0.6482412060301508,10.214285714285714,32.540913979453414,-1.753015813820703,87.0746297390125
0.6532663316582915,10.214285714285714,32.98474161622308,-1.7156637902871963,89.47981410717371
0.6582914572864321,10.214285714285714,33.43934918939606,-1.675637651860416,91.3710376074466
0.6633165829145728,10.214285714285714,33.90217540400403,-1.6327480326564927,92.74428092008148
0.6683417085427136,10.214285714285714,34.3706228649748,-1.5867295864124191,93.60258862572559
0.6733668341708543,10.214285714285714,34.84205146154943,-1.537184628059114,93.93671611882701
0.678391959798995,10.214285714285714,35.313810521546785,-1.4834825696061735,93.7329714624494
0.6834170854271356,10.214285714285714,35.78318533906075,-1.4246770920379168,92.9817260905293
0.6884422110552764,10.214285714285714,36.24732705409881,-1.35917883269789,91.65040734010005
0.6934673366834171,10.214285714285714,36.703080725475495,-1.2840871179375084,89.59932006621186
0.6984924623115578,10.214285714285714,37.14634931574719,-1.1933505965385522,86.55306129904456
0.7035175879396985,10.214285714285714,37.569503878882024,-1.0716415624020597,81.24837790334115
0.7085427135678392,10.214285714285714,37.943392640915306,-0.8718914760093793,63.07347811087283
0.7135678391959799,10.214285714285714,38.16989245506287,-0.5371552749419035,27.18723584053369
0.7185929648241206,10.214285714285714,38.2624975188088,-0.15950495916805318,12.423434695791105
0.7236180904522613,10.214285714285714,38.30937022645552,0.20475716676784908,7.147230466505605
0.7286432160804021,10.214285714285714,38.33974801019233,0.5460353437169371,5.194194691716393
0.7336683417085427,10.214285714285714,38.362883024223684,0.8605835837684234,4.167735093380819
0.7386934673366834,10.214285714285714,38.38268048601719,1.1455155206165701,3.7513652119829555
0.7437185929648241,10.214285714285714,38.40134526565003,1.3981463219416639,3.7369309048683865
0.7487437185929648,10.214285714285714,38.420761343262605,1.6156858735752724,4.094311220395885
0.7537688442211056,10.214285714285714,38.44338665025993,1.7952224324191186,4.975863713534977
0.7587939698492462,10.214285714285714,38.47567605889429,1.9322986826989355,8.498779540549638
0.7638190954773869,10.214285714285714,38.53635700783272,2.0058580597045097,14.235603526024061
0.7688442211055276,10.214285714285714,38.58894028915593,2.013987991808604,5.983322574905552
0.7738693467336684,10.214285714285714,38.60183727153022,2.0140752077241024,3.670206183937708
0.7788944723618091,10.214285714285714,38.64394685611386,2.0127140971371826,12.998835491429434
0.7839195979899497,10.214285714285714,38.731606893997835,2.0075155355924745,21.807369855612624
0.7889447236180904,10.214285714285714,38.86228218267462,1.9990566713409028,30.117822852723723
0.7939698492462312,10.214285714285714,39.03345104829475,1.9878438372828617,37.92330912298309
0.7989949748743719,10.214285714285714,39.24256799957365,1.9740000470154753,45.221560517154316
0.8040201005025126,10.214285714285714,39.48708402575065,1.9576029772541552,52.012657879600376
0.8090452261306532,10.214285714285714,39.7644500884577,1.9387201469560746,58.29563508776077
0.8140703517587939,10.214285714285714,40.07211893178336,1.9173919414180558,64.07205251925917
0.8190954773869347,10.214285714285714,40.40753598213027,1.893665806344754,69.33995427816231
0.8241206030150754,10.214285714285714,40.76814886284229,1.8675647880895927,74.10047843036125
0.8291457286432161,10.214285714285714,41.15140251529802,1.839083787187955,78.34995580059244
0.8341708542713567,10.214285714285714,41.55474272893137,1.8082236084304577,82.09193570181651
0.8391959798994975,10.214285714285714,41.97560567843974,1.7749403006439854,85.3242089888147
0.8442211055276382,10.214285714285714,42.41142619196237,1.7391707052600422,88.04515228054987
0.8492462311557789,10.214285714285714,42.85964472090426,1.7008227088383359,90.25643583540447
0.8542713567839196,10.214285714285714,43.31767094931926,1.6597403005302425,91.95182367074737
0.8592964824120602,10.214285714285714,43.782929692139,1.6157067436056705,93.13623182154838
0.864321608040201,10.214285714285714,44.25282561536551,1.5684071932531714,93.79207881065348
0.8693467336683417,10.214285714285714,44.724704289662526,1.5173683290539364,93.93159193789914
0.8743718592964824,10.214285714285714,45.19589982713402,1.461865544482162,93.51887692381784
0.8793969849246231,10.214285714285714,45.663674888649524,1.4007698801676671,92.54755118155792
0.8844221105527639,10.214285714285714,46.12502238090995,1.3320765891418935,90.97919885449188
0.8894472361809045,10.214285714285714,46.57658123632526,1.2520636703540515,88.63636997175911
0.8944723618090452,10.214285714285714,47.01353314067328,1.152343022794111,85.01994226693076
0.8994974874371859,10.214285714285714,47.424325791022596,1.0096117404828646,77.35381135140332
0.9045226130653267,10.214285714285714,47.75560805057379,0.7586099573677089,50.84715138769835
0.9095477386934674,10.214285714285714,47.918078726249206,0.39392266248345836,19.31311753831481
0.914572864321608,10.214285714285714,47.98708376488195,0.019124480794983075,9.723853342289908
0.9195979899497487,10.214285714285714,48.02593152957285,-0.3370108270954107,6.173209013202884
0.9246231155778895,10.214285714285714,48.05289413713738,-0.6685223182171675,4.72886885879707
0.9296482412060302,10.214285714285714,48.07444466750605,-0.9721739320511276,3.9781654919777827
0.9346733668341709,10.214285714285714,48.0935939603137,-1.2451911465320142,3.7180583820089317
0.9396984924623115,10.214285714285714,48.11230020889996,-1.4848402161291954,3.8361497797646265
0.9447236180904522,10.214285714285714,48.13255292932339,-1.6883647262694434,4.217548506217265
0.949748743718593,10.214285714285714,48.15767277072182,-1.8525547668183988,5.758733544200091
0.9547738693467337,10.214285714285714,48.1980320569819,-1.9703787030465116,11.483023116132715
0.9597989949748744,10.214285714285714,48.26502678548513,-2.0119608000376434,11.64726953379428
0.964824120603015,10.214285714285714,48.30064496184494,-2.014084433136652,2.356998739867536
0.9698492462311558,10.214285714285714,48.361422302052965,-2.0120048799785226,29.88750695020274
0.9748743718592965,10.214285714285714,48.58707146412343,-1.9976879392212943,57.740176401024826
0.9798994974874372,10.214285714285714,48.91972650319212,-1.9757714580661871,72.46694423423021
0.9849246231155779,10.214285714285714,49.29335934351207,-1.9506615382342376,74.0507418198901
0.9899497487437185,10.214285714285714,49.64194999470301,-1.9267271103630006,62.49827787399096
0.9949748743718593,10.214285714285714,49.89949160123843,-1.9087117840657912,37.81403765195333
1.0,10.214285714285714,50.0,-1.9016010330002038,-1.5403925068285292e-14
0.0,10.23469387755102,0.0,2.0,0.0
0.005025125628140704,10.23469387755102,0.024776476049218277,1.9995161972657853,9.768851047286745
0.010050251256281407,10.23469387755102,0.09724139964780482,1.9956771208131105,18.982616128123183
0.01507537688442211,10.23469387755102,0.2146835373645934,1.9880939051182795,27.67242100873788
0.020100502512562814,10.23469387755102,0.3744731123258859,1.977556501345633,35.835633377169316
0.02512562814070352,10.23469387755102,0.5739491405127182,1.964263964851352,43.4672982119315
0.03015075376884422,10.23469387755102,0.8104437798041442,1.9483089197059915,50.56835694249254
0.035175879396984924,10.23469387755102,1.081286721303322,1.9297521281806407,57.13811885500163
0.04020100502512563,10.23469387755102,1.3838078532181772,1.908663749784612,63.17673222528665
0.04522613065326633,10.23469387755102,1.7153340404556061,1.885068306466488,68.68304006898258
0.05025125628140704,10.23469387755102,2.0731916241539112,1.8590041728478977,73.65742782103183
0.05527638190954774,10.23469387755102,2.4547055571740546,1.8304777610241028,78.0970154487907
0.06030150753768844,10.23469387755102,2.8571966546707386,1.7994624946274833,82.00553273153949
0.06532663316582915,10.23469387755102,3.2779846575259457,1.7659394746012385,85.37776497314952
0.07035175879396985,10.23469387755102,3.7143828341158764,1.7298348192720703,88.22082316237324
0.07537688442211055,10.23469387755102,4.163701287621173,1.6910322423910777,90.51983529869666
0.08040201005025126,10.23469387755102,4.6232403321243245,1.6493885902573229,92.28790558810847
0.08542713567839195,10.23469387755102,5.090288814157373,1.6046427326149242,93.5102324381411
0.09045226130653267,10.23469387755102,5.562119466517325,1.5564709355196964,94.1869607268201
0.09547738693467336,10.23469387755102,6.035970409433043,1.5043239817073952,94.30786928462638
0.10050251256281408,10.23469387755102,6.509028620964467,1.4474026972289842,93.8657229459097
0.10552763819095477,10.23469387755102,6.978377941331278,1.3843739326769107,92.8377330569289
0.11055276381909548,10.23469387755102,7.440864832640479,1.312906080647521,91.14220006071922
0.11557788944723618,10.23469387755102,7.892733885431123,1.228366912145985,88.53940535668465
0.12060301507537688,10.23469387755102,8.328126902652894,1.1198824612066085,84.23037632014834
0.12562814070351758,10.23469387755102,8.729792993738656,0.9548932979222142,73.04263333510691
0.1306532663316583,10.23469387755102,9.019756564831154,0.6601944170781814,38.241372178221404
0.135678391959799,10.23469387755102,9.144784194494836,0.28161749208273107,16.045379997786387
0.1407035175879397,10.23469387755102,9.201720291501514,-0.0924591997662648,8.457043582218105
0.1457286432160804,10.23469387755102,9.236060663833383,-0.4450239148017834,5.62045304152701
0.1507537688442211,10.23469387755102,9.261050643899253,-0.7713950193239983,4.4145398144978385
0.15577889447236182,10.23469387755102,9.281738505851678,-1.0684100212820626,3.885663145043003
0.16080402010050251,10.23469387755102,9.30072542934352,-1.3332099449568555,3.747218545754031
0.1658291457286432,10.23469387755102,9.319914984030799,-1.562961219267846,4.068277658032107
0.1708542713567839,10.23469387755102,9.34162377885399,-1.754683266153912,4.660225897156405
0.17587939698492464,10.23469387755102,9.370792546499482,-1.9044492597641838,7.3955871974827625
0.18090452261306533,10.23469387755102,9.424551018454212,-1.9976596157513813,14.534724210315593
0.18592964824120603,10.23469387755102,9.485834030293564,-2.0137298138695883,8.047428096668076
0.19095477386934673,10.23469387755102,9.503345468538722,-2.014064308704637,1.7489413075994777
0.19597989949748743,10.23469387755102,9.536019934555952,-2.0132435354293015,11.166610592060907
0.20100502512562815,10.23469387755102,9.614686024523833,-2.0088329004402077,20.059131644869794
0.20603015075376885,10.23469387755102,9.736790153317322,-2.000985943028142,28.4553814076131
0.21105527638190955,10.23469387755102,9.899826394537033,-1.9903488356755272,36.34903887553082
0.21608040201005024,10.23469387755102,10.101260507962252,-1.9770675633107466,43.73757332399922
0.22110552763819097,10.23469387755102,10.33855498053623,-1.9612342619076064,50.62087689917482
0.22613065326633167,10.23469387755102,10.60916898923569,-1.942908206024731,56.99967237428926
0.23115577889447236,10.23469387755102,10.91055876618013,-1.9221452918722877,62.87028072647532
0.23618090452261306,10.23469387755102,11.24018624135314,-1.898981025077899,68.23781715072403
0.24120603015075376,10.23469387755102,11.595507759183718,-1.8734438348512983,73.09784554571173
0.24623115577889448,10.23469387755102,11.97397234433567,-1.8455479281089926,77.4490186402379
0.25125628140703515,10.23469387755102,12.373035705701277,-1.8152725376611811,81.29398581129594
0.2562814070351759,10.23469387755102,12.790152046996354,-1.7826077104751474,84.6316778062666
0.2613065326633166,10.23469387755102,13.22276090037769,-1.7474785051130182,87.46033845004204
0.2663316582914573,10.23469387755102,13.668307296729967,-1.7098094487822664,89.78378225225251
0.271356783919598,10.23469387755102,14.124227195519943,-1.6694582408128527,91.59042571423093
0.27638190954773867,10.23469387755102,14.587943659428005,-1.6262216406025158,92.88209251722573
0.2814070351758794,10.23469387755102,15.056868236941208,-1.5798214116689124,93.662536782605
0.2864321608040201,10.23469387755102,15.528390594888352,-1.5298346037558455,93.91267526030411
0.2914572864321608,10.23469387755102,15.999855128876764,-1.4756034325376755,93.6419150255501
0.2964824120603015,10.23469387755102,16.46855199924219,-1.4161284782901569,92.8098403286687
0.3015075376884422,10.23469387755102,16.931584554196824,-1.3496794662840623,91.36660079466178
0.3065326633165829,10.23469387755102,17.38573545504402,-1.2731247230610425,89.24534281433334
0.31155778894472363,10.23469387755102,17.82672769051896,-1.1797183063036039,86.00530861980323
0.3165829145728643,10.23469387755102,18.245933623210917,-1.0519444037478662,80.11217811727315
0.32160804020100503,10.23469387755102,18.607336673477207,-0.8361727109235758,58.69481296343621
0.32663316582914576,10.23469387755102,18.810749747180413,-0.48924573365457547,25.097887060113823
0.3316582914572864,10.23469387755102,18.894079752676138,-0.11228372034031793,11.411873607151922
0.33668341708542715,10.23469387755102,18.93782035597252,0.24908769548107285,6.767528567110887
0.3417085427135678,10.23469387755102,18.96687435406863,0.5869042267971635,4.9646772007248146
0.34673366834170855,10.23469387755102,18.98938393721507,0.8976480241500053,4.1123272679941705
0.35175879396984927,10.23469387755102,19.008888088367634,1.178495176203367,3.748739606320406
0.35678391959798994,10.23469387755102,19.02749900548929,1.4267141504539242,3.7608343929516153
0.36180904522613067,10.23469387755102,19.047039467459115,1.6396032895136199,3.9788691014038853
0.36683417085427134,10.23469387755102,19.070345785945225,1.8141556727721675,5.2437882805507465
0.37185929648241206,10.23469387755102,19.104676857428355,1.9453624696673542,9.196370243863697
0.3768844221105528,10.23469387755102,19.16838980016169,2.008590144901592,13.616766715418027
0.38190954773869346,10.23469387755102,19.215849832957822,2.0140253773159675,4.8564887336999805
0.3869346733668342,10.23469387755102,19.228019017327973,2.0140299130661674,4.787197071502381
0.39195979899497485,10.23469387755102,19.275538218052713,2.012287162786187,14.035535719215341
0.3969849246231156,10.23469387755102,19.36822247828972,2.006671020874438,22.770714555301847
0.4020100502512563,10.23469387755102,19.503557571552484,1.9979091024397329,31.008774500910228
0.40703517587939697,10.23469387755102,19.679024056229494,1.9864210033931196,38.74270292098206
0.4120603015075377,10.23469387755102,19.892087677355082,1.9723297103525532,45.97170082606663
0.41708542713567837,10.23469387755102,20.140206190858347,1.955697037036466,52.69548748634978
0.4221105527638191,10.23469387755102,20.420839840517214,1.9365957769803679,58.9123831121771
0.4271356783919598,10.23469387755102,20.731447210027607,1.9150653268911921,64.62521001986758
0.4321608040201005,10.23469387755102,21.069488772507963,1.8911483846716943,69.82999959277126
0.4371859296482412,10.23469387755102,21.43241553766965,1.8648628962768314,74.52942378097151
0.44221105527638194,10.23469387755102,21.81768059135261,1.8362179936260317,78.72408270083112
0.4472361809045226,10.23469387755102,22.222742840393508,1.805190384663197,82.40608020048575
0.45226130653266333,10.23469387755102,22.64504436528732,1.7717541334721663,85.58377633312841
0.457286432160804,10.23469387755102,23.08203441466401,1.7358269932500687,88.25125392628317
0.4623115577889447,10.23469387755102,23.531150128793595,1.6973290975709348,90.40960826150773
0.46733668341708545,10.23469387755102,23.989838334298387,1.6560828292355365,92.05441450569536
0.4723618090452261,10.23469387755102,24.45549425262058,1.611889634125853,93.18809046727723
0.47738693467336685,10.23469387755102,24.925525909416308,1.5644033270750362,93.7973406684041
0.4824120603015075,10.23469387755102,25.397316131520853,1.5131538092404895,93.88359486078187
0.48743718592964824,10.23469387755102,25.868187153609966,1.4574036416071312,93.43570545354301
0.49246231155778897,10.23469387755102,26.335393148031862,1.3959402010988324,92.42286817086028
0.49748743718592964,10.23469387755102,26.795989221105078,1.3267434936988491,90.774829064924
0.5025125628140703,10.23469387755102,27.246527492165654,1.2458518297185663,88.36161502073735
0.507537688442211,10.23469387755102,27.681989038311897,1.144408757182769,84.59891360564237
0.5125628140703518,10.23469387755102,28.08980799806836,0.9973453186646207,76.24938638374036
0.5175879396984925,10.23469387755102,28.41146942648016,0.7368821420078131,46.17935874972848
0.5226130653266332,10.23469387755102,28.564060755598796,0.3692894530760266,18.495447176268062
0.5276381909547738,10.23469387755102,28.629877910808037,-0.004418162510154883,9.472368387018113
0.5326633165829145,10.23469387755102,28.66752481659823,-0.3588127122578118,6.0145042655130165
0.5376884422110553,10.23469387755102,28.69394628457963,-0.6883861201047496,4.6480588387955315
0.542713567839196,10.23469387755102,28.715220792395428,-0.9899628568156151,3.9354183603983532
0.5477386934673367,10.23469387755102,28.7342381700304,-1.2607715001355049,3.6839519432865995
0.5527638190954773,10.23469387755102,28.752922993575066,-1.4981157152709124,3.7816396482196666
0.5577889447236181,10.23469387755102,28.773303906771392,-1.6992151083299538,4.439763493912396
0.5628140703517588,10.23469387755102,28.798817372113643,-1.8608458601442601,5.857036152666625
0.5678391959798995,10.23469387755102,28.840722610557997,-1.975278841522224,11.924996897881453
0.5728643216080402,10.23469387755102,28.907658021633484,-2.0123837534501194,11.163778200308476
0.5778894472361809,10.23469387755102,28.94062775740755,-2.0140641737011182,1.8193583872197274
0.5829145728643216,10.23469387755102,28.9574778180351,-2.013843098785279,7.773288329645464
0.5879396984924623,10.23469387755102,29.019575698487515,-2.010909627311431,16.854078432347368
0.592964824120603,10.23469387755102,29.126031512066746,-2.004202959696019,25.432974527227266
0.5979899497487438,10.23469387755102,29.27434500134111,-1.9945607077291838,33.51197760696487
0.6030150753768844,10.23469387755102,29.461990019304345,-1.982240595915422,41.0861416852976
0.6080402010050251,10.23469387755102,29.686424262415887,-1.9673325243811652,48.15482924993775
0.6130653266331658,10.23469387755102,29.945110397209238,-1.9499157104127232,54.71901535359042
0.6180904522613065,10.23469387755102,30.235510193135028,-1.9300417452315755,60.775855873575935
0.6231155778894473,10.23469387755102,30.555079314315055,-1.9077493573268547,66.32764574213468
0.628140703517588,10.23469387755102,30.901276635582093,-1.8830817209998392,71.37247652401976
0.6331658291457286,10.23469387755102,31.271554880711022,-1.8560476545381819,75.91171520315442
0.6381909547738693,10.23469387755102,31.66336402713093,-1.8266545538171386,79.94462512940416
0.6432160804020101,10.23469387755102,32.07416024465936,-1.7948637632248627,83.46713320181482
0.6482412060301508,10.23469387755102,32.50138776179073,-1.760647778265832,86.48261187210076
0.6532663316582915,10.23469387755102,32.94249675510135,-1.7239258534701163,88.99238510586407
0.6582914572864321,10.23469387755102,33.394916646435185,-1.6845702474267008,90.98851749223758
0.6633165829145728,10.23469387755102,33.85607719156317,-1.6424282043541478,92.46867987346819
0.6683417085427136,10.23469387755102,34.32340582226919,-1.59723135989505,93.43765923843603
0.6733668341708543,10.23469387755102,34.794294299621924,-1.5486125112350262,93.88120018003389
0.678391959798995,10.23469387755102,35.266097233187075,-1.4960267504154185,93.80202728385771
0.6834170854271356,10.23469387755102,35.73614356423951,-1.438620567483233,93.17501148568006
0.6884422110552764,10.23469387755102,36.20158101801555,-1.3749977162748537,91.96677607277331
0.6934673366834171,10.23469387755102,36.65938833036799,-1.3026619327012998,90.11284236678445
0.6984924623115578,10.23469387755102,37.10583580967507,-1.2166337754324146,87.35531323092007
0.7035175879396985,10.23469387755102,37.53471690373338,-1.1049168569660897,82.73817961884328
0.7085427135678392,10.23469387755102,37.926176333168414,-0.9313829849058747,69.85533726145361
0.7135678391959799,10.23469387755102,38.19567245791219,-0.6256680716609393,34.577072814196576
0.7185929648241206,10.23469387755102,38.30950452322361,-0.24951210129562404,14.211600701839531
0.7236180904522613,10.23469387755102,38.36310565300436,0.11906908147926377,7.936210107380622
0.7286432160804021,10.23469387755102,38.39615948834852,0.46599793363185815,5.43918936543477
0.7336683417085427,10.23469387755102,38.42051982618002,0.787005466782257,4.328720406185112
0.7386934673366834,10.23469387755102,38.4408324379089,1.079123022971044,3.807783543308302
0.7437185929648241,10.23469387755102,38.4595498182138,1.3396041067815623,3.697705304660801
0.7487437185929648,10.23469387755102,38.478534461399676,1.5657748363327209,3.7853265362499666
0.7537688442211056,10.23469387755102,38.49996621612806,1.754740936002863,4.848176805758464
0.7587939698492462,10.23469387755102,38.52869235059168,1.902809440658442,7.266462540488584
0.7638190954773869,10.23469387755102,38.5809789787791,1.9963534143238342,14.15140118387516
0.7688442211055276,10.23469387755102,38.64245387175781,2.013649823242365,8.297519455627805
0.7738693467336684,10.23469387755102,38.66115521449782,2.0140657496727354,1.2683921847421549
0.7788944723618091,10.23469387755102,38.69147972681501,2.0133620448806586,10.712576728950252
0.7839195979899497,10.23469387755102,38.767926449616645,2.0091528709300683,19.629477505456325
0.7889447236180904,10.23469387755102,38.88793410320102,2.001454579977125,28.05053565778012
0.7939698492462312,10.23469387755102,39.04899839469016,1.9909507064504324,35.969076861879536
0.7989949748743719,10.23469387755102,39.2485868550161,1.9778022787755072,43.38338948628517
0.8040201005025126,10.23469387755102,39.48416018745969,1.9620924885238462,50.29187267872286
0.8090452261306532,10.23469387755102,39.75318017799609,1.9438896732465287,56.694273847066626
0.8140703517587939,10.23469387755102,40.05310465223296,1.9232419311374451,62.59052500442935
0.8190954773869347,10.23469387755102,40.38138857603641,1.900199536296164,67.98144498809472
0.8241206030150754,10.23469387755102,40.735490593321295,1.8747800299387354,72.8659521003965
0.8291457286432161,10.23469387755102,41.112871681764695,1.84699600703711,77.2453922174347
0.8341708542713567,10.23469387755102,41.510978080466785,1.8168469743158648,81.11449735487436
0.8391959798994975,10.23469387755102,41.92726028497255,1.784299860400043,84.47802292419875
0.8442211055276382,10.23469387755102,42.359156940397284,1.7492987454804456,87.33245104126713
0.8492462311557789,10.23469387755102,42.804119519771845,1.7117526927250573,89.6812214641595
0.8542713567839196,10.23469387755102,43.259588775250045,1.6715350108704292,91.51325847500688
0.8592964824120602,10.23469387755102,43.722984601983185,1.6284565475719956,92.8298966243465
0.864321608040201,10.23469387755102,44.191715608290586,1.5822245130738175,93.63293236057281
0.8693467336683417,10.23469387755102,44.663179008571305,1.5324298357227122,93.91893497470828
0.8743718592964824,10.23469387755102,45.134726214334485,1.4784251430275528,93.660216794168
0.8793969849246231,10.23469387755102,45.60363050794737,1.4192348767660063,92.8649375324073
0.8844221105527639,10.23469387755102,46.06702870018076,1.3532040776205014,91.47482764301456
0.8894472361809045,10.23469387755102,46.52168038133653,1.277253566076897,89.36817951682724
0.8944723618090452,10.23469387755102,46.96346722950686,1.1849876477270973,86.29093056667614
0.8994974874371859,10.23469387755102,47.384124980721765,1.0597111442075118,80.2868757760271
0.9045226130653267,10.23469387755102,47.75064676636286,0.850529166614808,61.55934508192345
0.9095477386934674,10.23469387755102,47.96284984114744,0.5080925999913213,25.373543839500517
0.914572864321608,10.23469387755102,48.04956135930691,0.13086655338859082,11.476085727093565
0.9195979899497487,10.23469387755102,48.09445319529299,-0.23152087685320433,6.999343845321959
0.9246231155778895,10.23469387755102,48.123981528702984,-0.5706088721277064,4.989513119277195
0.9296482412060302,10.23469387755102,48.14670653292253,-0.8827661538210263,4.133428540373656
0.9346733668341709,10.23469387755102,48.16630478525744,-1.165170042269049,3.754899446348099
0.9396984924623115,10.23469387755102,48.18491391237753,-1.4150899972249893,3.7712281477428355
0.9447236180904522,10.23469387755102,48.20438840132688,-1.6298068464834619,3.9605222271791263
0.949748743718593,10.23469387755102,48.22736516306231,-1.8063706113270785,5.3619121064106645
0.9547738693467337,10.23469387755102,48.260777363300036,-1.9400063461248906,8.973965767761467
0.9597989949748744,10.23469387755102,48.323258700699945,-2.007543097204287,13.902850762134983
0.964824120603015,10.23469387755102,48.37289778641866,-2.01400479880621,5.332875569173197
0.9698492462311558,10.23469387755102,48.40260401531088,-2.013662163311265,19.36069083901372
0.9748743718592965,10.23469387755102,48.58845745704311,-2.0026810092404164,52.21008599411262
0.9798994974874372,10.23469387755102,48.90318390896042,-1.982090018046911,70.64327820323848
0.9849246231155779,10.23469387755102,49.27425268754308,-1.957340184144518,74.63498070818525
0.9899497487437185,10.23469387755102,49.629099555863704,-1.9331656967748942,64.18835701661392
0.9949748743718593,10.23469387755102,49.895188088239166,-1.914692148371459,39.30946963092938
1.0,10.23469387755102,50.0,-1.9073277271851887,0.0
0.0,10.255102040816327,0.0,2.0,0.0
0.005025125628140704,10.255102040816327,0.02472894645850712,1.9995180591911146,9.750270379270262
0.010050251256281407,10.255102040816327,0.09705820180530043,1.9956936842381106,18.947501986047275
0.01507537688442211,10.255102040816327,0.21428619169342153,1.9881394505133083,27.622631880638668
0.020100502512562814,10.255102040816327,0.37379262609185837,1.977642165402761,35.77305393528327
0.02512562814070352,10.255102040816327,0.5729260826121627,1.9643998648871441,43.393835287859524
0.03015075376884422,10.255102040816327,0.8090279162631581,1.948505042202765,50.48586437425524
0.035175879396984924,10.255102040816327,1.079438140700556,1.930018584773427,57.04867553358041
0.04020100502512563,10.255102040816327,1.3814957280649098,1.9090102789653556,63.08190852024643
0.04522613065326633,10.255102040816327,1.7125371743658206,1.8855047455252136,68.58535084968928
0.05025125628140704,10.255102040816327,2.069898824579379,1.8595406092887252,73.55852601223296
0.05527638190954774,10.255102040816327,2.450915200201372,1.8311231962263446,77.99820207506724
0.06030150753768844,10.255102040816327,2.85291655457331,1.800229764720777,81.9099157727665
0.06532663316582915,10.255102040816327,3.2732327356505717,1.7668388916264768,85.28642688570045
0.07035175879396985,10.255102040816327,3.709186181663383,1.7308808681473242,88.13628154567493
0.07537688442211055,10.255102040816327,4.158096797531865,1.6922419147597403,90.44325863059807
0.08040201005025126,10.255102040816327,4.6172770012337025,1.6507777394745105,92.22332196847746
0.08542713567839195,10.255102040816327,5.0840249679493095,1.6062388606037519,93.45411823215171
0.09045226130653267,10.255102040816327,5.555624230023538,1.558300848544454,94.1505612328097
0.09547738693467336,10.255102040816327,6.02932225708509,1.5064335701768763,94.28929613741721
0.10050251256281408,10.255102040816327,6.502319908924652,1.4498482600452554,93.87342329673054
0.10552763819095477,10.255102040816327,6.97171879794536,1.3872495858458336,92.85828593200358
0.11055276381909548,10.255102040816327,7.434397584777461,1.316389279040697,91.17826642957993
0.11557788944723618,10.255102040816327,7.886667743401954,1.2328360461869634,88.63225022473151
0.12060301507537688,10.255102040816327,8.322859156954072,1.126187729029369,84.643191588698
0.12562814070351758,10.255102040816327,8.727068649957852,0.9659474828468569,74.28226332140687
0.1306532663316583,10.255102040816327,9.02558752031252,0.6788664667034428,40.14295482786535
0.135678391959799,10.255102040816327,9.156681248768464,0.3017676960770894,15.897771310370644
0.1407035175879397,10.255102040816327,9.215443343343287,-0.07293325195593583,8.524623425469716
0.1457286432160804,10.255102040816327,9.250441740032509,-0.42651546100071447,5.757523609061116
0.1507537688442211,10.255102040816327,9.275709312764263,-0.7541265037677823,4.485867539894748
0.15577889447236182,10.255102040816327,9.296501797112704,-1.0525917886083902,3.8872972215101944
0.16080402010050251,10.255102040816327,9.31547279890526,-1.319045270799502,3.6598926193274206
0.1658291457286432,10.255102040816327,9.334562721505582,-1.5506721466850697,3.883786223142494
0.1708542713567839,10.255102040816327,9.355939483048266,-1.7445206302088876,4.654694927930599
0.17587939698492464,10.255102040816327,9.384336995821997,-1.8967923591124087,6.9654820854698665
0.18090452261306533,10.255102040816327,9.435805931814913,-1.9945341196031434,14.30270009031618
0.18592964824120603,10.255102040816327,9.498876534930156,-2.013588443104271,8.623257934728208
0.19095477386934673,10.255102040816327,9.51850307874251,-2.01404398245012,1.1443970294991441
0.19597989949748743,10.255102040816327,9.54817625994795,-2.0133605446512823,10.57724508231257
0.20100502512562815,10.255102040816327,9.62392219160087,-2.0092123055228313,19.486011763555872
0.20603015075376885,10.255102040816327,9.743188417960669,-2.0015798735879557,27.899272693331557
0.21105527638190955,10.255102040816327,9.903478324562133,-1.991149034389708,35.81231525377626
0.21608040201005024,10.255102040816327,10.102267934041741,-1.978078673782304,43.221859228753374
0.22110552763819097,10.255102040816327,10.337027787248582,-1.9624609415442946,50.127895744301625
0.22613065326633167,10.255102040816327,10.605227563422552,-1.9443523691467255,56.53073755725383
0.23115577889447236,10.255102040816327,10.904331133320904,-1.9238186994099424,62.42953622843748
0.23618090452261306,10.255102040816327,11.231807693845255,-1.9008849144825513,67.8233513549082
0.24120603015075376,10.255102040816327,11.585122568103381,-1.875590989109391,72.71273851198191
0.24623115577889448,10.255102040816327,11.961739317533926,-1.8479449629150646,77.09905748947645
0.25125628140703515,10.255102040816327,12.359119437361535,-1.81794170424342,80.97618331686479
0.2562814070351759,10.255102040816327,12.774721821710317,-1.785547678355904,84.35297632160118
0.2613065326633166,10.255102040816327,13.206002263808678,-1.7507177796943834,87.21787453321173
0.2663316582914573,10.255102040816327,13.65041284048333,-1.7133544778844776,89.57520531274572
0.271356783919598,10.255102040816327,14.105401703853968,-1.6733429211437305,91.42506936428286
0.27638190954773867,10.255102040816327,14.568403715531561,-1.6304941175374679,92.76614756892226
0.2814070351758794,10.255102040816327,15.03683766747085,-1.5845190009637977,93.58669018650217
0.2864321608040201,10.255102040816327,15.508103104651969,-1.5350090188981884,93.89195357909888
0.2914572864321608,10.255102040816327,15.979563923023845,-1.4813753206021745,93.66578560888055
0.2964824120603015,10.255102040816327,16.448519466089042,-1.4226337214669582,92.88573938857625
0.3015075376884422,10.255102040816327,16.91212131864362,-1.3571811461626897,91.51514861309367
0.3065326633165829,10.255102040816327,17.367224213346834,-1.2821121210871365,89.49786538662343
0.31155778894472363,10.255102040816327,17.809760855096567,-1.1913200471448462,86.41387075346881
0.3165829145728643,10.255102040816327,18.23200264957742,-1.069244612454863,80.79733630541875
0.32160804020100503,10.255102040816327,18.604262628440356,-0.8682420852043268,63.154701615852915
0.32663316582914576,10.255102040816327,18.827750522840535,-0.5323848439772016,27.446798713175635
0.3316582914572864,10.255102040816327,18.919016152757823,-0.15522474368379355,11.943966049722198
0.33668341708542715,10.255102040816327,18.965377293528704,0.20826166603740828,7.266738066702874
0.3417085427135678,10.255102040816327,18.995499449822386,0.5487531823929556,5.0653687078361385
0.34673366834170855,10.255102040816327,19.018481124703783,0.8625595435301867,4.185142352049297
0.35175879396984927,10.255102040816327,19.038161835913034,1.1468206383775363,3.75850678957256
0.35678391959798994,10.255102040816327,19.056735069532508,1.398848811653119,3.72668095630428
0.36180904522613067,10.255102040816327,19.0759843614993,1.6159291430073237,4.005000273986381
0.36683417085427134,10.255102040816327,19.09854167232499,1.7951251209812662,5.222026661346447
0.37185929648241206,10.255102040816327,19.130652667051116,1.9320170964616266,8.481301636156688
0.3768844221105528,10.255102040816327,19.191043133186856,2.005740141257847,14.11168250872461
0.38190954773869346,10.255102040816327,19.243719488625548,2.0139452326766847,6.02425661092996
0.3869346733668342,10.255102040816327,19.25664762486947,2.0140322977928973,3.592426680818075
0.39195979899497485,10.255102040816327,19.2982868207619,2.0126959092313266,12.890284100623928
0.3969849246231156,10.255102040816327,19.38533380410617,2.0075590505675933,21.672108185759395
0.4020100502512563,10.255102040816327,19.515269370189827,1.9991828304561383,29.95907250760516
0.40703517587939697,10.255102040816327,19.68558915443891,1.9880690931997083,37.74409981167358
0.4120603015075377,10.255102040816327,19.89376569073755,1.974350161182844,45.026009699556816
0.41708542713567837,10.255102040816327,20.137269417939205,1.9580905636360777,51.803933618599224
0.4221105527638191,10.255102040816327,20.41356651260256,1.9393597698117708,58.07823218589061
0.4271356783919598,10.255102040816327,20.720128993583103,1.918212393811407,63.84986187761088
0.4321608040201005,10.255102040816327,21.05442337302889,1.894675871013532,69.11491139718262
0.4371859296482412,10.255102040816327,21.413912747354043,1.8687823513150503,73.87635606346191
0.44221105527638194,10.255102040816327,21.79606077307407,1.8405403715016635,78.13373279156013
0.4472361809045226,10.255102040816327,22.198330498721358,1.8099260471847596,81.88223949078315
0.45226130653266333,10.255102040816327,22.618176908690113,1.7769222929516681,85.12749407698433
0.457286432160804,10.255102040816327,23.05305091078872,1.7414513976456452,87.86431456915015
0.4623115577889447,10.255102040816327,23.500409217234292,1.703437316099648,90.09624043052972
0.46733668341708545,10.255102040816327,23.95768787246969,1.6627209363071738,91.81335669911319
0.4723618090452261,10.255102040816327,24.422311090153556,1.6190974931989817,93.02476521413405
0.47738693467336685,10.255102040816327,24.891714337558415,1.572276059038053,93.71623142759722
0.4824120603015075,10.255102040816327,25.363279020735664,1.5217842351987618,93.88996191414833
0.48743718592964824,10.255102040816327,25.83435057552267,1.4669571272747766,93.51382195264641
0.49246231155778897,10.255102040816327,26.30221890642576,1.4066926544270208,92.6050985271379
0.49748743718592964,10.255102040816327,26.763978750621167,1.339158737888324,91.06478412889392
0.5025125628140703,10.255102040816327,27.21632232161948,1.2608739982671606,88.81674445644659
0.507537688442211,10.255102040816327,27.654721616916365,1.1642629803266256,85.4422421742245
0.5125628140703518,10.255102040816327,28.06906589560995,1.0287981152726735,78.43485204218977
0.5175879396984925,10.255102040816327,28.414415766447956,0.7941158561115244,53.884323765331885
0.5226130653266332,10.255102040816327,28.593766825536484,0.4364683503275941,21.357880161458034
0.5276381909547738,10.255102040816327,28.668414590695836,0.060909775042371155,10.286456984921921
0.5326633165829145,10.255102040816327,28.709179869533582,-0.2972024395051052,6.567740085958834
0.5376884422110553,10.255102040816327,28.736931938397674,-0.6312152323919186,4.807615988617321
0.542713567839196,10.255102040816327,28.75880981452295,-0.9377619097231686,4.021695790392625
0.5477386934673367,10.255102040816327,28.778027682150256,-1.214077313815294,3.717391560125261
0.5527638190954773,10.255102040816327,28.796594702806576,-1.4574696883895184,3.802866319096127
0.5577889447236181,10.255102040816327,28.816415352734833,-1.665192329504106,4.140739675995236
0.5628140703517588,10.255102040816327,28.840451965984027,-1.834191404683455,5.596378293826868
0.5678391959798995,10.255102040816327,28.877487831426812,-1.9586358986338839,9.936366857360413
0.5728643216080402,10.255102040816327,28.943363880550287,-2.0106052939635433,12.687873591323436
0.5778894472361809,10.255102040816327,28.984899888057697,-2.01403160761899,3.6064262833706766
0.5829145728643216,10.255102040816327,28.997810295149485,-2.013960276250275,6.0109412246040606
0.5879396984924623,10.255102040816327,29.051260273660446,-2.0117606517720446,15.173293773133066
0.592964824120603,10.255102040816327,29.149462090926775,-2.005705501218854,23.829189009637048
0.5979899497487438,10.255102040816327,29.2899181067227,-1.996612432415315,31.98889685157603
0.6030150753768844,10.255102040816327,29.470116480775708,-1.9848279488095926,39.646340052442575
0.6080402010050251,10.255102040816327,29.68752520886284,-1.970453874482189,46.799451121377196
0.6130653266331658,10.255102040816327,29.939615301183107,-1.9535619304034655,53.44943499917219
0.6180904522613065,10.255102040816327,30.223859319830257,-1.9342122739421181,59.594736938206616
0.6231155778894473,10.255102040816327,30.537717894884516,-1.9124495523722072,65.2373670814723
0.628140703517588,10.255102040816327,30.878663014302553,-1.8883141599529996,70.37411653938645
0.6331658291457286,10.255102040816327,31.244155592824626,-1.8618221762726415,75.00758110193973
0.6381909547738693,10.255102040816327,31.631660549835505,-1.8329817106449693,79.1346696791083
0.6432160804020101,10.255102040816327,32.03863895204724,-1.8017589176129774,82.75708211896787
0.6482412060301508,10.255102040816327,32.46254149658906,-1.7681342033216363,85.8711624037382
0.6532663316582915,10.255102040816327,32.90083153486556,-1.7320314425184908,88.483943269913
0.6582914572864321,10.255102040816327,33.35094202509885,-1.693340726984754,90.57974820901647
0.6633165829145728,10.255102040816327,33.81032854820571,-1.6519144374241743,92.1749745670426
0.6683417085427136,10.255102040816327,34.2764246598456,-1.6075096419498258,93.24526118319544
0.6733668341708543,10.255102040816327,34.74662707623737,-1.5598057662645912,93.81134370571948
0.678391959798995,10.255102040816327,35.218328846387806,-1.5082925439133565,93.84503273016647
0.6834170854271356,10.255102040816327,35.688851238881355,-1.4521994883058658,93.34236609184232
0.6884422110552764,10.255102040816327,36.15543338740023,-1.3903104697090165,92.26337866085382
0.6934673366834171,10.255102040816327,36.61512393906295,-1.3204725759092693,90.56848855477199
0.6984924623115578,10.255102040816327,37.06444191659591,-1.2384982633972361,88.07941892297907
0.7035175879396985,10.255102040816327,37.498131739266945,-1.1349053191943845,84.25616178659585
0.7085427135678392,10.255102040816327,37.90224283347702,-0.9823011407621585,75.30543035385016
0.7135678391959799,10.255102040816327,38.211816704377526,-0.7105724588419003,44.816994087347155
0.7185929648241206,10.255102040816327,38.353546803504074,-0.3401298504375248,17.83911366496334
0.7236180904522613,10.255102040816327,38.415843520804934,0.03222719934505485,8.950072999737586
0.7286432160804021,10.255102040816327,38.452184967865044,0.3845912203700989,5.89002593417787
0.7336683417085427,10.255102040816327,38.477998524390415,0.7118969946702217,4.506171054126582
0.7386934673366834,10.255102040816327,38.49896513382641,1.0110156590568842,3.8973704283988337
0.7437185929648241,10.255102040816327,38.51785366682634,1.2792231960868732,3.699928655235194
0.7487437185929648,10.255102040816327,38.53654327983235,1.5137818055111008,3.885856941206599
0.7537688442211056,10.255102040816327,38.557024245583015,1.7119937905324467,4.506382759695522
0.7587939698492462,10.255102040816327,38.58311187440175,1.870494058410347,6.005048685807203
0.7638190954773869,10.255102040816327,38.62696417836402,1.980685847169705,12.448729011937095
0.7688442211055276,10.255102040816327,38.69334179190772,2.012769441982351,10.548551050755071
0.7738693467336684,10.255102040816327,38.72305368244022,2.0140434299432517,1.158241907500657
0.7788944723618091,10.255102040816327,38.74212267435659,2.0137495152156073,8.391546118122791
0.7839195979899497,10.255102040816327,38.8071945638839,2.0105573319439043,17.42083183393972
0.7889447236180904,10.255102040816327,38.91637642035347,2.003657362084035,25.951496454357418
0.7939698492462312,10.255102040816327,39.067177171459186,1.993866430760135,33.98356479670568
0.7989949748743719,10.255102040816327,39.25707670512806,1.9814149113140807,41.51271110553487
0.8040201005025126,10.255102040816327,39.48354456506108,1.9663908308716356,48.537904898796576
0.8090452261306532,10.255102040816327,39.74404963111195,1.9488689050925807,55.059967174210776
0.8140703517587939,10.255102040816327,40.036063872672166,1.9289066361310678,61.07758196830331
0.8190954773869347,10.255102040816327,40.357050606472605,1.9065362021675363,66.59101469419899
0.8241206030150754,10.255102040816327,40.70447667409762,1.8818009638745432,71.59976337504769
0.8291457286432161,10.255102040816327,41.075804467075685,1.8547109755313969,76.1051420173687
0.8341708542713567,10.255102040816327,41.46850080475881,1.8252698669790655,80.1030912658028
0.8391959798994975,10.255102040816327,41.88001917644023,1.7934408999583231,83.59843552208092
0.8442211055276382,10.255102040816327,42.30782240969518,1.7591917252458988,86.58400235275278
0.8492462311557789,10.255102040816327,42.74936219945356,1.722447337081735,89.06167939849621
0.8542713567839196,10.255102040816327,43.202077494197056,1.6830801977438907,91.03422575260109
0.8592964824120602,10.255102040816327,43.66341745095423,1.640914162622152,92.49092954569014
0.864321608040201,10.255102040816327,44.13080526280234,1.5957102261645917,93.43584434184974
0.8693467336683417,10.255102040816327,44.601645047121,1.5470870212353187,93.87017318481674
0.8743718592964824,10.255102040816327,45.0733022812447,1.4945029275080528,93.76842035304233
0.8793969849246231,10.255102040816327,45.54310295645072,1.4370829245898946,93.12616663159619
0.8844221105527639,10.255102040816327,46.008267536025066,1.3734154449350373,91.92028724454329
0.8894472361809045,10.255102040816327,46.465679631756394,1.3010126019706876,90.03537765447112
0.8944723618090452,10.255102040816327,46.911647529924025,1.214806352511496,87.3326675527792
0.8994974874371859,10.255102040816327,47.33993263505131,1.1026100280811297,82.75328253565755
0.9045226130653267,10.255102040816327,47.73012292923167,0.9276581747379473,70.22697913794886
0.9095477386934674,10.255102040816327,47.99656960654866,0.6201007846101475,34.41196224919419
0.914572864321608,10.255102040816327,48.10870606582259,0.24405270035360827,14.524786085269382
0.9195979899497487,10.255102040816327,48.16173457521063,-0.12399394655637601,7.882122433023319
0.9246231155778895,10.255102040816327,48.19454101452978,-0.47033769893292066,5.423170978386078
0.9296482412060302,10.255102040816327,48.21875640103337,-0.7907298877905761,4.3439299508376665
0.9346733668341709,10.255102040816327,48.23898524786255,-1.0822305224460338,3.804731234335427
0.9396984924623115,10.255102040816327,48.25765122855318,-1.3421368374059501,3.6187646658767596
0.9447236180904522,10.255102040816327,48.27660133118095,-1.5677446189905397,3.977434738775127
0.949748743718593,10.255102040816327,48.2979985339846,-1.7562020720702167,4.594899839610832
0.9547738693467337,10.255102040816327,48.32673775757392,-1.9038049763302627,7.257371531952643
0.9597989949748744,10.255102040816327,48.379193143442535,-1.9966981052725146,14.130683250952629
0.964824120603015,10.255102040816327,48.4404472289694,-2.013645642878393,8.235779264469924
0.9698492462311558,10.255102040816327,48.46071397537921,-2.014038636825312,6.478549239884537
0.9748743718592965,10.255102040816327,48.59739990199498,-2.007129638717525,45.24431453738059
0.9798994974874372,10.255102040816327,48.88878991325066,-1.9882096402086722,68.07238138318972
0.9849246231155779,10.255102040816327,49.25484096950514,-1.9639762940277665,74.9588549055736
0.9899497487437185,10.255102040816327,49.61544329079829,-1.9395959844815864,65.90503176133504
0.9949748743718593,10.255102040816327,49.89051851722554,-1.920639775029299,40.918083397576765
1.0,10.255102040816327,50.0,-1.913006272621182,0.0
0.0,10.275510204081632,0.0,2.0,0.0
0.005025125628140704,10.275510204081632,0.024682225559437634,1.999519888368898,9.732008169681158
0.010050251256281407,10.275510204081632,0.0968780329945422,1.9957100084758133,18.912987176750313
0.01507537688442211,10.275510204081632,0.2138955519491149,1.9881843924588534,27.57368513589144
0.020100502512562814,10.275510204081632,0.3731236847441615,1.9777267404260486,35.71152424575158
0.02512562814070352,10.275510204081632,0.5719201825897174,1.9645341000090895,43.3215941031842
0.03015075376884422,10.275510204081632,0.8076361875584629,1.9486987418491872,50.40474420489297
0.035175879396984924,10.275510204081632,1.0776205196086837,1.9302832846885427,56.96025516855972
0.04020100502512563,10.275510204081632,1.3792214574761328,1.9093487482292888,62.989224992966385
0.04522613065326633,10.275510204081632,1.709786069439181,1.8859360072109141,68.48750043135283
0.05025125628140704,10.275510204081632,2.066659835952565,1.8600697781192896,73.4584831310238
0.05527638190954774,10.275510204081632,2.4471853218977255,1.8317557416443768,77.90153468271029
0.06030150753768844,10.275510204081632,2.8487041574592165,1.8009941411664534,81.81428983765586
0.06532663316582915,10.275510204081632,3.2685537598893846,1.767731191904236,85.19991011763548
0.07035175879396985,10.275510204081632,3.7040697337742916,1.7319177172590154,88.04766864428268
0.07537688442211055,10.275510204081632,4.152578808971635,1.693441944010862,90.3715901959266
0.08040201005025126,10.275510204081632,4.611404758589673,1.6521540020111594,92.15232565497132
0.08542713567839195,10.275510204081632,5.077855142996095,1.6078207869387013,93.40542205488362
0.09045226130653267,10.275510204081632,5.549221250127006,1.5601091972347438,94.10751353317404
0.09547738693467336,10.275510204081632,6.022765412343446,1.5085130353866079,94.2644647142131
0.10050251256281408,10.275510204081632,6.495702420100951,1.452265201503064,93.86441104219101
0.10552763819095477,10.275510204081632,6.965149406603593,1.3900946369192213,92.8832449965781
0.11055276381909548,10.275510204081632,7.428014495543912,1.3198278700882184,91.22836653321176
0.11557788944723618,10.275510204081632,7.880660778327323,1.2372114627039037,88.74699435741596
0.12060301507537688,10.275510204081632,8.317619041456217,1.1323280176601829,84.74820958659221
0.12562814070351758,10.275510204081632,8.724111260495446,0.9764572353488425,75.48692651487573
0.1306532663316583,10.275510204081632,9.031068451411466,0.6972854372462953,42.49507979173679
0.135678391959799,10.275510204081632,9.168455665628677,0.32185668907373305,16.739013309418915
0.1407035175879397,10.275510204081632,9.229119756869457,-0.05342830692817774,8.869060989855239
0.1457286432160804,10.275510204081632,9.264813310709025,-0.40799876425844495,5.887447822780985
0.1507537688442211,10.275510204081632,9.290372733385755,-0.7368216843689033,4.540174711737737
0.15577889447236182,10.275510204081632,9.311265940563946,-1.0366988484910324,3.8925106670167473
0.16080402010050251,10.275510204081632,9.330228010722525,-1.304772406971099,3.723320656637982
0.1658291457286432,10.275510204081632,9.349174345439529,-1.5382319010845271,3.8757981575211886
0.1708542713567839,10.275510204081632,9.370297510526695,-1.7341455248426034,4.648828472386949
0.17587939698492464,10.275510204081632,9.39796051802847,-1.888854962581324,6.6819567078205395
0.18090452261306533,10.275510204081632,9.447066653393092,-1.9909019819987634,13.554066205551717
0.18592964824120603,10.275510204081632,9.511555909595595,-2.0133978741572065,9.180067928266855
0.19095477386934673,10.275510204081632,9.533620510018505,-2.014022412368847,0.5491541652061637
0.19597989949748743,10.275510204081632,9.56033775327072,-2.0134678938849246,9.996953037450398
0.20100502512562815,10.275510204081632,9.633206237759316,-2.0095836241634135,18.920773350990267
0.20603015075376885,10.275510204081632,9.749672437042959,-2.002164670438438,27.350543615627142
0.21105527638190955,10.275510204081632,9.907250577227666,-1.9919364459603763,35.28202629227721
0.21608040201005024,10.275510204081632,10.103426312812877,-1.9790772669583339,42.71223583476383
0.22110552763819097,10.275510204081632,10.335678910216432,-1.9636692985513595,49.640557194291155
0.22613065326633167,10.275510204081632,10.601485570884504,-1.9457791248132057,56.06660268682105
0.23115577889447236,10.275510204081632,10.898323423601227,-1.9254647128276792,61.992251511998916
0.23618090452261306,10.275510204081632,11.223668625753291,-1.9027639878662013,67.4134023952228
0.24120603015075376,10.275510204081632,11.574994790341664,-1.8777117920759552,72.33304997600035
0.24623115577889448,10.275510204081632,11.949776623748576,-1.850311792487529,76.74692478698883
0.25125628140703515,10.275510204081632,12.345485812286366,-1.82056711835494,80.66024177439783
0.2562814070351759,10.275510204081632,12.75958586540492,-1.788446431738821,84.06934321404542
0.2613065326633166,10.275510204081632,13.18954712132863,-1.7539037091546994,86.97161304867676
0.2663316582914573,10.275510204081632,13.632825498016022,-1.7168496940763631,89.36808810701876
0.271356783919598,10.275510204081632,14.086876346511382,-1.6771728498541443,91.2580243891662
0.27638190954773867,10.275510204081632,14.549148425293772,-1.6346914064102773,92.64282734027529
0.2814070351758794,10.275510204081632,15.017073412231493,-1.5891264620293122,93.51406173150637
0.2864321608040201,10.275510204081632,15.488060207707395,-1.5400994368574323,93.85591333806134
0.2914572864321608,10.275510204081632,15.95948580165989,-1.4870284698823204,93.68807526975145
0.2964824120603015,10.275510204081632,16.42867176067823,-1.4290021160829984,92.97449257531298
0.3015075376884422,10.275510204081632,16.89280530502059,-1.3645153408094877,91.67208503264702
0.3065326633165829,10.275510204081632,17.34878805359711,-1.2908510231529209,89.6830414991327
0.31155778894472363,10.275510204081632,17.792744409617917,-1.202453569916077,86.76023005513238
0.3165829145728643,10.275510204081632,18.217738657164883,-1.085538693043651,81.65470100863571
0.32160804020100503,10.275510204081632,18.599006395017863,-0.8978286940858272,66.67227135259103
0.32663316582914576,10.275510204081632,18.843064459266873,-0.5750305102617321,30.40686287611406
0.3316582914572864,10.275510204081632,18.94345517301406,-0.19826470173532137,13.197171385689053
0.33668341708542715,10.275510204081632,18.99274973506862,0.16722148133798254,7.492758298107426
0.3417085427135678,10.275510204081632,19.024037549275835,0.5103181608254796,5.2140270426103426
0.34673366834170855,10.275510204081632,19.047534626839806,0.8271275827702833,4.259602264751946
0.35175879396984927,10.275510204081632,19.06741940280664,1.114748370222887,3.7704151913500663
0.35678391959798994,10.275510204081632,19.08597578817743,1.37048245758537,3.6755225700181366
0.36180904522613067,10.275510204081632,19.104985821849564,1.5916605650800588,4.054877020812329
0.36683417085427134,10.275510204081632,19.126856862833783,1.775405024867708,4.874310719919082
0.37185929648241206,10.275510204081632,19.15700108608623,1.917696032725282,7.799632531001471
0.3768844221105528,10.275510204081632,19.21326572284146,2.0016386236597623,14.342243263661501
0.38190954773869346,10.275510204081632,19.270624542353943,2.013801975468212,7.16703539199973
0.3869346733668342,10.275510204081632,19.285755010338963,2.014019720820315,2.4051061074967026
0.39195979899497485,10.275510204081632,19.321548021531953,2.0130435928003165,11.751651016786445
0.3969849246231156,10.275510204081632,19.402988564374933,2.0083999628349516,20.578884277696584
0.4020100502512563,10.275510204081632,19.527550113178464,2.000410597971264,28.91372300551277
0.40703517587939697,10.275510204081632,19.692741586736524,1.9896674567036192,36.74881251287587
0.4120603015075377,10.275510204081632,19.896046472846447,1.976313869258271,44.08248078115166
0.41708542713567837,10.275510204081632,20.134944688580738,1.960424347984499,50.91434894301997
0.4221105527638191,10.275510204081632,20.4069117064212,1.9420642521118285,57.24406401920401
0.4271356783919598,10.275510204081632,20.709425789726545,1.9212886640945852,63.073319742562795
0.4321608040201005,10.275510204081632,21.03996188214879,1.8981331399417507,68.39752139516318
0.4371859296482412,10.275510204081632,21.395991054483645,1.8726282929050118,73.22076840172275
0.44221105527638194,10.275510204081632,21.774992662911366,1.8447822515212025,77.5382417873791
0.4472361809045226,10.275510204081632,22.174430733223492,1.8145780955578819,81.35600326554764
0.45226130653266333,10.275510204081632,22.59178554377818,1.7819939613838882,84.6656235121847
0.457286432160804,10.275510204081632,23.024509718869904,1.746975597911818,87.4719812754855
0.4623115577889447,10.275510204081632,23.470060581891968,1.7094369754607817,89.77036818467224
0.46733668341708545,10.275510204081632,23.92589246605156,1.6692385712485849,91.56281163108673
0.4723618090452261,10.275510204081632,24.389456846550626,1.626184258643463,92.85065780582062
0.47738693467336685,10.275510204081632,24.858179936653258,1.5799922441435275,93.61872092317982
0.4824120603015075,10.275510204081632,25.32945042660913,1.5302363621997244,93.86589428583937
0.48743718592964824,10.275510204081632,25.80064620844367,1.4763066081968692,93.58824380846534
0.49246231155778897,10.275510204081632,26.269083161181886,1.4171744782504072,92.75234792531595
0.49748743718592964,10.275510204081632,26.731908225587997,1.3511782403591988,91.34001996331803
0.5025125628140703,10.275510204081632,27.185920829832824,1.2752600081676526,89.20954141391098
0.507537688442211,10.275510204081632,27.626965402591,1.1828829069748688,86.0660468447054
0.5125628140703518,10.275510204081632,28.04668563567112,1.0572309253764023,80.08999661088944
0.5175879396984925,10.275510204081632,28.411224104488866,0.8464658447388448,60.75564153802327
0.5226130653266332,10.275510204081632,28.620557068552767,0.5032240143633421,25.60427512030196
0.5276381909547738,10.275510204081632,28.706036298500564,0.12658894641126114,11.471650094576228
0.5326633165829145,10.275510204081632,28.750442323364744,-0.2350059878753719,6.851225119892927
0.5376884422110553,10.275510204081632,28.779725644804355,-0.5733149694241871,4.972213052152691
0.542713567839196,10.275510204081632,28.802301013969746,-0.8847291095434151,4.120855313124514
0.5477386934673367,10.275510204081632,28.821779506064715,-1.1664357842419653,3.7352929749845543
0.5527638190954773,10.275510204081632,28.84028799014556,-1.4157524017037544,3.7345515273275893
0.5577889447236181,10.275510204081632,28.859619181904733,-1.6299841104046286,3.9674936612209972
0.5628140703517588,10.275510204081632,28.882502455151403,-1.8061523280385872,5.279711670010083
0.5678391959798995,10.275510204081632,28.915669247136943,-1.9395877872880127,8.950942195347148
0.5728643216080402,10.275510204081632,28.977751028733195,-2.007383570665514,13.889974533696499
0.5778894472361809,10.275510204081632,29.027450371197027,-2.013958835316166,5.365933813636381
0.5829145728643216,10.275510204081632,29.039741614772844,-2.014001971231099,4.239493840590219
0.5879396984924623,10.275510204081632,29.084497541553272,-2.012463954180094,13.484422531058671
0.592964824120603,10.275510204081632,29.174402102553643,-2.0070947046112693,22.216223960758402
0.5979899497487438,10.275510204081632,29.30695180762536,-1.9985556556320245,30.455560227369133
0.6030150753768844,10.275510204081632,29.479648525570703,-1.9873025327505813,38.19424992300426
0.6080402010050251,10.275510204081632,29.689974031000972,-1.9734592888828824,45.431542365309745
0.6130653266331658,10.275510204081632,29.935409230881106,-1.957089008777524,52.16690090741088
0.6180904522613065,10.275510204081632,30.213428265956765,-1.9382618549977597,58.400642701402475
0.6231155778894473,10.275510204081632,30.521509255362965,-1.9170324584210574,64.1320302583619
0.628140703517588,10.275510204081632,30.857131461387365,-1.8934224777460926,69.36142469652978
0.6331658291457286,10.275510204081632,31.21776293710113,-1.8674669930762686,74.08750892712285
0.6381909547738693,10.275510204081632,31.60087516126639,-1.8391725696254504,78.30892417182825
0.6432160804020101,10.275510204081632,32.00394195303937,-1.8085124981061027,82.02709404042326
0.6482412060301508,10.275510204081632,32.42443401492477,-1.775474035951652,85.2410069338224
0.6532663316582915,10.275510204081632,32.859804839901045,-1.739975618237999,87.95083477462127
0.6582914572864321,10.275510204081632,33.30752110768757,-1.70194250340197,90.15369828092737
0.6633165829145728,10.275510204081632,33.76504010917786,-1.6612076305581982,91.84728590866082
0.6683417085427136,10.275510204081632,34.22978332303806,-1.6175796559002469,93.03757083276308
0.6733668341708543,10.275510204081632,34.69918150048332,-1.570746012038397,93.70245897122994
0.678391959798995,10.275510204081632,35.17064854000535,-1.5202511420376241,93.85586859580138
0.6834170854271356,10.275510204081632,35.641552504654214,-1.4653986084711195,93.46866209965363
0.6884422110552764,10.275510204081632,36.10913264156397,-1.405122502030141,92.54120213163418
0.6934673366834171,10.275510204081632,36.57050382516096,-1.3375255624553064,90.9863427449867
0.6984924623115578,10.275510204081632,37.02240729739546,-1.2591269533316278,88.7003092982957
0.7035175879396985,10.275510204081632,37.460236822946484,-1.162257578999516,85.22178374025744
0.7085427135678392,10.275510204081632,37.87373945413627,-1.0260707809523497,78.33248191838085
0.7135678391959799,10.275510204081632,38.21686562361911,-0.7892667318196818,52.52817682930585
0.7185929648241206,10.275510204081632,38.39358669390323,-0.43084583662545434,21.67865731663864
0.7236180904522613,10.275510204081632,38.46723326494795,-0.05570273462937839,10.364216602478189
0.7286432160804021,10.275510204081632,38.5076191284485,0.30183093271623995,6.557184834569201
0.7336683417085427,10.275510204081632,38.535191346961604,0.6352130044240251,4.757853343508192
0.7386934673366834,10.275510204081632,38.556963027482546,0.9411557303047378,3.9954367443491963
0.7437185929648241,10.275510204081632,38.576108970792156,1.2168581126661129,3.6931670033482256
0.7487437185929648,10.275510204081632,38.59462110428284,1.4596612887468412,3.772101886089626
0.7537688442211056,10.275510204081632,38.61441633964652,1.6668507891574793,4.282312398811425
0.7587939698492462,10.275510204081632,38.63844725601773,1.8353414277638622,5.443315902129563
0.7638190954773869,10.275510204081632,38.67555794602152,1.9592970139429184,9.873477087155086
0.7688442211055276,10.275510204081632,38.74144829511931,2.010673822745621,12.62305747663495
0.7738693467336684,10.275510204081632,38.7826451256964,2.0140107731802286,3.54811063410378
0.7788944723618091,10.275510204081632,38.79559853747198,2.0139355035007664,6.050435243388595
0.7839195979899497,10.275510204081632,38.8491985036755,2.011722318181903,15.194437112191718
0.7889447236180904,10.275510204081632,38.94745967827202,2.0056706216968916,23.83264922905349
0.7939698492462312,10.275510204081632,39.087893654248965,1.9965968339752724,31.976890877165133
0.7989949748743719,10.275510204081632,39.26799464424048,1.984840314534642,39.62055970216799
0.8040201005025126,10.275510204081632,39.485244156382876,1.9705068702478932,46.761506988917915
0.8090452261306532,10.275510204081632,39.737118246350974,1.953664287598265,53.401219822614735
0.8140703517587939,10.275510204081632,40.02109631389455,1.9343709394159796,59.53819478789577
0.8190954773869347,10.275510204081632,40.33465417791019,1.912679848287777,65.17511606706168
0.8241206030150754,10.275510204081632,40.67526593950785,1.888619412320761,70.3062820834582
0.8291457286432161,10.275510204081632,41.04041152206756,1.8622135776356443,74.93608163913434
0.8341708542713567,10.275510204081632,41.427551649689065,1.8334692072771261,79.06303884696804
0.8391959798994975,10.275510204081632,41.83416218657684,1.8023553211559014,82.68331013127852
0.8442211055276382,10.275510204081632,42.2577065305515,1.7688520121601377,85.80127808926494
0.8492462311557789,10.275510204081632,42.695649569232764,1.7328718402596026,88.41437154396566
0.8542713567839196,10.275510204081632,43.14545673202292,1.694332906664666,90.51864290988401
0.8592964824120602,10.275510204081632,43.60456554239416,1.6530577701920341,92.11692434255659
0.864321608040201,10.275510204081632,44.070419446691176,1.6088426788094374,93.20125213002837
0.8693467336683417,10.275510204081632,44.54043306638758,1.5613381083584839,93.77276997953591
0.8743718592964824,10.275510204081632,45.01201002311555,1.5100687022014303,93.82119637190713
0.8793969849246231,10.275510204081632,45.482511070798004,1.4542838972971168,93.33088799343922
0.8844221105527639,10.275510204081632,45.94916778117842,1.3927695698444105,92.3013748451415
0.8894472361809045,10.275510204081632,46.40901253553418,1.3234377974311125,90.62180886020951
0.8944723618090452,10.275510204081632,46.85862458428398,1.2422958134112816,88.21707110728563
0.8994974874371859,10.275510204081632,47.292926441233405,1.1402165166339377,84.365668889821
0.9045226130653267,10.275510204081632,47.69886260280695,0.9912425182492367,75.52818297563998
0.9095477386934674,10.275510204081632,48.01534162515341,0.7265286398547554,46.07518331422646
0.914572864321608,10.275510204081632,48.16317040909982,0.3580861077056285,17.87583038089614
0.9195979899497487,10.275510204081632,48.22734560301325,-0.014655376092874758,9.221562821249892
0.9246231155778895,10.275510204081632,48.26435960150412,-0.3678471890435431,6.02771209508283
0.9296482412060302,10.275510204081632,48.29045051022939,-0.6961649034167112,4.539914793930755
0.9346733668341709,10.275510204081632,48.31152328446679,-0.9964850412803888,3.9058045426940313
0.9396984924623115,10.275510204081632,48.33041650300971,-1.2660835974513562,3.685146650425628
0.9447236180904522,10.275510204081632,48.34902479943886,-1.5022681211971232,3.832649054415344
0.949748743718593,10.275510204081632,48.369283358083095,-1.7022658412619704,4.4822112159218195
0.9547738693467337,10.275510204081632,48.394823330775246,-1.8628523092393159,6.145880680411737
0.9597989949748744,10.275510204081632,48.436850469631125,-1.9762330122332552,11.923656837991025
0.964824120603015,10.275510204081632,48.50347308487234,-2.01240763849281,11.008351137066308
0.9698492462311558,10.275510204081632,48.5357636141293,-2.0140217123937663,1.698833884638078
0.9748743718592965,10.275510204081632,48.616310896712555,-2.0107852685706806,36.47663515224399
0.9798994974874372,10.275510204081632,48.87751325073049,-1.994070338128324,64.54090629695915
0.9849246231155779,10.275510204081632,49.235345949462165,-1.9705486382027007,74.92739406658417
0.9899497487437185,10.275510204081632,49.600935947676874,-1.9460192974204946,67.6296838849684
0.9949748743718593,10.275510204081632,49.885431544711395,-1.926564733143211,42.652910940515575
1.0,10.275510204081632,50.0,-1.9186308738104043,-1.3278425505163515e-14
0.0,10.295918367346939,0.0,2.0,0.0
0.005025125628140704,10.295918367346939,0.024635154571942847,1.9995217256145135,9.71361084297323
0.010050251256281407,10.295918367346939,0.09669657995219613,1.9957263600869943,18.878210666205888
0.01507537688442211,10.295918367346939,0.2135019974485486,1.988229361895813,27.524361577786827
0.020100502512562814,10.295918367346939,0.3724495513920404,1.9778113334876495,35.64951175125385
0.02512562814070352,10.295918367346939,0.5709063742803355,1.9646683508069185,43.24877615241679
0.03015075376884422,10.295918367346939,0.806233327251045,1.9488924304920892,50.32297410205293
0.035175879396984924,10.295918367346939,1.0757883195138207,1.9305462219170613,56.87148609682834
0.04020100502512563,10.295918367346939,1.3769298561772267,1.9096913918325735,62.89547670806647
0.04522613065326633,10.295918367346939,1.707013507227641,1.8863660646062215,68.39036169022418
0.05025125628140704,10.295918367346939,2.0633936483086575,1.8605980607219559,73.35997418710971
0.05527638190954774,10.295918367346939,2.4434244021262845,1.8323936211764722,77.80394883381453
0.06030150753768844,10.295918367346939,2.844455788041818,1.8017508456610094,81.71811344699562
0.06532663316582915,10.295918367346939,3.263834443767239,1.768619563130692,85.10867244713344
0.07035175879396985,10.295918367346939,3.6989053440958113,1.7329511492732779,87.96260854947042
0.07537688442211055,10.295918367346939,4.147006639320612,1.694634067344164,90.29535186663169
0.08040201005025126,10.295918367346939,4.605471917265876,1.6535265527097582,92.08599350558612
0.08542713567839195,10.295918367346939,5.071615392184425,1.6093921607086519,93.353651353904
0.09045226130653267,10.295918367346939,5.542744515190285,1.5619142512791329,94.06844856528909
0.09547738693467336,10.295918367346939,6.016131022027403,1.5105907287571632,94.24318429703756
0.10050251256281408,10.295918367346939,6.489002341255624,1.454669308343627,93.86884559324439
0.10552763819095477,10.295918367346939,6.958491986278443,1.3929217366270892,92.89059290300033
0.11055276381909548,10.295918367346939,7.42153440578081,1.3232479173401162,91.26784014455599
0.11557788944723618,10.295918367346939,7.874545316382639,1.2415206024258096,88.86907744452407
0.12060301507537688,10.295918367346939,8.312259300385264,1.1383875263134529,85.01714502375
0.12562814070351758,10.295918367346939,8.72092058522968,0.9867354089362442,75.68296221591841
0.1306532663316583,10.295918367346939,9.035902996431107,0.7154083526857671,43.959409089410464
0.135678391959799,10.295918367346939,9.179997770995332,0.34199978932881486,17.427650371253897
0.1407035175879397,10.295918367346939,9.242740517728608,-0.03383173266190892,8.972433156616985
0.1457286432160804,10.295918367346939,9.279168471200457,-0.3893918138437989,5.859306358282561
0.1507537688442211,10.295918367346939,9.30501687841833,-0.719430030449995,4.525107724455862
0.15577889447236182,10.295918367346939,9.326032681005987,-1.0207222141929408,3.9066732874958627
0.16080402010050251,10.295918367346939,9.345004855671515,-1.290412348012566,3.66738745248606
0.1658291457286432,10.295918367346939,9.363869543982975,-1.5257031691330831,3.8029998949721042
0.1708542713567839,10.295918367346939,9.384724381969564,-1.723689876687628,4.553656800120159
0.17587939698492464,10.295918367346939,9.411650352681972,-1.8808306720597048,6.260044072192137
0.18090452261306533,10.295918367346939,9.458541951967021,-1.9869301013784177,13.184956814616488
0.18592964824120603,10.295918367346939,9.524194493515612,-2.0131721784356507,9.743231032124037
0.19095477386934673,10.295918367346939,9.549076723297947,-2.0140010418111935,0.053179823676859826
0.19597989949748743,10.295918367346939,9.5728105124829,-2.0135545654833584,9.411012719622198
0.20100502512562815,10.295918367346939,9.6427731261177,-2.009933414263053,18.35001598497984
0.20603015075376885,10.295918367346939,9.756412382486152,-2.0027306522071635,26.796543879877053
0.21105527638190955,10.295918367346939,9.911252569667095,-1.9927056032327612,34.74670275790644
0.21608040201005024,10.295918367346939,10.104789187965652,-1.980053488013815,42.197267716463884
0.22110552763819097,10.295918367346939,10.334510376073043,-1.9648578887029664,49.1486937449019
0.22613065326633167,10.295918367346939,10.597904436605571,-1.9471863121310482,55.59820189686168
0.23115577889447236,10.295918367346939,10.892451888224846,-1.927093045346615,61.548176909573115
0.23618090452261306,10.295918367346939,11.215643488893022,-1.9046287390114642,66.99788451748975
0.24120603015075376,10.295918367346939,11.564957711601188,-1.8798116699606882,71.94704719151702
0.24623115577889448,10.295918367346939,11.937878299531189,-1.852661185973389,76.39324814036894
0.25125628140703515,10.295918367346939,12.331885142253194,-1.8231678058509013,80.3379217037242
0.2562814070351759,10.295918367346939,12.744457870164592,-1.7913243394104754,83.78203253719539
0.2613065326633166,10.295918367346939,13.1730677878709,-1.7570680884605885,86.72228210716521
0.2663316582914573,10.295918367346939,13.615182125776244,-1.7203215590098038,89.15705208078012
0.271356783919598,10.295918367346939,14.068267769855419,-1.6809798058643277,91.08707476454958
0.27638190954773867,10.295918367346939,14.529789650011763,-1.6388560001838894,92.51518609775462
0.2814070351758794,10.295918367346939,14.997182536485841,-1.5937022004337729,93.42765079259132
0.2864321608040201,10.295918367346939,15.46787307889756,-1.5451531572578165,93.82176512487344
0.2914572864321608,10.295918367346939,15.939248743382134,-1.4926370542633558,93.69251300728473
0.2964824120603015,10.295918367346939,16.40865153537323,-1.4353011867428378,93.02544385442269
0.3015075376884422,10.295918367346939,16.873282904166032,-1.3717343986613642,91.78739137848245
0.3065326633165829,10.295918367346939,17.330119881155134,-1.2994026406850565,89.89484366014891
0.31155778894472363,10.295918367346939,17.775439851547077,-1.2132581174254427,87.11105415678779
0.3165829145728643,10.295918367346939,18.202931452533736,-1.101020029958455,82.43611224004158
0.32160804020100503,10.295918367346939,18.592066258131144,-0.9255795939756691,69.361791587596
0.32663316582914576,10.295918367346939,18.856465169304744,-0.6171738682569935,33.732241488152
0.3316582914572864,10.295918367346939,18.96735657648901,-0.24149562094069577,13.942331743401693
0.33668341708542715,10.295918367346939,19.01991413358347,0.12588535495118197,7.817938509632028
0.3417085427135678,10.295918367346939,19.052492692873464,0.4715588843187615,5.370564196669231
0.34673366834170855,10.295918367346939,19.07656974210526,0.7913243917748156,4.285253878130955
0.35175879396984927,10.295918367346939,19.0966822748669,1.0822672946359884,3.7728502821714103
0.35678391959798994,10.295918367346939,19.115237186002375,1.3416980167627233,3.657297525472775
0.36180904522613067,10.295918367346939,19.134078925482083,1.5669432890162478,3.807846267024875
0.36683417085427134,10.295918367346939,19.155336995006635,1.7551944320625874,4.7920540998382934
0.37185929648241206,10.295918367346939,19.183830883010195,1.9027321629325116,7.2477902077458305
0.3768844221105528,10.295918367346939,19.23569638948826,1.996149215788605,13.843837035577584
0.38190954773869346,10.295918367346939,19.2970397544884,2.0135779491043775,8.303966915553563
0.3869346733668342,10.295918367346939,19.315841596787454,2.014001165873423,1.2051633954093508
0.39195979899497485,10.295918367346939,19.345722341150083,2.0133178074338147,10.599596409881054
0.3969849246231156,10.295918367346939,19.421492281650277,2.0091786541745154,19.473583970074884
0.4020100502512563,10.295918367346939,19.54061663724321,2.0015844180678504,27.85594938045508
0.40703517587939697,10.295918367346939,19.700618118578927,1.9912122307570357,35.74142905864231
0.4120603015075377,10.295918367346939,19.898989360741393,1.9782244407033827,43.12679516957393
0.41708542713567837,10.295918367346939,20.13321844759311,1.9627049902033744,50.0123054492989
0.4221105527638191,10.295918367346939,20.400791458908174,1.9447165154018116,56.39772283800452
0.4271356783919598,10.295918367346939,20.69919648240057,1.9243153693563544,62.28415669538354
0.4321608040201005,10.295918367346939,21.02591492658116,1.9015398355743562,67.66722456171672
0.4371859296482412,10.295918367346939,21.37843337672253,1.8764196339822337,72.55063050442293
0.44221105527638194,10.295918367346939,21.754228564547265,1.8489687923530498,76.93471085618303
0.4472361809045226,10.295918367346939,22.150786447284794,1.8191747997575096,80.81216793431587
0.45226130653266333,10.295918367346939,22.56558139050303,1.7870208712011169,84.19070079810386
0.457286432160804,10.295918367346939,22.996091542510783,1.7524478718486138,87.06623494608
0.4623115577889447,10.295918367346939,23.439778547075843,1.715370145213518,89.43761337430439
0.46733668341708545,10.295918367346939,23.89410205361467,1.6756780895274177,91.30084916831366
0.4723618090452261,10.295918367346939,24.35652767470798,1.633185998793201,92.65912970226269
0.47738693467336685,10.295918367346939,24.824487699980537,1.5876163385180637,93.50640454197543
0.4824120603015075,10.295918367346939,25.29541888147878,1.53857591351605,93.83555570274089
0.48743718592964824,10.295918367346939,25.766686664332262,1.485499901526543,93.6501728982127
0.49246231155778897,10.295918367346939,26.235626246747863,1.427456148140801,92.90806605651474
0.49748743718592964,10.295918367346939,26.699432677244836,1.3629272655912135,91.58899388004224
0.5025125628140703,10.295918367346939,27.15501233635139,1.289166805140752,89.5993371898005
0.507537688442211,10.295918367346939,27.59846877268655,1.200579024504541,86.66192526673817
0.5125628140703518,10.295918367346939,28.022792316080647,1.08314862578778,81.67654752794866
0.5175879396984925,10.295918367346939,28.40264467788329,0.8938860737557259,65.82335277056272
0.5226130653266332,10.295918367346939,28.643626454766466,0.5694545394529819,29.713973266101355
0.5276381909547738,10.295918367346939,28.74253949504736,0.1928843310712523,13.047417761810987
0.5326633165829145,10.295918367346939,28.791313519521168,-0.17204557237666873,7.408575561036564
0.5376884422110553,10.295918367346939,28.82237438167552,-0.5145459054045997,5.243080228861757
0.542713567839196,10.295918367346939,28.84575736314018,-0.8307570205077304,4.188981411763269
0.5477386934673367,10.295918367346939,28.865559105949714,-1.1177894862250737,3.733084656369644
0.5527638190954773,10.295918367346939,28.884047480905984,-1.372952680641274,3.6476101724449324
0.5577889447236181,10.295918367346939,28.903074467715548,-1.5935892702284584,4.010145476042708
0.5628140703517588,10.295918367346939,28.924910823121927,-1.7768258095977374,5.01503307084671
0.5678391959798995,10.295918367346939,28.955102174574655,-1.9186511212432849,7.780346371748055
0.5728643216080402,10.295918367346939,29.01155303275299,-2.0019293610661517,14.242918747647266
0.5778894472361809,10.295918367346939,29.068648388389693,-2.013794017491251,7.110369105064567
0.5829145728643216,10.295918367346939,29.08364072842484,-2.0139987749196386,2.4448833845631897
0.5879396984924623,10.295918367346939,29.11958296561076,-2.0130061723679784,11.771503663271737
0.592964824120603,10.295918367346939,29.201078420566052,-2.0083586233384967,20.581123755805095
0.5979899497487438,10.295918367346939,29.325609902348056,-2.000385643215558,28.899947034832348
0.6030150753768844,10.295918367346939,29.4906955949817,-1.9896712807255614,36.72075077810154
0.6080402010050251,10.295918367346939,29.693826557546448,-1.9763518369333593,44.04255871554348
0.6130653266331658,10.295918367346939,29.93249212823339,-1.9605126198224612,50.86374130081043
0.6180904522613065,10.295918367346939,30.20417951140747,-1.9422121045917633,57.184258850723445
0.6231155778894473,10.295918367346939,30.506372281445486,-1.921499652406286,63.00424750154165
0.628140703517588,10.295918367346939,30.83655465375169,-1.8984254869863193,68.32432381447708
0.6331658291457286,10.295918367346939,31.19221207955772,-1.8730046485355885,73.14324895703942
0.6381909547738693,10.295918367346939,31.570825100303306,-1.845248259682124,77.45969521303347
0.6432160804020101,10.295918367346939,31.969872834884278,-1.8151481536560738,81.27678756161562
0.6482412060301508,10.295918367346939,32.38683207039873,-1.782685175849303,84.58780718547283
0.6532663316582915,10.295918367346939,32.81917430166599,-1.7477927518614798,87.39821543198676
0.6582914572864321,10.295918367346939,33.264374543557366,-1.7103979770115587,89.70482557466734
0.6633165829145728,10.295918367346939,33.71988391432419,-1.670354258543502,91.5036823190537
0.6683417085427136,10.295918367346939,34.18316818529902,-1.627469390885127,92.79475819772458
0.6733668341708543,10.295918367346939,34.6516549549457,-1.5814772303940257,93.5783435213509
0.678391959798995,10.295918367346939,35.12278211736623,-1.5319629438282971,93.83651362292684
0.6834170854271356,10.295918367346939,35.59390433640465,-1.478295809668699,93.5783302036043
0.6884422110552764,10.295918367346939,36.0623436480246,-1.4195171701804952,92.7803235621732
0.6934673366834171,10.295918367346939,36.525248545516455,-1.3539962879324543,91.36945968792193
0.6984924623115578,10.295918367346939,36.97951858332929,-1.278727690968117,89.30067379256936
0.7035175879396985,10.295918367346939,37.42103884404499,-1.1875188409178539,86.21598368190156
0.7085427135678392,10.295918367346939,37.841878122615796,-1.0642812295820725,80.41099297396576
0.7135678391959799,10.295918367346939,38.21073035590056,-0.859742315006122,63.43039961957125
0.7185929648241206,10.295918367346939,38.428272460162326,-0.5212429861538693,26.559376920492443
0.7236180904522613,10.295918367346939,38.51698716328211,-0.14466941112514295,11.674444890373323
0.7286432160804021,10.295918367346939,38.56243868042845,0.21774508503753937,7.118718127582736
0.7336683417085427,10.295918367346939,38.59214360993389,0.5569983332759596,5.004283351707305
0.7386934673366834,10.295918367346939,38.61487991697914,0.8695826178027423,4.121380462361947
0.7437185929648241,10.295918367346939,38.63440755387058,1.1526539681023606,3.731040361936393
0.7487437185929648,10.295918367346939,38.65286861214937,1.403514601648346,3.730766236591629
0.7537688442211056,10.295918367346939,38.67208304646058,1.6194841216986442,3.869818035376102
0.7587939698492462,10.295918367346939,38.694565054274356,1.7976563407063195,5.16908064167268
0.7638190954773869,10.295918367346939,38.72675751159674,1.933577646182641,8.554855435319215
0.7688442211055276,10.295918367346939,38.7873466667411,2.006063083670859,14.09494283552832
0.7738693467336684,10.295918367346939,38.839397472114456,2.013911015273129,5.901948805637068
0.7788944723618091,10.295918367346939,38.85215300233017,2.013987432079783,3.679854981142322
0.7839195979899497,10.295918367346939,38.89413116295048,2.0126259123330152,12.938067648377244
0.7889447236180904,10.295918367346939,38.981327039939856,2.007487317192181,21.684311380588067
0.7939698492462312,10.295918367346939,39.11124152247149,1.9991438696664967,29.93910945277432
0.7989949748743719,10.295918367346939,39.28138786086077,1.9880860803431906,37.69540853092942
0.8040201005025126,10.295918367346939,39.4892543547024,1.9744412326933864,44.95247299435162
0.8090452261306532,10.295918367346939,39.73233222707317,1.9582763437116846,51.708580502178734
0.8140703517587939,10.295918367346939,40.00810467484266,1.9396590433950232,57.964761303968935
0.8190954773869347,10.295918367346939,40.31405757093157,1.918642158510996,63.72210651021783
0.8241206030150754,10.295918367346939,40.647679146998655,1.8952582764183175,68.97566372060504
0.8291457286432161,10.295918367346939,41.00644585973494,1.8695350157717923,73.72949886820143
0.8341708542713567,10.295918367346939,41.3878454870681,1.841478062704203,77.98357045131694
0.8391959798994975,10.295918367346939,41.78934857514803,1.8110817585262726,81.73219533311921
0.8442211055276382,10.295918367346939,42.20844055566126,1.778304648049411,84.98368438589641
0.8492462311557789,10.295918367346939,42.642590537759894,1.7430974105395427,87.72520573653928
0.8542713567839196,10.295918367346939,43.08927107871782,1.7053556000707353,89.96702976551462
0.8592964824120602,10.295918367346939,43.54592908958697,1.6649617311836211,91.70473758878524
0.864321608040201,10.295918367346939,44.01002941014992,1.6216993134235973,92.9240316412038
0.8693467336683417,10.295918367346939,44.47902396307394,1.5752706066664899,93.63874576792064
0.8743718592964824,10.295918367346939,44.95030169516474,1.5252604003915988,93.83256415842573
0.8793969849246231,10.295918367346939,45.42123265131566,1.470994577289532,93.50873813326125
0.8844221105527639,10.295918367346939,45.88913583782542,1.4114549982059261,92.62235466048901
0.8894472361809045,10.295918367346939,46.35114448334412,1.344862813484655,91.13809799678614
0.8944723618090452,10.295918367346939,46.80399776695469,1.2680125351567346,88.94888984999525
0.8994974874371859,10.295918367346939,47.24340886620178,1.1738958344762016,85.73901999059889
0.9045226130653267,10.295918367346939,47.66032069251096,1.044098012834641,79.18078286801104
0.9095477386934674,10.295918367346939,48.01604306515531,0.8226753785148083,57.94360253894044
0.914572864321608,10.295918367346939,48.21083622113345,0.47251103532532884,23.058918174959356
0.9195979899497487,10.295918367346939,48.29079280057212,0.09660867420738135,10.792666699819257
0.9246231155778895,10.295918367346939,48.33331994773813,-0.26303051870521094,6.6379809561104315
0.9296482412060302,10.295918367346939,48.36179249912173,-0.5990489192160948,4.852609360260983
0.9346733668341709,10.295918367346939,48.383953448886324,-0.9079543751454471,4.033090073396108
0.9396984924623115,10.295918367346939,48.403237089520985,-1.1870149479295453,3.6669293282022193
0.9447236180904522,10.295918367346939,48.42168005299411,-1.4335189654826195,3.6870978883674645
0.949748743718593,10.295918367346939,48.44115772049994,-1.6447749924846045,4.2194476645699766
0.9547738693467337,10.295918367346939,48.46439205076897,-1.8178004258572285,5.454639492041653
0.9597989949748744,10.295918367346939,48.49891092759436,-1.9475588211595982,8.986568963105288
0.964824120603015,10.295918367346939,48.56277412137926,-2.00890960672229,13.463547777311899
0.9698492462311558,10.295918367346939,48.60928487394782,-2.0139686718308414,4.679916221790245
0.9748743718592965,10.295918367346939,48.64874733911637,-2.013164762621278,25.313959021772085
0.9798994974874372,10.295918367346939,48.87064773944643,-1.9995972495315455,59.723689175474625
0.9849246231155779,10.295918367346939,49.215936970915884,-1.977058764083868,74.40914932507206
0.9899497487437185,10.295918367346939,49.58540132510551,-1.9524610221646717,69.34611498067835
0.9949748743718593,10.295918367346939,49.87981878369113,-1.9324698591735254,44.54165149665256
1.0,10.295918367346939,50.0,-1.9242092759443472,1.2566423815637125e-14
0.0,10.316326530612244,0.0,2.0,0.0
0.005025125628140704,10.316326530612244,0.02458751967700987,1.9995235783485057,9.694987908999318
0.010050251256281407,10.316326530612244,0.09651290800402686,1.9957427961710132,18.843002552762016
0.01507537688442211,10.316326530612244,0.21310356031638603,1.9882744866245756,27.47442366519661
0.020100502512562814,10.316326530612244,0.37176702595674377,1.9778961542842175,35.58672208453977
0.02512562814070352,10.316326530612244,0.5698801847973017,1.9648029127903313,43.17504123722137
0.03015075376884422,10.316326530612244,0.804812925415042,1.9490865465981229,50.240175796194194
0.035175879396984924,10.316326530612244,1.0739330067640311,1.9308097210162893,56.78158286201936
0.04020100502512563,10.316326530612244,1.3746086625457146,1.910034713596577,62.80049416407927
0.04522613065326633,10.316326530612244,1.7042045246589081,1.8867970150940445,68.29196493921835
0.05025125628140704,10.316326530612244,2.0600865042360854,1.8611272053016348,73.26019255729562
0.05527638190954774,10.316326530612244,2.439615844935963,1.8330326045836145,77.7050466814236
0.06030150753768844,10.316326530612244,2.8401531141800005,1.8025079049582458,81.62084696010932
0.06532663316582915,10.316326530612244,3.259055318543623,1.7695114774608283,85.01526894612344
0.07035175879396985,10.316326530612244,3.6936762398949115,1.7339850434677389,87.876384145771
0.07537688442211055,10.316326530612244,4.141364008620825,1.6958291013657103,90.2175784347292
0.08040201005025126,10.316326530612244,4.59946239971161,1.6548986175080058,92.01878553712235
0.08542713567839195,10.316326530612244,5.065298880118423,1.6109613151994906,93.29533511118629
0.09045226130653267,10.316326530612244,5.536185747647465,1.563716078243078,94.02900962822247
0.09547738693467336,10.316326530612244,6.009412035283436,1.512661951771095,94.22127090827202
0.10050251256281408,10.316326530612244,6.482215805158671,1.457061959440018,93.86777826756155
0.10552763819095477,10.316326530612244,6.9517462035281845,1.3957396822209491,92.90645123975463
0.11055276381909548,10.316326530612244,7.414963439127852,1.3266438901006357,91.32394003258607
0.11557788944723618,10.316326530612244,7.86833779413871,1.2458020720653205,88.93313619945428
0.12060301507537688,10.316326530612244,8.306759838646139,1.1442864420679988,85.18403855860733
0.12562814070351758,10.316326530612244,8.717444992965396,0.9966429446161933,77.05160668018758
0.1306532663316583,10.316326530612244,9.040201588477325,0.73329430155466,47.31810227315345
0.135678391959799,10.316326530612244,9.191412526981223,0.36218587505983474,18.10142753826114
0.1407035175879397,10.316326530612244,9.256300128596628,-0.014165434413468967,9.28955090652592
0.1457286432160804,10.316326530612244,9.293498617575738,-0.3707178447291124,6.043209666136921
0.1507537688442211,10.316326530612244,9.319663454460754,-0.7019786464280735,4.551535790196554
0.15577889447236182,10.316326530612244,9.340800670995783,-1.0046947889085487,3.919047258018465
0.16080402010050251,10.316326530612244,9.359784648015756,-1.2760156002484515,3.682975961845294
0.1658291457286432,10.316326530612244,9.378554976377469,-1.5131507017075658,3.8004013874549445
0.1708542713567839,10.316326530612244,9.399164219677607,-1.713228466680005,4.540094836131069
0.17587939698492464,10.316326530612244,9.42545780713846,-1.8727900715622379,6.488743588080677
0.18090452261306533,10.316326530612244,9.47032778707761,-1.9827163972635602,12.941447838905484
0.18592964824120603,10.316326530612244,9.536882983529743,-2.0129112513560217,10.298534659026021
0.19095477386934673,10.316326530612244,9.56476822297449,-2.013979839608809,0.6786402473412457
0.19597989949748743,10.316326530612244,9.585695328848232,-2.013619928973746,8.81449438280971
0.20100502512562815,10.316326530612244,9.652704851192818,-2.010256563713572,17.770635187269704
0.20603015075376885,10.316326530612244,9.763473659348195,-2.0032734958412077,26.233856381547337
0.21105527638190955,10.316326530612244,9.915534379317185,-1.9934543144608157,34.20327556395384
0.21608040201005024,10.316326530612244,10.1063924601785,-1.9810110279592767,41.67492576723682
0.22110552763819097,10.316326530612244,10.333545518875399,-1.9660257533539967,48.6489078838268
0.22613065326633167,10.316326530612244,10.594488674885664,-1.948575676816571,55.12327783312259
0.23115577889447236,10.316326530612244,10.886712757944922,-1.9287077745122594,61.09900705788199
0.23618090452261306,10.316326530612244,11.207714704318562,-1.9064700540804675,66.57809915356407
0.24120603015075376,10.316326530612244,11.554986524462024,-1.8818892539196317,71.55548256481975
0.24623115577889448,10.316326530612244,11.926019100531832,-1.8549873965327872,76.03528279988072
0.25125628140703515,10.316326530612244,12.318306104990777,-1.8257590367914291,80.01148070351044
0.2562814070351759,10.316326530612244,12.729324098231423,-1.7941761099304059,83.49170752745533
0.2613065326633166,10.316326530612244,13.156563633388641,-1.7602056348512596,86.46798850451879
0.2663316582914573,10.316326530612244,13.597500501213453,-1.7237760791479868,88.94148472556216
0.271356783919598,10.316326530612244,14.049609016909736,-1.6847606938810278,90.91552165456027
0.27638190954773867,10.316326530612244,14.510356855040536,-1.6429978347205112,92.37765176734744
0.2814070351758794,10.316326530612244,14.977196513555944,-1.5982496196471438,93.33604238602159
0.2864321608040201,10.316326530612244,15.447564568265982,-1.550150080110316,93.78016683740807
0.2914572864321608,10.316326530612244,15.918861098229732,-1.4981796105833665,93.70706821047767
0.2964824120603015,10.316326530612244,16.388439210120325,-1.4415211541510948,93.09321556217768
0.3015075376884422,10.316326530612244,16.85354692073087,-1.3788449493891952,91.91193738852421
0.3065326633165829,10.316326530612244,17.3111992067518,-1.3077998703844311,90.09739372148093
0.31155778894472363,10.316326530612244,17.75780549396625,-1.2237535250948557,87.47567265037797
0.3165829145728643,10.316326530612244,18.18759814972667,-1.115718531453617,83.17134952393627
0.32160804020100503,10.316326530612244,18.583326959968954,-0.9512075812438696,72.37713378395232
0.32663316582914576,10.316326530612244,18.86766901897481,-0.6586358002380253,37.351226913546725
0.3316582914572864,10.316326530612244,18.990552650462238,-0.2849346710418334,15.492800457052184
0.33668341708542715,10.316326530612244,19.046858155432258,0.08423142096651627,8.234661819285018
0.3417085427135678,10.316326530612244,19.080860544971788,0.4324152219546813,5.561580178799821
0.34673366834170855,10.316326530612244,19.105561083833432,0.7551280724611126,4.365820243906052
0.35175879396984927,10.316326530612244,19.12593841230631,1.0493820834676177,3.809347723816821
0.35678391959798994,10.316326530612244,19.14453244461706,1.3124762061178272,3.6636703980986525
0.36180904522613067,10.316326530612244,19.16316163305405,1.5417663080824124,3.7742202534970586
0.36683417085427134,10.316326530612244,19.183931884433534,1.734468810040509,4.4575986737896125
0.37185929648241206,10.316326530612244,19.21100752844479,1.8871315153683914,6.75975721968683
0.3768844221105528,10.316326530612244,19.25851702349224,1.9891222815677363,13.444821372963359
0.38190954773869346,10.316326530612244,19.322821655151806,2.0132224350111887,9.424720938519803
0.3869346733668342,10.316326530612244,19.34675453339423,2.0139793883857635,0.0008052574811057518
0.39195979899497485,10.316326530612244,19.3706915898802,2.0135247507341396,9.441314840730318
0.3969849246231156,10.316326530612244,19.440761884438878,2.0098947990650076,18.36279000947841
0.4020100502512563,10.316326530612244,19.554422052304297,2.0027029219732615,26.792543934027094
0.40703517587939697,10.316326530612244,19.709204602434554,1.9927021251954549,34.72819411742083
0.4120603015075377,10.316326530612244,19.902614616641046,1.9800809673502282,42.1657752097638
0.41708542713567837,10.316326530612244,20.132146833971905,1.9649273844333595,49.104981568575575
0.4221105527638191,10.316326530612244,20.39529783212065,1.9473088518921482,55.54641687921717
0.4271356783919598,10.316326530612244,20.689562744436248,1.9272819292103767,61.48773538591252
0.4321608040201005,10.316326530612244,21.01243444758692,1.9048855857463243,66.93151398507726
0.4371859296482412,10.316326530612244,21.36140378324677,1.880148706301731,71.87509612657017
0.44221105527638194,10.316326530612244,21.733965700542672,1.8530826035283323,76.31978106693492
0.4472361809045226,10.316326530612244,22.12760684878469,1.8236971796020778,80.26383185469871
0.45226130653266333,10.316326530612244,22.539809093195366,1.791959734813595,83.70847087538016
0.457286432160804,10.316326530612244,22.96806104718695,1.757825091596492,86.65079860533469
0.4623115577889447,10.316326530612244,23.409841987260013,1.7212142606240153,89.0907173235627
0.46733668341708545,10.316326530612244,23.86261769673542,1.6820187753723304,91.0276316974568
0.4723618090452261,10.316326530612244,24.323864157938228,1.6400620499612775,92.46286758082235
0.47738693467336685,10.316326530612244,24.791020900271782,1.595097143874487,93.38421544108564
0.4824120603015075,10.316326530612244,25.261529418882787,1.5467681510387281,93.79260248574732
0.48743718592964824,10.316326530612244,25.732779838067305,1.4945120381713963,93.67856221184432
0.49246231155778897,10.316326530612244,26.202125117295513,1.4375001208497504,93.0303777731075
0.49748743718592964,10.316326530612244,26.666828416799806,1.3743446413846774,91.8144380766558
0.5025125628140703,10.316326530612244,27.123844965297632,1.3026031862884193,89.94801069696187
0.507537688442211,10.316326530612244,27.569564945692708,1.217391771891944,87.25118483474364
0.5125628140703518,10.316326530612244,27.997861149149486,1.1069773548072894,82.76981012434561
0.5175879396984925,10.316326530612244,28.389667353732037,0.9362438725684635,70.12843264196279
0.5226130653266332,10.316326530612244,28.662201515732757,0.6343115540246322,35.88813912233622
0.5276381909547738,10.316326530612244,28.7777226116267,0.25946365330440446,14.386590939617225
0.5326633165829145,10.316326530612244,28.83169486673835,-0.10851360916500463,8.040473567348089
0.5376884422110553,10.316326530612244,28.864810245080232,-0.4550754820575236,5.534782614234682
0.542713567839196,10.316326530612244,28.889098055086162,-0.7759432022467742,4.357641378568643
0.5477386934673367,10.316326530612244,28.90929550260093,-1.0681632515887134,3.792454797319056
0.5527638190954773,10.316326530612244,28.92784531797985,-1.329050781462937,3.6224493923341057
0.5577889447236181,10.316326530612244,28.946562725325727,-1.5559428256274888,3.933865240223854
0.5628140703517588,10.316326530612244,28.967580161926925,-1.7460635180352295,4.5888910404982
0.5678391959798995,10.316326530612244,28.9953491387424,-1.895801052675812,6.896574475720633
0.5728643216080402,10.316326530612244,29.045121495122785,-1.993134313639918,13.906308700444155
0.5778894472361809,10.316326530612244,29.107894704502566,-2.0134201606353694,8.80841090056378
0.5829145728643216,10.316326530612244,29.128835780409553,-2.01397906815909,0.6550892763355446
0.5879396984924623,10.316326530612244,29.15598138050764,-2.013410734736468,10.062391878841952
0.592964824120603,10.316326530612244,29.229082083187752,-2.0095129512410805,18.948975917684226
0.5979899497487438,10.316326530612244,29.345604547364996,-2.002116349733612,27.345396716824556
0.6030150753768844,10.316326530612244,29.50308012421846,-1.9919343986084592,35.24718427795488
0.6080402010050251,10.316326530612244,29.699011512906996,-1.979138219685934,42.650565629872936
0.6130653266331658,10.316326530612244,29.93089506231669,-1.963819348508983,49.55647991678853
0.6180904522613065,10.316326530612244,30.19622653565054,-1.946038184629058,55.96347233385228
0.6231155778894473,10.316326530612244,30.492503195980817,-1.9258446500723543,61.871066633123604
0.628140703517588,10.316326530612244,30.8172187269313,-1.9032919990834358,67.28067489341277
0.6331658291457286,10.316326530612244,31.1678599406487,-1.878398611565258,72.19108305956262
0.6381909547738693,10.316326530612244,31.54192413988701,-1.8511782435096478,76.60094871151944
0.6432160804020101,10.316326530612244,31.93689450893045,-1.8216280751825913,80.51341119318799
0.6482412060301508,10.316326530612244,32.350258621397856,-1.7897311634290187,83.92141578408705
0.6532663316582915,10.316326530612244,32.779503334264774,-1.7554351568556918,86.83026555955087
0.6582914572864321,10.316326530612244,33.222108001726475,-1.7186562723924241,89.24170162714599
0.6633165829145728,10.316326530612244,33.675538606703924,-1.6792775717773463,91.14166521145366
0.6683417085427136,10.316326530612244,34.13726331880542,-1.6371348399509422,92.53761668966028
0.6733668341708543,10.316326530612244,34.60474478890489,-1.5919555494956572,93.42769839801106
0.678391959798995,10.316326530612244,35.07538658775464,-1.5433673468839892,93.80040340246067
0.6834170854271356,10.316326530612244,35.54662475280665,-1.4908189490488126,93.66054720968204
0.6884422110552764,10.316326530612244,36.01575414132144,-1.4334411114004442,92.97911326131695
0.6934673366834171,10.316326530612244,36.48003840339892,-1.3697952283788115,91.72055732150704
0.6984924623115578,10.316326530612244,36.93642892241242,-1.2973478226578712,89.82948762556296
0.7035175879396985,10.316326530612244,37.381156765753836,-1.2109270448922407,87.05391577914166
0.7085427135678392,10.316326530612244,37.80789098466023,-1.0980221427608978,82.39137516374876
0.7135678391959799,10.316326530612244,38.195355204962155,-0.9206140127749731,69.36345285609588
0.7185929648241206,10.316326530612244,38.45585302356303,-0.6097486835857567,33.992267620213305
0.7236180904522613,10.316326530612244,38.56460196976019,-0.23411609094607294,14.286374009478088
0.7286432160804021,10.316326530612244,38.6164428133308,0.13265052507639538,7.73574841554148
0.7336683417085427,10.316326530612244,38.648716507370494,0.47759449503550017,5.335240676924759
0.7386934673366834,10.316326530612244,38.672624980548115,0.7966190846585087,4.289213276245452
0.7437185929648241,10.316326530612244,38.69264285845133,1.086811154441333,3.7684082310541642
0.7487437185929648,10.316326530612244,38.71114432965538,1.345491643878238,3.5895954013495692
0.7537688442211056,10.316326530612244,38.72994915748305,1.5700068238855405,3.960571909578624
0.7587939698492462,10.316326530612244,38.751212016993875,1.7575399384314274,4.529183341885352
0.7638190954773869,10.316326530612244,38.77977872459202,1.904373454753726,7.213471388044306
0.7688442211055276,10.316326530612244,38.831983985416365,1.9967580368816646,14.102010646775609
0.7738693467336684,10.316326530612244,38.89292020924903,2.0135825458988745,8.194837183821171
0.7788944723618091,10.316326530612244,38.911328382582674,2.013979296182228,1.301328672588892
0.7839195979899497,10.316326530612244,38.94163603119278,2.013274071266037,10.67354867213727
0.7889447236180904,10.316326530612244,39.017724909747784,2.009108249818696,19.527097413949093
0.7939698492462312,10.316326530612244,39.13707237655043,2.0015115020715375,27.89119982310832
0.7989949748743719,10.316326530612244,39.29720738029461,1.991151047195883,35.759539763513814
0.8040201005025126,10.316326530612244,39.495632548983906,1.9781869179615748,43.13009381397087
0.8090452261306532,10.316326530612244,39.72984407422687,1.962697891423022,50.0023232751132
0.8140703517587939,10.316326530612244,39.997336343757375,1.9447496067251828,56.375833294525705
0.8190954773869347,10.316326530612244,40.295604483580824,1.9243992322097785,62.252294902776704
0.8241206030150754,10.316326530612244,40.62214269239761,1.9016826400938447,67.62783268889069
0.8291457286432161,10.316326530612244,40.97444303012622,1.8766342888561947,72.50556799180076
0.8341708542713567,10.316326530612244,41.34999268425005,1.8492593104349653,76.88060977777174
0.8391959798994975,10.316326530612244,41.74628029974113,1.819556832013279,80.75942639919533
0.8442211055276382,10.316326530612244,42.16079684034358,1.787495921806495,84.13768480949051
0.8492462311557789,10.316326530612244,42.59101900448763,1.7530353497819275,87.01223564776224
0.8542713567839196,10.316326530612244,43.03443501724001,1.7160851052850532,89.381818357948
0.8592964824120602,10.316326530612244,43.48850660912499,1.6765288185807854,91.25060228575641
0.864321608040201,10.316326530612244,43.950698662245735,1.6341810991637642,92.6179233080689
0.8693467336683417,10.316326530612244,44.41845824328356,1.5887855070336263,93.47042977012399
0.8743718592964824,10.316326530612244,44.88923074148142,1.5399619758123126,93.80720920590072
0.8793969849246231,10.316326530612244,45.3603939358679,1.4871170329282468,93.62549372287562
0.8844221105527639,10.316326530612244,45.82928804200294,1.4293687723180009,92.90391641201079
0.8894472361809045,10.316326530612244,46.293120705819874,1.3652315612266588,91.61150522944753
0.8944723618090452,10.316326530612244,46.748844191741,1.292053764319418,89.6743787072807
0.8994974874371859,10.316326530612244,47.19263057151655,1.2043884488839547,86.79801714625899
0.9045226130653267,10.316326530612244,47.617739332143884,1.0888347791624808,81.89456750022204
0.9095477386934674,10.316326530612244,48.00050365145975,0.904381843357939,66.62910606304347
0.914572864321608,10.316326530612244,48.24875299067553,0.5850595598008148,30.88664694706023
0.9195979899497487,10.316326530612244,48.35123639343015,0.208969556373352,13.04183782882429
0.9246231155778895,10.316326530612244,48.401094440674726,-0.15654268110517533,7.603141932455826
0.9296482412060302,10.316326530612244,48.43258218598339,-0.49984975593670666,5.269957910291923
0.9346733668341709,10.316326530612244,48.4561175297979,-0.817021122125219,4.233728402876806
0.9396984924623115,10.316326530612244,48.47597457361975,-1.105163320863263,3.760538518744689
0.9447236180904522,10.316326530612244,48.49444553631271,-1.36163590265181,3.6775968272699404
0.949748743718593,10.316326530612244,48.51329049223995,-1.5837432374609852,3.975002731374639
0.9547738693467337,10.316326530612244,48.53488047378161,-1.7686632471359816,4.574836759534401
0.9597989949748744,10.316326530612244,48.56429292804551,-1.912515442706482,7.4578460506641955
0.964824120603015,10.316326530612244,48.61879138172621,-1.9997964285918048,14.396302189557822
0.9698492462311558,10.316326530612244,48.67755456262364,-2.013696095599599,7.568643015892938
0.9748743718592965,10.316326530612244,48.69863480073646,-2.013948777823939,11.246486533056295
0.9798994974874372,10.316326530612244,48.87016863156064,-2.0046561674826266,53.31760128693559
0.9849246231155779,10.316326530612244,49.197424210740856,-1.9834476691769753,73.23592045091682
0.9899497487437185,10.316326530612244,49.56906607728364,-1.95888457767716,70.98377244313741
0.9949748743718593,10.316326530612244,49.87370868723362,-1.9383540722291737,46.571686632835586
1.0,10.316326530612244,50.0,-1.9297335402506959,0.0
0.0,10.33673469387755,0.0,2.0,0.0
0.005025125628140704,10.33673469387755,0.024541380875986618,1.999525374493225,9.676950000463535
0.010050251256281407,10.33673469387755,0.09633492147354941,1.995758832090195,18.80890049240617
0.01507537688442211,10.33673469387755,0.21271760648964758,1.9883186376320625,27.426046515988386
0.020100502512562814,10.33673469387755,0.37110594631649096,1.9779792474143543,35.52588652396182
0.02512562814070352,10.33673469387755,0.5688857681392852,1.9649348501911952,43.10358974573191
0.03015075376884422,10.33673469387755,0.8034364319156889,1.9492769515485482,50.15993191305944
0.035175879396984924,10.33673469387755,1.0721350859007965,1.9310682621045596,56.69443057198997
0.04020100502512563,10.33673469387755,1.3723587865711981,1.9103716468603986,62.70817076209568
0.04522613065326633,10.33673469387755,1.7014821853673046,1.8872200703871136,68.19653650341823
0.05025125628140704,10.33673469387755,2.056879300106598,1.8616469077673579,73.16340198277761
0.05527638190954774,10.33673469387755,2.4359208638626635,1.8336605326247428,77.60905946687107
0.06030150753768844,10.33673469387755,2.835977320511081,1.8032515395613742,81.52652591742068
0.06532663316582915,10.33673469387755,3.2544170992162758,1.7703864523026205,84.92425892234385
0.07035175879396985,10.33673469387755,3.6885997293559916,1.73499995257088,87.79233737178997
0.07537688442211055,10.33673469387755,4.135885912820373,1.697003746564172,90.14061637331338
0.08040201005025126,10.33673469387755,4.593625201090264,1.6562466014531363,91.95258171876446
0.08542713567839195,10.33673469387755,5.059159604140986,1.6125067363278476,93.24145811956292
0.09045226130653267,10.33673469387755,5.529811208499811,1.565486889657304,93.98968403550784
0.09547738693467336,10.33673469387755,6.0028755425830544,1.5146968964160648,94.20126863248173
0.10050251256281408,10.33673469387755,6.475608990489222,1.459414647393087,93.85500947344796
0.10552763819095477,10.33673469387755,6.94517790009481,1.398509253472709,92.92726641631572
0.11055276381909548,10.33673469387755,7.4085607230979775,1.3299641587474798,91.39696832337863
0.11557788944723618,10.33673469387755,7.8622806237054785,1.249990700942535,89.07087472189885
0.12060301507537688,10.33673469387755,8.301386428458407,1.1500692557820107,85.36701496255195
0.12562814070351758,10.33673469387755,8.713945339278338,1.006207175016966,77.18266165854611
0.1306532663316583,10.33673469387755,9.044112293202302,0.7507837919619923,48.41137488962047
0.135678391959799,10.33673469387755,9.202592026413933,0.38224064254669254,19.05808575304474
0.1407035175879397,10.33673469387755,9.269809333090382,0.005444816021176737,9.482095501482414
0.1457286432160804,10.33673469387755,9.307806257367078,-0.35205144418515916,6.059576785023052
0.1507537688442211,10.33673469387755,9.334297467785953,-0.6844863202847741,4.63319730544868
0.15577889447236182,10.33673469387755,9.355567429327637,-0.9885776815377068,3.9308528462996417
0.16080402010050251,10.33673469387755,9.374555157560364,-1.2614693585480496,3.687923049814623
0.1658291457286432,10.33673469387755,9.393215461386827,-1.5003915407900423,3.8212030187868566
0.1708542713567839,10.33673469387755,9.413609419148052,-1.7024848002252508,4.3165095809086775
0.17587939698492464,10.33673469387755,9.439279507675847,-1.8643815134254225,6.25711356132425
0.18090452261306533,10.33673469387755,9.482086428583765,-1.9779318445316905,12.219293018483574
0.18592964824120603,10.33673469387755,9.549041240939925,-2.012553436848396,10.835385670824143
0.19095477386934673,10.33673469387755,9.579813627163524,-2.013957932595638,1.2815242428974363
0.19597989949748743,10.33673469387755,9.598388435719933,-2.013682657532946,8.235585126102574
0.20100502512562815,10.33673469387755,9.662526353498565,-2.0105806054875175,17.206710505890896
0.20603015075376885,10.33673469387755,9.770498739521496,-2.003815747760029,25.6854122878858
0.21105527638190955,10.33673469387755,9.91984725691663,-1.9941968036404387,33.672677649275464
0.21608040201005024,10.33673469387755,10.10808749072164,-1.9819559104882398,41.16382810648708
0.22110552763819097,10.33673469387755,10.332725920143139,-1.967181019152762,48.15853594067113
0.22613065326633167,10.33673469387755,10.591265355450957,-1.9499402648811903,54.65676260781183
0.23115577889447236,10.33673469387755,10.881208954590205,-1.9302962654268958,60.658533613618516
0.23618090452261306,10.33673469387755,11.200059851274798,-1.908281764750424,66.16290858335651
0.24120603015075376,10.33673469387755,11.545319286387963,-1.8839388562085315,71.17033781392652
0.24623115577889448,10.33673469387755,11.9144867923638,-1.857280067781403,75.67733375015978
0.25125628140703515,10.33673469387755,12.30506007172952,-1.828300620762491,79.6904783271972
0.2562814070351759,10.33673469387755,12.714534516500322,-1.7969863956208856,83.20120731371131
0.2613065326633166,10.33673469387755,13.140402557345446,-1.7632979230979522,86.21453682735672
0.2663316582914573,10.33673469387755,13.580152696689208,-1.7271675688474004,88.72881260631357
0.271356783919598,10.33673469387755,14.031276690413153,-1.6884744075292302,90.74139619022061
0.27638190954773867,10.33673469387755,14.491244375387215,-1.6470702432415805,92.24577719494246
0.2814070351758794,10.33673469387755,14.957514852272798,-1.6027129617121885,93.25160294719961
0.2864321608040201,10.33673469387755,15.427541756434918,-1.5550691578385205,93.73541025481272
0.2914572864321608,10.33673469387755,15.898736051696204,-1.5036327761360613,93.70814324875758
0.2964824120603015,10.33673469387755,16.368475816482952,-1.447629913395015,93.15624317577219
0.3015075376884422,10.33673469387755,16.834020727859297,-1.385795053315206,92.04914783486467
0.3065326633165829,10.33673469387755,17.29244079740059,-1.315956502007341,90.30870419881701
0.31155778894472363,10.33673469387755,17.740262695420068,-1.2338726429492592,87.77363828882643
0.3165829145728643,10.33673469387755,18.172157257774643,-1.1296793791627033,83.70320393110237
0.32160804020100503,10.33673469387755,18.573579065267822,-0.9749735526944276,73.86989138030378
0.32663316582914576,10.33673469387755,18.876640242235325,-0.6988596625140671,42.75957689914481
0.3316582914572864,10.33673469387755,19.01307434055409,-0.32825861124950123,17.26633816456914
0.33668341708542715,10.33673469387755,19.073562296556602,0.04250796116639278,8.779354469476425
0.3417085427135678,10.33673469387755,19.10911969020561,0.3931189112083964,5.744192517126303
0.34673366834170855,10.33673469387755,19.13450148675722,0.7186925686235733,4.440154881417642
0.35175879396984927,10.33673469387755,19.15517995585362,1.0161737234996187,3.847317835830103
0.35678391959798994,10.33673469387755,19.173842186808685,1.2828502236157602,3.653695116819102
0.36180904522613067,10.33673469387755,19.19233470049721,1.5160927033671132,3.843478418398141
0.36683417085427134,10.33673469387755,19.212610370845805,1.7131689675052622,4.462781460692492
0.37185929648241206,10.33673469387755,19.238441012064392,1.8707865823485659,5.944317704854376
0.3768844221105528,10.33673469387755,19.28185449966772,1.9805218103559477,12.280927319973923
0.38190954773869346,10.33673469387755,19.347831480109043,2.0126660743082216,10.51532176653048
0.3869346733668342,10.33673469387755,19.37755571011462,2.0139572790256133,1.1978369368925699
0.39195979899497485,10.33673469387755,19.396301346081817,2.0136765408906543,8.282836990431235
0.3969849246231156,10.33673469387755,19.46067125637079,2.0105548746149986,17.251161848529915
0.4020100502512563,10.33673469387755,19.568862087738054,2.003774024980754,25.727681693097775
0.40703517587939697,10.33673469387755,19.718416537506435,1.9941421231751224,33.712450006004815
0.4120603015075377,10.33673469387755,19.90685001732504,1.9818881288507304,41.20085397108301
0.41708542713567837,10.33673469387755,20.131667154975734,1.9670994760280418,48.19298415335417
0.4221105527638191,10.33673469387755,20.390373009780955,1.9498484539294056,54.68843171754061
0.4271356783919598,10.33673469387755,20.680472066247887,1.930186255427686,60.68751306771924
0.4321608040201005,10.33673469387755,20.999470487225793,1.9081672884119205,66.18872475936388
0.4371859296482412,10.33673469387755,21.344859921265936,1.883810438185898,71.19407222911961
0.44221105527638194,10.33673469387755,21.71414517962,1.8571385393682651,75.70020322620076
0.4472361809045226,10.33673469387755,22.104827052357187,1.8281484160319716,79.70679193933631
0.45226130653266333,10.33673469387755,22.514399353096454,1.796819406047253,83.21835025438165
0.457286432160804,10.33673469387755,22.940350190999435,1.7631181613673683,86.2281965592384
0.4623115577889447,10.33673469387755,23.38016844816028,1.7269763905361333,88.73769728040698
0.46733668341708545,10.33673469387755,23.83134548879797,1.6882682342150448,90.74965129549898
0.4723618090452261,10.33673469387755,24.29135561097157,1.6468491755447656,92.25075014942823
0.47738693467336685,10.33673469387755,24.75765231357396,1.6024771766853088,93.2526999902541
0.4824120603015075,10.33673469387755,25.227698457822584,1.5548132855398666,93.73659525515903
0.48743718592964824,10.33673469387755,25.69889119333655,1.5033560092557647,93.70628841338576
0.49246231155778897,10.33673469387755,26.168603786901713,1.44732829011443,93.14879839345326
0.49748743718592964,10.33673469387755,26.6341089022586,1.385458920898234,92.04208726404671
0.5025125628140703,10.33673469387755,27.09248120936571,1.3155722596906236,90.29154733511315
0.507537688442211,10.33673469387755,27.540232436167095,1.2334077811322546,87.74004704767378
0.5125628140703518,10.33673469387755,27.972032518003424,1.1290517354176355,83.69551569123927
0.5175879396984925,10.33673469387755,28.373158890159367,0.9738930876620232,73.8984935109725
0.5226130653266332,10.33673469387755,28.67536567334178,0.6970739896910665,41.625171985257055
0.5276381909547738,10.33673469387755,28.811211640394166,0.3263526219266444,16.41029127186886
0.5326633165829145,10.33673469387755,28.8715010668484,-0.04434033284494354,8.747867120624859
0.5376884422110553,10.33673469387755,28.906979124142662,-0.3948340847515066,5.730721718676876
0.542713567839196,10.33673469387755,28.932328910567794,-0.7202653643413206,4.443624343546109
0.5477386934673367,10.33673469387755,28.952993454569665,-1.0175953222719247,3.844149132540213
0.5527638190954773,10.33673469387755,28.97165238654207,-1.2841284350478988,3.6396863896878773
0.5577889447236181,10.33673469387755,28.99015262194709,-1.517195402578744,3.8226183867068224
0.5628140703517588,10.33673469387755,29.01044723857494,-1.714076765053739,4.519316158679508
0.5678391959798995,10.33673469387755,29.03630657844204,-1.871479756818778,6.130322129730728
0.5728643216080402,10.33673469387755,29.079886486314944,-1.9809000884856802,12.506434287506044
0.5778894472361809,10.33673469387755,29.145832172502963,-2.012693901706892,10.471545550602626
0.5829145728643216,10.33673469387755,29.175323917464024,-2.013957760702529,1.1497395592631368
0.5879396984924623,10.33673469387755,29.19424852262873,-2.013670744419701,8.328960977945814
0.592964824120603,10.33673469387755,29.258843804043124,-2.010528545995914,17.294747808142528
0.5979899497487438,10.33673469387755,29.36724750665769,-2.0037317422225045,25.768756133309726
0.6030150753768844,10.33673469387755,29.517002168438385,-1.994085615258523,33.750979467894076
0.6080402010050251,10.33673469387755,29.705623548627678,-1.981818434413639,41.237039684703575
0.6130653266331658,10.33673469387755,29.930615129915846,-1.9670182068087925,48.22665239707909
0.6180904522613065,10.33673469387755,30.189484398331047,-1.9497531144432643,54.719909012131886
0.6231155778894473,10.33673469387755,30.47973422333797,-1.930085381319906,60.71609625679309
0.628140703517588,10.33673469387755,30.798866596844572,-1.9080480882741178,66.21623301306164
0.6331658291457286,10.33673469387755,31.144380994852458,-1.8836820433196069,71.21753985383052
0.6381909547738693,10.33673469387755,31.513780169217398,-1.8569968870455074,75.71976030328818
0.6432160804020101,10.33673469387755,31.904559050686643,-1.8279971468886616,79.72753612662599
0.6482412060301508,10.33673469387755,32.31421396214598,-1.7966576563780554,83.23470861042259
0.6532663316582915,10.33673469387755,32.74024403988876,-1.7629449051137176,86.24335178698576
0.6582914572864321,10.33673469387755,33.18012823980281,-1.7267885660221927,88.74918458164096
0.6633165829145728,10.33673469387755,33.63135286262893,-1.6880700413599092,90.75611036758372
0.6683417085427136,10.33673469387755,34.09140521037785,-1.6466329764776726,92.25611377471589
0.6733668341708543,10.33673469387755,34.55773128900678,-1.602246750831779,93.25502289724817
0.678391959798995,10.33673469387755,35.02777561786956,-1.5545626410994196,93.7370219859012
0.6834170854271356,10.33673469387755,35.49897402929914,-1.5030832698405043,93.70459280224166
0.6884422110552764,10.33673469387755,35.96869986523909,-1.4470289280700173,93.14174903258163
0.6934673366834171,10.33673469387755,36.434178398220006,-1.385134517835502,92.03063975930323
0.6984924623115578,10.33673469387755,36.89250922522576,-1.3151986812631344,90.30214315136438
0.7035175879396985,10.33673469387755,37.34017837544545,-1.23294684607699,87.71514046097187
0.7085427135678392,10.33673469387755,37.77187105800073,-1.1284361682190558,83.73012664319721
0.7135678391959799,10.33673469387755,38.17276920204409,-0.9728851372798165,73.65912262898021
0.7185929648241206,10.33673469387755,38.47421133689517,-0.6953371475500251,41.2316429081783
0.7236180904522613,10.33673469387755,38.60938193635111,-0.3244256984642729,16.607194948318632
0.7286432160804021,10.33673469387755,38.669441586242854,0.04615836684412621,8.672250476018355
0.7336683417085427,10.33673469387755,38.70484905604009,0.39653523503227184,5.721937777561787
0.7386934673366834,10.33673469387755,38.73016431032257,0.7218379309032775,4.432340040156478
0.7437185929648241,10.33673469387755,38.75081207370959,1.0190257711651722,3.843511601411814
0.7487437185929648,10.33673469387755,38.76946402057447,1.2853777643047728,3.652440451343411
0.7537688442211056,10.33673469387755,38.787962668964234,1.518255113724826,3.8475339785121294
0.7587939698492462,10.33673469387755,38.808270916273585,1.7149604971341068,4.474040304494201
0.7638190954773869,10.33673469387755,38.834185167229776,1.8721520708331083,6.062853604788784
0.7688442211055276,10.33673469387755,38.87791395564059,1.9812683711813457,12.558353280063775
0.7738693467336684,10.33673469387755,38.94382172564958,2.0127198205471504,10.426513505046179
0.7788944723618091,10.33673469387755,38.973075886454566,2.0139572236543466,1.1010490887829083
0.7839195979899497,10.33673469387755,38.9921832451784,2.0136640252902254,8.375699406558917
0.7889447236180904,10.33673469387755,39.05700748320403,2.0105016994062908,17.338981634276227
0.7939698492462312,10.33673469387755,39.16562778840662,2.00368895398326,25.81068703827701
0.7989949748743719,10.33673469387755,39.31558717814271,1.994029141155255,33.790504444553775
0.8040201005025126,10.33673469387755,39.50440017709766,1.9817489156312675,41.274113483648804
0.8090452261306532,10.33673469387755,39.72957302780562,1.9669359249556073,48.26127559259137
0.8140703517587939,10.33673469387755,39.98860892032715,1.9496582749418914,54.75202992152788
0.8190954773869347,10.33673469387755,40.279013358889245,1.929978232727051,60.74594009575951
0.8241206030150754,10.33673469387755,40.5982849758875,1.9079285530701875,66.24330366040446
0.8291457286432161,10.33673469387755,40.943930812630846,1.8835505070126999,71.24255334434385
0.8341708542713567,10.33673469387755,41.31344668777494,1.8568542620970543,75.74210191375181
0.8391959798994975,10.33673469387755,41.704330188650815,1.8278415272265554,79.74767527232898
0.8442211055276382,10.33673469387755,42.11408375055489,1.7964894468894839,83.25164188665295
0.8492462311557789,10.33673469387755,42.54018972935667,1.762764128721937,86.25762939402503
0.8542713567839196,10.33673469387755,42.98014742154146,1.7265947123356935,88.76196510548174
0.8592964824120602,10.33673469387755,43.43142426535779,1.6878623259929157,90.76644089901818
0.864321608040201,10.33673469387755,43.89151485745491,1.6464116164274543,92.26358859553791
0.8693467336683417,10.33673469387755,44.3578652465312,1.6020089158852688,93.26024229799346
0.8743718592964824,10.33673469387755,44.82793708893848,1.5543058980486668,93.73880754473953
0.8793969849246231,10.33673469387755,45.29913292022818,1.5028051753973533,93.70363452123745
0.8844221105527639,10.33673469387755,45.76883303177411,1.4467254838160502,93.13863648588955
0.8894472361809045,10.33673469387755,46.23430422020786,1.3847925554799598,92.02511980373026
0.8944723618090452,10.33673469387755,46.69258376896638,1.314807044466681,90.29309851619857
0.8994974874371859,10.33673469387755,47.14020891788035,1.232468459710362,87.69953430058364
0.9045226130653267,10.33673469387755,47.57177426433535,1.1277994151022968,83.70999135713646
0.9095477386934674,10.33673469387755,47.97241991990793,0.9718221955213812,73.57852541891243
0.914572864321608,10.33673469387755,48.272996044788464,0.6935386877609514,40.94895290703556
0.9195979899497487,10.33673469387755,48.407522184873386,0.32248477755545935,16.485819644556376
0.9246231155778895,10.33673469387755,48.46738011722244,-0.048040386213566426,8.645514152938777
0.9296482412060302,10.33673469387755,48.50270989999116,-0.39830722678270475,5.712686507284003
0.9346733668341709,10.33673469387755,48.52799292752735,-0.7234772558107252,4.43519979294355
0.9396984924623115,10.33673469387755,48.548626063851756,-1.0205099228996193,3.8405280780468387
0.9447236180904522,10.33673469387755,48.567276020709464,-1.286732161993681,3.639462390959521
0.949748743718593,10.33673469387755,48.58578413546628,-1.519439836950683,3.8289316084646283
0.9547738693467337,10.33673469387755,48.606110736991596,-1.7159228573681546,4.52839705236939
0.9597989949748744,10.33673469387755,48.632065275808586,-1.872898350910039,6.229208721560753
0.964824120603015,10.33673469387755,48.67595687356475,-1.981650018290629,12.580231552046863
0.9698492462311558,10.33673469387755,48.741778207149395,-2.012743461691286,10.377056650242762
0.9748743718592965,10.33673469387755,48.77078872911028,-2.013957326410971,1.0508769136762983
0.9798994974874372,10.33673469387755,48.878685964687996,-2.0090476100277215,44.70679467357137
0.9849246231155779,10.33673469387755,49.180262010446526,-1.9896894860145657,71.14309906460528
0.9899497487437185,10.33673469387755,49.551682816369464,-1.965319407735205,72.50325844886338
0.9949748743718593,10.33673469387755,49.86692447023131,-1.9442286793734815,48.78614393978527
1.0,10.33673469387755,50.0,-1.9352102760327827,2.2302511102817312e-14
0.0,10.357142857142858,0.0,2.0,0.0
0.005025125628140704,10.357142857142858,0.02449481888666273,1.9995271812867197,9.658749972908414
0.010050251256281407,10.357142857142858,0.09615535449814834,1.9957749142180483,18.774486815224986
0.01507537688442211,10.357142857142858,0.21232816147360725,1.9883628561710138,27.37722400952587
0.020100502512562814,10.357142857142858,0.37043877957954413,1.9780624225479269,35.464484982047715
0.02512562814070352,10.357142857142858,0.5678823414512552,1.9650668806830287,43.03146688476133
0.03015075376884422,10.357142857142858,0.80204765809743,1.9494674440630435,50.07892871121417
0.035175879396984924,10.357142857142858,1.070320788218586,1.9313269056292766,56.606435420312465
0.04020100502512563,10.357142857142858,1.3700883020912893,1.9107084418182223,62.614791975789544
0.04522613065326633,10.357142857142858,1.6987340735709173,1.8876432480340173,68.10015070412204
0.05025125628140704,10.357142857142858,2.0536420887586275,1.8621666677590603,73.0656246502032
0.05527638190954774,10.357142857142858,2.432192400004553,1.8342883502556242,77.51202819053975
0.06030150753768844,10.357142857142858,2.831764890335533,1.8039946009508157,81.4312906834021
0.06532663316582915,10.357142857142858,3.249735374823334,1.7712597944127753,84.83252524478549
0.07035175879396985,10.357142857142858,3.6834754863033106,1.7360151509802613,87.70750181147305
0.07537688442211055,10.357142857142858,4.130354153554909,1.6981756576198177,90.06342461604139
0.08040201005025126,10.357142857142858,4.587733120279677,1.6575928669177131,91.88634078426293
0.08542713567839195,10.357142857142858,5.052957945458439,1.6140472313864231,93.18453062974613
0.09045226130653267,10.357142857142858,5.523367653061422,1.5672528935309025,93.95096762475063
0.09547738693467336,10.357142857142858,5.996270350942808,1.5167238537091254,94.18018104827605
0.10050251256281408,10.357142857142858,6.46892723889261,1.4617618564591488,93.84637533872288
0.10552763819095477,10.357142857142858,6.938522152055646,1.40126065728517,92.9527612864163
0.11055276381909548,10.357142857142858,7.402057783331567,1.333256227374833,91.42939472244457
0.11557788944723618,10.357142857142858,7.856111946574899,1.2541149775998788,89.13878713724837
0.12060301507537688,10.357142857142858,8.295880119325156,1.1557089744533953,85.63353301276962
0.12562814070351758,10.357142857142858,8.710187886931582,1.015439784885165,78.24275873204118
0.1306532663316583,10.357142857142858,9.047330689866008,0.7678609655472806,50.337926441477094
0.135678391959799,10.357142857142858,9.213626359741772,0.40233894701675516,19.750806006772645
0.1407035175879397,10.357142857142858,9.283251887830025,0.025131014632348736,9.727144977939767
0.1457286432160804,10.357142857142858,9.322083067885623,-0.3333078547529923,6.324651733256902
0.1507537688442211,10.357142857142858,9.348930953981103,-0.6669241742592729,4.633392038904693
0.15577889447236182,10.357142857142858,9.370336308438306,-0.9723914505602386,3.941798554977649
0.16080402010050251,10.357142857142858,9.389348645043642,-1.2468609543514368,3.640579596402569
0.1658291457286432,10.357142857142858,9.407928056912779,-1.487567470331172,3.683968208853411
0.1708542713567839,10.357142857142858,9.428082753858556,-1.691677368033765,4.430938481463991
0.17587939698492464,10.357142857142858,9.453204409134903,-1.855903868982149,5.952037388846857
0.18090452261306533,10.357142857142858,9.494136738988518,-1.9728844879889993,11.528284873444079
0.18592964824120603,10.357142857142858,9.5612006463212,-2.0121352179018723,11.353554585444629
0.19095477386934673,10.357142857142858,9.594872795786271,-2.013935900690139,1.8881584468290746
0.19597989949748743,10.357142857142858,9.611437247948215,-2.013727661357445,7.648568439097648
0.20100502512562815,10.357142857142858,9.672667159667736,-2.0108804325411898,16.635326317269254
0.20603015075376885,10.357142857142858,9.777808513430543,-2.0043374967531284,25.130136730748347
0.21105527638190955,10.357142857142858,9.924411446821294,-1.994920689147373,33.135502723730866
0.21608040201005024,10.357142857142858,10.110001013378206,-1.9828842772110618,40.64655256451417
0.22110552763819097,10.357142857142858,10.332091979582753,-1.968318205853114,47.662910555660496
0.22613065326633167,10.357142857142858,10.588198442797516,-1.951291523188935,54.18447333064948
0.23115577889447236,10.357142857142858,10.875831015551881,-1.9318666354125922,60.211713903094534
0.23618090452261306,10.357142857142858,11.19250463960087,-1.9100783753766064,65.74230036674939
0.24120603015075376,10.357142857142858,11.535723599202539,-1.88596837745743,70.77803442468364
0.24623115577889448,10.357142857142858,11.90300189596524,-1.8595546055295031,75.31691154464849
0.25125628140703515,10.357142857142858,12.291846522442043,-1.8308250462904452,79.36021467136979
0.2562814070351759,10.357142857142858,12.699758651428064,-1.7997786818943626,82.90534650181948
0.2613065326633166,10.357142857142858,13.124239390839508,-1.7663695455956148,85.95398856913907
0.2663316582914573,10.357142857142858,13.56279114244828,-1.7305305568122062,88.50600282814551
0.271356783919598,10.357142857142858,14.012902168624583,-1.6921604785652495,90.5555097829154
0.27638190954773867,10.357142857142858,14.472065815635624,-1.6511037755362565,92.10656025600406
0.2814070351758794,10.357142857142858,14.937746663185136,-1.6071378725403989,93.1494275756722
0.2864321608040201,10.357142857142858,15.407409254355873,-1.5599395021324052,93.69400850108097
0.2914572864321608,10.357142857142858,15.878478433086158,-1.5090218099376935,93.71443249156286
0.2964824120603015,10.357142857142858,16.348343603485848,-1.4536574395635358,93.20093139149829
0.3015075376884422,10.357142857142858,16.81430070828821,-1.3926598670444765,92.15158694438036
0.3065326633165829,10.357142857142858,17.27345334325391,-1.323977213812714,90.50312497374502
0.31155778894472363,10.357142857142858,17.722433903453933,-1.2437270457972736,88.06755331721901
0.3165829145728643,10.357142857142858,18.15630689956442,-1.1430631534343985,84.24641342326399
0.32160804020100503,10.357142857142858,18.56260529472886,-0.9970581147257493,76.26696976410838
0.32663316582914576,10.357142857142858,18.883052796205547,-0.7378915827115105,46.51236173105295
0.3316582914572864,10.357142857142858,19.034726057302294,-0.37173698132899735,18.045724230002126
0.33668341708542715,10.357142857142858,19.09998191938205,0.0004595847555974127,9.250380009388817
0.3417085427135678,10.357142857142858,19.137271750761418,0.3534616365320761,5.954443591324976
0.34673366834170855,10.357142857142858,19.163401558476618,0.6818547676718404,4.572638907136538
0.35175879396984927,10.357142857142858,19.18441128354635,0.9825243723725801,3.880724182799614
0.35678391959798994,10.357142857142858,19.203152891737236,1.2527634562996979,3.5991429023657133
0.36180904522613067,10.357142857142858,19.221512856985257,1.4899292333259468,3.6419877223738175
0.36683417085427134,10.357142857142858,19.241417540724065,1.6913202358866402,4.394043667694851
0.37185929648241206,10.357142857142858,19.26614324955964,1.8538106105523242,5.9719227751458455
0.3768844221105528,10.357142857142858,19.305932925478277,1.9705199158033049,10.86921307773237
0.38190954773869346,10.357142857142858,19.372245890243573,2.011819086608999,11.562908210798351
0.3869346733668342,10.357142857142858,19.407692250692925,2.013933501103602,2.385740506067734
0.39195979899497485,10.357142857142858,19.422713311659273,2.0137759888505755,7.117395795843321
0.3969849246231156,10.357142857142858,19.48134913256882,2.0111509315116707,16.13350637925146
0.4020100502512563,10.357142857142858,19.584038035515224,2.0047928763077083,24.656069678383318
0.40703517587939697,10.357142857142858,19.72832946336762,1.9955306236168542,32.689812254466396
0.4120603015075377,10.357142857142858,19.91174956006836,1.983642828783829,40.22936120061023
0.41708542713567837,10.357142857142858,20.13181565160982,1.9692197467448171,47.27446084777835
0.4221105527638191,10.357142857142858,20.386037231712358,1.9523343504891713,53.82414595776589
0.4271356783919598,10.357142857142858,20.671928077265918,1.9330407385494128,59.87840415236328
0.4321608040201005,10.357142857142858,20.987005129143853,1.911392518489416,65.43806005536257
0.4371859296482412,10.357142857142858,21.328772262066305,1.8874147375181711,70.50174607760201
0.44221105527638194,10.357142857142858,21.69474032505928,1.8611249829799554,75.06946632928663
0.4472361809045226,10.357142857142858,22.082415678590014,1.832537383713879,79.14166502899674
0.45226130653266333,10.357142857142858,22.489305645491317,1.8016217687882996,82.71859491124269
0.457286432160804,10.357142857142858,22.912904069389572,1.7683499442710566,85.79639310694884
0.4623115577889447,10.357142857142858,23.35071093774303,1.7326573965752805,88.37326117438072
0.46733668341708545,10.357142857142858,23.80022328202487,1.694432733879465,90.45603514004033
0.4723618090452261,10.357142857142858,24.258947296373442,1.6535354404444953,92.0340429959368
0.47738693467336685,10.357142857142858,24.724328408207633,1.6097383197705273,93.1081361171625
0.4824120603015075,10.357142857142858,25.193832535001427,1.5627408338513205,93.67437048714588
0.48743718592964824,10.357142857142858,25.664892252209274,1.5120508519278961,93.73260706963133
0.49246231155778897,10.357142857142858,26.13489841911732,1.4569611827152926,93.2462104008369
0.49748743718592964,10.357142857142858,26.601155462102252,1.3963337235966673,92.22981577495283
0.5025125628140703,10.357142857142858,27.060791503492883,1.3281659267452242,90.61053713256359
0.507537688442211,10.357142857142858,27.51045107502275,1.2487445812461662,88.25426652821625
0.5125628140703518,10.357142857142858,27.94538521457349,1.1496752123590948,84.61180383531139
0.5175879396984925,10.357142857142858,28.353994931601477,1.0075510448050082,76.82200313280568
0.5226130653266332,10.357142857142858,28.682615518494227,0.7567634136932321,49.423347404731594
0.5276381909547738,10.357142857142858,28.842706026184796,0.39335544973294334,19.159974625083656
0.5326633165829145,10.357142857142858,28.910632734049567,0.020405541606884472,9.540408614259116
0.5376884422110553,10.357142857142858,28.948898079547465,-0.3338866532409787,6.101052647880563
0.542713567839196,10.357142857142858,28.975451167192464,-0.6637894946686247,4.627511385431302
0.5477386934673367,10.357142857142858,28.996662928018416,-0.9661487616922909,3.907788273389114
0.5527638190954773,10.357142857142858,29.01547903341118,-1.238213029832854,3.6247826609828584
0.5577889447236181,10.357142857142858,29.033812441560162,-1.477369958528705,3.692241387177409
0.5628140703517588,10.357142857142858,29.05358343416834,-1.6809074081079043,4.2893335421235985
0.5678391959798995,10.357142857142858,29.077868963775877,-1.8457243641818248,5.831916082149951
0.5728643216080402,10.357142857142858,29.116222545779046,-1.9655434222572519,10.62370493461807
0.5778894472361809,10.357142857142858,29.182340606762786,-2.0113241193367704,12.044873170754348
0.5829145728643216,10.357142857142858,29.220446506124492,-2.013932152194784,2.9365162872646677
0.5879396984924623,10.357142857142858,29.234250490433414,-2.0138155071911763,6.579945179859293
0.592964824120603,10.357142857142858,29.290261913977808,-2.011404409184724,15.625775807887067
0.5979899497487438,10.357142857142858,29.39046990678127,-2.0052358864750146,24.176428836109743
0.6030150753768844,10.357142857142858,29.532422946083226,-1.9961294236979865,32.238578794250444
0.6080402010050251,10.357142857142858,29.71364843261542,-1.9843903627199513,39.806560716919996
0.6130653266331658,10.357142857142858,29.93166309829978,-1.9701107557566213,46.87995202015952
0.6180904522613065,10.357142857142858,30.183979236828467,-1.9533660176582583,53.45839464245814
0.6231155778894473,10.357142857142858,30.468110558267334,-1.9342104299463942,59.541802843678376
0.628140703517588,10.357142857142858,30.781565342706845,-1.9126978721461119,65.13096344599683
0.6331658291457286,10.357142857142858,31.121857030893985,-1.8888500124675895,70.22336669842187
0.6381909547738693,10.357142857142858,31.48649424016741,-1.8626973709899766,74.82051223451157
0.6432160804020101,10.357142857142858,31.872979777063296,-1.8342433359340544,78.9195050256391
0.6482412060301508,10.357142857142858,32.27882383730331,-1.803458564438605,82.52289082316264
0.6532663316582915,10.357142857142858,32.70152847680271,-1.7703279351368235,85.62782496046907
0.6582914572864321,10.357142857142858,33.13858560867705,-1.7347698937579628,88.23762849612518
0.6633165829145728,10.357142857142858,33.58750002476384,-1.6967014406702263,90.34371856758102
0.6683417085427136,10.357142857142858,34.04574552922538,-1.6559583639552,91.95185011465938
0.6733668341708543,10.357142857142858,34.51081032545251,-1.6123468075606544,93.05552356689216
0.678391959798995,10.357142857142858,34.98014609048441,-1.5655340804679208,93.64979633188003
0.6834170854271356,10.357142857142858,35.451186432212694,-1.5150786237790248,93.73141092533685
0.6884422110552764,10.357142857142858,35.92133768796449,-1.4602702330118011,93.29999543840448
0.6934673366834171,10.357142857142858,36.38786993749033,-1.3999958224861175,92.29340928034378
0.6984924623115578,10.357142857142858,36.847940093274225,-1.3323577463284806,90.72246765934118
0.7035175879396985,10.357142857142858,37.298269399391046,-1.253731182177851,88.42087498088276
0.7085427135678392,10.357142857142858,37.73422891743081,-1.1561869329313055,84.91920883926679
0.7135678391959799,10.357142857142858,38.14507190724768,-1.0178066110526174,77.50431839197607
0.7185929648241206,10.357142857142858,38.48157082034858,-0.7754149238366211,50.9217873276375
0.7236180904522613,10.357142857142858,38.65034668220073,-0.41507755715161243,20.218949029348824
0.7286432160804021,10.357142857142858,38.72120314693617,-0.0414094862555583,9.926248764887388
0.7336683417085427,10.357142857142858,38.760486290344055,0.31416784711632184,6.208731761032876
0.7386934673366834,10.357142857142858,38.78750864625125,0.645580232701814,4.673072698054282
0.7437185929648241,10.357142857142858,38.80892158636825,0.9495832647937505,3.9358079236670225
0.7487437185929648,10.357142857142858,38.827824434075936,1.2234659787804794,3.6595262386478407
0.7537688442211056,10.357142857142858,38.846154212065535,1.4645823932893498,3.724673205073945
0.7587939698492462,10.357142857142858,38.86572042017883,1.6702348269513276,4.171394392322209
0.7638190954773869,10.357142857142858,38.88965229648048,1.8373903589832556,5.614916128842127
0.7688442211055276,10.357142857142858,38.92664722394187,1.9602479018866787,10.321461017653867
0.7738693467336684,10.357142857142858,38.99221901928273,2.0107019484048743,12.502217631096459
0.7788944723618091,10.357142857142858,39.03292958383185,2.013927413676653,3.4811227543312446
0.7839195979899497,10.357142857142858,39.04583927123413,2.0138485756191633,6.045000687939472
0.7889447236180904,10.357142857142858,39.09923846731265,2.0116504003656237,15.120828991367885
0.7939698492462312,10.357142857142858,39.19697836090276,2.005673785048852,23.69949810192688
0.7989949748743719,10.357142857142858,39.336605033422465,1.9967231575062714,31.789859032570078
0.8040201005025126,10.357142857142858,39.515646699270626,1.9851320553195937,39.38630141914732
0.8090452261306532,10.357142857142858,39.73162035351663,1.970996012885764,46.48812307282132
0.8140703517587939,10.357142857142858,39.98203777318794,1.9543907324426228,53.09502094600644
0.8190954773869347,10.357142857142858,40.26441087750116,1.9353716041070421,59.20688791691077
0.8241206030150754,10.357142857142858,40.57625357567303,1.9139938537437013,64.82408933719555
0.8291457286432161,10.357142857142858,40.91507502743974,1.890280343363729,69.94617427322872
0.8341708542713567,10.357142857142858,41.2783876718949,1.8642611148544548,74.57046457135962
0.8391959798994975,10.357142857142858,41.66368758389713,1.8359330183092266,78.69755670904794
0.8442211055276382,10.357142857142858,42.068493433616545,1.805289528655345,82.3319801676219
0.8492462311557789,10.357142857142858,42.49029978976257,1.7722859985524881,85.46581496679775
0.8542713567839196,10.357142857142858,42.926615835079666,1.7368777405178761,88.10276851723445
0.8592964824120602,10.357142857142858,43.37491571083832,1.698946054882451,90.23838036603402
0.864321608040201,10.357142857142858,43.83269653747651,1.6583674495560843,91.87775155510093
0.8693467336683417,10.357142857142858,44.29743912024321,1.6149234346089347,93.00460098977491
0.8743718592964824,10.357142857142858,44.76660531738656,1.5683033244080948,93.63282732277781
0.8793969849246231,10.357142857142858,45.23762077595647,1.518071044404495,93.74192454915696
0.8844221105527639,10.357142857142858,45.70787850741063,1.4635453746479288,93.33260120126187
0.8894472361809045,10.357142857142858,46.17468788114711,1.4036209750221262,92.36655083688024
0.8944723618090452,10.357142857142858,46.63524053629739,1.3364776366227011,90.8270795066292
0.8994974874371859,10.357142857142858,47.08621938463089,1.2586306193258887,88.57326484410581
0.9045226130653267,10.357142857142858,47.52317732122108,1.162535716070145,85.10204829378607
0.9095477386934674,10.357142857142858,47.936087686164214,1.0276835829446385,77.96061533186767
0.914572864321608,10.357142857142858,48.27983159837832,0.793427200187924,55.102656679504555
0.9195979899497487,10.357142857142858,48.45778216069516,0.43670119523049794,20.92729133263605
0.9246231155778895,10.357142857142858,48.53169595444468,0.0624447340847443,10.132540700813088
0.9296482412060302,10.357142857142858,48.572057393359614,-0.29440374659876123,6.331270672965054
0.9346733668341709,10.357142857142858,48.599541566432364,-0.6272864964206287,4.730906195590547
0.9396984924623115,10.357142857142858,48.62117264641053,-0.932915240064674,3.960528198123965
0.9447236180904522,10.357142857142858,48.640164032701016,-1.2086174582153304,3.6568462689444607
0.949748743718593,10.357142857142858,48.65847657067566,-1.4516551997641696,3.67400694879988
0.9547738693467337,10.357142857142858,48.677908546279205,-1.6594150346380112,4.177354030194474
0.9597989949748744,10.357142857142858,48.70143979985759,-1.8288713467882933,5.568923419972165
0.964824120603015,10.357142857142858,48.73714498260252,-1.954619648873384,9.551451309111851
0.9698492462311558,10.357142857142858,48.80186514227631,-2.009932667157033,12.878032174863469
0.9748743718592965,10.357142857142858,48.845140089636764,-2.013918669221531,4.0193034792263225
0.9798994974874372,10.357142857142858,48.900068652040424,-2.0123177700004153,33.17808001821646
0.9849246231155779,10.357142857142858,49.16568192982215,-1.9957124859257755,67.78051852858393
0.9899497487437185,10.357142857142858,49.53337317515724,-1.9717617951597632,73.79146012912594
0.9949748743718593,10.357142857142858,49.859389666573506,-1.9501094448032652,51.195382234882466
1.0,10.357142857142858,50.0,-1.9406450280198089,2.088162421198821e-14
0.0,10.377551020408163,0.0,2.0,0.0
0.005025125628140704,10.377551020408163,0.02444879450089253,1.9995289652117612,9.640754678850161
0.010050251256281407,10.377551020408163,0.09597785283598974,1.9957908198294088,18.740458016013903
0.01507537688442211,10.377551020408163,0.21194307758656927,1.9884066337352875,27.32894228012072
0.020100502512562814,10.377551020408163,0.36977902221932757,1.9781447988658176,35.403757041871046
0.02512562814070352,10.377551020408163,0.5668901046764575,1.9651976664624855,42.96012684627691
0.03015075376884422,10.377551020408163,0.800673925226894,1.9496561903639837,49.998796181482426
0.035175879396984924,10.377551020408163,1.0685260015934024,1.9315831995875121,56.519367981173154
0.04020100502512563,10.377551020408163,1.3678423445618435,1.9110420056470574,62.52240804045149
0.04522613065326633,10.377551020408163,1.696015644818381,1.8880625979972467,68.00474147574931
0.05025125628140704,10.377551020408163,2.0504382397960503,1.8626818568735408,72.96881655676751
0.05527638190954774,10.377551020408163,2.4285016799074657,1.8349104686530735,77.41509318703294
0.06030150753768844,10.377551020408163,2.827593813169556,1.8047311490192808,81.33700301838286
0.06532663316582915,10.377551020408163,3.2450989393320033,1.7721248377744718,84.7417928339877
0.07035175879396985,10.377551020408163,3.6783999247121653,1.7370199985189259,87.62324977398934
0.07537688442211055,10.377551020408163,4.124875585202053,1.6993372037040357,89.98643034318039
0.08040201005025126,10.377551020408163,4.58189333240683,1.6589263236877474,91.81969075906046
0.08542713567839195,10.377551020408163,5.046813807353418,1.61557478133528,93.12974601739435
0.09045226130653267,10.377551020408163,5.51698431671825,1.5690013670718372,93.91129796551971
0.09547738693467336,10.377551020408163,5.989719653179657,1.5187295654119481,94.15786144158996
0.10050251256281408,10.377551020408163,6.462301095065099,1.4640850622514971,93.8391089216818
0.10552763819095477,10.377551020408163,6.931923620625322,1.403973397074768,92.98111424880534
0.11055276381909548,10.377551020408163,7.395617258165643,1.3365137382476282,91.46203809013379
0.11557788944723618,10.377551020408163,7.84999518940515,1.2581924825583763,89.20474640705417
0.12060301507537688,10.377551020408163,8.290396285120773,1.161249853546084,85.72012810095619
0.12562814070351758,10.377551020408163,8.706350975000014,1.0244115997192713,78.44075143254608
0.1306532663316583,10.377551020408163,9.050137938381766,0.7845918765278029,54.49765914657132
0.135678391959799,10.377551020408163,9.224374791334006,0.4223630776022079,20.589559794217774
0.1407035175879397,10.377551020408163,9.296632735519871,0.04481700871069498,10.136647742085454
0.1457286432160804,10.377551020408163,9.33634244725844,-0.3145429231970879,6.284643044154305
0.1507537688442211,10.377551020408163,9.363557247235612,-0.6493148174653475,4.67954496349529
0.15577889447236182,10.377551020408163,9.385105040267218,-0.9561395827803593,3.9562621155870312
0.16080402010050251,10.377551020408163,9.404143546656835,-1.23216459229043,3.6509792008790534
0.1658291457286432,10.377551020408163,9.422647556524405,-1.4746334552792069,3.643587233182063
0.1708542713567839,10.377551020408163,9.442576277412522,-1.680736005082969,4.387898030142458
0.17587939698492464,10.377551020408163,9.467153158806136,-1.8472443923342132,5.915061322351803
0.18090452261306533,10.377551020408163,9.506329129770124,-1.9674937768670617,11.118623736566875
0.18592964824120603,10.377551020408163,9.573115129997651,-2.0116082987989974,11.875702687006022
0.19095477386934673,10.377551020408163,9.609631254235516,-2.013912920173096,2.4858483703739367
0.19597989949748743,10.377551020408163,9.624570052361594,-2.0137635437361987,7.066308114583473
0.20100502512562815,10.377551020408163,9.682913633518705,-2.011168794703242,16.06860137587977
0.20603015075376885,10.377551020408163,9.785242397768616,-2.004849310558157,24.578339742830366
0.21105527638190955,10.377551020408163,9.929115632138915,-1.9956322191667695,32.60134560544224
0.21608040201005024,10.377551020408163,10.112068306592212,-1.9837982958890437,40.131717235352426
0.22110552763819097,10.377551020408163,10.331625919229685,-1.9694378219301742,47.169175582256464
0.22613065326633167,10.377551020408163,10.58530879770082,-1.9526246838038435,53.71348654462497
0.23115577889447236,10.377551020408163,10.870636361041957,-1.933413797055117,59.76489328548348
0.23618090452261306,10.377551020408163,11.18513375612765,-1.9118576370550655,65.3221396331949
0.24120603015075376,10.377551020408163,11.526317919885983,-1.8879784546380771,70.3868364746422
0.24623115577889448,10.377551020408163,11.891700882921477,-1.8618018717278852,74.95587467626359
0.25125628140703515,10.377551020408163,12.27880365546942,-1.8333264417389517,79.02934850571935
0.2562814070351759,10.377551020408163,12.685141500467003,-1.802540928296468,82.61241860818473
0.2613065326633166,10.377551020408163,13.108222132673557,-1.769406640081305,85.69366904987386
0.2663316582914573,10.377551020408163,13.545553848569446,-1.7338696509282268,88.2837408626961
0.271356783919598,10.377551020408163,13.994640528410072,-1.6958107645160727,90.37106009584288
0.27638190954773867,10.377551020408163,14.452975932011942,-1.6551024543991097,91.96688130327067
0.2814070351758794,10.377551020408163,14.918044225634649,-1.6115200748433265,93.04967144016271
0.2864321608040201,10.377551020408163,15.387318888034027,-1.5647527520740694,93.63621492886023
0.2914572864321608,10.377551020408163,15.858240340824214,-1.5143466201821139,93.70489332313927
0.2964824120603015,10.377551020408163,16.328211667495516,-1.4596063233611147,93.25016278563906
0.3015075376884422,10.377551020408163,16.79454184322842,-1.399393244796656,92.25518168535307
0.3065326633165829,10.377551020408163,17.25438704583603,-1.3318356986228668,90.64903224470015
0.31155778894472363,10.377551020408163,17.704469648906276,-1.2533075061576857,88.32193711294669
0.3165829145728643,10.377551020408163,18.140164182194482,-1.1558690104887965,84.7681133424097
0.32160804020100503,10.377551020408163,18.550716547535906,-1.0176407702832504,77.544512960465
0.32663316582914576,10.377551020408163,18.886816666157813,-0.7752795667142744,50.578990149064445
0.3316582914572864,10.377551020408163,19.05540958104881,-0.4151874248417608,20.686964471919346
0.33668341708542715,10.377551020408163,19.126107353020437,-0.04179871604825037,9.996679592889038
0.3417085427135678,10.377551020408163,19.165307862991398,0.3135378901218066,6.2020114821118515
0.34673366834170855,10.377551020408163,19.192277549521965,0.6447358807016709,4.658572274132259
0.35175879396984927,10.377551020408163,19.21364479422161,0.9485692729244771,3.9260287367613245
0.35678391959798994,10.377551020408163,19.23250146652554,1.2223244184137256,3.648449810500201
0.36180904522613067,10.377551020408163,19.250777961757638,1.4633677367504045,3.7093894266993184
0.36683417085427134,10.377551020408163,19.270274656826142,1.6690339815752349,4.161170219534594
0.37185929648241206,10.377551020408163,19.29408992452213,1.8362888646585498,5.606714055732209
0.3768844221105528,10.377551020408163,19.330776872195276,1.9593961732738125,10.252477857907145
0.38190954773869346,10.377551020408163,19.39614189502634,2.010572622104868,12.549146980981911
0.3869346733668342,10.377551020408163,19.43722613251806,2.013905309901168,3.5668264825827936
0.39195979899497485,10.377551020408163,19.4499897490119,2.0138332792112115,5.9428582191065535
0.3969849246231156,10.377551020408163,19.50284987622776,2.0116790645818594,15.008211637630756
0.4020100502512563,10.377551020408163,19.599996629507384,2.00575770973603,23.576683178980076
0.40703517587939697,10.377551020408163,19.73898624458828,1.99686680703206,31.659383164532017
0.4120603015075377,10.377551020408163,19.91735652804273,1.9853439534649915,39.24983698811324
0.41708542713567837,10.377551020408163,20.132632628162007,1.971284415960395,46.34723229401098
0.4221105527638191,10.377551020408163,20.382333737085858,1.9547641250167858,52.95157911935111
0.4271356783919598,10.377551020408163,20.663986090150615,1.9358385071636781,59.062219475676756
0.4321608040201005,10.377551020408163,20.97510805045429,1.914556199362845,64.68070641560091
0.4371859296482412,10.377551020408163,21.3132135377849,1.890954002606234,69.80310697374051
0.44221105527638194,10.377551020408163,21.675821660186735,1.8650513877451587,74.4325781658914
0.4472361809045226,10.377551020408163,22.06045098696245,1.8368579851170155,78.56853499907699
0.45226130653266333,10.377551020408163,22.464616637346392,1.8063482691713013,82.20600087769547
0.457286432160804,10.377551020408163,22.885823023883997,1.773505195034188,85.3502225348861
0.4623115577889447,10.377551020408163,23.32158488990683,1.738250956716757,87.997258854474
0.46733668341708545,10.377551020408163,23.76940249180772,1.7005094100460134,90.14912223313654
0.4723618090452261,10.377551020408163,24.226766906497172,1.6601248895587108,91.79807000429125
0.47738693467336685,10.377551020408163,24.69117287961451,1.6168933031010124,92.95005949597333
0.4824120603015075,10.377551020408163,25.160092029940724,1.5705366856406842,93.59568445964759
0.48743718592964824,10.377551020408163,25.63095643710062,1.5205913712232157,93.73221585464088
0.49246231155778897,10.377551020408163,26.101170422304794,1.4664148425703778,93.33232475445934
0.49748743718592964,10.377551020408163,26.568091023235183,1.4069358609794185,92.40612981323953
0.5025125628140703,10.377551020408163,27.02887906509356,1.3404028709673057,90.8820316252222
0.507537688442211,10.377551020408163,27.480326170791702,1.2634665540215646,88.69569688620204
0.5125628140703518,10.377551020408163,27.91810558202858,1.1689807226332642,85.29569071042376
0.5175879396984925,10.377551020408163,28.332863620355766,1.0378446624007007,78.64818453521002
0.5226130653266332,10.377551020408163,28.683676486880934,0.8123312710040763,55.56803663743943
0.5276381909547738,10.377551020408163,28.87167090128443,0.46027608205735343,22.391759675424467
0.5326633165829145,10.377551020408163,28.94901427176643,0.08568962313900495,10.634070578563943
0.5376884422110553,10.377551020408163,28.99053045107505,-0.27223697037813965,6.500087132356348
0.542713567839196,10.377551020408163,29.018485481891698,-0.606496219205144,4.792269292604752
0.5477386934673367,10.377551020408163,29.040319794737545,-0.9137337180073346,3.98020978271753
0.5527638190954773,10.377551020408163,29.059363563009104,-1.191211182337368,3.6417524089023066
0.5577889447236181,10.377551020408163,29.077610819725116,-1.4362957462968762,3.5902968065041887
0.5628140703517588,10.377551020408163,29.096846068740774,-1.6463272047963289,4.152290209425855
0.5678391959798995,10.377551020408163,29.119861269582877,-1.8183511586291987,5.285961478393735
0.5728643216080402,10.377551020408163,29.154029833449364,-1.9473924402351936,9.157983355344044
0.5778894472361809,10.377551020408163,29.217244439987486,-2.0087383214157915,13.322458667268926
0.5829145728643216,10.377551020408163,29.263603973307678,-2.013878052631275,4.686761537176228
0.5879396984924623,10.377551020408163,29.27561591084204,-2.0138805034056686,4.8309722231236965
0.592964824120603,10.377551020408163,29.323041204052736,-2.0121518871681645,13.95751392016136
0.5979899497487438,10.377551020408163,29.41505124967033,-2.0066436147038487,22.582896825100367
0.6030150753768844,10.377551020408163,29.54919087064434,-1.9980776436995098,30.72322313909312
0.6080402010050251,10.377551020408163,29.72300294481657,-1.9868584993185783,38.37220163120637
0.6130653266331658,10.377551020408163,29.934011839141167,-1.9730993994113482,45.52783797320831
0.6180904522613065,10.377551020408163,30.17974135282757,-1.9568666882063486,52.19053423923349
0.6231155778894473,10.377551020408163,30.457710206144068,-1.9382268146166672,58.36009106010945
0.628140703517588,10.377551020408163,30.76544487404325,-1.9172301785183223,64.03540474752506
0.6331658291457286,10.377551020408163,31.100461006961417,-1.893901066328369,69.21855993427499
0.6381909547738693,10.377551020408163,31.4602730014161,-1.868272520936209,73.90632796660552
0.6432160804020101,10.377551020408163,31.842400901951606,-1.840353828741877,78.09969788894124
0.6482412060301508,10.377551020408163,32.244362566547764,-1.810121652685668,81.79633356489839
0.6532663316582915,10.377551020408163,32.66366221783995,-1.777560937805834,85.00106580918165
0.6582914572864321,10.377551020408163,33.09781294759195,-1.742600453316197,87.70590353759928
0.6633165829145728,10.377551020408163,33.54431729244922,-1.7051557486958355,89.91912914954435
0.6683417085427136,10.377551020408163,34.00066946946448,-1.6651020850473082,91.62959894863295
0.6733668341708543,10.377551020408163,34.46436846548921,-1.622228117066569,92.83427586168881
0.678391959798995,10.377551020408163,34.932865084864986,-1.576256820756483,93.54012260035394
0.6834170854271356,10.377551020408163,35.40363426467691,-1.5267796151315265,93.73279606648217
0.6884422110552764,10.377551020408163,35.87405815658536,-1.4731479278446116,93.41144528795925
0.6934673366834171,10.377551020408163,36.34150270975031,-1.414391260994624,92.55658977042675
0.6984924623115578,10.377551020408163,36.803148233621386,-1.3488338345174982,91.09187363904843
0.7035175879396985,10.377551020408163,37.25588837003961,-1.273409590488047,88.99644698096662
0.7085427135678392,10.377551020408163,37.695589405998135,-1.1816849684659254,85.77176812273656
0.7135678391959799,10.377551020408163,38.11408433448139,-1.056807903679976,80.01491566614389
0.7185929648241206,10.377551020408163,38.47778017053951,-0.8473510626045473,59.96999642507075
0.7236180904522613,10.377551020408163,38.68638761707129,-0.5052869995255288,24.695468096660555
0.7286432160804021,10.377551020408163,38.77143221545548,-0.12989741314892594,11.320672913963023
0.7336683417085427,10.377551020408163,38.81555435186565,0.2305736845306337,6.856011638427661
0.7386934673366834,10.377551020408163,38.844596503039654,0.5678716158092469,4.909712838657222
0.7437185929648241,10.377551020408163,38.866950282559245,0.8785089579055214,4.067182285670193
0.7487437185929648,10.377551020408163,38.88621006180661,1.1597041840280664,3.6871178920195766
0.7537688442211056,10.377551020408163,38.90446423474773,1.4088160989454406,3.693826089359479
0.7587939698492462,10.377551020408163,38.92350833796228,1.6231989323628744,3.8729211475769265
0.7638190954773869,10.377551020408163,38.94582550157352,1.7999931667089197,5.152919318846318
0.7688442211055276,10.377551020408163,38.97788662898481,1.9347611928067472,8.439381441300695
0.7738693467336684,10.377551020408163,39.03821708827633,2.006196049907284,13.976869233595965
0.7788944723618091,10.377551020408163,39.08970159720647,2.0138285423194087,5.814949038566427
0.7839195979899497,10.377551020408163,39.10231162047474,2.013902323919341,3.6959159669113193
0.7889447236180904,10.377551020408163,39.14419344523026,2.012549303066012,12.885817690399396
0.7939698492462312,10.377551020408163,39.230966336168315,2.0074709843956566,21.569957042654327
0.7989949748743719,10.377551020408163,39.36016540552168,1.9992379520234282,29.769860659319292
0.8040201005025126,10.377551020408163,39.52933716070947,1.9883306931730194,37.47832459047811
0.8090452261306532,10.377551020408163,39.73600793300538,1.9748730641885808,44.69367901465901
0.8140703517587939,10.377551020408163,39.977697109042325,1.9589336652627871,51.416084800913666
0.8190954773869347,10.377551020408163,40.25192680432995,1.9405794439147626,57.645328476946034
0.8241206030150754,10.377551020408163,40.55621823582633,1.9198639799912216,63.38074777844309
0.8291457286432161,10.377551020408163,40.888092706344295,1.896813242885065,68.62378868249436
0.8341708542713567,10.377551020408163,41.24506502510494,1.8714615348281034,73.37128203642517
0.8391959798994975,10.377551020408163,41.6246498802316,1.8438145521854574,77.62247627194012
0.8442211055276382,10.377551020408163,42.024368625077,1.8138580501092934,81.38210827319553
0.8492462311557789,10.377551020408163,42.44172871160378,1.7815754304979357,84.64291238127701
0.8542713567839196,10.377551020408163,42.87423737344735,1.746906490082464,87.4096760107543
0.8592964824120602,10.377551020408163,43.31939638977595,1.709774022093171,89.67906135887368
0.864321608040201,10.377551020408163,43.77471073028176,1.6700370160291025,91.44993467201407
0.8693467336683417,10.377551020408163,44.237657427818206,1.6275079717931291,92.71941171358311
0.8743718592964824,10.377551020408163,44.70572859322681,1.5819282466898847,93.48625994315121
0.8793969849246231,10.377551020408163,45.17636569621344,1.5328985853311323,93.73838399627122
0.8844221105527639,10.377551020408163,45.646984511851144,1.4798049641922635,93.47651607211034
0.8894472361809045,10.377551020408163,46.11494744923287,1.421721622383356,92.68140184024074
0.8944723618090452,10.377551020408163,46.577483200494584,1.3570969433386395,91.3253085336444
0.8994974874371859,10.377551020408163,47.03147913080762,1.2830950799505598,89.25168207085883
0.9045226130653267,10.377551020408163,47.473034883288605,1.19386464730723,86.237044367713
0.9095477386934674,10.377551020408163,47.89484171883505,1.0746153267873666,81.06234407030746
0.914572864321608,10.377551020408163,48.269313896647326,0.8797750859038217,63.7317365375007
0.9195979899497487,10.377551020408163,48.49947520122323,0.5499180668881473,27.720393252592682
0.9246231155778895,10.377551020408163,48.59336045098117,0.17424204611989555,12.474608600714559
0.9296482412060302,10.377551020408163,48.64036929797774,-0.18859856668086944,7.171461863160593
0.9346733668341709,10.377551020408163,48.670627082172466,-0.5288880305875743,5.063532134394907
0.9396984924623115,10.377551020408163,48.693543543176105,-0.8428430143237416,4.158586723981632
0.9447236180904522,10.377551020408163,48.71304823239179,-1.1277005164099394,3.7098189769892205
0.949748743718593,10.377551020408163,48.73133433794457,-1.380774939858361,3.6471145318236706
0.9547738693467337,10.377551020408163,48.750131482478494,-1.5994439139367833,3.9440016881964755
0.9597989949748744,10.377551020408163,48.7718862679821,-1.78087610318377,4.6968460543144905
0.964824120603015,10.377551020408163,48.802042018304654,-1.9210296365227006,7.815729982066335
0.9698492462311558,10.377551020408163,48.8586075509876,-2.0024725518310853,14.207276740742367
0.9748743718592965,10.377551020408163,48.91474658750328,-2.0137232939640426,6.919346785265942
0.9798994974874372,10.377551020408163,48.93975868852639,-2.0137845793470333,17.707166716944933
0.9849246231155779,10.377551020408163,49.15545831367911,-2.0014011935642673,62.65487839353652
0.9899497487437185,10.377551020408163,49.514352074686215,-1.9781886808991356,74.69587866337346
0.9949748743718593,10.377551020408163,49.85101621935009,-1.9559913913952076,53.80830875360771
1.0,10.377551020408163,50.0,-1.9460318061443658,0.0
0.0,10.39795918367347,0.0,2.0,0.0
0.005025125628140704,10.39795918367347,0.024401831436388167,1.9995307776649467,9.622387543639572
0.010050251256281407,10.39795918367347,0.09579662580089514,1.9958069023778364,18.70571833261985
0.01507537688442211,10.39795918367347,0.21154995043360275,1.9884507737408486,27.279648165598157
0.020100502512562814,10.39795918367347,0.36910544707049886,1.9782277625810374,35.34174790474301
0.02512562814070352,10.39795918367347,0.565876737874476,1.9653293466709572,42.887272600059895
0.03015075376884422,10.39795918367347,0.79927108026369,1.9498461532967188,49.91695207341054
0.035175879396984924,10.39795918367347,1.0666933387030786,1.9318410514983426,56.43041973729523
0.04020100502512563,10.39795918367347,1.3655484393685986,1.911377391249005,62.4280449157283
0.04522613065326633,10.39795918367347,1.6932386410138203,1.8884843596523508,67.90721938314094
0.05025125628140704,10.39795918367347,2.0471663081382876,1.8631998163104133,72.86983351392531
0.05527638190954774,10.39795918367347,2.4247312760085356,1.835535331093218,77.31594548854041
0.06030150753768844,10.39795918367347,2.8233313833569875,1.8054714413300361,81.24057803397075
0.06532663316582915,10.39795918367347,3.2403613070895987,1.772993499721055,84.6490889629896
0.07035175879396985,10.39795918367347,3.6732136822450427,1.738030521515555,87.53702513353593
0.07537688442211055,10.39795918367347,4.1192745737249945,1.7005023755772868,89.90822392418463
0.08040201005025126,10.39795918367347,4.5759238348769005,1.6602645136166807,91.75241366616264
0.08542713567839195,10.39795918367347,5.040530868066203,1.617106777847843,93.07292039066364
0.09045226130653267,10.39795918367347,5.510451797220432,1.5707515113043662,93.87247347261422
0.09547738693467336,10.39795918367347,5.983016768753019,1.520736999176702,94.12598459216304
0.10050251256281408,10.39795918367347,6.455516345887693,1.4664118917906048,93.83362416354821
0.10552763819095477,10.39795918367347,6.92516073690873,1.4066825635865103,92.98156109801971
0.11055276381909548,10.39795918367347,7.388998766628885,1.3397690365065358,91.5114317851526
0.11557788944723618,10.39795918367347,7.843702158815646,1.2622443087173496,89.32025153884192
0.12060301507537688,10.39795918367347,8.284719597088552,1.1667109864943723,86.02698566953252
0.12562814070351758,10.39795918367347,8.702215302373864,1.033103108773916,79.17831755331183
0.1306532663316583,10.39795918367347,9.05229658791738,0.8009903763162847,54.22281065959091
0.135678391959799,10.39795918367347,9.234936555513874,0.44248554296451476,21.7881963234869
0.1407035175879397,10.39795918367347,9.309941502112604,0.06463976352107462,10.26569557012562
0.1457286432160804,10.39795918367347,9.350584146835315,-0.29564307625308717,6.371216868142248
0.1507537688442211,10.39795918367347,9.37817112943989,-0.6315910122034488,4.7549677572816735
0.15577889447236182,10.39795918367347,9.39987241830475,-0.9397884502305355,3.974868162444266
0.16080402010050251,10.39795918367347,9.41894462910255,-1.2173907946760898,3.6705393624951497
0.1658291457286432,10.39795918367347,9.437390181377777,-1.461650008969698,3.665830943765577
0.1708542713567839,10.39795918367347,9.457095291990155,-1.6697714996778048,4.323887226191153
0.17587939698492464,10.39795918367347,9.481194129177087,-1.8385927686648884,5.415232013952845
0.18090452261306533,10.39795918367347,9.518811032727587,-1.9619981148386425,10.604117115757965
0.18592964824120603,10.39795918367347,9.585166578525305,-2.01101038543132,12.37457032022
0.19095477386934673,10.39795918367347,9.62456053073566,-2.0138894431347167,3.093776689836822
0.19597989949748743,10.39795918367347,9.63821518854736,-2.0137819741559717,6.470533006004018
0.20100502512562815,10.39795918367347,9.69360615077767,-2.0114261010899854,15.489283618116927
0.20603015075376885,10.39795918367347,9.793065659129937,-2.0053339951922586,24.01548708739364
0.21105527638190955,10.39795918367347,9.934156212696891,-1.9963198914041043,32.05688783791643
0.21608040201005024,10.39795918367347,10.114424491342291,-1.9846901428498873,39.60837758997284
0.22110552763819097,10.39795918367347,10.331401802863533,-1.9705403184011159,46.667236775480006
0.22613065326633167,10.39795918367347,10.582617824903117,-1.9539407535610551,53.23559332776093
0.23115577889447236,10.39795918367347,10.865603981171997,-1.9349486608582722,59.31132494854027
0.23618090452261306,10.39795918367347,11.177892897202655,-1.9136099579266481,64.89676584226203
0.24120603015075376,10.39795918367347,11.517003214632515,-1.8899642332985946,69.98815897686364
0.24623115577889448,10.39795918367347,11.880465622664932,-1.8640267848449592,74.58804089302508
0.25125628140703515,10.39795918367347,12.265804674980275,-1.8358025361381178,78.69659808418078
0.2562814070351759,10.39795918367347,12.670542656584802,-1.8052850448506736,82.30891385701831
0.2613065326633166,10.39795918367347,13.092199148657853,-1.7724266553199655,85.43254516515061
0.2663316582914573,10.39795918367347,13.52829575015212,-1.7371789179790698,88.0538247173651
0.271356783919598,10.39795918367347,13.976341544520327,-1.699434581996857,90.18620324306757
0.27638190954773867,10.39795918367347,14.433835871607576,-1.6590725165913947,91.81770286452883
0.2814070351758794,10.39795918367347,14.89827714233186,-1.6158626943427778,92.94778355771308
0.2864321608040201,10.39795918367347,15.367148050321067,-1.56952612956363,93.5803384680275
0.2914572864321608,10.39795918367347,15.83790519185314,-1.519618330351873,93.69554909639629
0.2964824120603015,10.39795918367347,16.307956008431738,-1.4654837895460977,93.29587986418629
0.3015075376884422,10.39795918367347,16.774647008328643,-1.4060439157889053,92.3480933782494
0.3065326633165829,10.39795918367347,17.235153409660956,-1.3395441448849985,90.8431408081995
0.31155778894472363,10.39795918367347,17.686291932401772,-1.2626308211758381,88.58636854952891
0.3165829145728643,10.39795918367347,18.12369857275105,-1.1681605455682436,85.19338942294526
0.32160804020100503,10.39795918367347,18.538034609148365,-1.0368768138792537,78.60626932571597
0.32663316582914576,10.39795918367347,18.888061559691863,-0.81087655257028,54.958791065979526
0.3316582914572864,10.39795918367347,19.074932842375336,-0.45858633665892606,23.116612923711262
0.33668341708542715,10.39795918367347,19.151866782504413,-0.08428283754745484,10.704712289584538
0.3417085427135678,10.39795918367347,19.193212695077914,0.2733079598009089,6.454899803395677
0.34673366834170855,10.39795918367347,19.22107534306351,0.6072404681226263,4.7521697531750675
0.35175879396984927,10.39795918367347,19.24284915476274,0.9141826009070252,3.9719211833356622
0.35678391959798994,10.39795918367347,19.261837114799587,1.1914026197725152,3.6326912347155105
0.36180904522613067,10.39795918367347,19.280028367051823,1.4362722589435324,3.6639645427383614
0.36683417085427134,10.39795918367347,19.2992599740913,1.6461470456384886,4.148396042485456
0.37185929648241206,10.39795918367347,19.32219680674822,1.8181010969329396,5.374716979006256
0.3768844221105528,10.39795918367347,19.35622356327131,1.9471689097105538,8.793478552560865
0.38190954773869346,10.39795918367347,19.41936063315539,2.0086932031539693,13.402791255780844
0.3869346733668342,10.39795918367347,19.465874408645625,2.0138589001786444,4.729520056190763
0.39195979899497485,10.39795918367347,19.477861519569004,2.0138590911299454,4.770568291776076
0.3969849246231156,10.39795918367347,19.524949751004502,2.0121467526049206,13.883909220544709
0.4020100502512563,10.39795918367347,19.616561286305224,2.006675729504394,22.497931716542215
0.40703517587939697,10.39795918367347,19.750248567153644,1.998156042374816,30.6284440589358
0.4120603015075377,10.39795918367347,19.923564116767203,1.9869925630961471,38.26934136500571
0.41708542713567837,10.39795918367347,20.13403897711363,1.9732966475699207,45.41864986206152
0.4221105527638191,10.39795918367347,20.379206021292806,1.9571361931970015,52.07653125131208
0.4271356783919598,10.39795918367347,20.65659432231794,1.9385777251242444,58.2432668917166
0.4321608040201005,10.39795918367347,20.963730758332304,1.917667238685353,63.91616272850984
0.4371859296482412,10.39795918367347,21.29814545715713,1.894440683460971,69.09925204709374
0.44221105527638194,10.39795918367347,21.657367224840524,1.8689192806749875,73.7890492753644
0.4472361809045226,10.39795918367347,22.038920689354786,1.84111008191458,77.98487709257844
0.45226130653266333,10.39795918367347,22.440326187568353,1.8110031832242106,81.69067985465156
0.457286432160804,10.39795918367347,22.859102433954696,1.7785754200008672,84.89838745349698
0.4623115577889447,10.39795918367347,23.29276402748897,1.7437647021151454,87.61449016142038
0.46733668341708545,10.39795918367347,23.73882017376197,1.7064934525694435,89.8342006044836
0.4723618090452261,10.39795918367347,24.194783921785195,1.6666151877626731,91.55651072475808
0.47738693467336685,10.39795918367347,24.658162534915363,1.6239382308925414,92.78168901470848
0.4824120603015075,10.39795918367347,25.126419745846242,1.578201372588406,93.50669778653779
0.48743718592964824,10.39795918367347,25.597019411997483,1.5289855655374935,93.71159214490793
0.49246231155778897,10.39795918367347,26.06738717039043,1.4756748697534767,93.41337008791528
0.49748743718592964,10.39795918367347,26.534872764708833,1.4173155104738078,92.58108327121208
0.5025125628140703,10.39795918367347,26.996728113326185,1.3522848049466913,91.14640907080602
0.507537688442211,10.39795918367347,27.44983516970723,1.277632488922708,89.07670660114226
0.5125628140703518,10.39795918367347,27.890191827204077,1.1872380658180337,85.9963728165779
0.5175879396984925,10.39795918367347,28.310054330800448,1.0652566986974017,80.25845051653509
0.5226130653266332,10.39795918367347,28.678860174534734,0.8631378321301496,62.69684109655747
0.5276381909547738,10.39795918367347,28.897420966385983,0.5268425086717868,26.34264074052578
0.5326633165829145,10.39795918367347,28.98638142126907,0.15148835667401286,11.659311749254769
0.5376884422110553,10.39795918367347,29.031755222038623,-0.20988613257444158,7.102095188801017
0.542713567839196,10.39795918367347,29.06131608612191,-0.548400427963183,4.970050761531816
0.5477386934673367,10.39795918367347,29.083883911734397,-0.8604551373618694,4.094874148376495
0.5527638190954773,10.39795918367347,29.103212978796442,-1.1432739780359116,3.6890446277981694
0.5577889447236181,10.39795918367347,29.121428672349523,-1.3942141042697258,3.6720172943285827
0.5628140703517588,10.39795918367347,29.140297933055166,-1.610651282127043,3.7613699833703134
0.5678391959798995,10.39795918367347,29.16222879255489,-1.78974201055042,4.838994951529553
0.5728643216080402,10.39795918367347,29.19313979775537,-1.9273128336934968,7.8077308083496835
0.5778894472361809,10.39795918367347,29.251347287411324,-2.004272974505199,14.24574899583855
0.5829145728643216,10.39795918367347,29.30539171034312,-2.013757116387896,6.422514468212453
0.5879396984924623,10.39795918367347,29.31889399976381,-2.013889365259648,3.0603540177030095
0.592964824120603,10.39795918367347,29.357625510716957,-2.01273987340764,12.267547021598801
0.5979899497487438,10.39795918367347,29.441336332304157,-2.0079274064023367,20.969094230358245
0.6030150753768844,10.39795918367347,29.56756210936326,-1.9999117922858316,29.187750901590242
0.6080402010050251,10.39795918367347,29.733860071049275,-1.989218319777952,36.917139328542696
0.6130653266331658,10.39795918367347,29.937765086391263,-1.9759770906386624,44.15524276033677
0.6180904522613065,10.39795918367347,30.176810689645137,-1.9602604212917134,50.90194586913593
0.6231155778894473,10.39795918367347,30.448525141104234,-1.9421320288667707,57.15742972347196
0.628140703517588,10.39795918367347,30.750437273643524,-1.9216488989146057,62.92097578278087
0.6331658291457286,10.39795918367347,31.080074765430055,-1.8988392524136373,68.1934141932048
0.6381909547738693,10.39795918367347,31.434970445523728,-1.8737350052972035,72.97189878492901
0.6432160804020101,10.39795918367347,31.812638395838068,-1.8463408953880118,77.2572185270292
0.6482412060301508,10.39795918367347,32.21060589222756,-1.8166609999211307,81.05195859210673
0.6532663316582915,10.39795918367347,32.62639884120757,-1.784655697226082,84.35332239447065
0.6582914572864321,10.39795918367347,33.05753222661742,-1.7502853327927876,87.15904924291051
0.6633165829145728,10.39795918367347,33.501514103292685,-1.713467366871266,89.46492507278442
0.6683417085427136,10.39795918367347,33.95586855532808,-1.6740766668621958,91.27815504880097
0.6733668341708543,10.39795918367347,34.418079117840506,-1.6319277829188277,92.59623625376717
0.678391959798995,10.39795918367347,34.885642976086324,-1.5867724891233868,93.40576375848791
0.6834170854271356,10.39795918367347,35.35601471419424,-1.538233003766846,93.71006762561674
0.6884422110552764,10.39795918367347,35.82661419235465,-1.485722352475218,93.49929236874718
0.6934673366834171,10.39795918367347,36.29483308409615,-1.4283715484517434,92.75777734017133
0.6984924623115578,10.39795918367347,36.75792451363246,-1.3647170239311945,91.45045298927417
0.7035175879396985,10.39795918367347,37.21286897561665,-1.2921476583962255,89.51358818169768
0.7085427135678392,10.39795918367347,37.65589892888001,-1.205354052721582,86.67966839930622
0.7135678391959799,10.39795918367347,38.08050625827843,-1.0912688973438165,81.93493486285823
0.7185929648241206,10.39795918367347,38.46398624114411,-0.9100182316124046,68.53702104807994
0.7236180904522613,10.39795918367347,38.715629716711945,-0.5943243845686024,31.66134748814508
0.7286432160804021,10.39795918367347,38.819608219728224,-0.21929576401210937,13.750474677332624
0.7336683417085427,10.39795918367347,38.869817409017045,0.14567550020114808,7.51259969696078
0.7386934673366834,10.39795918367347,38.90133688074147,0.48865529772153177,5.377095874058799
0.7437185929648241,10.39795918367347,38.92481753713146,0.805733165991603,4.190148941313402
0.7487437185929648,10.39795918367347,38.94455277492471,1.0940699567044017,3.727808977083517
0.7537688442211056,10.39795918367347,38.9628396349779,1.3510167474676817,3.649498472023809
0.7587939698492462,10.39795918367347,38.98142595844722,1.5739381497900982,3.795828635926807
0.7638190954773869,10.39795918367347,39.00258027189216,1.7600839043012653,4.770612901216889
0.7688442211055276,10.39795918367347,39.03098550510634,1.905736931695051,6.816946500668997
0.7738693467336684,10.39795918367347,39.083077341061646,1.997101077295886,13.965004446648198
0.7788944723618091,10.39795918367347,39.14353105788111,2.013515074189794,8.099885956137692
0.7839195979899497,10.39795918367347,39.16167540471839,2.0138938812725233,1.326942459350894
0.7889447236180904,10.39795918367347,39.19193141356024,2.013187520854024,10.629146406853023
0.7939698492462312,10.39795918367347,39.267634658514645,2.0090672713644637,19.4194189032253
0.7989949748743719,10.39795918367347,39.38629703061274,2.0015719553948137,27.727224110190463
0.8040201005025126,10.39795918367347,39.54548154948031,1.9913555637700835,35.54649127424739
0.8090452261306532,10.39795918367347,39.74272381675932,1.9785674731498488,42.8743111681468
0.8140703517587939,10.39795918367347,39.97555519630309,1.96329899989015,49.710894684622794
0.8190954773869347,10.39795918367347,40.241507022262844,1.9456049333953356,56.05664699792293
0.8241206030150754,10.39795918367347,40.53811011865996,1.9255476216711398,61.90989293476323
0.8291457286432161,10.39795918367347,40.862888728584366,1.9031549955409,67.27029516680275
0.8341708542713567,10.39795918367347,41.213376701726986,1.8784679805793352,72.13890124356708
0.8391959798994975,10.39795918367347,41.587091974776655,1.8514909920325353,76.51509740602533
0.8442211055276382,10.39795918367347,41.9815569016761,1.822223432887915,80.3998307863736
0.8492462311557789,10.39795918367347,42.394295453139634,1.7906515520509099,83.78795294582154
0.8542713567839196,10.39795918367347,42.82282664356846,1.7567162244771537,86.68316712198977
0.8592964824120602,10.39795918367347,43.264666076369274,1.7203436792641742,89.08459759607591
0.864321608040201,10.39795918367347,43.71731200915241,1.6814317768128726,90.9872765401714
0.8693467336683417,10.39795918367347,44.17828576242103,1.6398053387364209,92.39718467464735
0.8743718592964824,10.39795918367347,44.645062961042115,1.5952207813646955,93.30060228113618
0.8793969849246231,10.39795918367347,45.11510715851346,1.5473341379650536,93.69483716953349
0.8844221105527639,10.39795918367347,45.58587411836611,1.4956024246838922,93.57827438344898
0.8894472361809045,10.39795918367347,46.054718726018194,1.4392225979143793,92.93696255781376
0.8944723618090452,10.39795918367347,46.518970900072276,1.3768576775009465,91.75258963581206
0.8994974874371859,10.39795918367347,46.9756396461525,1.3061958739534325,89.91825833832526
0.9045226130653267,10.39795918367347,47.421204753849,1.2225905664226289,87.24641852716636
0.9095477386934674,10.39795918367347,47.84997614568139,1.1151968057941704,82.89082492525537
0.914572864321608,10.39795918367347,48.244898326819985,0.9515840390962634,71.58775909888513
0.9195979899497487,10.39795918367347,48.52866160806961,0.6600644813094054,37.73493264618569
0.9246231155778895,10.39795918367347,48.65128431949285,0.2873889689140497,15.181039997395283
0.9296482412060302,10.39795918367347,48.707302801672554,-0.08086080866532948,8.194918083282992
0.9346733668341709,10.39795918367347,48.74109495680799,-0.4281711863440704,5.51356358825599
0.9396984924623115,10.39795918367347,48.76562476931502,-0.7501820906654513,4.319245187452945
0.9447236180904522,10.39795918367347,48.78583658239726,-1.0439318900257801,3.7823563508671354
0.949748743718593,10.39795918367347,48.804248543814104,-1.3067274207620543,3.638144137870025
0.9547738693467337,10.39795918367347,48.82264368831407,-1.5359988640326276,3.842643363030548
0.9597989949748744,10.39795918367347,48.84307048642952,-1.7290169690804982,4.521913018405744
0.964824120603015,10.39795918367347,48.86950658951244,-1.8824258826016411,6.55512693136222
0.9698492462311558,10.39795918367347,48.91525581670832,-1.9864633039845272,12.85568481687765
0.9748743718592965,10.39795918367347,48.979862745123555,-2.0129825883576675,9.731730970851556
0.9798994974874372,10.39795918367347,49.005607024648114,-2.013894730936581,0.40846739457510345
0.9849246231155779,10.39795918367347,49.15220159071332,-2.0065817462718734,55.024219401025285
0.9899497487437185,10.39795918367347,49.49489569745184,-1.9845866701549877,74.98432243222584
0.9949748743718593,10.39795918367347,49.8416505205153,-1.9618879429660765,56.64128042371097
1.0,10.39795918367347,50.0,-1.9513726858815064,1.8047243385141408e-14
0.0,10.418367346938776,0.0,2.0,0.0
0.005025125628140704,10.418367346938776,0.024355724909582505,1.9995325562268937,9.604368070905064
0.010050251256281407,10.418367346938776,0.09561886978725942,1.995822723550149,18.671635568736896
0.01507537688442211,10.418367346938776,0.21116436795880203,1.9884942694920855,27.231281093330875
0.020100502512562814,10.418367346938776,0.3684447709571758,1.9783095747421762,35.2808994537348
0.02512562814070352,10.418367346938776,0.5648827100143561,1.96545924964819,42.815774436687434
0.03015075376884422,10.418367346938776,0.7978944830331809,1.950033627239424,49.83662266481869
0.035175879396984924,10.418367346938776,1.064894592852033,1.9320955790244756,56.343102813583286
0.04020100502512563,10.418367346938776,1.3632966689062451,1.911708413465972,62.335414522523735
0.04522613065326633,10.418367346938776,1.6905131232227786,1.8889007458236728,67.81144941643986
0.05025125628140704,10.418367346938776,2.043954498567133,1.8637112504477544,72.77260697568333
0.05527638190954774,10.418367346938776,2.421031198489408,1.836151944285324,77.21859793463312
0.06030150753768844,10.418367346938776,2.819148803172952,1.8062023370087659,81.1458411330567
0.06532663316582915,10.418367346938776,3.235712661616591,1.7738508456239706,84.55804498972684
0.07035175879396985,10.418367346938776,3.6681225652951235,1.7390267971573559,87.45213289705111
0.07537688442211055,10.418367346938776,4.113774823450279,1.701653288649119,89.83071365999996
0.08040201005025126,10.418367346938776,4.570060838428534,1.6615854707001196,91.68501611543685
0.08542713567839195,10.418367346938776,5.034358086795611,1.6186191983619143,93.01709627637283
0.09045226130653267,10.418367346938776,5.504035045598304,1.5724800495438667,93.82943224806806
0.09547738693467336,10.418367346938776,5.976430637598897,1.5227212264555654,94.0981646268614
0.10050251256281408,10.418367346938776,6.448847113565186,1.468703300575193,93.82965123667223
0.10552763819095477,10.418367346938776,6.918508527471191,1.409360849582204,92.99244039018348
0.11055276381909548,10.418367346938776,7.382492079845941,1.3429601625398302,91.57338345282939
0.11557788944723618,10.418367346938776,7.837499458594153,1.2661972520619862,89.4069080616969
0.12060301507537688,10.418367346938776,8.279114638311277,1.172034675871185,86.0719523995831
0.12562814070351758,10.418367346938776,8.698079134571008,1.0415596064104724,79.59312058995813
0.1306532663316583,10.418367346938776,9.05397740960302,0.8168534996619689,57.82184379325283
0.135678391959799,10.418367346938776,9.24519442645106,0.4624650273025515,22.41644382185325
0.1407035175879397,10.418367346938776,9.32316799060717,0.08440216408804009,10.60997307009976
0.1457286432160804,10.418367346938776,9.364784638451015,-0.2767722408520369,6.533675751502411
0.1507537688442211,10.418367346938776,9.392765248432573,-0.6138591524875544,4.8008326274832065
0.15577889447236182,10.418367346938776,9.414638177447511,-0.9234017021258218,4.013797500197197
0.16080402010050251,10.418367346938776,9.433744771090044,-1.2025450092391905,3.6904909987937127
0.1658291457286432,10.418367346938776,9.452129551424296,-1.448549480572189,3.753321478033927
0.1708542713567839,10.418367346938776,9.471638907836159,-1.6586409499898827,4.031917570257835
0.17587939698492464,10.418367346938776,9.49527143900592,-1.8297066412098546,5.59121350259715
0.18090452261306533,10.418367346938776,9.531403098381636,-1.956122020216433,9.528984567361691
0.18592964824120603,10.418367346938776,9.596894227189177,-2.010250563953475,12.832454619380096
0.19095477386934673,10.418367346938776,9.639080873154896,-2.0138614079902997,3.6882823284185657
0.19597989949748743,10.418367346938776,9.651843521899139,-2.0137946364183996,5.883631741686913
0.20100502512562815,10.418367346938776,9.704324695549728,-2.011673947528206,14.917973970582407
0.20603015075376885,10.418367346938776,9.800951904566547,-2.00581109520166,23.459732214698704
0.21105527638190955,10.418367346938776,9.939293404190295,-1.9969968319510658,31.518959027722406
0.21608040201005024,10.418367346938776,10.11690483110702,-1.985565951739692,39.08943633704101
0.22110552763819097,10.418367346938776,10.331328078437974,-1.971623588360879,46.17011584768532
0.22613065326633167,10.418367346938776,10.580103974690918,-1.955231933304544,52.76147276464129
0.23115577889447236,10.418367346938776,10.86076995695817,-1.9364595302657384,58.86182126177521
0.23618090452261306,10.418367346938776,11.170859092189275,-1.9153421958417878,64.47228156369785
0.24120603015075376,10.418367346938776,11.507912277712114,-1.8919283057019092,69.592721252305
0.24623115577889448,10.418367346938776,11.86946363936018,-1.8662286458708446,74.22247270194147
0.25125628140703515,10.418367346938776,12.25304714669169,-1.8382490010188999,78.36075974275089
0.2562814070351759,10.418367346938776,12.656194790707714,-1.8079847376643894,82.01108170289685
0.2613065326633166,10.418367346938776,13.076432554640396,-1.7753989624391955,85.16283501618135
0.2663316582914573,10.418367346938776,13.511285929707377,-1.7404376398972625,87.82794996610305
0.271356783919598,10.418367346938776,13.958277218687549,-1.703012122428425,89.99280484598694
0.27638190954773867,10.418367346938776,14.414914443368062,-1.6629770073970713,91.66556754556291
0.2814070351758794,10.418367346938776,14.878704683456256,-1.6201504518470622,92.84542733146249
0.2864321608040201,10.418367346938776,15.34715287477314,-1.5742364752409548,93.51589802416403
0.2914572864321608,10.418367346938776,15.817711976770507,-1.5248119163707328,93.68976551228478
0.2964824120603015,10.418367346938776,16.28781849239446,-1.471259975018104,93.32914754981887
0.3015075376884422,10.418367346938776,16.75483143600671,-1.4125669746216765,92.442201564429
0.3065326633165829,10.418367346938776,17.2159641357942,-1.3470799325605793,91.00140465065051
0.31155778894472363,10.418367346938776,17.668114804646468,-1.27171015787017,88.81952716558337
0.3165829145728643,10.418367346938776,18.107129848767553,-1.1799689321166686,85.70870573773615
0.32160804020100503,10.418367346938776,18.52473964438164,-1.0548563319611133,79.60895213069392
0.32663316582914576,10.418367346938776,18.886769509445916,-0.8442824735900971,60.133139894986584
0.3316582914572864,10.418367346938776,19.093189958489738,-0.5017510525687789,24.865574230614342
0.33668341708542715,10.418367346938776,19.177245630076705,-0.1269153857904611,11.254361269883708
0.3417085427135678,10.418367346938776,19.220965756595493,0.23284181450109256,6.784299250701427
0.34673366834170855,10.418367346938776,19.249803046212197,0.5694544518467595,4.878160455694191
0.35175879396984927,10.418367346938776,19.27202012670951,0.879459631699634,4.0417592490303464
0.35678391959798994,10.418367346938776,19.291171030657882,1.1600901467807185,3.665776973146915
0.36180904522613067,10.418367346938776,19.309324322926603,1.4087337072200714,3.6730816051871202
0.36683417085427134,10.418367346938776,19.32826797264668,1.6227496453643921,3.894869546502328
0.37185929648241206,10.418367346938776,19.350431341288147,1.7992927432855974,5.077341676222419
0.3768844221105528,10.418367346938776,19.38220460810993,1.9339783906065138,8.461345040521353
0.38190954773869346,10.418367346938776,19.442114948866703,2.0059499800228284,13.966151916518037
0.3869346733668342,10.418367346938776,19.49380034831872,2.0137810148455744,5.87961125849175
0.39195979899497485,10.418367346938776,19.506465736029785,2.013861538041085,3.594814037438891
0.3969849246231156,10.418367346938776,19.54776615661689,2.01254729655712,12.755611639253114
0.4020100502512563,10.418367346938776,19.63382280344458,2.0075407939749628,21.41503019884678
0.40703517587939697,10.418367346938776,19.762186539055698,1.9993948771276289,29.592921344450982
0.4120603015075377,10.418367346938776,19.930421443451678,1.988592152034996,37.28285538701979
0.41708542713567837,10.418367346938776,20.136069143542016,1.975258147320653,44.483195973055075
0.4221105527638191,10.418367346938776,20.376670821314637,1.9594586219470487,51.1939493978653
0.4271356783919598,10.418367346938776,20.64976676629075,1.941261326405663,57.41478935499935
0.4321608040201005,10.418367346938776,20.952888522805765,1.9207158677321152,63.14695057029793
0.4371859296482412,10.418367346938776,21.28357542541535,1.8978582976202307,68.38604840382655
0.44221105527638194,10.418367346938776,21.63936565220007,1.8727152092278525,73.1357224346142
0.4472361809045226,10.418367346938776,22.017791484084533,1.8452944870782562,77.39573813193036
0.45226130653266333,10.418367346938776,22.41638963755276,1.8155959565152067,81.16197079284578
0.457286432160804,10.418367346938776,22.83268423821192,1.783578848059026,84.4402946738182
0.4623115577889447,10.418367346938776,23.264198163553257,1.7492062184848132,87.22383165701679
0.46733668341708545,10.418367346938776,23.708449124034086,1.712389927394916,89.50843921568607
0.4723618090452261,10.418367346938776,24.162960443144122,1.673010835981353,91.30231392042009
0.47738693467336685,10.418367346938776,24.62524833195419,1.630881954117839,92.60380116433696
0.4824120603015075,10.418367346938776,25.092794451807226,1.5857524342997051,93.40158852998927
0.48743718592964824,10.418367346938776,25.56307234493263,1.537242118033301,93.68679538986083
0.49246231155778897,10.418367346938776,26.03352505348556,1.4847675385009869,93.46311515048251
0.49748743718592964,10.418367346938776,26.501542391828327,1.4274527811956983,92.7111093567536
0.5025125628140703,10.418367346938776,26.964374101516153,1.363837324686679,91.39206021502083
0.507537688442211,10.418367346938776,27.41902619113382,1.2913033791447954,89.46508780738192
0.5125628140703518,10.418367346938776,27.86172445844829,1.2045075489515544,86.61019039610684
0.5175879396984925,10.418367346938776,28.285940291747377,1.0903481555154195,81.86627053318193
0.5226130653266332,10.418367346938776,28.668756410889998,0.9086148661891348,68.10299877037468
0.5276381909547738,10.418367346938776,28.919219079226117,0.5925431494277025,31.293969924341383
0.5326633165829145,10.418367346938776,29.022572315020835,0.21772819498308296,13.609398519815933
0.5376884422110553,10.418367346938776,29.072540985366036,-0.14685271446119283,7.4846994219758445
0.542713567839196,10.418367346938776,29.1039411107044,-0.48949367377477904,5.322718097528001
0.5477386934673367,10.418367346938776,29.127353398641848,-0.8062544840381962,4.17350364495196
0.5527638190954773,10.418367346938776,29.147031036217943,-1.0943073091429607,3.713439909435336
0.5577889447236181,10.418367346938776,29.165264126863082,-1.3509997083757694,3.634416019265325
0.5628140703517588,10.418367346938776,29.183815010503906,-1.57372468096924,3.6910297559483616
0.5678391959798995,10.418367346938776,29.204873790095444,-1.7597338844771913,4.7838558686219415
0.5728643216080402,10.418367346938776,29.233197189808127,-1.9053502270632026,6.937921803987966
0.5778894472361809,10.418367346938776,29.28507402590251,-1.9969206168984115,14.027991655792306
0.5829145728643216,10.418367346938776,29.345558898188273,-2.013486798557308,8.127680171026482
0.5879396984924623,10.418367346938776,29.363830903993097,-2.0138735015709037,1.2795263107047539
0.592964824120603,10.418367346938776,29.39381094279653,-2.013178854063621,10.566911557357043
0.5979899497487438,10.418367346938776,29.469166652378384,-2.009091970840473,19.343958746728006
0.6030150753768844,10.418367346938776,29.58742008710225,-2.0016383335584313,27.640270383192117
0.6080402010050251,10.418367346938776,29.74614255372817,-1.9914723210236804,35.44971725308748
0.6130653266331658,10.418367346938776,29.94287848828479,-1.9787446035173022,42.76951106343181
0.6180904522613065,10.418367346938776,30.175169051465186,-1.9635448029446343,49.599868785498664
0.6231155778894473,10.418367346938776,30.440552704649775,-1.945925977548667,55.9403182781675
0.628140703517588,10.418367346938776,30.736567668815557,-1.925949153885651,61.79139502717764
0.6331658291457286,10.418367346938776,31.060748138913656,-1.9036579080106364,67.15083746326077
0.6381909547738693,10.418367346938776,31.410634166382653,-1.8790731890769434,72.02090415734438
0.6432160804020101,10.418367346938776,31.783754631864266,-1.8522091718504408,76.39919140536551
0.6482412060301508,10.418367346938776,32.17764612356834,-1.8230609400354079,80.28665321708789
0.6532663316582915,10.418367346938776,32.5898381781902,-1.7916221203055773,83.68309270058234
0.6582914572864321,10.418367346938776,33.01785902964055,-1.7578309547622617,86.58704113984265
0.6633165829145728,10.418367346938776,33.45922835145324,-1.7216173898438494,88.99454362365961
0.6683417085427136,10.418367346938776,33.91146822083597,-1.6828805862877882,90.90966963808962
0.6733668341708543,10.418367346938776,34.37209413049958,-1.641440100460371,92.3288966563723
0.678391959798995,10.418367346938776,34.83858457098711,-1.5970760115884979,93.24688201586235
0.6834170854271356,10.418367346938776,35.30842771263194,-1.5494308362398228,93.66716572708421
0.6884422110552764,10.418367346938776,35.77908916613095,-1.4979943460033056,93.57671209883468
0.6934673366834171,10.418367346938776,36.247953414755465,-1.4419674591660339,92.95138526624412
0.6984924623115578,10.418367346938776,36.71230183601246,-1.3800785817766905,91.76711807763921
0.7035175879396985,10.418367346938776,37.16925700820616,-1.3100695562470006,89.96946693484863
0.7085427135678392,10.418367346938776,37.615297783874034,-1.2275301498884925,87.41286953412904
0.7135678391959799,10.418367346938776,38.045020445464054,-1.1221268554196635,83.18314561585684
0.7185929648241206,10.418367346938776,38.44268964238107,-0.9635892068508731,72.76095096070452
0.7236180904522613,10.418367346938776,38.73596478451639,-0.6804271633284351,40.59748790893553
0.7286432160804021,10.418367346938776,38.865076217370486,-0.3092677324648998,15.738106804531766
0.7336683417085427,10.418367346938776,38.92311228252717,0.05966155662880309,8.432985174428202
0.7386934673366834,10.418367346938776,38.957645521215625,0.4081276756775284,5.745023529860255
0.7437185929648241,10.418367346938776,38.98248631925663,0.7314992208593476,4.407496122496155
0.7487437185929648,10.418367346938776,39.00281741290451,1.0267932677349687,3.7871645813666883
0.7537688442211056,10.418367346938776,39.021233621112266,1.2913921145524456,3.5801877999704947
0.7587939698492462,10.418367346938776,39.039544523399464,1.522655813688476,3.6205554955687784
0.7638190954773869,10.418367346938776,39.059733700705294,1.717902266417568,4.390936509406585
0.7688442211055276,10.418367346938776,39.08548319974116,1.8738695826275025,6.327169893105777
0.7738693467336684,10.418367346938776,39.12910822134009,1.9819206408569086,12.48079076609993
0.7788944723618091,10.418367346938776,39.194611441948325,2.012686013143347,10.321015111432095
0.7839195979899497,10.418367346938776,39.22348975908871,2.0138737128321056,1.0599600243797331
0.7889447236180904,10.418367346938776,39.242580668984495,2.013577019268844,8.34543426162593
0.7939698492462312,10.418367346938776,39.307088043984315,2.0104440682943867,17.24444343297302
0.7989949748743719,10.418367346938776,39.41508446667475,2.003720953057125,25.658439322287254
0.8040201005025126,10.418367346938776,39.56414787054582,1.9941949563877295,33.58726086034122
0.8090452261306532,10.418367346938776,39.75182632934015,1.9820870589142465,41.02733420741813
0.8140703517587939,10.418367346938776,39.97566082266955,1.9674796231707274,47.9771445126516
0.8190954773869347,10.418367346938776,40.233192529819064,1.95044837984263,54.43772354893528
0.8241206030150754,10.418367346938776,40.52195385800252,1.931046793132069,60.40881112058528
0.8291457286432161,10.418367346938776,40.839489699308345,1.90931354119395,65.88749492211531
0.8341708542713567,10.418367346938776,41.18332913728845,1.8852875364605295,70.87727352967146
0.8391959798994975,10.418367346938776,41.5510045517668,1.858979330235713,75.37585741683989
0.8442211055276382,10.418367346938776,41.94005707743529,1.8303892979408742,79.38348032415738
0.8492462311557789,10.418367346938776,42.348014814083044,1.7995144594043877,82.90077551151185
0.8542713567839196,10.418367346938776,42.77240378205205,1.766296764853038,85.92530662742575
0.8592964824120602,10.418367346938776,43.210747459364605,1.7306911198603339,88.45343663446472
0.864321608040201,10.418367346938776,43.66057198002363,1.6925768729995703,90.49324289480451
0.8693467336683417,10.418367346938776,44.11938476987251,1.6518230648921448,92.03047189280497
0.8743718592964824,10.418367346938776,44.58468004608007,1.6081930941690799,93.07555634052805
0.8793969849246231,10.418367346938776,45.0539444045622,1.5613943488931254,93.61509603818017
0.8844221105527639,10.418367346938776,45.52464581537524,1.5109416501503896,93.64716671754772
0.8894472361809045,10.418367346938776,45.99419129726206,1.4561247278631235,93.14985583156559
0.8944723618090452,10.418367346938776,46.45992714496382,1.3958310974396806,92.1152158225933
0.8994974874371859,10.418367346938776,46.918986101089914,1.3280788839126316,90.49182749265537
0.9045226130653267,10.418367346938776,47.3680771117479,1.2492089618319004,88.13996899856944
0.9095477386934674,10.418367346938776,47.802519414696185,1.1509855083762057,84.52392282594347
0.914572864321608,10.418367346938776,48.21111817841705,1.0105523807417285,76.99987550121146
0.9195979899497487,10.418367346938776,48.54161717444171,0.7630506787689484,49.09826537933849
0.9246231155778895,10.418367346938776,48.70384301678646,0.40120220778744775,19.366220990210813
0.9296482412060302,10.418367346938776,48.772398422787106,0.02879455963955779,9.704114589989626
0.9346733668341709,10.418367346938776,48.810782735134254,-0.3252030467941674,6.208997776291394
0.9396984924623115,10.418367346938776,48.83735045350196,-0.6550116433031149,4.581307225438342
0.9447236180904522,10.418367346938776,48.858491333568594,-0.9574343387489452,3.887692194793093
0.949748743718593,10.418367346938776,48.87720472938798,-1.2297773846514786,3.612323781061686
0.9547738693467337,10.418367346938776,48.895389466585826,-1.4694280478146016,3.6618311373120833
0.9597989949748744,10.418367346938776,48.91484340622175,-1.6737334915839983,4.216805785781088
0.964824120603015,10.418367346938776,48.938693023831135,-1.839684304318563,5.448750112675526
0.9698492462311558,10.418367346938776,48.97570244793176,-1.9613873585538408,9.95714446347927
0.9748743718592965,10.418367346938776,49.041065661359454,-2.0107688008377402,12.333886195671324
0.9798994974874372,10.418367346938776,49.08116165966409,-2.0138648056496935,3.3795984755384123
0.9849246231155779,10.418367346938776,49.16013887796778,-2.0108717459075622,43.70365275703159
0.9899497487437185,10.418367346938776,49.47547209105303,-1.9909208281720803,74.28163620652757
0.9949748743718593,10.418367346938776,49.8310562503381,-1.9678080388244075,59.715429524520864
1.0,10.418367346938776,50.0,-1.9566676965741654,-1.6622359081046018e-14
0.0,10.438775510204081,0.0,2.0,0.0
0.005025125628140704,10.438775510204081,0.024309639200526756,1.9995343299939456,9.586346188343345
0.010050251256281407,10.438775510204081,0.09544105684268175,1.9958384987168187,18.63754281807955
0.01507537688442211,10.438775510204081,0.21077845756796876,1.9885376309942833,27.18289320310266
0.020100502512562814,10.438775510204081,0.36778349138291605,1.9783911174105908,35.220015083354106
0.02512562814070352,10.438775510204081,0.5638878784236635,1.965588708915527,42.74422146164158
0.03015075376884422,10.438775510204081,0.7965171038465011,1.9502204264173248,49.75621580221984
0.035175879396984924,10.438775510204081,1.0630946194507658,1.9323491762545193,56.25567786982796
0.04020100502512563,10.438775510204081,1.3610436443989182,1.9120380973000188,62.24266587941776
0.04522613065326633,10.438775510204081,1.6877851373545822,1.8893155707035385,67.7154970104005
0.05025125628140704,10.438775510204081,2.0407390930117644,1.8642207680483278,72.67515424211267
0.05527638190954774,10.438775510204081,2.417324257772127,1.8367661326156735,77.12106049921043
0.06030150753768844,10.438775510204081,2.81495778139299,1.8069306405960985,81.050812370544
0.06532663316582915,10.438775510204081,3.231051793908901,1.7747050437888274,84.4667333943251
0.07035175879396985,10.438775510204081,3.663017107050847,1.740020957271175,87.36691159492148
0.07537688442211055,10.438775510204081,4.108259931532253,1.702798776835318,89.7535180844622
0.08040201005025126,10.438775510204081,4.564179032397453,1.662900223819787,91.61873146695854
0.08542713567839195,10.438775510204081,5.028164826098743,1.6201251743709981,92.96027065717297
0.09045226130653267,10.438775510204081,5.497590809053116,1.5741998757141658,93.78342133559312
0.09547738693467336,10.438775510204081,5.969811726877989,1.5246978671876854,94.06900460804125
0.10050251256281408,10.438775510204081,6.44213788822234,1.4709759258146424,93.83200548083272
0.10552763819095477,10.438775510204081,6.911815960274317,1.4120223133768126,93.00735328438068
0.11055276381909548,10.438775510204081,7.375935913709921,1.3461177754574576,91.60354152755676
0.11557788944723618,10.438775510204081,7.831241177686672,1.270124645963374,89.45830067491579
0.12060301507537688,10.438775510204081,8.273430113609706,1.1772897370358655,86.28133538842249
0.12562814070351758,10.438775510204081,8.693748341200234,1.0497034032910477,80.09879925511915
0.1306532663316583,10.438775510204081,9.055195997033719,0.8323725670613279,58.2536261903675
0.135678391959799,10.438775510204081,9.255211534637102,0.4824381021516733,24.59824314424545
0.1407035175879397,10.438775510204081,9.336335253378781,0.1042350568474173,10.985310007077718
0.1457286432160804,10.438775510204081,9.378977943600981,-0.2578228648468742,6.742937588069218
0.1507537688442211,10.438775510204081,9.40736948947454,-0.5960418610829894,4.852996027890946
0.15577889447236182,10.438775510204081,9.429403928123884,-0.9069201786895695,4.006315039171019
0.16080402010050251,10.438775510204081,9.448553553953495,-1.1875935584299697,3.6387848658140216
0.1658291457286432,10.438775510204081,9.466866269412147,-1.4353322839343206,3.6498717843846595
0.1708542713567839,10.438775510204081,9.486231063331251,-1.6473839891179873,4.2000841086835035
0.17587939698492464,10.438775510204081,9.509412928534742,-1.8206862094633234,5.439145838363325
0.18090452261306533,10.438775510204081,9.544162662956248,-1.9500198034800549,9.578675895897844
0.18592964824120603,10.438775510204081,9.608510691551833,-2.009335840041898,13.274208491023376
0.19095477386934673,10.438775510204081,9.653450791741784,-2.013830172770748,4.2797977618793075
0.19597989949748743,10.438775510204081,9.665688966373057,-2.0137995831172377,5.295468616515497
0.20100502512562815,10.438775510204081,9.715256308403504,-2.0119045028018876,14.345939729827265
0.20603015075376885,10.438775510204081,9.809046934123902,-2.006272965257928,22.90316815551573
0.21105527638190955,10.438775510204081,9.944634659204347,-1.9976584205918035,30.979812523368707
0.21608040201005024,10.438775510204081,10.119586219080878,-1.9864274458123528,38.56974264757211
0.22110552763819097,10.438775510204081,10.3314520640511,-1.9726888826760662,45.67147043859564
0.22613065326633167,10.438775510204081,10.577778002508026,-1.956506180671966,52.285254926928
0.23115577889447236,10.438775510204081,10.85611283045252,-1.9379484031226495,58.41149988946312
0.23618090452261306,10.438775510204081,11.16400059204948,-1.917055688902454,64.0472376855412
0.24120603015075376,10.438775510204081,11.498989933897935,-1.8938670851448058,69.1967222593844
0.24623115577889448,10.438775510204081,11.85862207583824,-1.868402281051011,73.8565271695961
0.25125628140703515,10.438775510204081,12.240436536519296,-1.8406717825255292,78.0252092071708
0.2562814070351759,10.438775510204081,12.641976367118463,-1.8106579156342713,81.70535584288724
0.2613065326633166,10.438775510204081,13.060778560578544,-1.7783493035622329,84.89500188537222
0.2663316582914573,10.438775510204081,13.494374902130126,-1.7436700144774597,87.59328141964191
0.271356783919598,10.438775510204081,13.940297071950107,-1.706550088203134,89.80418203405884
0.27638190954773867,10.438775510204081,14.396072275805707,-1.6668521931443683,91.51530067623692
0.2814070351758794,10.438775510204081,14.859208279139484,-1.62438356483106,92.72959053349898
0.2864321608040201,10.438775510204081,15.32721163450054,-1.5788772331324072,93.44871063410493
0.2914572864321608,10.438775510204081,15.79756231711945,-1.529941754173439,93.6619198456535
0.2964824120603015,10.438775510204081,16.26769678772719,-1.4769530803921755,93.36159830874621
0.3015075376884422,10.438775510204081,16.73499958522783,-1.4189868047299639,92.53392158000905
0.3065326633165829,10.438775510204081,17.1967192552912,-1.3544786388178267,91.15125658526426
0.31155778894472363,10.438775510204081,17.649814647596088,-1.2805653758228817,89.05363875199082
0.3165829145728643,10.438775510204081,18.09033649236202,-1.1913333345985526,86.02720943951597
0.32160804020100503,10.438775510204081,18.51093227355166,-1.0717862560391545,80.80030801321851
0.32663316582914576,10.438775510204081,18.883324299275586,-0.8756253744785927,62.93084497910942
0.3316582914572864,10.438775510204081,19.109929816063342,-0.5446079927404515,27.275031990117093
0.33668341708542715,10.438775510204081,19.20215587987037,-0.1696988575153004,12.171946638736472
0.3417085427135678,10.438775510204081,19.248551025251064,0.19213226482564194,7.061012396118974
0.34673366834170855,10.438775510204081,19.27848043044807,0.5313745717336383,5.076377494000997
0.35175879396984927,10.438775510204081,19.301174817866606,0.8443698392830661,4.079955057455329
0.35678391959798994,10.438775510204081,19.32051063820809,1.1283462959966837,3.662401490037177
0.36180904522613067,10.438775510204081,19.3386340887007,1.3806844721766889,3.6170232703738465
0.36683417085427134,10.438775510204081,19.35733797741379,1.598780185068036,3.904927371731733
0.37185929648241206,10.438775510204081,19.378855911998766,1.7798363128773136,4.906409679810571
0.3768844221105528,10.438775510204081,19.408659535964397,1.9199217011778342,7.485281067835954
0.38190954773869346,10.438775510204081,19.464523066182178,2.0020273921141474,14.246255871778386
0.3869346733668342,10.438775510204081,19.520890079359948,2.0136480858124144,7.010629295617067
0.39195979899497485,10.438775510204081,19.53566670585569,2.0138509055143956,2.421452909542175
0.3969849246231156,10.438775510204081,19.57118748090387,2.0128873120878024,11.629448990384342
0.4020100502512563,10.438775510204081,19.651697840761912,2.0083594136732716,20.333662427864947
0.40703517587939697,10.438775510204081,19.774742926920226,2.000589563047807,28.558189434866883
0.4120603015075377,10.438775510204081,19.9378991794368,1.9901473032297181,36.297146026070195
0.41708542713567837,10.438775510204081,20.138719569418555,1.9771671124016386,43.54818363131069
0.4221105527638191,10.438775510204081,20.374751078423692,1.961726553813123,50.31141359352376
0.4271356783919598,10.438775510204081,20.64354263797854,1.9438916872073404,56.58681806254101
0.4321608040201005,10.438775510204081,20.94264146014181,1.923706778415189,62.37241466510361
0.4371859296482412,10.438775510204081,21.269591110084107,1.9012193256556384,67.670338007362
0.44221105527638194,10.438775510204081,21.62193099526911,1.8764490257191513,72.47939031090861
0.4472361809045226,10.438775510204081,21.997212532172526,1.8494127231754487,76.801572848539
0.45226130653266333,10.438775510204081,22.392971564554394,1.8201028839928435,80.62956760476386
0.457286432160804,10.438775510204081,22.80675181680298,1.7885011503380341,83.96934756594916
0.4623115577889447,10.438775510204081,23.23608161097092,1.754555873781421,86.81852938417396
0.46733668341708545,10.438775510204081,23.678489539198246,1.718194158187996,89.17976588215902
0.4723618090452261,10.438775510204081,24.13150858107248,1.6792995038403962,91.04331797172736
0.47738693467336685,10.438775510204081,24.59265986144756,1.6377131534803964,92.41186461801915
0.4824120603015075,10.438775510204081,25.059450146283293,1.5931724744335938,93.28942496432822
0.48743718592964824,10.438775510204081,25.529358654474812,1.5453348631171473,93.64970478595512
0.49246231155778897,10.438775510204081,25.999825464337498,1.4936698077559099,93.50994352402871
0.49748743718592964,10.438775510204081,26.46829348204749,1.4373620362290798,92.8414973424629
0.5025125628140703,10.438775510204081,26.93203231474272,1.375081723775706,91.61900261302152
0.507537688442211,10.438775510204081,27.388121474141062,1.3044797794695047,89.7703169535013
0.5125628140703518,10.438775510204081,27.833016075835843,1.220920278784584,87.15094674780127
0.5175879396984925,10.438775510204081,28.261009341541957,1.113385895628172,82.73991546793276
0.5226130653266332,10.438775510204081,28.65480918919774,0.9491842965376901,71.41951638766167
0.5276381909547738,10.438775510204081,28.936284894020208,0.6565275650921566,36.76593534383778
0.5326633165829145,10.438775510204081,29.057373231043442,0.2841546398486947,15.321053447401534
0.5376884422110553,10.438775510204081,29.11284224866486,-0.08336427916564967,8.214112453676668
0.542713567839196,10.438775510204081,29.146378857009726,-0.4300055448007568,5.508784640036647
0.5477386934673367,10.438775510204081,29.170753107352564,-0.7513619607745547,4.299831692600561
0.5527638190954773,10.438775510204081,29.190851131009524,-1.0445223707868616,3.7616876490010904
0.5577889447236181,10.438775510204081,29.209167202957694,-1.3068550495447924,3.6147289984701225
0.5628140703517588,10.438775510204081,29.227468027648975,-1.5357553060688633,3.837131153376936
0.5678391959798995,10.438775510204081,29.24777708171442,-1.7285184063179908,4.5200607529422685
0.5728643216080402,10.438775510204081,29.27404103618316,-1.8818053006950095,6.504469702287206
0.5778894472361809,10.438775510204081,29.319436738688534,-1.9860517849733639,12.496586458678554
0.5829145728643216,10.438775510204081,29.384067949703727,-2.0129257851326923,9.789880465427428
0.5879396984924623,10.438775510204081,29.410204621277742,-2.0138527395766834,0.5063126037401469
0.592964824120603,10.438775510204081,29.43152911731254,-2.0134835346042976,8.857136192073678
0.5979899497487438,10.438775510204081,29.498492546145293,-2.0101385375368657,17.71153470676471
0.6030150753768844,10.438775510204081,29.608732732237325,-2.003264102559682,26.083916437789256
0.6080402010050251,10.438775510204081,29.759832224423405,-1.9936216357349972,33.97236914571284
0.6130653266331658,10.438775510204081,29.949347235186732,-1.9814130606689544,41.373456033091564
0.6180904522613065,10.438775510204081,30.174826912655014,-1.9667177926730561,48.286727339065145
0.6231155778894473,10.438775510204081,30.433818462400115,-1.9496140097757788,54.71182095406405
0.628140703517588,10.438775510204081,30.72387174865752,-1.9301473783290966,60.64789162823376
0.6331658291457286,10.438775510204081,31.04252958813081,-1.908358364175219,66.09615007675956
0.6381909547738693,10.438775510204081,31.387338643049002,-1.884288789314329,71.05480669641636
0.6432160804020101,10.438775510204081,31.755838584807126,-1.8579471214487528,75.52497737323044
0.6482412060301508,10.438775510204081,32.14557107185801,-1.8293367993180745,79.50735949906507
0.6532663316582915,10.438775510204081,32.554076650355825,-1.7984460065206467,82.99614128321237
0.6582914572864321,10.438775510204081,32.978892625042874,-1.7652279030323759,85.99767689716454
0.6633165829145728,10.438775510204081,33.41755727864095,-1.729613740233642,88.50456151932258
0.6683417085427136,10.438775510204081,33.86758748272686,-1.6915169982101077,90.52201874600217
0.6733668341708543,10.438775510204081,34.326509181570366,-1.6507706299705267,92.04178370982116
0.678391959798995,10.438775510204081,34.79183030580713,-1.6071724912594303,93.06925202240528
0.6834170854271356,10.438775510204081,35.26104844179152,-1.5603944790965674,93.59061107217111
0.6884422110552764,10.438775510204081,35.731608546735224,-1.509977810179251,93.60707929234374
0.6934673366834171,10.438775510204081,36.200959626505636,-1.4552050852237888,93.11741653178724
0.6984924623115578,10.438775510204081,36.66642787067899,-1.3949425588066877,92.05570818883686
0.7035175879396985,10.438775510204081,37.1251786551469,-1.3272520938608292,90.42964502183904
0.7085427135678392,10.438775510204081,37.57395773364073,-1.248407262139483,88.04190927406597
0.7135678391959799,10.438775510204081,38.008036360793355,-1.1501818464187763,84.43485484614018
0.7185929648241206,10.438775510204081,38.416154307825764,-1.009611673852672,76.67082826447243
0.7236180904522613,10.438775510204081,38.74567479747306,-0.7614601078226547,48.78904346668141
0.7286432160804021,10.438775510204081,38.90704176080475,-0.39963628733138057,19.791963808307692
0.7336683417085427,10.438775510204081,38.97523026473547,-0.027541653392016363,9.595346969513804
0.7386934673366834,10.438775510204081,39.013472513310084,0.32613742986720795,6.154353876466357
0.7437185929648241,10.438775510204081,39.03993268545077,0.6555934600864833,4.579572680077928
0.7487437185929648,10.438775510204081,39.06101421436055,0.9576861470759404,3.875897988403878
0.7537688442211056,10.438775510204081,39.07967117930196,1.2297487407818999,3.5610691867890383
0.7587939698492462,10.438775510204081,39.097794538951696,1.4691952193932658,3.5743094727369926
0.7638190954773869,10.438775510204081,39.117224239611126,1.6733410116290226,4.264595823491531
0.7688442211055276,10.438775510204081,39.14095175717657,1.8392202468342553,5.342517007904658
0.7738693467336684,10.438775510204081,39.17778773550008,1.9610063587924935,10.131449806357972
0.7788944723618091,10.438775510204081,39.24300200918835,2.0106955087533596,12.349120533220368
0.7839195979899497,10.438775510204081,39.28323119208537,2.0138434036634907,3.4157905075500783
0.7889447236180904,10.438775510204081,39.296098411477075,2.0137654302384624,6.0389090222934945
0.7939698492462312,10.438775510204081,39.349296454221,2.011587988142525,15.048381421230191
0.7989949748743719,10.438775510204081,39.446519046169556,2.0056865884527184,23.56706255873168
0.8040201005025126,10.438775510204081,39.585345178765124,1.9968570329631692,31.60476382267404
0.8090452261306532,10.438775510204081,39.76333852002423,1.985422811756931,39.15565422599806
0.8140703517587939,10.438775510204081,39.978046433551356,1.971487455031606,46.217996382021916
0.8190954773869347,10.438775510204081,40.22702018177945,1.955114191136998,52.79319945600247
0.8241206030150754,10.438775510204081,40.50780561869975,1.9363666045189647,58.87864712528356
0.8291457286432161,10.438775510204081,40.81794989472756,1.9152849655583404,64.4765770504988
0.8341708542713567,10.438775510204081,41.15499565467146,1.8919164054639075,69.58544745821288
0.8391959798994975,10.438775510204081,41.516489765288306,1.8662713972434561,74.20563530562235
0.8442211055276382,10.438775510204081,41.899969390097155,1.8383558404011384,78.33622021956207
0.8492462311557789,10.438775510204081,42.30297810382687,1.8081655075422962,81.98036436884445
0.8542713567839196,10.438775510204081,42.72305082704293,1.7756636920250939,85.1276185879176
0.8592964824120602,10.438775510204081,43.15772164728604,1.7407958473717715,87.78959472627533
0.864321608040201,10.438775510204081,43.60451922809131,1.7034780605270934,89.95420917296622
0.8693467336683417,10.438775510204081,44.06097601063168,1.6635618964935142,91.62734225292886
0.8743718592964824,10.438775510204081,44.52460092043549,1.6208659833047818,92.81169595636867
0.8793969849246231,10.438775510204081,44.99288024954839,1.5751094254039366,93.48702018422168
0.8844221105527639,10.438775510204081,45.46331371954205,1.525861838601226,93.66108987986499
0.8894472361809045,10.438775510204081,45.93332111973414,1.4725301803948108,93.31610703709855
0.8944723618090452,10.438775510204081,46.400306056355284,1.414104370991177,92.43631954155013
0.8994974874371859,10.438775510204081,46.86143395524165,1.3489647710564674,90.99369015195477
0.9045226130653267,10.438775510204081,47.313641690897036,1.2741299149863479,88.85922252269016
0.9095477386934674,10.438775510204081,47.75290322851002,1.183231145800509,85.72531280156444
0.914572864321608,10.438775510204081,48.17127797788984,1.0599975030065734,80.04651441099115
0.9195979899497487,10.438775510204081,48.53648651164559,0.8540292034206851,60.281090149185175
0.9246231155778895,10.438775510204081,48.748710092544684,0.5148794855955612,25.46275950650017
0.9296482412060302,10.438775510204081,48.83506153342897,0.14017445181196853,11.659174290948993
0.9346733668341709,10.438775510204081,48.87952209592414,-0.22004920200571063,6.9357417094034135
0.9396984924623115,10.438775510204081,48.90864004877917,-0.5573138549840148,4.912030026060901
0.9447236180904522,10.438775510204081,48.93096755850651,-0.8680949014562555,4.061075851061983
0.949748743718593,10.438775510204081,48.95014182798848,-1.149656715932426,3.664586497694716
0.9547738693467337,10.438775510204081,48.96825359751019,-1.399388747155929,3.655513910094558
0.9597989949748744,10.438775510204081,48.98705821785469,-1.614651675491823,3.773970168719348
0.964824120603015,10.438775510204081,49.008956106408284,-1.7926311511519692,4.89759460989843
0.9698492462311558,10.438775510204081,49.039961978927174,-1.9291467990957456,7.662282924302684
0.9748743718592965,10.438775510204081,49.098442905112954,-2.0046961089915842,14.088523760189796
0.9798994974874372,10.438775510204081,49.151793606956645,-2.0137273539753164,6.276664314909862
0.9849246231155779,10.438775510204081,49.185914238287154,-2.0134106895374235,27.068631940542172
0.9899497487437185,10.438775510204081,49.45738861576076,-1.9971133183570406,71.99929013588992
0.9949748743718593,10.438775510204081,49.81914617485179,-1.9737689316129492,62.98477607447849
1.0,10.438775510204081,50.0,-1.9619200961864078,0.0
0.0,10.459183673469388,0.0,2.0,0.0
0.005025125628140704,10.459183673469388,0.024264241610940443,1.9995360759329783,9.568595586458073
0.010050251256281407,10.459183673469388,0.09526589225913601,1.995854064379484,18.603963464307697
0.01507537688442211,10.459183673469388,0.21039853258410282,1.988580453748676,27.13523150372652
0.020100502512562814,10.459183673469388,0.3671323948327247,1.978471694342971,35.16004220830024
0.02512562814070352,10.459183673469388,0.5629083128840029,1.9657166725007291,42.67373637483248
0.03015075376884422,10.459183673469388,0.7951606616386591,1.950405109630703,49.677005007404155
0.035175879396984924,10.459183673469388,1.0613217159626516,1.9325999360773254,56.169545813823646
0.04020100502512563,10.459183673469388,1.3588239003917575,1.912364097380795,62.15129673895256
0.04522613065326633,10.459183673469388,1.6850974832365049,1.8897258339805112,67.62094383061172
0.05025125628140704,10.459183673469388,2.037571773524341,1.8647246561105186,72.57911017992045
0.05527638190954774,10.459183673469388,2.413674135950219,1.8373732821789068,77.024976120655
0.06030150753768844,10.459183673469388,2.810828919239687,1.807650978665811,80.95714914176965
0.06532663316582915,10.459183673469388,3.226461572964426,1.7755496439994614,84.37676950417128
0.07035175879396985,10.459183673469388,3.6579892273030294,1.741002355563685,87.28277135198562
0.07537688442211055,10.459183673469388,4.102828550444952,1.7039318315942404,89.67671613578311
0.08040201005025126,10.459183673469388,4.558386199653314,1.6642004573349198,91.55176661326149
0.08542713567839195,10.459183673469388,5.0220634187867095,1.6216134586361086,92.90452402539388
0.09045226130653267,10.459183673469388,5.491245308319702,1.5759010281443089,93.74021370177775
0.09547738693467336,10.459183673469388,5.963293489132956,1.526649322648577,94.04246558801464
0.10050251256281408,10.459183673469388,6.435534240345009,1.4732195496135774,93.81744358649517
0.10552763819095477,10.459183673469388,6.905221471846393,1.414643598859697,93.03373197493084
0.11055276381909548,10.459183673469388,7.369476573286792,1.3492419667385587,91.63098759374752
0.11557788944723618,10.459183673469388,7.8250718421168655,1.2739875356363524,89.55664575503916
0.12060301507537688,10.459183673469388,8.267806483652189,1.182391470426228,86.39275113721403
0.12562814070351758,10.459183673469388,8.689426996337117,1.0576517571810768,80.59971023072264
0.1306532663316583,10.459183673469388,9.055892718082479,0.8472738783493399,61.66142567325783
0.135678391959799,10.459183673469388,9.264972784995525,0.5022871115310105,24.599899576272357
0.1407035175879397,10.459183673469388,9.349403012006846,0.12402516698952681,11.226216584804371
0.1457286432160804,10.459183673469388,9.39312461866276,-0.2388808852611372,6.838144597705988
0.1507537688442211,10.459183673469388,9.421956523522889,-0.5782116478329393,4.926469207069422
0.15577889447236182,10.459183673469388,9.44416976635294,-0.8903967154630363,4.025483398691577
0.16080402010050251,10.459183673469388,9.463367289739775,-1.1725751687776464,3.6407342649739984
0.1658291457286432,10.459183673469388,9.481628847355294,-1.4220223974917436,3.6352824298078783
0.1708542713567839,10.459183673469388,9.500819520513307,-1.6359935590782104,4.148988001158577
0.17587939698492464,10.459183673469388,9.523565786572854,-1.8114882140966981,5.309705250456827
0.18090452261306533,10.459183673469388,9.557057155630414,-1.9436102602338117,9.028487923276634
0.18592964824120603,10.459183673469388,9.619913095262127,-2.0082041537832214,13.570233173975238
0.19095477386934673,10.459183673469388,9.667506336489804,-2.013791384661781,4.861567013591644
0.19597989949748743,10.459183673469388,9.679587783148042,-2.013799488988109,4.712964359904209
0.20100502512562815,10.459183673469388,9.726265999986738,-2.0121234643295614,13.779284071520328
0.20603015075376885,10.459183673469388,9.817243069782862,-2.0067264239087885,22.350830948493527
0.21105527638190955,10.459183673469388,9.950096551499653,-1.998310053928084,30.444333588177102
0.21608040201005024,10.459183673469388,10.122403912946007,-1.9872802592819012,38.05262700504363
0.22110552763819097,10.459183673469388,10.331722425314169,-1.9737423606183064,45.17491935873023
0.22613065326633167,10.459183673469388,10.575608961595464,-1.9577686356605675,51.81083778572792
0.23115577889447236,10.459183673469388,10.851619729069071,-1.939418154574583,57.96047694930617
0.23618090452261306,10.459183673469388,11.157309272681221,-1.9187474573434193,63.62314079937382
0.24120603015075376,10.459183673469388,11.49023115688427,-1.895783916788928,68.79917952005611
0.24623115577889448,10.459183673469388,11.84793711304678,-1.8705520154221253,73.48702992861787
0.25125628140703515,10.459183673469388,12.227977990248412,-1.8430606329253942,77.68941800746282
0.2562814070351759,10.459183673469388,12.627902431109908,-1.813307150577085,81.40060915445265
0.2613065326633166,10.459183673469388,13.045257469137516,-1.781261209712624,84.62461445189956
0.2663316582914573,10.459183673469388,13.477588792356983,-1.7468674174037324,87.35952214725309
0.271356783919598,10.459183673469388,13.922430712681217,-1.7100502431602416,89.60841154771832
0.27638190954773867,10.459183673469388,14.377318677829626,-1.6706790460369734,91.3621826831309
0.2814070351758794,10.459183673469388,14.83977665150741,-1.6285744943134208,92.61579364319823
0.2864321608040201,10.459183673469388,15.307318354983646,-1.5834795381586275,93.37821066856098
0.2914572864321608,10.459183673469388,15.777434867414893,-1.5350043028619007,93.64696465749822
0.2964824120603015,10.459183673469388,16.24758062735084,-1.482582190051496,93.38809395062476
0.3015075376884422,10.459183673469388,16.71515212786504,-1.4253160711058541,92.60887646371636
0.3065326633165829,10.459183673469388,17.177435012067544,-1.361735552259113,91.26708584499693
0.31155778894472363,10.459183673469388,17.631421425873523,-1.2891951460976174,89.28632836349111
0.3165829145728643,10.459183673469388,18.0733798542671,-1.202313187490875,86.4117140483859
0.32160804020100503,10.459183673469388,18.496654325731637,-1.087768537992416,81.57231258940267
0.32663316582914576,10.459183673469388,18.877837553166962,-0.9047259266767252,68.19429156295311
0.3316582914572864,10.459183673469388,19.124966451269263,-0.5870307892153781,30.52695383754657
0.33668341708542715,10.459183673469388,19.22660630370201,-0.21264021595570948,13.205941590904178
0.3417085427135678,10.459183673469388,19.275954155527955,0.15115866795166147,7.577842325625706
0.34673366834170855,10.459183673469388,19.307074919477273,0.4929735811836965,5.176330561989842
0.35175879396984927,10.459183673469388,19.330303297718878,0.808942672033331,4.193524059113814
0.35678391959798994,10.459183673469388,19.349857478494787,1.09623678155503,3.6967181191431933
0.36180904522613067,10.459183673469388,19.367995069424985,1.352258529911108,3.6003122036683552
0.36683417085427134,10.459183673469388,19.38642775141291,1.5744076341831263,3.891857507165634
0.37185929648241206,10.459183673469388,19.407407053408843,1.7599294307844646,4.621532732485904
0.3768844221105528,10.459183673469388,19.435526996613497,1.9052000289707938,6.9040498523117835
0.38190954773869346,10.459183673469388,19.487077852045616,1.9967381753950002,13.810282799465677
0.3869346733668342,10.459183673469388,19.547438572533167,2.013434365988145,8.133659137480457
0.39195979899497485,10.459183673469388,19.565774556225485,2.013831582316361,1.238247170053145
0.3969849246231156,10.459183673469388,19.59546549437577,2.01315540727268,10.493400359769131
0.4020100502512563,10.459183673469388,19.670381829943643,2.009116171654318,19.242454284673453
0.40703517587939697,10.459183673469388,19.788060569238006,2.0017292407327285,27.513797565427293
0.4120603015075377,10.459183673469388,19.94609058964688,1.991646782284388,35.301288701137764
0.41708542713567837,10.459183673469388,20.14203415260048,1.97902555832886,42.60291409515372
0.4221105527638191,10.459183673469388,20.37344905339346,1.963943173506974,49.41830534410555
0.4271356783919598,10.459183673469388,20.63789025301374,1.9464632601645173,55.747313349230744
0.4321608040201005,10.459183673469388,20.932912980505606,1.9266451223459566,61.59053329922731
0.4371859296482412,10.459183673469388,21.256071341445324,1.9045195105736972,66.94605728577042
0.44221105527638194,10.459183673469388,21.604919327061342,1.8801248093104312,71.81524967761375
0.4472361809045226,10.459183673469388,21.977006355164214,1.8534711452732076,76.19415966049611
0.45226130653266333,10.459183673469388,22.36988006949698,1.8245528676694738,80.0896095182193
0.457286432160804,10.459183673469388,22.781093494857586,1.7933535974567563,83.49278297646342
0.4623115577889447,10.459183673469388,23.20818352788646,1.7598342437372414,86.408745834122
0.46733668341708545,10.459183673469388,23.648696746791586,1.7239256264089688,88.83758919489125
0.4723618090452261,10.459183673469388,24.10016088648065,1.6855121238426374,90.7716852646892
0.47738693467336685,10.459183673469388,24.560117250354768,1.6444465372603942,92.21237475076285
0.4824120603015075,10.459183673469388,25.02607117829275,1.6004870114765104,93.1618220752887
0.48743718592964824,10.459183673469388,25.49554068405159,1.5533167601768534,93.60176925261902
0.49246231155778897,10.459183673469388,25.96596897161463,1.5024344910435907,93.54154244369674
0.49748743718592964,10.459183673469388,26.434783650629694,1.4470872043810317,92.97442982746479
0.5025125628140703,10.459183673469388,26.899345507076582,1.3860594687135463,91.83669028739293
0.507537688442211,10.459183673469388,27.356774948270147,1.3172598725145073,90.0991081513973
0.5125628140703518,10.459183673469388,27.80369772873988,1.2366064699302521,87.62138454363271
0.5175879396984925,10.459183673469388,28.23506446012222,1.1348559656762742,83.72793661523572
0.5226130653266332,10.459183673469388,28.637458438094207,0.9852414023872679,75.0499540692987
0.5276381909547738,10.459183673469388,28.94776961689938,0.7182950370247774,43.40189363573421
0.5326633165829145,10.459183673469388,29.090354472180458,0.35096204616207144,17.04938308060939
0.5376884422110553,10.459183673469388,29.15252838580389,-0.01912609614819102,8.895217152732286
0.542713567839196,10.459183673469388,29.188567142759446,-0.3696438684539037,5.836043995088917
0.5477386934673367,10.459183673469388,29.214033281816473,-0.6955000607873023,4.4336670982539115
0.5527638190954773,10.459183673469388,29.23462202210073,-0.9936898761383735,3.81563609618311
0.5577889447236181,10.459183673469388,29.253071712677333,-1.2615700706976654,3.6005566501102244
0.5628140703517588,10.459183673469388,29.271206083850075,-1.4965193685969604,3.7453416301830695
0.5678391959798995,10.459183673469388,29.2908722017564,-1.6959115604412727,4.262143137643828
0.5728643216080402,10.459183673469388,29.31544700490916,-1.8566429858786613,5.892324584054334
0.5778894472361809,10.459183673469388,29.355215425799646,-1.9718018561638424,10.921316149362958
0.5829145728643216,10.459183673469388,29.421074946760392,-2.0118320790324073,11.38240449879306
0.5879396984924623,10.459183673469388,29.45578976588393,-2.0138294213630643,2.2779811806091788
0.592964824120603,10.459183673469388,29.470888350945653,-2.013665920089179,7.134873893041433
0.5979899497487438,10.459183673469388,29.52939730539833,-2.01105266907068,16.067743537108164
0.6030150753768844,10.459183673469388,29.631561614812014,-2.004782859626916,24.514815879216343
0.6080402010050251,10.459183673469388,29.774972292834434,-1.9956662620005756,32.48168711488265
0.6130653266331658,10.459183673469388,29.95719847614693,-1.9839737217564595,39.96312446281582
0.6180904522613065,10.459183673469388,30.17579719953093,-1.9697912637178847,46.95805745445647
0.6231155778894473,10.459183673469388,30.428324165116436,-1.9531914187349653,53.46712852453923
0.628140703517588,10.459183673469388,30.71233711565522,-1.9342298917933916,59.48850453212315
0.6331658291457286,10.459183673469388,31.02538958257436,-1.9129498490421912,65.02445499736766
0.6381909547738693,10.459183673469388,31.365032855046135,-1.889392474247922,70.07188349786325
0.6432160804020101,10.459183673469388,31.72882096305404,-1.8635705789020198,74.63271343257556
0.6482412060301508,10.459183673469388,32.11430348469848,-1.8354883869143799,78.7068776109429
0.6532663316582915,10.459183673469388,32.519032877356615,-1.8051433260367749,82.29154256360772
0.6582914572864321,10.459183673469388,32.94054600757193,-1.772482034585786,85.38941009982051
0.6633165829145728,10.459183673469388,33.37639038736608,-1.737469946205336,87.9948302855963
0.6683417085427136,10.459183673469388,33.82410570599445,-1.6999885944521629,90.11083284052962
0.6733668341708543,10.459183673469388,34.281213974392706,-1.6599249532088085,91.73900149219685
0.678391959798995,10.459183673469388,34.745239249248684,-1.6170687018225904,92.86281156689437
0.6834170854271356,10.459183673469388,35.21369714473125,-1.5711270696984643,93.49454263970829
0.6884422110552764,10.459183673469388,35.68405164893239,-1.5216906392694967,93.62159750883008
0.6934673366834171,10.459183673469388,36.15376208075594,-1.4680990170164174,93.2425933454964
0.6984924623115578,10.459183673469388,36.62020547193033,-1.4093668021963728,92.32348492142832
0.7035175879396985,10.459183673469388,37.08061129032797,-1.3437667342499526,90.81448986099898
0.7085427135678392,10.459183673469388,37.531852886281584,-1.26819039152736,88.6540726558513
0.7135678391959799,10.459183673469388,37.96977876926217,-1.1759132981543157,85.39714843382741
0.7185929648241206,10.459183673469388,38.38585751548669,-1.049441189722385,79.24791837918008
0.7236180904522613,10.459183673469388,38.74405881172626,-0.8348901389527099,57.8295281353118
0.7286432160804021,10.459183673469388,38.94419534107322,-0.48977855168625967,24.4864756197686
0.7336683417085427,10.459183673469388,39.02583455453871,-0.11566944768161735,11.297149385795818
0.7386934673366834,10.459183673469388,39.06867595690372,0.24291140347510165,6.747611879997355
0.7437185929648241,10.459183673469388,39.09712043969731,0.5782859041677477,4.904287701505271
0.7487437185929648,10.459183673469388,39.11910032098604,0.8870087066322492,3.989593836683264
0.7537688442211056,10.459183673469388,39.13810076576833,1.1663671845564876,3.6286475259723003
0.7587939698492462,10.459183673469388,39.15615483871122,1.4137827601938102,3.574755142463552
0.7638190954773869,10.459183673469388,39.174977093708016,1.6266110646469882,4.01857301071441
0.7688442211055276,10.459183673469388,39.19718245578668,1.8020447967242543,5.060515286816395
0.7738693467336684,10.459183673469388,39.22901819239017,1.9356902165877965,8.33584898979321
0.7788944723618091,10.459183673469388,39.289113261643905,2.0062782403210893,13.833565707775769
0.7839195979899497,10.459183673469388,39.34006290135368,2.0137469441733966,5.731736283207323
0.7889447236180904,10.459183673469388,39.3525343414015,2.0138189911686117,3.708849334524031
0.7939698492462312,10.459183673469388,39.39430594496066,2.012477989145491,12.829675038930937
0.7989949748743719,10.459183673469388,39.480642130715125,2.007460858886965,21.452975443090274
0.8040201005025126,10.459183673469388,39.609113328794464,1.9993380524899986,29.598201203379542
0.8090452261306532,10.459183673469388,39.7772994065202,1.988581291254407,37.25860396414013
0.8140703517587939,10.459183673469388,39.98275898790681,1.9753094944668428,44.4340254409006
0.8190954773869347,10.459183673469388,40.223050919128475,1.959595717492323,51.12178244543296
0.8241206030150754,10.459183673469388,40.495730277558145,1.9414995918430324,57.32396937377728
0.8291457286432161,10.459183673469388,40.79834745195931,1.9210742647354502,63.037943630991805
0.8341708542713567,10.459183673469388,41.12846023572915,1.8983506923236515,68.26684289798436
0.8391959798994975,10.459183673469388,41.48362291462677,1.8733623716684844,73.00683358506691
0.8442211055276382,10.459183673469388,41.86138439492612,1.8461156617709515,77.2604911176941
0.8492462311557789,10.459183673469388,42.259294072752944,1.8166104782770183,81.02724980440223
0.8542713567839196,10.459183673469388,42.67489559089684,1.784807844798273,84.30164958062694
0.8592964824120602,10.459183673469388,43.105739160182154,1.750668397679834,87.0904758388188
0.864321608040201,10.459183673469388,43.54935477312981,1.7141208354220274,89.38908762756297
0.8693467336683417,10.459183673469388,44.003286271091696,1.6750308771560418,91.1941913063992
0.8743718592964824,10.459183673469388,44.465052521313865,1.6332271240039922,92.50432305785486
0.8793969849246231,10.459183673469388,44.93216985152644,1.5884671364626963,93.31982693339394
0.8844221105527639,10.459183673469388,45.40213572621259,1.540377879865349,93.64429139571429
0.8894472361809045,10.459183673469388,45.87241805216701,1.4884149758749852,93.44387120331854
0.8944723618090452,10.459183673469388,46.340401550338825,1.4317244641638278,92.72793467774306
0.8994974874371859,10.459183673469388,46.80338460499274,1.3689212723723476,91.45572575625339
0.9045226130653267,10.459183673469388,47.2584161835268,1.2975379682504078,89.5366263043274
0.9095477386934674,10.459183673469388,47.70187420208699,1.2126169207974697,86.81424787507926
0.914572864321608,10.459183673469388,48.12770826983751,1.102181992005381,82.22284915186539
0.9195979899497487,10.459183673469388,48.51618785677974,0.9301201045304592,69.19007487584857
0.9246231155778895,10.459183673469388,48.7825986946431,0.6261121778057342,33.97899903428045
0.9296482412060302,10.459183673469388,48.89442270402455,0.2526220533643443,13.943581110591033
0.9346733668341709,10.459183673469388,48.94699093519288,-0.11316589540568309,7.886403381693573
0.9396984924623115,10.459183673469388,48.9793823379124,-0.4575670467301085,5.473977829151642
0.9447236180904522,10.459183673469388,49.003199022250236,-0.776444986147496,4.243979392820993
0.949748743718593,10.459183673469388,49.02302335763317,-1.0669443452253284,3.726633165530502
0.9547738693467337,10.459183673469388,49.041228405710534,-1.3264557328686344,3.601980148852457
0.9597989949748744,10.459183673469388,49.05954858739998,-1.55235447180588,3.858292565802103
0.964824120603015,10.459183673469388,49.080097454018365,-1.7419798016856671,4.628658182508549
0.9698492462311558,10.459183673469388,49.1070578412887,-1.8918837387062162,6.461139112479675
0.9748743718592965,10.459183673469388,49.15495406415061,-1.9909662977064573,13.311604545032344
0.9798994974874372,10.459183673469388,49.21810691238677,-2.0131750934562245,9.105826850830205
0.9849246231155779,10.459183673469388,49.2408315489519,-2.0138311293486755,2.1691729086876235
0.9899497487437185,10.459183673469388,49.442567905179196,-2.003038775927299,67.13937167660302
0.9949748743718593,10.459183673469388,49.80563174417591,-1.9797712516826576,66.41196797923467
1.0,10.459183673469388,50.0,-1.9671263585959748,0.0
0.0,10.479591836734693,0.0,2.0,0.0
0.005025125628140704,10.479591836734693,0.024218388953302552,1.9995378335949956,9.550670435837525
0.010050251256281407,10.479591836734693,0.09508902522456932,1.9958696844372434,18.570046655988968
0.01507537688442211,10.479591836734693,0.2100147336678654,1.988623372380016,27.08708426166535
0.020100502512562814,10.479591836734693,0.366474531462551,1.9785524054150911,35.099447768152274
0.02512562814070352,10.479591836734693,0.561918405393003,1.9658448243819269,42.602507165620025
0.03015075376884422,10.479591836734693,0.7937896795041683,1.9505900407163748,49.59694020190478
0.035175879396984924,10.479591836734693,1.0595299528682003,1.932850965095663,56.08246011151006
0.04020100502512563,10.479591836734693,1.3565809367760888,1.9126903140772977,62.05890781742519
0.04522613065326633,10.479591836734693,1.6823811340976331,1.8901363822248225,67.52527398736991
0.05025125628140704,10.479591836734693,2.03436995148985,1.8652288480697565,72.48188592862095
0.05527638190954774,10.479591836734693,2.4099838498344255,1.83798060897995,76.92772926694136
0.06030150753768844,10.479591836734693,2.8066561932033927,1.8083714339675308,80.86224032960105
0.06532663316582915,10.479591836734693,3.221820587881485,1.776394277556876,84.2855924190641
0.07035175879396985,10.479591836734693,3.652904889546291,1.7419857497720044,87.19751019100146
0.07537688442211055,10.479591836734693,4.0973333556743565,1.7050635369064786,89.59959020583047
0.08040201005025126,10.479591836734693,4.552523918972589,1.6654971273912818,91.48592431290291
0.08542713567839195,10.479591836734693,5.015886819624777,1.6231010395459338,92.84730486093919
0.09045226130653267,10.479591836734693,5.484815835453135,1.5776013410702934,93.69484111882899
0.09547738693467336,10.479591836734693,5.956684269113899,1.5285989176164905,94.01693186261842
0.10050251256281408,10.479591836734693,6.428830954300775,1.4754611184521647,93.8016480214496
0.10552763819095477,10.479591836734693,6.898524397158715,1.4172463727662508,93.0454445384982
0.11055276381909548,10.479591836734693,7.362902612234021,1.3523493280814616,91.67766621854025
0.11557788944723618,10.479591836734693,7.818776947303129,1.2777964253301313,89.64256666280815
0.12060301507537688,10.479591836734693,8.262055881054675,1.1874572317863168,86.56954137154989
0.12562814070351758,10.479591836734693,8.68488415304698,1.0653260473550803,80.90869220241017
0.1306532663316583,10.479591836734693,9.056149389179126,0.8618502996195343,61.77877644317135
0.135678391959799,10.479591836734693,9.27435736975692,0.5221094433918373,26.26786750025451
0.1407035175879397,10.479591836734693,9.362402216250933,0.14390342816029353,11.768357248721797
0.1457286432160804,10.479591836734693,9.407255853244855,-0.2198409568587289,7.0328116423079745
0.1507537688442211,10.479591836734693,9.436520173135433,-0.5602826437220289,4.932858015834682
0.15577889447236182,10.479591836734693,9.458930633200154,-0.8737818058287806,4.086198811212676
0.16080402010050251,10.479591836734693,9.478184933430567,-1.1574703056089142,3.684078961138346
0.1658291457286432,10.479591836734693,9.49641863075459,-1.408629472070695,3.6614555945890292
0.1708542713567839,10.479591836734693,9.51539682993111,-1.6245355873191092,3.977447172675806
0.17587939698492464,10.479591836734693,9.537803355331206,-1.802213912433505,5.142904695948726
0.18090452261306533,10.479591836734693,9.570102099430542,-1.9370924286544209,8.508497107584843
0.18592964824120603,10.479591836734693,9.631338008988807,-2.0068761457949322,13.973399194068733
0.19095477386934673,10.479591836734693,9.681545279232216,-2.0137456401721234,5.44548453236434
0.19597989949748743,10.479591836734693,9.693833848029826,-2.0137910381544515,4.123977109829945
0.20100502512562815,10.479591836734693,9.737591021003311,-2.012317623608259,13.205697747607466
0.20603015075376885,10.479591836734693,9.825724389531615,-2.007158105995737,21.792525170810304
0.21105527638190955,10.479591836734693,9.955815028296719,-1.9989417057471341,29.903301713390476
0.21608040201005024,10.479591836734693,10.12544975172228,-1.9881085963538485,37.53055131803795
0.22110552763819097,10.479591836734693,10.332197106699294,-1.9747758820367585,44.6743278321688
0.22613065326633167,10.479591836734693,10.573620394499953,-1.959010265913055,51.33228160651862
0.23115577889447236,10.479591836734693,10.847283976250509,-1.9408750830754251,57.50556633114371
0.23618090452261306,10.479591836734693,11.150753313712015,-1.9204159179690068,63.19395647044198
0.24120603015075376,10.479591836734693,11.481589816151821,-1.8976810224778788,68.39742963555469
0.24623115577889448,10.479591836734693,11.837352779637618,-1.8726836642047853,73.11563284512874
0.25125628140703515,10.479591836734693,12.215602414205984,-1.8454368178629288,77.34668443844899
0.2562814070351759,10.479591836734693,12.613893229124939,-1.8159303513285248,81.09228692902032
0.2613065326633166,10.479591836734693,13.029784673213436,-1.784154766802848,84.3511975961672
0.2663316582914573,10.479591836734693,13.460826090207233,-1.750042635776387,87.12183373005824
0.271356783919598,10.479591836734693,13.904563117488024,-1.7135177601813485,89.40587944150953
0.27638190954773867,10.479591836734693,14.35854154522674,-1.6744720756870575,91.19835844989723
0.2814070351758794,10.479591836734693,14.820301169041109,-1.6327313176006648,92.50288074408022
0.2864321608040201,10.479591836734693,15.28735774702394,-1.5880341536023057,93.30932426317354
0.2914572864321608,10.479591836734693,15.757215856429369,-1.540015797115836,93.61023811528803
0.2964824120603015,10.479591836734693,16.22734270857107,-1.488136788247531,93.40987882310847
0.3015075376884422,10.479591836734693,16.695158646058744,-1.4315509426364037,92.68442055380535
0.3065326633165829,10.479591836734693,17.157971220970513,-1.36887605372297,91.40417833405084
0.31155778894472363,10.479591836734693,17.61282864085545,-1.2976480051286752,89.50647563210426
0.3165829145728643,10.479591836734693,18.056138960575122,-1.2129636230744363,86.71992275713986
0.32160804020100503,10.479591836734693,18.48186810278979,-1.1029571455461618,82.13125449768593
0.32663316582914576,10.479591836734693,18.870547155639567,-0.931802700918711,69.5017253366895
0.3316582914572864,10.479591836734693,19.138012526010833,-0.6289119470007717,34.67707262218095
0.33668341708542715,10.479591836734693,19.250432241230577,-0.25577108383995295,14.036162228128722
0.3417085427135678,10.479591836734693,19.303144655841635,0.10989497084041787,7.8964778304920555
0.34673366834170855,10.479591836734693,19.335575368882196,0.4542452393660163,5.4302566227694165
0.35175879396984927,10.479591836734693,19.35938608103092,0.773143142454839,4.259921646599539
0.35678391959798994,10.479591836734693,19.37918639658524,1.0637238097487753,3.718086119630294
0.36180904522613067,10.479591836734693,19.397351039062183,1.3233843121589155,3.5744299066283025
0.36683417085427134,10.479591836734693,19.415617548832557,1.5495223049098332,3.8538130299768527
0.37185929648241206,10.479591836734693,19.436049685480377,1.7394669638037301,4.592667021061964
0.3768844221105528,10.479591836734693,19.462757213442696,1.8898039630667673,6.4171589284452315
0.38190954773869346,10.479591836734693,19.50996658563574,1.9899056749857267,13.21472711452755
0.3869346733668342,10.479591836734693,19.57336821266405,2.013098225403095,9.241124619707533
0.39195979899497485,10.479591836734693,19.596707080945578,2.013810903783695,0.048785973199811
0.3969849246231156,10.479591836734693,19.62053391783377,2.013359263545497,9.350283399976265
0.4020100502512563,10.479591836734693,19.689824080160037,2.0098137282933313,18.145400995763147
0.40703517587939697,10.479591836734693,19.802105553011025,2.0028172400768423,26.463007348093782
0.4120603015075377,10.479591836734693,19.954977587146423,1.9930942296074736,34.29938022892491
0.41708542713567837,10.479591836734693,20.146012924999713,1.9808299616391916,41.65155588930573
0.4221105527638191,10.479591836734693,20.372775793904232,1.9661024999128942,48.519932121270784
0.4271356783919598,10.479591836734693,20.632830805636104,1.9489850107516329,54.90223325618329
0.4321608040201005,10.479591836734693,20.923742730079887,1.929524342574464,60.79975439548829
0.4371859296482412,10.479591836734693,21.24307375433184,1.9077635315705974,66.21354175663132
0.44221105527638194,10.479591836734693,21.588385253227944,1.8837377682208856,71.1398914131662
0.4472361809045226,10.479591836734693,21.957238709957004,1.8574602657615928,75.5816080988656
0.45226130653266333,10.479591836734693,22.34719086518924,1.8289356560084438,79.53950373123892
0.457286432160804,10.479591836734693,22.755795156849352,1.7981418760727277,83.005124684279
0.4623115577889447,10.479591836734693,23.180613223636016,1.7650449955427496,85.98755107991767
0.46733668341708545,10.479591836734693,23.619179354696858,1.7295708652155581,88.4806065146032
0.4723618090452261,10.479591836734693,24.06904660594918,1.691637429582453,90.48535666347041
0.47738693467336685,10.479591836734693,24.52776709186698,1.651075853753191,91.99784192298746
0.4824120603015075,10.479591836734693,24.992848709896872,1.6076922446103874,93.01993721337475
0.48743718592964824,10.479591836734693,25.461810866748827,1.5611611066086686,93.54086856394628
0.49246231155778897,10.479591836734693,25.932134682237077,1.5110328488520737,93.56051100318996
0.49748743718592964,10.479591836734693,26.401259384312592,1.4566052677951211,93.07779439871139
0.5025125628140703,10.479591836734693,26.86656257109205,1.396778815917428,92.02822956077773
0.507537688442211,10.479591836734693,27.32523695559358,1.329650911901615,90.43762708603063
0.5125628140703518,10.479591836734693,27.774035398183244,1.2516488643624941,88.10659999383964
0.5175879396984925,10.479591836734693,28.208433025504036,1.154855035424106,84.56160184722658
0.5226130653266332,10.479591836734693,28.61778691522079,1.0175223595793585,77.28072319374604
0.5276381909547738,10.479591836734693,28.95315481133481,0.7765590686830306,51.43098666247855
0.5326633165829145,10.479591836734693,29.12116826986202,0.417745889250856,19.820678103940452
0.5376884422110553,10.479591836734693,29.191512888122855,0.04557697232090713,9.745611519832295
0.542713567839196,10.479591836734693,29.230449725941305,-0.30864835344266306,6.153433037318104
0.5477386934673367,10.479591836734693,29.25719622681056,-0.638907428447123,4.614164403213739
0.5527638190954773,10.479591836734693,29.278355987701122,-0.9420384882449706,3.8832345247015967
0.5577889447236181,10.479591836734693,29.29699480196486,-1.2153591042321676,3.600074696941065
0.5628140703517588,10.479591836734693,29.315014497506855,-1.4562828296616805,3.646657008710313
0.5678391959798995,10.479591836734693,29.334164530130266,-1.6621890696845787,4.058526905184115
0.5728643216080402,10.479591836734693,29.357374652485504,-1.8301262684620048,5.490327104503868
0.5778894472361809,10.479591836734693,29.392617806967063,-1.9547920595226038,9.616988465553646
0.5829145728643216,10.479591836734693,29.456663742226365,-2.0098001543807116,12.78085853462374
0.5879396984924623,10.479591836734693,29.499709752264156,-2.0137907413212273,4.025356254111424
0.592964824120603,10.479591836734693,29.511863012072794,-2.013754183376567,5.401675615528732
0.5979899497487438,10.479591836734693,29.561863818395516,-2.011830202234539,14.41316104141075
0.6030150753768844,10.479591836734693,29.655899963922533,-2.006195904473204,22.93481536815723
0.6080402010050251,10.479591836734693,29.791564774895637,-1.9976088072006886,30.979420106837704
0.6130653266331658,10.479591836734693,29.96643968836832,-1.9864281851455143,38.54015719880031
0.6180904522613065,10.479591836734693,30.178092970584476,-1.972755649223012,45.61656319512454
0.6231155778894473,10.479591836734693,30.42408817519053,-1.956660758194273,52.20831299610179
0.628140703517588,10.479591836734693,30.701991855829913,-1.9382015200501383,58.315452598783615
0.6331658291457286,10.479591836734693,31.00936481276318,-1.9174338106446467,63.93724670080109
0.6381909547738693,10.479591836734693,31.34376598735,-1.8943844153458407,69.07408576422687
0.6432160804020101,10.479591836734693,31.70276154492199,-1.869076268477848,73.72448361790622
0.6482412060301508,10.479591836734693,32.083909461226014,-1.841518271262453,77.89120459703872
0.6532663316582915,10.479591836734693,32.484769868300546,-1.8117055887193507,81.56814156896692
0.6582914572864321,10.479591836734693,32.902894852896054,-1.7796082912607374,84.75964349748241
0.6633165829145728,10.479591836734693,33.33582746071115,-1.745170616753632,87.46371987572905
0.6683417085427136,10.479591836734693,33.78112647277965,-1.7083161451109918,89.68204085644803
0.6733668341708543,10.479591836734693,34.2363342583581,-1.6689093512978999,91.4088936648459
0.678391959798995,10.479591836734693,34.69896946159556,-1.6267701910285381,92.63776851681311
0.6834170854271356,10.479591836734693,35.16655704607397,-1.5816452287829104,93.3752889244387
0.6884422110552764,10.479591836734693,35.636611795516075,-1.5331395542661386,93.61827978225092
0.6934673366834171,10.479591836734693,36.10658876558931,-1.4806697477383979,93.34017940463114
0.6984924623115578,10.479591836734693,36.57386993602969,-1.42334486668905,92.54193980112977
0.7035175879396985,10.479591836734693,37.03576882812983,-1.3596719161768493,91.18370243789688
0.7085427135678392,10.479591836734693,37.48927562930083,-1.2869747988650178,89.20018585030505
0.7135678391959799,10.479591836734693,37.93061108559558,-1.1997793551500593,86.33267667026499
0.7185929648241206,10.479591836734693,38.3530584131114,-1.084453012395391,81.32509106320452
0.7236180904522613,10.479591836734693,38.73234897608497,-0.8991101766468851,66.30722904247348
0.7286432160804021,10.479591836734693,38.97502937650381,-0.5787736485923268,29.785555096107572
0.7336683417085427,10.479591836734693,39.07455931952188,-0.20450350748206317,12.722374794813406
0.7386934673366834,10.479591836734693,39.12319854896783,0.15862138522749858,7.451788701539418
0.7437185929648241,10.479591836734693,39.15400000441629,0.49966655837723156,5.130286980725115
0.7487437185929648,10.479591836734693,39.17706340645022,0.8148283135093638,4.16507481071647
0.7537688442211056,10.479591836734693,39.19652074637877,1.1013097801959033,3.6828755174340753
0.7587939698492462,10.479591836734693,39.21460009175089,1.3565195349437824,3.598025298057468
0.7638190954773869,10.479591836734693,39.23300003984544,1.5778463216999117,3.8622384542362886
0.7688442211055276,10.479591836734693,39.25399338949436,1.7625664336337679,4.624415682431541
0.7738693467336684,10.479591836734693,39.282230299694035,1.9070565046668229,7.0909941656233775
0.7788944723618091,10.479591836734693,39.33415712126786,1.997403251610735,14.087554687030458
0.7839195979899497,10.479591836734693,39.394053068033635,2.013441213603492,8.004346216902322
0.7889447236180904,10.479591836734693,39.41192527789397,2.0138106631149704,1.3558799686547822
0.7939698492462312,10.479591836734693,39.44214789694029,2.013109222804792,10.587605964427837
0.7989949748743719,10.479591836734693,39.51748419095706,2.00903575134811,19.315785260703255
0.8040201005025126,10.479591836734693,39.63548172834543,2.0016396930087876,27.567624087217986
0.8090452261306532,10.479591836734693,39.79373701851616,1.9915621614396974,35.337295871701954
0.8140703517587939,10.479591836734693,39.989819867849775,1.978956351947781,42.623010863247146
0.8190954773869347,10.479591836734693,40.22129685447757,1.963898056781841,49.42428150684331
0.8241206030150754,10.479591836734693,40.48572986420022,1.9464544098786418,55.740162116348614
0.8291457286432161,10.479591836734693,40.78068787499848,1.9266731041648277,61.571119376789035
0.8341708542713567,10.479591836734693,41.10373040886078,1.9046048901290802,66.91693818873574
0.8391959798994975,10.479591836734693,41.45241316135734,1.8802693878927248,71.77739738296455
0.8442211055276382,10.479591836734693,41.824305737057585,1.8536815554002413,76.1532257009054
0.8492462311557789,10.479591836734693,42.216958753351975,1.824848588655552,80.04071395145182
0.8542713567839196,10.479591836734693,42.6279354134038,1.7937427263572983,83.44373091250755
0.8592964824120602,10.479591836734693,43.054778901010245,1.7603235685844951,86.3587567382337
0.864321608040201,10.479591836734693,43.49504225311067,1.724520043149016,88.78348532732807
0.8693467336683417,10.479591836734693,43.9462808961913,1.6862334607581475,90.72113946984159
0.8743718592964824,10.479591836734693,44.40601542482922,1.6452987094766487,92.16632609862177
0.8793969849246231,10.479591836734693,44.87177306499787,1.6015054307093728,93.11982440610292
0.8844221105527639,10.479591836734693,45.341071302076536,1.5545059515248498,93.57339264133333
0.8894472361809045,10.479591836734693,45.81139042944841,1.5038354397244065,93.52253617171047
0.8944723618090452,10.479591836734693,46.28016274898413,1.448753501179727,92.95457183781565
0.8994974874371859,10.479591836734693,46.74474508181701,1.3880554941582832,91.86337919375498
0.9045226130653267,10.479591836734693,47.20225466381179,1.3196987345118085,90.14194036827057
0.9095477386934674,10.479591836734693,47.64937932343621,1.2397460124489976,87.69772558951516
0.914572864321608,10.479591836734693,48.08123136902081,1.1392674605577633,83.89265780526343
0.9195979899497487,10.479591836734693,48.485116277086235,0.9927519271643622,75.78121244706338
0.9246231155778895,10.479591836734693,48.80120618913512,0.7317619757156613,46.65446732169578
0.9296482412060302,10.479591836734693,48.94904603469391,0.3661826957367069,17.830545092080683
0.9346733668341709,10.479591836734693,49.012817788013656,-0.004238267422428663,9.080459797912235
0.9396984924623115,10.479591836734693,49.04940544558852,-0.3554264130088139,5.883859445982562
0.9447236180904522,10.479591836734693,49.07511948091102,-0.6821346794564872,4.535938824151491
0.949748743718593,10.479591836734693,49.095792570127536,-0.98132011316596,3.8282836638304816
0.9547738693467337,10.479591836734693,49.11423750746008,-1.2503404301548269,3.584265758361287
0.9597989949748744,10.479591836734693,49.13228553378801,-1.4866008163379791,3.6757414882522
0.964824120603015,10.479591836734693,49.15183522695667,-1.6874940612920677,4.235791888295347
0.9698492462311558,10.479591836734693,49.175971305510245,-1.8499824369298263,5.754625119110921
0.9748743718592965,10.479591836734693,49.214389742629805,-1.9676262440548529,10.843060074636657
0.9798994974874372,10.479591836734693,49.27998391704899,-2.0114062772617265,11.76772748591361
0.9849246231155779,10.479591836734693,49.31688517911233,-2.0138074082163877,2.7414912877421402
0.9899497487437185,10.479591836734693,49.43490427105093,-2.008422254122295,58.03917133238681
0.9949748743718593,10.479591836734693,49.79036473468013,-1.9858391901280572,69.83208054503123
1.0,10.479591836734693,50.0,-1.9722926875972622,-1.2363481238110102e-14
0.0,10.5,0.0,2.0,0.0
0.005025125628140704,10.5,0.024172970579029434,1.9995395722975389,9.532910255144454
0.010050251256281407,10.5,0.09491375244373527,1.9958851598033918,18.536441243789735
0.01507537688442211,10.5,0.20963440514238246,1.9886659167134169,27.039376896763965
0.020100502512562814,10.5,0.36582280572817116,1.978632418345355,35.039404496427515
0.02512562814070352,10.5,0.5609376848707417,1.965971887295826,42.53192239407854
0.03015075376884422,10.5,0.7924314985460823,1.9507734066145228,49.51759522082619
0.035175879396984924,10.5,1.057754938048443,1.933099866828492,55.996150010345744
0.04020100502512563,10.5,1.3543583406271733,1.9130137776754967,61.96734642282236
0.04522613065326633,10.5,1.6796892449112146,1.8905434999338204,67.43043548019034
0.05025125628140704,10.5,2.031195649220622,1.865728904169616,72.38549266608452
0.05527638190954774,10.5,2.4063232097970193,1.838583021922508,76.83134322212217
0.06030150753768844,10.5,2.8025156050024846,1.8090862326157742,80.7681227984504
0.06532663316582915,10.5,3.2172153725828565,1.7772321745982624,84.19519214298465
0.07035175879396985,10.5,3.6478577720905787,1.7429591433031824,87.11273650036726
0.07537688442211055,10.5,4.0918785102116635,1.7061868733732235,89.52221014887365
0.08040201005025126,10.5,4.546703183980388,1.6667855050773555,91.41803722464472
0.08542713567839195,10.5,5.009751022846001,1.6245756038148171,92.7908110580185
0.09045226130653267,10.5,5.478429362591081,1.5792865947416903,93.65136035744497
0.09547738693467336,10.5,5.950119978947812,1.5305275059587549,93.99149795106396
0.10050251256281408,10.5,6.422173512998597,1.4776832571938963,93.79097012732538
0.10552763819095477,10.5,6.891873465998596,1.419826996196598,93.0485029344563
0.11055276381909548,10.5,7.356376896301328,1.3554067738215134,91.73585328275186
0.11557788944723618,10.5,7.812527027401628,1.281562896983163,89.68880966138968
0.12060301507537688,10.5,8.25631903775768,1.1923870239808436,86.70900884509857
0.12562814070351758,10.5,8.680320296196797,1.0728497613152965,81.35544358981406
0.1306532663316583,10.5,9.055973903733541,0.8759077043466249,65.39071583547792
0.135678391959799,10.5,9.283505378591853,0.5418452545054976,27.94512433260047
0.1407035175879397,10.5,9.375279404555657,0.16376866582219654,11.988929395128036
0.1457286432160804,10.5,9.421350487605071,-0.20079280511376604,7.028297341074044
0.1507537688442211,10.5,9.451088606707243,-0.5423255518196042,5.09354483157297
0.15577889447236182,10.5,9.473691577841107,-0.8571203251646958,4.067916460772006
0.16080402010050251,10.5,9.493003146636335,-1.142292948190611,3.6565865170320793
0.1658291457286432,10.5,9.511184412893927,-1.3951449141501986,3.6370662656512045
0.1708542713567839,10.5,9.530073399081303,-1.6129528460340101,3.9712289631900513
0.17587939698492464,10.5,9.552046670400227,-1.7927996206204533,4.775663508612887
0.18090452261306533,10.5,9.583285441295102,-1.9303433618754202,8.021291940189185
0.18592964824120603,10.5,9.642649383797599,-2.005284828128803,14.173998596027083
0.19095477386934673,10.5,9.69535692359594,-2.0136896186034945,6.023506584418102
0.19597989949748743,10.5,9.708215179694008,-2.0137791998449557,3.5373027766468232
0.20100502512562815,10.5,9.74906290526707,-2.0124977544970277,12.634412275246136
0.20603015075376885,10.5,9.834363460289095,-2.007577729394467,21.23646543257545
0.21105527638190955,10.5,9.961701646418211,-1.9995606805687225,29.364154713525426
0.21608040201005024,10.5,10.12867371442642,-1.988925647131857,37.01022976601096
0.22110552763819097,10.5,10.332858317861831,-1.9757889864998552,44.17424097236427
0.22613065326633167,10.5,10.571828096404381,-1.9602301068488255,50.85476186249319
0.23115577889447236,10.5,10.843153461418385,-1.9423058091636844,57.05292171306575
0.23618090452261306,10.5,11.14440634480472,-1.9220690543154337,62.765926737197
0.24120603015075376,10.5,11.473158089931664,-1.8995487093228407,67.99682532177026
0.24623115577889448,10.5,11.826977063036683,-1.8747821386616852,72.74276088544072
0.25125628140703515,10.5,12.203433998059138,-1.8477744177113622,77.00557914551659
0.2562814070351759,10.5,12.600090691710832,-1.8185278596806174,80.78498744819724
0.2613065326633166,10.5,13.014514523510208,-1.787005244351061,84.07522785457391
0.2663316582914573,10.5,13.444264015303837,-1.7531702062806058,86.88287241151305
0.271356783919598,10.5,13.886897003741476,-1.7169520768756887,89.2063376016903
0.27638190954773867,10.5,14.339965756673953,-1.6782250208592842,91.03963037304612
0.2814070351758794,10.5,14.801011442302059,-1.6368324612854337,92.37872330313465
0.2864321608040201,10.5,15.267565628341544,-1.5925277500286708,93.22882387603254
0.2914572864321608,10.5,15.737147447224851,-1.544956066752482,93.57949105992128
0.2964824120603015,10.5,16.207238055410894,-1.4936101217330648,93.42827202732603
0.3015075376884422,10.5,16.67526953930314,-1.4376871901958186,92.75379981147759
0.3065326633165829,10.5,17.138573757228972,-1.3758798220233412,91.53487863832466
0.31155778894472363,10.5,17.594256252161635,-1.305901011842555,89.69754485509796
0.3165829145728643,10.5,18.038844659150737,-1.223240528311901,87.10377629146821
0.32160804020100503,10.5,18.466812386129202,-1.1173212601419085,82.78254158188365
0.32663316582914576,10.5,18.86182581766919,-0.9567829857423911,71.83296647254862
0.3316582914572864,10.5,19.14885740137588,-0.6698231453416001,38.284396700888
0.33668341708542715,10.5,19.273626339108485,-0.2989110592867494,15.298756438711713
0.3417085427135678,10.5,19.330129180518863,0.06847903786231391,8.396442430821718
0.34673366834170855,10.5,19.36399346207671,0.41530311041802104,5.515589472122176
0.35175879396984927,10.5,19.388447792969867,0.737069698713698,4.3028702829993355
0.35678391959798994,10.5,19.408513685505664,1.0308667861339937,3.745361354587072
0.36180904522613067,10.5,19.42671805665907,1.2940902121235665,3.57825559510508
0.36683417085427134,10.5,19.44482132789626,1.5241743700721093,3.693252375432951
0.37185929648241206,10.5,19.464806394111445,1.718448730701353,4.1525547752392376
0.3768844221105528,10.5,19.49028703978849,1.873683911389584,6.08855109691682
0.38190954773869346,10.5,19.533366852908586,1.9815036956108425,12.25884814806818
0.3869346733668342,10.5,19.598502514391484,2.012566413802707,10.319460293629549
0.39195979899497485,10.5,19.627555714674024,2.013790078593365,1.1312681015301886
0.3969849246231156,10.5,19.646206434547796,2.013510744893103,8.208474346549435
0.4020100502512563,10.5,19.709877444963343,2.010459409080061,17.049721752479986
0.40703517587939697,10.5,19.816764787030365,2.0038610750419568,25.412505255194798
0.4120603015075377,10.5,19.964477943294696,1.9944959966046212,33.29688005843333
0.41708542713567837,10.5,20.150599892249787,1.9825856339810775,40.69867953897553
0.4221105527638191,10.5,20.372704963387648,1.968214649632352,47.61773499022748
0.4271356783919598,10.5,20.628366095754693,1.9514489629567242,54.05361322517961
0.4321608040201005,10.5,20.915157457016605,1.9323436078433702,60.00682785332797
0.4371859296482412,10.5,21.230643121033122,1.910949322713008,65.47545482554447
0.44221105527638194,10.5,21.57239830380869,1.887290992550747,70.4609016940439
0.4472361809045226,10.5,21.93799224639453,1.8613864701565865,74.96310513103451
0.45226130653266333,10.5,22.324988533275487,1.8332487830670672,78.97968229132096
0.457286432160804,10.5,22.730953212981614,1.8028522954933786,82.5139117874527
0.4623115577889447,10.5,23.15344854861952,1.770166985492316,85.56185877202692
0.46733668341708545,10.5,23.59002810991785,1.7351376815540291,88.12120991854125
0.4723618090452261,10.5,24.038257973626212,1.6976576174248492,90.19506772135897
0.47738693467336685,10.5,24.495672361724846,1.657603701654019,91.77948784144006
0.4824120603015075,10.5,24.959823932045257,1.6147719041072717,92.86957581017722
0.48743718592964824,10.5,25.428228838089165,1.5688667163327095,93.46917435184696
0.49246231155778897,10.5,25.898389155247852,1.5194721953511166,93.5659692593444
0.49748743718592964,10.5,26.367753422980172,1.4659260777499905,93.1622728121741
0.5025125628140703,10.5,26.8337255005736,1.4072384130090212,92.21300298544949
0.507537688442211,10.5,27.293553215058985,1.341664515680001,90.68947294318865
0.5125628140703518,10.5,27.744118137468934,1.266071020869354,88.48201335310478
0.5175879396984925,10.5,28.181255869020845,1.1736601982680217,85.25992652464558
0.5226130653266332,10.5,28.596314819087812,1.0466106623885585,78.91265461963351
0.5276381909547738,10.5,28.95236717318006,0.8303452785340917,58.82290701061583
0.5326633165829145,10.5,29.14928556209924,0.48428521658456763,23.16812750656147
0.5376884422110553,10.5,29.229656899525136,0.11077480041185243,10.760721208147967
0.542713567839196,10.5,29.27201573874787,-0.24698838257829248,6.566973832642497
0.5477386934673367,10.5,29.300198703053734,-0.5815040462912502,4.814497417397623
0.5527638190954773,10.5,29.32203017776672,-0.8894451626792612,3.9930582406317403
0.5577889447236181,10.5,29.340912892524095,-1.1680807711734886,3.6236776502133248
0.5628140703517588,10.5,29.35886329909103,-1.4148241585900305,3.6371228456269034
0.5678391959798995,10.5,29.377634722302485,-1.627105174783221,3.8496960796570376
0.5728643216080402,10.5,29.39965681911824,-1.802099340630261,5.074018981609643
0.5778894472361809,10.5,29.431330870186027,-1.935438614287313,8.371416861366914
0.5829145728643216,10.5,29.491026239367198,-2.006135372796371,13.879844025993961
0.5879396984924623,10.5,29.54191534471228,-2.0136977412236985,5.74480180805203
0.592964824120603,10.5,29.55437846258318,-2.013777958087677,3.6607939275454435
0.5979899497487438,10.5,29.59582880374273,-2.012466345812672,12.750944149195115
0.6030150753768844,10.5,29.681697771949935,-2.007502553077859,21.346498608424294
0.6080402010050251,10.5,29.809570979133305,-1.9994496779441204,29.46737052839641
0.6130653266331658,10.5,29.977045974083143,-1.9887803534990014,37.10702046614054
0.6180904522613065,10.5,30.1816969789401,-1.9756157304420092,44.26375018198608
0.6231155778894473,10.5,30.42109880784496,-1.9600249774505425,50.937606856386594
0.628140703517588,10.5,30.692824583389807,-1.9420694265490588,57.12840875490577
0.6331658291457286,10.5,30.994449770070982,-1.9217993755754141,62.83701274282653
0.6381909547738693,10.5,31.32353987716136,-1.8992548367833135,68.05990706727985
0.6432160804020101,10.5,31.677667694054836,-1.8744592160965403,72.79997066828402
0.6482412060301508,10.5,32.054396777680836,-1.8474228501790855,77.05712703369917
0.6532663316582915,10.5,32.45129666191593,-1.818147676731427,80.82743057276284
0.6582914572864321,10.5,32.86592990980392,-1.7865971524524287,84.1170869268729
0.6633165829145728,10.5,33.29585998995203,-1.7527304404214235,86.91589961703228
0.6683417085427136,10.5,33.73863953463497,-1.7164818350292,89.2277374645533
0.6733668341708543,10.5,34.19182632808319,-1.6777251352257887,91.05631063523005
0.678391959798995,10.5,34.65295263597169,-1.636289110581446,92.38994066175306
0.6834170854271356,10.5,35.119570203861805,-1.5919480268129913,93.23265784822944
0.6884422110552764,10.5,35.589161146675615,-1.5443359591081685,93.58367689981091
0.6934673366834171,10.5,36.0592300099332,-1.492947057009504,93.4300207064132
0.6984924623115578,10.5,36.52723385696472,-1.4369504883321675,92.7559079401905
0.7035175879396985,10.5,36.99045691456877,-1.3750515141356858,91.5196092461128
0.7085427135678392,10.5,37.44602107984729,-1.3049494563710107,89.67264065387262
0.7135678391959799,10.5,37.890428831213136,-1.2221068969998619,87.0095008599068
0.7185929648241206,10.5,38.31814597949192,-1.1157595596387184,82.88661826902863
0.7236180904522613,10.5,38.71249720747198,-0.9541209188625009,72.52779942417841
0.7286432160804021,10.5,38.997418928479334,-0.6653959278577234,37.429566968922785
0.7336683417085427,10.5,39.12072414017886,-0.29419280730955877,15.488927268415482
0.7386934673366834,10.5,39.17677629889124,0.07299151314859716,8.290882305350149
0.7437185929648241,10.5,39.21046697151004,0.41951745411900765,5.495382022854718
0.7487437185929648,10.5,39.234843396593845,0.7409529592811056,4.294279143579486
0.7537688442211056,10.5,39.25487302493426,1.0343874049373216,3.740035166070987
0.7587939698492462,10.5,39.27306614759191,1.2972163111928334,3.5770286568580554
0.7638190954773869,10.5,39.29117914385063,1.5268585730353452,3.6881343860610207
0.7688442211055276,10.5,39.31120261600505,1.7206723625707687,4.14458965133413
0.7738693467336684,10.5,39.33679861211728,1.8753796901657123,6.136268663813364
0.7788944723618091,10.5,39.380270679090586,1.9824138526192165,12.497447471244154
0.7839195979899497,10.5,39.44528910237923,2.012629530054402,10.210052110708126
0.7889447236180904,10.5,39.473773237607176,2.0137901726683554,1.0144599818734934
0.7939698492462312,10.5,39.49286963856567,2.013495378718413,8.32016332078087
0.7989949748743719,10.5,39.55708608542756,2.010395911506782,17.155061557864652
0.8040201005025126,10.5,39.66448847530952,2.0037601395149096,25.511956648106114
0.8090452261306532,10.5,39.81268582553784,1.9943632953443315,33.39021656937075
0.8140703517587939,10.5,39.99926252892023,1.982422108771421,40.78595428858724
0.8190954773869347,10.5,40.22179071576649,1.9680224108470732,47.69927228443252
0.8241206030150754,10.5,40.477843666730195,1.9512286820208449,54.129227979728306
0.8291457286432161,10.5,40.76499187908437,1.932096144722294,60.07536088123176
0.8341708542713567,10.5,41.08081186727005,1.9106743431119595,65.53931652388736
0.8391959798994975,10.5,41.42286494253225,1.8869889830255073,70.51912648129228
0.8442211055276382,10.5,41.78872697701463,1.8610596734254983,75.01357471325619
0.8492462311557789,10.5,42.17596681046179,1.8328859752886695,79.02581125879574
0.8542713567839196,10.5,42.58214605077877,1.8024640273557868,82.55066068421368
0.8592964824120602,10.5,43.00482337236643,1.769753641643824,85.59141228887425
0.864321608040201,10.5,43.44156145954107,1.7346909318268573,88.14601070191527
0.8693467336683417,10.5,43.88991803913161,1.6971896663511,90.21378247944847
0.8743718592964824,10.5,44.34743344445764,1.6571030967217326,91.79210023739813
0.8793969849246231,10.5,44.811654880642465,1.614232840382346,92.88558512480398
0.8844221105527639,10.5,45.280100964682084,1.5682914319430437,93.47450581471328
0.8894472361809045,10.5,45.750268902944335,1.5188387746422374,93.57194179558286
0.8944723618090452,10.5,46.21962205587385,1.4652464961160054,93.14437386951765
0.8994974874371859,10.5,46.68555877364165,1.4064665934036964,92.19751854593422
0.9045226130653267,10.5,47.145275273436184,1.3408139090975013,90.67582790504105
0.9095477386934674,10.5,47.595671690536676,1.26505716755992,88.49413458050468
0.914572864321608,10.5,48.032586139722824,1.1723893221782673,85.15095653336937
0.9195979899497487,10.5,48.447276286340724,1.0446883557484934,79.2474301871407
0.9246231155778895,10.5,48.801951467729545,0.8267604093120116,56.80225929054344
0.9296482412060302,10.5,48.99685804955967,0.47976306920172035,23.77064202210103
0.9346733668341709,10.5,49.0764496008855,0.10631904726125684,10.93624698488154
0.9396984924623115,10.5,49.11854434348982,-0.25120351145373143,6.669200432202049
0.9447236180904522,10.5,49.14662774070429,-0.585442045372416,4.876193143154253
0.949748743718593,10.5,49.16840152378679,-0.8930335522881938,3.9624914934041953
0.9547738693467337,10.5,49.18726498814815,-1.17132175769532,3.6145278541430526
0.9597989949748744,10.5,49.20522175777822,-1.4176954957980235,3.596435335852494
0.964824120603015,10.5,49.22396849175225,-1.6295538027981264,3.9232968803857418
0.9698492462311558,10.5,49.24612839491942,-1.8040932718609035,5.112564952322378
0.9748743718592965,10.5,49.277997355816716,-1.9369037599217507,8.323588861502225
0.9798994974874372,10.5,49.33814062261135,-2.006485415773922,13.774344950037106
0.9849246231155779,10.5,49.38857843141235,-2.013710300937913,5.63751718634131
0.9899497487437185,10.5,49.441746076364915,-2.012477745609958,41.65595931621143
0.9949748743718593,10.5,49.77318102231363,-1.9919775547697036,72.90996386692262
1.0,10.5,50.0,-1.9774159356179566,0.0
