s,k,tauit,xt,tauitp
0.0,2.97,0.0,1.0,17.014200510383407
0.005025125628140704,2.97,0.09475498964134467,0.8367457716512938,20.82997381797181
0.010050251256281407,2.97,0.21058824770847748,0.6878026346622924,25.37178327569128
0.01507537688442211,2.97,0.3501412074671525,0.5609549669338352,30.12148249240162
0.020100502512562814,2.97,0.5117531198302455,0.4638159360380673,33.952851886241284
0.02512562814070352,2.97,0.6885734043751451,0.3980647245310889,36.15653265488279
0.03015075376884422,2.97,0.8730225565542881,0.3579435380496056,37.10455767744846
0.035175879396984924,2.97,1.0604830262640872,0.3352679822634464,37.44378464346481
0.04020100502512563,2.97,1.248966175491687,0.32344230399653484,37.55121211765714
0.04522613065326633,2.97,1.4377560233850035,0.31816458305158973,37.58029790215214
0.05025125628140704,2.97,1.6266185410642917,0.3168486830174586,37.5849517946139
0.05527638190954774,2.97,1.8154834734991483,0.3179863152714373,37.58277075785519
0.06030150753768844,2.97,2.0043326217642123,0.32070867922390667,37.5791228803578
0.06532663316582915,2.97,2.193163094695643,0.3245203864630923,37.57543491208566
0.07035175879396985,2.97,2.3819754799381543,0.329145033319389,37.57191805340069
0.07537688442211055,2.97,2.5707703807965214,0.33443668485388656,37.56844261756899
0.08040201005025126,2.97,2.7595474788653767,0.340329738549726,37.564792808479616
0.08542713567839195,2.97,2.9483053026087873,0.3468108905775398,37.56072839001638
0.09045226130653267,2.97,3.137041113612573,0.3539040236174457,37.55598183276873
0.09547738693467336,2.97,3.32575070452531,0.3616631362252135,37.5502299790882
0.10050251256281408,2.97,3.5144280186842307,0.37017051575046944,37.54305106145171
0.10552763819095477,2.97,3.703064498456656,0.3795389181765162,37.53385904533276
0.11055276381909548,2.97,3.891648016375126,0.389917575001931,37.5217999720498
0.11557788944723618,2.97,4.080161154277485,0.40150266276665053,37.5055791434206
0.12060301507537688,2.97,4.268578279436553,0.41455386480566814,37.48315775964467
0.12562814070351758,2.97,4.45686055076203,0.42942031905823963,37.45116194780102
0.1306532663316583,2.97,4.64494689405114,0.4465824056850755,37.40397610271402
0.135678391959799,2.97,4.832737977440498,0.4667099407741745,37.331389703081506
0.1407035175879397,2.97,5.020062942642511,0.4907760094505894,37.214095998624884
0.1457286432160804,2.97,5.206612273596351,0.5202295923359097,37.013711865385794
0.1507537688442211,2.97,5.391789467180863,0.5572950868977723,36.64856421926238
0.15577889447236182,2.97,5.574369331365482,0.6054630036924976,35.93587429895549
0.16080402010050251,2.97,5.7517187512781796,0.6701254942754448,34.47193744635957
0.1658291457286432,2.97,5.91832669595929,0.758617864219177,31.516377314298683
0.1708542713567839,2.97,6.064900721499304,0.8771627043529778,26.4982895292007
0.17587939698492464,2.97,6.182845099920131,1.0242414127358315,20.447089083091022
0.18090452261306533,2.97,6.2719386024006685,1.1905554753737038,15.25553367612602
0.18592964824120603,2.97,6.338737649566901,1.3671248539158545,11.56872075974103
0.19095477386934673,2.97,6.390242266964181,1.548797566094376,9.096324748685864
0.19597989949748743,2.97,6.431512776586847,1.7330860361115192,7.437003648357172
0.20100502512562815,2.97,6.4658678386997375,1.9187968740556378,6.306757224172509
0.20603015075376885,2.97,6.495488619428714,2.1053253227822872,5.530780865628999
0.21105527638190955,2.97,6.521869727747613,2.292341318878895,5.0047857372002085
0.21608040201005024,2.97,6.546107459355005,2.4796480739232467,4.670492467146592
0.22110552763819097,2.97,6.56908362132314,2.667114164020039,4.500553595178439
0.22613065326633167,2.97,6.591617448606813,2.8546333220868494,4.497398741719063
0.23115577889447236,2.97,6.614627956984645,3.0420949233895924,4.7023500736482715
0.23618090452261306,2.97,6.639433434407263,3.2293261984276835,5.247118438703742
0.24120603015075376,2.97,6.668607620199367,3.4159185085407833,6.571914989889662
0.24623115577889448,2.97,6.710396086286657,3.5999819324936655,11.32398518110918
0.25125628140703515,2.97,6.826764741166418,3.6547129641201037,21.504618037382524
0.2562814070351759,2.97,6.910306734285083,3.485669668208958,14.376749919757554
0.2613065326633166,2.97,6.9792986064273235,3.309859702303094,13.35983562735572
0.2663316582914573,2.97,7.046107713673423,3.1332026463969433,13.317292819664923
0.271356783919598,2.97,7.113726205848121,2.956853730486852,13.63517574538401
0.27638190954773867,2.97,7.183450600174535,2.7813276260690407,14.138870869811758
0.2814070351758794,2.97,7.2560238236134005,2.6069610292205194,14.762140644707328
0.2864321608040201,2.97,7.331965782195286,2.4340359367032516,15.476646645236032
0.2914572864321608,2.97,7.41170049770241,2.262827538534413,16.270505129705825
0.2964824120603015,2.97,7.495615207425987,2.0936297426315718,17.140199977194634
0.3015075376884422,2.97,7.584093900058052,1.9267745447507352,18.08770201245659
0.3065326633165829,2.97,7.677542682841829,1.7626529046886061,19.11987208941266
0.31155778894472363,2.97,7.776415740838736,1.6017430617067645,20.249172645153656
0.3165829145728643,2.97,7.881246807155075,1.4446530168218135,21.495043568643542
0.32160804020100503,2.97,7.992687096139172,1.2921853791484277,22.884852220367083
0.32663316582914576,2.97,8.111543026321204,1.1454330099371723,24.45233267448672
0.3316582914572864,2.97,8.238790863379087,1.0059075195601304,26.22898311461138
0.33668341708542715,2.97,8.37551621328107,0.8756764643039097,28.221667938488693
0.3417085427135678,2.97,8.522698331257294,0.7574222841296642,30.37308753549509
0.34673366834170855,2.97,8.680770420303896,0.6542128196785097,32.51849593523734
0.35175879396984927,2.97,8.84907965556182,0.5687320971323224,34.403497507194395
0.35678391959798994,2.97,9.02572915706394,0.5021521092069817,35.814198097900515
0.36180904522613067,2.97,9.208145405846317,0.4534604251798597,36.707447983589674
0.36683417085427134,2.97,9.393968491232622,0.41990808946321473,37.19580216700412
0.37185929648241206,2.97,9.58155443155721,0.39812605098110826,37.43282845182955
0.3768844221105528,2.97,9.769957010533455,0.3850279417488164,37.536132444584126
0.38190954773869346,2.97,9.958696304103745,0.3781889591504144,37.57502127510458
0.3869346733668342,2.97,10.147548097388123,0.3758633147304215,37.58482258853656
0.39195979899497485,2.97,10.336413325272716,0.3768609737389934,37.5819906816334
0.3969849246231156,2.97,10.525248147742737,0.3804064411558688,37.57361227720022
0.4020100502512563,2.97,10.71403299749954,0.3860230674774788,37.56234439621804
0.40703517587939697,2.97,10.9027553914781,0.39345116781307565,37.548732252818034
0.4120603015075377,2.97,11.091402448610877,0.40259567143248204,37.53217500483952
0.41708542713567837,2.97,11.279956031686517,0.41349826603459894,37.511186232262155
0.4221105527638191,2.97,11.46838793887428,0.42633035337582215,37.483205432020455
0.4271356783919598,2.97,11.656653262016844,0.44140619870611486,37.44395396034252
0.4321608040201005,2.97,11.844678551892066,0.4592202048095384,37.386034441069036
0.4371859296482412,2.97,12.03233965183983,0.48051869022881244,37.29595335541484
0.44221105527638194,2.97,12.219416743930305,0.5064300236022397,37.147694297504586
0.4472361809045226,2.97,12.405500136455409,0.5386767791840703,36.887827714613444
0.45226130653266333,2.97,12.589775802710069,0.5799553359529556,36.40040904233474
0.457286432160804,2.97,12.770531165916506,0.6345058203982239,35.42396868586586
0.4623115577889447,2.97,12.944080680863923,0.7086549254837529,33.40980427876538
0.46733668341708545,2.97,13.103191594132785,0.8098849534547095,29.557680560758474
0.4723618090452261,2.97,13.237916945512797,0.941715804760664,23.859910376433426
0.47738693467336685,2.97,13.342781502952514,1.0984637008027773,18.020669232444707
0.4824120603015075,2.97,13.421329496390353,1.2700726768640678,13.500656373859023
0.48743718592964824,2.97,13.480869012861318,1.4492493281384706,10.402759371203818
0.49246231155778897,2.97,13.527592770778742,1.632221748389789,8.331192040811457
0.49748743718592964,2.97,13.565716813624102,1.8171916356354876,6.932027476624608
0.5025125628140703,2.97,13.597994011428742,2.0032770035456915,5.974420365445309
0.507537688442211,2.97,13.626264996155735,2.1900157726294,5.319677022210419
0.5125628140703518,2.97,13.651827854629985,2.3771457889514185,4.886994330530021
0.5175879396984925,2.97,13.675676713581014,2.5645025677882978,4.632800096268995
0.5226130653266332,2.97,13.698664447672035,2.7519668327554925,4.5446755345611125
0.5276381909547738,2.97,13.721660221219148,2.9394288679747564,4.642804793919484
0.5326633165829145,2.97,13.745764897595892,3.1267522443485687,5.007727359739364
0.5376884422110553,2.97,13.7728232647488,3.3136684217212067,5.888270849027192
0.542713567839196,2.97,13.807341335680805,3.4993229112129356,8.328796254024294
0.5477386934673367,2.97,13.878260779572255,3.671179341857811,31.525769495434332
0.5527638190954773,2.97,13.996203404172022,3.545496437342254,15.932150919373926
0.5577889447236181,2.97,14.06913824712884,3.3713118504559185,13.70386690988116
0.5628140703517588,2.97,14.136765824136523,3.194967103682155,13.3508522983273
0.5678391959798995,2.97,14.204185911940725,3.0185435114441086,13.538218755280214
0.5728643216080402,2.97,14.273229951812354,2.8427484044608837,13.971015821044913
0.5778894472361809,2.97,14.344836595308864,2.6679822885013857,14.547926940343997
0.5829145728643216,2.97,14.419610376550462,2.4945485034074655,15.227134454499705
0.5879396984924623,2.97,14.498013787943295,2.322725977576833,15.990654798731935
0.592964824120603,2.97,14.580449939548114,2.1528024519900857,16.831657541648163
0.5979899497487438,2.97,14.667305308267652,1.9850959863814177,17.74989821529668
0.6030150753768844,2.97,14.75897812266876,1.8199751080075262,18.750227929489053
0.6080402010050251,2.97,14.855904113739774,1.6578840688180303,19.842860541651195
0.6130653266331658,2.97,14.958586098167679,1.4993796253781864,21.044522754221315
0.6180904522613065,2.97,15.067630096399233,1.3451870844140985,22.379709213374248
0.6231155778894473,2.97,15.183784790611538,1.1962843549529096,23.880362092249435
0.628140703517588,2.97,15.307968514661237,1.0540196760119418,25.58043966016424
0.6331658291457286,2.97,15.441243372551169,0.9202515516588173,27.499044249498617
0.6381909547738693,2.97,15.584664095803005,0.7974513985950282,29.60712840180713
0.6432160804020101,2.97,15.738918425553575,0.6886068914997024,31.78058995214058
0.6482412060301508,2.97,15.90378740075211,0.5966616214874969,33.786828639390606
0.6532663316582915,2.97,16.077783168137003,0.5234389177199675,35.379260914137035
0.6582914572864321,2.97,16.258468741125878,0.46870361217470136,36.44736862616471
0.6633165829145728,2.97,16.443321864004286,0.4302040068776254,37.060271950377114
0.6683417085427136,2.97,16.630427387833258,0.4046616948379244,37.36963932627166
0.6733668341708543,2.97,16.81861628403702,0.3888220907602292,37.50979582133539
0.678391959798995,2.97,17.007272369062093,0.380013055292716,37.56594225800114
0.6834170854271356,2.97,17.196100465164392,0.3762606549010777,37.58339147995398
0.6884422110552764,2.97,17.38496783611805,0.3761960643044977,37.5838558275522
0.6934673366834171,2.97,17.573816481772248,0.37891296474893027,37.57696497480624
0.6984924623115578,2.97,17.762620579653806,0.38384058605073396,37.566571773902645
0.7035175879396985,2.97,17.95136632879212,0.39065032300739866,37.55380255452613
0.7085427135678392,2.97,18.140041646511307,0.3991935483139305,37.53840249245884
0.7135678391959799,2.97,18.32863075031333,0.40946569155125634,37.519196541267014
0.7185929648241206,2.97,18.517109623455102,0.4215921513672529,37.49404883925469
0.7236180904522613,2.97,18.70544013697166,0.4358341427558873,37.45939340706558
0.7286432160804021,2.97,18.893560683157023,0.45261672211253356,37.4091601673481
0.7336683417085427,2.97,19.081368592652677,0.4725867729238183,37.33251330040245
0.7386934673366834,2.97,19.26868493501243,0.4967187652470863,37.20885461769956
0.7437185929648241,2.97,19.455182693589485,0.5264944875901865,36.9970623812763
0.7487437185929648,2.97,19.640226703494562,0.5642134160220363,36.60931805248816
0.7537688442211056,2.97,19.822505022055548,0.6134980110662471,35.84891888105649
0.7587939698492462,2.97,19.9991953657928,0.6799188990333243,34.284442478088216
0.7638190954773869,2.97,20.164455806701806,0.770876332058438,31.153961503561423
0.7688442211055276,2.97,20.308793797069185,0.892125923132537,25.987040839726866
0.7738693467336684,2.97,20.424156061970404,1.0412546663821354,19.962255083045154
0.7788944723618091,2.97,20.511149879987066,1.2086916098329843,14.910199360913799
0.7839195979899497,2.97,20.576551926829794,1.3857903688047066,11.351320510340601
0.7889447236180904,2.97,20.627199520821993,1.567706835462416,8.966115661317119
0.7939698492462312,2.97,20.667967331194948,1.7521084193334358,7.362985202729625
0.7989949748743719,2.97,20.70205042899294,1.937869931078052,6.270299483936904
0.8040201005025126,2.97,20.731557335870843,2.124416657893068,5.521152070031007
0.8090452261306532,2.97,20.75794628909833,2.3114315867062674,5.016864352864734
0.8140703517587939,2.97,20.78229541448605,2.4987237901089028,4.703223622136368
0.8190954773869347,2.97,20.8054913544619,2.6861624482077735,4.556278605615554
0.8241206030150754,2.97,20.828376739347075,2.873637141386152,4.584063618392409
0.8291457286432161,2.97,20.851937954520874,3.061029509804972,4.839806228452095
0.8341708542713567,2.97,20.877659332827715,3.2481361118796563,5.488695979769102
0.8391959798994975,2.97,20.90865396171016,3.4344294000007403,7.121599518945237
0.8442211055276382,2.97,20.9567704263731,3.6167810950901136,14.364561707898606
0.8492462311557789,2.97,21.08098869648175,3.6045299152229577,18.531155169086336
0.8542713567839196,2.97,21.159497043841263,3.4328837143347664,14.112873927000255
0.8592964824120602,2.97,21.228053767634933,3.256900865208476,13.385387243069202
0.864321608040201,2.97,21.295258267697655,3.0803958436532834,13.435985516703026
0.8693467336683417,2.97,21.363598385518355,2.904325915686721,13.799474973678441
0.8743718592964824,2.97,21.43422589082931,2.7291615610797035,14.332432105493536
0.8793969849246231,2.97,21.507830975875926,2.5552282637999277,14.978637281911421
0.8844221105527639,2.97,21.584913181868753,2.382808630401209,15.713772479017118
0.8894472361809045,2.97,21.66589030791508,2.212184578272178,16.52790330295698
0.8944723618090452,2.97,21.751151026291357,2.043661324196014,17.41874445563031
0.8994974874371859,2.97,21.84108654990063,1.8775872069240327,18.38940583553818
0.9045226130653267,2.97,21.936116379996662,1.7143764593181763,19.448110454639064
0.9095477386934674,2.97,22.036716024189705,1.554541157981194,20.60914463454315
0.914572864321608,2.97,22.143450806998132,1.3987395196485557,21.89418444919845
0.9195979899497487,2.97,22.25701510171973,1.247849175246037,23.332811827914266
0.9246231155778895,2.97,22.37826672520576,1.1030730292737825,24.9594482114668
0.9296482412060302,2.97,22.508226349147925,0.9660749203251633,26.801348696960286
0.9346733668341709,2.97,22.647979824382528,0.8391066992070639,28.85123768412608
0.9396984924623115,2.97,22.798399882433497,0.7250098458229198,31.023014543376444
0.9447236180904522,2.97,22.959647696125177,0.626844792030351,33.118884583114976
0.949748743718593,2.97,23.130685701714,0.5469628769256083,34.87879162545517
0.9547738693467337,2.97,23.309326838252733,0.485909268093321,36.13105266620291
0.9597989949748744,2.97,23.49297542766589,0.4420597876310035,36.88791141080685
0.964824120603015,2.97,23.679459779621006,0.4123606981213758,37.28626360485944
0.9698492462311558,2.97,23.867361807110413,0.39345690033842207,37.47354333947024
0.9748743718592965,2.97,24.0558999797357,0.3824409318418065,37.55232547358495
0.9798994974874372,2.97,24.244688883642397,0.3770983399703165,37.57997373729137
0.9849246231155779,2.97,24.433551592337093,0.3758638159024263,37.58485792324125
0.9899497487437185,2.97,24.622411231565728,0.3776847390704956,37.5799005940989
0.9949748743718593,2.97,24.8112329204412,0.38188577029567755,37.57048816459263
1.0,2.97,25.0,0.388060468459462,37.55966218722286
0.0,2.9712244897959184,0.0,1.0,17.014208867620848
0.005025125628140704,2.9712244897959184,0.09476223374563533,0.8366420568479082,20.833172943230686
0.010050251256281407,2.9712244897959184,0.2106242028796142,0.6876032592212288,25.3803969192891
0.01507537688442211,2.9712244897959184,0.35023761814271204,0.5606841297081867,30.13692133827753
0.020100502512562814,2.9712244897959184,0.5119404903224866,0.4635164647690833,33.9729471728579
0.02512562814070352,2.9712244897959184,0.6888650044032538,0.3977784443045846,36.17740419645003
0.03015075376884422,2.9712244897959184,0.8734170520756931,0.35769083410204394,37.12456687737063
0.035175879396984924,2.9712244897959184,1.0609759483265464,0.33505052910868144,37.46301528387607
0.04020100502512563,2.9712244897959184,1.2495545759958158,0.3232539015746661,37.5700354198913
0.04522613065326633,2.9712244897959184,1.438438518403871,0.31799765509312683,37.59895083516383
0.05025125628140704,2.9712244897959184,1.6273945921376514,0.31669667338268115,37.60354492575483
0.05527638190954774,2.9712244897959184,1.8163529146266655,0.31784417217789906,37.60134942445792
0.06030150753768844,2.9712244897959184,2.0052954269316317,0.3205727176151562,37.59770381231178
0.06532663316582915,2.9712244897959184,2.1942192878594753,0.3243879671770813,37.59402287464756
0.07035175879396985,2.9712244897959184,2.383125099592341,0.32901428531541,37.59051406345814
0.07537688442211055,2.9712244897959184,2.5720134676206117,0.33430626594276835,37.587046443219414
0.08040201005025126,2.9712244897959184,2.7608840719329897,0.3401986700932238,37.58340404846875
0.08542713567839195,2.9712244897959184,2.9497354390492396,0.3466784388904115,37.57934688389389
0.09045226130653267,2.9712244897959184,3.138564829468356,0.3537696185310789,37.57460777568032
0.09547738693467336,2.9712244897959184,3.327368036879855,0.3615263168746587,37.56886398066016
0.10050251256281408,2.9712244897959184,3.5161390087406246,0.37003089508801235,37.56169418057587
0.10552763819095477,2.9712244897959184,3.7048691989794458,0.37939616256558917,37.552512845241395
0.11055276381909548,2.9712244897959184,3.8935464928193966,0.3897713963177375,37.54046659700234
0.11557788944723618,2.9712244897959184,4.082153471849369,0.4013528232383827,37.524261407506465
0.12060301507537688,2.9712244897959184,4.270664520580467,0.414400203156825,37.501859284179005
0.12562814070351758,2.9712244897959184,4.459040818619796,0.4292628449160938,37.469885325585196
0.1306532663316583,2.9712244897959184,4.6472213236942626,0.4464212664357214,37.42272734715151
0.135678391959799,2.9712244897959184,4.8351067085394535,0.4665457682836398,37.350170675432665
0.1407035175879397,2.9712244897959184,5.022526070336202,0.490610324170042,37.23288662899316
0.1457286432160804,2.9712244897959184,5.209169746266993,0.520065471123111,37.0324514016636
0.1507537688442211,2.9712244897959184,5.394440633917064,0.5571388315507866,36.66705218120651
0.15577889447236182,2.9712244897959184,5.577111522579948,0.6053276536272734,35.95340671913374
0.16080402010050251,2.9712244897959184,5.754543203036111,0.6700364201359843,34.48680033867237
0.1658291457286432,2.9712244897959184,5.921208348901691,0.7586186523628942,31.52381504370527
0.1708542713567839,2.9712244897959184,6.067786845197452,0.8773047197091586,26.492923043222408
0.17587939698492464,2.9712244897959184,6.185676527023052,1.024546306258228,20.432665446296845
0.18090452261306533,2.9712244897959184,6.2746874343214945,1.1910106240726188,15.238258582912726
0.18592964824120603,2.9712244897959184,6.341405899993087,1.3677105317679232,11.553629742169385
0.19095477386934673,2.9712244897959184,6.392840857841356,1.5495002096433177,9.083347053101521
0.19597989949748743,2.9712244897959184,6.434052137753635,1.7338977470525851,7.4261946788832995
0.20100502512562815,2.9712244897959184,6.468355967215869,1.9197131021221443,6.297469939821717
0.20603015075376885,2.9712244897959184,6.497930986106326,2.106343423558986,5.522063116539702
0.21105527638190955,2.9712244897959184,6.524271351087956,2.2934595302817646,4.996854643737274
0.21608040201005024,2.9712244897959184,6.548469024396606,2.4808656778445615,4.662774198587997
0.22110552763819097,2.9712244897959184,6.571406708381866,2.6684306170290992,4.492875430651718
0.22613065326633167,2.9712244897959184,6.593899443507161,2.8560488251178127,4.488781948107244
0.23115577889447236,2.9712244897959184,6.616864049699377,3.0436101921042917,4.692667572113303
0.23618090452261306,2.9712244897959184,6.641613984967168,3.230943089874732,5.234281003041735
0.24120603015075376,2.9712244897959184,6.670703840531609,3.4176432745294156,6.549655987158596
0.24623115577889448,2.9712244897959184,6.712292878860609,3.60185059056767,11.245821528263114
0.25125628140703515,2.9712244897959184,6.828289628710764,3.6585236340103915,21.611781552912174
0.2562814070351759,2.9712244897959184,6.911969173916555,3.489453822592842,14.37857777258327
0.2613065326633166,2.9712244897959184,6.980946556571066,3.313537898293142,13.354172572172699
0.2663316582914573,2.9712244897959184,7.047721892020484,3.136768185734966,13.309803946020555
0.271356783919598,2.9712244897959184,7.115300553772977,2.9603039322162212,13.626883528645052
0.27638190954773867,2.9712244897959184,7.18498200879208,2.7846602454176925,14.130084581486374
0.2814070351758794,2.9712244897959184,7.257509907958171,2.61017358930586,14.752890680156419
0.2864321608040201,2.9712244897959184,7.33340421403023,2.437125533791723,15.466922955637074
0.2914572864321608,2.9712244897959184,7.413088755486434,2.26579071227167,16.26025021195648
0.2964824120603015,2.9712244897959184,7.496950455605081,2.096462346120014,17.12934283723748
0.3015075376884422,2.9712244897959184,7.585372877572734,1.929471567306345,18.076144584398534
0.3065326633165829,2.9712244897959184,7.678761560843004,1.7652082045985675,19.107485727434863
0.31155778894472363,2.9712244897959184,7.777569937060001,1.6041489682992616,20.23578565812674
0.3165829145728643,2.9712244897959184,7.882330784876343,1.446899747555733,21.480448146609096
0.32160804020100503,2.9712244897959184,7.993694263169258,1.294260240517165,22.868846502632195
0.32663316582914576,2.9712244897959184,8.112465989187656,1.1473194318526956,24.434830801721766
0.3316582914572864,2.9712244897959184,8.23962255879511,1.00758422783642,26.21025619480165
0.33668341708542715,2.9712244897959184,8.376252681339288,0.8771177084558246,28.202739379043063
0.3417085427135678,2.9712244897959184,8.523343652864552,0.758600973872624,30.356206120241115
0.34673366834170855,2.9712244897959184,8.681342759520513,0.6551091899081204,32.50690310757404
0.35175879396984927,2.9712244897959184,8.849613274450064,0.5693468399215633,34.39997915206091
0.35678391959798994,2.9712244897959184,9.026266825675108,0.5025143320937051,35.81915818778237
0.36180904522613067,2.9712244897959184,9.20872542022817,0.45362108307385013,36.71890183024555
0.36683417085427134,2.9712244897959184,9.394616788918993,0.4199231006578781,37.21112478264076
0.37185929648241206,2.9712244897959184,9.582285190027225,0.3980428016312668,37.4500779876175
0.3768844221105528,2.9712244897959184,9.77077688874854,0.38488069877399245,37.55423147730984
0.38190954773869346,2.9712244897959184,9.959608135147539,0.37800012864152505,37.593466443614936
0.3869346733668342,2.9712244897959184,10.148553013082948,0.37564651752853906,37.60340442279772
0.39195979899497485,2.9712244897959184,10.337511837893874,0.3766239020762381,37.60063103380254
0.3969849246231156,2.9712244897959184,10.526440487497062,0.38015294057709914,37.592287622297505
0.4020100502512563,2.9712244897959184,10.715319272778375,0.38575448354979913,37.58105359376937
0.40703517587939697,2.9712244897959184,10.904135803572125,0.3931671546140609,37.567484710429625
0.4120603015075377,2.9712244897959184,11.092877246544898,0.4022946147426302,37.550987738637225
0.41708542713567837,2.9712244897959184,11.281525569642815,0.4131774369438524,37.53008555014696
0.4221105527638191,2.9712244897959184,11.470052760212456,0.42598585421772117,37.50223218447987
0.4271356783919598,2.9712244897959184,11.658414164159575,0.44103270053850274,37.46317495672893
0.4321608040201005,2.9712244897959184,11.846536746766887,0.458810445282814,37.405564568380484
0.4371859296482412,2.9712244897959184,12.034297153501601,0.4800626394973786,37.316039062098305
0.44221105527638194,2.9712244897959184,12.22147712928866,0.5059122307000499,37.16863352900721
0.4472361809045226,2.9712244897959184,12.407669495013256,0.5380778224956912,36.91043256677554
0.45226130653266333,2.9712244897959184,12.592066003746536,0.5792450590308701,36.42627886440372
0.457286432160804,2.9712244897959184,12.772965919990204,0.6336412016495726,35.45637022437499
0.4623115577889447,2.9712244897959184,12.946705776534346,0.707584354013932,33.454346945486556
0.46733668341708545,2.9712244897959184,13.106076805502077,0.8085804177751638,29.616334601434122
0.4723618090452261,2.9712244897959184,13.241108475634523,0.9402299386988693,23.919711399821644
0.47738693467336685,2.9712244897959184,13.346238885061144,1.0969099029854243,18.06490506808764
0.4824120603015075,2.9712244897959184,13.424963478771309,1.2685395115359266,13.527416368895954
0.48743718592964824,2.9712244897959184,13.484604511560294,1.4477804025857894,10.41736045405949
0.49246231155778897,2.9712244897959184,13.531381656198008,1.6308354501918099,8.338416053736129
0.49748743718592964,2.9712244897959184,13.569529799184423,1.8158957088798533,6.934722346019299
0.5025125628140703,2.9712244897959184,13.601812573133929,2.002074910235383,5.974147205348265
0.507537688442211,2.9712244897959184,13.63007641096614,2.188909252067001,5.3172136577396545
0.5125628140703518,2.9712244897959184,13.65562214737413,2.3761359149391836,4.882662696817279
0.5175879396984925,2.9712244897959184,13.679444519322615,2.563590267432991,4.626538833656055
0.5226130653266332,2.9712244897959184,13.702395268948292,2.75115326305965,4.536082256160734
0.5276381909547738,2.9712244897959184,13.725339660184954,2.93871555935804,4.630685761289001
0.5326633165829145,2.9712244897959184,13.749369339414187,3.1261428011155914,4.989280569242057
0.5376884422110553,2.9712244897959184,13.776304088154255,3.313171387612273,5.855089336922913
0.542713567839196,2.9712244897959184,13.81055115823092,3.4989726157465095,8.238541895382397
0.5477386934673367,2.9712244897959184,13.879376061465981,3.67231072693826,29.815042922930317
0.5527638190954773,2.9712244897959184,13.99856953762087,3.551465242325614,16.006245914645948
0.5577889447236181,2.9712244897959184,14.071652881099974,3.3772435867637762,13.71038577384992
0.5628140703517588,2.9712244897959184,14.13927219771766,3.200795719863399,13.343643587218141
0.5678391959798995,2.9712244897959184,14.206641354127507,3.0242523571541753,13.525785810233051
0.5728643216080402,2.9712244897959184,14.275615339110898,2.8483293646087695,13.955795612979806
0.5778894472361809,2.9712244897959184,14.347140494737994,2.6734289163712948,14.5307988479114
0.5829145728643216,2.9712244897959184,14.421824155418612,2.499854561285834,15.208423555704426
0.5879396984924623,2.9712244897959184,14.500129792039074,2.3278847558899214,15.970454275602151
0.592964824120603,2.9712244897959184,14.582460639666103,2.1578063408742736,16.809934786988638
0.5979899497487438,2.9712244897959184,14.66920279126995,1.9899360729215485,17.72653330187769
0.6030150753768844,2.9712244897959184,14.760753645696658,1.824640677742305,18.725008808348978
0.6080402010050251,2.9712244897959184,14.857547600466436,1.662361889773036,19.81546582667196
0.6130653266331658,2.9712244897959184,14.96008552913081,1.503652874539988,21.014498993485073
0.6180904522613065,2.9712244897959184,15.068970860984765,1.3492337707316768,22.34648497542093
0.6231155778894473,2.9712244897959184,15.184949300270855,1.2000751336024051,23.843353660253992
0.628140703517588,2.9712244897959184,15.308936804490154,1.0575152358335285,25.539359977707676
0.6331658291457286,2.9712244897959184,15.441996115715886,0.9234005757327275,27.454577029503735
0.6381909547738693,2.9712244897959184,15.585189697233352,0.8001916998875509,29.56187085454571
0.6432160804020101,2.9712244897959184,15.739225186610849,0.6908756384814505,31.739854171477667
0.6482412060301508,2.9712244897959184,15.903914486276376,0.5984179769273333,33.757081414979055
0.6532663316582915,2.9712244897959184,16.07779773939031,0.5246901510423931,35.36447522910218
0.6582914572864321,2.9712244897959184,16.258445253640435,0.46951133399531797,36.44645263381144
0.6633165829145728,2.9712244897959184,16.44331988643538,0.4306615730968822,37.06896778464743
0.6683417085427136,2.9712244897959184,16.63048418895316,0.40486345554462083,37.38374717294518
0.6733668341708543,2.9712244897959184,16.81875148822222,0.38884509451366445,37.5265577793753
0.678391959798995,2.9712244897959184,17.007495212316663,0.3799128797438427,37.583895739664506
0.6834170854271356,2.9712244897959184,17.196415000702206,0.37607450036419116,37.60185264353827
0.6884422110552764,2.9712244897959184,17.385375758572547,0.37594752322154684,37.60253152292998
0.6934673366834171,2.9712244897959184,17.574318561580455,0.3786161476279402,37.59574139197646
0.6984924623115578,2.9712244897959184,17.763217173625602,0.3835031278723302,37.585413759002115
0.7035175879396985,2.9712244897959184,17.95205777331431,0.39027533581988194,37.57271268713378
0.7085427135678392,2.9712244897959184,18.140828340719256,0.39878076375069343,37.55740457205079
0.7135678391959799,2.9712244897959184,18.329513247077852,0.4090120145431869,37.538333715178304
0.7185929648241206,2.9712244897959184,18.518088693436198,0.421091730912703,37.5133888927602
0.7236180904522613,2.9712244897959184,18.70651715427595,0.43527800252340587,37.4790492402082
0.7286432160804021,2.9712244897959184,18.894737674094447,0.45199181175700553,37.429325299124734
0.7336683417085427,2.9712244897959184,19.082648874819753,0.47187427197732,37.35353859667905
0.7386934673366834,2.9712244897959184,19.2700742568655,0.4958912731924735,37.231391414358846
0.7437185929648241,2.9712244897959184,19.456691632440773,0.5255110158742147,37.02243602946022
0.7487437185929648,2.9712244897959184,19.641875713276125,0.5630116000342302,36.64035981633913
0.7537688442211056,2.9712244897959184,19.82433595398837,0.6119832886332595,35.89169018034824
0.7587939698492462,2.9712244897959184,20.001295249205302,0.677957420993066,34.35148413486847
0.7638190954773869,2.9712244897959184,20.1669860707633,0.768329649585671,31.261503374028326
0.7688442211055276,2.9712244897959184,20.311948214928247,0.8889793078060152,26.123840916904665
0.7738693467336684,2.9712244897959184,20.427982068060192,1.0377002899456695,20.085576920046176
0.7788944723618091,2.9712244897959184,20.51550554053551,1.2049628737812974,14.996775227444024
0.7839195979899497,2.9712244897959184,20.581258718023005,1.3820296342676601,11.406365662675661
0.7889447236180904,2.9712244897959184,20.632125702399467,1.5639812639118655,9.00012544390608
0.7939698492462312,2.9712244897959184,20.673028269784393,1.7484484702083343,7.3836885179210485
0.7989949748743719,2.9712244897959184,20.707192071099072,1.9342900493464066,6.282204428478929
0.8040201005025126,2.9712244897959184,20.736744220893772,2.1209241778847083,5.527113101442171
0.8090452261306532,2.9712244897959184,20.7631509293176,2.308030925516649,5.018265936869966
0.8140703517587939,2.9712244897959184,20.78749744314921,2.4954176469739493,4.700440405974344
0.8190954773869347,2.9712244897959184,20.810669436604257,2.6829533917052344,4.5492756881221466
0.8241206030150754,2.9712244897959184,20.833508106398043,2.870527900678997,4.571808180585645
0.8291457286432161,2.9712244897959184,20.85698822314669,3.0580246232359833,4.819013563899688
0.8341708542713567,2.9712244897959184,20.882567398986563,3.245245150928561,5.450487041591138
0.8391959798994975,2.9712244897959184,20.913267497610736,3.4316828522382252,7.030144640486796
0.8442211055276382,2.9712244897959184,20.960243146488544,3.614465523883109,13.770081635548493
0.8492462311557789,2.9712244897959184,21.083674761826085,3.6124885969745177,18.872020448757134
0.8542713567839196,2.9712244897959184,21.162816783571216,3.441049176505743,14.150559353378066
0.8592964824120602,2.9712244897959184,21.231443585050577,3.264993750095582,13.384167381579319
0.864321608040201,2.9712244897959184,21.298605049296544,3.088372511783536,13.421972530207873
0.8693467336683417,2.9712244897959184,21.366857738052264,2.9121684530531895,13.77931046354965
0.8743718592964824,2.9712244897959184,21.43737371205091,2.736858427587876,14.308439061974878
0.8793969849246231,2.9712244897959184,21.51085073731252,2.5627695324599493,14.951752642685248
0.8844221105527639,2.9712244897959184,21.587791364383694,2.390184337965079,15.684342041968353
0.8894472361809045,2.9712244897959184,21.66861440431194,2.2193838272856565,16.496004687501824
0.8944723618090452,2.9712244897959184,21.753708458679966,2.0506716520027677,17.384281991648233
0.8994974874371859,2.9712244897959184,21.843463877987794,1.8843938781266463,18.35213264408813
0.9045226130653267,2.9712244897959184,21.9382985056567,1.7209615116598762,19.40760849107824
0.9095477386934674,2.9712244897959184,22.038685237244344,1.5608819857128025,20.56478397981842
0.914572864321608,2.9712244897959184,22.145185664057763,1.404806754149205,21.845109078314564
0.9195979899497487,2.9712244897959184,22.258489387255516,1.2536036087834235,23.278005294961925
0.9246231155778895,2.9712244897959184,22.379449261631056,1.1084615517610275,24.89803425904776
0.9296482412060302,2.9712244897959184,22.50908336963995,0.9710262666450795,26.733352606821953
0.9346733668341709,2.9712244897959184,22.648482651628573,0.8435298617326363,28.778920923565046
0.9396984924623115,2.9712244897959184,22.79854031912625,0.7288018522689889,30.952473727924247
0.9447236180904522,2.9712244897959184,22.959457643173156,0.6299168097166408,33.05960394245511
0.949748743718593,2.9712244897959184,23.130244871572668,0.5492819897943637,34.839226787910185
0.9547738693467337,2.9712244897959184,23.308742140626965,0.4875257546935156,36.11300380344675
0.9597989949748744,2.9712244897959184,23.492345020105915,0.4430909537323113,36.886682108285804
0.964824120603015,2.9712244897959184,23.678851685045597,0.4129460294034927,37.295368652024145
0.9698492462311558,2.9712244897959184,23.866814621990876,0.3937213337186555,37.48804300659903
0.9748743718592965,2.9712244897959184,24.055432881455815,0.38248014949639586,37.5693634842289
0.9798994974874372,2.9712244897959184,24.244310599912684,0.3769793163469447,37.59813098990319
0.9849246231155779,2.9712244897959184,24.43326594787957,0.37563079052738557,37.60349203342345
0.9899497487437185,2.9712244897959184,24.62222020074366,0.3773655441821892,37.5987437937851
0.9949748743718593,2.9712244897959184,24.81113691141246,0.3814967736446051,37.58944366606529
1.0,2.9712244897959184,25.0,0.3876100208496861,37.57870458308295
0.0,2.9724489795918365,0.0,1.0,17.014203183143433
0.005025125628140704,2.9724489795918365,0.09476939156561068,0.8365384710534426,20.836351824866494
0.010050251256281407,2.9724489795918365,0.21065995767731885,0.6874041150630253,25.38898592844603
0.01507537688442211,2.9724489795918365,0.3503337036637656,0.5604136025737131,30.15233554240184
0.020100502512562814,2.9724489795918365,0.5121274078712237,0.4632173769716763,33.993015948861505
0.02512562814070352,2.9724489795918365,0.6891560042295779,0.39749259981147894,36.198244336600226
0.03015075376884422,2.9724489795918365,0.8738107846931366,0.35743856806376084,37.14454334154177
0.035175879396984924,2.9724489795918365,1.0614679458553316,0.3348334734874218,37.48221444112806
0.04020100502512563,2.9724489795918365,1.2501418975107286,0.32306583749496715,37.58882852821259
0.04522613065326633,2.9724489795918365,1.439119785682295,0.3178310053861976,37.61757451550893
0.05025125628140704,2.9724489795918365,1.6281692615227286,0.31654488720934015,37.622109241326854
0.05527638190954774,2.9724489795918365,1.817220848858253,0.31770220647911385,37.61989946208536
0.06030150753768844,2.9724489795918365,2.0062565767706544,0.32043689404281744,37.616256213238984
0.06532663316582915,2.9724489795918365,2.195273682611412,0.32425565469089207,37.612582275662184
0.07035175879396985,2.9724489795918365,2.3842727783628406,0.3288836174488512,37.60908151530196
0.07537688442211055,2.9724489795918365,2.5732544700393687,0.33417590384283435,37.60562170424958
0.08040201005025126,2.9724489795918365,2.7622184354637613,0.34006763719805594,37.60198671738586
0.08542713567839195,2.9724489795918365,2.9511632001358974,0.3465460024388317,37.597936804857305
0.09045226130653267,2.9724489795918365,3.140086025744701,0.35363520831117823,37.59320515108742
0.09547738693467336,2.9724489795918365,3.328982708746299,0.3613894710214509,37.58746942923412
0.10050251256281408,2.9724489795918365,3.5178472007726334,0.3698912245375709,37.580308773588705
0.10552763819095477,2.9724489795918365,3.706670959915397,0.3792533301417097,37.571138163939665
0.11055276381909548,2.9724489795918365,3.895441874471837,0.38962510829365105,37.559104813544444
0.11557788944723618,2.9724489795918365,4.084142551041218,0.4012028357128763,37.54291537914456
0.12060301507537688,2.9724489795918365,4.2727473894161765,0.41424634608488764,37.52053272636819
0.12562814070351758,2.9724489795918365,4.4612175821782065,0.42910511646345606,37.488581079158976
0.1306532663316583,2.9724489795918365,4.649492110896262,0.4462597930223722,37.44145155082701
0.135678391959799,2.9724489795918365,4.837471658318252,0.4663811536517811,37.36892608716217
0.1407035175879397,2.9724489795918365,5.024985294688728,0.490444056739905,37.25165199582266
0.1457286432160804,2.9724489795918365,5.211723193730448,0.51990056651364,37.05117169607403
0.1507537688442211,2.9724489795918365,5.397087682263004,0.55698150387319,36.685521173269365
0.15577889447236182,2.9724489795918365,5.579849556637714,0.6051908184492132,35.97094725614467
0.16080402010050251,2.9724489795918365,5.757363596023423,0.6699451953210414,34.50172255626909
0.1658291457286432,2.9724489795918365,5.92408621098442,0.7586164685565171,31.53113477137532
0.1708542713567839,2.9724489795918365,6.070669655130425,0.8774428748321673,26.487804934001318
0.17587939698492464,2.9724489795918365,6.188505123007251,1.024846695643312,20.417709998561126
0.18090452261306533,2.9724489795918365,6.277433960673621,1.1914607674172342,15.221609038409124
0.18592964824120603,2.9724489795918365,6.344072035404692,1.3682908908074691,11.538614635378503
0.19095477386934673,2.9724489795918365,6.395437445647926,1.550197277374445,9.070633643075968
0.19597989949748743,2.9724489795918365,6.436589866106544,1.7347035964033963,7.415353641635127
0.20100502512562815,2.9724489795918365,6.470843019666286,1.9206231888961756,6.28803257426088
0.20603015075376885,2.9724489795918365,6.50037310000238,2.1073550918949047,5.513585796487699
0.21105527638190955,2.9724489795918365,6.526672293538189,2.2945712059851355,4.988888952594992
0.21608040201005024,2.9724489795918365,6.550830760710779,2.4820764797746424,4.655064463964266
0.22110552763819097,2.9724489795918365,6.573729512021543,2.669740163109567,4.485036986588341
0.22613065326633167,2.9724489795918365,6.59618155713174,2.8574572265364004,4.480336950650025
0.23115577889447236,2.9724489795918365,6.619100710389306,3.045118136887909,4.682823975653409
0.23618090452261306,2.9724489795918365,6.643794421522349,3.2325525730356404,5.221295558950307
0.24120603015075376,2.9724489795918365,6.67280112802699,3.419360245073067,6.527810660463543
0.24623115577889448,2.9724489795918365,6.714194800314058,3.6037100036576586,11.169645656192309
0.25125628140703515,2.9724489795918365,6.829819272302807,3.6623107252214906,21.721387211361026
0.2562814070351759,2.9724489795918365,6.913639443152456,3.493216513354624,14.380585459319091
0.2613065326633166,2.9724489795918365,6.982603051586619,3.3171950763036504,13.348686986155167
0.2663316582914573,2.9724489795918365,7.049345125095795,3.140313168180608,13.302410402686867
0.271356783919598,2.9724489795918365,7.116884438840313,2.9637339645061234,13.618707397614783
0.27638190954773867,2.9724489795918365,7.186523435157789,2.787973081002166,14.121388043102945
0.2814070351758794,2.9724489795918365,7.2590065023736035,2.6133667711295967,14.743743862012456
0.2864321608040201,2.9724489795918365,7.334853661620035,2.44019618105827,15.457299839116276
0.2914572864321608,2.9724489795918365,7.414488557662618,2.2687353962277896,16.250103676689452
0.2964824120603015,2.9724489795918365,7.498297804757205,2.099276960373313,17.118599647517318
0.3015075376884422,2.9724489795918365,7.586664546390689,1.9321511509530611,18.064709032455713
0.3065326633165829,2.9724489795918365,7.67999376105796,1.767746679121435,19.095227839781582
0.31155778894472363,2.9724489795918365,7.778738134071763,1.6065387437620502,20.222537498100404
0.3165829145728643,2.9724489795918365,7.88342950166256,1.4491311475062827,21.46600713385719
0.32160804020100503,2.9724489795918365,7.994716974953056,1.2963207113937663,22.853009637967315
0.32663316582914576,2.9724489795918365,8.113405372096281,1.1491925851558946,24.41750722674787
0.3316582914572864,2.9724489795918365,8.240471597757693,1.0092490145042936,26.191716909126654
0.33668341708542715,2.9724489795918365,8.377007413788085,0.8785486293078812,28.184033774226393
0.3417085427135678,2.9724489795918365,8.524008173592426,0.759771312336937,30.33958853717309
0.34673366834170855,2.9724489795918365,8.681934211248286,0.655998098999156,32.495640353738324
0.35175879396984927,2.9724489795918365,8.85016683911187,0.5699568916811487,34.39658283703812
0.35678391959798994,2.9724489795918365,9.026824858873686,0.5028741879338605,35.824160787925784
0.36180904522613067,2.9724489795918365,9.20932592494522,0.45378105293720095,36.73036060150978
0.36683417085427134,2.9724489795918365,9.395285544541016,0.41993854447604495,37.226442770104676
0.37185929648241206,2.9724489795918365,9.583036288178091,0.3979605648998942,37.467296569613644
0.3768844221105528,2.9724489795918365,9.771616955659576,0.38473463368614486,37.572296354435345
0.38190954773869346,2.9724489795918365,9.960540005053092,0.37781257381788563,37.61188099053383
0.3869346733668342,2.9724489795918365,10.149577821622783,0.37543104599527954,37.62195729138803
0.39195979899497485,2.9724489795918365,10.338629978429562,0.3763882222903069,37.619242967386754
0.3969849246231156,2.9724489795918365,10.527652189173523,0.37990089080265765,37.61093277091585
0.4020100502512563,2.9724489795918365,10.716624742557409,0.38548747002349165,37.599731770871436
0.40703517587939697,2.9724489795918365,10.905535218988032,0.3928848248729315,37.586207973595556
0.4120603015075377,2.9724489795918365,11.094370869199087,0.4019953588803715,37.56977127638167
0.41708542713567837,2.9724489795918365,11.283113763855093,0.4128585708119391,37.54895190829011
0.4221105527638191,2.9724489795918365,11.471736068117428,0.42564355193831815,37.521221929886146
0.4271356783919598,2.9724489795918365,11.660193350937634,0.4406616916324377,37.482361513986085
0.4321608040201005,2.9724489795918365,11.848413037732769,0.45840348536064024,37.42506613662486
0.4371859296482412,2.9724489795918365,12.03627257216667,0.47960961471399477,37.33603889822949
0.44221105527638194,2.9724489795918365,12.2235549502199,0.5054001257459325,37.1894962795144
0.4472361809045226,2.9724489795918365,12.40985596218,0.5374851888750587,36.93302999387297
0.45226130653266333,2.9724489795918365,12.594372834319943,0.5785421935511723,36.451815951023654
0.457286432160804,2.9724489795918365,12.775416456953081,0.6327855808241101,35.48909134692483
0.4623115577889447,2.9724489795918365,12.949345709112864,0.7065237534588108,33.49785968161187
0.46733668341708545,2.9724489795918365,13.108974253552582,0.8072885320530717,29.673686154238176
0.4723618090452261,2.9724489795918365,13.244310675195324,0.9387572916855372,23.97914594572536
0.47738693467336685,2.9724489795918365,13.349705997112613,1.0953692954574152,18.10954592940919
0.4824120603015075,2.9724489795918365,13.428607073646132,1.2670192825173832,13.55343943555219
0.48743718592964824,2.9724489795918365,13.488349191389949,1.4463243749318964,10.43205139484746
0.49246231155778897,2.9724489795918365,13.535179582045004,1.6294619200827851,8.345780283458929
0.49748743718592964,2.9724489795918365,13.573351840913967,1.814612384902004,6.937303593245563
0.5025125628140703,2.9724489795918365,13.605640543748953,2.0008852165318527,5.973763097260646
0.507537688442211,2.9724489795918365,13.633896897474996,2.1878150377511365,5.314907944448031
0.5125628140703518,2.9724489795918365,13.659425752521495,2.3751381477813545,4.87798706575759
0.5175879396984925,2.9724489795918365,13.683221919592341,2.5626898563969,4.620453072939473
0.5226130653266332,2.9724489795918365,13.706136584758731,2.7503512149013254,4.527519044984959
0.5276381909547738,2.9724489795918365,13.729029404707028,2.938013985634449,4.618685278231767
0.5326633165829145,2.9724489795918365,13.752985882076535,3.1255446774871674,4.971243673128784
0.5376884422110553,2.9724489795918365,13.779799576849415,3.312685046734748,5.822294033016633
0.542713567839196,2.9724489795918365,13.813781336025869,3.4986312809831297,8.150821428563496
0.5477386934673367,2.9724489795918365,13.880659708318932,3.6732491705053785,28.181440936494884
0.5527638190954773,2.9724489795918365,14.00094048857894,3.557424088108985,16.08270560258283
0.5577889447236181,2.9724489795918365,14.07417656010814,3.383167501417832,13.717132050215712
0.5628140703517588,2.9724489795918365,14.141788352181818,3.2066168443518497,13.33651419797055
0.5678391959798995,2.9724489795918365,14.20910679266824,3.029954308181444,13.513409218509944
0.5728643216080402,2.9724489795918365,14.27801098581979,2.8539037780802707,13.94063331288916
0.5778894472361809,2.9724489795918365,14.34945494538553,2.6788693535937496,14.51372774551032
0.5829145728643216,2.9724489795918365,14.424048799388496,2.5051548264930954,15.189778346619365
0.5879396984924623,2.9724489795918365,14.50225700618535,2.3330381873286967,15.950325389031835
0.592964824120603,2.9724489795918365,14.584482928947732,2.1628053765044646,16.788290577155415
0.5979899497487438,2.9724489795918365,14.671112281163074,1.9947718627712732,17.703254830146776
0.6030150753768844,2.9724489795918365,14.762541638900393,1.8293025881882334,18.699887231111585
0.6080402010050251,2.9724489795918365,14.859204078497338,1.666836795625629,19.78818211479753
0.6130653266331658,2.9724489795918365,14.96159854312078,1.507924097361323,20.98460109835589
0.6180904522613065,2.9724489795918365,15.070325881189156,1.3532795149600805,22.31340207230394
0.6231155778894473,2.9724489795918365,15.18612880883107,1.203866318353253,23.806498842046416
0.628140703517588,2.9724489795918365,15.309920854062758,1.0610128739804627,25.49842631514993
0.6331658291457286,2.9724489795918365,15.442765256843344,0.9265536864452673,27.410211518474046
0.6381909547738693,2.9724489795918365,15.585731943536045,0.8029382923200096,29.516634535270445
0.6432160804020101,2.9724489795918365,15.73954818024613,0.6931527226956313,31.698938134148015
0.6482412060301508,2.9724489795918365,15.90405642070921,0.6001835701468914,33.72698906029617
0.6532663316582915,2.9724489795918365,16.077825312985055,0.5259501274564646,35.34931912157075
0.6582914572864321,2.9724489795918365,16.258433077473736,0.4703262274058427,36.44524993210796
0.6633165829145728,2.9724489795918365,16.44332805320472,0.43112443438099285,37.07748245012996
0.6683417085427136,2.9724489795918365,16.630550437935565,0.40506889944600494,37.39775206906333
0.6733668341708543,2.9724489795918365,16.81889573607059,0.3888706741016634,37.54325855833303
0.678391959798995,2.9724489795918365,17.007726859015136,0.37981459015044694,37.60180702396012
0.6834170854271356,2.9724489795918365,17.196738152348992,0.375889845087167,37.62027922923831
0.6884422110552764,2.9724489795918365,17.38579196115032,0.3757002961027943,37.62117555776714
0.6934673366834171,2.9724489795918365,17.57482914630807,0.37832058870715957,37.61448697442593
0.6984924623115578,2.9724489795918365,17.763822072247322,0.383166959441836,37.60422476113686
0.7035175879396985,2.9724489795918365,17.95275732966656,0.38990173224956404,37.59159132675163
0.7085427135678392,2.9724489795918365,18.141622955207502,0.39836950944448624,37.57637435070775
0.7135678391959799,2.9724489795918365,18.33040343267722,0.40856006477473206,37.55743692807715
0.7185929648241206,2.9724489795918365,18.51907540022169,0.4205933147465041,37.53269230091392
0.7236180904522613,2.9724489795918365,18.707601552712195,0.4347242175261426,37.498664453529535
0.7286432160804021,2.9724489795918365,18.89592184769556,0.4513697322894561,37.44944360256955
0.7336683417085427,2.9724489795918365,19.08393603281691,0.4711652338253045,37.374507946538465
0.7386934673366834,2.9724489795918365,19.271470161943807,0.49506818350990883,37.25384404517252
0.7437185929648241,2.9724489795918365,19.45820662092949,0.5245332439591807,37.0476856472001
0.7487437185929648,2.9724489795918365,19.64352990169155,0.5618173588595409,36.671166692735945
0.7537688442211056,2.9724489795918365,19.826170486594606,0.6104789112409084,35.93404044845809
0.7587939698492462,2.9724489795918365,20.00339586002871,0.6760096129399442,34.41792533438604
0.7638190954773869,2.9724489795918365,20.16951283836488,0.765798522900541,31.368351729491344
0.7688442211055276,2.9724489795918365,20.315095536969277,0.885846459479007,26.260590841829192
0.7738693467336684,2.9724489795918365,20.43180236543148,1.0341543268722455,20.209535841456425
0.7788944723618091,2.9724489795918365,20.519859277397888,1.2012385332796593,15.084101649923376
0.7839195979899497,2.9724489795918365,20.585966716725796,1.3782712893563476,11.461914862649616
0.7889447236180904,2.9724489795918365,20.637055092781896,1.5602571524053432,9.034459390934853
0.7939698492462312,2.9724489795918365,20.678093653884726,1.744789467442598,7.4045907890141125
0.7989949748743719,2.9724489795918365,20.712338986653812,1.930710798693358,6.294355629206285
0.8040201005025126,2.9724489795918365,20.741936322463367,2.117432176962156,5.5332549561556785
0.8090452261306532,2.9724489795918365,20.768361819388765,2.304630481266833,5.0198110876254
0.8140703517587939,2.9724489795918365,20.792705737784686,2.4921116368668095,4.697892140041782
0.8190954773869347,2.9724489795918365,20.815854777237977,2.679744269605359,4.542570917612523
0.8241206030150754,2.9724489795918365,20.838647243010183,2.8674184132122944,4.559801792179579
0.8291457286432161,2.9724489795918365,20.86204797545812,3.055019031496756,4.798657121340656
0.8341708542713567,2.9724489795918365,20.88748824480341,3.2423527332233757,5.413229171747476
0.8391959798994975,2.9724489795918365,20.917901350097345,3.4289328895417897,6.942046938828609
0.8442211055276382,2.9724489795918365,20.963811731890257,3.6121132685970445,13.233760397916276
0.8492462311557789,2.9724489795918365,21.086317163043105,3.620416096042732,19.246065178633966
0.8542713567839196,2.9724489795918365,21.166139846484278,3.4492113127074404,14.190382007582313
0.8592964824120602,2.9724489795918365,21.234842470624507,3.2730857030301426,13.383489268299394
0.864321608040201,2.9724489795918365,21.30196285946989,3.096349034425626,13.408193586649888
0.8693467336683417,2.9724489795918365,21.370129122351578,2.920011462505088,13.759294581546856
0.8743718592964824,2.9724489795918365,21.440534249305532,2.74455633234322,14.284574341017645
0.8793969849246231,2.9724489795918365,21.513883790719333,2.5703124351511697,14.924975589432247
0.8844221105527639,2.9724489795918365,21.590683388125967,2.3975622960419565,15.655019623767478
0.8894472361809045,2.9724489795918365,21.671352897221038,2.226586016531865,16.46421920569349
0.8944723618090452,2.9724489795918365,21.75628087364979,2.057685699123849,17.34994109166455
0.8994974874371859,2.9724489795918365,21.845856831426847,1.8912051668263876,18.31499390771441
0.9045226130653267,2.9724489795918365,21.94049698194618,1.7275522445161404,19.36725931203874
0.9095477386934674,2.9724489795918365,22.04067164312322,1.5672297901518293,20.52060637706292
0.914572864321608,2.9724489795918365,22.146938707216044,1.410882589296918,21.796250860514437
0.9195979899497487,2.9724489795918365,22.25998301468605,1.2593687240529574,23.223446319512934
0.9246231155778895,2.9724489795918365,22.380652406092203,1.1138634415749231,24.836871769317625
0.9296482412060302,2.9724489795918365,22.50996216172346,0.9759943654346899,26.665550120459823
0.9346733668341709,2.9724489795918365,22.649007808714508,0.8479736861604844,28.706603667892075
0.9396984924623115,2.9724489795918365,22.798702157922417,0.7326180522324719,30.88155821414744
0.9447236180904522,2.9724489795918365,22.959286450629925,0.6330153643171856,32.99964666768853
0.949748743718593,2.9724489795918365,23.12981885205331,0.5516270408049802,34.79878801714423
0.9547738693467337,2.9724489795918365,23.308168018051976,0.48916458644272287,36.0941884451882
0.9597989949748744,2.9724489795918365,23.491721952719196,0.4441393969246773,36.88494235932721
0.964824120603015,2.9724489795918365,23.678248950548017,0.41354377796425035,37.30418419297868
0.9698492462311558,2.9724489795918365,23.86627173461371,0.39399439342586917,37.50239067589929
0.9748743718592965,2.9724489795918365,24.054969490391244,0.38252536359122336,37.586318925207905
0.9798994974874372,2.9724489795918365,24.24393565022065,0.37686459000537387,37.616236522301406
0.9849246231155779,2.9724489795918365,24.43298351712119,0.37540102876675524,37.62208755018239
0.9899497487437185,2.9724489795918365,24.622031100363497,0.37704901265078744,37.617553253806356
0.9949748743718593,2.9724489795918365,24.811042643049255,0.3811102347915911,37.608369138269296
1.0,2.9724489795918365,25.0,0.3871617568610795,37.597783867952245
0.0,2.973673469387755,0.0,1.0,17.014178455448373
0.005025125628140704,2.973673469387755,0.09477643227946611,0.8364350608272976,20.8395030792702
0.010050251256281407,2.973673469387755,0.21069543686286263,0.6872052847091024,25.397539955174885
0.01507537688442211,2.973673469387755,0.35042932981077113,0.5601434857429074,30.167712170340845
0.020100502512562814,2.973673469387755,0.5123136705559977,0.462918768143359,34.01304453787102
0.02512562814070352,2.973673469387755,0.6894461349903499,0.3972072665765368,36.21904062519555
0.03015075376884422,2.973673469387755,0.8742034233673937,0.35718679223441363,37.16447509994186
0.035175879396984924,2.973673469387755,1.0619586292824283,0.3346168480075292,37.50137065827953
0.04020100502512563,2.973673469387755,1.2507276938026564,0.32287812939228944,37.60758021217119
0.04522613065326633,2.973673469387755,1.43979932117158,0.31766464079540774,37.636157800039406
0.05025125628140704,2.973673469387755,1.628942002211179,0.316393323253736,37.640633630405326
0.05527638190954774,2.973673469387755,1.8180866178610853,0.31756041035846727,37.63840977099972
0.06030150753768844,2.973673469387755,2.0072153654503535,0.3203011954798854,37.63476894197927
0.06532663316582915,2.973673469387755,2.1963255160717603,0.324123431487346,37.63110201938257
0.07035175879396985,2.973673469387755,2.3854176958613844,0.32875300786682327,37.62760931432711
0.07537688442211055,2.973673469387755,2.574492512546281,0.3340455724644825,37.62415730801283
0.08040201005025126,2.973673469387755,2.7635496416770406,0.3399366094399663,37.62052972582818
0.08542713567839195,2.973673469387755,2.952587606364743,0.3464135461157448,37.61648706840568
0.09045226130653267,2.973673469387755,3.141603667690093,0.3535007524811314,37.611762881708174
0.09547738693467336,2.973673469387755,3.3305936245860908,0.3612525518138129,37.606035257955156
0.10050251256281408,2.973673469387755,3.519551434603407,0.369751449643008,37.59888378859914
0.10552763819095477,2.973673469387755,3.7084685611258057,0.3791103576986446,37.58972397081014
0.11055276381909548,2.973673469387755,3.8973329064341096,0.3894786386857244,37.57770362039884
0.11557788944723618,2.973673469387755,4.086127084820765,0.4010526158322316,37.56153010251838
0.12060301507537688,2.973673469387755,4.274825511081118,0.41409219303000033,37.53916720234404
0.12562814070351758,2.973673469387755,4.463389399079358,0.42894701250240175,37.50723843816747
0.1306532663316583,2.973673469387755,4.651757761805645,0.4460978392912291,37.46013813348132
0.135678391959799,2.973673469387755,4.839831289672755,0.46621591820197694,37.387645676096426
0.1407035175879397,2.973673469387755,5.027439017729747,0.4902769828939272,37.27038252624092
0.1457286432160804,2.973673469387755,5.214270982813644,0.5197345909219729,37.069864353752266
0.1507537688442211,2.973673469387755,5.3997289439144875,0.5568227272625053,36.703965792232005
0.15577889447236182,2.973673469387755,5.582581744677344,0.6050519776564992,35.98849645740764
0.16080402010050251,2.973673469387755,5.760178250035761,0.6698510923116753,34.516623232236
0.1658291457286432,2.973673469387755,5.926958689775129,0.7586103081292872,31.53840164920433
0.1708542713567839,2.973673469387755,6.073547800561834,0.8775757746685059,26.482768594090434
0.17587939698492464,2.973673469387755,6.19133001995261,1.0251406654019652,20.402950310452145
0.18090452261306533,2.973673469387755,6.280177801523408,1.191903597401196,15.205179391844124
0.18592964824120603,2.973673469387755,6.34673628391025,1.368863337391557,11.523734766819603
0.19095477386934673,2.973673469387755,6.398032752613261,1.5508859985260957,9.05802538195705
0.19597989949748743,2.973673469387755,6.439126754419692,1.735500760796756,7.404585737293174
0.20100502512562815,2.973673469387755,6.473329563873965,1.9215242995122819,6.2786537139322185
0.20603015075376885,2.973673469387755,6.502814957445721,2.1083575232134693,5.505149550946645
0.21105527638190955,2.973673469387755,6.529073163587834,2.2956733997929626,4.980952220884803
0.21608040201005024,2.973673469387755,6.553192576233703,2.4832775631797133,4.647384519872441
0.22110552763819097,2.973673469387755,6.576052508249696,2.6710397622446784,4.477219070490083
0.22613065326633167,2.973673469387755,6.59846394457699,2.8588554381058513,4.471904840953534
0.23115577889447236,2.973673469387755,6.621337699428576,3.0466156664961117,4.672987824513141
0.23618090452261306,2.973673469387755,6.645975214103726,3.2341514139327767,5.208315278176317
0.24120603015075376,2.973673469387755,6.674898782040983,3.4210663171948625,6.5059643850039155
0.24623115577889448,2.973673469387755,6.716097584972456,3.605557880186934,11.093920239124953
0.25125628140703515,2.973673469387755,6.831341302147708,3.6661069018071597,21.835176742461424
0.2562814070351759,2.973673469387755,6.915307168755525,3.4969916181544782,14.382794292750413
0.2613065326633166,2.973673469387755,6.984257459822218,3.320865085411639,13.34322990371854
0.2663316582914573,2.973673469387755,7.050966314427423,3.1438711798202865,13.29500247172095
0.271356783919598,2.973673469387755,7.118466169858191,2.967177218031235,13.61049826319697
0.27638190954773867,2.973673469387755,7.188062523630998,2.7912993141053013,14.11265004723886
0.2814070351758794,2.973673469387755,7.260500527477654,2.6165735159245687,14.734546547808433
0.2864321608040201,2.973673469387755,7.336300271782782,2.4432805406626956,15.447619951367432
0.2914572864321608,2.973673469387755,7.415885221166328,2.2716939276282426,16.23989396108453
0.2964824120603015,2.973673469387755,7.499641681226757,2.102105542558115,17.107786527368084
0.3015075376884422,2.973673469387755,7.587952374814572,1.9348448077022333,18.05319654223467
0.3065326633165829,2.973673469387755,7.681221716458489,1.770299315053564,19.082885038894542
0.31155778894472363,2.973673469387755,7.77990164043607,1.608942748179443,20.209196213460743
0.3165829145728643,2.973673469387755,7.88452302955752,1.451376818196874,21.451460969070332
0.32160804020100503,2.973673469387755,7.995733927563029,1.298395457415605,22.837050859100557
0.32663316582914576,2.973673469387755,8.114338322351525,1.1510799535836018,24.400037058723473
0.3316582914572864,2.973673469387755,8.241313378670267,1.0109278426127477,26.172994911603563
0.33668341708542715,2.973673469387755,8.37775385273031,0.8799932184144256,28.165088300682346
0.3417085427135678,2.973673469387755,8.524663049416255,0.7609545221618426,30.322564353447646
0.34673366834170855,2.973673469387755,8.682515306514729,0.6568998551841514,32.483797358629715
0.35175879396984927,2.973673469387755,8.850707855963577,0.5705767780652163,34.39279247440507
0.35678391959798994,2.973673469387755,9.02736859987822,0.5032406676737187,35.82887963265781
0.36180904522613067,2.973673469387755,9.20991098268795,0.4539448398950523,36.74164570409162
0.36683417085427134,2.973673469387755,9.395938173703769,0.41995572850002616,37.24164934961397
0.37185929648241206,2.973673469387755,9.5837708594111,0.3978788287973595,37.48445589025269
0.3768844221105528,2.973673469387755,9.772440244050426,0.3845885291394732,37.59031989296009
0.38190954773869346,2.973673469387755,9.961454876931928,0.3776246887344011,37.63025481809722
0.3869346733668342,2.973673469387755,10.15058541265234,0.3752151269897564,37.64046950981744
0.39195979899497485,2.973673469387755,10.339730668143082,0.3761519887009796,37.63781396648101
0.3969849246231156,2.973673469387755,10.528846357637121,0.3796482494661263,37.6295385799844
0.4020100502512563,2.973673469387755,10.717912524652393,0.38521977333283497,37.61837215917302
0.40703517587939697,2.973673469387755,10.906916822037047,0.39260173394025205,37.604890858667346
0.4120603015075377,2.973673469387755,11.095846504894837,0.4016952813215634,37.58851314702347
0.41708542713567837,2.973673469387755,11.284683793105147,0.41253879580862224,37.56777943739333
0.4221105527638191,2.973673469387755,11.473401026994177,0.4253001940980672,37.54017723393154
0.4271356783919598,2.973673469387755,11.661954002760094,0.4402894238121756,37.50151058281703
0.4321608040201005,2.973673469387755,11.850270608520598,0.4579950734058615,37.44451565469059
0.4371859296482412,2.973673469387755,12.038229050432598,0.4791550505468283,37.35598292859111
0.44221105527638194,2.973673469387755,12.225613710710935,0.5048853194675872,37.210364678007736
0.4472361809045226,2.973673469387755,12.412023213562897,0.5368893518655771,36.955504344018
0.45226130653266333,2.973673469387755,12.596660349996535,0.5778352042650721,36.47761201084923
0.457286432160804,2.973673469387755,12.777847876602442,0.6319239308347552,35.52121630357646
0.4623115577889447,2.973673469387755,12.951966201565352,0.7054563031911221,33.54160111536713
0.46733668341708545,2.973673469387755,13.111854592148658,0.8059846864048766,29.73163174514996
0.4723618090452261,2.973673469387755,13.247498409114174,0.9372687077842857,24.040061313886508
0.47738693467336685,2.973673469387755,13.353162347645863,1.0938096440291087,18.154241175433366
0.4824120603015075,2.973673469387755,13.432242116165948,1.2654786305970165,13.580614503673196
0.48743718592964824,2.973673469387755,13.4920874408705,1.4448469597919305,10.44692444718186
0.49246231155778897,2.973673469387755,13.538972198894644,1.6280665159075547,8.353147021598929
0.49748743718592964,2.973673469387755,13.577169132083958,1.8133068803327355,6.9401772351004025
0.5025125628140703,2.973673469387755,13.609463760656535,1.999673137788025,5.973657049731081
0.507537688442211,2.973673469387755,13.637713911522733,2.1866980278579526,5.312348698167484
0.5125628140703518,2.973673469387755,13.663225844273134,2.374117393778973,4.874069523620237
0.5175879396984925,2.973673469387755,13.686996133795997,2.561766221489351,4.614287617054752
0.5226130653266332,2.973673469387755,13.70987390804838,2.749525872296065,4.519051612991882
0.5276381909547738,2.973673469387755,13.732717052410798,2.9372883476171476,4.6068130178723425
0.5326633165829145,2.973673469387755,13.756599287897,3.124922365428673,4.953023326488135
0.5376884422110553,2.973673469387755,13.783291840198054,3.312174215167143,5.790298777439368
0.542713567839196,2.973673469387755,13.817014730715727,3.4982635611359076,8.065418250190971
0.5477386934673367,2.973673469387755,13.882081495684005,3.6739990812947365,26.655211660186293
0.5527638190954773,2.973673469387755,14.00330762526797,3.5633733669818572,16.163157745891464
0.5577889447236181,2.973673469387755,14.076704753405338,3.3890858390705256,13.724686121332407
0.5628140703517588,2.973673469387755,14.144311098999212,3.2124335206959085,13.329559736471948
0.5678391959798995,2.973673469387755,14.211579799400875,3.0356524884809586,13.501118459100152
0.5728643216080402,2.973673469387755,14.28041483478518,2.859474928829079,13.925584020575384
0.5778894472361809,2.973673469387755,14.351778036549026,2.6843070229134693,14.496739873107714
0.5829145728643216,2.973673469387755,14.426282473828925,2.510452821212625,15.171211364525195
0.5879396984924623,2.973673469387755,14.504393600283713,2.3381898548009907,15.930260336753562
0.592964824120603,2.973673469387755,14.586514940880575,2.167803188470597,16.766715344603362
0.5979899497487438,2.973673469387755,14.673031840388218,1.9996070159228758,17.68004817030777
0.6030150753768844,2.973673469387755,14.764340069162516,1.8339645128704294,18.674844461636912
0.6080402010050251,2.973673469387755,14.860871392859371,1.6713124536225836,19.760975937327135
0.6130653266331658,2.973673469387755,14.96312283709133,1.5121969315005028,20.954788326347295
0.6180904522613065,2.973673469387755,15.071692680793246,1.3573279000954894,22.28041625810116
0.6231155778894473,2.973673469387755,15.18732064492075,1.207661401980722,23.7697446753581
0.628140703517588,2.973673469387755,15.310917769718156,1.0645159482877113,25.457593776502563
0.6331658291457286,2.973673469387755,15.443547643249717,0.9297140477551392,27.365890002701256
0.6381909547738693,2.973673469387755,15.58628757167632,0.8056942815269343,29.471277287482643
0.6432160804020101,2.973673469387755,15.739883697962902,0.6954406500999637,31.657657334532416
0.6482412060301508,2.973673469387755,15.904209493440456,0.6019610087406915,33.69655716453564
0.6532663316582915,2.973673469387755,16.07786214173017,0.5272215247478184,35.333773710334256
0.6582914572864321,2.973673469387755,16.2584283701339,0.471150866665041,36.44372507332421
0.6633165829145728,2.973673469387755,16.443342398362102,0.43159490436729964,37.085794803855535
0.6683417085427136,2.973673469387755,16.63062206115963,0.4052800511352632,37.41163756952119
0.6733668341708543,2.973673469387755,16.81904486757569,0.38890039324610204,37.5598788425589
0.678391959798995,2.973673469387755,17.00796304921643,0.37971934479459146,37.61966118011637
0.6834170854271356,2.973673469387755,17.197065572147686,0.375707523259669,37.63865985312734
0.6884422110552764,2.973673469387755,17.386212299640995,0.3754549512406983,37.6397772570221
0.6934673366834171,2.973673469387755,17.575343348984234,0.37802667910902643,37.63319039544033
0.6984924623115578,2.973673469387755,17.764430491875093,0.3828323337125284,37.62299499966267
0.7035175879396985,2.973673469387755,17.95346027005552,0.3895296438653236,37.610428979903425
0.7085427135678392,2.973673469387755,18.14242079446149,0.39795982056438217,37.59530134836747
0.7135678391959799,2.973673469387755,18.331296757597116,0.40810981807631713,37.5764943602514
0.7185929648241206,2.973673469387755,18.520064897070416,0.42009678977699644,37.55194993543751
0.7236180904522613,2.973673469387755,18.70868857789241,0.43417259294835553,37.51823201186966
0.7286432160804021,2.973673469387755,18.897108285043913,0.4507501719811605,37.469506564135166
0.7336683417085427,2.973673469387755,19.085225230187888,0.4704593065997066,37.39539144166413
0.7386934673366834,2.973673469387755,19.27286768207132,0.4942487850513076,37.27620935414004
0.7437185929648241,2.973673469387755,19.459722700914227,0.5235603136269593,37.07280256064563
0.7487437185929648,2.973673469387755,19.645184245305074,0.5606299667028605,36.701747471072366
0.7537688442211056,2.973673469387755,19.82800370854545,0.6089836899492909,35.976128133201954
0.7587939698492462,2.973673469387755,20.005492367940146,0.6740739775480477,34.482941048592615
0.7638190954773869,2.973673469387755,20.172031139122844,0.7632815124218615,31.47113269266565
0.7688442211055276,2.973673469387755,20.31823149459751,0.8827250391090067,26.396331063413026
0.7738693467336684,2.973673469387755,20.435613331872293,1.0306138311314084,20.33476454868227
0.7788944723618091,2.973673469387755,20.52420804058078,1.197515227945648,15.172362538101472
0.7839195979899497,2.973673469387755,20.590673314241343,1.3745117230055206,11.51779523873911
0.7889447236180904,2.973673469387755,20.64198545780063,1.5565306903693654,9.068998419854857
0.7939698492462312,2.973673469387755,20.683161525224808,1.7411275012181844,7.425655486467557
0.7989949748743719,2.973673469387755,20.71748939860391,1.9271281760056438,6.306701200602753
0.8040201005025126,2.973673469387755,20.74713256963076,2.1139364921965327,5.539497265570394
0.8090452261306532,2.973673469387755,20.773577496033287,2.301226050857175,5.021410139749861
0.8140703517587939,2.973673469387755,20.797919402070708,2.4888013407489322,4.695536024777473
0.8190954773869347,2.973673469387755,20.821046238737928,2.6765305261151626,4.536024701932794
0.8241206030150754,2.973673469387755,20.843793265448976,2.864303634311665,4.548012190793697
0.8291457286432161,2.973673469387755,20.867116088186435,3.0520077494354205,4.778677948301553
0.8341708542713567,2.973673469387755,20.89242036027648,3.2394539383615144,5.376773949627205
0.8391959798994975,2.973673469387755,20.92255455666738,3.4261744587748795,6.857046716551899
0.8442211055276382,2.973673469387755,20.967466510873436,3.609724134714781,12.74709291163086
0.8492462311557789,2.973673469387755,21.088908203232926,3.6283101879948116,19.658682574732353
0.8542713567839196,2.973673469387755,21.16946382940366,3.457371970268265,14.232553761265367
0.8592964824120602,2.973673469387755,21.238248275770783,3.2811788239693582,13.383436330230873
0.864321608040201,2.973673469387755,21.305329567212166,3.1043276454289144,13.394693830838886
0.8693467336683417,2.973673469387755,21.373410355832295,2.9278572576969104,13.739434950346025
0.8743718592964824,2.973673469387755,21.443705275155462,2.7522576427529573,14.260814985536117
0.8793969849246231,2.973673469387755,21.516927847883483,2.5778593453753227,14.898297905225464
0.8844221105527639,2.973673469387755,21.59358688567402,2.4049449234955973,15.625791041211883
0.8894472361809045,2.973673469387755,21.67410332984781,2.233793592367011,16.432528133204713
0.8944723618090452,2.973673469387755,21.758865716012174,2.0647059353084334,17.315701603699956
0.8994974874371859,2.973673469387755,21.848262744736058,1.898023558261302,18.277968900708228
0.9045226130653267,2.973673469387755,21.942709024512855,1.7341511474356393,19.327043098622045
0.9095477386934674,2.973673469387755,22.042672325498607,1.5735870483896992,20.476581828988675
0.914572864321608,2.973673469387755,22.148706872102895,1.4169694699043711,21.747573142224894
0.9195979899497487,2.973673469387755,22.261492758561452,1.265146906583904,23.16909524118419
0.9246231155778895,2.973673469387755,22.381872757112447,1.1192809922772466,24.775927374420803
0.9296482412060302,2.973673469387755,22.510859149494237,0.9809813866636126,26.597910868855717
0.9346733668341709,2.973673469387755,22.64955161916495,0.8524402707234657,28.63426771762948
0.9396984924623115,2.973673469387755,22.798881969216698,0.7364609140086897,30.810338128195788
0.9447236180904522,2.973673469387755,22.959130508274423,0.6361427230346831,32.93896026482793
0.949748743718593,2.973673469387755,23.129403900767286,0.5540002396303826,34.75744065072999
0.9547738693467337,2.973673469387755,23.30760057141086,0.49082781144524257,36.07456790743505
0.9597989949748744,2.973673469387755,23.491102140218324,0.44520688584426305,36.88265346720129
0.964824120603015,2.973673469387755,23.677647343597265,0.41415538086358095,37.31268546987251
0.9698492462311558,2.973673469387755,23.86572878315817,0.39427716054468964,37.51656879275404
0.9748743718592965,2.973673469387755,24.054505384002596,0.38257735177554797,37.60317702512155
0.9798994974874372,2.973673469387755,24.24355966286691,0.37675469880105206,37.63427854215423
0.9849246231155779,2.973673469387755,24.432699549597487,0.3751748875606442,37.640633172670604
0.9899497487437185,2.973673469387755,24.621841135884402,0.37673539910179793,37.63631801525681
0.9949748743718593,2.973673469387755,24.810947491666223,0.38072611562672926,37.627247248584936
1.0,2.973673469387755,25.0,0.3867160471372957,37.616707973381224
0.0,2.9748979591836733,0.0,1.0,17.014170412742
0.005025125628140704,2.9748979591836733,0.09478357577232002,0.8363314955307642,20.842679321340533
0.010050251256281407,2.9748979591836733,0.21073117633589675,0.6870061820783515,25.406132518737046
0.01507537688442211,2.9748979591836733,0.35052545134564206,0.5598730668586394,30.183142965417876
0.020100502512562814,2.9748979591836733,0.5125007135760199,0.4626199579768721,34.033129841791485
0.02512562814070352,2.9748979591836733,0.6897373069599252,0.39692190396370997,36.2398843276736
0.03015075376884422,2.9748979591836733,0.8745973202163524,0.35693512840135266,37.18444709712004
0.035175879396984924,2.9748979591836733,1.0624507676425456,0.3344004131487647,37.52056532931283
0.04020100502512563,2.9748979591836733,1.251315138401999,0.32269064335898295,37.626370308917785
0.04522613065326633,2.9748979591836733,1.4404806985978629,0.3174985054318382,37.654779918832794
0.05025125628140704,2.9748979591836733,1.6297167878175238,0.31624198362227335,37.65919710307104
0.05527638190954774,2.9748979591836733,1.8189546271314452,0.3174188312446321,37.65695928578893
0.06030150753768844,2.9748979591836733,2.00817659110717,0.3201657063406274,37.653320892147995
0.06532663316582915,2.9748979591836733,2.1973799843622914,0.32399141424931044,37.649661004135574
0.07035175879396985,2.9748979591836733,2.386565446009648,0.3286226035342958,37.64617634751233
0.07537688442211055,2.9748979591836733,2.575733583907444,0.3339154488905597,37.64273212474035
0.08040201005025126,2.9748979591836733,2.7648840720727326,0.33980579535923794,37.63911191904878
0.08542713567839195,2.9748979591836733,2.95401543310603,0.34628131266844875,37.635076483912655
0.09045226130653267,2.9748979591836733,3.143124928816419,0.35336653215755287,37.63035972636789
0.09547738693467336,2.9748979591836733,3.332208358720332,0.3611158842740061,37.624640155014866
0.10050251256281408,2.9748979591836733,3.521259681876865,0.3696119462653633,37.61749781477445
0.10552763819095477,2.9748979591836733,3.710270371180243,0.37896768106726836,37.60834871409263
0.11055276381909548,2.9748979591836733,3.899228341158338,0.389332494431206,37.59634126215904
0.11557788944723618,2.9748979591836733,4.088116214403609,0.40090275741522774,37.58018351883374
0.12060301507537688,2.9748979591836733,4.2769084275125255,0.41393844631368093,37.55784018643443
0.12562814070351758,2.9748979591836733,4.46556619954924,0.42878937146221524,37.52593412968264
0.1306532663316583,2.9748979591836733,4.654028583165672,0.4459364184703197,37.47886260456343
0.135678391959799,2.9748979591836733,4.842196275206315,0.46605130555421537,37.406402740655736
0.1407035175879397,2.9748979591836733,5.029898277861668,0.49011066333528996,37.28914776568037
0.1457286432160804,2.9748979591836733,5.216824480497481,0.5195695462005862,37.08859133393247
0.1507537688442211,2.9748979591836733,5.4023760636429,0.5566651511267333,36.72243258840596
0.15577889447236182,2.9748979591836733,5.585319886968576,0.6049147441810523,36.006066417180314
0.16080402010050251,2.9748979591836733,5.762998841609759,0.6697592053056844,34.53143562839703
0.1658291457286432,2.9748979591836733,5.929836777266794,0.7586073612440751,31.545430912499125
0.1708542713567839,2.9748979591836733,6.07643080069728,0.8777130371581578,26.477455067955585
0.17587939698492464,2.9748979591836733,6.194158775825199,1.0254399134282717,20.388004568066552
0.18090452261306533,2.9748979591836733,6.282924755910188,1.1923522121299563,15.18865654433663
0.18592964824120603,2.9748979591836733,6.349403161432849,1.3694418820242569,11.508782398686648
0.19095477386934673,2.9748979591836733,6.400630425984694,1.5515810455106172,9.045380946662384
0.19597989949748743,2.9748979591836733,6.441665862344007,1.736304449568047,7.393795395370276
0.20100502512562815,2.9748979591836733,6.475818261621783,1.9224321232663892,6.269267357062248
0.20603015075376885,2.9748979591836733,6.505258949977938,2.1093668501536564,5.4967103167535525
0.21105527638190955,2.9748979591836733,6.531476178776572,2.296782671800549,4.973029174745735
0.21608040201005024,2.9748979591836733,6.555556589665016,2.484485905240879,4.6397204925387685
0.22110552763819097,2.9748979591836733,6.578377785453218,2.6723467983574016,4.469422064373979
0.22613065326633167,2.9748979591836733,6.600748738402826,2.860261236292973,4.463502859687127
0.23115577889447236,2.9748979591836733,6.623577296076043,3.048120953220049,4.663201636754447
0.23618090452261306,2.9748979591836733,6.648158957367199,3.2357581403683424,5.195429872151379
0.24120603015075376,2.9748979591836733,6.677000109905039,3.4227803050591774,6.4843395164529625
0.24623115577889448,2.9748979591836733,6.718006975002521,3.607412857926608,11.019718749792117
0.25125628140703515,2.9748979591836733,6.832867267993002,3.669895690415255,21.950843453527526
0.2562814070351759,2.9748979591836733,6.916980182317278,3.500760199221083,14.385004017543888
0.2613065326633166,2.9748979591836733,6.9859171935243225,3.324528389024166,13.337787983780782
0.2663316582914573,2.9748979591836733,7.052593001590389,3.1474222630786923,13.287628687652768
0.271356783919598,2.9748979591836733,7.120053604573017,2.970613450459498,13.602333842138092
0.27638190954773867,2.9748979591836733,7.189607568201107,2.7946184559395393,14.103966844337645
0.2814070351758794,2.9748979591836733,7.262000799021433,2.6197731189761497,14.725409582536003
0.2864321608040201,2.9748979591836733,7.337753449555111,2.446357733284407,15.43800708422154
0.2914572864321608,2.9748979591836733,7.417288804019817,2.2746452942460365,16.229757461717107
0.2964824120603015,2.9748979591836733,7.500992860080423,2.104926994240712,17.09705293670776
0.3015075376884422,2.9748979591836733,7.589247922772001,1.9375314072724152,18.04177065226573
0.3065326633165829,2.9748979591836733,7.6824578468322535,1.7728450153820716,19.07063670861744
0.31155778894472363,2.9748979591836733,7.781073821003823,1.6113400006916623,20.195959529236067
0.3165829145728643,2.9748979591836733,7.8856257806088035,1.4536160002558496,21.43702963166107
0.32160804020100503,2.9748979591836733,7.996760706220691,1.3004640807865542,22.82121753699062
0.32663316582914576,2.9748979591836733,8.115281750213233,1.1529616983448436,24.382701132516267
0.3316582914572864,2.9748979591836733,8.242166318061738,1.0126017051652325,26.154409236718394
0.33668341708542715,2.9748979591836733,8.378512113168467,0.8814336699253777,28.146259073833942
0.3417085427135678,2.9748979591836733,8.525330308217784,0.7621345426308894,30.305631395655748
0.34673366834170855,2.9748979591836733,8.683109154810284,0.6577993451383436,32.47199942303562
0.35175879396984927,2.9748979591836733,8.85126174738223,0.5711950364363484,34.38901349139891
0.35678391959798994,2.9748979591836733,9.027925259087459,0.5036059091326017,35.83361047546793
0.36180904522613067,2.9748979591836733,9.210509041663958,0.45410764470819276,36.75295377868045
0.36683417085427134,2.9748979591836733,9.396603948598942,0.4199721591746211,37.25688863802177
0.37185929648241206,2.9748979591836733,9.584518776102025,0.3977966083011457,37.50165631761334
0.3768844221105528,2.9748979591836733,9.773277082406883,0.38444222507970127,37.608383465847965
0.38190954773869346,2.9748979591836733,9.962383506499497,0.3774368640777805,37.64866831781017
0.3869346733668342,2.9748979591836733,10.151606935124795,0.37499949156858964,37.65902050219715
0.39195979899497485,2.9748979591836733,10.34084546123618,0.37591625099402576,37.656423362256064
0.3969849246231156,2.9748979591836733,10.530054784188343,0.3793962798335679,37.648182708336776
0.4020100502512563,2.9748979591836733,10.719214711860788,0.3849529131131821,37.63705021461792
0.40703517587939697,2.9748979591836733,10.908312958784117,0.39231965122206824,37.62361080391695
0.4120603015075377,2.9748979591836733,11.097336857229346,0.4013963885089938,37.60729196603491
0.41708542713567837,2.9748979591836733,11.286268715183102,0.4122203972284276,37.58664337394161
0.4221105527638191,2.9748979591836733,11.475081024292868,0.4249584324412657,37.559167642579865
0.4271356783919598,2.9748979591836733,11.663729869834354,0.4399190338814316,37.52069003462542
0.4321608040201005,2.9748979591836733,11.852143556251242,0.45758889694849314,37.46399402544118
0.4371859296482412,2.9748979591836733,12.040201039569459,0.47870318597408373,37.37595474823622
0.44221105527638194,2.9748979591836733,12.227688121857076,0.5043737211371148,37.23123542173257
0.4472361809045226,2.9748979591836733,12.414206115327271,0.5362975785080205,36.97797913568391
0.45226130653266333,2.9748979591836733,12.598963372588914,0.5771333063324581,36.50337743933555
0.457286432160804,2.9748979591836733,12.780294256151906,0.6310692132294096,35.55318545025383
0.4623115577889447,2.9748979591836733,12.954600773063534,0.7043974194171181,33.58540783713893
0.46733668341708545,2.9748979591836733,13.114746956143623,0.8046918716883642,29.789876863960444
0.4723618090452261,2.9748979591836733,13.250696674139963,0.9357921255156966,24.100336408073158
0.47738693467336685,2.9748979591836733,13.356627965115713,1.0922626450406758,18.19873322288956
0.4824120603015075,2.9748979591836733,13.435885856345267,1.263950976736721,13.607745868933693
0.48743718592964824,2.9748979591836733,13.495833779770205,1.4433829175239048,10.461698162932864
0.49246231155778897,2.9748979591836733,13.542772516703787,1.6266847794026233,8.36044721025537
0.49748743718592964,2.9748979591836733,13.580993928231607,1.8120152839237895,6.942975297603884
0.5025125628140703,2.9748979591836733,13.613294450444638,1.99847517479888,5.9734415830138765
0.507537688442211,2.9748979591836733,13.641537792757374,2.185595427347785,5.3099642174827455
0.5125628140703518,2.9748979591836733,13.66703304609,2.37311120684047,4.8698668716611495
0.5175879396984925,2.9748979591836733,13.6907774064367,2.5608573477971577,4.6081787721506435
0.5226130653266332,2.9748979591836733,13.713618979507926,2.7487154563105904,4.510660249743659
0.5276381909547738,2.9748979591836733,13.73641200828743,2.936578056158366,4.595004272780856
0.5326633165829145,2.9748979591836733,13.760221396226763,3.124315403102351,4.9351783598756365
0.5376884422110553,2.9748979591836733,13.78679506981877,3.3116785219483504,5.758601557698483
0.542713567839196,2.9748979591836733,13.820263482614084,3.497909892476394,7.98226486465259
0.5477386934673367,2.9748979591836733,13.883642598825606,3.6746300286376075,25.252481043055273
0.5527638190954773,2.9748979591836733,14.005671608399116,3.5693345783648467,16.24647574057727
0.5577889447236181,2.9748979591836733,14.079234714116701,3.395018233382322,13.73238341092397
0.5628140703517588,2.9748979591836733,14.146836228878582,3.2182642371555805,13.322755890676072
0.5678391959798995,2.9748979591836733,14.214055340866377,3.0413644576098173,13.488903044866127
0.5728643216080402,2.9748979591836733,14.282821223064031,2.865059739245878,13.910515139344016
0.5778894472361809,2.9748979591836733,14.354103684332713,2.689758228871318,14.479759121185163
0.5829145728643216,2.9748979591836733,14.428518710448495,2.5157642476904734,15.152639935808848
0.5879396984924623,2.9748979591836733,14.50653278221322,2.3433548808055455,15.910207497341826
0.592964824120603,2.9748979591836733,14.58854957892594,2.17281431751638,16.745149413104443
0.5979899497487438,2.9748979591836733,14.674954084147599,2.004455479368227,17.656855222743527
0.6030150753768844,2.9748979591836733,14.766141264325649,1.838639789733221,18.649816062943728
0.6080402010050251,2.9748979591836733,14.86254158408598,1.675801571685267,19.73380084914501
0.6130653266331658,2.9748979591836733,14.964650160544828,1.516483427457873,20.92501952919801
0.6180904522613065,2.9748979591836733,15.073062701746917,1.3613902745758548,22.247481752271177
0.6231155778894473,2.9748979591836733,15.188515913199405,1.2114709663483043,23.733042249327703
0.628140703517588,2.9748979591836733,15.311918288270256,1.0680341922678007,25.416779779156695
0.6331658291457286,2.9748979591836733,15.444333619739798,0.9328904371020932,27.321528689669385
0.6381909547738693,2.9748979591836733,15.586846166838583,0.8084669309788084,29.425778874088138
0.6432160804020101,2.9748979591836733,15.740221070470906,0.6977457285155886,31.61622003515224
0.6482412060301508,2.9748979591836733,15.904362321659685,0.6037545366189769,33.665656764860394
0.6532663316582915,2.9748979591836733,16.077896346130434,0.5285064867963227,35.31778620888097
0.6582914572864321,2.9748979591836733,16.258419133052964,0.47198572099760344,36.44190544493773
0.6633165829145728,2.9748979591836733,16.44335106326188,0.4320723525413528,37.09395279885214
0.6683417085427136,2.9748979591836733,16.63068749444993,0.40549560505950066,37.425464366188734
0.6733668341708543,2.9748979591836733,16.81918771570814,0.38893285099106334,37.57650099031816
0.678391959798995,2.9748979591836733,17.008192991482773,0.37962581513154436,37.6375395919662
0.6834170854271356,2.9748979591836733,17.19738689886425,0.3755263202739266,37.65707284817508
0.6884422110552764,2.9748979591836733,17.38662683279145,0.37521041135771727,37.65841510600916
0.6934673366834171,2.9748979591836733,17.575851891469945,0.3777334017295714,37.65193222017915
0.6984924623115578,2.9748979591836733,17.765033380285594,0.38249827637257694,37.64180240550084
0.7035175879396985,2.9748979591836733,17.954157830013354,0.3891581483456579,37.629303047885884
0.7085427135678392,2.9748979591836733,18.14321341029144,0.3975507994533274,37.61426474062267
0.7135678391959799,2.9748979591836733,18.332184965882586,0.4076603435138245,37.595588752521294
0.7185929648241206,2.9748979591836733,18.52104953969776,0.4196012034122385,37.57124035323675
0.7236180904522613,2.9748979591836733,18.709770862141117,0.43362214454619064,37.53782723523363
0.7286432160804021,2.9748979591836733,18.8982901471155,0.4501321273932319,37.48959272531976
0.7336683417085427,2.9748979591836733,19.08650989253243,0.46975530289196754,37.41630602754666
0.7386934673366834,2.9748979591836733,19.274260719849288,0.49343213850279044,37.29857040051853
0.7437185929648241,2.9748979591836733,19.461234173975143,0.5225910665913287,37.09787545163035
0.7487437185929648,2.9748979591836733,19.646833687127764,0.5594473469378034,36.73222138556714
0.7537688442211056,2.9748979591836733,19.829831003480162,0.6074953468344876,36.017780804274516
0.7587939698492462,2.9748979591836733,20.007580811625232,0.6721476226778286,34.548004209857666
0.7638190954773869,2.9748979591836733,20.174538125503883,0.760774643159107,31.576439164718785
0.7688442211055276,2.9748979591836733,20.32135433879227,0.8796101108981922,26.53288930735772
0.7738693467336684,2.9748979591836733,20.439414178532314,1.0270734902859844,20.460513169024274
0.7788944723618091,2.9748979591836733,20.52855182802389,1.1937876089226005,15.261484843798366
0.7839195979899497,2.9748979591836733,20.595379035684203,1.3707457900498774,11.574581530997815
0.7889447236180904,2.9748979591836733,20.646917543758452,1.5527970861648708,9.104097403809106
0.7939698492462312,2.9748979591836733,20.68823274027117,1.737458144407951,7.4470514497160964
0.7989949748743719,2.9748979591836733,20.72264421844641,1.9235381277524697,6.319193132119481
0.8040201005025126,2.9748979591836733,20.75233407204155,2.110433443426922,5.545901428516642
0.8090452261306532,2.9748979591836733,20.77879901212814,2.2978143748535103,5.02318525335993
0.8140703517587939,2.9748979591836733,20.80313947935097,2.4854839077140585,4.693224915065009
0.8190954773869347,2.9748979591836733,20.826244652596596,2.673309757698522,4.529605393738426
0.8241206030150754,2.9748979591836733,20.848947212329797,2.8611824419758998,4.53641992316654
0.8291457286432161,2.9748979591836733,20.872193391800362,3.0489900782930657,4.759043058190096
0.8341708542713567,2.9748979591836733,20.89736419854369,3.236548453064214,5.3411316863952765
0.8391959798994975,2.9748979591836733,20.92722708338361,3.4234077948498767,6.774823262889778
0.8442211055276382,2.9748979591836733,20.971199530641222,3.607302867340486,12.30261970904262
0.8492462311557789,2.9748979591836733,21.091439398814057,3.6361785048907724,20.11658617931347
0.8542713567839196,2.9748979591836733,21.172787017230792,3.4655433006805407,14.277178303730432
0.8592964824120602,2.9748979591836733,21.241659648393785,3.2892849362897225,13.383969710019315
0.864321608040201,2.9748979591836733,21.30870393694559,3.112319487153936,13.381420177135132
0.8693467336683417,2.9748979591836733,21.3767001729756,2.9357165541368566,13.719708784330955
0.8743718592964824,2.9748979591836733,21.446885459088147,2.759972613618371,14.23715788515842
0.8793969849246231,2.9748979591836733,21.51998151648116,2.585420077391537,14.871701815653449
0.8844221105527639,2.9748979591836733,21.596500406175853,2.4123415482688237,15.596641666781496
0.8894472361809045,2.9748979591836733,21.676864197420034,2.241015395938568,16.400920470568096
0.8944723618090452,2.9748979591836733,21.761461431421925,2.071740699952784,17.281552303303197
0.8994974874371859,2.9748979591836733,21.850680016933417,1.9048568844674074,18.241045490928297
0.9045226130653267,2.9748979591836733,21.944932986251665,1.7407655341654629,19.286944461926332
0.9095477386934674,2.9748979591836733,22.044685593411256,1.5799605453505003,20.432702923290325
0.914572864321608,2.9748979591836733,22.15048842562445,1.4230736373195494,21.69907236040463
0.9195979899497487,2.9748979591836733,22.26301684105919,1.2709438339570318,23.114948713868806
0.9246231155778895,2.9748979591836733,22.383108490851455,1.1247192930840257,24.715189985811538
0.9296482412060302,2.9748979591836733,22.51177246147986,0.9859917959106874,26.530426260943138
0.9346733668341709,2.9748979591836733,22.650112156654203,0.8569333852861641,28.561946390835985
0.9396984924623115,2.9748979591836733,22.799077639697554,0.7403332601787116,30.73877810394047
0.9447236180904522,2.9748979591836733,22.958987881697574,0.6393012217870664,32.87758571107496
0.949748743718593,2.9748979591836733,23.128998118186665,0.556403107313439,34.71520408314187
0.9547738693467337,2.9748979591836733,23.307037987067986,0.4925162466213021,36.0541771105463
0.9597989949748744,2.9748979591836733,23.490484008119694,0.4462936862750242,36.879874629496534
0.964824120603015,2.9748979591836733,23.677045595999182,0.41478073687893074,37.320938845338496
0.9698492462311558,2.9748979591836733,23.86518485622475,0.3945693544283019,37.53064988540319
0.9748743718592965,2.9748979591836733,24.054040039918192,0.38263578048398417,37.62001527746415
0.9798994974874372,2.9748979591836733,24.243182470996437,0.37664931132275165,37.65233481643325
0.9849246231155779,2.9748979591836733,24.432414598354807,0.37495206375267465,37.65920761984048
0.9899497487437185,2.9748979591836733,24.621650069416603,0.376424414902215,37.655116951556984
0.9949748743718593,2.9748979591836733,24.810850998332242,0.38034436984361164,37.64616423868014
1.0,2.9748979591836733,25.0,0.386272455074504,37.63575331303431
0.0,2.976122448979592,0.0,1.0,17.014183303897482
0.005025125628140704,2.976122448979592,0.09479084825225376,0.8362277354839017,20.845886835888088
0.010050251256281407,2.976122448979592,0.21076724015330278,0.6868067368615552,25.414772439636597
0.01507537688442211,2.976122448979592,0.3506221826960365,0.5596022607100554,30.198638965882953
0.020100502512562814,2.976122448979592,0.5126887091168565,0.4623208656629847,34.05328347053448
0.02512562814070352,2.976122448979592,0.6900297491643319,0.3966364483365179,36.26078632314259
0.03015075376884422,2.976122448979592,0.8749927570026712,0.3566835323191461,37.20446945398043
0.035175879396984924,2.976122448979592,1.0629446925731303,0.33418414099528565,37.53980817091452
0.04020100502512563,2.976122448979592,1.2519046108957281,0.3225033637548124,37.645208364720595
0.04522613065326633,2.976122448979592,1.4411643472321973,0.31733259276229664,37.67345035434824
0.05025125628140704,2.976122448979592,1.6304940845212401,0.31609086848411994,37.677809119622005
0.05527638190954774,2.976122448979592,1.8198254244177516,0.31727747488598934,37.67555745869124
0.06030150753768844,2.976122448979592,2.009140849820426,0.3200304369720324,37.67192151289138
0.06532663316582915,2.976122448979592,2.198437730094727,0.32385961713107164,37.66826867779985
0.07035175879396985,2.976122448979592,2.387716718168955,0.32849242220451047,37.664792061175156
0.07537688442211055,2.976122448979592,2.5769784223928784,0.3337855545388365,37.66135559849298
0.08040201005025126,2.976122448979592,2.7662225148218735,0.3396752202540133,37.65774273789717
0.08542713567839195,2.976122448979592,2.955447516634337,0.3461493315570683,37.65371448784754
0.09045226130653267,2.976122448979592,3.144650689403249,0.3532325812884659,37.649005115665766
0.09547738693467336,2.976122448979592,3.3338278339750644,0.36097950740158635,37.64329354300067
0.10050251256281408,2.976122448979592,3.522972914577072,0.36947275957536,37.63616026329635
0.10552763819095477,2.976122448979592,3.712077411347727,0.37882535271019174,37.627021788828635
0.11055276381909548,2.976122448979592,3.9011292495494025,0.3891867367559243,37.61502711054738
0.11557788944723618,2.976122448979592,4.090111060912963,0.40075333240226574,37.59888496525664
0.12060301507537688,2.976122448979592,4.27899729647562,0.413785190138924,37.57656096474775
0.12562814070351758,2.976122448979592,4.467749195803074,0.42863229444642803,37.5446773531669
0.1306532663316583,2.976122448979592,4.656305839806738,0.44577565350562587,37.49763402686418
0.135678391959799,2.976122448979592,4.844567932640751,0.4658874679804764,37.42520465474056
0.1407035175879397,2.976122448979592,5.032364431380562,0.4899452887200646,37.30795614792309
0.1457286432160804,2.976122448979592,5.219385079514593,0.5194056752992657,37.10736023368112
0.1507537688442211,2.976122448979592,5.405030459282401,0.5565090981920846,36.74092777705263
0.15577889447236182,2.976122448979592,5.588065418938215,0.6047795545106864,36.02365987913994
0.16080402010050251,2.976122448979592,5.76582678651832,0.6696701680812677,34.54615806175697
0.1658291457286432,2.976122448979592,5.9327217960773515,0.7586085261842163,31.552219894812314
0.1708542713567839,2.976122448979592,6.07931979822145,0.877855846711701,26.471833474818002
0.17587939698492464,2.976122448979592,6.196992296215934,1.0257458693044454,20.372832402930086
0.18090452261306533,2.976122448979592,6.285675515356398,1.192808209419422,15.171941863328259
0.18592964824120603,2.976122448979592,6.35207320645508,1.3700282308991478,11.493734063177765
0.19095477386934673,2.976122448979592,6.403230900053173,1.5522842006213646,9.032683396607919
0.19597989949748743,2.976122448979592,6.444207554141937,1.7371165103314583,7.382973733911322
0.20100502512562815,2.976122448979592,6.478309429470285,1.9233485637338261,6.259864863505532
0.20603015075376885,2.976122448979592,6.507705361658699,2.1103850311258388,5.488262209326175
0.21105527638190955,2.976122448979592,6.533881603268807,2.297901029935654,4.965116449762451
0.21608040201005024,2.976122448979592,6.557923051404083,2.485703558918536,4.632069489492957
0.22110552763819097,2.976122448979592,6.580705583901448,2.673663365398014,4.461644147710577
0.22613065326633167,2.976122448979592,6.603036128187199,2.8616767541685837,4.455197360865957
0.23115577889447236,2.976122448979592,6.625820243659153,3.049636089573853,4.653417357916783
0.23618090452261306,2.976122448979592,6.650346269250079,3.2373749059675063,5.182622590499618
0.24120603015075376,2.976122448979592,6.679105609860165,3.4245044333027637,6.463268041505026
0.24623115577889448,2.976122448979592,6.719927631213569,3.609276259409955,10.948899972819735
0.25125628140703515,2.976122448979592,6.834412028782054,3.673638597208025,22.06681745885949
0.2562814070351759,2.976122448979592,6.9186715389346,3.5044826652555665,14.387352274089254
0.2613065326633166,2.976122448979592,6.987595717151224,3.328145502874224,13.332379175703903
0.2663316582914573,2.976122448979592,7.054239208059441,3.150927282593308,13.280405280410971
0.271356783919598,2.976122448979592,7.1216615059230035,2.974003759382791,13.59432056352612
0.27638190954773867,2.976122448979592,7.191174120376974,2.7978918613665966,14.095519976572945
0.2814070351758794,2.976122448979592,7.263523705732544,2.6229272291169483,14.716492628693777
0.2864321608040201,2.976122448979592,7.339230480460015,2.4493897482018214,15.428651251125137
0.2914572864321608,2.976122448979592,7.418717548993347,2.277551878190849,16.21988938026846
0.2964824120603015,2.976122448979592,7.502370607327575,2.1077041512604486,17.08660960654347
0.3015075376884422,2.976122448979592,7.590571554963531,1.940174312742334,18.030656477322918
0.3065326633165829,2.976122448979592,7.68372370255274,1.775347761261186,19.058733705453797
0.31155778894472363,2.976122448979592,7.782277517853199,1.6136952160954436,20.18310091737239
0.3165829145728643,2.976122448979592,7.886762013509425,1.4558142904434088,21.423006351724833
0.32160804020100503,2.976122448979592,7.997823143633727,1.3024932612366484,22.805836119295066
0.32663316582914576,2.976122448979592,8.116263260936565,1.1548058586009566,24.36587797164623
0.3316582914572864,2.976122448979592,8.243060030289518,1.014240388268785,26.136374759121935
0.33668341708542715,2.976122448979592,8.379314027951677,0.8828419978191129,28.127917652401294
0.3417085427135678,2.976122448979592,8.526043877607032,0.7632858702715559,30.28917746490038
0.34673366834170855,2.976122448979592,8.68375234592324,0.6586749671944789,32.46054841814048
0.35175879396984927,2.976122448979592,8.851866985651249,0.5717935967403489,34.385564909509654
0.35678391959798994,2.976122448979592,9.028534777795317,0.5039555180620684,35.83860235490911
0.36180904522613067,2.976122448979592,9.2111610458697,0.4542585490041125,36.764432977582636
0.36683417085427134,2.976122448979592,9.397324412250526,0.41997986937212123,37.27223960489329
0.37185929648241206,2.976122448979592,9.585321907096576,0.3977083890998929,37.51895131029068
0.3768844221105528,2.976122448979592,9.774169516500027,0.38429219314580615,37.626517481228994
0.38190954773869346,2.976122448979592,9.963368028130365,0.3772470445741716,37.66713804698498
0.3869346733668342,2.976122448979592,10.15268464296645,0.3747831617458155,37.677620291086164
0.39195979899497485,2.976122448979592,10.342016791904697,0.375680873143826,37.67507852841479
0.3969849246231156,2.976122448979592,10.531319928886285,0.3791454691543179,37.666873002738626
0.4020100502512563,2.976122448979592,10.720573840952587,0.3846878856533407,37.65577169424513
0.40703517587939697,2.976122448979592,10.909766269624402,0.39204003774553564,37.64237266189163
0.4120603015075377,2.976122448979592,11.09888459183702,0.40110057932173954,37.62611243164891
0.41708542713567837,2.976122448979592,11.287911220251972,0.4119057043230614,37.60554960036973
0.4221105527638191,2.976122448979592,11.47681881996804,0.4246210657007775,37.57819448127698
0.4271356783919598,2.976122448979592,11.66556370064627,0.4395538850449549,37.53989644209673
0.4321608040201005,2.976122448979592,11.854074589461076,0.4571890322360738,37.483491584014885
0.4371859296482412,2.976122448979592,12.042231177045068,0.47825906219471026,37.39597832410037
0.44221105527638194,2.976122448979592,12.22982075146677,0.5038706567277554,37.25206188665723
0.4472361809045226,2.976122448979592,12.416446964389724,0.5357170715141957,37.00038002399534
0.45226130653266333,2.976122448979592,12.60132376370761,0.576446082853663,36.52890585881597
0.457286432160804,2.976122448979592,12.782796241899197,0.6302351824976494,35.584437895521916
0.4623115577889447,2.976122448979592,12.957287883760786,0.7033661712476343,33.630131276581686
0.46733668341708545,2.976122448979592,13.117685657828199,0.8034360773007615,29.84797198199566
0.4723618090452261,2.976122448979592,13.253932785627711,0.9343609739008067,24.15843425567112
0.47738693467336685,2.976122448979592,13.360122933220945,1.090766689067484,18.241335368133477
0.4824120603015075,2.976122448979592,13.439553238293469,1.2624771608439107,13.633652821852325
0.48743718592964824,2.976122448979592,13.499598946400464,1.4419745730297606,10.475802805354144
0.49246231155778897,2.976122448979592,13.546588647087308,1.6253597488423412,8.367304860152926
0.49748743718592964,2.976122448979592,13.584832664362583,1.8107810229453292,6.945228504750592
0.5025125628140703,2.976122448979592,13.617137950544922,1.9973349893396435,5.9728998177921
0.507537688442211,2.976122448979592,13.645372946312348,2.184551091062074,5.307662839905961
0.5125628140703518,2.976122448979592,13.670851195890341,2.372163568201955,4.865269081730807
0.5175879396984925,2.976122448979592,13.69456910904975,2.5600073295386245,4.6020545128093095
0.5226130653266332,2.976122448979592,13.7173749765052,2.7479639809443324,4.502229109445387
0.5276381909547738,2.976122448979592,13.740117373127132,2.935926995664464,4.5831818089333325
0.5326633165829145,2.976122448979592,13.763855481928104,3.1237676475824623,4.917777750147203
0.5376884422110553,2.976122448979592,13.790313104366607,3.311241777298257,5.727470086148347
0.542713567839196,2.976122448979592,13.82353336608906,3.497613801921014,7.90184286221353
0.5477386934673367,2.976122448979592,13.885353881159457,3.6752014736753678,23.98661378063425
0.5527638190954773,2.976122448979592,14.008046543052371,3.575280509075189,16.331695215795694
0.5577889447236181,2.976122448979592,14.081778056646705,3.400936352496215,13.740116348149417
0.5628140703517588,2.976122448979592,14.149374816922375,3.2240804699464434,13.31598933479936
0.5678391959798995,2.976122448979592,14.2165444242471,3.047061965866442,13.47675082273061
0.5728643216080402,2.976122448979592,14.285241461349896,2.8706300190695355,13.895522596571595
0.5778894472361809,2.976122448979592,14.356443628679681,2.6951949086777414,14.462874814994526
0.5829145728643216,2.976122448979592,14.430769792026636,2.521061224927953,15.134187109314693
0.5879396984924623,2.976122448979592,14.508687450150994,2.3485056089160894,15.890291371651651
0.592964824120603,2.976122448979592,14.590600429805946,2.177811375672571,16.723736243531036
0.5979899497487438,2.976122448979592,14.676893353125442,2.0092901942705907,17.63383267174835
0.6030150753768844,2.976122448979592,14.767960391697786,1.8433017529617652,18.624979073010905
0.6080402010050251,2.976122448979592,14.864230724491037,1.6802779572037787,19.70684144395916
0.6130653266331658,2.976122448979592,14.966197579807405,1.5207579645657634,20.895493739004277
0.6180904522613065,2.976122448979592,15.074454115367732,1.3654417242244257,22.214821134139417
0.6231155778894473,2.976122448979592,15.18973403101074,1.2152709888411701,23.69664532447324
0.628140703517588,2.976122448979592,15.312943240426426,1.0715447271697278,25.37628838297363
0.6331658291457286,2.976122448979592,15.445145621262117,0.9360614714578354,27.277472486936315
0.6381909547738693,2.976122448979592,15.587432165116912,0.8112370806546579,29.380545760622326
0.6432160804020101,2.976122448979592,15.740586681229948,0.7000513685482286,31.574825009736365
0.6482412060301508,2.976122448979592,15.904543176772828,0.60555079172064,33.63463192175623
0.6532663316582915,2.976122448979592,16.07795774746023,0.5297951219698498,35.30160832420242
0.6582914572864321,2.976122448979592,16.25843619557559,0.472824046862828,36.43993628406938
0.6633165829145728,2.976122448979592,16.443385474695393,0.43255254011966826,37.10203845796373
0.6683417085427136,2.976122448979592,16.63077848656823,0.40571318326864986,37.439280493836726
0.6733668341708543,2.976122448979592,16.81935613393644,0.3889668913856402,37.59314566333786
0.678391959798995,2.976122448979592,17.00844870596347,0.3795336670514471,37.65545546916318
0.6834170854271356,2.976122448979592,17.197734177876416,0.3753464779668184,37.67552913293137
0.6884422110552764,2.976122448979592,17.38706754565974,0.3749673303614539,37.67709827187239
0.6934673366834171,2.976122448979592,17.576386402431506,0.3774417422252093,37.67071971780734
0.6984924623115578,2.976122448979592,17.76566248185334,0.3821660616921625,37.66065515894893
0.7035175879396985,2.976122448979592,17.954881839003594,0.3887887678577971,37.64822175641113
0.7085427135678392,2.976122448979592,18.144032701715776,0.39714421838313735,37.633271634737056
0.7135678391959799,2.976122448979592,18.333100071799787,0.40721370023393794,37.61472426844503
0.7185929648241206,2.976122448979592,18.522061203604927,0.4191089277125049,37.59056869625668
0.7236180904522613,2.976122448979592,18.710880329654568,0.4330756139476637,37.55745544139356
0.7286432160804021,2.976122448979592,18.89949944112577,0.4495187937609842,37.50970352490754
0.7336683417085427,2.976122448979592,19.087822101897547,0.4690570638436061,37.43721764458773
0.7386934673366834,2.976122448979592,19.275681397353612,0.4926213903806764,37.32090753302471
0.7437185929648241,2.976122448979592,19.462773012188162,0.5216301614789987,37.12286347317453
0.7487437185929648,2.976122448979592,19.648509796709607,0.5582764382585261,36.76247138561896
0.7537688442211056,2.976122448979592,19.831683299272093,0.6060235128981482,36.05897881421294
0.7587939698492462,2.976122448979592,20.009690813340715,0.6702441058533872,34.6123677698294
0.7638190954773869,2.976122448979592,20.177060849542784,0.7582965591139789,31.679975957884167
0.7688442211055276,2.976122448979592,20.324485782016293,0.8765272928011796,26.668715470703148
0.7738693467336684,2.976122448979592,20.443221015762187,1.0235633921237581,20.586785900405207
0.7788944723618091,2.976122448979592,20.532901940733616,1.1900883040703385,15.350507718620428
0.7839195979899497,2.976122448979592,20.60009222518449,1.3670072699013311,11.631341898299256
0.7889447236180904,2.976122448979592,20.651857747650457,1.5490907401468486,9.13895605540072
0.7939698492462312,2.976122448979592,20.693312221600294,1.7338161981885973,7.468451302426192
0.7989949748743719,2.976122448979592,20.727807091869614,1.9199757593001125,6.3319126033905535
0.8040201005025126,2.976122448979592,20.757542976464762,2.106958415955849,5.552176608735147
0.8090452261306532,2.976122448979592,20.78402871321149,2.294430852418423,5.024955898777955
0.8140703517587939,2.976122448979592,20.80836728238485,2.482194921960479,4.69106830234458
0.8190954773869347,2.976122448979592,20.83145188640884,2.6701175446248064,4.523515457140213
0.8241206030150754,2.976122448979592,20.854110381077568,2.8580898735536104,4.524879189289635
0.8291457286432161,2.976122448979592,20.877281151847267,3.0460010194328895,4.739962643295663
0.8341708542713567,2.976122448979592,20.90232233823756,3.2336711881614213,5.306556895582818
0.8391959798994975,2.976122448979592,20.931921272755996,3.4206679364482424,6.69534870541575
0.8442211055276382,2.976122448979592,20.9750091788402,3.6048871724468454,11.895841226701853
0.8492462311557789,2.976122448979592,21.09391003016354,3.644013553725531,20.6244346634864
0.8542713567839196,2.976122448979592,21.176110548305704,3.4737208656413774,14.32396902958636
0.8592964824120602,2.976122448979592,21.245076790410142,3.297399213923208,13.38500017574401
0.864321608040201,2.976122448979592,21.31208523036517,3.1203209119407913,13.368361283932641
0.8693467336683417,2.976122448979592,21.379997649596014,2.9435855278251024,13.700098022194544
0.8743718592964824,2.976122448979592,21.450073811399086,2.7676973372624856,14.213591094762638
0.8793969849246231,2.976122448979592,21.523043794823327,2.5929906547770463,14.845194194351606
0.8844221105527639,2.976122448979592,21.59942297999749,2.4197481708246817,15.567584096830279
0.8894472361809045,2.976122448979592,21.67963458972042,2.2482474138741035,16.369410289612606
0.8944723618090452,2.976122448979592,21.764067189004667,2.0787859882799617,17.24751233035871
0.8994974874371859,2.976122448979592,21.853107916786175,1.9117011565644555,18.20424747606402
0.9045226130653267,2.976122448979592,21.947168252537853,1.7473914491118776,19.246994535307348
0.9095477386934674,2.976122448979592,22.04671096780399,1.5863463680223613,20.388997351725816
0.914572864321608,2.976122448979592,22.152283043645323,1.429191235649572,21.6507770833037
0.9195979899497487,2.976122448979592,22.26455512018813,1.2767557283181263,23.061040852340575
0.9246231155778895,2.976122448979592,22.38435968762,1.130174670101232,24.65470921819805
0.9296482412060302,2.976122448979592,22.51270245332685,0.9910220789647173,26.463153395002855
0.9346733668341709,2.976122448979592,22.65069013435279,0.8614497911824353,28.489662861330604
0.9396984924623115,2.976122448979592,22.799290412916854,0.7442324156931321,30.666985052636793
0.9447236180904522,2.976122448979592,22.958860104882067,0.6424885523477921,32.815580626073015
0.949748743718593,2.976122448979592,23.12860346224932,0.5588341975797244,34.6721415446562
0.9547738693467337,2.976122448979592,23.306482503603725,0.49422921756851024,36.033051308783506
0.9597989949748744,2.976122448979592,23.489869913750667,0.4473996673287015,36.87661640924893
0.964824120603015,2.976122448979592,23.676446110993925,0.41542002849667164,37.32895364754843
0.9698492462311558,2.976122448979592,23.864642416307426,0.39487130548915783,37.544644171898604
0.9748743718592965,2.976122448979592,24.053575977769796,0.38270100285716974,37.63684215865951
0.9798994974874372,2.976122448979592,24.242806510900117,0.37654877800866043,37.67041484487005
0.9849246231155779,2.976122448979592,24.4321310668643,0.37473289303822077,37.67782008778454
0.9899497487437185,2.976122448979592,24.62146057210786,0.3761163945360571,37.67395937910278
0.9949748743718593,2.976122448979592,24.810756643832296,0.3799651598830268,37.66512319063625
1.0,2.976122448979592,25.0,0.38583138315516685,37.65476515134309
0.0,2.97734693877551,0.0,1.0,17.01414957545373
0.005025125628140704,2.97734693877551,0.09479783380197204,0.8361244069202947,20.849026060321933
0.010050251256281407,2.97734693877551,0.2108026141506828,0.6866080590613941,25.423320488498987
0.01507537688442211,2.97734693877551,0.350717716276879,0.5593324160276177,30.214026337955758
0.020100502512562814,2.97734693877551,0.5128749394035806,0.4620227782197238,34.07332180676496
0.02512562814070352,2.97734693877551,0.6903198440545409,0.3963519209593627,36.281573715820016
0.03015075376884422,2.97734693877551,0.8753852796086478,0.3564327165664699,37.224381305923345
0.035175879396984924,2.97734693877551,1.0634351607507708,0.33396848117887257,37.55894507020559
0.04020100502512563,2.97734693877551,1.2524901019528107,0.32231654017562233,37.663943225278835
0.04522613065326633,2.97734693877551,1.4418435018177818,0.3171670052899122,37.692019101664414
0.05025125628140704,2.97734693877551,1.6312663695176264,0.3159399709313321,37.69632009223245
0.05527638190954774,2.97734693877551,1.820690696618681,0.31713624961987424,37.69405484290198
0.06030150753768844,2.97734693877551,2.010099074935992,0.31989522656447894,37.690421402342835
0.06532663316582915,2.97734693877551,2.199488936603571,0.3237278186826055,37.68677565903753
0.07035175879396985,2.97734693877551,2.388860945094959,0.3283621855743013,37.68330709420131
0.07537688442211055,2.97734693877551,2.5782157097250176,0.3336555544001232,37.6798783987762
0.08040201005025126,2.97734693877551,2.767552900268682,0.33954448969048556,37.67627289854387
0.08542713567839195,2.97734693877551,2.956871036324337,0.34601714373994064,37.67225186403399
0.09045226130653267,2.97734693877551,3.1461673802751196,0.35309836870634514,37.66754992882487
0.09547738693467336,2.97734693877551,3.335437735966883,0.3608428078223536,37.66184643455955
0.10050251256281408,2.97734693877551,3.5246760706849845,0.36933318057046527,37.65472233454526
0.10552763819095477,2.97734693877551,3.7138738712300614,0.3786825507114303,37.645594663066234
0.11055276381909548,2.97734693877551,3.9030190714242123,0.3890404083225172,37.633613022979766
0.11557788944723618,2.97734693877551,4.092094318408302,0.4006032187747937,37.61748687944311
0.12060301507537688,2.97734693877551,4.281074081226684,0.41363109944336285,37.59518286292025
0.12562814070351758,2.97734693877551,4.46991961325758,0.4284741987494125,37.56332285431089
0.1306532663316583,2.97734693877551,4.658570026824574,0.4456136298045185,37.51630948685302
0.135678391959799,2.97734693877551,4.8469260399305405,0.46572205292166097,37.44391212671397
0.1407035175879397,2.97734693877551,5.034816579594991,0.4897779093457616,37.326676407523514
0.1457286432160804,2.97734693877551,5.221931258870685,0.5192391890099222,37.12605436720471
0.1507537688442211,2.97734693877551,5.407670094642839,0.55634956134263,36.75936579142053
0.15577889447236182,2.97734693877551,5.590796016429879,0.6046395619054759,36.04125889418178
0.16080402010050251,2.97734693877551,5.768639980531737,0.6695743702909676,34.56092568757147
0.1658291457286432,2.97734693877551,5.935592923239719,0.7586002314107386,31.55919769560434
0.1708542713567839,2.97734693877551,6.082196797402863,0.877985980220209,26.466615416520014
0.17587939698492464,2.97734693877551,6.199816333381503,1.0260363547307652,20.35818049511816
0.18090452261306533,2.97734693877551,6.288419163135501,1.193246767490951,15.15560419033242
0.18592964824120603,2.97734693877551,6.3547379236791555,1.370595842406082,11.47898667688658
0.19095477386934673,2.97734693877551,6.405827320256643,1.552967680284186,9.020198528801833
0.19597989949748743,2.97734693877551,6.4467460807548065,1.7379081417827262,7.3723085687320395
0.20100502512562815,2.97734693877551,6.480798067873085,1.924243917398869,6.250567750355066
0.20603015075376885,2.97734693877551,6.510149699297621,2.1113815200529817,5.479886145342206
0.21105527638190955,2.97734693877551,6.536285274796582,2.298997124778967,4.957263417819241
0.21608040201005024,2.97734693877551,6.560287986369416,2.4868983979576647,4.624455498297609
0.22110552763819097,2.97734693877551,6.583031995591165,2.6749565787742897,4.453886416727896
0.22613065326633167,2.97734693877551,6.605322240532151,2.8630683815589624,4.446847495921518
0.23115577889447236,2.97734693877551,6.628061307121121,3.051126890701506,4.64366836542195
0.23618090452261306,2.97734693877551,6.652531649431113,3.2389668122853617,5.169779979462371
0.24120603015075376,2.97734693877551,6.681208860425319,3.4262031872119656,6.441748028288321
0.24623115577889448,2.97734693877551,6.721840744501939,3.611114718086178,10.875910171629847
0.25125628140703515,2.97734693877551,6.83592649281013,3.6774389227707354,22.190580338952184
0.2562814070351759,2.97734693877551,6.920342339860965,3.5082689709420642,14.389882357585222
0.2613065326633166,2.97734693877551,6.989254026267887,3.331827154257554,13.326978791826987
0.2663316582914573,2.97734693877551,7.05586448755765,3.154497318723243,13.273045752359446
0.271356783919598,2.97734693877551,7.123247415864674,2.9774592587628823,13.586121869443877
0.27638190954773867,2.97734693877551,7.192717431361044,2.8012305473155967,14.086784856161149
0.2814070351758794,2.97734693877551,7.265021964482662,2.626146630948693,14.707297538949204
0.2864321608040201,2.97734693877551,7.3406813186015105,2.4524869809063023,15.418968453182949
0.2914572864321608,2.97734693877551,7.420118418356835,2.2805235121878087,16.209673431238443
0.2964824120603015,2.97734693877551,7.503718655501584,2.1105460862562375,17.075788659931586
0.3015075376884422,2.97734693877551,7.5918635109646475,1.9428815996257376,18.019134839719342
0.3065326633165829,2.97734693877551,7.684955733806716,1.7779143410567892,19.046380976263794
0.31155778894472363,2.97734693877551,7.7834450380675495,1.616113528003166,20.169743408838915
0.3165829145728643,2.97734693877551,7.887859473946519,1.4580746956951154,21.40843915017595
0.32160804020100503,2.97734693877551,7.998843904855435,1.3045832443799843,22.789843509100393
0.32663316582914576,2.97734693877551,8.11719979526797,1.1567090421528905,24.348344419409045
0.3316582914572864,2.97734693877551,8.243904958269832,1.015935636094832,26.117532495225
0.33668341708542715,2.97734693877551,8.38006278311486,0.8843034853498866,28.10876408780683
0.3417085427135678,2.97734693877551,8.526699717733898,0.7644861114171124,30.27193676761486
0.34673366834170855,2.97734693877551,8.684331540320052,0.659591717598541,32.44851159395395
0.35175879396984927,2.97734693877551,8.852404320472065,0.5724276287405183,34.381392818403356
0.35678391959798994,2.97734693877551,9.029073079201122,0.504334192233587,35.84300393655247
0.36180904522613067,2.97734693877551,9.211739367555076,0.4544320886599228,36.775510284189494
0.36683417085427134,2.97734693877551,9.397969535809954,0.42000454365110407,37.28734632387794
0.37185929648241206,2.97734693877551,9.586048563992335,0.3976322603310539,37.5360489618784
0.3768844221105528,2.97734693877551,9.77498465442408,0.3841501476078866,37.64450311841394
0.38190954773869346,2.97734693877551,9.964274622203126,0.3770621686146875,37.68549039118902
0.3869346733668342,2.97734693877551,10.153683880367065,0.37456953338034454,37.696117760639126
0.39195979899497485,2.97734693877551,10.343109152760688,0.37544647627383965,37.69363714672929
0.3969849246231156,2.97734693877551,10.532505642505154,0.3788943599893481,37.685465068973514
0.4020100502512563,2.97734693877551,10.721853075583798,0.3844215639397367,37.674397799786185
0.40703517587939697,2.97734693877551,10.911139204398308,0.39175820514558696,37.66104326538233
0.4120603015075377,2.97734693877551,11.100351477185793,0.4008016742551137,37.64484168935424
0.41708542713567837,2.97734693877551,11.289472419518443,0.41158707015622453,37.62436046706516
0.4221105527638191,2.97734693877551,11.478474845910606,0.4242788720115519,37.597129918958544
0.4271356783919598,2.97734693877551,11.667315336231152,0.43918283303238725,37.55902890206814
0.4321608040201005,2.97734693877551,11.855923050633594,0.45678186250831326,37.50293000675544
0.4371859296482412,2.97734693877551,12.04417844025436,0.4778056834777134,37.41588491268663
0.44221105527638194,2.97734693877551,12.231870052146322,0.5033579316683032,37.27287513491011
0.4472361809045226,2.97734693877551,12.418604529618904,0.5351233072075707,37.02285005186635
0.45226130653266333,2.97734693877551,12.6036011390915,0.5757415408709798,36.55442942276954
0.457286432160804,2.97734693877551,12.78521692463898,0.6293757713859468,35.61699071365011
0.4623115577889447,2.97734693877551,12.959897072630758,0.7022994549959402,33.67237835347884
0.46733668341708545,2.97734693877551,13.12055450922531,0.8021297345063237,29.905312136542918
0.4723618090452261,2.97734693877551,13.257112323894388,0.9328636734988732,24.219866164002426
0.47738693467336685,2.97734693877551,13.363576953030055,1.0891929285558186,18.28791955437356
0.4824120603015075,2.97734693877551,13.443190705766348,1.2609196670486509,13.66149491827608
0.48743718592964824,2.97734693877551,13.503343177870827,1.4404789352071683,10.491167485324944
0.49246231155778897,2.97734693877551,13.550389462400055,1.623945471881378,8.375059943770943
0.49748743718592964,2.97734693877551,13.588659587394275,1.8094562851473555,6.948458080711816
0.5025125628140703,2.97734693877551,13.62097188740601,1.9961034182863784,5.973000649051854
0.507537688442211,2.97734693877551,13.649201731164236,2.183414358072201,5.305202966749749
0.5125628140703518,2.97734693877551,13.674663786055072,2.3711229133423437,4.861452705520878
0.5175879396984925,2.97734693877551,13.69835683554743,2.5590635826499,4.596087515404844
0.5226130653266332,2.97734693877551,13.72112682991475,2.7471183236808883,4.4940337272916455
0.5276381909547738,2.97734693877551,13.743820929088095,2.9351806979962163,4.571736104794563
0.5326633165829145,2.97734693877551,13.767487071943025,3.123124220294521,4.900119386272087
0.5376884422110553,2.97734693877551,13.79382801603846,3.310708838532859,5.696781093607469
0.542713567839196,2.97734693877551,13.826804374008269,3.497219813802347,7.822923479964626
0.5477386934673367,2.97734693877551,13.887152963647514,3.6755918939501884,22.821860306213747
0.5527638190954773,2.97734693877551,14.010408112291397,3.5812203777962353,16.422612907996495
0.5577889447236181,2.97734693877551,14.084320628995389,3.4068546609892487,13.748934299726727
0.5628140703517588,2.97734693877551,14.151915924920122,3.2298986573982753,13.309516818010856
0.5678391959798995,2.97734693877551,14.219037399816258,3.052762596043175,13.464726713234256
0.5728643216080402,2.97734693877551,14.287666313825,2.876204303881428,13.880651817154439
0.5778894472361809,2.97734693877551,14.358788577010404,2.7006363964930724,14.44604634159281
0.5829145728643216,2.97734693877551,14.433026112769623,2.5263637673956865,15.115774282990683
0.5879396984924623,2.97734693877551,14.510847485464906,2.3536626400438143,15.870388539610492
0.592964824120603,2.97734693877551,14.59265671001067,2.1828154800128656,16.702330971268434
0.5979899497487438,2.97734693877551,14.678838070688757,2.014132710007333,17.61081064257443
0.6030150753768844,2.97734693877551,14.769784958826232,1.8479723027496728,18.600140858088288
0.6080402010050251,2.97734693877551,14.865925278768957,1.6847637622885951,19.679872241871877
0.6130653266331658,2.97734693877551,14.96775037884207,1.5250428248879597,20.865954829850434
0.6180904522613065,2.97734693877551,15.075850869339423,1.3695045055728143,22.182145694277093
0.6231155778894473,2.97734693877551,15.19095742484732,1.219083495742725,23.66022323660103
0.628140703517588,2.97734693877551,15.313973314707367,1.075069064039642,25.335750446682017
0.6331658291457286,2.97734693877551,15.44596235250961,0.939247751243039,27.233300199254785
0.6381909547738693,2.97734693877551,15.588022060414831,0.8140239171121191,29.33500476952506
0.6432160804020101,2.97734693877551,15.740954352846696,0.702374286503043,31.532944328118756
0.6482412060301508,2.97734693877551,15.90472375799552,0.6073642780631504,33.60308068824487
0.6532663316582915,2.97734693877551,16.078016101914937,0.5310993761586293,35.284879625596744
0.6582914572864321,2.97734693877551,16.258447691121557,0.4736751471793061,36.437518434128734
0.6633165829145728,2.97734693877551,16.44341245181674,0.43304234345367865,37.10981908322559
0.6683417085427136,2.97734693877551,16.630860797640953,0.40593765877627586,37.45289670864202
0.6733668341708543,2.97734693877551,16.819514997768927,0.3890056986399187,37.60964181217883
0.678391959798995,2.97734693877551,17.00869417448153,0.3794447875193331,37.67325051305355
0.6834170854271356,2.97734693877551,17.198070635341793,0.3751688992937267,37.69387735792975
0.6884422110552764,2.97734693877551,17.387496986868065,0.3747258464556756,37.69567802166852
0.6934673366834171,2.97734693877551,17.576909765674113,0.3771512806613635,37.68940494932183
0.6984924623115578,2.97734693877551,17.766279884199676,0.38183478227997075,37.67940671449709
0.7035175879396985,2.97734693877551,17.95559360709678,0.3884201533901891,37.6670391161206
0.7085427135678392,2.97734693877551,18.14483919515013,0.3967383048717723,37.65217601080925
0.7135678391959799,2.97734693877551,18.33400181302172,0.4067676853817506,37.63375586560616
0.7185929648241206,2.97734693877551,18.52305911419197,0.41861729088919464,37.60979283326767
0.7236180904522613,2.97734693877551,18.711975514582072,0.4325297610365858,37.57697781231503
0.7286432160804021,2.97734693877551,18.900693843122184,0.4489062232855856,37.529703364977614
0.7336683417085427,2.97734693877551,19.08911878298956,0.46835976316513833,37.458014964990596
0.7386934673366834,2.97734693877551,19.277085793242932,0.4918130823717404,37.34311845905596
0.7437185929648241,2.97734693877551,19.46429491908029,0.5206717624088109,37.147698700834454
0.7487437185929648,2.97734693877551,19.650168033977405,0.5571085162399949,36.792518836882756
0.7537688442211056,2.97734693877551,19.83351648504619,0.6045551523216572,36.09990858424449
0.7587939698492462,2.97734693877551,20.011779580351895,0.6683445505386205,34.675634979193525
0.7638190954773869,2.97734693877551,20.179559267305272,0.7558215180783073,31.781902924517464
0.7688442211055276,2.97734693877551,20.327592970862806,0.8734405042398251,26.804269945325
0.7738693467336684,2.97734693877551,20.447008473088232,1.0200405103196164,20.71400975795256
0.7788944723618091,2.97734693877551,20.53723998791561,1.1863697311186565,15.441098378672464
0.7839195979899497,2.97734693877551,20.60479865564223,1.3632461751962812,11.689093373395993
0.7889447236180904,2.97734693877551,20.656794748311988,1.5453599910130063,9.17464868597726
0.7939698492462312,2.97734693877551,20.698390954518427,1.7301486731223692,7.490236856184762
0.7989949748743719,2.97734693877551,20.732971140028457,1.9163869161360512,6.344703013977173
0.8040201005025126,2.97734693877551,20.762754918371257,2.103456099293695,5.558781969803166
0.8090452261306532,2.97734693877551,20.789261727725048,2.291019488030812,5.0269086981981665
0.8140703517587939,2.97734693877551,20.813599889791764,2.4788774176644592,4.689005685893427
0.8190954773869347,2.97734693877551,20.836664087286838,2.6668962784845816,4.517376046962672
0.8241206030150754,2.97734693877551,20.859279718813962,2.854967464776307,4.513693673691293
0.8291457286432161,2.97734693877551,20.882376545175802,3.042981504576276,4.721039068536268
0.8341708542713567,2.97734693877551,20.90728960348634,3.2307626625142993,5.2724687921057365
0.8391959798994975,2.97734693877551,20.93663200012471,3.4178946552800675,6.618535176054837
0.8442211055276382,2.97734693877551,20.978884598744884,3.602418889946417,11.521288096663294
0.8492462311557789,2.97734693877551,21.09630605842528,3.6517892238542715,21.194277189480005
0.8542713567839196,2.97734693877551,21.17943575247176,3.4818900030608915,14.373746452694126
0.8592964824120602,2.97734693877551,21.24850333184638,3.305508692059294,13.386773810379253
0.864321608040201,2.97734693877551,21.315478943900008,3.1283176932508048,13.355621205489133
0.8693467336683417,2.97734693877551,21.383308766228232,2.951451021270259,13.680672739941766
0.8743718592964824,2.97734693877551,21.453276601072034,2.7754195626982123,14.190160457764398
0.8793969849246231,2.97734693877551,21.526121117633664,2.6005597235539115,14.81879693996041
0.8844221105527639,2.97734693877551,21.60236113141034,2.4271542852792827,15.538628209474385
0.8894472361809045,2.97734693877551,21.68242106483764,2.2554799787263695,16.33800001862433
0.8944723618090452,2.97734693877551,21.766689540623688,2.0858329489359577,17.213575556429152
0.8994974874371859,2.97734693877551,21.855552949977874,1.9185483356058495,18.167560953590783
0.9045226130653267,2.97734693877551,21.94942124990348,1.7540216516100862,19.207170471713493
0.9095477386934674,2.97734693877551,22.04875476069476,1.5927380707882761,20.34544012657805
0.914572864321608,2.97734693877551,22.154096893631188,1.4353166036394196,21.602658105520145
0.9195979899497487,2.97734693877551,22.26611358576015,1.2825777041657385,23.007336386442176
0.9246231155778895,2.97734693877551,22.385632122152938,1.1356430105567537,24.594439164419946
0.9296482412060302,2.97734693877551,22.513654653621145,0.9960688808634859,26.396042822370433
0.9346733668341709,2.97734693877551,22.65129078738202,0.8659868686381316,28.417389769627352
0.9396984924623115,2.97734693877551,22.79952512154031,0.7481564095432283,30.594875384236715
0.9447236180904522,2.97734693877551,22.958751669330525,0.645703570019113,32.7528597787946
0.949748743718593,2.97734693877551,23.128223807464497,0.5612928431726402,34.628121126925464
0.9547738693467337,2.97734693877551,23.30593726725308,0.49596637438137814,36.01103773819558
0.9597989949748744,2.97734693877551,23.48926220222969,0.44852464513348284,36.87272425732933
0.964824120603015,2.97734693877551,23.675850457654764,0.4160731247619291,37.33657385611589
0.9698492462311558,2.97734693877551,23.86410223138966,0.39518289109883253,37.55839657756452
0.9748743718592965,2.97734693877551,24.053113190980884,0.3827729059425578,37.653506289367634
0.9798994974874372,2.97734693877551,24.242431115680763,0.3764529750532651,37.68836783264176
0.9849246231155779,2.97734693877551,24.431847370411976,0.3745172309184733,37.69632068597205
0.9899497487437185,2.97734693877551,24.621271001813522,0.37581116289953387,37.69269567902668
0.9949748743718593,2.97734693877551,24.810661748588984,0.37958837759139,37.683978540824455
1.0,2.97734693877551,25.0,0.3853925764198844,37.673693068691634
0.0,2.9785714285714286,0.0,1.0,17.01412392011675
0.005025125628140704,2.9785714285714286,0.09480486912497578,0.8360210030362869,20.852177587464546
0.010050251256281407,2.9785714285714286,0.2108381192542554,0.6864092503684897,25.431889349005093
0.01507537688442211,2.9785714285714286,0.35081351515706466,0.5590624412845935,30.229445751854925
0.020100502512562814,2.9785714285714286,0.5130616040750672,0.461724654013431,34.09339340132712
0.02512562814070352,2.9785714285714286,0.6906105193373915,0.3960674950337442,36.30238636299588
0.03015075376884422,2.9785714285714286,0.8757784926933608,0.35618210364276987,37.244312798809794
0.035175879396984924,2.9785714285714286,1.0639264155588815,0.3337530686740281,37.578100734837825
0.04020100502512563,2.9785714285714286,1.2530764749868755,0.32212996921737774,37.68269733268427
0.04522613065326633,2.9785714285714286,1.4425236357346911,0.31700165879285236,37.71060756483864
0.05025125628140704,2.9785714285714286,1.632039738312588,0.315789295249777,37.71485109056794
0.05527638190954774,2.9785714285714286,1.8215571162345794,0.31699522798020674,37.71257239523393
0.06030150753768844,2.9785714285714286,2.0110585501803806,0.3197602036561919,37.708941480014325
0.06532663316582915,2.9785714285714286,2.2005414945833266,0.32359619628069747,37.70530285031027
0.07035175879396985,2.9785714285714286,2.39000662503038,0.3282321169187995,37.70184233195244
0.07537688442211055,2.9785714285714286,2.5794545515915615,0.33352571756563915,37.698421385552045
0.08040201005025126,2.9785714285714286,2.768884941767774,0.33941392077997057,37.69482322286005
0.08542713567839195,2.9785714285714286,2.958296313690758,0.34588511855972137,37.690809379564165
0.09045226130653267,2.9785714285714286,3.1476859299951503,0.35296432208356354,37.68611485599074
0.09547738693467336,2.9785714285714286,3.337049596878122,0.360706279650544,37.68041941251118
0.10050251256281408,2.9785714285714286,3.5263812859466546,0.36919378054853086,37.67330446062734
0.10552763819095477,2.9785714285714286,3.715672490637779,0.3785399374853554,37.66418755428806
0.11055276381909548,2.9785714285714286,3.9049111542373427,0.388894280953466,37.65221890493149
0.11557788944723618,2.9785714285714286,4.094079937530336,0.4004533213113749,37.636108702581026
0.12060301507537688,2.9785714285714286,4.283153326151733,0.4134772430656244,37.61382461127976
0.12562814070351758,2.9785714285714286,4.472092589819518,0.4283163606661151,37.58198822406589
0.1306532663316583,2.9785714285714286,4.66083687279219,0.44545189148075476,37.5350047088995
0.135678391959799,2.9785714285714286,4.849286904576059,0.46555695986710455,37.462637688391965
0.1407035175879397,2.9785714285714286,5.037271578630817,0.4896109054574168,37.34541507852162
0.1457286432160804,2.9785714285714286,5.224480378903534,0.5190731424611512,37.14476864180507
0.1507537688442211,2.9785714285714286,5.4103127480034345,0.5561905819583284,36.777817520263554
0.15577889447236182,2.9785714285714286,5.593529695655716,0.6045002835238568,36.05888115796612
0.16080402010050251,2.9785714285714286,5.7714562534143745,0.6694795828169091,34.575642574174516
0.1658291457286432,2.9785714285714286,5.938466952567545,0.7585934458513787,31.566058304955593
0.1708542713567839,2.9785714285714286,6.0850763256410945,0.87811814277061,26.46125177174914
0.17587939698492464,2.9785714285714286,6.202642404067621,1.0263292585787969,20.343457823413992
0.18090452261306533,2.9785714285714286,6.291164521705975,1.1936879155008313,15.139187270215102
0.18592964824120603,2.9785714285714286,6.357404186742791,1.3711661346477104,11.464222310162747
0.19095477386934673,2.9785714285714286,6.408425234950803,1.55365390779688,9.00771150016109
0.19597989949748743,2.9785714285714286,6.449286098296363,1.7387025916838041,7.361653668847286
0.20100502512562815,2.9785714285714286,6.483288225486479,1.9251421632698835,6.241276530591398
0.20603015075376885,2.9785714285714286,6.512595601426825,2.1123809789863883,5.471515784023932
0.21105527638190955,2.9785714285714286,6.538690566306059,2.300096267780514,4.949427823538238
0.21608040201005024,2.9785714285714286,6.562654615093557,2.4880963637482623,4.616857857536687
0.22110552763819097,2.9785714285714286,6.585360189896257,2.676252998293421,4.446147721852976
0.22613065326633167,2.9785714285714286,6.607610271190578,2.8644634410328376,4.438523896001944
0.23115577889447236,2.9785714285714286,6.630304450698433,3.0526211803379275,4.633959388179716
0.23618090452261306,2.9785714285714286,6.6547193746150475,3.240562243904429,5.157003043270603
0.24120603015075376,2.9785714285714286,6.683315003500195,3.4279054331036636,6.420395095804867
0.24623115577889448,2.9785714285714286,6.723759027712631,3.6129559440116936,10.80412433602342
0.25125628140703515,2.9785714285714286,6.837441823978739,3.6812355542386195,22.317163234630776
0.2562814070351759,2.9785714285714286,6.922016545622823,3.512053299659967,14.39246388882106
0.2613065326633166,2.9785714285714286,6.990915886176766,3.3355067906159537,13.321606377472998
0.2663316582914573,2.9785714285714286,7.057493561134614,3.158064953567309,13.265703289996347
0.271356783919598,2.9785714285714286,7.124837258206585,2.9809123146454937,13.577956254314554
0.27638190954773867,2.9785714285714286,7.19426482662881,2.8045667775476923,14.078081553428651
0.2814070351758794,2.9785714285714286,7.2665244778073665,2.6293635809045424,14.698139337890092
0.2864321608040201,2.9785714285714286,7.342136595941879,2.4555817809702694,15.40932377925292
0.2914572864321608,2.9785714285714286,7.421523927321936,2.283492751749236,16.19949928943098
0.2964824120603015,2.9785714285714286,7.50507156049295,2.1133856857041153,17.06501281975793
0.3015075376884422,2.9785714285714286,7.5931605596077425,1.945586635974565,18.007662122830205
0.3065326633165829,2.9785714285714286,7.686193113959762,1.7804787893909835,19.034081105730078
0.31155778894472363,2.9785714285714286,7.78461818761661,1.618529869557847,20.15644544956215
0.3165829145728643,2.9785714285714286,7.88896287159409,1.4603333466919652,21.393937166084072
0.32160804020100503,2.9785714285714286,7.999870936223565,1.306671760487247,22.77392065443794
0.32663316582914576,2.9785714285714286,8.118142948341767,1.1586111327622572,24.330881841364025
0.3316582914572864,2.9785714285714286,8.244756843523218,1.0176302643394395,26.098755034168494
0.33668341708542715,2.9785714285714286,8.38081878089771,0.8857649221629761,28.0896592607118
0.3417085427135678,2.9785714285714286,8.527362911462626,0.765686839873772,30.25457656356175
0.34673366834170855,2.9785714285714286,8.684918883257998,0.6605106809519258,32.43616342245126
0.35175879396984927,2.9785714285714286,8.852948892747468,0.5730627449174375,34.377066025597124
0.35678391959798994,2.9785714285714286,9.029617924352968,0.5047127173147482,35.847304508514604
0.36180904522613067,2.9785714285714286,9.212323866192337,0.45460448860334435,36.786551411826004
0.36683417085427134,2.9785714285714286,9.39862073814815,0.4200275149638544,37.30243973721035
0.37185929648241206,2.9785714285714286,9.586781343625608,0.39755437625936274,37.55316655044217
0.3768844221105528,2.9785714285714286,9.775806021755251,0.38400672220834636,37.66251581007283
0.38190954773869346,2.9785714285714286,9.96518755443423,0.37687630015515955,37.70386522790698
0.3869346733668342,2.9785714285714286,10.154689584553193,0.37435528437409504,37.714634715393096
0.39195979899497485,2.9785714285714286,10.344208086029283,0.3752117617837787,37.712213975829606
0.3969849246231156,2.9785714285714286,10.533698009352413,0.37864318784289874,37.7040770209091
0.4020100502512563,2.9785714285714286,10.723139089938742,0.3841553477027955,37.693043857628886
0.40703517587939697,2.9785714285714286,10.912518989835144,0.3914766594985034,37.679730572548664
0.4120603015075377,2.9785714285714286,11.101825341376454,0.40050324475504556,37.66358726025151
0.41708542713567837,2.9785714285714286,11.291040681741547,0.41126907545409647,37.64319065029136
0.4221105527638191,2.9785714285714286,11.480137997350557,0.42393745877403394,37.61608622577147
0.4271356783919598,2.9785714285714286,11.66907418412211,0.43881273992124303,37.57817178434906
0.4321608040201005,2.9785714285714286,11.857778800674863,0.4563759360116232,37.52236803791049
0.4371859296482412,2.9785714285714286,12.046133016181779,0.47735402392641785,37.43580870081323
0.44221105527638194,2.9785714285714286,12.233926770037218,0.502846454180508,37.29369623646419
0.4472361809045226,2.9785714285714286,12.420769456477489,0.5345315046931411,37.045253430780555
0.45226130653266333,2.9785714285714286,12.605885840634045,0.5750392408235927,36.580141802703345
0.457286432160804,2.9785714285714286,12.787644462881074,0.6285198533185924,35.64878988538429
0.4623115577889447,2.9785714285714286,12.962512319792785,0.7012373522470902,33.71618657806335
0.46733668341708545,2.9785714285714286,13.12342825393461,0.8008289627582236,29.964297261621695
0.4723618090452261,2.9785714285714286,13.260296192119554,0.93137180670194,24.2812958116193
0.47738693467336685,2.9785714285714286,13.367034624063875,1.0876246986655065,18.33361897217132
0.4824120603015075,2.9785714285714286,13.446832009570084,1.2593675845144832,13.68965486423672
0.48743718592964824,2.9785714285714286,13.507090775227955,1.4389889384561334,10.506501202746808
0.49246231155778897,2.9785714285714286,13.554193401837267,1.6225369856178593,8.382721448247775
0.49748743718592964,2.9785714285714286,13.592489598163892,1.8081374438844895,6.951518181837487
0.5025125628140703,2.9785714285714286,13.624808913406962,1.9948778484374503,5.972979553952185
0.507537688442211,2.9785714285714286,13.653032840605883,2.182283846571939,5.302990914918558
0.5125628140703518,2.9785714285714286,13.678479010678423,2.3700885358046953,4.857401026797867
0.5175879396984925,2.9785714285714286,13.70214686511413,2.5581262444309725,4.590115794521574
0.5226130653266332,2.9785714285714286,13.724881482704362,2.74627905273087,4.485827247091234
0.5276381909547738,2.9785714285714286,13.747526569774944,2.9344412486461007,4.560192898625739
0.5326633165829145,2.9785714285714286,13.771121613744224,3.122487584265096,4.882750983206147
0.5376884422110553,2.9785714285714286,13.79734740618046,3.310182486894167,5.666249803387031
0.542713567839196,2.9785714285714286,13.830082317913757,3.4968316531002976,7.745346040842385
0.5477386934673367,2.9785714285714286,13.889043555979443,3.6759156011179916,21.758482648059246
0.5527638190954773,2.9785714285714286,14.012752009733397,3.5872041387250433,16.517785188533946
0.5577889447236181,2.9785714285714286,14.086852487901485,3.4128200795353196,13.758075458050657
0.5628140703517588,2.9785714285714286,14.154446896844545,3.2357641540553996,13.303123589911056
0.5678391959798995,2.9785714285714286,14.22152003702108,3.0585102095952728,13.452670304683691
0.5728643216080402,2.9785714285714286,14.290080296835104,2.881825348015754,13.865645226355015
0.5778894472361809,2.9785714285714286,14.361122028554606,2.706124361186,14.429088865525314
0.5829145728643216,2.9785714285714286,14.435270226377476,2.5317124820715584,15.097209327752262
0.5879396984924623,2.9785714285714286,14.512994553403436,2.358865514734562,15.850333714725013
0.592964824120603,2.9785714285714286,14.594699211049516,2.1878650708166054,16.680758087370375
0.5979899497487438,2.9785714285714286,14.680768144608606,2.019020330319158,17.58761081520173
0.6030150753768844,2.9785714285714286,14.771593963061703,1.852687547752581,18.575111066912797
0.6080402010050251,2.9785714285714286,14.867603294233781,1.6892938261864376,19.65270555137525
0.6130653266331658,2.9785714285714286,14.969285597469314,1.5293714823611408,20.836205992943686
0.6180904522613065,2.9785714285714286,15.077228911711053,1.3736105923991557,22.14923869626735
0.6231155778894473,2.9785714285714286,15.192160839099182,1.2229387671755032,23.62353601529124
0.628140703517588,2.9785714285714286,15.314981909123867,1.078635528524196,25.294880944694558
0.6331658291457286,2.9785714285714286,15.44675571076512,0.9424752933508044,27.18869751998597
0.6381909547738693,2.9785714285714286,15.588586072912523,0.8168506338379784,29.288971492410475
0.6432160804020101,2.9785714285714286,15.74129307785906,0.7047350312490988,31.490375589005364
0.6482412060301508,2.9785714285714286,15.904871220347435,0.6092112151817732,33.5706695272487
0.6532663316582915,2.9785714285714286,16.078037225746325,0.5324309930760079,35.26740291404241
0.6582914572864321,2.9785714285714286,16.25841875218758,0.47454676970519005,36.43459443634219
0.6633165829145728,2.9785714285714286,16.443397024502623,0.43354637460815476,37.117320906004956
0.6683417085427136,2.9785714285714286,16.630899714061158,0.40617136641997387,37.46638473144605
0.6733668341708543,2.9785714285714286,16.81963009249784,0.3890502437804809,37.626096862921685
0.678391959798995,2.9785714285714286,17.008895773503088,0.3793592907205834,37.691041790687336
0.6834170854271356,2.9785714285714286,17.19836328220267,0.37499314170960074,37.712236939506596
0.6884422110552764,2.9785714285714286,17.387882500159762,0.37448515522832276,37.714275564106785
0.6934673366834171,2.9785714285714286,17.57738910454105,0.3768608932674593,37.70811068053372
0.6984924623115578,2.9785714285714286,17.766853409206025,0.3815030830883087,37.69817884280493
0.7035175879396985,2.9785714285714286,17.956261642212734,0.38805076087079726,37.68587709561534
0.7085427135678392,2.9785714285714286,18.145602138395887,0.39633132707842295,37.67110146155287
0.7135678391959799,2.9785714285714286,18.334860192524314,0.4063203553734156,37.65280842182074
0.7185929648241206,2.9785714285714286,18.524013683756404,0.41812410229289254,37.62903644302503
0.7236180904522613,2.9785714285714286,18.713027485677127,0.43198213349838066,37.596518291077054
0.7286432160804021,2.9785714285714286,18.901845046570486,0.44829163308427794,37.549721207591915
0.7336683417085427,2.9785714285714286,19.090372410481667,0.4676601705463922,37.47883242377639
0.7386934673366834,2.9785714285714286,19.27844720377738,0.4910022910594939,37.36532627786078
0.7437185929648241,2.9785714285714286,19.46577377801753,0.5197105474358782,37.17252812947022
0.7487437185929648,2.9785714285714286,19.651783179619855,0.5559372333857511,36.822518004615226
0.7537688442211056,2.9785714285714286,19.835306169066158,0.6030828839326092,36.14068938726134
0.7587939698492462,2.9785714285714286,20.013824245540192,0.6664393157317337,34.73918032395835
0.7638190954773869,2.9785714285714286,20.18201345739923,0.7533359038572283,31.884047851146104
0.7688442211055276,2.9785714285714286,20.330658221322164,0.870334439567608,26.941585787441404
0.7738693467336684,2.9785714285714286,20.450762843173706,1.0164868297736926,20.843238268246928
0.7788944723618091,2.9785714285714286,20.54155537914558,1.1826126902162806,15.53377155349255
0.7839195979899497,2.9785714285714286,20.60949053072681,1.3594428163775711,11.748113133301201
0.7889447236180904,2.9785714285714286,20.661722460751452,1.5415852954964862,9.21117294435726
0.7939698492462312,2.9785714285714286,20.70346387236474,1.726436428266281,7.512532646871044
0.7989949748743719,2.9785714285714286,20.738131707165685,1.9127529939501953,6.357879382700109
0.8040201005025126,2.9785714285714286,20.767964975841057,2.0999085459274527,5.565700574013605
0.8090452261306532,2.9785714285714286,20.79449406180027,2.287562824939669,5.029034546637402
0.8140703517587939,2.9785714285714286,20.81883276766554,2.4755145877111344,4.6871344527127174
0.8190954773869347,2.9785714285714286,20.841877372915764,2.663629670881331,4.511406260394069
0.8241206030150754,2.9785714285714286,20.864450896257985,2.851799662534845,4.5027333838770875
0.8291457286432161,2.9785714285714286,20.88747543818877,3.03991646139782,4.702308675424759
0.8341708542713567,2.9785714285714286,20.912262090648877,3.2278083718768222,5.238924195437619
0.8391959798994975,2.9785714285714286,20.94135312503445,3.41507446661476,6.544042559469643
0.8442211055276382,2.9785714285714286,20.98281394445936,3.5998876605614885,11.17505606102564
0.8492462311557789,2.9785714285714286,21.098607834514887,3.659507279109488,21.840399493994248
0.8542713567839196,2.9785714285714286,21.182756198071772,3.490062457382599,14.427118937869567
0.8592964824120602,2.9785714285714286,21.251933862457868,3.3136249051707756,13.389338036936717
0.864321608040201,2.9785714285714286,21.318879032931225,3.1363233195091667,13.343188655534798
0.8693467336683417,2.9785714285714286,21.386627698888645,2.959325744626704,13.66141549967498
0.8743718592964824,2.9785714285714286,21.45648805206841,2.783151391481958,14.166893791538675
0.8793969849246231,2.9785714285714286,21.529207745822042,2.608138721231896,14.792501310102082
0.8844221105527639,2.9785714285714286,21.605309134708577,2.4345706754538625,15.509781765214715
0.8894472361809045,2.9785714285714286,21.685217910220953,2.262723211736345,16.306692295909773
0.8944723618090452,2.9785714285714286,21.769322782556564,2.0928910423638474,17.179745505166135
0.8994974874371859,2.9785714285714286,21.858009429977415,1.9254072080768392,18.130988602022835
0.9045226130653267,2.9785714285714286,21.95168631455249,1.7606642484793942,19.167480955762414
0.9095477386934674,2.9785714285714286,22.050811344634877,1.5991430688204353,20.3020470629534
0.914572864321608,2.9785714285714286,22.155924391001793,1.44145645611174,21.55472727195809
0.9195979899497487,2.9785714285714286,22.267686706913086,1.2884157562664416,22.953848168340546
0.9246231155778895,2.9785714285714286,22.38692033727047,1.1411295573374438,24.534404177698903
0.9296482412060302,2.9785714285714286,22.51462371268404,1.0011366823124277,26.329122470876946
0.9346733668341709,2.9785714285714286,22.65190895431548,0.8705483642239211,28.34511748507443
0.9396984924623115,2.9785714285714286,22.799776884238124,0.7521083136535779,30.522492182313098
0.9447236180904522,2.9785714285714286,22.958657808194637,0.648948428196907,32.68950034379405
0.949748743718593,2.9785714285714286,23.1278549770899,0.5637810809903768,34.58325568015709
0.9547738693467337,2.9785714285714286,23.305398653673016,0.4977296867807719,35.98825274144904
0.9597989949748744,2.9785714285714286,23.488657798385738,0.4496704431743506,36.86830142437925
0.964824120603015,2.9785714285714286,23.675256093472942,0.4167416048739277,37.34390259487635
0.9698492462311558,2.9785714285714286,23.863562363439417,0.39550537584634127,37.5720206704018
0.9748743718592965,2.9785714285714286,24.05265025816766,0.38285243440438155,37.67012714194356
0.9798994974874372,2.9785714285714286,24.242055490949202,0.3763625930091631,37.706313848792256
0.9849246231155779,2.9785714285714286,24.431563553206104,0.374305605560395,37.714830128777365
0.9899497487437185,2.9785714285714286,24.621080832636313,0.3755091157349778,37.71144689917472
0.9949748743718593,2.9785714285714286,24.810566333217245,0.3792140235533882,37.70284788156491
1.0,2.9785714285714286,25.0,0.38495639187220715,37.69242750672382
0.0,2.979795918367347,0.0,1.0,17.014132346603102
0.005025125628140704,2.979795918367347,0.09481211445173804,0.8359172821284732,20.85537979455631
0.010050251256281407,2.979795918367347,0.2108741464461723,0.6862098824081185,25.440532753004543
0.01507537688442211,2.979795918367347,0.35091027670809805,0.5587918163746652,30.2449643440146
0.020100502512562814,2.979795918367347,0.5132497519581278,0.46142599766687364,34.113569093037725
0.02512562814070352,2.979795918367347,0.6909031708318726,0.3957827784227404,36.323290875831844
0.03015075376884422,2.979795918367347,0.8761741144823629,0.3559314203825084,37.26432590008551
0.035175879396984924,2.979795918367347,1.0644204794079888,0.3335377312974851,37.59733456219273
0.04020100502512563,2.979795918367347,1.2536660481862254,0.3219435554091467,37.701529112905156
0.04522613065326633,2.979795918367347,1.4432073583297165,0.3168365140185925,37.72927359653727
0.05025125628140704,2.979795918367347,1.6328170940788191,0.3156388439729699,37.73345981320544
0.05527638190954774,2.979795918367347,1.8224279342036371,0.3168544455497818,37.73116776125893
0.06030150753768844,2.979795918367347,2.0120228168945706,0.31962543081032857,37.72753937389438
0.06532663316582915,2.979795918367347,2.2015992349859634,0.32346483588499925,37.72390787180698
0.07035175879396985,2.979795918367347,2.3911578784359606,0.3281023241669063,37.72045538650938
0.07537688442211055,2.979795918367347,2.58069935776992,0.3333961738847333,37.71704215869967
0.08040201005025126,2.979795918367347,2.7702233383761636,0.3392836663399996,37.71345129247219
0.08542713567839195,2.979795918367347,2.9597283367844076,0.34575343379570067,37.70944458988222
0.09045226130653267,2.979795918367347,3.1492116161797563,0.35283064711766376,37.70475741589305
0.09547738693467336,2.979795918367347,3.338668984366189,0.36057016047876705,37.69906994437638
0.10050251256281408,2.979795918367347,3.528094416852718,0.3690548341057425,37.691964037249896
0.10552763819095477,2.979795918367347,3.7174794140760112,0.3783978312630646,37.68285775604235
0.11055276381909548,2.979795918367347,3.9068119304106834,0.3887487251765286,37.67090190163967
0.11557788944723618,2.979795918367347,4.096074637333263,0.4003040741541294,37.65480735925849
0.12060301507537688,2.979795918367347,4.285242035274552,0.41332413385289696,37.63254279633745
0.12562814070351758,2.979795918367347,4.474275412391898,0.42815939238825174,37.600729507010975
0.1306532663316583,2.979795918367347,4.6631139446202114,0.44529117892433595,37.55377485156917
0.135678391959799,2.979795918367347,4.851658367456517,0.46539309993269384,37.48143498752575
0.1407035175879397,2.979795918367347,5.039737532998944,0.4894454187838218,37.364222960726785
0.1457286432160804,2.979795918367347,5.227040785212947,0.5189090014653043,37.163544993276744
0.1507537688442211,2.979795918367347,5.412966966089186,0.5560341010837366,36.79631689054691
0.15577889447236182,2.979795918367347,5.596275114121811,0.6043643681969544,36.076535433916895
0.16080402010050251,2.979795918367347,5.774284163926257,0.6693895471667038,34.59026393017113
0.1658291457286432,2.979795918367347,5.941351932881323,0.7585934598207627,31.57265832489946
0.1708542713567839,2.979795918367347,6.087965295660245,0.8782594579687302,26.455496725198486
0.17587939698492464,2.979795918367347,6.205475977730729,1.0266332220119208,20.32838818028974
0.18090452261306533,2.979795918367347,6.293915765078218,1.194141314431528,15.122472006116375
0.18592964824120603,2.979795918367347,6.360075248464561,1.3717494254686615,11.44929358171436
0.19095477386934673,2.979795918367347,6.41102727047506,1.5543536776632674,8.99511991684787
0.19597989949748743,2.979795918367347,6.45182981132239,1.7395110462162315,7.3509401383319615
0.20100502512562815,2.979795918367347,6.485781816399068,1.9260548343514037,6.231944169676257
0.20603015075376885,2.979795918367347,6.515044790122811,2.113395262576514,5.463119255803512
0.21105527638190955,2.979795918367347,6.541099078091329,2.3012106226503226,4.9415893396661845
0.21608040201005024,2.979795918367347,6.565024466012415,2.489309917434907,4.6092651047014375
0.22110552763819097,2.979795918367347,6.5876916757265045,2.67756537420324,4.438428257148906
0.22613065326633167,2.979795918367347,6.60990173321344,2.865874712910823,4.430237599709646
0.23115577889447236,2.979795918367347,6.632551294858724,3.054132028179869,4.624321641174521
0.23618090452261306,2.979795918367347,6.656911294332101,3.2421745406002214,5.144356188969409
0.24120603015075376,2.979795918367347,6.685426391983562,3.4296247269252507,6.399362785726667
0.24623115577889448,2.979795918367347,6.725686482135946,3.6148134186260608,10.734248480335822
0.25125628140703515,2.979795918367347,6.838966645919813,3.685016477659148,22.444657427582282
0.2562814070351759,2.979795918367347,6.92369983123939,3.5158216775201536,14.394949580234233
0.2613065326633166,2.979795918367347,6.992586653537912,3.3391699994426967,13.31625148462154
0.2663316582914573,2.979795918367347,7.05913165046987,3.1616160679667686,13.258413214066417
0.271356783919598,2.979795918367347,7.126436474883674,2.9843486163403106,13.569877041008908
0.27638190954773867,2.979795918367347,7.195822058753489,2.807886055079005,14.06947943614747
0.2814070351758794,2.979795918367347,7.268037368027649,2.6325634202604395,14.689093486350218
0.2864321608040201,2.979795918367347,7.343602852991713,2.458659354703369,15.399805280402054
0.2914572864321608,2.979795918367347,7.4229410806047,2.286444695231726,16.189463634874077
0.2964824120603015,2.979795918367347,7.506436836114443,2.11620797334109,17.05438793453574
0.3015075376884422,2.979795918367347,7.594470771630919,1.9482744091548876,17.996354051238523
0.3065326633165829,2.979795918367347,7.687444524437395,1.7830261013660715,19.021961198882888
0.31155778894472363,2.979795918367347,7.785806319190083,1.620929301608899,20.14334736296317
0.3165829145728643,2.979795918367347,7.890082301271672,1.4625754447383246,21.37965562794927
0.32160804020100503,2.979795918367347,8.00091516297223,1.3087442496992145,22.758242073783318
0.32663316582914576,2.979795918367347,8.119104583188845,1.160497947285693,24.313689013675678
0.3316582914572864,2.979795918367347,8.245628617430512,1.0193106558937044,26.080268027965758
0.33668341708542715,2.979795918367347,8.38159615449688,0.8872135109668584,28.07082957301333
0.3417085427135678,2.979795918367347,8.528048868512853,0.7668763573871226,30.23747656480637
0.34673366834170855,2.979795918367347,8.685530198264926,0.6614202599475374,32.42405685558165
0.35175879396984927,2.979795918367347,8.853518480813673,0.5736904668092729,34.37291867706888
0.35678391959798994,2.979795918367347,9.03018857924231,0.50508563774499,35.85174598507647
0.36180904522613067,2.979795918367347,9.212934810335303,0.4547728121960128,36.79770643832411
0.36683417085427134,2.979795918367347,9.399298914894867,0.42004767267157145,37.3176312956263
0.37185929648241206,2.979795918367347,9.587541580445972,0.3974747209200148,37.57037589511126
0.3768844221105528,2.979795918367347,9.776655291308403,0.3838623617767904,37.680611991316695
0.38190954773869346,2.979795918367347,9.96612879157396,0.3766901574206025,37.72231990658754
0.3869346733668342,2.979795918367347,10.155723944151207,0.3741412757538083,37.73322930270197
0.39195979899497485,2.979795918367347,10.345336087742721,0.3749777247817997,37.73086744835455
0.3969849246231156,2.979795918367347,10.53491989833191,0.3783930506161659,37.72276515528518
0.4020100502512563,2.979795918367347,10.72445493637179,0.38389049183737306,37.71176478220847
0.40703517587939697,2.979795918367347,10.913929033391724,0.3911967947751853,37.698492614963484
0.4120603015075377,2.979795918367347,11.103329784577175,0.4002068154478557,37.68240706163804
0.41708542713567837,2.979795918367347,11.292639897645422,0.4109534311324555,37.66209391294651
0.4221105527638191,2.979795918367347,11.481832496871844,0.4235988048951016,37.635111919576595
0.4271356783919598,2.979795918367347,11.670864704585302,0.43844590852544474,37.59738101977388
0.4321608040201005,2.979795918367347,11.859666539737713,0.4559739063197373,37.54186878024325
0.4371859296482412,2.979795918367347,12.048119869479418,0.47690718768808515,37.45581423744092
0.44221105527638194,2.979795918367347,12.236016153956605,0.5023396707823141,37.31452482069139
0.4472361809045226,2.979795918367347,12.422967082318788,0.5339461214015575,37.067665228652565
0.45226130653266333,2.979795918367347,12.608202995618363,0.5743458778959333,36.605667360250024
0.457286432160804,2.979795918367347,12.790103558080629,0.6276766277025858,35.68038610470109
0.4623115577889447,2.979795918367347,12.965157181389234,0.7001926608745292,33.759721874665104
0.46733668341708545,2.979795918367347,13.126328012963613,0.7995510425972103,30.022945477410474
0.4723618090452261,2.979795918367347,13.263501368005791,0.9299074503197564,24.34198106228952
0.47738693467336685,2.979795918367347,13.370509397523668,1.086086798327527,18.377792069606567
0.4824120603015075,2.979795918367347,13.450487633054566,1.2578474377915714,13.716989040945277
0.48743718592964824,2.979795918367347,13.51084985301938,1.4375322183699362,10.521558858268438
0.49246231155778897,2.979795918367347,13.558007241953675,1.6211625604964364,8.39014004640991
0.49748743718592964,2.979795918367347,13.59632864503325,1.8068532272809354,6.95412120946192
0.5025125628140703,2.979795918367347,13.628654589174118,1.9936873705683729,5.972731747901441
0.507537688442211,2.979795918367347,13.656871467984885,2.181188997045739,5.300900840847212
0.5125628140703518,2.979795918367347,13.682301794178246,2.369090205399774,4.853071182822463
0.5175879396984925,2.979795918367347,13.705944164835904,2.5572253871219535,4.5842342923063235
0.5226130653266332,2.979795918367347,13.728644094263467,2.74547661090776,4.4775722147459005
0.5276381909547738,2.979795918367347,13.751239675094752,2.9337388122890395,4.548577863205617
0.5326633165829145,2.979795918367347,13.774765007780884,3.1218881467569255,4.8657696099055165
0.5376884422110553,2.979795918367347,13.800878056040869,3.3096933080340687,5.63613444255431
0.542713567839196,2.979795918367347,13.833376549636958,3.4964797572956376,7.669895829892944
0.5477386934673367,2.979795918367347,13.89104237564446,3.676208053693415,20.79888830693491
0.5527638190954773,2.979795918367347,14.015098153625944,3.593184717502378,16.61601988268112
0.5577889447236181,2.979795918367347,14.089391220541554,3.418784214196423,13.767409262612329
0.5628140703517588,2.979795918367347,14.156985260620345,3.241628133109605,13.296735240417178
0.5678391959798995,2.979795918367347,14.224010299077953,3.0642559978046005,13.44062519961472
0.5728643216080402,2.979795918367347,14.292502167483024,2.8874443008728483,13.850709377154711
0.5778894472361809,2.979795918367347,14.363463686719474,2.7116100301419417,14.412198305140686
0.5829145728643216,2.979795918367347,14.43752293802109,2.5370587486452645,15.078732016852356
0.5879396984924623,2.979795918367347,14.515150666784102,2.36406584648506,15.830371083716928
0.592964824120603,2.979795918367347,14.596751265961005,2.192912085380744,16.65929346542069
0.5979899497487438,2.979795918367347,14.682708343387763,2.0239054161006753,17.564532469038582
0.6030150753768844,2.979795918367347,14.773413737151035,1.8574003876949974,18.550220157447054
0.6080402010050251,2.979795918367347,14.869292809045538,1.6938217307394678,19.6256921467122
0.6130653266331658,2.979795918367347,14.970833146369984,1.5336983797518848,20.806630935554974
0.6180904522613065,2.979795918367347,15.078620234389332,1.3777155280919493,22.116530431789528
0.6231155778894473,2.979795918367347,15.193378606377703,1.2267937807784375,23.58706938157605
0.628140703517588,2.979795918367347,15.316006017824547,1.0822029909919824,25.254245437653466
0.6331658291457286,2.979795918367347,15.447565711772821,0.9457054984943829,27.144301826151818
0.6381909547738693,2.979795918367347,15.589167579951173,0.8196820036426967,29.242998612505236
0.6432160804020101,2.979795918367347,15.741649360421984,0.7071021326068541,31.44774171834401
0.6482412060301508,2.979795918367347,15.905035774015868,0.6110659565085161,33.53809333138251
0.6532663316582915,2.979795918367347,16.078074378375813,0.5337705822432331,35.24969320075513
0.6582914572864321,2.979795918367347,16.25840478329519,0.4754253307177829,36.431490371486724
0.6633165829145728,2.979795918367347,16.443395937085977,0.4340557980298588,37.12474493003577
0.6683417085427136,2.979795918367347,16.630952793986726,0.40640905837694064,37.47987497324203
0.6733668341708543,2.979795918367347,16.819759471865183,0.3890976900054006,37.64259374809322
0.678391959798995,2.979795918367347,17.00911192163493,0.37927600281206125,37.70889550009934
0.6834170854271356,2.979795918367347,17.19867082196933,0.37481920997844054,37.7306680758971
0.6884422110552764,2.979795918367347,17.388283361577816,0.37424611646657974,37.732947762701386
0.6934673366834171,2.979795918367347,17.577883633337454,0.3765721349027473,37.726891725326354
0.6984924623115578,2.979795918367347,17.767442497810567,0.38117308620176826,37.71702658826732
0.7035175879396985,2.979795918367347,17.956945596610723,0.3876832175975695,37.704790030510736
0.7085427135678392,2.979795918367347,18.146381326762675,0.3959264175816775,37.69010027521896
0.7135678391959799,2.979795918367347,18.335735143440772,0.4058753905104076,37.67193244284952
0.7185929648241206,2.979795918367347,18.52498517818389,0.41763366081975095,37.648349375811605
0.7236180904522613,2.979795918367347,18.71409669453041,0.43143774411684943,37.61612387399571
0.7286432160804021,2.979795918367347,18.903013916255464,0.44768094538564973,37.569795385322166
0.7336683417085427,2.979795918367347,19.091643940394093,0.46696537639702485,37.499689118084454
0.7386934673366834,2.979795918367347,19.27982662759668,0.4901974523577298,37.387559103637564
0.7437185929648241,2.979795918367347,19.467270710055484,0.5187570475765658,37.1973233447616
0.7487437185929648,2.979795918367347,19.653415948337095,0.5547763278870508,36.85238573005438
0.7537688442211056,2.979795918367347,19.837112301325458,0.6016246882551017,36.18113874201529
0.7587939698492462,2.979795918367347,20.01588250225706,0.6645534842877222,34.80163447325218
0.7638190954773869,2.979795918367347,20.184475814339052,0.7508751909574787,31.98487331885326
0.7688442211055276,2.979795918367347,20.33372650107705,0.867254102274708,27.077710445383364
0.7738693467336684,2.979795918367347,20.454518825408584,1.0129560585492179,20.972727937220597
0.7788944723618091,2.979795918367347,20.54587416799062,1.1788758814905655,15.62671753914925
0.7839195979899497,2.979795918367347,20.614187571201047,1.355658632360326,11.807450084955205
0.7889447236180904,2.979795918367347,20.66665649570088,1.5378295907168604,9.247870298919192
0.7939698492462312,2.979795918367347,20.708543729177375,1.7227433415386393,7.534956771439086
0.7989949748743719,2.979795918367347,20.743299585841577,1.9091385201788165,6.371116238387443
0.8040201005025126,2.979795918367347,20.773182664808626,2.096380778852744,5.57264807977453
0.8090452261306532,2.979795918367347,20.799734331187846,2.2841262869459866,5.031254672734145
0.8140703517587939,2.979795918367347,20.82407396585349,2.4721722025499964,4.685340504726562
0.8190954773869347,2.979795918367347,20.847099543770337,2.6603838361797294,4.5055650196857115
0.8241206030150754,2.979795918367347,20.86963190409123,2.848653017003478,4.491944677648362
0.8291457286432161,2.979795918367347,20.892585019817083,3.0368726039413656,4.6840339138955835
0.8341708542713567,2.979795918367347,20.917248333652548,3.2248751632460753,5.206238261643826
0.8391959798994975,2.979795918367347,20.946095793962616,3.4122741139423267,6.471881285511884
0.8442211055276382,2.979795918367347,20.986805375381124,3.5973621215946494,10.854029966363349
0.8492462311557789,2.979795918367347,21.10081545201332,3.6671715307659176,22.570824714483436
0.8542713567839196,2.979795918367347,21.18607355229742,3.498247444346527,14.48317266235322
0.8592964824120602,2.979795918367347,21.255367795488333,3.3217559269640704,13.392563194603783
0.864321608040201,2.979795918367347,21.32228439147557,3.144343697875098,13.331006786919605
0.8693467336683417,2.979795918367347,21.389952623342456,2.9672152137784513,13.642312491734096
0.8743718592964824,2.979795918367347,21.459705983282237,2.7908978634074777,14.143690326373513
0.8793969849246231,2.979795918367347,21.532301258499174,2.6157322820948736,14.766298140767784
0.8844221105527639,2.979795918367347,21.608264422562,2.4420015865602167,15.481010941583706
0.8894472361809045,2.979795918367347,21.68802246558758,2.269980975978304,16.275472870639405
0.8944723618090452,2.979795918367347,21.771964207825256,2.0999637553289783,17.146014012904683
0.8994974874371859,2.979795918367347,21.860474629799885,1.9322808973567773,18.094532266862508
0.9045226130653267,2.979795918367347,21.953960725770713,1.7673220034931678,19.12792285838824
0.9095477386934674,2.979795918367347,22.0528780170397,1.6055637701244916,20.2588068325443
0.914572864321608,2.979795918367347,22.15776287095346,1.4476128456001498,21.506987699874127
0.9195979899497487,2.979795918367347,22.269271877348103,1.2942715865907635,22.900585985699372
0.9246231155778895,2.979795918367347,22.388221805550764,1.14663567948936,24.474606334708593
0.9296482412060302,2.979795918367347,22.51560719540682,1.0062265086692481,26.262404031510485
0.9346733668341709,2.979795918367347,22.652542258668447,0.8751348940801359,28.2729356684976
0.9396984924623115,2.979795918367347,22.800043349608966,0.7560882508933806,30.44988420589524
0.9447236180904522,2.979795918367347,22.958576765351545,0.652223532159165,32.6255280600479
0.949748743718593,2.979795918367347,23.127495068606553,0.5662984075816622,34.53752942580634
0.9547738693467337,2.979795918367347,23.304864733715522,0.4995178518463106,35.964685306506375
0.9597989949748744,2.979795918367347,23.48805485341134,0.4508352302897951,36.86338540186399
0.964824120603015,2.979795918367347,23.674661399219808,0.4174234587042073,37.35100242312292
0.9698492462311558,2.979795918367347,23.86302141679612,0.3958368897691932,37.58557287116196
0.9748743718592965,2.979795918367347,24.052186156841493,0.3829380422076245,37.68675893489373
0.9798994974874372,2.979795918367347,24.24167887330542,0.3762764248913088,37.724310142093486
0.9849246231155779,2.979795918367347,24.431279025536355,0.3740970628462426,37.73340595128857
0.9899497487437185,2.979795918367347,24.620890248770984,0.37520954075378976,37.730270459947675
0.9949748743718593,2.979795918367347,24.810470013752106,0.37884216840769575,37.721794454587894
1.0,2.979795918367347,25.0,0.384522235806616,37.71147718745795
0.0,2.9810204081632654,0.0,1.0,17.014120835716174
0.005025125628140704,2.9810204081632654,0.09481923708796049,0.8358137456247864,20.858553018032115
0.010050251256281407,2.9810204081632654,0.21090988419595488,0.6860108439237649,25.449139226750784
0.01507537688442211,2.9810204081632654,0.35100655399560643,0.5585216208344385,30.260442881128107
0.020100502512562814,2.9810204081632654,0.5134372071759684,0.46112783849853306,34.13370184772336
0.02512562814070352,2.9810204081632654,0.6911949023640848,0.3954985869101265,36.34414886757295
0.03015075376884422,2.9810204081632654,0.8765685793051556,0.35568123514956795,37.28429187660196
0.035175879396984924,2.9810204081632654,1.0649131549803448,0.33332282704970484,37.616523214492624
0.04020100502512563,2.9810204081632654,1.2542540114975556,0.32175749717330504,37.720317584504556
0.04522613065326633,2.9810204081632654,1.443889255486234,0.31667165175128553,37.74789712984402
0.05025125628140704,2.9810204081632654,1.6335924081087814,0.31548861065217115,37.752026523563245
0.05527638190954774,2.9810204081632654,1.823296534281866,0.31671382877981086,37.74972131491596
0.06030150753768844,2.9810204081632654,2.012984653190609,0.3194907796296726,37.746095493247374
0.06532663316582915,2.9810204081632654,2.2026543354217845,0.32333356092407917,37.74247114885599
0.07035175879396985,2.9810204081632654,2.3923062822556824,0.3279725855540412,37.73902669915051
0.07537688442211055,2.9810204081632654,2.581941104731124,0.3332666564988368,37.73562118379902
0.08040201005025126,2.9810204081632654,2.7715584659641084,0.33915341222872497,37.73203761006296
0.08542713567839195,2.9810204081632654,2.961156881587011,0.34562172388684276,37.72803805152282
0.09045226130653267,2.9810204081632654,3.1507336134299657,0.35269692068963243,37.72335824109592
0.09547738693467336,2.9810204081632654,3.3402844713450266,0.3604339614334662,37.71767876917086
0.10050251256281408,2.9810204081632654,3.529803437577679,0.3689157760827426,37.71058195304634
0.10552763819095477,2.9810204081632654,3.719282018722412,0.37825557691444983,37.701486370198374
0.11055276381909548,2.9810204081632654,3.9087081787527618,0.3886029779260619,37.689543425230056
0.11557788944723618,2.9810204081632654,4.0980646003612735,0.4001545828893264,37.67346472414934
0.12060301507537688,2.9810204081632654,4.287325799746702,0.4131707148974497,37.651220001539194
0.12562814070351758,2.9810204081632654,4.476453088423952,0.4280020318665158,37.61943041664853
0.1306532663316583,2.9810204081632654,4.665385666745393,0.4451299652995725,37.57250549569419
0.135678391959799,2.9810204081632654,4.854024281970937,0.4652285971289042,37.500192904333176
0.1407035175879397,2.9810204081632654,5.042197750738248,0.4892790956879266,37.38299495460366
0.1457286432160804,2.9810204081632654,5.229595287270236,0.5187437441745822,37.18228655321569
0.1507537688442211,2.9810204081632654,5.415615141259616,0.5558761187123876,36.814795463312365
0.15577889447236182,2.9810204081632654,5.599014434420361,0.6042263426342718,36.094207380095185
0.16080402010050251,2.9810204081632654,5.7771060573140405,0.6692965774222536,34.60489991116762
0.1658291457286432,2.9810204081632654,5.9442312486983235,0.7585893953981941,31.579346691757188
0.1708542713567839,2.9810204081632654,6.090849429500172,0.8783952487291657,26.449891106683072
0.17587939698492464,2.9810204081632654,6.208305761213152,1.0269304234260521,20.313552161623786
0.18090452261306533,2.9810204081632654,6.296664261496422,1.1945870361499273,15.105928925228191
0.18592964824120603,2.9810204081632654,6.362744389330781,1.372324422440535,11.43450846968012
0.19095477386934673,2.9810204081632654,6.41362800239808,1.555044711357251,8.982635218369879
0.19597989949748743,2.9810204081632654,6.454372668703167,1.7403104133351563,7.340306560451677
0.20100502512562815,2.9810204081632654,6.48827488659978,1.9269581183504858,6.222666627930501
0.20603015075376885,2.9810204081632654,6.517493706412789,2.1143998888144084,5.454762205101136
0.21105527638190955,2.9810204081632654,6.543507505552621,2.302315068102926,4.933786330031157
0.21608040201005024,2.9810204081632654,6.567394380253176,2.490513318877052,4.601698778959098
0.22110552763819097,2.9810204081632654,6.5900233292648345,2.678867362002692,4.430725487331727
0.22613065326633167,2.9810204081632654,6.61219343608706,2.867275356572589,4.4219634620147845
0.23115577889447236,2.9810204081632654,6.634798423862778,3.055632012542847,4.614689283253874
0.23618090452261306,2.9810204081632654,6.659103507252854,3.2437757373668,5.13170481766457
0.24120603015075376,2.9810204081632654,6.687538049045998,3.4313326615437028,6.378324219673468
0.24623115577889448,2.9810204081632654,6.727614512199248,3.616658971386897,10.66469651083942
0.25125628140703515,2.9810204081632654,6.840482629163046,3.6888069374947787,22.577317699004638
0.2562814070351759,2.9810204081632654,6.925380209267142,3.519603602299937,14.397653506467032
0.2613065326633166,2.9810204081632654,6.994255005913649,3.3428471948235456,13.310933951861054
0.2663316582914573,2.9810204081632654,7.060767341141549,3.165181434225556,13.251104106405132
0.271356783919598,2.9810204081632654,7.128033157497481,2.9877993880794564,13.56176226886168
0.27638190954773867,2.9810204081632654,7.197376548593833,2.81121998303628,14.0608308134864
0.2814070351758794,2.9810204081632654,7.26954725871061,2.6357780748164137,14.679991142309738
0.2864321608040201,2.9810204081632654,7.34506581240253,2.4617518919091497,15.390223780654178
0.2914572864321608,2.9810204081632654,7.424354601920363,2.289411735376089,16.179358227289345
0.2964824120603015,2.9810204081632654,7.507798109645396,2.1190454741652642,17.04368585522102
0.3015075376884422,2.9810204081632654,7.595776574890412,1.9509774938335447,17.984961130691506
0.3065326633165829,2.9810204081632654,7.688691079493499,1.7855888030850295,19.009747552207692
0.31155778894472363,2.9810204081632654,7.786989103874882,1.623344177217738,20.130147128669268
0.3165829145728643,2.9810204081632654,7.891195836669719,1.464833009242188,21.36525905741782
0.32160804020100503,2.9810204081632654,8.001952872872826,1.3108321835985715,22.742430789726235
0.32663316582914576,2.9810204081632654,8.120058971139061,1.1624001128240038,24.29633805811461
0.3316582914572864,2.9810204081632654,8.246492256997879,1.021006183010634,26.061584748007576
0.33668341708542715,2.9810204081632654,8.382364279020194,0.8886767958191043,28.051726777239644
0.3417085427135678,2.9810204081632654,8.528724055597515,0.7680796025211645,30.220042796904433
0.34673366834170855,2.9810204081632654,8.686128976873404,0.6623420206897458,32.41161602190232
0.35175879396984927,2.9810204081632654,8.854073872091442,0.5743284717756842,34.36845012686356
0.35678391959798994,2.9810204081632654,9.030743602651013,0.5054665588336122,35.85594012977344
0.36180904522613067,2.9810204081632654,9.213529091419622,0.454946899451882,36.80869579685299
0.36683417085427134,2.9810204081632654,9.399959766709713,0.4200717352412024,37.33271900290896
0.37185929648241206,2.9810204081632654,9.588284063440101,0.3973975892346638,37.587516439706036
0.3768844221105528,2.9810204081632654,9.777486495626354,0.3837195568937817,37.69865549501225
0.38190954773869346,2.9810204081632654,9.967051730574296,0.37650491238858536,37.740729040991006
0.3869346733668342,2.9810204081632654,10.15673982664907,0.3739277101185544,37.751781224361025
0.39195979899497485,2.9810204081632654,10.346445304054333,0.3747438162363892,37.74947934205836
0.3969849246231156,2.9810204081632654,10.536122716518674,0.37814279934435335,37.74141218354396
0.4020100502512563,2.9810204081632654,10.725751560694023,0.3836253354072616,37.73044446496775
0.40703517587939697,2.9810204081632654,10.915319595236427,0.3909164621857715,37.717213718888736
0.4120603015075377,2.9810204081632654,11.104814585442663,0.3999097604240386,37.70118619249501
0.41708542713567837,2.9810204081632654,11.29421926034001,0.41063699389710917,37.68095679270371
0.4221105527638191,2.9810204081632654,11.48350692572936,0.42325917466530927,37.654096762749106
0.4271356783919598,2.9810204081632654,11.672634991719129,0.43807788935005143,37.61655063941221
0.4321608040201005,2.9810204081632654,11.861533821220704,0.45557040485404676,37.56133242864268
0.4371859296482412,2.9810204081632654,12.050086070190257,0.47645836813328674,37.475772714020394
0.44221105527638194,2.9810204081632654,12.238084571167029,0.5018316931357386,37.33533621056981
0.4472361809045226,2.9810204081632654,12.425143632591217,0.5333587455213321,37.090055470131894
0.45226130653266333,2.9810204081632654,12.61049901580508,0.5736492457843289,36.63118606659614
0.457286432160804,2.9810204081632654,12.792541634321504,0.6268283139050408,35.71205775819677
0.4623115577889447,2.9810204081632654,12.967781737781833,0.6991397350167824,33.8035961271098
0.46733668341708545,2.9810204081632654,13.129209285216703,0.7982605371132115,30.081598117548996
0.4723618090452261,2.9810204081632654,13.266691672824134,0.9284254720099521,24.403034189712553
0.47738693467336685,2.9810204081632654,13.373973836672471,1.0845275050181902,18.42390047235489
0.4824120603015075,2.9810204081632654,13.454136554830086,1.2563037693744032,13.744933659506572
0.48743718592964824,2.9810204081632654,13.514605429542968,1.4360506293881037,10.53697063205581
0.49246231155778897,2.9810204081632654,13.56181934896863,1.6197626045426228,8.397925278236324
0.49748743718592964,2.9810204081632654,13.600166926136781,1.8055430772286767,6.957205723914227
0.5025125628140703,2.9810204081632654,13.632500075368716,1.9924706424672487,5.972749157771098
0.507537688442211,2.9810204081632654,13.660711285973028,2.1800674687727684,5.298727099430311
0.5125628140703518,2.9810204081632654,13.686125872055747,2.3680649494125214,4.849002243522986
0.5175879396984925,2.9810204081632654,13.709743477692642,2.5562972599488236,4.578340053926541
0.5226130653266332,2.9810204081632654,13.732408575225666,2.744646697547844,4.469483587716619
0.5276381909547738,2.9810204081632654,13.7549559761101,2.9330087791115975,4.537273495500034
0.5326633165829145,2.9810204081632654,13.778411755929683,3.121260851696896,4.848784082463185
0.5376884422110553,2.9810204081632654,13.804412695828812,3.3091758776241402,5.606559939478976
0.542713567839196,2.9810204081632654,13.83667967685524,3.496098145010591,7.5963435081633515
0.5477386934673367,2.9810204081632654,13.893126339778911,3.676416056103635,19.924298223478914
0.5527638190954773,2.9810204081632654,14.017441155571506,3.599151218731684,16.71926212951202
0.5577889447236181,2.9810204081632654,14.09193623457785,3.424738959228862,13.777421118906833
0.5628140703517588,2.9810204081632654,14.159531950033674,3.2474837181706375,13.290623658626979
0.5678391959798995,2.9810204081632654,14.226509920290464,3.069993770628911,13.428743864344044
0.5728643216080402,2.9810204081632654,14.294934011301988,2.893055760200995,13.835870948244194
0.5778894472361809,2.9810204081632654,14.365815803519904,2.717088721886491,14.39540000167681
0.5829145728643216,2.9810204081632654,14.439786542022851,2.542398555390908,15.060336430901367
0.5879396984924623,2.9810204081632654,14.517318093714929,2.369260259410377,15.810493695573088
0.592964824120603,2.9810204081632654,14.598815057228618,2.1979537625370624,16.637913812010172
0.5979899497487438,2.9810204081632654,14.684660719363805,2.0287857955355713,17.54154374627345
0.6030150753768844,2.9810204081632654,14.77524615726178,1.8621092247925968,18.525425208005647
0.6080402010050251,2.9810204081632654,14.870995483598183,1.6983464311047725,19.598787424828426
0.6130653266331658,2.9810204081632654,14.972394428986307,1.5380230046645293,20.77717876653687
0.6180904522613065,2.9810204081632654,15.080025937506347,1.3818193057572175,22.083959795066242
0.6231155778894473,2.9810204081632654,15.194611471332003,1.2306489981749622,23.550752883390302
0.628140703517588,2.9810204081632654,15.317045969592142,1.085772333455993,25.213754977329515
0.6331658291457286,2.9810204081632654,15.448392203320141,0.9489396018927576,27.100011955420097
0.6381909547738693,2.9810204081632654,15.589765912111938,0.8225195665429889,29.197043823560787
0.6432160804020101,2.9810204081632654,15.742021772558614,0.7094770593670068,31.404392012066094
0.6482412060301508,2.9810204081632654,15.905215169876735,0.6129298486355197,33.50528480104894
0.6532663316582915,2.9810204081632654,16.078124955450345,0.5351201642716502,35.231664013844664
0.6582914572864321,2.9810204081632654,16.258402675260093,0.47631324148275456,36.428103710205896
0.6633165829145728,2.9810204081632654,16.443405453978464,0.4345731040320617,37.13195558680391
0.6683417085427136,2.9810204081632654,16.631015653839533,0.4066529871829572,37.49323180427129
0.6733668341708543,2.9810204081632654,16.81989808795288,0.389149832615828,37.659011554150084
0.678391959798995,2.9810204081632654,17.009336954674488,0.37919624609793984,37.726691820351405
0.6834170854271356,2.9810204081632654,17.19898697961551,0.3746479955352783,37.74905054079007
0.6884422110552764,2.9810204081632654,17.388692551010006,0.3740093377986198,37.75157542448898
0.6934673366834171,2.9810204081632654,17.57838675757263,0.37628533779641626,37.74562865139637
0.6984924623115578,2.9810204081632654,17.768039954672293,0.3808449527520784,37.73583013702651
0.7035175879396985,2.9810204081632654,17.957637709304045,0.3873175065937824,37.72366051156667
0.7085427135678392,2.9810204081632654,18.147168454037192,0.39552337797208603,37.709055435402924
0.7135678391959799,2.9810204081632654,18.33661779310984,0.4054324285699846,37.69100852696845
0.7185929648241206,2.9810204081632654,18.525964113207383,0.41714545025764793,37.667611668439314
0.7236180904522613,2.9810204081632654,18.715173111224537,0.43089589182654453,37.635680511540144
0.7286432160804021,2.9810204081632654,18.90418966245374,0.44707317952678655,37.58981735103863
0.7336683417085427,2.9810204081632654,19.09292204259739,0.4662741035242389,37.52047032634696
0.7386934673366834,2.9810204081632654,19.281212153655034,0.4893977454339456,37.40967723274468
0.7437185929648241,2.9810204081632654,19.468773185355694,0.5178095929630872,37.222031461032984
0.7487437185929648,2.9810204081632654,19.65505341618323,0.5536233099331749,36.88192450661961
0.7537688442211056,2.9810204081632654,19.838921721895904,0.6001767518090165,36.22154893640626
0.7587939698492462,2.9810204081632654,20.017941656472306,0.6626803390872651,34.86265675307975
0.7638190954773869,2.9810204081632654,20.18693473901019,0.7484297301555668,32.08082722786905
0.7688442211055276,2.9810204081632654,20.336787923534498,0.8641871241239263,27.2135695220637
0.7738693467336684,2.9810204081632654,20.45826865098304,1.0094333440791095,21.10229673160356
0.7788944723618091,2.9810204081632654,20.55019084722451,1.175142523584847,15.721226466991345
0.7839195979899497,2.9810204081632654,20.618885900327506,1.3518755381517658,11.867149447023733
0.7889447236180904,2.9810204081632654,20.67159399448808,1.534073826200339,9.28495802210548
0.7939698492462312,2.9810204081632654,20.713628556345817,1.7190495383775382,7.5575313455719675
0.7989949748743719,2.9810204081632654,20.74847363892354,1.9055228636351427,6.384438952917311
0.8040201005025126,2.9810204081632654,20.778407863601426,2.0928514030640124,5.579786256942302
0.8090452261306532,2.9810204081632654,20.8049821405981,2.2806879209410926,5.033517769628632
0.8140703517587939,2.9810204081632654,20.829323959669228,2.46882765278583,4.683682635513119
0.8190954773869347,2.9810204081632654,20.85233072549129,2.6571356013049736,4.499734930463586
0.8241206030150754,2.9810204081632654,20.87482308173297,2.845503602131606,4.4814777020428
0.8291457286432161,2.9810204081632654,20.897705886427012,3.033825781384838,4.6660280777502425
0.8341708542713567,2.9810204081632654,20.922247942678723,3.2219383740304877,5.174159949026746
0.8391959798994975,2.9810204081632654,20.950859596350817,3.409468392575148,6.402033122873933
0.8442211055276382,2.9810204081632654,20.990855701794782,3.5948179080734386,10.555687266746794
0.8492462311557789,2.9810204081632654,21.1029167891138,3.6747505479246714,23.404997720621353
0.8542713567839196,2.9810204081632654,21.189392205202786,3.506429713620384,14.542353648434403
0.8592964824120602,2.9810204081632654,21.258810717836166,3.3298875467165945,13.396452344031017
0.864321608040201,2.9810204081632654,21.325701033402492,3.1523655323400686,13.319155952123264
0.8693467336683417,2.9810204081632654,21.393289833983317,2.9751068698381458,13.623367484482465
0.8743718592964824,2.9810204081632654,21.462936853689087,2.798647144242442,14.120586963523445
0.8793969849246231,2.9810204081632654,21.535408221575523,2.623329259826432,14.740197815638433
0.8844221105527639,2.9810204081632654,21.61123362989076,2.4494365646458265,15.452329923781907
0.8894472361809045,2.9810204081632654,21.6908413955094,2.277243525515428,16.244346448575037
0.8944723618090452,2.9810204081632654,21.774620483259532,2.107042051683401,17.112382379509036
0.8994974874371859,2.9810204081632654,21.86295519606703,1.9391610744066574,18.05818804583071
0.9045226130653267,2.9810204081632654,21.956251087216348,1.7739872953518094,19.088492130132146
0.9095477386934674,2.9810204081632654,22.05496132064214,1.611993257577015,20.215710979116842
0.914572864321608,2.9810204081632654,22.15961879832956,1.4537795521258794,21.459426039158537
0.9195979899497487,2.9810204081632654,22.27087546887987,1.3001396677866088,22.84753362820387
0.9246231155778895,2.9810204081632654,22.38954279867538,1.1521565326616803,24.41502809983081
0.9296482412060302,2.9810204081632654,22.516611273351746,1.0113342110014527,26.195875733650745
0.9346733668341709,2.9810204081632654,22.65319680516315,0.8797430709107581,28.2008604020905
0.9396984924623115,2.9810204081632654,22.800330729097524,0.7600938841762139,30.377067753190822
0.9447236180904522,2.9810204081632654,22.958514518008556,0.6555272589214737,32.56090538616875
0.949748743718593,2.9810204081632654,23.127149782990056,0.5688440557337651,34.490868128256935
0.9547738693467337,2.9810204081632654,23.304340742537864,0.5013307841328355,35.940233651357154
0.9597989949748744,2.9810204081632654,23.48745805077121,0.45201931754701286,36.85785014735886
0.964824120603015,2.9810204081632654,23.674070404233948,0.41811915835760655,37.35774531734791
0.9698492462311558,2.9810204081632654,23.86248281262691,0.39617791343747255,37.598932024089926
0.9748743718592965,2.9810204081632654,24.051723654287613,0.3830301512504485,37.703281565852585
0.9798994974874372,2.9810204081632654,24.24130348916167,0.3761948021307584,37.742236516663596
0.9849246231155779,2.9810204081632654,24.430995481677062,0.37389185625820903,37.7519281102083
0.9899497487437185,2.9810204081632654,24.620700120900835,0.3749126093751995,37.749046590152446
0.9949748743718593,2.9810204081632654,24.810375616178405,0.3784727796844606,37.740696264889955
1.0,2.9810204081632654,25.0,0.3840902027588741,37.73057810417909
0.0,2.9822448979591836,0.0,1.0,17.01409611749057
0.005025125628140704,2.9822448979591836,0.09482627844648797,0.8357103312958465,20.861707165369694
0.010050251256281407,2.9822448979591836,0.21094543341241648,0.685812024613565,25.457722610213015
0.01507537688442211,2.9822448979591836,0.35110252678577925,0.5582517206151039,30.27589862831967
0.020100502512562814,2.9822448979591836,0.5136242399078103,0.4608300485175644,34.15380988161351
0.02512562814070352,2.9822448979591836,0.691486073462913,0.3952148187218726,36.364977482122285
0.03015075376884422,2.9822448979591836,0.8769623298049195,0.35543147650746026,37.30422669324666
0.035175879396984924,2.9822448979591836,1.0654049634208766,0.3331083104298489,37.635682001029735
0.04020100502512563,2.9822448979591836,1.2548409619643235,0.3215717689959627,37.73907776909068
0.04522613065326633,2.9822448979591836,1.4445700003889592,0.31650706091806047,37.7664930771287
0.05025125628140704,2.9822448979591836,1.634366424318057,0.31533859511500023,37.77056609284975
0.05527638190954774,2.9822448979591836,1.8241636645640822,0.31657338522762335,37.76824791606561
0.06030150753768844,2.9822448979591836,2.013944884694071,0.31935626432844055,37.764624692873156
0.06532663316582915,2.9822448979591836,2.2037076957205888,0.32320239129970013,37.76100753386016
0.07035175879396985,2.9822448979591836,2.3934528106252415,0.3278429264085141,37.75757111977997
0.07537688442211055,2.9822448979591836,2.5831808407868735,0.3331371961900079,37.754173307347365
0.08040201005025126,2.9822448979591836,2.772891447398714,0.3390231949702094,37.750597017356625
0.08542713567839195,2.9822448979591836,2.9625831438557726,0.34549003154631347,37.74660459960438
0.09045226130653267,2.9822448979591836,3.1522531942917356,0.3525631925750783,37.741932157517034
0.09547738693467336,2.9822448979591836,3.3418974099698384,0.36029774047446866,37.7362607000044
0.10050251256281408,2.9822448979591836,3.5315097753690283,0.36877667373960554,37.72917300341
0.10552763819095477,2.9822448979591836,3.7210818056796637,0.3781132526081933,37.72008816709268
0.11055276381909548,2.9822448979591836,3.9106014741199115,0.3884571304332764,37.70815820980764
0.11557788944723618,2.9822448979591836,4.100051476470603,0.40000495472871567,37.69209547751706
0.12060301507537688,2.9822448979591836,4.289406346257539,0.41301711332105384,37.669870824238906
0.12562814070351758,2.9822448979591836,4.478627411908783,0.42784443051401366,37.63810541727785
0.1306532663316583,2.9822448979591836,4.667653905422515,0.4449684340025966,37.591210783253835
0.135678391959799,2.9822448979591836,4.856386585077533,0.4650636781373184,37.51892536355274
0.1407035175879397,2.9822448979591836,5.044654237106219,0.4891122197450932,37.40174430349583
0.1457286432160804,2.9822448979591836,5.2321459504267365,0.5185777365800529,37.20100546161271
0.1507537688442211,2.9822448979591836,5.418259394255372,0.5557171168397655,36.833262746116
0.15577889447236182,2.9822448979591836,5.6017498093409905,0.6040868608319155,36.11189707876857
0.16080402010050251,2.9822448979591836,5.779924060654359,0.6692016041247926,34.619544536600266
0.1658291457286432,2.9822448979591836,5.947106906119725,0.7585825664262658,31.586097588130247
0.1708542713567839,2.9822448979591836,6.093730430575863,0.8785273163088638,26.444389784552904
0.17587939698492464,2.9822448979591836,6.211133111396243,1.027223037017479,20.298891772170034
0.18090452261306533,2.9822448979591836,6.299411044681393,1.1950275162136008,15.0895010246137
0.18592964824120603,2.9822448979591836,6.365412419945777,1.372893727011726,11.419833986144173
0.19095477386934673,2.9822448979591836,6.416228087407853,1.5557297295308006,8.970231954318281
0.19597989949748743,2.9822448979591836,6.45691522361563,1.7411035162346837,7.32973686056408
0.20100502512562815,2.9822448979591836,6.490767915114448,1.9278549276307968,6.213431990849432
0.20603015075376885,2.9822448979591836,6.519942784085809,2.1153978521994636,5.446442896967303
0.21105527638190955,2.9822448979591836,6.545916255048978,2.303412676286217,4.926013700865567
0.21608040201005024,2.9822448979591836,6.56976474726385,2.4917097169629936,4.594154437357806
0.22110552763819097,2.9822448979591836,6.59235554152202,2.6801621867895884,4.423039977208839
0.22613065326633167,2.9822448979591836,6.614485782796268,2.868668627267453,4.4137044247789055
0.23115577889447236,2.9822448979591836,6.63704627282402,3.0571244583413666,4.605071846664229
0.23618090452261306,2.9822448979591836,6.661296515409696,3.245369224336702,5.11906725809728
0.24120603015075376,2.9822448979591836,6.689650620127152,3.4330326822756447,6.357321677685573
0.24623115577889448,2.9822448979591836,6.729544242364738,3.618496018517258,10.595673784091254
0.25125628140703515,2.9822448979591836,6.841992064284221,3.692603130794375,22.714809936531758
0.2562814070351759,2.9822448979591836,6.92705930885965,3.523394889391122,14.400538802897232
0.2613065326633166,2.9822448979591836,6.995922497198281,3.3465340734846643,13.305652686787658
0.2663316582914573,2.9822448979591836,7.062402242145551,3.1687566056210246,13.243787162675863
0.271356783919598,2.9822448979591836,7.12962899651974,2.991260102977341,13.553625704212555
0.27638190954773867,2.9822448979591836,7.198930080916208,2.8145639945607837,14.052156933861886
0.2814070351758794,2.9822448979591836,7.271056046741693,2.6390029428643453,14.67085610707994
0.2864321608040201,2.9822448979591836,7.346527498217694,2.464854763254823,15.380605943722491
0.2914572864321608,2.9822448979591836,7.425766656242302,2.2923892231410368,16.16921214953195
0.2964824120603015,2.9822448979591836,7.509157700615416,2.1218935291375876,17.032938488862655
0.3015075376884422,2.9822448979591836,7.5970804577690645,1.9536912328630118,17.97351820546266
0.3065326633165829,2.9822448979591836,7.689935452405244,1.788162253139874,18.99747921262843
0.31155778894472363,2.9822448979591836,7.788169417950833,1.625769889036595,20.11688677813047
0.3165829145728643,2.9822448979591836,7.892306578797938,1.4671014895366015,21.350794119807986
0.32160804020100503,2.9822448979591836,8.0029874173712,1.3129311003862434,22.72653926906486
0.32663316582914576,2.9822448979591836,8.121009746575359,1.1643132994090126,24.27888878267569
0.3316582914572864,2.9822448979591836,8.247351718479516,1.0227127058200463,26.042772342943653
0.33668341708542715,2.9822448979591836,8.383127472445116,0.8901509071206004,28.03244334047058
0.3417085427135678,2.9822448979591836,8.529393335928733,0.7692932604387024,30.202388670985677
0.34673366834170855,2.9822448979591836,8.686720640135526,0.6632733542762851,32.398907191283605
0.35175879396984927,2.9822448979591836,8.85462081774156,0.5749746382324896,34.36372287825325
0.35678391959798994,2.9822448979591836,9.031289010642489,0.5058538575831772,35.85993256886874
0.36180904522613067,2.9822448979591836,9.214112919565117,0.4551255791537607,36.81955329135788
0.36683417085427134,2.9822448979591836,9.400609652033456,0.4200989046209605,37.34772713185802
0.37185929648241206,2.9822448979591836,9.58901527007683,0.39732247450884384,37.60460749440505
0.3768844221105528,2.9822448979591836,9.778306222332722,0.38357802938906677,37.716663301723564
0.38190954773869346,2.9822448979591836,9.967963019718812,0.37632045858865326,37.75910817850854
0.3869346733668342,2.9822448979591836,10.157743870746712,0.37371461158068864,37.77030539033664
0.39195979899497485,2.9822448979591836,10.3475426770776,0.3745101589406701,37.76806428622588
0.3969849246231156,2.9822448979591836,10.537313648811017,0.3778926441423831,37.760032595211655
0.4020100502512563,2.9822448979591836,10.727036127026082,0.3833601588752937,37.749097399513886
0.40703517587939697,2.9822448979591836,10.91669800826507,0.39063601425303035,37.735908182690636
0.4120603015075377,2.9822448979591836,11.106287073570009,0.39961249719687314,37.71993876383562
0.41708542713567837,2.9822448979591836,11.295786182935284,0.41032025667346356,37.6997931809335
0.4221105527638191,2.9822448979591836,11.485168777433522,0.42291914821063126,37.67305462335736
0.4271356783919598,2.9822448979591836,11.674392526280302,0.4377093589756794,37.63569360918252
0.4321608040201005,2.9822448979591836,11.863388264855253,0.45516625709351877,37.5807700991284
0.4371859296482412,2.9822448979591836,12.052039312907619,0.47600871794584193,37.495706428319856
0.44221105527638194,2.9822448979591836,12.240139877024584,0.5013226420650558,37.35611798770042
0.4472361809045226,2.9822448979591836,12.42730693139801,0.5327699492562554,37.112427401342636
0.45226130653266333,2.9822448979591836,12.612781668617945,0.572950675986375,36.65666130882731
0.457286432160804,2.9822448979591836,12.79496628560703,0.6259772000752765,35.74376363661491
0.4623115577889447,2.9822448979591836,12.970393078099969,0.6980822533624342,33.84766813637561
0.46733668341708545,2.9822448979591836,13.132078189220849,0.796962710379086,30.140337719931154
0.4723618090452261,2.9822448979591836,13.269872078128758,0.9269324357598429,24.464725890593606
0.47738693467336685,2.9822448979591836,13.377431861281591,1.0829540922127072,18.47073156534596
0.4824120603015075,2.9822448979591836,13.457781915928498,1.2547443323858873,13.773353509141506
0.48743718592964824,2.9822448979591836,13.518359397009437,1.434552425675459,10.552684771623236
0.49246231155778897,2.9822448979591836,13.565631127055997,1.618345557783775,8.405899816332079
0.49748743718592964,2.9822448979591836,13.604005733720767,1.804215515324948,6.9604227749764735
0.5025125628140703,2.9822448979591836,13.636346688836865,1.991236258476866,5.972867491786614
0.507537688442211,2.9822448979591836,13.664552675099968,2.178928080446146,5.2966176242305325
0.5125628140703518,2.9822448979591836,13.689951882064067,2.367021669778783,4.844987282970034
0.5175879396984925,2.9822448979591836,13.713545041434626,2.555350968598642,4.572522393363987
0.5226130653266332,2.9822448979591836,13.736175626228954,2.7437983874996705,4.461469940771125
0.5276381909547738,2.9822448979591836,13.75867562584802,2.932260016794502,4.526330382971245
0.5326633165829145,2.9822448979591836,13.78206231951873,3.120614593573845,4.831888817686404
0.5376884422110553,2.9822448979591836,13.807951943485595,3.3086391440042924,5.57725360220187
0.542713567839196,2.9822448979591836,13.83999182131147,3.495695937716637,7.524911079451041
0.5477386934673367,2.9822448979591836,13.895292402367607,3.6765551138911947,19.128126514337513
0.5527638190954773,2.9822448979591836,14.019785122852406,3.6050931832531226,16.827727701229033
0.5577889447236181,2.9822448979591836,14.094491641877372,3.4306738080629064,13.787968487020807
0.5628140703517588,2.9822448979591836,14.162091145333871,3.2533204047237865,13.284811844546324
0.5678391959798995,2.9822448979591836,14.229022986975886,3.075713613147414,13.417039591587693
0.5728643216080402,2.9822448979591836,14.29738007324717,2.898649820286615,13.821205945439525
0.5778894472361809,2.9822448979591836,14.368182836641738,2.722550520076377,14.378715376821875
0.5829145728643216,2.9822448979591836,14.442065728512006,2.5477220057582697,15.042082034922924
0.5879396984924623,2.9822448979591836,14.519501777191548,2.3744388912163163,15.790748287032113
0.592964824120603,2.9822448979591836,14.60089580142026,2.202980287342637,16.61667639431653
0.5979899497487438,2.9822448979591836,14.686630785124304,2.0336517231944504,17.518705848941885
0.6030150753768844,2.9822448979591836,14.77709706006603,1.8668044022649317,18.50079863324351
0.6080402010050251,2.9822448979591836,14.872717506091705,1.7028583908739006,19.57206164861647
0.6130653266331658,2.9822448979591836,14.973976016248017,1.542335973125376,20.747920537095126
0.6180904522613065,2.9822448979591836,15.081453016653747,1.3859127398431728,22.051606792567203
0.6231155778894473,2.9822448979591836,15.195866910527437,1.234495497252933,23.514677410949652
0.628140703517588,2.9822448979591836,15.318109791286226,1.0893349892129593,25.173526795370158
0.6331658291457286,2.9822448979591836,15.449243845696174,0.9521695237369036,27.055965200946062
0.6381909547738693,2.9822448979591836,15.590390330543608,0.8253557718912339,29.151165163114754
0.6432160804020101,2.9822448979591836,15.742421053503357,0.7118542463144262,31.36207134561226
0.6482412060301508,2.9822448979591836,15.905421029424184,0.614798349674465,33.47209699098624
0.6532663316582915,2.9822448979591836,16.07819991497792,0.5364735446263248,35.21322061773119
0.6582914572864321,2.9822448979591836,16.258423086317052,0.47720325738913805,36.424388674865014
0.6633165829145728,2.9822448979591836,16.44343627301153,0.4350907738881682,37.13899870453358
0.6683417085427136,2.9822448979591836,16.631099126114723,0.4068961985885765,37.50650374743862
0.6733668341708543,2.9822448979591836,16.820056973580392,0.3892010611745935,37.6753676291901
0.678391959798995,2.9822448979591836,17.00958205964882,0.379115778163576,37.74444558538854
0.6834170854271356,2.9822448979591836,17.199323008015277,0.37447646787739536,37.76740000241837
0.6884422110552764,2.9822448979591836,17.38912145883706,0.3737725485467392,37.77017172259416
0.6934673366834171,2.9822448979591836,17.578909543264597,0.37599895249777054,37.7643361751048
0.6984924623115578,2.9822448979591836,17.7686569219572,0.3805175147553189,37.754604861530304
0.7035175879396985,2.9822448979591836,17.95834917355862,0.3869528398257092,37.74249714558778
0.7085427135678392,2.9822448979591836,18.14797478715465,0.3951217694045517,37.7279759216657
0.7135678391959799,2.9822448979591836,18.337519525127433,0.4049912716891357,37.71005387145523
0.7185929648241206,2.9822448979591836,18.526961904417117,0.41665942135404965,37.686842100911996
0.7236180904522613,2.9822448979591836,18.71626825219582,0.4303567146517309,37.6551906391274
0.7286432160804021,2.9822448979591836,18.90538382607861,0.44646876668750524,37.6097790576675
0.7336683417085427,2.9822448979591836,19.094218301800407,0.46558699169886586,37.54120085033643
0.7386934673366834,2.9822448979591836,19.282615727657898,0.48860172037754324,37.431767203206476
0.7437185929648241,2.9822448979591836,19.47029309346723,0.5168679744749041,37.246520416376995
0.7487437185929648,2.9822448979591836,19.656707471838747,0.5524784013852505,36.91146968432206
0.7537688442211056,2.9822448979591836,19.840746064074768,0.598740688466296,36.26083367783147
0.7587939698492462,2.9822448979591836,20.02001185482252,0.6608256706602351,34.92408586509744
0.7638190954773869,2.9822448979591836,20.18939906206363,0.746007625591522,32.183501196711084
0.7688442211055276,2.9822448979591836,20.339848847436933,0.8611440590634171,27.34810717746806
0.7738693467336684,2.9822448979591836,20.462017012337625,1.0059304532904556,21.23322732404623
0.7788944723618091,2.9822448979591836,20.55450788308313,1.1714255417724169,15.81459400778677
0.7839195979899497,2.9822448979591836,20.623586733211525,1.3481070247576685,11.927608574408334
0.7889447236180904,2.9822448979591836,20.676535501378606,1.5303318116510785,9.322168096026223
0.7939698492462312,2.9822448979591836,20.7187179300324,1.7153691462103653,7.5803906250488495
0.7989949748743719,2.9822448979591836,20.75365210309606,1.9019204749378478,6.397961488559338
0.8040201005025126,2.9822448979591836,20.78363646306859,2.0893352995364927,5.586809973586389
0.8090452261306532,2.9822448979591836,20.810234677290037,2.2772625185577358,5.035980489052178
0.8140703517587939,2.9822448979591836,20.834577560686245,2.465496033370149,4.682031968439614
0.8190954773869347,2.9822448979591836,20.857566749297252,2.6538999952520808,4.494252420330161
0.8241206030150754,2.9822448979591836,20.880019099439405,2.8423666819052125,4.470913529085727
0.8291457286432161,2.9822448979591836,20.902833117805287,3.030791067920528,4.648466131656847
0.8341708542713567,2.9822448979591836,20.927257004490038,3.2190130661682685,5.142973504037286
0.8391959798994975,2.9822448979591836,20.955636515460135,3.4066730765305224,6.3342578009238695
0.8442211055276382,2.9822448979591836,20.99495524377359,3.5922719410182644,10.278102069128005
0.8492462311557789,2.9822448979591836,21.1048937832906,3.682226819639182,24.363932629913194
0.8542713567839196,2.9822448979591836,21.19270971869708,3.5146092552705164,14.604935349754218
0.8592964824120602,2.9822448979591836,21.262260497731123,3.3380198927221736,13.40113983992313
0.864321608040201,2.9822448979591836,21.329126692659568,3.160389266961953,13.307468074905223
0.8693467336683417,2.9822448979591836,21.396637083363444,2.983001105675233,13.60457399306161
0.8743718592964824,2.9822448979591836,21.466178406906977,2.806399532758496,14.097621166146295
0.8793969849246231,2.9822448979591836,21.538526405526188,2.6309298808875163,14.714183039452008
0.8844221105527639,2.9822448979591836,21.614214540187298,2.456875754275946,15.423748917994194
0.8894472361809045,2.9822448979591836,21.69367252458872,2.2845109017879395,16.21332043876931
0.8944723618090452,2.9822448979591836,21.777289474386926,2.11412587088683,17.078856667145818
0.8994974874371859,2.9822448979591836,21.865449043837927,1.946047573441656,18.02195805135446
0.9045226130653267,2.9822448979591836,21.958555366822736,1.7806598533217644,19.049195243193513
0.9095477386934674,2.9822448979591836,22.057059289048606,1.6184311582348438,20.172787149571544
0.914572864321608,2.9822448979591836,22.16149027659265,1.4599561129589718,21.41206066666721
0.9195979899497487,2.9822448979591836,22.272495655940318,1.3060194547935728,22.794707009250743
0.9246231155778895,2.9822448979591836,22.390881565407007,1.1576914964116374,24.355703579353207
0.9296482412060302,2.9822448979591836,22.517634297575597,1.0164591255105204,26.129559973179433
0.9346733668341709,2.9822448979591836,22.653871104365997,0.8843722406126815,28.128769450259004
0.9396984924623115,2.9822448979591836,22.800637457085223,0.7641242975059873,30.303977274425666
0.9447236180904522,2.9822448979591836,22.95846931406085,0.6588583426328679,32.49569080472988
0.949748743718593,2.9822448979591836,23.12681802793259,0.5714179163218084,34.44338470576058
0.9547738693467337,2.9822448979591836,23.30382603814293,0.5031694682062804,35.91497928209059
0.9597989949748744,2.9822448979591836,23.48686696202107,0.45322443853978434,36.85172891410021
0.964824120603015,2.9822448979591836,23.673482793043153,0.41883071783449494,37.36413243549769
0.9698492462311558,2.9822448979591836,23.861946300884476,0.3965303476186972,37.61210232372485
0.9748743718592965,2.9822448979591836,24.05126256607903,0.3831303074716558,37.719706810866946
0.9798994974874372,2.9822448979591836,24.24092900963706,0.37611893656925965,37.760105865589175
0.9849246231155779,2.9822448979591836,24.430712521700606,0.3736909471897709,37.77041092939939
0.9899497487437185,2.9822448979591836,24.620510991254676,0.37461906814283835,37.767790138590364
0.9949748743718593,2.9822448979591836,24.81028016253588,0.37810589828402097,37.759565869240916
1.0,2.9822448979591836,25.0,0.3836608771373841,37.74941518054211
0.0,2.983469387755102,0.0,1.0,17.014084823339537
0.005025125628140704,2.983469387755102,0.0948334026051575,0.8356067915615748,20.864881538779752
0.010050251256281407,2.983469387755102,0.21098119451598213,0.6856129856893102,25.46633794178321
0.01507537688442211,2.983469387755102,0.35119890935591014,0.5579815830125713,30.29140035962069
0.020100502512562814,2.983469387755102,0.5138119244554045,0.4605321204629514,34.173965756487775
0.02512562814070352,2.983469387755102,0.6917781138397778,0.39493107245006126,36.38584494329718
0.03015075376884422,2.983469387755102,0.877357125875241,0.35518186494138204,37.32419381508149
0.035175879396984924,2.983469387755102,1.06589797621372,0.3328940053199652,37.65487175567527
0.04020100502512563,2.983469387755102,1.2554292731962609,0.32138627336328485,37.75786935970852
0.04522613065326633,2.983469387755102,1.4452522650973079,0.31634270145768656,37.785120692639325
0.05025125628140704,2.983469387755102,1.6351421244676516,0.31518880023587836,37.78913761298764
0.05527638190954774,2.983469387755102,1.8250326238004777,0.3164331510451167,37.786806608038354
0.06030150753768844,2.983469387755102,2.014907106148354,0.31922194842772167,37.78318599832103
0.06532663316582915,2.983469387755102,2.20476320798398,0.3230714143316502,37.77957604439389
0.07035175879396985,2.983469387755102,2.39460165260979,0.3277134564227115,37.77614765761704
0.07537688442211055,2.983469387755102,2.584423051946095,0.333007925001383,37.77275752604539
0.08040201005025126,2.983469387755102,2.7742270652008174,0.33889317002920577,37.769188492378575
0.08542713567839195,2.983469387755102,2.9640122037251087,0.3453585377519788,37.76520318537677
0.09045226130653267,2.983469387755102,3.153775730630526,0.35242967204407016,37.76053807907248
0.09547738693467336,2.983469387755102,3.3435134623413743,0.36016173910427474,37.75487459880204
0.10050251256281408,2.983469387755102,3.533219389974915,0.3686378063718882,37.74779597701792
0.10552763819095477,2.983469387755102,3.72288502987613,0.3779711821275965,37.73872183126475
0.11055276381909548,2.983469387755102,3.912498359078544,0.3883115593760293,37.726804789236006
0.11557788944723618,2.983469387755102,4.102042101160097,0.39985563111013556,37.71075792847885
0.12060301507537688,2.983469387755102,4.29149080592845,0.4128638510095306,37.68855322851932
0.12562814070351758,2.983469387755102,4.480805804753279,0.42768721155838013,37.656811920383056
0.1306532663316583,2.983469387755102,4.669926367639571,0.444807339167539,37.60994655913096
0.135678391959799,2.983469387755102,4.858753261183257,0.46489927018995514,37.53768732871218
0.1407035175879397,2.983469387755102,5.047115247153265,0.48894595327908436,37.42052306522416
0.1457286432160804,2.983469387755102,5.2347012789311105,0.5184124744540477,37.21974829497088
0.1507537688442211,2.983469387755102,5.420908435032389,0.5555590724211543,36.85175352413953
0.15577889447236182,2.983469387755102,5.604490062504511,0.6039486277136731,36.12957877434219
0.16080402010050251,2.983469387755102,5.782746905802121,0.6691084402109477,34.63415160882572
0.1658291457286432,2.983469387755102,5.94998712147753,0.7585783561219785,31.59276176159758
0.1708542713567839,2.983469387755102,6.096615388700194,0.8786628824398321,26.43872228609427
0.17587939698492464,2.983469387755102,6.213963635806781,1.0275198415883227,20.284117776053616
0.18090452261306533,2.983469387755102,6.3021604012024515,1.1954725724619155,15.072966241917404
0.18592964824120603,2.983469387755102,6.368082677116151,1.373467830717601,11.405115762487588
0.19095477386934673,2.983469387755102,6.418830218487733,1.5564197156180644,8.95780583168768
0.19597989949748743,2.983469387755102,6.4594597348404115,1.7419017374958412,7.319159579944387
0.20100502512562815,2.983469387755102,6.493262864649513,1.9287570012050312,6.204191349527564
0.20603015075376885,2.983469387755102,6.522393784396641,2.116401224454618,5.438131219763489
0.21105527638190955,2.983469387755102,6.548326957025151,2.304515836616025,4.918250300754249
0.21608040201005024,2.983469387755102,6.5721371216909334,2.492911811233644,4.586621768550967
0.22110552763819097,2.983469387755102,6.594689842318227,2.681462842585931,4.4153718010682494
0.22613065326633167,2.983469387755102,6.616780352706377,2.870067977866726,4.405473350026327
0.23115577889447236,2.983469387755102,6.6392965252681115,3.058623100206354,4.595499956671359
0.23618090452261306,2.983469387755102,6.663492231168344,3.2469690103007656,5.106508819835397
0.24120603015075376,2.983469387755102,6.691766529041305,3.434739015655779,6.336513206263255
0.24623115577889448,2.983469387755102,6.731479784497601,3.6203387057502274,10.527902714759753
0.25125628140703515,2.983469387755102,6.843503783156691,3.696393035403792,22.855169460965428
0.2562814070351759,2.983469387755102,6.928742918992893,3.527181497374903,14.403448824421263
0.2613065326633166,2.983469387755102,6.997594580294987,3.350216149574647,13.300392734367396
0.2663316582914573,2.983469387755102,7.064041873696126,3.1723268373514353,13.236498293923864
0.271356783919598,2.983469387755102,7.131229737397448,2.9947158147264408,13.545524433923914
0.27638190954773867,2.983469387755102,7.2004887234332005,2.8179029507206916,14.043528713491293
0.2814070351758794,2.983469387755102,7.272570182552613,2.642222720571674,14.661769927472317
0.2864321608040201,2.983469387755102,7.347994792955587,2.467952531650667,15.371042807901324
0.2914572864321608,2.983469387755102,7.427184604392118,2.2953616192048485,16.15912516751527
0.2964824120603015,2.983469387755102,7.510523494639999,2.1247365313805497,17.022255575121044
0.3015075376884422,2.983469387755102,7.5983908799200295,1.9563999914698813,17.962145291320045
0.3065326633165829,2.983469387755102,7.6911867320409835,1.7907308351056213,18.985288388842445
0.31155778894472363,2.983469387755102,7.78935704177888,1.6281908978419593,20.10371113055861
0.3165829145728643,2.983469387755102,7.893425073709606,1.4693654995223158,21.336421804865015
0.32160804020100503,2.983469387755102,8.004030201264692,1.3150258660385936,22.710748507858142
0.32663316582914576,2.983469387755102,8.121969285624015,1.1662227659830515,24.261546871857902
0.3316582914572864,2.983469387755102,8.248220483148673,1.0244160729399066,26.02406330898618
0.33668341708542715,2.983469387755102,8.38390046860456,0.8916225537889837,28.013248812772307
0.3417085427135678,2.983469387755102,8.530072831325384,0.7705052590548737,30.184801971687126
0.34673366834170855,2.983469387755102,8.687322737297695,0.6642037822375078,32.38621131579255
0.35175879396984927,2.983469387755102,8.855178198178397,0.575620393734438,34.35898200885289
0.35678391959798994,2.983469387755102,9.031844783226678,0.5062409622864854,35.86391352035143
0.36180904522613067,2.983469387755102,9.214707095143591,0.4553041220495211,36.830416107024476
0.36683417085427134,2.983469387755102,9.4012699489562,0.4201259753714195,37.362755335463305
0.37185929648241206,2.983469387755102,9.589757011030457,0.39724734683020024,37.62172721778178
0.3768844221105528,2.983469387755102,9.779136629740242,0.38343661346542546,37.73470227557769
0.38190954773869346,2.983469387755102,9.968885148462533,0.37613625624159464,37.777519041756776
0.3869346733668342,2.983469387755102,10.158758975482892,0.37350190348663265,37.788861202027576
0.39195979899497485,2.983469387755102,10.348651154978576,0.3742770273299959,37.78668067148479
0.3969849246231156,2.983469387755102,10.538515641882968,0.37764313524105864,37.77868412769709
0.4020100502512563,2.983469387755102,10.728331954521165,0.38309575588650624,37.76778120458967
0.40703517587939697,2.983469387755102,10.9180878207153,0.39035646667041896,37.75463326550803
0.4120603015075377,2.983469387755102,11.107771109601089,0.3993162700290536,37.73872155533295
0.41708542713567837,2.983469387755102,11.29736479253853,0.41000470815479173,37.71865877067926
0.4221105527638191,2.983469387755102,11.486842490154483,0.4225804969775019,37.6920404943027
0.4271356783919598,2.983469387755102,11.676162079022168,0.4373424306113952,37.65486297240651
0.4321608040201005,2.983469387755102,11.86525478830795,0.4547639881579487,37.60023164073428
0.4371859296482412,2.983469387755102,12.054004750406506,0.47556131051783007,37.51565968265349
0.44221105527638194,2.983469387755102,12.242207464193696,0.5008163464931916,37.37690560516578
0.4472361809045226,2.983469387755102,12.429482489558984,0.5321845968283457,37.134794319698045
0.45226130653266333,2.983469387755102,12.61507646738997,0.5722565657404773,36.68207286318041
0.457286432160804,2.983469387755102,12.797402637474443,0.6251319266260638,35.775377086971965
0.4623115577889447,2.983469387755102,12.973015226415187,0.6970322399513402,33.8913522125566
0.46733668341708545,2.983469387755102,13.13495635503483,0.7956740663380092,30.198645346687503
0.4723618090452261,2.983469387755102,13.27306026920846,0.925449434608868,24.526230286315666
0.47738693467336685,2.983469387755102,13.380896922492127,1.0813909490878821,18.51747063800263
0.4824120603015075,2.983469387755102,13.461433820927272,1.253195413709773,13.801702896416263
0.48743718592964824,2.983469387755102,13.522119547375556,1.4330649922644416,10.568334190182604
0.49246231155778897,2.983469387755102,13.569448817649851,1.6169395024260247,8.413817260785411
0.49748743718592964,2.983469387755102,13.60785027209602,1.802899153168524,6.963605930486575
0.5025125628140703,2.983469387755102,13.640198925734511,1.9900132528776773,5.972969022931876
0.507537688442211,2.983469387755102,13.668399648771205,2.177800237310537,5.2944993493307315
0.5125628140703518,2.983469387755102,13.693783523183404,2.3659900634032733,4.841002017042638
0.5175879396984925,2.983469387755102,13.717352368198108,2.5544164619122136,4.566748581741258
0.5226130653266332,2.983469387755102,13.739948683245395,2.7429620177016636,4.453506508304284
0.5276381909547738,2.983469387755102,13.76240130142426,2.931523275063959,4.515192504782565
0.5326633165829145,2.983469387755102,13.785719661503371,3.119980384916351,4.815238673918241
0.5376884422110553,2.983469387755102,13.811499816137843,3.3081142945357747,5.548467828533093
0.542713567839196,2.983469387755102,13.843316644842492,3.495304722360142,7.454798553423121
0.5477386934673367,2.983469387755102,13.897530889577338,3.6766661314640126,18.398403678775065
0.5527638190954773,2.983469387755102,14.022119148566441,3.611056333198339,16.940599921518473
0.5577889447236181,2.983469387755102,14.09704436429247,3.436633294408753,13.798991946683518
0.5628140703517588,2.983469387755102,14.164648372933627,3.259181787819524,13.27899609948807
0.5678391959798995,2.983469387755102,14.231534120730243,3.0814579204213124,13.405300754281217
0.5728643216080402,2.983469387755102,14.299824054613811,2.904268181104869,13.806472806565514
0.5778894472361809,2.983469387755102,14.370547578151724,2.7280364452829655,14.36200897840064
0.5829145728643216,2.983469387755102,14.444342402350474,2.553069416178569,15.023773401196951
0.5879396984924623,2.983469387755102,14.521682713378727,2.379641327130496,15.770958839507653
0.592964824120603,2.983469387755102,14.60297356268103,2.208030470084974,16.59539143022027
0.5979899497487438,2.983469387755102,14.688597626413864,2.0385411788297265,17.495820584732915
0.6030150753768844,2.983469387755102,14.778944494479108,1.8715230019020823,18.476119396273518
0.6080402010050251,2.983469387755102,14.874435817920785,1.7073936970191521,19.545288546154765
0.6130653266331658,2.983469387755102,14.975553658373512,1.5466722640366188,20.718623474143357
0.6180904522613065,2.983469387755102,15.082875917045252,1.390029546096404,22.019215752270508
0.6231155778894473,2.983469387755102,15.197117913473171,1.2383655123277175,23.47855518889459
0.628140703517588,2.983469387755102,15.319168834327716,1.0929214096764506,25.13321288435796
0.6331658291457286,2.983469387755102,15.450090142401166,0.9554235166993367,27.011762104567378
0.6381909547738693,2.983469387755102,15.59100844869453,0.8282163084426175,29.105116588532205
0.6432160804020101,2.983469387755102,15.74281237041264,0.714255458403388,31.318877572221233
0.6482412060301508,2.983469387755102,15.905616187000811,0.6166890099450164,33.4384222967071
0.6532663316582915,2.983469387755102,16.078261619720855,0.5378465616264656,35.19428227099111
0.6582914572864321,2.983469387755102,16.258428021857494,0.4781091815618351,36.42031494733272
0.6633165829145728,2.983469387755102,16.443450149602175,0.4356204007482465,37.145826524588756
0.6683417085427136,2.983469387755102,16.631164927069587,0.40714789499369863,37.51967562084017
0.6733668341708543,2.983469387755102,16.82019792007321,0.38925806295632104,37.69170419389042
0.678391959798995,2.983469387755102,17.009809177758513,0.3790391730548894,37.762211295546486
0.6834170854271356,2.983469387755102,17.199641140522587,0.3743074960305111,37.78577314019697
0.6884422110552764,2.983469387755102,17.38953275974266,0.3735375187864225,37.788797608385806
0.6934673366834171,2.983469387755102,17.579414877139396,0.37571375677940716,37.783074780360394
0.6984924623115578,2.983469387755102,17.76925657006086,0.3801909604456526,37.77341021510647
0.7035175879396985,2.983469387755102,17.959043488062417,0.38658885155499745,37.761366367813025
0.7085427135678392,2.983469387755102,18.14876413997809,0.3947207047324832,37.74692877965193
0.7135678391959799,2.983469387755102,18.338404371978683,0.40455060120845365,37.72912805582766
0.7185929648241206,2.983469387755102,18.527943061266313,0.4161739122473255,37.70609846447624
0.7236180904522613,2.983469387755102,18.717346770108495,0.4298181207861054,37.674729252795295
0.7286432160804021,2.983469387755102,18.90656164397439,0.4458650524889033,37.62976967513589
0.7336683417085427,2.983469387755102,19.09549829568382,0.46490079045645905,37.56194530442292
0.7386934673366834,2.983469387755102,19.284002922406838,0.4878078268068597,37.45382249056867
0.7437185929648241,2.983469387755102,19.471796598038814,0.5159287609304534,37.27102825476665
0.7487437185929648,2.983469387755102,19.6583448528457,0.5513366710517247,36.940801418614214
0.7537688442211056,2.983469387755102,19.842553030640566,0.5973089345862992,36.30022667740709
0.7587939698492462,2.983469387755102,20.022063605481886,0.6589754041882385,34.984732327275715
0.7638190954773869,2.983469387755102,20.191842996548292,0.7435890298792022,32.28156742149523
0.7688442211055276,2.983469387755102,20.342888114318868,0.8581006626231323,27.483531285209686
0.7738693467336684,2.983469387755102,20.465747785571043,1.0024194400844482,21.364790717381307
0.7788944723618091,2.983469387755102,20.55881421830601,1.167694533864466,15.910175462023297
0.7839195979899497,2.983469387755102,20.628282501484065,1.344321598039897,11.988748290218238
0.7889447236180904,2.983469387755102,20.68147552478341,1.526571697122823,9.359990533129727
0.7939698492462312,2.983469387755102,20.72380831213392,1.7116701320915815,7.603511812384398
0.7989949748743719,2.983469387755102,20.758833466101656,1.8982992520592532,6.411684034409773
0.8040201005025126,2.983469387755102,20.788869728121757,2.0858002364956882,5.59413768942192
0.8090452261306532,2.983469387755102,20.815492225958383,2.2738182640182187,5.038511250913641
0.8140703517587939,2.983469387755102,20.8398376519586,2.4621455678261217,4.680574739153188
0.8190954773869347,2.983469387755102,20.86280959852243,2.6506456784307413,4.488810592772747
0.8241206030150754,2.983469387755102,20.885223149090447,2.8392112399736043,4.460694649790328
0.8291457286432161,2.983469387755102,20.907969412262222,3.0277376716651476,4.631142815326151
0.8341708542713567,2.983469387755102,20.932276935312576,3.216068904296493,5.112319936428045
0.8391959798994975,2.983469387755102,20.96043120420292,3.403857694496199,6.268560625701331
0.8442211055276382,2.983469387755102,20.999103159769714,3.5896958491634123,10.018268681558737
0.8492462311557789,2.983469387755102,21.106717783025264,3.6895838951739246,25.47718946807162
0.8542713567839196,2.983469387755102,21.196022422355124,3.5227966603852954,14.671237641386673
0.8592964824120602,2.983469387755102,21.265714452385893,3.3461636338107024,13.406574598929764
0.864321608040201,2.983469387755102,21.332559083625696,3.168425051823267,13.29614800140273
0.8693467336683417,2.983469387755102,21.39999219768997,2.9909076402417396,13.585941118914656
0.8743718592964824,2.983469387755102,21.469428489076122,2.8141644530610432,14.074751930193589
0.8793969849246231,2.983469387755102,21.541653601385,2.6385432380337157,14.68826454372708
0.8844221105527639,2.983469387755102,21.617204899124587,2.464327894762429,15.395249399386678
0.8894472361809045,2.983469387755102,21.696513520718277,2.2917914913842647,16.182377462310484
0.8944723618090452,2.983469387755102,21.77996877057086,2.1212232329271323,17.04542065584211
0.8994974874371859,2.983469387755102,21.867953674741134,1.9529480401609787,17.985830309685593
0.9045226130653267,2.983469387755102,21.96087097657032,1.7873469348709365,19.010015954286366
0.9095477386934674,2.983469387755102,22.059169229867624,1.6248843263848134,20.129995860894358
0.914572864321608,2.983469387755102,22.163374499578893,1.4661489527326108,21.36485966280205
0.9195979899497487,2.983469387755102,22.274129517100814,1.3119169104764596,22.742077432577386
0.9246231155778895,2.983469387755102,22.392235065735417,1.1632460401989149,24.296587507119046
0.9296482412060302,2.983469387755102,22.51867309482262,1.0216061632733044,26.063429577028817
0.9346733668341709,2.983469387755102,22.654561826021293,0.8890266802892132,28.056802145779628
0.9396984924623115,2.983469387755102,22.800960415917892,0.7681835070263003,30.230822645817785
0.9447236180904522,2.983469387755102,22.95843763152153,0.6622195525025323,32.430124421861336
0.949748743718593,2.983469387755102,23.126496422147827,0.5740223962731603,34.39509692107804
0.9547738693467337,2.983469387755102,23.303317353285482,0.5050358603723282,35.88892147102874
0.9597989949748744,2.983469387755102,23.486278440369436,0.4544520651987638,36.84504359388197
0.964824120603015,2.983469387755102,23.672895610360072,0.4195592302629334,37.370228514014556
0.9698492462311558,2.983469387755102,23.86140912056563,0.39689497484312236,37.62513257605188
0.9748743718592965,2.983469387755102,24.05080035813639,0.38323899176631787,37.736082459623724
0.9798994974874372,2.983469387755102,24.240553410283034,0.3760491173490399,37.77797364354973
0.9849246231155779,2.983469387755102,24.430428518874272,0.3734944937007195,37.78891336016846
0.9899497487437185,2.983469387755102,24.620320872896624,0.3743289736758834,37.7865614206535
0.9949748743718593,2.983469387755102,24.810184668801302,0.37774153368211627,37.77848380015227
1.0,2.983469387755102,25.0,0.3832333784962523,37.76759752614771
0.0,2.9846938775510203,0.0,1.0,17.01407942430135
0.005025125628140704,2.9846938775510203,0.09484056319944771,0.8355031962881523,20.86806503669608
0.010050251256281407,2.9846938775510203,0.2110170544236864,0.6854138509976397,25.47496969345554
0.01507537688442211,2.9846938775510203,0.3512955001291148,0.5577113585186737,30.306928678496636
0.020100502512562814,2.9846938775510203,0.5139999576841973,0.4602341979473267,34.194148962466066
0.02512562814070352,2.9846938775510203,0.6920706199102715,0.3946474619637991,36.40673192598405
0.03015075376884422,2.9846938775510203,0.8777524705587711,0.3549324796183157,37.34417527184787
0.035175879396984924,2.9846938775510203,1.066391608427012,0.3326799613629543,37.67407527528899
0.04020100502512563,2.9846938775510203,1.2560182747303168,0.32120103769870134,37.77667548962787
0.04522613065326633,2.9846938775510203,1.4459352929735712,0.3161785841934058,37.80376324236976
0.05025125628140704,2.9846938775510203,1.6359186730620305,0.3150392248893623,37.80772439674008
0.05527638190954774,2.9846938775510203,1.8259025372362527,0.3162931160511,37.80538071996428
0.06030150753768844,2.9846938775510203,2.015870361592743,0.3190878146305821,37.80176274297829
0.06532663316582915,2.9846938775510203,2.2058198315221413,0.32294060620710574,37.79816001600088
0.07035175879396985,2.9846938775510203,2.395751683274534,0.3275841456750838,37.7947396501769
0.07537688442211055,2.9846938775510203,2.5856665290490963,0.3328788069003103,37.79135718049455
0.08040201005025126,2.9846938775510203,2.7755640264946453,0.33876329496087465,37.78779538063253
0.08542713567839195,2.9846938775510203,2.9654426850730777,0.34522719308027,37.78381716165914
0.09045226130653267,2.9846938775510203,3.155299767622551,0.35229630203038254,37.77915936886673
0.09547738693467336,2.9846938775510203,3.3451310928975575,0.36002589143768193,37.773503843243454
0.10050251256281408,2.9846938775510203,3.5349306571689088,0.3684990974668222,37.766434272470335
0.10552763819095477,2.9846938775510203,3.724689983506391,0.3778292766595785,37.75737079101603
0.11055276381909548,2.9846938775510203,3.914397057531877,0.3881661620655736,37.74546663407484
0.11557788944723618,2.9846938775510203,4.1040346161377785,0.39970649155488286,37.72943561198023
0.12060301507537688,2.9846938775510203,4.293577225774198,0.4127107844824073,37.707250849776926
0.12562814070351758,2.9846938775510203,4.48298623492832,0.42753020358214333,37.67553371733576
0.1306532663316583,2.9846938775510203,4.672200944566326,0.4446464744213286,37.62869678288861
0.135678391959799,2.9846938775510203,4.861122130083513,0.46473512028606684,37.55646334905844
0.1407035175879397,2.9846938775510203,5.0495785207505905,0.4887799771099946,37.43931665342075
0.1457286432160804,2.9846938775510203,5.237258940573481,0.5182475484335675,37.2385023054764
0.1507537688442211,2.9846938775510203,5.423559870362951,0.5554014396426847,36.870258715281985
0.15577889447236182,2.9846938775510203,5.6072327630807095,0.6038109040814101,36.14724372825549
0.16080402010050251,2.9846938775510203,5.785572184848786,0.6690160367974463,34.648740851674305
0.1658291457286432,2.9846938775510203,5.952869633087201,0.7585752774609755,31.599397301783544
0.1708542713567839,2.9846938775510203,6.099502348688449,0.8787999510780488,26.43297261717942
0.17587939698492464,2.9846938775510203,6.216795790990196,1.0278184062046372,20.269313860990234
0.18090452261306533,2.9846938775510203,6.304911149145839,1.1959194859641666,15.056390894419671
0.18592964824120603,2.9846938775510203,6.370754244107302,1.3740438250972118,11.390397772152625
0.19095477386934673,2.9846938775510203,6.421433656547327,1.5571116221419867,8.945385901562792
0.19597989949748743,2.9846938775510203,6.462005585986309,1.742701917584205,7.308596174005451
0.20100502512562815,2.9846938775510203,6.495759213184058,1.9296610781429968,6.1949086330643315
0.20603015075376885,2.9846938775510203,6.524846899919086,2.1174065517772194,5.429810234659896
0.21105527638190955,2.9846938775510203,6.5507393538943965,2.3056210724567228,4.910397703721803
0.21608040201005024,2.9846938775510203,6.574511782332741,2.494115971512286,4.579016196507495
0.22110552763819097,2.9846938775510203,6.597026192625923,2.6827656637873374,4.407612534651937
0.22613065326633167,2.9846938775510203,6.619077398203652,2.8714694506212988,4.397312450512302
0.23115577889447236,2.9846938775510203,6.641549155526995,3.060123960794062,4.585908664373336
0.23618090452261306,2.9846938775510203,6.6656902208825555,3.2485710761544917,5.09387998435475
0.24120603015075376,2.9846938775510203,6.6938862568511945,3.4364474256103374,6.3157154758337
0.24623115577889448,2.9846938775510203,6.733420596460267,3.62218295315971,10.4609422210413
0.25125628140703515,2.9846938775510203,6.845014566792807,3.700183393116439,22.999068871036606
0.2562814070351759,2.9846938775510203,6.930428848553827,3.5309708284114,14.406460981378338
0.2613065326633166,2.9846938775510203,6.999269082145628,3.353900920546,13.295068690556793
0.2663316582914573,2.9846938775510203,7.065683899107638,3.175899855118658,13.229227699926428
0.271356783919598,2.9846938775510203,7.132832916874895,2.99817426122938,13.537419661311121
0.27638190954773867,2.9846938775510203,7.202049855597328,2.821244614454592,14.03491437840128
0.2814070351758794,2.9846938775510203,7.274086856396571,2.645445185680998,14.652694614804881
0.2864321608040201,2.9846938775510203,7.349464686816316,2.4710529764361167,15.361493977835535
0.2914572864321608,2.9846938775510203,7.428605216276436,2.2983366901472437,16.149050396952532
0.2964824120603015,2.9846938775510203,7.5118920240526075,2.127582218978764,17.01158724813106
0.3015075376884422,2.9846938775510203,7.599704116085782,1.9591114607400781,17.950788838930535
0.3065326633165829,2.9846938775510203,7.692440913185155,1.7933021741495812,18.973117367856354
0.31155778894472363,2.9846938775510203,7.790547663072506,1.6306147356751857,20.090553292077583
0.3165829145728643,2.9846938775510203,7.894546669823232,1.4716324431185128,21.322067182283988
0.32160804020100503,2.9846938775510203,8.005076193616093,1.3171237125643005,22.694974905473376
0.32663316582914576,2.9846938775510203,8.122932130364738,1.1681355107103122,24.244218357151986
0.3316582914572864,2.9846938775510203,8.249092605765085,1.0261229569106116,26.005357616916463
0.33668341708542715,2.9846938775510203,8.384676781090361,0.8930979709305371,27.994063106462715
0.3417085427135678,2.9846938775510203,8.530755513664335,0.7717213064699711,30.167205107903083
0.34673366834170855,2.9846938775510203,8.687927538439201,0.6651381196838996,32.373455299419064
0.35175879396984927,2.9846938775510203,8.855737804607076,0.5762698185081341,34.35413959952455
0.35678391959798994,2.9846938775510203,9.032402307849333,0.5066311618099576,35.86781057740892
0.36180904522613067,2.9846938775510203,9.215302704241154,0.45548504264221207,36.84123172392551
0.36683417085427134,2.9846938775510203,9.401931538924083,0.4201547915267671,37.3777738248224
0.37185929648241206,2.9846938775510203,9.590500021464567,0.39717349018169734,37.63884832736894
0.3768844221105528,2.9846938775510203,9.77996834118928,0.38329612970121685,37.75275063881759
0.38190954773869346,2.9846938775510203,9.969808650060003,0.3759527792851183,37.79594315792449
0.3869346733668342,2.9846938775510203,10.159775467875644,0.37328980747903606,37.80743179109404
0.39195979899497485,2.9846938775510203,10.349761096233472,0.37404443952796645,37.80531224894175
0.3969849246231156,2.9846938775510203,10.539719332590648,0.37739415398114196,37.79735050143412
0.4020100502512563,2.9846938775510203,10.72962947997491,0.38283188031105003,37.78648014876855
0.40703517587939697,2.9846938775510203,10.919479420527363,0.39007746173787833,37.773373359336325
0.4120603015075377,2.9846938775510203,11.109257000116315,0.39902061710574,37.75751877953121
0.41708542713567837,2.9846938775510203,11.29894533635923,0.40968978548800333,37.737537855664776
0.4221105527638191,2.9846938775510203,11.488518183829042,0.4222425361781071,37.711039921394416
0.4271356783919598,2.9846938775510203,11.677933665697145,0.4369762733785755,37.6740453473974
0.4321608040201005,2.9846938775510203,11.867123474356946,0.4543626053421817,37.61970358868408
0.4371859296482412,2.9846938775510203,12.055972388941235,0.47511496041987994,37.53561233144675
0.44221105527638194,2.9846938775510203,12.244277231983038,0.5003112370986349,37.39769701817208
0.4472361809045226,2.9846938775510203,12.431660269275902,0.531600701412462,37.15714555549772
0.45226130653266333,2.9846938775510203,12.617373325574233,0.5715643582855141,36.70747089037807
0.457286432160804,2.9846938775510203,12.799840836013894,0.6242889235303313,35.80694513653195
0.4623115577889447,2.9846938775510203,12.975638620746286,0.695985223401537,33.93452621568927
0.46733668341708545,2.9846938775510203,13.137835298393648,0.794388142969779,30.256903423963095
0.4723618090452261,2.9846938775510203,13.276249450887343,0.9239680756402111,24.587996140814347
0.47738693467336685,2.9846938775510203,13.384363885517626,1.0798284236765996,18.564256587783948
0.4824120603015075,2.9846938775510203,13.465088439197858,1.251646651657373,13.830229120027083
0.48743718592964824,2.9846938775510203,13.525882922870649,1.431577576723397,10.584072267058232
0.49246231155778897,2.9846938775510203,13.573270055364022,1.6155334638055134,8.42176967306714
0.49748743718592964,2.9846938775510203,13.611698577930492,1.8015828332379813,6.966812419953708
0.5025125628140703,2.9846938775510203,13.644055092738105,1.9887903500095825,5.973096390956262
0.507537688442211,2.9846938775510203,13.672250674632542,2.176672552240347,5.2924144424764235
0.5125628140703518,2.9846938775510203,13.697619402037242,2.364958661254748,4.837080411799954
0.5175879396984925,2.9846938775510203,13.721164101446888,2.553482195101118,4.5610198993929
0.5226130653266332,2.9846938775510203,13.743726401848356,2.74212592808194,4.445599371373214
0.5276381909547738,2.9846938775510203,13.766132000944785,2.93078690119254,4.504148291336639
0.5326633165829145,2.9846938775510203,13.789382671445429,3.1193465105116394,4.798764007029988
0.5376884422110553,2.9846938775510203,13.81505467713443,3.307589576989959,5.520088432589833
0.542713567839196,2.9846938775510203,13.846652590273427,3.494912670708781,7.386312187691766
0.5477386934673367,2.9846938775510203,13.899838822250869,3.6767410229059294,17.729414314598802
0.5527638190954773,2.9846938775510203,14.02444911498884,3.6170166303871487,17.058604689658527
0.5577889447236181,2.9846938775510203,14.099601685738563,3.4425941205410915,13.81051981468667
0.5628140703517588,2.9846938775510203,14.167211571417551,3.265045032999831,13.27334351635823
0.5678391959798995,2.9846938775510203,14.234051785019613,3.087204212677304,13.393647459955428
0.5728643216080402,2.9846938775510203,14.302274902571478,2.9098886413600424,13.79180112476516
0.5778894472361809,2.9846938775510203,14.372919465270263,2.7335245896254055,14.345354820927858
0.5829145728643216,2.9846938775510203,14.446626487759167,2.5584191788625814,15.005518834222222
0.5879396984924623,2.9846938775510203,14.523871336659523,2.384846273264762,15.751225481355192
0.592964824120603,2.9846938775510203,14.60505930234774,2.213083358456226,16.574166296187798
0.5979899497487438,2.9846938775510203,14.690572762778245,2.0434335827103998,17.473000866365457
0.6030150753768844,2.9846938775510203,14.780800574836675,1.8762448546689603,18.45151387359488
0.6080402010050251,2.9846938775510203,14.876163171785684,1.7119326473566194,19.51860003872199
0.6130653266331658,2.9846938775510203,14.977140796982319,1.5510127063396046,20.689422708023784
0.6180904522613065,2.9846938775510203,15.084308838627054,1.3941511696558737,21.98693471910028
0.6231155778894473,2.9846938775510203,15.198379528055458,1.2422412292883043,23.44255418757291
0.628140703517588,2.9846938775510203,15.320239103677949,1.0965146936826713,25.093018612807555
0.6331658291457286,2.9846938775510203,15.450948188177415,0.958685831994352,26.967642306124823
0.6381909547738693,2.9846938775510203,15.591638531886051,0.8310868416193167,29.059038204084274
0.6432160804020101,2.9846938775510203,15.743214838665297,0.7166676185736932,31.274946933620136
0.6482412060301508,2.9846938775510203,15.905821205234368,0.6185913883190639,33.40454038500647
0.6532663316582915,2.9846938775510203,16.078331944953835,0.5392318617133293,35.175056929747804
0.6582914572864321,2.9846938775510203,16.25844016615689,0.47902644826085805,36.415990463057454
0.6633165829145728,2.9846938775510203,16.44347017281486,0.4361595663771772,37.15248857338966
0.6683417085427136,2.9846938775510203,16.631236265701094,0.4074071541329152,37.532755302637625
0.6733668341708543,2.9846938775510203,16.82034410252066,0.3893207173396734,37.70801156491197
0.678391959798995,2.9846938775510203,17.01004144825015,0.3789667501274232,37.77997433059849
0.6834170854271356,2.9846938775510203,17.199964439183642,0.3741416690680558,37.804153954296815
0.6884422110552764,2.9846938775510203,17.389949169784323,0.37330502013892297,37.8074361639116
0.6934673366834171,2.9846938775510203,17.579925500174753,0.3754306734104691,37.80182680614743
0.6984924623115578,2.9846938775510203,17.769861582591087,0.3798663416875632,37.79222916828231
0.7035175879396985,2.9846938775510203,17.959743187736038,0.3862267058357688,37.78025096471325
0.7085427135678392,2.9846938775510203,18.14955888498286,0.3943214788966568,37.76589554957786
0.7135678391959799,2.9846938775510203,18.339294706844697,0.40411188112760665,37.748211814287494
0.7185929648241206,2.9846938775510203,18.52892969738466,0.4156905600934492,37.7253623635809
0.7236180904522613,2.9846938775510203,18.71843091009285,0.42928197759023734,37.69427723773726
0.7286432160804021,2.9846938775510203,18.90774497388963,0.44526415464625957,37.649765426850614
0.7336683417085427,2.9846938775510203,19.096783779741575,0.4642179620407044,37.58267057220045
0.7386934673366834,2.9846938775510203,19.285395581967123,0.4870177296519976,37.47588471027919
0.7437185929648241,2.9846938775510203,19.473305440309755,0.5149943905353261,37.295505985754964
0.7487437185929648,2.9846938775510203,19.659986988186407,0.5502018097197298,36.96987393728531
0.7537688442211056,2.9846938775510203,19.84436360863204,0.5958865533076463,36.33962411577038
0.7587939698492462,2.9846938775510203,20.024116722839945,0.6571376546421575,35.04373345793808
0.7638190954773869,2.9846938775510203,20.194282760550337,0.7411882552520958,32.37503342289203
0.7688442211055276,2.9846938775510203,20.345920893691346,0.8550718327494591,27.618733593104043
0.7738693467336684,2.9846938775510203,20.46947209663466,0.9989184064270549,21.495646873674414
0.7788944723618091,2.9846938775510203,20.563118185369767,1.1639690029151057,16.00669056546776
0.7839195979899497,2.9846938775510203,20.63297889824446,1.3405396828005536,12.050498305829857
0.7889447236180904,2.9846938775510203,20.68641856681881,1.5228141846271166,9.398256105564611
0.7939698492462312,2.9846938775510203,20.728902891384394,1.7079734407815883,7.627007509556839
0.7989949748743719,2.9846938775510203,20.764019764910326,1.8946802501918028,6.425572810295741
0.8040201005025126,2.9846938775510203,20.794108669969418,2.0822673469649926,5.60135670405188
0.8090452261306532,2.9846938775510203,20.82075578025039,2.270376203050655,5.041244666513816
0.8140703517587939,2.9846938775510203,20.84510420347921,2.458797291544312,4.679157014516839
0.8190954773869347,2.9846938775510203,20.86805945219496,2.6473935257643477,4.483451711645528
0.8241206030150754,2.9846938775510203,20.89043495970234,2.8360575173985763,4.45054494906257
0.8291457286432161,2.9846938775510203,20.913114482366076,3.0246861316699185,4.614120061602192
0.8341708542713567,2.9846938775510203,20.937307915364165,3.2131263216406234,5.0823249151551995
0.8391959798994975,2.9846938775510203,20.965242656779484,3.4010427487538806,6.204578820189717
0.8442211055276382,2.9846938775510203,21.003297335734832,3.5871108005195507,9.775103345954538
0.8492462311557789,2.9846938775510203,21.1083689837229,3.696784898822497,26.777017594318142
0.8542713567839196,2.9846938775510203,21.199332628897697,3.5309872234572888,14.74144866099977
0.8592964824120602,2.9846938775510203,21.269174848314808,3.354314145266363,13.412802418403517
0.864321608040201,2.9846938775510203,21.336000439583916,3.1764682168323453,13.285171876624918
0.8693467336683417,2.9846938775510203,21.403357273527032,2.9988221196949687,13.567505201964497
0.8743718592964824,2.9846938775510203,21.472689200587315,2.8219375889138094,14.051973380865107
0.8793969849246231,2.9846938775510203,21.544791949744845,2.6461650976116555,14.662452552678763
0.8844221105527639,2.9846938775510203,21.62020687312538,2.4717888676888906,15.366834206309605
0.8894472361809045,2.9846938775510203,21.6993665929088,2.299081299681315,16.151530911977943
0.8944723618090452,2.9846938775510203,21.78266062907408,2.1283302710706664,17.01208623541747
0.8994974874371859,2.9846938775510203,21.87047140054854,1.9598587411738837,17.949815628576076
0.9045226130653267,2.9846938775510203,21.96320028267816,1.7940449482532674,18.970962312981186
0.9095477386934674,2.9846938775510203,22.061293571344514,1.631349315326732,20.087358261050763
0.914572864321608,2.9846938775510203,22.165273970301016,1.472354775661277,21.31785327616276
0.9195979899497487,2.9846938775510203,22.27577963696791,1.3178289014348237,22.68967778522947
0.9246231155778895,2.9846938775510203,22.393605978808356,1.1688172004200506,24.237716355439897
0.9296482412060302,2.9846938775510203,22.519730477062723,1.026772569382921,25.997518714878765
0.9346733668341709,2.9846938775510203,22.655271982727502,0.8937039193611314,27.984883397146312
0.9396984924623115,2.9846938775510203,22.80130237132773,0.7722688142976432,30.157163649723092
0.9447236180904522,2.9846938775510203,22.958424331996472,0.6656114608266028,32.36352323150153
0.949748743718593,2.9846938775510203,23.12618842466515,0.5766556536418259,34.34580083876084
0.9547738693467337,2.9846938775510203,23.302817217055576,0.5069261595167963,35.86194017065666
0.9597989949748744,2.9846938775510203,23.485694518143102,0.4556971745357347,36.83774656909595
0.964824120603015,2.9846938775510203,23.672310622887416,0.4202991775250616,37.37596972216405
0.9698492462311558,2.9846938775510203,23.860873022527088,0.39726660252790225,37.63802550551307
0.9748743718592965,2.9846938775510203,24.05033881978626,0.38335207941190375,37.75241528679412
0.9798994974874372,2.9846938775510203,24.24017829353704,0.3759821389630158,37.79583198358078
0.9849246231155779,2.9846938775510203,24.43014505210983,0.3732999974525087,37.807418243365994
0.9899497487437185,2.9846938775510203,24.620131001274608,0.3740404656692624,37.80533977253067
0.9949748743718593,2.9846938775510203,24.810089949595717,0.37737952230659483,37.79737727411508
1.0,2.9846938775510203,25.0,0.3828088865200454,37.787233689500354
0.0,2.985918367346939,0.0,1.0,17.014057237491066
0.005025125628140704,2.985918367346939,0.09484762042158107,0.835399756721775,20.871224158071183
0.010050251256281407,2.985918367346939,0.21105267178801565,0.6852149949182248,25.48357110574714
0.01507537688442211,2.985918367346939,0.3513916899640379,0.5574415015316192,30.322424881077456
0.020100502512562814,2.985918367346939,0.5141874231974102,0.4599367134065734,34.21429753524276
0.02512562814070352,2.985918367346939,0.6923623719506532,0.3943643289474192,36.427580167461734
0.03015075376884422,2.985918367346939,0.878146862400659,0.3546835576246248,37.364116892632644
0.035175879396984924,2.985918367346939,1.0668840929284353,0.332466327115335,37.69324065677041
0.04020100502512563,2.985918367346939,1.2566059418024087,0.3210161437536458,37.79544523781375
0.04522613065326633,2.985918367346939,1.4466168051639443,0.31601474160671467,37.8223701867444
0.05025125628140704,2.985918367346939,1.636693522111752,0.31488986546231035,37.826276039737195
0.05527638190954774,2.985918367346939,1.8267705795247418,0.3161532480105487,37.8239198940817
0.06030150753768844,2.985918367346939,2.0168315663771796,0.31895380763906434,37.820304583264615
0.06532663316582915,2.985918367346939,2.2068742292807064,0.32280989135102267,37.81670911130703
0.07035175879396985,2.985918367346939,2.396899313585608,0.3274548996229252,37.813296766352835
0.07537688442211055,2.985918367346939,2.5869074311995868,0.3327497284324607,37.809921949505444
0.08040201005025126,2.985918367346939,2.7768982368175776,0.3386334364211428,37.80636737637813
0.08542713567839195,2.985918367346939,2.966870239368135,0.34509584251126973,37.802396245293075
0.09045226130653267,2.985918367346939,3.156820702592088,0.35216290325029115,37.79774577574128
0.09547738693467336,2.985918367346939,3.3467454472135865,0.3598899905613902,37.7920982269723
0.10050251256281408,2.985918367346939,3.53663847260609,0.3683603080711817,37.78503774640998
0.10552763819095477,2.985918367346939,3.72649130886704,0.3776872592349554,37.77598499306112
0.11055276381909548,2.985918367346939,3.916291953627345,0.38802061566338064,37.764093822536175
0.11557788944723618,2.985918367346939,4.1060231546402886,0.3995571577841201,37.748078801938014
0.12060301507537688,2.985918367346939,4.295659496623057,0.41255746730933823,37.725914260805055
0.12562814070351758,2.985918367346939,4.485162342589561,0.42737287307854976,37.69422185783881
0.1306532663316583,2.985918367346939,4.674471029292711,0.4444851949492064,37.6474133237725
0.135678391959799,2.985918367346939,4.863486342898991,0.4645704353477119,37.57520670882927
0.1407035175879397,2.985918367346939,5.05203698171398,0.48861329444575907,37.458081042697586
0.1457286432160804,2.985918367346939,5.239811650488641,0.518081674533794,37.25722878273382
0.1507537688442211,2.985918367346939,5.426206244101885,0.5552425105684544,36.888750457479915
0.15577889447236182,2.985918367346939,5.609970361786667,0.6036713549101178,36.16489378058668
0.16080402010050251,2.985918367346939,5.788392512920434,0.6689209089792063,34.66341134053716
0.1658291457286432,2.985918367346939,5.955749196064213,0.7585658105475201,31.606274437979476
0.1708542713567839,2.985918367346939,6.102385839530214,0.8789312992598908,26.427983571126305
0.17587939698492464,2.985918367346939,6.219626248230526,1.0281094775440143,20.254672111061517
0.18090452261306533,2.985918367346939,6.307661751013152,1.1963577614710506,15.040188229236152
0.18592964824120603,2.985918367346939,6.373427080818755,1.3746103864228667,11.375917015191819
0.19095477386934673,2.985918367346939,6.42403936856342,1.5577935851687155,8.933096901962726
0.19597989949748743,2.985918367346939,6.464554448995418,1.7434917811304462,7.298139531146412
0.20100502512562815,2.985918367346939,6.498259056294249,1.9305545491753615,6.185852367442674
0.20603015075376885,2.985918367346939,6.527302676031134,2.1184011985623217,5.421589815186173
0.21105527638190955,2.985918367346939,6.55315579885235,2.306715244547809,4.902805731062932
0.21608040201005024,2.985918367346939,6.576889757852567,2.4953089662910415,4.571618712232648
0.22110552763819097,2.985918367346939,6.599366864971721,2.6840570030822866,4.400143333419841
0.22613065326633167,2.985918367346939,6.6213784489980405,2.8728592865231355,4.389099160883197
0.23115577889447236,2.985918367346939,6.6438066100233275,3.0616128801946774,4.57650230521879
0.23618090452261306,2.985918367346939,6.667894116489358,3.2501608671956532,5.081613376502793
0.24120603015075376,2.985918367346939,6.6960103067413685,3.4381435782180656,6.29533666278727
0.24623115577889448,2.985918367346939,6.7353686208500525,3.6240138641990676,10.395360244837432
0.25125628140703515,2.985918367346939,6.846529740743315,3.70395328301295,23.147158519120353
0.2562814070351759,2.985918367346939,6.93212333772234,3.5347428499749354,14.409587708719151
0.2613065326633166,2.985918367346939,7.000952769560423,3.357568823155692,13.289928768160399
0.2663316582914573,2.985918367346939,7.067335610454341,3.179456216599115,13.222022548841966
0.271356783919598,2.985918367346939,7.134446159936664,3.00161643266338,13.529406026889946
0.27638190954773867,2.985918367346939,7.203621421919387,2.824570374833823,14.026369795557468
0.2814070351758794,2.985918367346939,7.275614350469777,2.648652138049844,14.64369647094125
0.2864321608040201,2.985918367346939,7.350945790394666,2.474138317145823,15.35202205337377
0.2914572864321608,2.985918367346939,7.430037446264589,2.301297091825039,16.139060228391088
0.2964824120603015,2.985918367346939,7.51327259923454,2.130413703634765,17.001006536131314
0.3015075376884422,2.985918367346939,7.601029850129096,1.9618092343782019,17.939524846414468
0.3065326633165829,2.985918367346939,7.693708072956524,1.7958603745444457,18.96104356388271
0.31155778894472363,2.985918367346939,7.791751781396938,1.63302605695656,20.077505502611977
0.3165829145728643,2.985918367346939,7.895682326259484,1.4738875783795564,21.307833846997564
0.32160804020100503,2.985918367346939,8.006136859264137,1.319210570955288,22.679333050690612
0.32663316582914576,2.985918367346939,8.123910309732054,1.1700382319968945,24.227029885638217
0.3316582914572864,2.985918367346939,8.249980759528674,1.0278209658418884,25.98678911685323
0.33668341708542715,2.985918367346939,8.385469794045378,0.8945658510980958,27.97496500728062
0.3417085427135678,2.985918367346939,8.53145538309563,0.772931226962576,30.149643367734427
0.34673366834170855,2.985918367346939,8.688549968944892,0.6660680077227037,32.360679152835324
0.35175879396984927,2.985918367346939,8.856314989988366,0.5769159061010183,34.34926718547438
0.35678391959798994,2.985918367346939,9.03297721580238,0.5070188390540894,35.87166621275634
0.36180904522613067,2.985918367346939,9.215915483208542,0.4556640432303066,36.852009672140134
0.36683417085427134,2.985918367346939,9.402610109035711,0.42018217471338853,37.39275136161488
0.37185929648241206,2.985918367346939,9.591259849641164,0.39709865627444796,37.65593824088988
0.3768844221105528,2.985918367346939,9.780816710665784,0.3831551118661645,37.77076691730488
0.38190954773869346,2.985918367346939,9.970748620256218,0.37576913858820304,37.814333226787056
0.3869346733668342,2.985918367346939,10.160808287515772,0.3730778418577333,37.825967031521
0.39195979899497485,2.985918367346939,10.350887484227034,0.37381223916425943,37.82390788267852
0.3969849246231156,2.985918367346939,10.540939235945409,0.3771457559559949,37.81598087451417
0.4020100502512563,2.985918367346939,10.730943094175784,0.3825687678826083,37.805142376063976
0.40703517587939697,2.985918367346939,10.920886924209265,0.38979938694237243,37.79207642337586
0.4120603015075377,2.985918367346939,11.110758625804717,0.39872605528427146,37.77627899547931
0.41708542713567837,2.985918367346939,11.300541425808365,0.40937611740132385,37.756379278787485
0.4221105527638191,2.985918367346939,11.49020922985954,0.42190601915450476,37.72999975353383
0.4271356783919598,2.985918367346939,11.679720408615504,0.43661178906069315,37.69318597484762
0.4321608040201005,2.985918367346939,11.869007072855162,0.4539631720876189,37.63913265276107
0.4371859296482412,2.985918367346939,12.057954703807388,0.47467087835511584,37.55552216071967
0.44221105527638194,2.985918367346939,12.246361442459923,0.4998089833037992,37.41842491450911
0.4472361809045226,2.985918367346939,12.433852096305568,0.5310203118653856,37.17943882365337
0.45226130653266333,2.985918367346939,12.61968379639269,0.5708765284691881,36.732720525669315
0.457286432160804,2.985918367346939,12.80229189214497,0.6234516817957153,35.83836030145966
0.4623115577889447,2.985918367346939,12.978273808680262,0.6949451536826805,33.9773979714219
0.46733668341708545,2.985918367346939,13.140724297835163,0.7931106108134138,30.31469273227412
0.4723618090452261,2.985918367346939,13.279447166033513,0.9224955517954183,24.64935708103965
0.47738693467336685,2.985918367346939,13.387838612589094,1.078274574044541,18.611215667690313
0.4824120603015075,2.985918367346939,13.468750466093972,1.2501063809122521,13.85864225288794
0.48743718592964824,2.985918367346939,13.529653473133965,1.4300985090220881,10.599750224300422
0.49246231155778897,2.985918367346939,13.577098263204547,1.614135630232425,8.42969753308438
0.49748743718592964,2.985918367346939,13.615553695295723,1.8002745780711857,6.970018652233704
0.5025125628140703,2.985918367346939,13.647917980969261,1.9875753344578793,5.973211969301623
0.507537688442211,2.985918367346939,13.67610842825212,2.175552579524897,5.290308628669693
0.5125628140703518,2.985918367346939,13.70146201442394,2.3639348146621026,4.833158305151051
0.5175879396984925,2.985918367346939,13.724982722574048,2.552555324543502,4.555325975678431
0.5226130653266332,2.985918367346939,13.747511214289528,2.741297002119027,4.437750126198316
0.5276381909547738,2.985918367346939,13.769870178060902,2.9300573707412205,4.493197130799669
0.5326633165829145,2.985918367346939,13.793053824825765,3.118719186589721,4.782468333243487
0.5376884422110553,2.985918367346939,13.818619104730377,3.307070965300843,5.492133876585416
0.542713567839196,2.985918367346939,13.850002481251089,3.4945254583806182,7.3195651362346466
0.5477386934673367,2.985918367346939,13.90221574774694,3.676789001897933,17.115321661701614
0.5527638190954773,2.985918367346939,14.026779169990991,3.622966459150674,17.18181579116154
0.5577889447236181,2.985918367346939,14.10216751320556,3.448548906212105,13.822511238368547
0.5628140703517588,2.985918367346939,14.169784575867782,3.2709028709339156,13.267822055129896
0.5678391959798995,2.985918367346939,14.236579700794284,3.0929456888077422,13.382067426952439
0.5728643216080402,2.985918367346939,14.304736352307602,2.9155046438705643,13.777187146362586
0.5778894472361809,2.985918367346939,14.375302247966188,2.7390086700003864,14.328761787574994
0.5829145728643216,2.985918367346939,14.448921758950316,2.5637652946616205,14.987321612772163
0.5879396984924623,2.985918367346939,14.52607144324689,2.390048025630584,15.73155356226244
0.592964824120603,2.985918367346939,14.607156838847752,2.2181335507231124,16.553006426023693
0.5979899497487438,2.985918367346939,14.692560032878196,2.048323839893407,17.450252023016603
0.6030150753768844,2.985918367346939,14.782669158176681,1.8809651761648976,18.42698587487588
0.6080402010050251,2.985918367346939,14.877903441967742,1.716470768855837,19.492000072920735
0.6130653266331658,2.985918367346939,14.978741322245783,1.5553531441538206,20.660323856760773
0.6180904522613065,2.985918367346939,15.08575568625008,1.398273779725879,21.954769935385354
0.6231155778894473,2.985918367346939,15.199655677700859,1.2461191477132236,23.406681094867267
0.628140703517588,2.985918367346939,15.321324549090823,1.1001116817451082,25.052949369595794
0.6331658291457286,2.985918367346939,15.451821962856865,0.9619536734232381,26.92361210385817
0.6381909547738693,2.985918367346939,15.592284611763775,0.8339649961276868,29.012990773075355
0.6432160804020101,2.985918367346939,15.743633230357307,0.7190898345596439,31.231427268665293
0.6482412060301508,2.985918367346939,15.906041065472383,0.6205051542556143,33.37019517454183
0.6532663316582915,2.985918367346939,16.078414578819345,0.5406269514140424,35.15533036764127
0.6582914572864321,2.985918367346939,16.258462361429913,0.4799508787737623,36.41127653355267
0.6633165829145728,2.985918367346939,16.443498693306722,0.43670316357714295,37.15890807983568
0.6683417085427136,2.985918367346939,16.631315218115766,0.40766876934878615,37.54571859553544
0.6733668341708543,2.985918367346939,16.820497420109586,0.38938464034134446,37.724243075665186
0.678391959798995,2.985918367346939,17.010280553849693,0.378895069241805,37.79768440058725
0.6834170854271356,2.985918367346939,17.200294356741182,0.3739763930150948,37.822493162050705
0.6884422110552764,2.985918367346939,17.390371897492432,0.3730729804619477,37.826035951519714
0.6934673366834171,2.985918367346939,17.580441684692712,0.3751481359338501,37.820541622385456
0.6984924623115578,2.985918367346939,17.77047203441139,0.37954233151015504,37.81101230421052
0.7035175879396985,2.985918367346939,17.96044821436319,0.38586530673051067,37.79909629482788
0.7085427135678392,2.985918367346939,18.150358832195767,0.3939231929898669,37.78482209172672
0.7135678391959799,2.985918367346939,18.340190054612606,0.40367430277506455,37.76725724210314
0.7185929648241206,2.985918367346939,18.529921165630444,0.4152085681178171,37.74458796718364
0.7236180904522613,2.985918367346939,18.719519601170838,0.4287474804864092,37.71377692487427
0.7286432160804021,2.985918367346939,18.908932686660776,0.4446653388488359,37.66970248270144
0.7336683417085427,2.985918367346939,19.098073364019697,0.46353779382061,37.60333842937229
0.7386934673366834,2.985918367346939,19.286791925453304,0.4862314795235438,37.497825929604794
0.7437185929648241,2.985918367346939,19.474817397514613,0.5140651200239976,37.319810240585866
0.7487437185929648,2.985918367346939,19.661631509264826,0.5490734876578132,36.99890772359035
0.7537688442211056,2.985918367346939,19.846175323152526,0.5944728622696518,36.378262636552016
0.7587939698492462,2.985918367346939,20.02616808846979,0.6553126231217792,35.10276606472622
0.7638190954773869,2.985918367346939,20.196717239688187,0.7388015962765635,32.4730902639839
0.7688442211055276,2.985918367346939,20.34894385751446,0.8520563599496673,27.752772640930576
0.7738693467336684,2.985918367346939,20.4731877481913,0.9954247053981158,21.62908145802314
0.7788944723618091,2.985918367346939,20.567417226501213,1.1602460944849475,16.103718441928944
0.7839195979899497,2.985918367346939,20.63767451531948,1.336757662313843,12.112757364437739
0.7889447236180904,2.985918367346939,20.691363022820806,1.5190554239763023,9.436740605355807
0.7939698492462312,2.985918367346939,20.73400059704034,1.7042748189035355,7.650549629760257
0.7989949748743719,2.985918367346939,20.769210281662932,1.8910589026636273,6.439555903347509
0.8040201005025126,2.985918367346939,20.79935231389096,2.078731846706176,5.608959528383536
0.8090452261306532,2.985918367346939,20.826024827376862,2.266931251302096,5.043972081637256
0.8140703517587939,2.985918367346939,20.85037675916517,2.4554459004269975,4.67789445093095
0.8190954773869347,2.985918367346939,20.873315881075595,2.644138035422361,4.4782522799391336
0.8241206030150754,2.985918367346939,20.895654011568244,2.832900270508657,4.4406985566528006
0.8291457286432161,2.985918367346939,20.9182681428284,3.0216305239418046,4.597398861595853
0.8341708542713567,2.985918367346939,20.942349550848135,3.210179100414719,5.052905186648568
0.8391959798994975,2.985918367346939,20.970070137038793,3.3982218772328103,6.142747033234069
0.8442211055276382,2.985918367346939,21.007535410070535,3.5845109539278894,9.546595940076585
0.8492462311557789,2.985918367346939,21.1098164451828,3.703775941362227,28.29943522576639
0.8542713567839196,2.985918367346939,21.202639778118975,3.5391745984810057,14.81581646432882
0.8592964824120602,2.985918367346939,21.2726417297714,3.3624656490180183,13.419835943894213
0.864321608040201,2.985918367346939,21.339450567755367,3.1845140425916583,13.27443134979766
0.8693467336683417,2.985918367346939,21.406732362732846,3.0067396547735834,13.5491858912265
0.8743718592964824,2.985918367346939,21.47596059669773,2.8297143897255,14.029344630794878
0.8793969849246231,2.985918367346939,21.547941501975735,2.653791193797487,14.636722333445272
0.8844221105527639,2.985918367346939,21.62322052160025,2.4792546764418253,15.33852066114946
0.8894472361809045,2.985918367346939,21.70223179757792,2.306376599516298,16.120774105522273
0.8944723618090452,2.985918367346939,21.785365089973986,2.1354435358265684,16.978849061696906
0.8994974874371859,2.985918367346939,21.87300223618536,1.96677650336935,17.913907395309504
0.9045226130653267,2.985918367346939,21.965543273192868,1.8007509900795458,18.932037835956503
0.9095477386934674,2.985918367346939,22.063432269449972,1.6378234903459727,20.044869441540623
0.914572864321608,2.985918367346939,22.16718859729956,1.478571212763975,21.27101250567966
0.9195979899497487,2.985918367346939,22.277445869042307,1.3237533189638406,22.637470594452633
0.9246231155778895,2.985918367346939,22.394994103421254,1.1744031295160329,24.179069006536047
0.9296482412060302,2.985918367346939,22.520806173353442,1.0319567380289252,25.93180184396503
0.9346733668341709,2.985918367346939,22.656001181114807,0.8984025402775341,27.913075128820683
0.9396984924623115,2.985918367346939,22.80166343310436,0.7763797653450677,30.083653344480275
0.9447236180904522,2.985918367346939,22.9584270079988,0.6690302465767309,32.29674471800873
0.949748743718593,2.985918367346939,23.12589367514193,0.57931825417084,34.29575450296359
0.9547738693467337,2.985918367346939,23.302326376767255,0.5088445587674132,35.83415762201426
0.9597989949748744,2.985918367346939,23.485116267889136,0.4569662917466621,36.82980559884485
0.964824120603015,2.985918367346939,23.671728854739047,0.4210580461299416,37.38134970732183
0.9698492462311558,2.985918367346939,23.860338647794137,0.39765244163907965,37.65070566314111
0.9748743718592965,2.985918367346939,24.04987816837623,0.3834753929997498,37.76862167247132
0.9798994974874372,2.985918367346939,24.239803612591235,0.37592256264307733,37.81361758460948
0.9849246231155779,2.985918367346939,24.42986165303398,0.3731110171232953,37.8258751015073
0.9899497487437185,2.985918367346939,24.619941268636364,0.3737562431472635,37.82407953003014
0.9949748743718593,2.985918367346939,24.809994314459992,0.3770203821324815,37.816266316956735
1.0,2.985918367346939,25.0,0.3823860471031419,37.80554433577984
0.0,2.987142857142857,0.0,1.0,17.01404149919953
0.005025125628140704,2.987142857142857,0.0948547174843401,0.8352962565209714,20.874393217899172
0.010050251256281407,2.987142857142857,0.21108839625906495,0.6850160340508424,25.492190399162205
0.01507537688442211,2.987142857142857,0.3514881028268012,0.5571715467796019,30.337949085968592
0.020100502512562814,2.987142857142857,0.5143752596316248,0.45963922421941006,34.23447487968617
0.02512562814070352,2.987142857142857,0.6926546190591774,0.394081323630898,36.44844924590922
0.03015075376884422,2.987142857142857,0.8785418388491055,0.3544348557493301,37.38407409107777
0.035175879396984924,2.987142857142857,1.0673772392761331,0.3322529495702191,37.71242102426404
0.04020100502512563,2.987142857142857,1.2571943484950472,0.3208315069854981,37.81423073990823
0.04522613065326633,2.987142857142857,1.447299137976918,0.31585113911158746,37.84099328203444
0.05025125628140704,2.987142857142857,1.6374692672811089,0.3147407248642013,37.844844161748746
0.05527638190954774,2.987142857142857,1.8276395770980665,0.31601357801844127,37.84247570625034
0.06030150753768844,2.987142857142857,2.0177938144087575,0.3188199821640573,37.838863079518106
0.06532663316582915,2.987142857142857,2.2079297529447524,0.3226793449030781,37.83527488381283
0.07035175879396985,2.987142857142857,2.3980481527492463,0.3273258126457475,37.83187055237561
0.07537688442211055,2.987142857142857,2.5881496250388056,0.3326208032187679,37.82850336842106
0.08040201005025126,2.987142857142857,2.7782338225377687,0.3385037282958713,37.82495599873396
0.08542713567839195,2.987142857142857,2.9682992537869577,0.34496464202935856,37.82099193220655
0.09045226130653267,2.987142857142857,3.158343182433653,0.3520296563648567,37.81634876320104
0.09547738693467336,2.987142857142857,3.3483614282729555,0.3597542451704377,37.81070916844173
0.10050251256281408,2.987142857142857,3.538347994869184,0.36822167943749123,37.80365775411513
0.10552763819095477,2.987142857142857,3.7282944235879443,0.37754540972054723,37.79461570259345
0.11055276381909548,2.987142857142857,3.918188727273411,0.3878752465185683,37.78273748874052
0.11557788944723618,2.987142857142857,4.108013653686995,0.39940801244866203,37.76673843770718
0.12060301507537688,2.987142857142857,4.2977438038518265,0.4124043512828974,37.74459410343652
0.12562814070351758,2.987142857142857,4.487340572534564,0.4272157602119796,37.71292650438252
0.1306532663316583,2.987142857142857,4.676743320676236,0.44432415546912524,37.666145577582654
0.135678391959799,2.987142857142857,4.865852843514264,0.4644060205099441,37.59396543581814
0.1407035175879397,2.987142857142857,5.054497809007348,0.4884469158776352,37.47686159355394
0.1457286432160804,2.987142857142857,5.242366798173978,0.5179161575914054,37.27596823818353
0.1507537688442211,2.987142857142857,5.428855122190235,0.5550840157799727,36.907258515449506
0.15577889447236182,2.987142857142857,5.612710516782183,0.6035323672438704,36.18252903595584
0.16080402010050251,2.987142857142857,5.791215302235918,0.668826799546494,34.678013930177876
0.1658291457286432,2.987142857142857,5.958629156890887,0.7585607708322271,31.612837561080607
0.1708542713567839,2.987142857142857,6.105270883529035,0.8790652320072156,26.422244681200915
0.17587939698492464,2.987142857142857,6.222456859225464,1.0284042306363261,20.23995602893549
0.18090452261306533,2.987142857142857,6.3104115276157415,1.1968002271459868,15.023727608715637
0.18592964824120603,2.987142857142857,6.376098219160367,1.3751814760384131,11.36129571328505
0.19095477386934673,2.987142857142857,6.426642845600472,1.5584802578815782,8.920764260859597
0.19597989949748743,2.987142857142857,6.467100717164673,1.7442864819551913,7.287643281223488
0.20100502512562815,2.987142857142857,6.500756136575938,1.931452948125176,6.176626916122967
0.20603015075376885,2.987142857142857,6.529756761980086,2.11940068197393,5.413321893682405
0.21105527638190955,2.987142857142857,6.555569374391516,2.3078144832011045,4.894988646281946
0.21608040201005024,2.987142857142857,6.579265778257734,2.496506984607173,4.564056843497529
0.22110552763819097,2.987142857142857,6.601704734784813,2.6853535413073386,4.3924212947603
0.22613065326633167,2.987142857142857,6.623677156237052,2.8742543138760217,4.380980769175944
0.23115577889447236,2.987142857142857,6.646061075742928,3.063107128557289,4.566947263922961
0.23618090452261306,2.987142857142857,6.670094164130226,3.2517561525365863,5.069039820940047
0.24120603015075376,2.987142857142857,6.698132521764081,3.4398449503179434,6.274699601957097
0.24623115577889448,2.987142857142857,6.737314110242136,3.625849976339838,10.32970211979724
0.25125628140703515,2.987142857142857,6.848030075940294,3.7077510004625083,23.30099932194755
0.2562814070351759,2.987142857142857,6.93380870643198,3.5385465276386485,14.412885534513881
0.2613065326633166,2.987142857142857,7.002627367482095,3.361268324678103,13.284659568843413
0.2663316582914573,2.987142857142857,7.068977872071374,3.183044053863905,13.214752708123685
0.271356783919598,2.987142857142857,7.136049527295754,3.0050898629703053,13.521287341574052
0.27638190954773867,2.987142857142857,7.205182638086693,2.827927154144512,14.01772976787386
0.2814070351758794,2.987142857142857,7.2771309666543145,2.6518898461192264,14.634590334019087
0.2864321608040201,2.987142857142857,7.352415456187117,2.4772541281075204,15.34243656565494
0.2914572864321608,2.987142857142857,7.431457635425733,2.3042876495579563,16.128944543259177
0.2964824120603015,2.987142857142857,7.514640487743246,2.1332749997593488,16.99029255183778
0.3015075376884422,2.987142857142857,7.602342204481046,1.9645364370264127,17.92811827410708
0.3065326633165829,2.987142857142857,7.6949611079916265,1.7984475781096034,18.9488170165826
0.31155778894472363,2.987142857142857,7.792940965601819,1.6354659009515253,20.064286710114413
0.3165829145728643,2.987142857142857,7.896802158916122,1.4761706838024833,21.29340998270732
0.32160804020100503,2.987142857142857,8.007180704915882,1.3213247492414728,22.663475768958982
0.32663316582914576,2.987142857142857,8.124870525463114,1.1719674787320453,24.209591287379904
0.3316582914572864,2.987142857142857,8.250849594738312,1.0295444780442122,25.967928089568346
0.33668341708542715,2.987142857142857,8.386241866647863,0.8960578667126193,27.955548103609576
0.3417085427135678,2.987142857142857,8.532132433276123,0.7741634438065665,30.131715361349887
0.34673366834170855,2.987142857142857,8.689147295089048,0.6670173937583375,32.34751689589216
0.35175879396984927,2.987142857142857,8.856865032591703,0.5775783097410402,34.344016354213466
0.35678391959798994,2.987142857142857,9.033523312351878,0.5074192382659696,35.87524238314402
0.36180904522613067,2.987142857142857,9.216498355662143,0.45585230453987735,36.86262530847431
0.36683417085427134,2.987142857142857,9.40325820515643,0.42021594819627434,37.407661145588655
0.37185929648241206,2.987142857142857,9.591988967704252,0.3970280338066452,37.673002687427065
0.3768844221105528,2.987142857142857,9.781634311374692,0.38301671972213047,37.78878226624342
0.38190954773869346,2.987142857142857,9.971657867181813,0.37558702391389753,37.832733911227294
0.3869346733668342,2.987142857142857,10.161810443251687,0.3728666465711935,37.84451777414708
0.39195979899497485,2.987142857142857,10.351982880596616,0.3735802569853764,37.8425208395276
0.3969849246231156,2.987142857142857,10.542128211205977,0.3768971822490709,37.834628969362214
0.4020100502512563,2.987142857142857,10.732225886649724,0.3823051658572857,37.823822993886395
0.40703517587939697,2.987142857142857,10.922263662636109,0.38952055307743716,37.81079804586793
0.4120603015075377,2.987142857142857,11.112229594044031,0.3984304925782398,37.7950575483768
0.41708542713567837,2.987142857142857,11.302106944642476,0.4090612108878614,37.77523930126801
0.4221105527638191,2.987142857142857,11.491869818032457,0.421568004082707,37.74897957037996
0.4271356783919598,2.987142857142857,11.681476800183423,0.4362455023107641,37.71234798084363
0.4321608040201005,2.987142857142857,11.870860379487336,0.45356156325540603,37.65858324222086
0.4371859296482412,2.987142857142857,12.059906857067407,0.47422418814870015,37.57545071013021
0.44221105527638194,2.987142857142857,12.248415633736718,0.49930339818975117,37.439188324023704
0.4472361809045226,2.987142857142857,12.4360141227061,0.5304357098202123,37.20175903847511
0.45226130653266333,2.987142857142857,12.621964726343197,0.5701832470617341,36.75807031816988
0.457286432160804,2.987142857142857,12.804713907168054,0.6226068476973734,35.869884227222705
0.4623115577889447,2.987142857142857,12.98088072006826,0.6938948855473952,34.02019101546495
0.46733668341708545,2.987142857142857,13.143587335628906,0.7918176116963852,30.37330624860961
0.4723618090452261,2.987142857142857,13.282624710726768,0.921000410246048,24.712581495097094
0.47738693467336685,2.987142857142857,13.391299778283818,1.0766930695405537,18.658622929353736
0.4824120603015075,2.987142857142857,13.472404189336498,1.2485358792852943,13.88811147710581
0.48743718592964824,2.987142857142857,13.53341927534165,1.4285880430756333,10.616057820120908
0.49246231155778897,2.987142857142857,13.580924158892108,1.612705838945562,8.437985577772265
0.49748743718592964,2.987142857142857,13.619408242421546,1.7989340842721713,6.9734401640326995
0.5025125628140703,2.987142857142857,13.651781538327603,1.986327962426668,5.973537268622556
0.507537688442211,2.987142857142857,13.679967686791555,2.1744001970266376,5.2884276788479205
0.5125628140703518,2.987142857142857,13.705306994401631,2.362878501485194,4.829433533510621
0.5175879396984925,2.987142857142857,13.728804222376406,2.5515959553797023,4.549741386075306
0.5226130653266332,2.987142857142857,13.751299484958043,2.740435594525165,4.430000779309592
0.5276381909547738,2.987142857142857,13.773612296389446,2.9292953343242667,4.482370879932507
0.5326633165829145,2.987142857142857,13.796729606992582,3.1180593135517256,4.766344240391008
0.5376884422110553,2.987142857142857,13.822189243986067,3.306519662611811,5.464507241169789
0.542713567839196,2.987142857142857,13.853361140339633,3.49410481367749,7.253993580440554
0.5477386934673367,2.987142857142857,13.904645070865362,3.676778288314209,16.545525854326065
0.5527638190954773,2.987142857142857,14.029097511909796,3.6289204178041974,17.31177162899981
0.5577889447236181,2.987142857142857,14.104733367839549,3.4545135308490362,13.8352466070204
0.5628140703517588,2.987142857142857,14.172359627412092,3.2767712704162135,13.262552073585212
0.5678391959798995,2.987142857142857,14.239110369207163,3.0986980372141955,13.370598624852128
0.5728643216080402,2.987142857142857,14.30720089454548,2.921131658706082,13.762636225331331
0.5778894472361809,2.987142857142857,14.377688339226989,2.7445038366923455,14.312192225819098
0.5829145728643216,2.987142857142857,14.451220483783455,2.5691225677004557,14.96915296330033
0.5879396984924623,2.987142857142857,14.528275120712738,2.3952610168564687,15.711902500738239
0.592964824120603,2.987142857142857,14.609258051548249,2.2231950773305753,16.531866694907254
0.5979899497487438,2.987142857142857,14.694551084472803,2.053225556584767,17.427523962582963
0.6030150753768844,2.987142857142857,14.784541637668552,1.8856971243388863,18.402483998929807
0.6080402010050251,2.987142857142857,14.87964774393668,1.7210207436918792,19.465428839090393
0.6130653266331658,2.987142857142857,14.980346044712785,1.5597057444762465,20.6312580561076
0.6180904522613065,2.987142857142857,15.087206932369634,1.4024089807832114,21.922644863253478
0.6231155778894473,2.987142857142857,15.20093645404187,1.2500102495585763,23.37085010786215
0.628140703517588,2.987142857142857,15.322414830055864,1.103722648768993,25.012912968146498
0.6331658291457286,2.987142857142857,15.452700644117298,0.9652364910258457,26.879568495608556
0.6381909547738693,2.987142857142857,15.592935230369072,0.8368591153959516,28.966768392221976
0.6432160804020101,2.987142857142857,15.744055039547508,0.7215285732548014,31.187569960199003
0.6482412060301508,2.987142857142857,15.90626238604463,0.6224350059784024,33.33543648809657
0.6532663316582915,2.987142857142857,16.078496454612782,0.5420366233836335,35.135157403895654
0.6582914572864321,2.987142857142857,16.258481752368215,0.4808871598258013,36.406211216428105
0.6633165829145728,2.987142857142857,16.443523027404186,0.43725553072106343,37.165132811369006
0.6683417085427136,2.987142857142857,16.631389235990046,0.4079364855623041,37.55858286093891
0.6733668341708543,2.987142857142857,16.820645516345902,0.3894526458567162,37.74043988298122
0.678391959798995,2.987142857142857,17.010514363836208,0.3788261160922628,37.81539041509023
0.6834170854271356,2.987142857142857,17.200618941237398,0.37381299303857507,37.84084057876578
0.6884422110552764,2.987142857142857,17.390789443495827,0.37284231282604463,37.84464917421939
0.6934673366834171,2.987142857142857,17.58095303296104,0.3748666625898909,37.839271754565495
0.6984924623115578,2.987142857142857,17.77107768315564,0.37921923925465184,37.829810018886796
0.7035175879396985,2.987142857142857,17.96114845988389,0.3855047759120036,37.81795677144938
0.7085427135678392,2.987142857142857,18.1511540275847,0.39352578108562075,37.8037635771646
0.7135678391959799,2.987142857142857,18.34108069894506,0.4032376622753768,37.786316172462435
0.7185929648241206,2.987142857142857,18.530908008553546,0.41472764507281895,37.763823602458714
0.7236180904522613,2.987142857142857,18.720603747930024,0.42821425503947375,37.733285395371574
0.7286432160804021,2.987142857142857,18.91011586215981,0.44406806144941274,37.6896460645659
0.7336683417085427,2.987142857142857,19.099358411007227,0.46285953696276066,37.62400508395908
0.7386934673366834,2.987142857142857,19.288183691432966,0.4854476242246258,37.51975610125551
0.7437185929648241,2.987142857142857,19.476324632214382,0.5131390593743275,37.34407838055132
0.7487437185929648,2.987142857142857,19.663270905775402,0.5479495834475676,37.02778633759143
0.7537688442211056,2.987142857142857,19.847980931047836,0.5930656368855122,36.416721729664545
0.7587939698492462,2.987142857142857,20.028211647237967,0.6534959850749168,35.16140938484743
0.7638190954773869,2.987142857142857,20.199141004726258,0.7364242273093472,32.56900825470341
0.7688442211055276,2.987142857142857,20.351952948808957,0.8490484366387788,27.887215694176607
0.7738693467336684,2.987142857142857,20.47689175324487,0.9919319297742799,21.7626040967833
0.7788944723618091,2.987142857142857,20.571710016335544,1.1565187294298576,16.202013086476327
0.7839195979899497,2.987142857142857,20.642368473812283,1.3329685234446398,12.175827757469861
0.7889447236180904,2.987142857142857,20.696308976014905,1.5152883860236577,9.47576440345818
0.7939698492462312,2.987142857142857,20.73910169459672,1.7005674622115268,7.674441629177039
0.7989949748743719,2.987142857142857,20.77440544079362,1.8874286280658132,6.4537817935045325
0.8040201005025126,2.987142857142857,20.804601566697986,2.075187342805221,5.616649259017186
0.8090452261306532,2.987142857142857,20.83130009966579,2.2634772823791423,5.046837367991566
0.8140703517587939,2.987142857142857,20.855656168663135,2.452085469100322,4.676749285633948
0.8190954773869347,2.987142857142857,20.878579798841606,2.640873481557729,4.473188237350114
0.8241206030150754,2.987142857142857,20.900881401744716,2.829734345466519,4.431004073344369
0.8291457286432161,2.987142857142857,20.923431222125483,3.0185661776512602,4.580965249428535
0.8341708542713567,2.987142857142857,20.94740270071586,3.2072228838414665,5.0240959530819715
0.8391959798994975,2.987142857142857,20.97491430299204,3.3953910487129915,6.0826478246054405
0.8442211055276382,2.987142857142857,21.011815207020287,3.5818934950245906,9.331406595314522
0.8492462311557789,2.987142857142857,21.11102060788913,3.7104949856187353,30.08131061725749
0.8542713567839196,2.987142857142857,21.20594276220739,3.547365822809055,14.894767796863166
0.8592964824120602,2.987142857142857,21.27611470043615,3.370625229952073,13.427704350491538
0.864321608040201,2.987142857142857,21.34290950132755,3.1925687456047935,13.264037041177028
0.8693467336683417,2.987142857142857,21.410117270164974,3.0146668445732385,13.531045738629503
0.8743718592964824,2.987142857142857,21.479242502226466,2.8375011255784823,14.006813193557942
0.8793969849246231,2.987142857142857,21.55110207247063,2.661427505967208,14.611090143361272
0.8844221105527639,2.987142857142857,21.626245638279997,2.4867310024062865,15.310290361257895
0.8894472361809045,2.987142857142857,21.705108912103515,2.313682754828485,16.090105548339963
0.8944723618090452,2.987142857142857,21.78808192430999,2.1425680560999862,16.9457054273408
0.8994974874371859,2.987142857142857,21.875545950423575,1.9737060148429506,17.878103987220513
0.9045226130653267,2.987142857142857,21.967899712072942,1.807469409063673,18.893231719060974
0.9095477386934674,2.987142857142857,22.065585081965114,1.6443108553598735,20.00252162295078
0.914572864321608,2.987142857142857,22.16911813759177,1.4848019165611954,21.224345273523564
0.9195979899497487,2.987142857142857,22.279127972199174,1.3296934556962272,22.58547141105976
0.9246231155778895,2.987142857142857,22.396399198717006,1.1800067487573063,24.12064741804888
0.9296482412060302,2.987142857142857,22.521899956587394,1.0371612246377884,25.86629458040246
0.9346733668341709,2.987142857142857,22.656749282276586,0.9031247788092871,27.841364185727297
0.9396984924623115,2.987142857142857,22.802043218790036,0.7805178397286976,30.00982959644189
0.9447236180904522,2.987142857142857,22.958447377542345,0.6724800684015128,32.22917525184995
0.949748743718593,2.987142857142857,23.125612279370056,0.5820108644863041,34.2447552706192
0.9547738693467337,2.987142857142857,23.30184402745581,0.5107888495466096,35.80545601004877
0.9597989949748744,2.987142857142857,23.48454254884254,0.4582552176262842,36.82123837092311
0.964824120603015,2.987142857142857,23.671149140670355,0.42183069009437035,37.386371424942624
0.9698492462311558,2.987142857142857,23.859805111454307,0.39804732712782465,37.663225685783814
0.9748743718592965,2.987142857142857,24.049417834720618,0.3836046673098319,37.784773484688046
0.9798994974874372,2.987142857142857,24.23942907288882,0.37586699391451384,37.83138958638577
0.9849246231155779,2.987142857142857,24.429578345472137,0.3729248882631228,37.84433482616151
0.9899497487437185,2.987142857142857,24.619751391917276,0.37347422867864216,37.84282853565942
0.9949748743718593,2.987142857142857,24.809899311022907,0.3766634803670641,37.83514961613464
1.0,2.987142857142857,25.0,0.38196594127141803,37.82461380139902
0.0,2.9883673469387757,0.0,1.0,17.014040483691858
0.005025125628140704,2.9883673469387757,0.09486190542640476,0.835192618379544,20.877584455601458
0.010050251256281407,2.9883673469387757,0.21112435258564577,0.6848168314148367,25.50084475964654
0.01507537688442211,2.9883673469387757,0.35158496156542196,0.5569013282108044,30.353522795794387
0.020100502512562814,2.9883673469387757,0.5145638023478543,0.4593415728410981,34.25470363643198
0.02512562814070352,2.9883673469387757,0.692947807417931,0.39379832193726,36.46936039525958
0.03015075376884422,2.9883673469387757,0.878937948880161,0.3541862878981463,37.404066614125256
0.035175879396984924,2.9883673469387757,1.0678716935073698,0.3320397746188719,37.73163532336979
0.04020100502512563,2.9883673469387757,1.2577842349820323,0.32064709760909815,37.83305060021695
0.04522613065326633,2.9883673469387757,1.4479831245008719,0.3156877644332761,37.85965100393635
0.05025125628140704,2.9883673469387757,1.6382468453384738,0.3145918042160791,37.863447191883296
0.05527638190954774,2.9883673469387757,1.8285105992719026,0.3158741176679541,37.86106657047063
0.06030150753768844,2.9883673469387757,2.018758261529938,0.31868635849524085,37.8574566401402
0.06532663316582915,2.9883673469387757,2.2089876535288577,0.3225489946686612,37.85387573948319
0.07035175879396985,2.9883673469387757,2.3991995445226713,0.32719691958971187,37.850479411445
0.07537688442211055,2.9883673469387757,2.589394548099685,0.3324920731757388,37.847119836281784
0.08040201005025126,2.9883673469387757,2.779572314361192,0.33837421989765376,37.84357964071029
0.08542713567839195,2.9883673469387757,2.9697313485368406,0.3448336488576072,37.83962260704383
0.09045226130653267,2.9883673469387757,3.1598689150130563,0.35189662735476285,37.834986704323676
0.09547738693467336,2.9883673469387757,3.349980839691499,0.35961873157733626,37.82935502444807
0.10050251256281408,2.9883673469387757,3.540061129678409,0.3680833001839813,37.82231262933246
0.10552763819095477,2.9883673469387757,3.7301013282340842,0.3774038308980596,37.8132812209523
0.11055276381909548,2.9883673469387757,3.9200894559978097,0.38773017336735116,37.80141588832516
0.11557788944723618,2.9883673469387757,4.110008281514169,0.399259194579819,37.785432705928926
0.12060301507537688,2.9883673469387757,4.299832423504488,0.41225160181730286,37.76330845615448
0.12562814070351758,2.9883673469387757,4.489523281971657,0.42705906152410383,37.73166556549961
0.1306532663316583,2.9883673469387757,4.679020255236968,0.4441635933880763,37.68491119565093
0.135678391959799,2.9883673469387757,4.868224152717534,0.4642421672413554,37.612756710307366
0.1407035175879397,2.9883673469387757,5.056963607038493,0.4882812061646717,37.49567460052763
0.1457286432160804,2.9883673469387757,5.244927076362503,0.5177514700192144,37.29473533985032
0.1507537688442211,2.9883673469387757,5.43150926570827,0.5549265799387715,36.92579399768875
0.15577889447236182,2.9883673469387757,5.61545602213277,0.6033947991499209,36.20015896885671
0.16080402010050251,2.9883673469387757,5.794043400373307,0.6687347167091269,34.692597429241786
0.1658291457286432,2.9883673469387757,5.96151408709439,0.7585586935172812,31.6194020558782
0.1708542713567839,2.9883673469387757,6.108160218938447,0.8792031091658035,26.416316411004498
0.17587939698492464,2.9883673469387757,6.225290898638943,1.0287036985722897,20.22515104578621
0.18090452261306533,2.9883673469387757,6.313164040334624,1.1972478546765375,15.007140923262059
0.18592964824120603,2.9883673469387757,6.378771693060099,1.3757579858325009,11.346629958439625
0.19095477386934673,2.9883673469387757,6.429248439768295,1.5591725463810493,8.908405777352057
0.19597989949748743,2.9883673469387757,6.4696489842087885,1.7450869720772286,7.277133989739171
0.20100502512562815,2.9883673469387757,6.50325513764179,1.9323573032124228,6.167419045256731
0.20603015075376885,2.9883673469387757,6.5322121186813975,2.120406377156295,5.405059120805679
0.21105527638190955,2.9883673469387757,6.557984712879531,2.3089200316053633,4.887306049894932
0.21608040201005024,2.9883673469387757,6.581643109252713,2.49771153673675,4.556573719131894
0.22110552763819097,2.9883673469387757,6.604044315808916,2.6866567300688566,4.384799827990623
0.22613065326633167,2.9883673469387757,6.625977417221858,2.87565619779371,4.372818688376657
0.23115577889447236,2.9883673469387757,6.6483175096137295,3.064608354033077,4.557493061705603
0.23618090452261306,2.9883673469387757,6.672296812146461,3.253358489141796,5.05667577332466
0.24120603015075376,2.9883673469387757,6.700256915732117,3.441553573618248,6.254354822321783
0.24623115577889448,2.9883673469387757,6.739264679460719,3.6276926264299965,10.265407354492451
0.25125628140703515,2.9883673469387757,6.849533334880496,3.711538167783794,23.458117730813264
0.2562814070351759,2.9883673469387757,6.935499355949664,3.5423414879452118,14.416156404063203
0.2613065326633166,2.9883673469387757,7.004307379501342,3.364958985755032,13.279490174619953
0.2663316582914573,2.9883673469387757,7.0706257210008765,3.18662304876018,13.207516802763921
0.271356783919598,2.9883673469387757,7.137658726173105,3.008554400599684,13.513233957075343
0.27638190954773867,2.9883673469387757,7.206749970137834,2.831275002609668,14.009147341341222
0.2814070351758794,2.9883673469387757,7.278654026963553,2.6551186074118154,14.625551477151289
0.2864321608040201,2.9883673469387757,7.353891918861249,2.4803609991083118,15.332922725029743
0.2914572864321608,2.9883673469387757,7.4328850068230325,2.307269303334677,16.118909564138427
0.2964824120603015,2.9883673469387757,7.516015975453912,2.1361274599538183,16.979665011134085
0.3015075376884422,2.9883673469387757,7.603662610653716,1.9672549118967169,17.91680499034256
0.3065326633165829,2.9883673469387757,7.696222686492599,1.8010262114093774,18.936691725478987
0.31155778894472363,2.9883673469387757,7.794139232477472,1.6378973959020846,20.051182558816283
0.3165829145728643,2.9883673469387757,7.897931666898506,1.4784457458299172,21.27911298985561
0.32160804020100503,2.9883673469387757,8.008234877846153,1.3234312976153335,22.64775736101796
0.32663316582914576,2.9883673469387757,8.125841778716525,1.1738896484990606,24.19230277931285
0.3316582914572864,2.9883673469387757,8.251730223065973,1.031261640883373,25.94921636421911
0.33668341708542715,2.9883673469387757,8.387026474687202,0.8975444395373835,27.93624871698744
0.3417085427135678,2.9883673469387757,8.532822661514885,0.7753912643678358,30.11387606504276
0.34673366834170855,2.9883673469387757,8.689758388256577,0.6679636458346485,32.33437418807017
0.35175879396984927,2.9883673469387757,8.857428998814058,0.5782383393248072,34.33877855716475
0.35678391959798994,2.9883673469387757,9.034083386049295,0.50781777439896,35.878830837401814
0.36180904522613067,2.9883673469387757,9.217095283929527,0.4560390671472048,36.87326377605592
0.36683417085427134,2.9883673469387757,9.40392049102464,0.42024854340277684,37.42259850508338
0.37185929648241206,2.9883673469387757,9.592732444742747,0.3969565873291831,37.69010447746173
0.3768844221105528,2.9883673469387757,9.782466459835693,0.3828778814899647,37.80683485734122
0.38190954773869346,2.9883673469387757,9.972581861480448,0.3754047986475978,37.85117040639832
0.3869346733668342,2.9883673469387757,10.162827472064588,0.37265562386378154,37.86310323601724
0.39195979899497485,2.9883673469387757,10.353093534038777,0.3733487012774879,37.86116796539816
0.3969849246231156,2.9883673469387757,10.543332747711132,0.37664924538563105,37.853310908842126
0.4020100502512563,2.9883673469387757,10.73352432661924,0.38204239611500107,37.84253688248307
0.40703517587939697,2.9883673469387757,10.923656220920718,0.38924274156519645,37.829552656862965
0.4120603015075377,2.9883673469387757,11.113716497724278,0.398136139746471,37.81386903296446
0.41708542713567837,2.9883673469387757,11.303688568617167,0.4087477193141268,37.7941310341701
0.4221105527638191,2.9883673469387757,11.493546634086737,0.42123164187370343,37.767989303367315
0.4271356783919598,2.9883673469387757,11.683249563156677,0.435881158908394,37.73153783190926
0.4321608040201005,2.9883673469387757,11.872730276323713,0.4531622644454406,37.67806026715467
0.4371859296482412,2.9883673469387757,12.061875686364498,0.47378024518792644,37.59539881010793
0.44221105527638194,2.9883673469387757,12.250486569106993,0.498801281845605,37.459954821275616
0.4472361809045226,2.9883673469387757,12.438192846445776,0.5298554287673394,37.22408199151301
0.45226130653266333,2.9883673469387757,12.624262177655968,0.5694955452180188,36.78333084937114
0.457286432160804,2.9883673469387757,12.807151913155923,0.6217694168175076,35.901347061570014
0.4623115577889447,2.9883673469387757,12.98350266639822,0.6928539656768873,34.06291738083538
0.46733668341708545,2.9883673469387757,13.146463915338988,0.7905362343678246,30.431588229764294
0.4723618090452261,2.9883673469387757,13.285812113961732,0.9195202603996403,24.774471936683852
0.47738693467336685,2.9883673469387757,13.394768001787433,1.0751282400830462,18.706487367206034
0.4824120603015075,2.9883673469387757,13.476063116288802,1.2469829515507687,13.91703038218581
0.48743718592964824,2.9883673469387757,13.53718895774935,1.4270957440719814,10.632068274340671
0.49246231155778897,2.9883673469387757,13.584752871826966,1.6112946715192202,8.446139436102863
0.49748743718592964,2.9883673469387757,13.623264733140132,1.7976125762533952,6.976797693963077
0.5025125628140703,2.9883673469387757,13.655646315497224,1.9850998685941295,5.973773048777444
0.507537688442211,2.9883673469387757,13.683828430727138,2.1732672362273817,5.2862485272865625
0.5125628140703518,2.9883673469387757,13.709152755345396,2.3618418860041626,4.825836108546124
0.5175879396984925,2.9883673469387757,13.732626687777215,2.5506564694078984,4.54409180024351
0.5226130653266332,2.9883673469387757,13.755088247956218,2.739594271148741,4.422208441435859
0.5276381909547738,2.9883673469387757,13.777355518982473,2.9285535681483204,4.471475603698882
0.5326633165829145,2.9883673469387757,13.800406564959053,3.117419847840401,4.750257668341547
0.5376884422110553,2.9883673469387757,13.825761375518612,3.3059887492666853,5.437454134693167
0.542713567839196,2.9883673469387757,13.856726490359815,3.4937036501411836,7.190042405575945
0.5477386934673367,2.9883673469387757,13.907126138820239,3.676763094787888,16.01872283520838
0.5527638190954773,2.9883673469387757,14.03140470698236,3.6348856428503384,17.44786997084262
0.5577889447236181,2.9883673469387757,14.107297211401848,3.460493926401285,13.848426159991314
0.5628140703517588,2.9883673469387757,14.174933703089039,3.2826556552339206,13.257359691405387
0.5678391959798995,2.9883673469387757,14.241640524796713,3.1044656483306765,13.359147394528437
0.5728643216080402,2.9883673469387757,14.309664980181282,2.926773806337051,13.748084768417266
0.5778894472361809,2.9883673469387757,14.380073973244082,2.7500140363247203,14.29562534817367
0.5829145728643216,2.9883673469387757,14.453518743006446,2.574494783828217,14.950981889513436
0.5879396984924623,2.9883673469387757,14.530478327644783,2.4004888767866097,15.69225136006199
0.592964824120603,2.9883673469387757,14.611358794862397,2.228271424889607,16.510728305006694
0.5979899497487438,2.9883673469387757,14.696541679909508,2.058142074456927,17.404800056606582
0.6030150753768844,2.9883673469387757,14.786413691049576,1.8904438936353716,18.37798955551685
0.6080402010050251,2.9883673469387757,14.881391672569821,1.7255856167714343,19.43887148631785
0.6130653266331658,2.9883673469387757,14.981950478964434,1.5640733977498646,20.6022134832239
0.6180904522613065,2.9883673469387757,15.088658010631216,1.4065594998967255,21.890547741089126
0.6231155778894473,2.9883673469387757,15.202217207786367,1.2539170830587707,23.335049020930953
0.628140703517588,2.9883673469387757,15.323505210433288,1.1073499455147422,24.972892416046957
0.6331658291457286,2.9883673469387757,15.453579403192775,0.9685364138318376,26.83549440964251
0.6381909547738693,2.9883673469387757,15.59358552702239,0.839771151232485,28.92040532527885
0.6432160804020101,2.9883673469387757,15.744475400452533,0.7239856296886096,31.143406153593354
0.6482412060301508,2.9883673469387757,15.906480390206257,0.6243826911338513,33.300236218010745
0.6532663316582915,2.9883673469387757,16.078572662464477,0.5434621656588914,35.11451583925507
0.6582914572864321,2.9883673469387757,16.25849336326322,0.48183614943633357,36.400789565614154
0.6633165829145728,2.9883673469387757,16.443538190262,0.43781716478030047,37.17115580703893
0.6683417085427136,2.9883673469387757,16.631453402802325,0.4082105379271404,37.571364075303244
0.6733668341708543,2.9883673469387757,16.820783489964928,0.3895248495180753,37.75661931223332
0.678391959798995,2.9883673469387757,17.010738030383248,0.3787599321749811,37.833109935425696
0.6834170854271356,2.9883673469387757,17.200933568882384,0.37365145787238435,37.859214711234415
0.6884422110552764,2.9883673469387757,17.39119727715567,0.3726129635883047,37.863294194807004
0.6934673366834171,2.9883673469387757,17.58145503792122,0.37458619925231135,37.85803539387129
0.6984924623115578,2.9883673469387757,17.7716741771631,0.378896995572929,37.8486416283827
0.7035175879396985,2.9883673469387757,17.961839763758345,0.3851450334929491,37.83685077687959
0.7085427135678392,2.9883673469387757,18.15194048707792,0.39312916992062286,37.822737886977166
0.7135678391959799,2.9883673469387757,18.34196279595346,0.40280189290232604,37.80540687025657
0.7185929648241206,2.9883673469387757,18.531886459779304,0.41424771789137343,37.78308938337196
0.7236180904522613,2.9883673469387757,18.721679639292486,0.42768221416007746,37.75282109563144
0.7286432160804021,2.9883673469387757,18.911290915637494,0.4434722431288244,37.70961205156202
0.7336683417085427,2.9883673469387757,19.100635432043266,0.46218313241653164,37.644685808447385
0.7386934673366834,2.9883673469387757,19.28956746372604,0.48466619588106297,37.54168433816579
0.7437185929648241,2.9883673469387757,19.4778237716585,0.5122162682551707,37.36831186544199
0.7487437185929648,2.9883673469387757,19.66490191154552,0.5468302174119731,37.05656883028984
0.7537688442211056,2.9883673469387757,19.84977733320162,0.5916648112064234,36.454931391866715
0.7587939698492462,2.9883673469387757,20.03024409211593,0.6516881596502446,35.21955301377886
0.7638190954773869,2.9883673469387757,20.201550501566484,0.7340572708903876,32.66433407873018
0.7688442211055276,2.9883673469387757,20.354945040576247,0.8460485715226315,28.021435872268377
0.7738693467336684,2.9883673469387757,20.480580754133346,0.9884407950015789,21.897085043086296
0.7788944723618091,2.9883673469387757,20.57599310540969,1.1527876868946132,16.30136546425325
0.7839195979899497,2.9883673469387757,20.647057395666803,1.3291730879658314,12.239657663237406
0.7889447236180904,2.9883673469387757,20.701252957202136,1.5115140113411216,9.515262447080048
0.7939698492462312,2.9883673469387757,20.744202744957676,1.6968523909828876,7.698631948769679
0.7989949748743719,2.9883673469387757,20.77960180225799,1.8837905483480157,6.468209619322968
0.8040201005025126,2.9883673469387757,20.809852888820053,2.071635065011993,5.62449463768429
0.8090452261306532,2.9883673469387757,20.8365781251212,2.2600156230406734,5.049823512646184
0.8140703517587939,2.9883673469387757,20.860938930637268,2.448717442309225,4.675722911705786
0.8190954773869347,2.9883673469387757,20.883847690797687,2.637601430001964,4.46825802342433
0.8241206030150754,2.9883673469387757,20.906113478066175,2.8265605934599582,4.421489298328843
0.8291457286432161,2.9883673469387757,20.9286001006294,3.0154939333426785,4.564815429744395
0.8341708542713567,2.9883673469387757,20.952463671297213,3.204258624218043,4.995858182819571
0.8391959798994975,2.9883673469387757,20.979771243807356,3.3925513283395476,6.0242326083780595
0.8442211055276382,2.9883673469387757,21.016131290903527,3.5792602512445524,9.128333444930036
0.8492462311557789,2.9883673469387757,21.11193675585754,3.7168419134282136,32.1290583818631
0.8542713567839196,2.9883673469387757,21.209237264523132,3.555560759297634,14.97855030186046
0.8592964824120602,2.9883673469387757,21.279590053371336,3.3787928916681236,13.436467970911112
0.864321608040201,2.9883673469387757,21.346373735380556,3.2006319790197386,13.253972859130869
0.8693467336683417,2.9883673469387757,21.41350869913246,3.0226028624043475,13.513080953588023
0.8743718592964824,2.9883673469387757,21.48253165364182,2.8452969193447526,13.98440532135656
0.8793969849246231,2.9883673469387757,21.554270447220972,2.669073079934678,14.585561089009154
0.8844221105527639,2.9883673469387757,21.629279062161707,2.4942168161213942,15.282158692950528
0.8894472361809045,2.9883673469387757,21.707994827309538,2.3209986802183376,16.05953715768579
0.8944723618090452,2.9883673469387757,21.79080807222495,2.149702705684887,16.912668792821588
0.8994974874371859,2.9883673469387757,21.87809953733275,1.980646110854087,17.842419142245323
0.9045226130653267,2.9883673469387757,21.970266656271562,1.8141989982268696,18.854561657379836
0.9095477386934674,2.9883673469387757,22.067749136868922,1.6508101630005496,19.960334167462783
0.914572864321608,2.9883673469387757,22.171059798024427,1.4910456020230463,21.17786964998063
0.9195979899497487,2.9883673469387757,22.280823243190895,1.335647992705535,22.53369861063783
0.9246231155778895,2.9883673469387757,22.39781867254253,1.1856267082705783,24.062478160594747
0.9296482412060302,2.9883673469387757,22.523009379199806,1.0423846534055698,25.8010261084869
0.9346733668341709,2.9883673469387757,22.65751401094291,0.9078692562913713,27.76978217793205
0.9396984924623115,2.9883673469387757,22.802439526756135,0.7846815539576443,29.93582702331133
0.9447236180904522,2.9883673469387757,22.958482435212257,0.6759580266708938,32.16111077474849
0.949748743718593,2.9883673469387757,23.12534218559797,0.5847321635874925,34.19294329715002
0.9547738693467337,2.9883673469387757,23.30136870064877,0.5127590832037983,35.77592394909215
0.9597989949748744,2.9883673469387757,23.483972196952557,0.4595649923457139,36.812071941594986
0.964824120603015,2.9883673469387757,23.67057046715399,0.42261864722332954,37.39106149909716
0.9698492462311558,2.9883673469387757,23.85927148396096,0.39845287546134844,37.67560222961897
0.9748743718592965,2.9883673469387757,24.04895693601759,0.38374124826140027,37.80088053140921
0.9798994974874372,2.9883673469387757,24.239053883968612,0.37581650868755345,37.84916311854184
0.9849246231155779,2.9883673469387757,24.429294608432567,0.37274245127018346,37.862815717280554
0.9899497487437185,2.9883673469387757,24.619561434466736,0.3731951067536985,37.86160634442874
0.9949748743718593,2.9883673469387757,24.80980391486316,0.3763090491714771,37.854065017013504
1.0,2.9883673469387757,25.0,0.38154803949753424,37.84364743468128
0.0,2.989591836734694,0.0,1.0,17.014027056012207
0.005025125628140704,2.989591836734694,0.0948690169451714,0.8350890953496429,20.880757768367324
0.010050251256281407,2.989591836734694,0.21116013211571058,0.6846178354676177,25.509477942457366
0.01507537688442211,2.989591836734694,0.35168153666410834,0.5566313899294559,30.36907566335821
0.020100502512562814,2.989591836734694,0.5147519536766885,0.4590442766017674,34.27490958058829
0.02512562814070352,2.989591836734694,0.6932404760941309,0.39351573209530916,36.4902438635485
0.03015075376884422,2.989591836734694,0.8793333943215225,0.35393813694008674,37.42402963822911
0.035175879396984924,2.989591836734694,1.0683653393105246,0.331826979245996,37.75082142905535
0.04020100502512563,2.989591836734694,1.2583731758853836,0.32046301280420064,37.85184384725565
0.04522613065326633,2.989591836734694,1.4486660326269236,0.31552465607763397,37.87828288041015
0.05025125628140704,2.989591836734694,1.6390232255404689,0.314443098863542,37.8820247702136
0.05527638190954774,2.989591836734694,1.8293803260864006,0.3157348289082278,37.879632179781694
0.06030150753768844,2.989591836734694,2.019721286796991,0.3185528716501175,37.87602497518551
0.06532663316582915,2.989591836734694,2.210044004337799,0.3224187517616307,37.872451395782775
0.07035175879396985,2.989591836734694,2.400349260434108,0.3270681092012534,37.869063068579635
0.07537688442211055,2.989591836734694,2.5906376685156314,0.33236340464681247,37.865711090015466
0.08040201005025126,2.989591836734694,2.7809088756537266,0.3382447539854802,37.86217805765846
0.08542713567839195,2.989591836734694,2.971161387698399,0.3447026802400945,37.858228051826586
0.09045226130653267,2.989591836734694,3.161392469298268,0.3517636050636364,37.85359941874927
0.09547738693467336,2.989591836734694,3.351597942613257,0.35948320562897795,37.84797566775277
0.10050251256281408,2.989591836734694,3.5417718248428387,0.36794488751245413,37.840942319841915
0.10552763819095477,2.989591836734694,3.731905667084902,0.37726219480735296,37.83192160250169
0.11055276381909548,2.989591836734694,3.9219874948712943,0.38758501489750874,37.82006922979889
0.11557788944723618,2.989591836734694,4.112000093649741,0.399110257187837,37.80410204601724
0.12060301507537688,2.989591836734694,4.301918100456284,0.41209868963151575,37.78199811383733
0.12562814070351758,2.989591836734694,4.491702929559266,0.4269021454549727,37.750380280959384
0.1306532663316583,2.989591836734694,4.681294010101351,0.4440027461516971,37.70365249643682
0.135678391959799,2.989591836734694,4.870592158722559,0.46407793724367963,37.63152451354519
0.1407035175879397,2.989591836734694,5.059425992894567,0.4881149872895797,37.51446705422246
0.1457286432160804,2.989591836734694,5.247483830624979,0.5175860948150517,37.313483200016144
0.1507537688442211,2.989591836734694,5.434159808229338,0.5547681901462805,36.94432256490626
0.15577889447236182,2.989591836734694,5.61819789661824,0.6032559011038333,36.217778370339914
0.16080402010050251,2.989591836734694,5.796867926914735,0.6686407761447248,34.70722065139953
0.1658291457286432,2.989591836734694,5.964395657898039,0.7585540618663277,31.626156945663862
0.1708542713567839,2.989591836734694,6.111046654573268,0.879337560061971,26.41050846752331
0.17587939698492464,2.989591836734694,6.228122700555259,1.02899891880097,20.210451055932285
0.18090452261306533,2.989591836734694,6.315914961894317,1.197690637743165,14.990666278273507
0.18592964824120603,2.989591836734694,6.3814441435163625,1.3763292260683153,11.332080037860445
0.19095477386934673,2.989591836734694,6.431853441195879,1.5598592613982218,8.896127443814446
0.19597989949748743,2.989591836734694,6.47219697975181,1.7458816529520402,7.266684669967308
0.20100502512562815,2.989591836734694,6.505754106110114,1.933255656847441,6.158245427800393
0.20603015075376885,2.989591836734694,6.534667639389024,2.121405894603362,5.396835216009469
0.21105527638190955,2.989591836734694,6.56040037057664,2.310019233624164,4.879651908634504
0.21608040201005024,2.989591836734694,6.584020877536096,2.4989095797465346,4.549106849969286
0.22110552763819097,2.989591836734694,6.60638443241975,2.6879532537540674,4.377189950525367
0.22613065326633167,2.989591836734694,6.628278301924097,2.8770512410443247,4.3646758339779215
0.23115577889447236,2.989591836734694,6.650574646477645,3.066102582397156,4.548054765559946
0.23618090452261306,2.989591836734694,6.67450024229369,3.2549536663152816,5.044329262786874
0.24120603015075376,2.989591836734694,6.702382219338054,3.4432548443635174,6.23405481511089
0.24623115577889448,2.989591836734694,6.741216911591296,3.62952738885075,10.201591129028134
0.25125628140703515,2.989591836734694,6.851029406171088,3.7153299287462063,23.62115722517447
0.2562814070351759,2.989591836734694,6.937188840132699,3.5461453450262557,14.419612555191396
0.2613065326633166,2.989591836734694,7.0059866506581745,3.3686588528961052,13.274353505686657
0.2663316582914573,2.989591836734694,7.072272889167625,3.1902114012391243,13.200274444875902
0.271356783919598,2.989591836734694,7.139267198750957,3.0120284246794444,13.505160468802945
0.27638190954773867,2.989591836734694,7.208316472391101,2.834632472827394,14.000542924076571
0.2814070351758794,2.989591836734694,7.280176124023713,2.65835711565542,14.616482630340261
0.2864321608040201,2.989591836734694,7.355367260348073,2.4834777361418743,15.323375755061065
0.2914572864321608,2.989591836734694,7.434311077849392,2.3102609360612547,16.108836636609052
0.2964824120603015,2.989591836734694,7.51738996298704,2.1389900061360176,16.968995673789735
0.3015075376884422,2.989591836734694,7.604981295818917,1.9699835752067711,17.905445409458977
0.3065326633165829,2.989591836734694,7.697482301471149,1.8036151307582389,18.924516562927835
0.31155778894472363,2.989591836734694,7.795335268685273,1.6403392701373734,20.038022682401305
0.3165829145728643,2.989591836734694,7.89905864657901,1.4807312735867835,21.264752445051364
0.32160804020100503,2.989591836734694,8.009286180752262,1.3255483884568642,22.631964260471452
0.32663316582914576,2.989591836734694,8.126809752099014,1.1758224149297365,24.174923121224744
0.3316582914572864,2.989591836734694,8.252607049481172,1.0329894002590803,25.930385703655833
0.33668341708542715,2.989591836734694,8.387806584905183,0.8990414855259191,27.916797218492995
0.3417085427135678,2.989591836734694,8.533507494091142,0.7766292313777393,30.095847638903034
0.34673366834170855,2.989591836734694,8.690362919651937,0.6689192712711605,32.320975094391486
0.35175879396984927,2.989591836734694,8.857985097616906,0.5789064099460361,34.3332833272972
0.35678391959798994,2.989591836734694,9.034634423545615,0.5082226193745794,35.88221583353496
0.36180904522613067,2.989591836734694,9.217682333357237,0.4562303742970619,36.8837683932225
0.36683417085427134,2.989591836734694,9.404572377984783,0.4202842061866462,37.43745807816484
0.37185929648241206,2.989591836734694,9.593465222266026,0.3968871271217701,37.70715808027347
0.3768844221105528,2.989591836734694,9.783287700412401,0.38274030158168637,37.8248530554011
0.38190954773869346,2.989591836734694,9.973494758594214,0.37522335572732696,37.86957847519053
0.3869346733668342,2.989591836734694,10.163833348028458,0.37244507022927476,37.881662578082924
0.39195979899497485,2.989591836734694,10.354192682437821,0.37311740148139977,37.879789817085744
0.3969849246231156,2.989591836734694,10.544525560934922,0.37640141340470323,37.871967714948504
0.4020100502512563,2.989591836734694,10.734811010307974,0.3817796214246625,37.861225775733516
0.40703517587939697,2.989591836734694,10.925036926019327,0.3889648330733356,37.848282328669406
0.4120603015075377,2.989591836734694,11.115191494122097,0.3978416095328989,37.832655501540906
0.41708542713567837,2.989591836734694,11.30525816576613,0.4084339712300143,37.81299751855391
0.4221105527638191,2.989591836734694,11.495211312362285,0.42089493807255324,37.786973915221736
0.4271356783919598,2.989591836734694,11.685010079181598,0.43551637489327827,37.7507027954463
0.4321608040201005,2.989591836734694,11.874587722504506,0.4527623925978711,37.697512849715004
0.4371859296482412,2.989591836734694,12.063831960702435,0.47333558159544403,37.615319031819325
0.44221105527638194,2.989591836734694,12.25254479631435,0.4982982244988051,37.480697005027594
0.4472361809045226,2.989591836734694,12.44035876708824,0.5292738930328282,37.24636809463135
0.45226130653266333,2.989591836734694,12.626546683888328,0.5688061494975466,36.80857441526824
0.457286432160804,2.989591836734694,12.809576933757574,0.6209294338096992,35.932852061198474
0.4623115577889447,2.989591836734694,12.986111640685776,0.6918091572211299,34.10563525508631
0.46733668341708545,2.989591836734694,13.14932823230323,0.7892483796445204,30.48969957691283
0.4723618090452261,2.989591836734694,13.288989507993662,0.9180300397277048,24.83701448248479
0.47738693467336685,2.989591836734694,13.3982296108084,1.0735502828874113,18.75500348933999
0.4824120603015075,2.989591836734694,13.47971814516952,1.2454152815061534,13.946432553378592
0.48743718592964824,2.989591836734694,13.5409566501264,1.4255878662347503,10.648384219295949
0.49246231155778897,2.989591836734694,13.588580833508463,1.6098674641061423,8.454471754614833
0.49748743718592964,2.989591836734694,13.627121302376338,1.7962747233732572,6.980302643203184
0.5025125628140703,2.989591836734694,13.659511841468108,1.9838551932620123,5.9741339191859675
0.507537688442211,2.989591836734694,13.687689704258789,2.17211759129772,5.284298495555546
0.5125628140703518,2.989591836734694,13.712999729812577,2.360788363031266,4.822119471948592
0.5175879396984925,2.989591836734694,13.736450333075162,2.549699922206351,4.538560276263536
0.5226130653266332,2.989591836734694,13.758878845241949,2.7387356926297177,4.414560484666299
0.5276381909547738,2.989591836734694,13.78110045753356,2.927794343089081,4.4607486951049165
0.5326633165829145,2.989591836734694,13.804085974772601,3.1167626865611786,4.734355883475246
0.5376884422110553,2.989591836734694,13.829337142856051,3.305439784424881,5.410459874927931
0.542713567839196,2.989591836734694,13.860097409226714,3.493283672242072,7.127209639582168
0.5477386934673367,2.989591836734694,13.909650897240024,3.676708587853774,15.528009898432432
0.5527638190954773,2.989591836734694,14.033697326232787,3.6408589039159565,17.591534195745474
0.5577889447236181,2.989591836734694,14.109858770524667,3.4664887233157344,13.86225589673732
0.5628140703517588,2.989591836734694,14.17750732689403,3.288555294198521,13.252312586168555
0.5678391959798995,2.989591836734694,14.244170586958585,3.1102493370412336,13.347733522296375
0.5728643216080402,2.989591836734694,14.312129124605013,2.9324323153758725,13.733538297733045
0.5778894472361809,2.989591836734694,14.382459669969151,2.755540814863874,14.279056593161474
0.5829145728643216,2.989591836734694,14.455817000594104,2.5798837911121355,14.932790038953016
0.5879396984924623,2.989591836734694,14.532681423905876,2.405733735639054,15.672575163684407
0.592964824120603,2.989591836734694,14.613459293437558,2.2333649852419697,16.489560621302605
0.5979899497487438,2.989591836734694,14.698531876707882,2.063076033464852,17.382043920329856
0.6030150753768844,2.989591836734694,14.788285180261179,1.8952083555501458,18.35345931056264
0.6080402010050251,2.989591836734694,14.883134866402717,1.7301684683461174,19.412279436311547
0.6130653266331658,2.989591836734694,14.983554007892439,1.568459374504338,20.57313733058788
0.6180904522613065,2.989591836734694,15.090108014431241,1.4107287684988434,21.858418940531706
0.6231155778894473,2.989591836734694,15.203496700493409,1.257843204550742,23.299209680344454
0.628140703517588,2.989591836734694,15.324594071143897,1.110997201677368,24.932807556975156
0.6331658291457286,2.989591836734694,15.454456185051235,0.9718570730580337,26.791303022370172
0.6381909547738693,2.989591836734694,15.594232949585466,0.8427046385308447,28.87380149754558
0.6432160804020101,2.989591836734694,15.744891158869864,0.7264642525002474,31.098825120743086
0.6482412060301508,2.989591836734694,15.906691391445307,0.6263511803875912,33.26446529807077
0.6532663316582915,2.989591836734694,16.078638886523656,0.5449059773710685,35.09328484805157
0.6582914572864321,2.989591836734694,16.258492315341453,0.48279963092017375,36.394910266251685
0.6633165829145728,2.989591836734694,16.443538816217615,0.4383892809745263,37.17688756893916
0.6683417085427136,2.989591836734694,16.631501941508404,0.4084916736233981,37.58398994629386
0.6733668341708543,2.989591836734694,16.82090529709087,0.38960166424460413,37.77271657549093
0.678391959798995,2.989591836734694,17.010945231809178,0.37869670107896647,37.85078057395453
0.6834170854271356,2.989591836734694,17.201231481800995,0.37349180650889036,37.87755467221583
0.6884422110552764,2.989591836734694,17.39158806056632,0.37238481588496397,37.88191062947317
0.6934673366834171,2.989591836734694,17.581939837377714,0.374306520647109,37.8767724491502
0.6984924623115578,2.989591836734694,17.772253283368123,0.3785752703520589,37.86744741649474
0.7035175879396985,2.989591836734694,17.962513512841603,0.38478565257925756,37.85571847580828
0.7085427135678392,2.989591836734694,18.152709231810828,0.39273283511171053,37.84168535654432
0.7135678391959799,2.989591836734694,18.342827034706275,0.40236636328913744,37.824470221580825
0.7185929648241206,2.989591836734694,18.53284688770114,0.4137680287787172,37.80232683542238
0.7236180904522613,2.989591836734694,18.722737385063606,0.42715045579159405,37.772325659817355
0.7286432160804021,2.989591836734694,18.912447652818166,0.4428768017459724,37.729542900718215
0.7336683417085427,2.989591836734694,19.101893951930265,0.4615072673116079,37.665325905802625
0.7386934673366834,2.989591836734694,19.290932506472693,0.48388559481465737,37.563558402885235
0.7437185929648241,2.989591836734694,19.479303800802956,0.511294723667311,37.39246207159481
0.7487437185929648,2.989591836734694,19.666513345597956,0.5457127271554076,37.08524990713626
0.7537688442211056,2.989591836734694,19.851553244685864,0.5902667990471819,36.49286091588186
0.7587939698492462,2.989591836734694,20.032254357518706,0.6498843173047126,35.277377686572024
0.7638190954773869,2.989591836734694,20.20393586497093,0.7316928668096535,32.76083481084097
0.7688442211055276,2.989591836734694,20.3579116016708,0.8430465223212401,28.156296355263862
0.7738693467336684,2.989591836734694,20.484249022072255,0.9849380846406937,22.032582214175605
0.7788944723618091,2.989591836734694,20.58026352927939,1.1490376897120091,16.402433532835598
0.7839195979899497,2.989591836734694,20.651740446046,1.3253548527270453,12.304645090266401
0.7889447236180904,2.989591836734694,20.70619571862271,1.5077149653196036,9.555526276287981
0.7939698492462312,2.989591836734694,20.74930554982364,1.6931117191563405,7.723337468297857
0.7989949748743719,2.989591836734694,20.784801932829833,1.8801263239074981,6.482987741613201
0.8040201005025126,2.989591836734694,20.81510947584741,2.068056257437302,5.632544552075674
0.8090452261306532,2.989591836734694,20.841862496258255,2.256527149689148,5.053029792139362
0.8140703517587939,2.989591836734694,20.866228999452606,2.4453223741114263,4.6748780850949405
0.8190954773869347,2.989591836734694,20.889123794373457,2.634302110864489,4.46350470151898
0.8241206030150754,2.989591836734694,20.91135476365864,2.823359296060299,4.412169312755035
0.8291457286432161,2.989591836734694,20.93377946971462,3.0123942310331344,4.548972737957727
0.8341708542713567,2.989591836734694,20.957537228454022,3.20126639416659,4.968205139906392
0.8391959798994975,2.989591836734694,20.984645590574534,3.3896825407234017,5.96741559697884
0.8442211055276382,2.989591836734694,21.020486350743823,3.576591412539578,8.936096424385985
0.8492462311557789,2.989591836734694,21.11252812426829,3.7226595155103883,34.36268365459922
0.8542713567839196,2.989591836734694,21.212526718936473,3.5637530965471798,15.067679558360911
0.8592964824120602,2.989591836734694,21.283072374942254,3.386963206773804,13.446192368554032
0.864321608040201,2.989591836734694,21.349847726519577,3.2086999050019953,13.24429022144354
0.8693467336683417,2.989591836734694,21.41691139084284,3.0305438069903055,13.495313294477103
0.8743718592964824,2.989591836734694,21.485832849137648,2.8530982013181045,13.962116554894813
0.8793969849246231,2.989591836734694,21.557451438496205,2.6767246639991558,14.560137472279044
0.8844221105527639,2.989591836734694,21.632325587771003,2.5017091926360657,15.254118191432346
0.8894472361809045,2.989591836734694,21.71089430078064,2.328321767907883,16.0290606125939
0.8944723618090452,2.989591836734694,21.793548242890715,2.1568451791640997,16.87972740720916
0.8994974874371859,2.989591836734694,21.88066763916463,1.987594788926948,17.80683831208163
0.9045226130653267,2.989591836734694,21.972648663551674,1.8209380545317413,18.816008646781146
0.9095477386934674,2.989591836734694,22.06992889085049,1.6573200009581304,19.918285071523528
0.914572864321608,2.989591836734694,22.173017919092672,1.497301135078831,21.13156274883489
0.9195979899497487,2.989591836734694,22.282535890619865,1.3416160592462836,22.482128216125044
0.9246231155778895,2.989591836734694,22.399256583901135,1.1912623837545906,24.00453164107184
0.9296482412060302,2.989591836734694,22.524138334791324,1.047626631318303,25.735962016533627
0.9346733668341709,2.989591836734694,22.658299075726564,0.9126357831371199,27.698284007906377
0.9396984924623115,2.989591836734694,22.802856096070194,0.7888711737260172,29.86166633747464
0.9447236180904522,2.989591836734694,22.958535961922756,0.6794649388498127,32.092498641023894
0.949748743718593,2.989591836734694,23.12508691745882,0.5874831667373814,34.14026132009284
0.9547738693467337,2.989591836734694,23.300903597738305,0.5147563679540127,35.745487320500466
0.9597989949748744,2.989591836734694,23.48340802704017,0.4608966777988218,36.802228212592
0.964824120603015,2.989591836734694,23.669995287952766,0.4234228228182777,37.395345400681926
0.9698492462311558,2.989591836734694,23.858739800407623,0.39886980925452065,37.6877660576739
0.9748743718592965,2.989591836734694,24.048497248230966,0.38388566821105685,37.816878690244216
0.9798994974874372,2.989591836734694,24.23867947653964,0.37577148286205797,37.86687623664577
0.9849246231155779,2.989591836734694,24.42901130509079,0.372563960072,37.88125691300942
0.9899497487437185,2.989591836734694,24.619371604290766,0.3729190238458398,37.88035261470298
0.9949748743718593,2.989591836734694,24.80970883188778,0.37595715682496716,37.87295245663503
1.0,2.989591836734694,25.0,0.38113235649254906,37.86259667784591
0.0,2.990816326530612,0.0,1.0,17.014030031360576
0.005025125628140704,2.990816326530612,0.09487622974329803,0.8349854184857157,20.883955761037008
0.010050251256281407,2.990816326530612,0.21119616902470653,0.6844185696185119,25.51814972782856
0.01507537688442211,2.990816326530612,0.3517786034325644,0.5563611539240024,30.384682472337936
0.020100502512562814,2.990816326530612,0.514940880270686,0.4587467864651448,34.29517154416885
0.02512562814070352,2.990816326530612,0.6935341775598677,0.3932331212368404,36.51117366470868
0.03015075376884422,2.990816326530612,0.8797300857197236,0.3536901027751271,37.4440325211365
0.035175879396984924,2.990816326530612,1.068860425020197,0.3316143753372787,37.77004566102452
0.04020100502512563,2.990816326530612,1.2589637474495678,0.32027914911769373,37.87067524718909
0.04522613065326633,2.990816326530612,1.4493507633163023,0.31536177257657827,37.89695324767072
0.05025125628140704,2.990816326530612,1.6398016127768071,0.3142946132071822,37.900641031316496
0.05527638190954774,2.990816326530612,1.8302522087057904,0.31559575032257076,37.89823658488185
0.06030150753768844,2.990816326530612,2.020686661597712,0.31841958859011277,37.89463214875476
0.06532663316582915,2.990816326530612,2.211102900748093,0.3222887080735778,37.89106590855394
0.07035175879396985,2.990816326530612,2.401501717100206,0.3269394968814428,37.88768557074039
0.07537688442211055,2.990816326530612,2.5918837244835866,0.3322349366192499,37.88434116320585
0.08040201005025126,2.990816326530612,2.78224856783858,0.33811549440032457,37.88081526320749
0.08542713567839195,2.990816326530612,2.9725947521353406,0.3445719269733402,37.87687225183776
0.09045226130653267,2.990816326530612,3.1629195399985055,0.35163081023856785,37.872250852224965
0.09547738693467336,2.990816326530612,3.3532187581074675,0.35934792282278816,37.866634988620284
0.10050251256281408,2.990816326530612,3.5434864288427272,0.36780673738697095,37.85961063798377
0.10552763819095477,2.990816326530612,3.7337141071401114,0.3771208447588517,37.850600549061134
0.11055276381909548,2.990816326530612,3.9238898281230763,0.38744017112608126,37.838761054501845
0.11557788944723618,2.990816326530612,4.11399639318755,0.3989616694964873,37.82280976006499
0.12060301507537688,2.990816326530612,4.3040084559181295,0.4119461697014708,37.800726011726375
0.12562814070351758,2.990816326530612,4.493887442953762,0.4267456749431149,37.76913253833654
0.1306532663316583,2.990816326530612,4.683572818308868,0.4438424160369331,37.722430876272526
0.135678391959799,2.990816326530612,4.872965407854156,0.463914318745269,37.65032855236435
0.1407035175879397,2.990816326530612,5.061893799932264,0.48794949846299246,37.533295560089144
0.1457286432160804,2.990816326530612,5.250046179607689,0.517421630520378,37.33226240377752
0.1507537688442211,2.990816326530612,5.436816092914992,0.5546109629697582,36.96288204088152
0.15577889447236182,2.990816326530612,5.620945603240508,0.603118578470325,36.235397611007585
0.16080402010050251,2.990816326530612,5.7996982398483485,0.6685490774923772,34.7218332495798
0.1658291457286432,2.990816326530612,5.967282703150288,0.7585526133100271,31.63295477091696
0.1708542713567839,2.990816326530612,6.113937784417591,0.8794763365367096,26.40454535203599
0.17587939698492464,2.990816326530612,6.230958257223317,1.0292993173106413,20.195490348171482
0.18090452261306533,2.990816326530612,6.318668884786638,1.1981390990665595,14.974073204769217
0.18592964824120603,2.990816326530612,6.384119158512371,1.3769064367135018,11.317483243111097
0.19095477386934673,2.990816326530612,6.43446075681434,1.5605521692336481,8.88381881782787
0.19597989949748743,2.990816326530612,6.474747153254848,1.7466827243200918,7.256219294510263
0.20100502512562815,2.990816326530612,6.508255178775565,1.93416058654621,6.149067180829158
0.20603015075376885,2.990816326530612,6.537125251860683,2.122412169190339,5.388614304461347
0.21105527638190955,2.990816326530612,6.5628181398308865,2.3111253746556777,4.872002976870503
0.21608040201005024,2.990816326530612,6.586400797542934,2.500114743966609,4.541645217745707
0.22110552763819097,2.990816326530612,6.608726776674785,2.6892570760361076,4.369606498501809
0.22613065326633167,2.990816326530612,6.630581549144713,2.878453850751063,4.356564606690947
0.23115577889447236,2.990816326530612,6.652834333148865,3.0676045405059966,4.538663685688898
0.23618090452261306,2.990816326530612,6.676706537513451,3.2565567114000302,5.032067807971507
0.24120603015075376,2.990816326530612,6.704511041573305,3.444964031220966,6.2139624267704585
0.24623115577889448,2.990816326530612,6.743175108226343,3.631369485033103,10.138965315808191
0.25125628140703515,2.990816326530612,6.852528183672772,3.719113589870471,23.787650136868265
0.2562814070351759,2.990816326530612,6.938883409474971,3.5499430271919916,14.423079480586264
0.2613065326633166,2.990816326530612,7.007671047118676,3.3723523714864583,13.269222627379458
0.2663316582914573,2.990816326530612,7.073925327822639,3.193793228153077,13.19306507843836
0.271356783919598,2.990816326530612,7.140881136646564,3.0154958294232497,13.49712847949296
0.27638190954773867,2.990816326530612,7.209888683156622,2.8379832438891555,13.991992137666818
0.2814070351758794,2.990816326530612,7.281704205320096,2.661588869412065,14.607471453858993
0.2864321608040201,2.990816326530612,7.356848893002385,2.486587685455107,15.313893212051713
0.2914572864321608,2.990816326530612,7.435743775776072,2.31324577351953,16.09883321126187
0.2964824120603015,2.990816326530612,7.518770942909717,2.1418457801628104,16.958402201425077
0.3015075376884422,2.990816326530612,7.606307371498515,1.9727055256944168,17.894168335841034
0.3065326633165829,2.990816326530612,7.69874974214962,1.8061974419809859,18.912432360206793
0.31155778894472363,2.990816326530612,7.796539608064889,1.642774698520153,20.02496217723539
0.3165829145728643,2.990816326530612,7.900194454962309,1.48301059286174,21.250500864252132
0.32160804020100503,2.990816326530612,8.0103468912462,1.3276596059725407,22.616290480686153
0.32663316582914576,2.990816326530612,8.12778776383285,1.177749770237917,24.157672579581124
0.3316582914572864,2.990816326530612,8.253494578907908,1.0347123648532472,25.91168903056617
0.33668341708542715,2.990816326530612,8.388598053408224,0.9005345225703589,27.897480291801422
0.3417085427135678,2.990816326530612,8.534204275086525,0.7778641378963742,30.077940634530343
0.34673366834170855,2.990816326530612,8.690979766428988,0.6698727367553603,32.3076329234042
0.35175879396984927,2.990816326530612,8.858553678140222,0.5795730572754296,34.327804267575
0.35678391959798994,2.990816326530612,9.035197998589034,0.5086265072634713,35.885609699767734
0.36180904522613067,2.990816326530612,9.218281993728626,0.4564209975033994,36.89429215068192
0.36683417085427134,2.990816326530612,9.405237009964104,0.4203193976097299,37.45235012845256
0.37185929648241206,2.990816326530612,9.594210904342502,0.39681740114430286,37.72424904960577
0.3768844221105528,2.990816326530612,9.784122041085178,0.3826026713494042,37.8429097572042
0.38190954773869346,2.990816326530612,9.974420986320933,0.37504207472975026,37.88802526065775
0.3869346733668342,2.990816326530612,10.16485267039309,0.3722348762320967,37.90026033018676
0.39195979899497485,2.990816326530612,10.35530580889739,0.3728866383223644,37.89844975992497
0.3969849246231156,2.990816326530612,10.54573257420495,0.37615428624224273,37.89066225796766
0.4020100502512563,2.990816326530612,10.736112005235746,0.38151770608311586,37.87995220293295
0.40703517587939697,2.990816326530612,10.926432106949505,0.3886879386574976,37.86704918331615
0.4120603015075377,2.990816326530612,11.116681070996226,0.3975482550450148,37.85147834405333
0.41708542713567837,2.990816326530612,11.306842495919211,0.40812158304520946,37.831899729259945
0.4221105527638191,2.990816326530612,11.496890930820765,0.4205598118905629,37.80599316579392
0.4271356783919598,2.990816326530612,11.686785668255652,0.4351534273104015,37.76990053195661
0.4321608040201005,2.990816326530612,11.876460438397414,0.4523646912560373,37.71699381457292
0.4371859296482412,2.990816326530612,12.065803648887693,0.4728935350848561,37.63526107643297
0.44221105527638194,2.990816326530612,12.254618523657301,0.497798350638599,37.501452958563874
0.4472361809045226,2.990816326530612,12.4425402161422,0.5286963596444895,37.26863661832125
0.45226130653266333,2.990816326530612,12.62884657917411,0.5681219296911544,36.833775834805216
0.457286432160804,2.990816326530612,12.81201686903723,0.6200962057684565,35.96419408198371
0.4623115577889447,2.990816326530612,12.988734472375839,0.6907733317467879,34.148110286659566
0.46733668341708545,2.990816326530612,13.152204475628514,0.7879718908087794,30.547289005262343
0.4723618090452261,2.990816326530612,13.292176915104049,0.9165525544411285,24.899366043444846
0.47738693467336685,2.990816326530612,13.401699912109688,1.0719857195492888,18.80306108273622
0.4824120603015075,2.990816326530612,13.483380928030243,1.2438615006658882,13.97572617039824
0.48743718592964824,2.990816326530612,13.544731423045905,1.4240942682931692,10.664602210036207
0.49246231155778897,2.990816326530612,13.592415399139758,1.6084548552922864,8.462713653225629
0.49748743718592964,2.990816326530612,13.63098416655911,1.7949517340395187,6.983744222336544
0.5025125628140703,2.990816326530612,13.663383465585174,1.9826256132571125,5.97445003445465
0.507537688442211,2.990816326530612,13.691556971310714,2.1709832565229337,5.282366318165508
0.5125628140703518,2.990816326530612,13.716852702198807,2.3597503310631995,4.81840857987971
0.5175879396984925,2.990816326530612,13.740280075571773,2.54875904087506,4.533052079469492
0.5226130653266332,2.990816326530612,13.762675771172669,2.737892920791469,4.406962080839464
0.5276381909547738,2.990816326530612,13.784852136317001,2.9270511596892956,4.45013461219656
0.5326633165829145,2.990816326530612,13.807772882013799,3.116121630965507,4.718662885277445
0.5376884422110553,2.990816326530612,13.832921950431388,3.304906838994643,5.383917626843795
0.542713567839196,2.990816326530612,13.863481820088978,3.4928788839186726,7.066022381612824
0.5477386934673367,2.990816326530612,13.912231558053934,3.6766490697369845,15.073962079441168
0.5527638190954773,2.990816326530612,14.03599136218502,3.6468104915440946,17.741598216472084
0.5577889447236181,2.990816326530612,14.112431171150527,3.4724666429656885,13.876566906941813
0.5628140703517588,2.990816326530612,14.18009314379166,3.2944383480452792,13.24744009973711
0.5678391959798995,2.990816326530612,14.246713549453478,3.116016496599843,13.336448551920991
0.5728643216080402,2.990816326530612,14.314606778789905,2.9380743673740195,13.719113597993767
0.5778894472361809,2.990816326530612,14.384859497945191,2.7610512592646748,14.262615132132725
0.5829145728643216,2.990816326530612,14.458130052343321,2.5852566314529772,14.914735854164492
0.5879396984924623,2.990816326530612,14.534900030632771,2.4109626554793246,15.653047898308134
0.592964824120603,2.990816326530612,14.615576078808404,2.2384429018475944,16.468554185853726
0.5979899497487438,2.990816326530612,14.70053920436897,2.0679947288518594,17.359463740272197
0.6030150753768844,2.990816326530612,14.790174725593587,1.8999580354011751,18.32912284720093
0.6080402010050251,2.990816326530612,14.884897138517905,1.7347371545818273,19.385902939734738
0.6130653266331658,2.990816326530612,14.98517775868855,1.5728319765069054,20.544302111124175
0.6180904522613065,2.990816326530612,15.09157952896186,1.4148856935321235,21.826561881168555
0.6231155778894473,2.990816326530612,15.20479915918124,1.2617583397673535,23.263675328944082
0.628140703517588,2.990816326530612,15.325707508595928,1.1146352628942007,24.893055079493994
0.6331658291457286,2.990816326530612,15.455359225277391,0.9751708638076466,26.747443175375494
0.6381909547738693,2.990816326530612,15.594908167888054,0.8456341287891306,28.82746335720499
0.6432160804020101,2.990816326530612,15.745335799492505,0.7289421170022858,31.054387642624352
0.6482412060301508,2.990816326530612,15.906931389811708,0.6283216265835909,33.228623169015826
0.6532663316582915,2.990816326530612,16.078733408542995,0.5463533083512064,35.07186513582848
0.6582914572864321,2.990816326530612,16.25851859402018,0.4837668431273501,36.388849775553375
0.6633165829145728,2.990816326530612,16.443566044651035,0.4389645348590029,37.182515487906755
0.6683417085427136,2.990816326530612,16.631576748333405,0.40877521069773304,37.59657997612485
0.6733668341708543,2.990816326530612,16.82105326927802,0.3896803396312115,37.78881878818393
0.678391959798995,2.990816326530612,17.01117867943795,0.37863503760076744,37.86847557080233
0.6834170854271356,2.990816326530612,17.201555778115747,0.3733336326192178,37.8959268774859
0.6884422110552764,2.990816326530612,17.392005471894553,0.37215819365276703,37.90056222500557
0.6934673366834171,2.990816326530612,17.582451205201036,0.37402849818813627,37.89554547785978
0.6984924623115578,2.990816326530612,17.77285918598237,0.3782554002778638,37.8862888532137
0.7035175879396985,2.990816326530612,17.96321424191349,0.3844283780285067,37.8746212983627
0.7085427135678392,2.990816326530612,18.153505126540292,0.39233890969758767,37.86066687299451
0.7135678391959799,2.990816326530612,18.343718572167973,0.40193360950210755,37.8435658245759
0.7185929648241206,2.990816326530612,18.533834803484755,0.41329157107903425,37.82159338039174
0.7236180904522613,2.990816326530612,18.723822692331034,0.42662249459550594,37.79185513202213
0.7286432160804021,2.990816326530612,18.91363210097138,0.4422858941183437,37.74949148135868
0.7336683417085427,2.990816326530612,19.103180238048292,0.46083690790638604,37.68597081436427
0.7386934673366834,2.990816326530612,19.292325262629674,0.48311182505278694,37.585411345158406
0.7437185929648241,2.990816326530612,19.480811410021555,0.5103819097363794,37.416546638636966
0.7487437185929648,2.990816326530612,19.668151728242258,0.5446066953788317,37.11374701294683
0.7537688442211056,2.990816326530612,19.85335480550143,0.588884337142399,36.53042570888956
0.7587939698492462,2.990816326530612,20.034287460136913,0.6481016073668467,35.3344018143595
0.7638190954773869,2.990816326530612,20.206338274270887,0.7293565937409896,32.853700033971904
0.7688442211055276,2.990816326530612,20.360887889804964,0.840076903301339,28.289081761084102
0.7738693467336684,2.990816326530612,20.48792217706027,0.9814672939172352,22.168517158424056
0.7788944723618091,2.990816326530612,20.584538101732218,1.1453177022814225,16.503250046885547
0.7839195979899497,2.990816326530612,20.656427942325106,1.3215657397549805,12.36960290708574
0.7889447236180904,2.990816326530612,20.711142850387585,1.5039449337185806,9.595703263439452
0.7939698492462312,2.990816326530612,20.754412589575416,1.6894001746019347,7.747932590836279
0.7989949748743719,2.990816326530612,20.790006082547084,1.8764914367539993,6.497715944192249
0.8040201005025126,2.990816326530612,20.820370250522682,2.0645069488904735,5.640978526229865
0.8090452261306532,2.990816326530612,20.84715083721339,2.25306841247437,5.056048246952232
0.8140703517587939,2.990816326530612,20.871523377141802,2.4419572055997385,4.674057387369697
0.8190954773869347,2.990816326530612,20.89440403234488,2.6310329230518574,4.458771863243208
0.8241206030150754,2.990816326530612,20.916600692222683,2.82018921989,4.403264439424554
0.8291457286432161,2.990816326530612,20.938964304987632,3.009324986385203,4.533331090806972
0.8341708542713567,2.990816326530612,20.96261780856414,3.1983045735653883,4.94100534195317
0.8391959798994975,2.990816326530612,20.989532497313242,3.3868433124768167,5.912602460850592
0.8442211055276382,2.990816326530612,21.024875729231148,3.573946139297339,8.754691694030273
0.8492462311557789,2.990816326530612,21.112798305041004,3.7277638370041943,36.46781469566493
0.8542713567839196,2.990816326530612,21.21580856627281,3.571949898649488,15.161737175984769
0.8592964824120602,2.990816326530612,21.286557769751376,3.395142384683265,13.456774437622562
0.864321608040201,2.990816326530612,21.35332749220251,3.216776479549574,13.234872524293346
0.8693467336683417,2.990816326530612,21.42032053893246,3.038494364911312,13.477678461248036
0.8743718592964824,2.990816326530612,21.489141083217152,2.860909209254297,13.939929981807763
0.8793969849246231,2.990816326530612,21.56063992029483,2.68438611263327,14.534800200823303
0.8844221105527639,2.990816326530612,21.635380037084758,2.5092115978653706,15.226164787913332
0.8894472361809045,2.990816326530612,21.713802145255546,2.335655099800855,15.998674866131129
0.8944723618090452,2.990816326530612,21.796297264328775,2.163998193024481,16.84688575344113
0.8994974874371859,2.990816326530612,21.883245130002727,1.994554393028336,17.77137043868289
0.9045226130653267,2.990816326530612,21.975040673866374,1.827688558817973,18.777586331131797
0.9095477386934674,2.990816326530612,22.07211936889491,1.6638419937372113,19.876391035071656
0.914572864321608,2.990816326530612,22.17498762770418,1.5035697923226368,21.08544271548622
0.9195979899497487,2.990816326530612,22.284261162081663,1.3475985926972307,22.430780928007227
0.9246231155778895,2.990816326530612,22.400708323157104,1.196914387504787,23.946836711605435
0.9296482412060302,2.990816326530612,22.525282388042164,1.0528874609442953,25.67114111855701
0.9346733668341709,2.990816326530612,22.659100267040227,0.9174243870866211,27.626932641420805
0.9396984924623115,2.990816326530612,22.803288992842877,0.7930865037480718,29.787406939825864
0.9447236180904522,2.990816326530612,22.95860439796644,0.6830005413811822,32.02340445192069
0.949748743718593,2.990816326530612,23.12484323945089,0.5902635554489576,34.08677353402758
0.9547738693467337,2.990816326530612,23.300445784011025,0.5167804196356576,35.71420343862531
0.9597989949748744,2.990816326530612,23.48284738400822,0.46225002063482895,36.79176359967385
0.964824120603015,2.990816326530612,23.669421218453312,0.4242429891081493,37.39928235879614
0.9698492462311558,2.990816326530612,23.85820803985364,0.3992979214715239,37.69977715184828
0.9748743718592965,2.990816326530612,24.04803699326344,0.38403776688028557,37.83283092131346
0.9798994974874372,2.990816326530612,24.238304457743236,0.3757318022197479,37.88459254483524
0.9849246231155779,2.990816326530612,24.42872740298095,0.3723893547229381,37.899722190373815
0.9899497487437185,2.990816326530612,24.619181384522317,0.3726459681348316,37.89913117243652
0.9949748743718593,2.990816326530612,24.809613469756687,0.3756078353710306,37.89187486473208
1.0,2.990816326530612,25.0,0.3807190513682607,37.88157488235057
0.0,2.9920408163265306,0.0,1.0,17.01402907389671
0.005025125628140704,2.9920408163265306,0.09488341841303392,0.8348817775782553,20.887148366387603
0.010050251256281407,2.9920408163265306,0.2112321569324165,0.6842193702060806,25.526817935641773
0.01507537688442211,2.9920408163265306,0.35187561482186974,0.5560910282072392,30.400290453273993
0.020100502512562814,2.9920408163265306,0.5151297589319598,0.4584494901999729,34.31543385043141
0.02512562814070352,2.9920408163265306,0.6938278161850736,0.39295079512862596,36.53209748573798
0.03015075376884422,2.9920408163265306,0.8801266746002819,0.3534423971573935,37.46402687890711
0.035175879396984924,2.9920408163265306,1.0693553636495763,0.33140209527958225,37.789261572541754
0.04020100502512563,2.9920408163265306,1.2595541313248515,0.3200955789696115,37.88949907961649
0.04522613065326633,2.9920408163265306,1.4500352707203854,0.31519914259729115,37.91561672282878
0.05025125628140704,2.9920408163265306,1.6405797394164543,0.3141463434842716,37.919250712516195
0.05527638190954774,2.9920408163265306,1.8311237842436014,0.3154568536680249,37.91683454365539
0.06030150753768844,2.9920408163265306,2.0216516981460497,0.3182864609182737,37.913232949794
0.06532663316582915,2.9920408163265306,2.212161426343553,0.32215879747211273,37.90967407217561
0.07035175879396985,2.9920408163265306,2.4026537718230925,0.3268109998794685,37.90630171784729
0.07537688442211055,2.9920408163265306,2.59312934665767,0.33210656970568464,37.9029648645469
0.08040201005025126,2.9920408163265306,2.7835877943970786,0.3379863242447537,37.89944607969822
0.08542713567839195,2.9920408163265306,2.9740276164050155,0.3444412530016171,37.89551004935894
0.09045226130653267,2.9920408163265306,3.1644460777167174,0.35149808554671985,37.89089587514398
0.09547738693467336,2.9920408163265306,3.3548390106451573,0.35921270140304085,37.8852878969343
0.10050251256281408,2.9920408163265306,3.5452004352148268,0.36766863941417877,37.878272549443196
0.10552763819095477,2.9920408163265306,3.7355219154655455,0.3769795367451943,37.86927310575229
0.11055276381909548,2.9920408163265306,3.925791500924776,0.3872953579789277,37.857446522919794
0.11557788944723618,2.9920408163265306,4.115991999954834,0.39881309837024387,37.841511181190775
0.12060301507537688,2.9920408163265306,4.306098081099193,0.41179364777256255,37.819447749393944
0.12562814070351758,2.9920408163265306,4.49607119528348,0.4265891796677893,37.78787835609122
0.1306532663316583,2.9920408163265306,4.6858508351763986,0.44368203054485944,37.74120315315659
0.135678391959799,2.9920408163265306,4.875337839345285,0.4637506039113584,37.669126984611104
0.1407035175879397,2.9920408163265306,5.064360762308857,0.4877838511229606,37.55212025997464
0.1457286432160804,2.9920408163265306,5.252607662741102,0.5172569368316645,37.3510379170438
0.1507537688442211,2.9920408163265306,5.439471501412068,0.5544533869893096,36.981446371402434
0.15577889447236182,2.9920408163265306,5.623692434822811,0.6029807692954159,36.253013827383924
0.16080402010050251,2.9920408163265306,5.802527710952121,0.6684567017956489,34.736483402799806
0.1658291457286432,2.9920408163265306,5.97016901144596,0.7585501949041767,31.63992184968769
0.1708542713567839,2.9920408163265306,6.116828249856461,0.879613907323886,26.398656854062175
0.17587939698492464,2.9920408163265306,6.233793337935445,1.029598184220719,20.180513278978722
0.18090452261306533,2.9920408163265306,6.321422586736316,1.1985857418233508,14.957541684432035
0.18592964824120603,2.9920408163265306,6.38679423796763,1.3774816104075043,11.302957080332025
0.19095477386934673,2.9920408163265306,6.437068371528794,1.5612428935878708,8.871558237490413
0.19597989949748743,2.9920408163265306,6.477297815836076,1.7474815047127494,7.245789758190043
0.20100502512562815,2.9920408163265306,6.510756890024384,1.935063139977372,6.139931701033671
0.20603015075376885,2.9920408163265306,6.539583638189328,2.1234159949368583,5.38041853825044
0.21105527638190955,2.9920408163265306,6.565236799340203,2.312229004685804,4.864372579112294
0.21608040201005024,2.9920408163265306,6.588781703426763,2.5013173427797892,4.534196156211029
0.22110552763819097,2.9920408163265306,6.611070204473338,2.6905582779749815,4.362051267612865
0.22613065326633167,2.9920408163265306,6.632885970233349,2.8798537020123423,4.348475138619936
0.23115577889447236,2.9920408163265306,6.655095301873125,3.069103668912383,4.529297022103719
0.23618090452261306,2.9920408163265306,6.678914259777225,3.2581568492445454,5.019843964225154
0.24120603015075376,2.9920408163265306,6.706641564718602,3.446670191696541,6.19396054557394
0.24623115577889448,2.9920408163265306,6.745136207233742,3.63320803032918,10.0769981050334
0.25125628140703515,2.9920408163265306,6.854022430710206,3.722897908511581,23.959708206296604
0.2562814070351759,2.9920408163265306,6.940578654058278,3.5537452476196942,14.426684392755735
0.2613065326633166,2.9920408163265306,7.009356436175383,3.376050600800676,13.264111963770885
0.2663316582914573,2.9920408163265306,7.0755788380046205,3.1973798447084865,13.18586311036307
0.271356783919598,2.9920408163265306,7.142496164197941,3.018968103087707,13.489096086969612
0.27638190954773867,2.9920408163265306,7.2114619817826435,2.8413389538728655,13.983441074390035
0.2814070351758794,2.9920408163265306,7.283233358922965,2.6648256333034332,14.59845618675439
0.2864321608040201,2.9920408163265306,7.358331575228998,2.489702716316169,15.30440576722312
0.2914572864321608,2.9920408163265306,7.437177493875177,2.3162357660297563,16.08882301112663
0.2964824120603015,2.9920408163265306,7.520152907979695,2.1447067871202714,16.947800963853002
0.3015075376884422,2.9920408163265306,7.607634392236793,1.9754327935567715,17.88288264930097
0.3065326633165829,2.9920408163265306,7.700018083328534,1.8087851649344566,18.900338721632043
0.31155778894472363,2.9920408163265306,7.7977447980511005,1.6452156466642698,20.011890599864035
0.3165829145728643,2.9920408163265306,7.901331056162986,1.4852955576908595,21.236235601328985
0.32160804020100503,2.9920408163265306,8.011408321096328,1.3297766168629006,22.60059822635097
0.32663316582914576,2.9920408163265306,8.128766387978594,1.1796830892765342,24.14039462652807
0.3316582914572864,2.9920408163265306,8.254382546087658,1.0364414702023863,25.89294825056825
0.33668341708542715,2.9920408163265306,8.38938966211788,0.9020338440074734,27.878098492467426
0.3417085427135678,2.9920408163265306,8.534900746575614,0.7791053914953414,30.060020032502504
0.34673366834170855,2.9920408163265306,8.691594803953265,0.6708311346917848,32.29441138995224
0.35175879396984927,2.9920408163265306,8.859120378761546,0.5802453897048592,34.32227634869251
0.35678391959798994,2.9920408163265306,9.035759398086242,0.5090362703136049,35.88893385815816
0.36180904522613067,2.9920408163265306,9.218879145879287,0.45661717413772046,36.90474303795109
0.36683417085427134,2.9920408163265306,9.405898871086892,0.4203595191339264,37.46721145314059
0.37185929648241206,2.9920408163265306,9.594953650640294,0.3967518220352282,37.741307460088635
0.3768844221105528,2.9920408163265306,9.784953323967661,0.38246820791634006,37.860942938140134
0.38190954773869346,2.9920408163265306,9.975344044365947,0.374863181358409,37.906458932882835
0.3869346733668342,2.9920408163265306,10.165868860509768,0.37202652193721375,37.91885066104873
0.39195979899497485,2.9920408163265306,10.356415488086025,0.3726572653892788,37.91710370389046
0.3969849246231156,2.9920408163265306,10.54693599772557,0.37590830313601853,37.90935012844534
0.4020100502512563,2.9920408163265306,10.737409480026725,0.38125673543889993,37.8986741493312
0.40703517587939697,2.9920408163265306,10.927823791541343,0.3884118360158465,37.88581100318081
0.4120603015075377,2.9920408163265306,11.118167177377602,0.3972556092081297,37.87029324027788
0.41708542713567837,2.9920408163265306,11.30842335268235,0.4078098654834601,37.85079415861235
0.4221105527638191,2.9920408163265306,11.498567010745417,0.42022531558108966,37.82500806564975
0.4271356783919598,2.9920408163265306,11.688557697992927,0.43479107038137393,37.78909342078078
0.4321608040201005,2.9920408163265306,11.878329567512065,0.45196759341965886,37.73645526978234
0.4371859296482412,2.9920408163265306,12.067771637707464,0.4724522923144587,37.655174000912154
0.44221105527638194,2.9920408163265306,12.256688611738245,0.49729868614796446,37.5222159925672
0.4472361809045226,2.9920408163265306,12.444717868422675,0.5281191716303394,37.29080658158882
0.45226130653266333,2.9920408163265306,12.631142533026775,0.567438164716382,36.85911897359249
0.457286432160804,2.9920408163265306,12.814452758004153,0.6192632579941932,35.99495894729465
0.4623115577889447,2.9920408163265306,12.99135250907454,0.6897385322507574,34.19102087193661
0.46733668341708545,2.9920408163265306,13.155075173316906,0.7866962136640748,30.60610475439391
0.4723618090452261,2.9920408163265306,13.295359958362754,0.9150734704794323,24.96307876369445
0.47738693467336685,2.9920408163265306,13.405167396378198,1.0704178700245897,18.850105593196375
0.4824120603015075,2.9920408163265306,13.487042379653197,1.2423035382543104,14.005556588680511
0.48743718592964824,2.9920408163265306,13.548505516635164,1.4225961914483194,10.681025160666149
0.49246231155778897,2.9920408163265306,13.596249805227117,1.6070375733823279,8.471025187677489
0.49748743718592964,2.9920408163265306,13.634847348980422,1.7936239350641483,6.987092226971865
0.5025125628140703,2.9920408163265306,13.667255757152718,1.9813911191154485,5.974685678189415
0.507537688442211,2.9920408163265306,13.69542510580715,2.1698439483140577,5.280569865677231
0.5125628140703518,2.9920408163265306,13.720706659923016,2.35870729492936,4.814621560315905
0.5175879396984925,2.9920408163265306,13.744111041162249,2.5478131176374537,4.527522434995574
0.5226130653266332,2.9920408163265306,13.766474227064007,2.737045037169824,4.399292866443391
0.5276381909547738,2.9920408163265306,13.788605540485738,2.926302568164881,4.439628696488738
0.5326633165829145,2.9920408163265306,13.811462104254941,3.115475004904929,4.7031356190444
0.5376884422110553,2.9920408163265306,13.836509993096367,3.30436810111567,5.357579247572352
0.542713567839196,2.9920408163265306,13.86687268076081,3.492467473607375,7.00592449952242
0.5477386934673367,2.9920408163265306,13.914852739501857,3.6765661860019825,14.649719547284823
0.5527638190954773,2.9920408163265306,14.038272488690623,3.6527639250460266,17.89988041980952
0.5577889447236181,2.9920408163265306,14.115003050752053,3.478452899242823,13.891608832167137
0.5628140703517588,2.9920408163265306,14.182680107259126,3.3003304525010133,13.242791650103367
0.5678391959798995,2.9920408163265306,14.249258190674386,3.121792983034381,13.325265215678481
0.5728643216080402,2.9920408163265306,14.317086331634721,2.9437259316994306,13.704733916707069
0.5778894472361809,2.9920408163265306,14.387261359005146,2.766571384137872,14.246181593235878
0.5829145728643216,2.9920408163265306,14.460445216599494,2.5906393217711834,14.896701091206689
0.5879396984924623,2.9920408163265306,14.537120818386693,2.4162016101216537,15.633532754037946
0.592964824120603,2.9920408163265306,14.617695103767119,2.2435310589081423,16.44755931496149
0.5979899497487438,2.9920408163265306,14.702548834866016,2.0729238970750012,17.336895963151424
0.6030150753768844,2.9920408163265306,14.792066644297275,1.9047184650843905,18.304805454837062
0.6080402010050251,2.9920408163265306,14.886661875810804,1.7393169223757194,19.359545977298144
0.6130653266331658,2.9920408163265306,14.986804090924158,1.5772160728160611,20.515488246727184
0.6180904522613065,2.9920408163265306,15.09305377481322,1.4190546390277612,21.79473280117403
0.6231155778894473,2.9920408163265306,15.206104526613876,1.2656861792572336,23.22817157073577
0.628140703517588,2.9920408163265306,15.326824019867692,1.118286911661283,24.853324753830098
0.6331658291457286,2.9920408163265306,15.456265374633148,0.9784993268659272,26.70354265778042
0.6381909547738693,2.9920408163265306,15.595586215335445,0.8485795093509656,28.7810261487121
0.6432160804020101,2.9920408163265306,15.745782473569353,0.7314370141033155,31.00965792114514
0.6482412060301508,2.9920408163265306,15.907171482829268,0.6303089557039678,33.19237698301975
0.6532663316582915,2.9920408163265306,16.07882574580225,0.5478162841226537,35.04997668224571
0.6582914572864321,2.9920408163265306,16.258540471093358,0.4847470825784974,36.38239858044123
0.6633165829145728,2.9920408163265306,16.443587284947778,0.4395496758668377,37.18790879445407
0.6683417085427136,2.9920408163265306,16.631644644360655,0.40906581580216606,37.60903914827151
0.6733668341708543,2.9920408163265306,16.821193892983885,0.3897638673428656,37.80485669359975
0.678391959798995,2.9920408163265306,17.0114045351748,0.37857668584588694,37.88614090919495
0.6834170854271356,2.9920408163265306,17.20187242454945,0.3731777639547895,37.914283360541354
0.6884422110552764,2.9920408163265306,17.39241524307378,0.37193326069438837,37.91920402119766
0.6934673366834171,2.9920408163265306,17.58295507573292,0.3737517785731776,37.914310650754636
0.6984924623115578,2.9920408163265306,17.77345755016119,0.37793663352702356,37.905122561952886
0.7035175879396985,2.9920408163265306,17.963907418908985,0.38407210545149933,37.893516745903526
0.7085427135678392,2.9920408163265306,18.15429345792485,0.39194596132510534,37.87964034606433
0.7135678391959799,2.9920408163265306,18.344602504894553,0.4015018747085872,37.8626515888008
0.7185929648241206,2.9920408163265306,18.534815000805104,0.41281623693905123,37.84084836630703
0.7236180904522613,2.9920408163265306,18.724900283977682,0.42609582643176475,37.81137171608788
0.7286432160804021,2.9920408163265306,18.914808696546338,0.44169651265822085,37.76942330098748
0.7336683417085427,2.9920408163265306,19.104458573308158,0.4601684256157762,37.70658836678768
0.7386934673366834,2.9920408163265306,19.293709938876972,0.48234039544771135,37.60722819517349
0.7437185929648241,2.9920408163265306,19.48231065014916,0.5094721708704846,37.44057050028106
0.7487437185929648,2.9920408163265306,19.669781273388264,0.5435049872237308,37.14207237439513
0.7537688442211056,2.9920408163265306,19.855146572894586,0.5875078917039641,36.56779941947126
0.7587939698492462,2.9920408163265306,20.036308885795844,0.6463271100371031,35.39064323300216
0.7638190954773869,2.9920408163265306,20.208724912989258,0.7270315520607016,32.9456512586898
0.7688442211055276,2.9920408163265306,20.363846144985338,0.8371149107409845,28.422230849796204
0.7738693467336684,2.9920408163265306,20.491579283964494,0.9779972654597265,22.30467568467933
0.7788944723618091,2.9920408163265306,20.588802107804558,1.141592610936863,16.605421927392783
0.7839195979899497,2.9920408163265306,20.661109814519115,1.3177684658550195,12.435433616409785
0.7889447236180904,2.9920408163265306,20.71608778644332,1.5001653409853162,9.63645313882926
0.7939698492462312,2.9920408163265306,20.759519513647824,1.685678432920294,7.772912655490693
0.7989949748743719,2.9920408163265306,20.795211468941247,1.8728460137344902,6.512663114112594
0.8040201005025126,2.9920408163265306,20.825632799252883,2.0609469782293104,5.649191926051484
0.8090452261306532,2.9920408163265306,20.852441830005564,2.249598838824357,5.0593804529938025
0.8140703517587939,2.9920408163265306,20.876820680698557,2.438581113238062,4.673351650239945
0.8190954773869347,2.9920408163265306,20.899688169032526,2.6277526289566917,4.454207402524838
0.8241206030150754,2.9920408163265306,20.921851180311993,2.8170071687905596,4.394249381131983
0.8291457286432161,2.9920408163265306,20.944154846927187,3.0062441646072195,4.518007505773693
0.8341708542713567,2.9920408163265306,20.967706322982426,3.1953308055794034,4.914435549942735
0.8391959798994975,2.9920408163265306,20.994431095263753,3.383991307565195,5.85891932643076
0.8442211055276382,2.9920408163265306,21.02929612121347,3.571282586933096,8.582523773620819
0.8492462311557789,2.9920408163265306,21.11279720807179,3.731884133605362,37.79923554299122
0.8542713567839196,2.9920408163265306,21.219080929902272,3.58014278259755,15.261889452804123
0.8592964824120602,2.9920408163265306,21.290046596181398,3.4033232506914506,13.468418334143314
0.864321608040201,2.9920408163265306,21.356813701307725,3.224856243383533,13.225812482216364
0.8693467336683417,2.9920408163265306,21.423737558902108,3.046448471660672,13.46023323339045
0.8743718592964824,2.9920408163265306,21.492457976078743,2.868724257712249,13.917882148339928
0.8793969849246231,2.9920408163265306,21.56383766636037,2.6920520436389075,14.509572474734572
0.8844221105527639,2.9920408163265306,21.63844428673655,2.5167189472187754,15.19831643666131
0.8894472361809045,2.9920408163265306,21.716720310926036,2.3429938882832033,15.96839355739594
0.8944723618090452,2.9920408163265306,21.799057146886692,2.171157238690668,16.814154353235384
0.8994974874371859,2.9920408163265306,21.88583405794144,2.0015207079595068,17.736022945551667
0.9045226130653267,2.9920408163265306,21.977444765753603,1.8344465795793008,18.739301290185324
0.9095477386934674,2.9920408163265306,22.07432267083568,1.6703724932485877,19.834657425424076
0.914572864321608,2.9920408163265306,22.176971038883185,1.5098482064116328,21.03951284792894
0.9195979899497487,2.9920408163265306,22.28600118265857,1.353592506787255,22.37965831306528
0.9246231155778895,2.9920408163265306,22.40217602881248,1.202579911939336,23.88939618666565
0.9296482412060302,2.9920408163265306,22.526443695371576,1.0581646226755526,25.606568430873317
0.9346733668341709,2.9920408163265306,22.659919773776718,0.9222328604922584,27.555741517014837
0.9396984924623115,2.9920408163265306,22.80374044155636,0.7973256700233053,29.713059740325384
0.9447236180904522,2.9920408163265306,22.95869002318809,0.6865634074506521,31.95383194294881
0.949748743718593,2.9920408163265306,23.12461340618502,0.5930723108241104,34.03246203528542
0.9547738693467337,2.9920408163265306,23.299997392384178,0.5188306093764984,35.68203628737144
0.9597989949748744,2.9920408163265306,23.48229218148722,0.46362466889209436,36.780628727453625
0.964824120603015,2.9920408163265306,23.668849921417383,0.42507894966403337,37.402823390009374
0.9698492462311558,2.9920408163265306,23.85767758872498,0.39973710055733847,37.71158739993992
0.9748743718592965,2.9920408163265306,24.047577368114222,0.3841974734361348,37.84869002173081
0.9798994974874372,2.9920408163265306,24.237929701797075,0.3756974275755571,37.90226585251586
0.9849246231155779,2.9920408163265306,24.428443630251987,0.37221861147698704,37.91816590170529
0.9899497487437185,2.9920408163265306,24.6189910540997,0.3723759173157697,37.917896561162294
0.9949748743718593,2.9920408163265306,24.809518305091842,0.3752610662547755,37.91078646429868
1.0,2.9920408163265306,25.0,0.3803081460018487,37.900567139501646
0.0,2.993265306122449,0.0,1.0,17.014018763500214
0.005025125628140704,2.993265306122449,0.09489054950201692,0.8347782233979547,20.890327558593295
0.010050251256281407,2.993265306122449,0.2112680140331146,0.6840203271953598,25.535471284319552
0.01507537688442211,2.993265306122449,0.35197242463743283,0.5558211218450491,30.415885478025757
0.020100502512562814,2.993265306122449,0.5153183695542568,0.45815249130691643,34.33568158400716
0.02512562814070352,2.993265306122449,0.6941210989661606,0.39266883511423006,36.55300131637265
0.03015075376884422,2.993265306122449,0.8805228003474029,0.3531950761371523,37.48399969961034
0.035175879396984924,2.993265306122449,1.0698497308886283,0.331190173820009,37.808456702872334
0.04020100502512563,2.993265306122449,1.2601438418051139,0.31991232101435974,37.908303122260236
0.04522613065326633,2.993265306122449,1.4507190082485644,0.31503677324064655,37.93426117495283
0.05025125628140704,2.993265306122449,1.6413570074658923,0.31399828820050013,37.937841715714356
0.05527638190954774,2.993265306122449,1.8319944448815617,0.3153181316200133,37.93541396741927
0.06030150753768844,2.993265306122449,2.022615726228948,0.3181534762017837,37.93181529303332
0.06532663316582915,2.993265306122449,2.213218851383005,0.3220290030920703,37.92826380259578
0.07035175879396985,2.993265306122449,2.403804632212911,0.326682597087348,37.92489942705982
0.07537688442211055,2.993265306122449,2.5943736811723745,0.3319782785556219,37.921570111226806
0.08040201005025126,2.993265306122449,2.7849256405595044,0.3378572136982306,37.91805842385787
0.08542713567839195,2.993265306122449,2.9754590101593217,0.3443106237883608,37.914129365616
0.09045226130653267,2.993265306122449,3.1659710532524636,0.35136539103096937,37.90952241468344
0.09547738693467336,2.993265306122449,3.356457603806691,0.3590774948440952,37.903922327802604
0.10050251256281408,2.993265306122449,3.5469126898996364,0.36753053984848144,37.89691599933459
0.10552763819095477,2.993265306122449,3.737327883296291,0.37683820863107825,37.8879272309392
0.11055276381909548,2.993265306122449,3.9276912367142245,0.38715050249991106,37.87611361277262
0.11557788944723618,2.993265306122449,4.1179855768940925,0.3986644581019494,37.86019431370824
0.12060301507537688,2.993265306122449,4.308185591767315,0.4116410232518841,37.83815134661042
0.12562814070351758,2.993265306122449,4.498252746014215,0.4264325398083728,37.80660600184809
0.1306532663316583,2.993265306122449,4.688126560431568,0.4435214432842913,37.75995778974997
0.135678391959799,2.993265306122449,4.877707884468293,0.4635866100891701,37.68790862895159
0.1407035175879397,2.993265306122449,5.0668252605185655,0.48761781662247095,37.57092894511031
0.1457286432160804,2.993265306122449,5.255166603500129,0.5170917187237434,37.36980050289962
0.1507537688442211,2.993265306122449,5.442124316468754,0.5542950696211921,37.00000849312051
0.15577889447236182,2.993265306122449,5.626436652323144,0.6028419394223765,36.270627945823804
0.16080402010050251,2.993265306122449,5.805354625036242,0.6683628769391985,34.75118496857705
0.1658291457286432,2.993265306122449,5.973052969169234,0.7585457308438917,31.647083167988413
0.1708542713567839,2.993265306122449,6.119716662559822,0.8797488361796603,26.39290750520317
0.17587939698492464,2.993265306122449,6.236626835759643,1.029893783853408,20.16558796495893
0.18090452261306533,2.993265306122449,6.324175218976111,1.1990286281336975,14.941117080442682
0.18592964824120603,2.993265306122449,6.389468712566713,1.3780526797391501,11.288536260090574
0.19095477386934673,2.993265306122449,6.439675733376045,1.5619292692724747,8.859368132687688
0.19597989949748743,2.993265306122449,6.479848494483088,1.748275749185519,7.235409577628909
0.20100502512562815,2.993265306122449,6.513258822846153,1.935961005425575,6.13084393243075
0.20603015075376885,2.993265306122449,6.542042416662841,2.1244149953612146,5.372252603212975
0.21105527638190955,2.993265306122449,6.567655987817099,2.3133276795453313,4.856764320139547
0.21608040201005024,2.993265306122449,6.591163244522325,2.502514859937129,4.526760969981971
0.22110552763819097,2.993265306122449,6.6134143667181915,2.691854278677485,4.35452153638129
0.22613065326633167,2.993265306122449,6.635191218057008,2.88124824056427,4.3404042009493935
0.23115577889447236,2.993265306122449,6.6573571861846945,3.070597378612708,4.519948511541457
0.23618090452261306,2.993265306122449,6.681122998110814,3.2597514417854425,5.007645591321573
0.24120603015075376,2.993265306122449,6.708773281312428,3.4483706429137957,6.174019141319152
0.24623115577889448,2.993265306122449,6.74709937843548,3.6350403473888466,10.015548604708247
0.25125628140703515,2.993265306122449,6.855509955864552,3.7266852204952663,24.138147915491245
0.2562814070351759,2.993265306122449,6.942273329936543,3.557555033202904,14.430462305849863
0.2613065326633166,2.993265306122449,7.011041650371868,3.379756661236751,13.25902636554767
0.2663316582914573,2.993265306122449,7.077232198494058,3.2009745306959134,13.178660645163452
0.271356783919598,2.993265306122449,7.144111014984279,3.0224485561693,13.481051312240426
0.27638190954773867,2.993265306122449,7.213035030316378,2.844702957175485,13.974874941827265
0.2814070351758794,2.993265306122449,7.284762166316792,2.66807078971034,14.589419375723844
0.2864321608040201,2.993265306122449,7.359813794318895,2.492826240400344,15.294894012972835
0.2914572864321608,2.993265306122449,7.4386106135144185,2.3192343517521934,16.078784585402715
0.2964824120603015,2.993265306122449,7.521534122768744,2.14757648564679,16.93716841967847
0.3015075376884422,2.993265306122449,7.6089604947816465,1.9781688496698837,17.871562807312845
0.3065326633165829,2.993265306122449,7.7012853217886095,1.8113817726030919,18.888207340267748
0.31155778894472363,2.993265306122449,7.798948682386878,1.6476655759472632,19.99877679197748
0.3165829145728643,2.993265306122449,7.90246612550457,1.4875896003921563,21.22192193625568
0.32160804020100503,2.993265306122449,8.012467959193927,1.3319028005736173,22.584848397726837
0.32663316582914576,2.993265306122449,8.129742906129684,1.1816256654171444,24.123045013095716
0.3316582914572864,2.993265306122449,8.255267996264063,1.0381798841573195,25.874113441055126
0.33668341708542715,2.993265306122449,8.39017819372168,0.9035424394864215,27.85859246373212
0.3417085427135678,2.993265306122449,8.535593370089432,0.7803556915638845,30.04181387586669
0.34673366834170855,2.993265306122449,8.69220585950533,0.6717992876122896,32.28069337465902
0.35175879396984927,2.993265306122449,8.85968111742942,0.5809248672418542,34.31639642155435
0.35678391959798994,2.993265306122449,9.036313272816987,0.5094504111542439,35.89199962632744
0.36180904522613067,2.993265306122449,9.219467757745004,0.4568152970949616,36.91506059522436
0.36683417085427134,2.993265306122449,9.406551656164886,0.420399881556034,37.48198974551344
0.37185929648241206,2.993265306122449,9.595687052961619,0.39668555743273776,37.7583306998432
0.3768844221105528,2.993265306122449,9.785775129148579,0.3823328739716584,37.87895948753126
0.38190954773869346,2.993265306122449,9.976257543299873,0.3746834395559141,37.92487542758005
0.3869346733668342,2.993265306122449,10.16687535365796,0.3718173894080113,37.937421712562426
0.39195979899497485,2.993265306122449,10.357515447838482,0.3724272526112926,37.935738180820984
0.3969849246231156,2.993265306122449,10.548129750323488,0.37566172452109586,37.92802035000957
0.4020100502512563,2.993265306122449,10.738697123851885,0.38099521842750683,37.91737574996965
0.40703517587939697,2.993265306122449,10.92920550308693,0.38813524105482755,37.90455236076582
0.4120603015075377,2.993265306122449,11.119643204788376,0.3969624817058728,37.88909038278282
0.41708542713567837,2.993265306122449,11.30999402364286,0.4074976335107986,37.86967180446233
0.4221105527638191,2.993265306122449,11.50023281482371,0.41989027352286357,37.8440011457451
0.4271356783919598,2.993265306122449,11.69031935882572,0.4344281473057343,37.808262489350646
0.4321608040201005,2.993265306122449,11.88018821174089,0.45156986230127105,37.755905078418245
0.4371859296482412,2.993265306122449,12.069729084721345,0.4720101171318608,37.67509936796647
0.44221105527638194,2.993265306122449,12.258747940090466,0.4967986131975557,37.542934503007004
0.4472361809045226,2.993265306122449,12.446884691037015,0.5275413434981696,37.31303961308011
0.45226130653266333,2.993265306122449,12.633427591186436,0.566753199358311,36.884249885312705
0.457286432160804,2.993265306122449,12.816877468076456,0.6184289657803232,36.0260718453972
0.4623115577889447,2.993265306122449,12.993959914355601,0.6886999265405478,34.23369321856485
0.46733668341708545,2.993265306122449,13.157936243741545,0.785413616722848,30.6640914934354
0.4723618090452261,2.993265306122449,13.298536215750156,0.913583249408271,25.02666936934456
0.47738693467336685,2.993265306122449,13.408632175454954,1.0688353665949886,18.89905527221715
0.4824120603015075,2.993265306122449,13.490704653670807,1.2407289078773267,14.03574604253056
0.48743718592964824,2.993265306122449,13.552283137455117,1.421080368575784,10.697802171994734
0.49246231155778897,2.993265306122449,13.600089466888123,1.6056020010473295,8.479635825610295
0.49748743718592964,2.993265306122449,13.63871688670571,1.792277519525978,6.990756649291099
0.5025125628140703,2.993265306122449,13.67113522227295,1.980137787069525,5.975173700589456
0.507537688442211,2.993265306122449,13.699301123883192,2.1686855947729007,5.278814223951341
0.5125628140703518,2.993265306122449,13.724569137981517,2.357645007776499,4.811027646594003
0.5175879396984925,2.993265306122449,13.747951036014724,2.546847740494919,4.5221473873327716
0.5226130653266332,2.993265306122449,13.77028219619855,2.736177542295919,4.391828774386658
0.5276381909547738,2.993265306122449,13.792369166775988,2.925534401069398,4.429231868319194
0.5326633165829145,2.993265306122449,13.815162290675298,3.114808617526978,4.687778462882106
0.5376884422110553,2.993265306122449,13.84011043491954,3.3038092388683045,5.331702187742702
0.542713567839196,2.993265306122449,13.870279401034464,3.4920350135339095,6.947255498169157
0.5477386934673367,2.993265306122449,13.917522067631083,3.6764469585785893,14.25300603934969
0.5527638190954773,2.993265306122449,14.040550383739783,3.658701119436765,18.06666618547071
0.5577889447236181,2.993265306122449,14.117584924829485,3.4844299852998297,13.907285861671898
0.5628140703517588,2.993265306122449,14.185279087863691,3.30621422411994,13.23832307459732
0.5678391959798995,2.993265306122449,14.251815768117115,3.1275613493070438,13.314179804254922
0.5728643216080402,2.993265306122449,14.319579380938228,2.949369740531173,13.690441723981017
0.5778894472361809,2.993265306122449,14.38967716895438,2.772084118184851,14.229844005968268
0.5829145728643216,2.993265306122449,14.46277476768248,2.5960150047136046,14.878748658679278
0.5879396984924623,2.993265306122449,14.539356428547903,2.4214339673395093,15.614105623732716
0.592964824120603,2.993265306122449,14.619829405233961,2.2486130733659864,16.426657288658784
0.5979899497487438,2.993265306122449,14.704574222124856,2.0778474322464247,17.3144277362931
0.6030150753768844,2.993265306122449,14.793974840307952,1.9094738399024542,18.28059370331132
0.6080402010050251,2.993265306122449,14.888443461671073,1.743892309042141,19.33330936288147
0.6130653266331658,2.993265306122449,14.988447913988963,1.5815965925077637,20.48681413816599
0.6180904522613065,2.993265306122449,15.094546240931793,1.423220990869621,21.763062420099565
0.6231155778894473,2.993265306122449,15.207428937313043,1.2696126518387492,23.192844669520184
0.628140703517588,2.993265306122449,15.327960466014797,1.121938740775089,24.813776368580413
0.6331658291457286,2.993265306122449,15.457192324068973,0.9818298974784689,26.659815071646218
0.6381909547738693,2.993265306122449,15.59628566404493,0.8515292342366512,28.734658338209
0.6432160804020101,2.993265306122449,15.746250441880937,0.7339383734047953,30.96485839853143
0.6482412060301508,2.993265306122449,15.907432103288949,0.6323045279097459,33.155844700993136
0.6532663316582915,2.993265306122449,16.078936905431682,0.549287646118542,35.027714472598895
0.6582914572864321,2.993265306122449,16.258579379053195,0.485734519409895,36.37562699615685
0.6633165829145728,2.993265306122449,16.443624210266293,0.4401402021300931,37.19308427529666
0.6683417085427136,2.993265306122449,16.631727424722943,0.4093601162231352,37.62138362861994
0.6733668341708543,2.993265306122449,16.821348964147212,0.3898499123397511,37.82083439001985
0.678391959798995,2.993265306122449,17.011644603395116,0.37852012858789097,37.903769702795785
0.6834170854271356,2.993265306122449,17.202203098204684,0.37302329409946233,37.93261394550791
0.6884422110552764,2.993265306122449,17.39283886692949,0.37170953499008147,37.93782363265023
0.6934673366834171,2.993265306122449,17.583472296829473,0.37347622320894464,37.93305490216157
0.6984924623115578,2.993265306122449,17.774069222509954,0.37761906148100977,37.92393575113092
0.7035175879396985,2.993265306122449,17.96461377019425,0.3837171282054259,37.9123907745088
0.7085427135678392,2.993265306122449,18.155094822499994,0.3915544621370802,37.89859157356445
0.7135678391959799,2.993265306122449,18.34549935956254,0.40107179145544225,37.88171435607261
0.7185929648241206,2.993265306122449,18.535808084417617,0.4123428149180585,37.86007841123075
0.7236180904522613,2.993265306122449,18.725990569557396,0.4255714052429481,37.830859002911005
0.7286432160804021,2.993265306122449,18.915997858299562,0.44110983375459334,37.789319755142955
0.7336683417085427,2.993265306122449,19.10574926511475,0.4595032553777393,37.72716270425745
0.7386934673366834,2.993265306122449,19.295106685073847,0.4815731665589754,37.62897896038413
0.7437185929648241,2.993265306122449,19.4838215784724,0.5085678731620716,37.464487943621634
0.7487437185929648,2.993265306122449,19.67142186552057,0.5424104437989274,37.170254778424486
0.7537688442211056,2.993265306122449,19.856948154571903,0.5861412538862028,36.6047810917684
0.7587939698492462,2.993265306122449,20.038337701422613,0.6445660560676278,35.44643586359482
0.7638190954773869,2.993265306122449,20.21111524512309,0.7247224650291791,33.03661310993551
0.7688442211055276,2.993265306122449,20.36680280447465,0.8341700170838147,28.554225362299203
0.7738693467336684,2.993265306122449,20.49523388751179,0.9745398537225121,22.441730404806275
0.7788944723618091,2.993265306122449,20.593066759099255,1.137875483929033,16.7081386284191
0.7839195979899497,2.993265306122449,20.665795624686137,1.3139766864801659,12.501769562672983
0.7889447236180904,2.993265306122449,20.721038741487224,1.496390155922557,9.677498098827426
0.7939698492462312,2.993265306122449,20.76463377521982,1.6819605741201564,7.798049086449829
0.7989949748743719,2.993265306122449,20.800425011202616,1.8692041898217715,6.527723757318364
0.8040201005025126,2.993265306122449,20.830904068024065,2.0573904049111174,5.657507567279052
0.8090452261306532,2.993265306122449,20.857741909649715,2.2461325289703566,5.0627167005326585
0.8140703517587939,2.993265306122449,20.88212751519925,2.4352081327981936,4.672716318907347
0.8190954773869347,2.993265306122449,20.904982280670275,2.6244753126264238,4.449756453922533
0.8241206030150754,2.993265306122449,20.927112300764488,2.813827796620715,4.3854015230675
0.8291457286432161,2.993265306122449,20.94935698212447,3.0031658024583106,4.502930867510673
0.8341708542713567,2.993265306122449,20.97280822590835,3.192359075166242,4.888361399218283
0.8391959798994975,2.993265306122449,20.999347500657453,3.381140388729522,5.806666639160679
0.8442211055276382,2.993265306122449,21.033752693960935,3.5686149376029563,8.419180295722835
0.8492462311557789,2.993265306122449,21.11271465569397,3.734809329500413,37.56723273451811
0.8542713567839196,2.993265306122449,21.222348644910333,3.588335394026032,15.368397629432494
0.8592964824120602,2.993265306122449,21.293543850926408,3.411509663362591,13.481049444733431
0.864321608040201,2.993265306122449,21.360311207548012,3.2329429066941744,13.217082243411967
0.8693467336683417,2.993265306122449,21.427167005964062,3.054410160713706,13.442953654230593
0.8743718592964824,2.993265306122449,21.495787946727035,2.8765473364996774,13.895940091395207
0.8793969849246231,2.993265306122449,21.567048958154558,2.6997264484631467,14.48442671622996
0.8844221105527639,2.993265306122449,21.641522480563378,2.5242352348627057,15.170544709384616
0.8894472361809045,2.993265306122449,21.719652809685726,2.35034211362579,15.938188912082978
0.8944723618090452,2.993265306122449,21.80183175999152,2.1783262881217067,16.781503804402995
0.8994974874371859,2.993265306122449,21.888438150193416,2.0084976741109846,17.700764270815185
0.9045226130653267,2.993265306122449,21.979864509195856,1.8412160240123514,18.701120153648407
0.9095477386934674,2.993265306122449,22.076542199025823,1.676915355805005,19.793048631571228
0.914572864321608,2.993265306122449,22.178971368188133,1.5161401691324414,20.993733864197868
0.9195979899497487,2.993265306122449,22.287758964532184,1.3596014984511358,22.328716340163957
0.9246231155778895,2.993265306122449,22.403662482282193,1.208262531196789,23.832161614142873
0.9296482412060302,2.993265306122449,22.527624784231495,1.063461522080718,25.542191834242722
0.9346733668341709,2.993265306122449,22.660759855250294,0.9270643826575516,27.48465797605699
0.9396984924623115,2.993265306122449,22.8042124407767,0.8015915950003116,29.638574113488776
0.9447236180904522,2.993265306122449,22.958794625431164,0.6901562131145257,31.883722408632877
0.949748743718593,2.993265306122449,23.124398890951543,0.5959117167832532,33.97726477403138
0.9547738693467337,2.993265306122449,23.299559596870505,0.520908794026012,35.64892863264427
0.9597989949748744,2.993265306122449,23.48174334109174,0.46502201900357426,36.768773774827615
0.964824120603015,2.993265306122449,23.66828211491636,0.4259316645576161,37.405935273589236
0.9698492462311558,2.993265306122449,23.85714900728225,0.4001879541552379,37.72317473714809
0.9748743718592965,2.993265306122449,24.04711879377445,0.3843651381524841,37.86443854050733
0.9798994974874372,2.993265306122449,24.23755560708216,0.3756685216215504,37.91988200487407
0.9849246231155779,2.993265306122449,24.428160371670142,0.3720517617138427,37.93657539036486
0.9899497487437185,2.993265306122449,24.61880128361749,0.37210880851372397,37.9366366395873
0.9949748743718593,2.993265306122449,24.809423189147967,0.37491669861284477,37.929675208706485
1.0,2.993265306122449,25.0,0.3798994601892836,37.919577708686276
0.0,2.9944897959183674,0.0,1.0,17.014022498818196
0.005025125628140704,2.9944897959183674,0.09489776737835093,0.8346745371192658,20.893527964962626
0.010050251256281407,2.9944897959183674,0.21130409325587202,0.6838210528479944,25.544158412681497
0.01507537688442211,2.9944897959183674,0.3520696634618355,0.5555509648387148,30.431528422942748
0.020100502512562814,2.9944897959183674,0.5155076612303492,0.4578553439354516,34.35597888218079
0.02512562814070352,2.9944897959183674,0.6944152887741121,0.3923868903376909,36.573945325571046
0.03015075376884422,2.9944897959183674,0.8809200169562682,0.3529478970352982,37.504006919785596
0.035175879396984924,2.9944897959183674,1.0703453554683482,0.3309784592253753,37.82768469251129
0.04020100502512563,2.9944897959183674,1.2607349743577556,0.31972929198273575,37.92714003721174
0.04522613065326633,2.9944897959183674,1.4514043331123785,0.31487463146826866,37.952938891875746
0.05025125628140704,2.9944897959183674,1.6421360365661466,0.3138504513445395,37.95646619747404
0.05527638190954774,2.9944897959183674,1.8328670347862337,0.31517961636801395,37.95402697006111
0.06030150753768844,2.9944897959183674,2.0235818517147792,0.3180206896339905,37.95043127860532
0.06532663316582915,2.9944897959183674,2.214278542893267,0.3218994004014754,37.946887193480926
0.07035175879396985,2.9944897959183674,2.4049579288055205,0.32655438318593866,37.94353078480685
0.07537688442211055,2.9944897959183674,2.5956206213328796,0.3318501771479775,37.94020895154914
0.08040201005025126,2.9944897959183674,2.786266260588558,0.3377282969411972,37.936704332012624
0.08542713567839195,2.9944897959183674,2.976893345395574,0.34418019540130823,37.93278221615463
0.09045226130653267,2.9944897959183674,3.167499139223586,0.3512329073682595,37.92818245340802
0.09547738693467336,2.9944897959183674,3.358079477552065,0.358942512241313,37.9225902145983
0.10050251256281408,2.9944897959183674,3.548628392009421,0.3673926804672543,37.91559284969449
0.10552763819095477,2.9944897959183674,3.739137462989818,0.3766971404979343,37.906614682337676
0.11055276381909548,2.9944897959183674,3.9295947564556384,0.38700593158920427,37.89481392410933
0.11557788944723618,2.9944897959183674,4.119983105028902,0.39851613213190457,37.878910509548774
0.12060301507537688,2.9944897959183674,4.310277214416353,0.4114887487218996,37.85688767556847
0.12562814070351758,2.9944897959183674,4.500438574154655,0.426276296148666,37.82536615649749
0.1306532663316583,2.9944897959183674,4.6904067277307675,0.44336131285554203,37.77874462549397
0.135678391959799,2.9944897959183674,4.880082535019155,0.4634231528644096,37.706721825187984
0.1407035175879397,2.9944897959183674,5.069294519634365,0.4874524184580164,37.58976654771721
0.1457286432160804,2.9944897959183674,5.257730450849764,0.5169272901238922,37.38859113089362
0.1507537688442211,2.9944897959183674,5.444782168200765,0.554137748109701,37.01859869585497
0.15577889447236182,2.9944897959183674,5.629185982603148,0.6027044694503845,36.28824763370535
0.16080402010050251,2.9944897959183674,5.8081866270300395,0.6682709582296364,34.76589428185822
0.1658291457286432,2.9944897959183674,5.975941760495763,0.7585439703758272,31.65431154509165
0.1708542713567839,2.9944897959183674,6.122609175579601,0.879887527118369,26.387061495583136
0.17587939698492464,2.9944897959183674,6.239463578159722,1.0301938978176928,20.15047866658611
0.18090452261306533,2.9944897959183674,6.326930465182112,1.1994764319565203,14.92461179841511
0.18592964824120603,2.9944897959183674,6.392145443129061,1.3786289019624787,11.274057307090008
0.19095477386934673,2.9944897959183674,6.442285150186814,1.5626209808316798,8.84715545866852
0.19597989949748743,2.9944897959183674,6.482401125441727,1.749075491911972,7.225016065131769
0.20100502512562815,2.9944897959183674,6.51576266335034,1.936864524764721,6.121761877463248
0.20603015075376885,2.9944897959183674,6.544503100998151,2.1254198031788674,5.36408746688729
0.21105527638190955,2.9944897959183674,6.5700771110755785,2.3144323147247077,4.849158859447529
0.21608040201005024,2.9944897959183674,6.593546766924323,2.503718489112634,4.519346667572656
0.22110552763819097,2.9944897959183674,6.615760595508236,2.693156537271329,4.3470181120331
0.22613065326633167,2.9944897959183674,6.6374986463981935,2.8826491395959373,4.332362895126108
0.23115577889447236,2.9944897959183674,6.65962143127751,3.072097578932823,4.510644716723413
0.23618090452261306,2.9944897959183674,6.683334394997936,3.2613526281687513,4.995528572637959
0.24120603015075376,2.9944897959183674,6.71090826341119,3.45007772555945,6.154269532349726
0.24623115577889448,2.9944897959183674,6.7490680528405145,3.6368787642855773,9.95517890680129
0.25125628140703515,2.9944897959183674,6.856999163451935,3.7304646660622427,24.320775615668133
0.2562814070351759,2.9944897959183674,6.943972665436899,3.56135942956755,14.434261950730754
0.2613065326633166,2.9944897959183674,7.01273159727103,3.383457188476081,13.253955564945421
0.2663316582914573,2.9944897959183674,7.078890451540476,3.2045634890311834,13.171490162275873
0.271356783919598,2.9944897959183674,7.1457309418869,3.025923200616343,13.473046383167956
0.27638190954773867,2.9944897959183674,7.214613377686065,2.8480610926178067,13.966356568517568
0.2814070351758794,2.9944897959183674,7.286296522797282,2.671310041849642,14.580435379582841
0.2864321608040201,2.9944897959183674,7.361301841471818,2.495943841905117,15.28544078290068
0.2914572864321608,2.9944897959183674,7.44004986667229,2.3222270177038222,16.068809214485114
0.2964824120603015,2.9944897959183674,7.522921803643044,2.1504402948635186,16.92660451271195
0.3015075376884422,2.9944897959183674,7.61029342520537,1.980899080877557,17.860318060796878
0.3065326633165829,2.9944897959183674,7.702559783504052,1.81397266144593,18.876157872931174
0.31155778894472363,2.9944897959183674,7.8001602231423535,1.650109946717866,19.98575258738549
0.3165829145728643,2.9944897959183674,7.903609327636847,1.4898783151701525,21.207706460472227
0.32160804020100503,2.9944897959183674,8.013536253616788,1.3340239790933377,22.56920695506369
0.32663316582914576,2.9944897959183674,8.130728649028944,1.1835636782354277,24.105810878918817
0.3316582914572864,2.9944897959183674,8.2561632684432,1.0399143196645673,25.855398466162047
0.33668341708542715,2.9944897959183674,8.390977132390399,0.9050478005850985,27.839193804527632
0.3417085427135678,2.9944897959183674,8.536296704093354,0.7816033954359134,30.023630607235116
0.34673366834170855,2.9944897959183674,8.69282767440389,0.67276532868545,32.267025867253835
0.35175879396984927,2.9944897959183674,8.860252752950451,0.5816029705533277,34.31052947446774
0.35678391959798994,2.9944897959183674,9.036878061593796,0.5098636340143613,35.89506914939746
0.36180904522613067,2.9944897959183674,9.220067324436226,0.45701276865400664,36.92539190732435
0.36683417085427134,2.9944897959183674,9.407215491206944,0.4204397871188998,37.49679227148583
0.37185929648241206,2.9944897959183674,9.596431656646903,0.3966190189717411,37.775386600090215
0.3768844221105528,2.9944897959183674,9.786608291944393,0.38219745700951746,37.89700922758963
0.38190954773869346,2.9944897959183674,9.977182572531158,0.37450380570984115,37.94332530998186
0.3869346733668342,2.9944897959183674,10.167893518360655,0.3716085382213962,37.956026043430676
0.39195979899497485,2.9944897959183674,10.358627259505065,0.3721976828074705,37.95440565192057
0.3969849246231156,2.9944897959183674,10.549335564069521,0.3754157340613526,37.946723011889524
0.4020100502512563,2.9944897959183674,10.739996984304424,0.3807344346907158,37.93610969595378
0.40703517587939697,2.9944897959183674,10.930599581701825,0.38785951669984103,37.92332595336299
0.4120603015075377,2.9944897959183674,11.121131779028662,0.39667037013401063,37.90791929552842
0.41708542713567837,2.9944897959183674,11.311577402993208,0.4071865806471904,37.888579696297555
0.4221105527638191,2.9944897959183674,11.501911472822528,0.41955660364534575,37.86302386603458
0.4271356783919598,2.9944897959183674,11.69209402490264,0.4340668259149105,37.82746011645271
0.4321608040201005,2.9944897959183674,11.8820599631149,0.4511740138520909,37.775380826568565
0.4371859296482412,2.9944897959183674,12.071699772703427,0.4715702048418899,37.695038186196776
0.44221105527638194,2.9944897959183674,12.260820583483989,0.4963012791926357,37.56366308185973
0.4472361809045226,2.9944897959183674,12.449064852177525,0.5269669316026449,37.33526933843028
0.45226130653266333,2.9944897959183674,12.635725840395555,0.5660727266823067,36.90933702948039
0.457286432160804,2.9944897959183674,12.819314990926694,0.6176004952001809,36.057127660694896
0.4623115577889447,2.9944897959183674,12.99657919263132,0.6876690339397471,34.276054240968406
0.46733668341708545,2.9944897959183674,13.160807955512091,0.784140442487761,30.7224491064229
0.4723618090452261,2.9944897959183674,13.301720305987832,0.9121048760113593,25.089422337481516
0.47738693467336685,2.9944897959183674,13.412102630012411,1.0672659214569409,18.947984294629503
0.4824120603015075,2.9944897959183674,13.494371305247482,1.2391679591276952,14.065564401077772
0.48743718592964824,2.9944897959183674,13.556064118894382,1.4195787109788598,10.714362981690837
0.49246231155778897,2.9944897959183674,13.603931669038445,1.6041809770211493,8.488133399541496
0.49748743718592964,2.9944897959183674,13.642588297292372,1.7909459669300112,6.994360133540275
0.5025125628140703,2.9944897959183674,13.675016064905277,1.9788995662221889,5.97562925642773
0.507537688442211,2.9944897959183674,13.7031782003542,2.167542569289432,5.276948691215542
0.5125628140703518,2.9944897959183674,13.72843243536939,2.356598259398666,4.807417789250069
0.5175879396984925,2.9944897959183674,13.7517916937451,2.5458981059097647,4.5167727608856785
0.5226130653266332,2.9944897959183674,13.774090750608513,2.735325952067147,4.384407261732627
0.5276381909547738,2.9944897959183674,13.79613351271241,2.9247822426085963,4.418861853400323
0.5326633165829145,2.9944897959183674,13.8188635124035,3.1141583568297926,4.672516029273356
0.5376884422110553,2.9944897959183674,13.843712863423022,3.303266481120024,5.306193408170917
0.542713567839196,2.9944897959183674,13.873691193806163,3.4916180689321474,6.8898055333533055
0.5477386934673367,2.9944897959183674,13.920226920283728,3.6763295101618394,13.881336268407164
0.5527638190954773,2.9944897959183674,14.04281412710535,3.6646459950046864,18.242172153886003
0.5577889447236181,2.9944897959183674,14.120165040936424,3.49042128957215,13.923487679599702
0.5628140703517588,2.9944897959183674,14.18787762769253,3.3121125596953798,13.233954200761707
0.5678391959798995,2.9944897959183674,14.254373051912195,3.1333447002050008,13.303112061385258
0.5728643216080402,2.9944897959183674,14.322072228735255,2.9550284567224083,13.676158710527023
0.5778894472361809,2.9944897959183674,14.392092802666882,2.7776116677065077,14.213509574674369
0.5829145728643216,2.9944897959183674,14.4651041553707,2.6014054203752455,14.860796490477837
0.5879396984924623,2.9944897959183674,14.541591878311188,2.4266809977223023,15.594679250208234
0.592964824120603,2.9944897959183674,14.62196355468481,2.2537097221751665,16.405758145092513
0.5979899497487438,2.9944897959183674,14.706599473136619,2.0827855923729675,17.29196460524872
0.6030150753768844,2.9944897959183674,14.795882929920895,1.9142438688993209,18.25638968362585
0.6080402010050251,2.9944897959183674,14.890224991988502,1.7484824313516851,19.30708613198837
0.6130653266331658,2.9944897959183674,14.990091764519805,1.5859920024258147,20.45816221891598
0.6180904522613065,2.9944897959183674,15.096038853350404,1.4274024936785206,21.73142167559134
0.6231155778894473,2.9944897959183674,15.208753640638236,1.2735546814500227,23.15755066264325
0.628140703517588,2.9944897959183674,15.329097339193233,1.1256067140230366,24.774249785622526
0.6331658291457286,2.9944897959183674,15.458119718574437,0.9851773863378096,26.616075168464093
0.6381909547738693,2.9944897959183674,15.59698524444047,0.8544967351904675,28.68817531601494
0.6432160804020101,2.9944897959183674,15.74671759192151,0.7364581063383144,30.91981077003255
0.6482412060301508,2.9944897959183674,15.907690171830609,0.6343182289526255,33.11886580237229
0.6532663316582915,2.9944897959183674,16.079043107947125,0.5507752381062423,35.00496298944467
0.6582914572864321,2.9944897959183674,16.25861109227572,0.48673500836597317,36.36847359470712
0.6633165829145728,2.9944897959183674,16.443652422074077,0.4407402373782076,37.198035034217895
0.6683417085427136,2.9944897959183674,16.631800710634465,0.4096608659880099,37.63363280045194
0.6733668341708543,2.9944897959183674,16.821494266903173,0.3899401912547553,37.83678936864046
0.678391959798995,2.9944897959183674,17.01187488105311,0.3784663379978942,37.921408803650024
0.6834170854271356,2.9944897959183674,17.202524052909244,0.3728706698881071,37.950969163386844
0.6884422110552764,2.9944897959183674,17.393252846957964,0.3714870961152944,37.95647332983808
0.6934673366834171,2.9944897959183674,17.583980635959623,0.3732016500641775,37.951831134144975
0.6984924623115578,2.9944897959183674,17.77467204555238,0.3773023048579292,37.94278137960696
0.7035175879396985,2.9944897959183674,17.96531143307413,0.3833629065968999,37.931296811213215
0.7085427135678392,2.9944897959183674,18.15588766196521,0.3911637304649471,37.917574204962904
0.7135678391959799,2.9944897959183674,18.346387850929744,0.4006425429130828,37.900807788520154
0.7185929648241206,2.9944897959183674,18.536792936891317,0.4118703458023778,37.879337357029954
0.7236180904522613,2.9944897959183674,18.727072746304003,0.42504811988677155,37.85037222429519
0.7286432160804021,2.9944897959183674,18.91717906354211,0.44052455928870315,37.80923772966484
0.7336683417085427,2.9944897959183674,19.10703208228819,0.4588398662814413,37.747752047578686
0.7386934673366834,2.9944897959183674,19.296495574125398,0.4808082849738612,37.65072667604769
0.7437185929648241,2.9944897959183674,19.485324595412887,0.5076667438013408,37.4883732786142
0.7487437185929648,2.9944897959183674,19.673054250207613,0.5413202414024649,37.19834980832262
0.7537688442211056,2.9944897959183674,19.858740781903393,0.5847807868349608,36.64152049839215
0.7587939698492462,2.9944897959183674,20.04035586683145,0.642813516284794,35.50187533786191
0.7638190954773869,2.9944897959183674,20.213491904333683,0.7224236382347825,33.12651152529939
0.7688442211055276,2.9944897959183674,20.36974252445794,0.8312339034851457,28.685904413465693
0.7738693467336684,2.9944897959183674,20.498873008452975,0.9710849215744977,22.579855726980753
0.7788944723618091,2.9944897959183674,20.59732109634019,1.1341552299446556,16.811907429317273
0.7839195979899497,2.9944897959183674,20.67047595122983,1.3101789077896322,12.568916114842965
0.7889447236180904,2.9944897959183674,20.725987406105613,1.4926078162323448,9.719048521109867
0.7939698492462312,2.9944897959183674,20.76974775282656,1.6782351429984832,7.82348612442394
0.7989949748743719,2.9944897959183674,20.805639566328228,1.8655546724719598,6.542993911180041
0.8040201005025126,2.9944897959183674,20.83617724698027,2.0538261516956426,5.665961398717761
0.8090452261306532,2.9944897959183674,20.86304455117142,2.2426586047280144,5.066177101636943
0.8140703517587939,2.9944897959183674,20.8874375248814,2.4318276324599464,4.672205726556175
0.8190954773869347,2.9944897959183674,20.910280162736445,2.621190556475013,4.445435012219501
0.8241206030150754,2.9944897959183674,20.932377926540763,2.8106411065412558,4.376715386362712
0.8291457286432161,2.9944897959183674,20.954564626463394,3.0000800708326034,4.488108159889992
0.8341708542713567,2.9944897959183674,20.977917426766567,3.1893798920601326,4.862782794575151
0.8391959798994975,2.9944897959183674,21.004275374555085,3.3782813780566245,5.755774454984892
0.8442211055276382,2.9944897959183674,21.038237691526806,3.5659347366156133,8.263781369882858
0.8492462311557789,2.9944897959183674,21.11280237737119,3.736487129334899,35.60944431829702
0.8542713567839196,2.9944897959183674,21.225603784634483,3.5965293123256927,15.48187426430442
0.8592964824120602,2.9944897959183674,21.297042864763593,3.419703495607468,13.494764611312512
0.864321608040201,2.9944897959183674,21.363813568840815,3.241038308305729,13.208721330330368
0.8693467336683417,2.9944897959183674,21.430602813147726,3.0623804435828728,13.425861594965465
0.8743718592964824,2.9944897959183674,21.49912504719736,2.8843792154397674,13.87412436387863
0.8793969849246231,2.9944897959183674,21.570267951647732,2.707409849485005,14.459385024685968
0.8844221105527639,2.9944897959183674,21.644608878435847,2.5317607444199073,15.142870895077918
0.8894472361809045,2.9944897959183674,21.72259399903253,2.357699843512946,15.908083272984419
0.8944723618090452,2.9944897959183674,21.80461556983636,2.1855051898346565,16.74895842286564
0.8994974874371859,2.9944897959183674,21.891051983541775,2.015484939402027,17.665621500984056
0.9045226130653267,2.9944897959183674,21.982294607219302,1.847996335837796,18.66307134233423
0.9095477386934674,2.9944897959183674,22.078772794449304,1.6834698280413727,19.751595318858993
0.914572864321608,2.9944897959183674,22.180983614619198,1.5224447308390938,20.94814090776663
0.9195979899497487,2.9944897959183674,22.289529681892954,1.3656244369135884,22.277995869534127
0.9246231155778895,2.9944897959183674,22.40516306666615,1.2139609397254154,23.775178946527916
0.9296482412060302,2.9944897959183674,22.528821291311655,1.0687767004204731,25.478066554604215
0.9346733668341709,2.9944897959183674,22.66161645012039,0.9319173893843679,27.413741456852335
0.9396984924623115,2.9944897959183674,22.804701339787165,0.8058827311592311,29.564030369151588
0.9447236180904522,2.9944897959183674,22.958914983724625,0.693777517869123,31.81316439610591
0.949748743718593,2.9944897959183674,23.124196953466363,0.5987806479055873,33.921272998132075
0.9547738693467337,2.9944897959183674,23.299130051911295,0.523014215769992,35.614949550099254
0.9597989949748744,2.9944897959183674,23.481198820869082,0.466441627701311,36.756255755332
0.964824120603015,2.9944897959183674,23.667716012433797,0.42680090201294796,37.4086670406785
0.9698492462311558,2.9944897959183674,23.856620828010623,0.40065036698254153,37.734588884465076
0.9748743718592965,2.9944897959183674,24.046660077722002,0.3845407266246663,37.88012801480966
0.9798994974874372,2.9944897959183674,24.23718117345466,0.3756451118381781,37.93749282666219
0.9849246231155779,2.9944897959183674,24.42787685748418,0.37188888104420476,37.95500250109701
0.9899497487437185,2.9944897959183674,24.618611465733135,0.3718447677725768,37.95540335662721
0.9949748743718593,2.9944897959183674,24.809327752622757,0.37457490814509126,37.948593640769246
1.0,2.9944897959183674,25.0,0.37949314236446674,37.93861345081673
0.0,2.9957142857142856,0.0,1.0,17.014025728029747
0.005025125628140704,2.9957142857142856,0.09490498226895516,0.8345708547753424,20.896728055661715
0.010050251256281407,2.9957142857142856,0.21134017518029932,0.6836217882217074,25.552849088135943
0.01507537688442211,2.9957142857142856,0.35216693934290805,0.5552808494995218,30.447181450148182
0.020100502512562814,2.9957142857142856,0.5156970440309389,0.45755832563782073,34.376285829826934
0.02512562814070352,2.9957142857142856,0.694709600448288,0.39210517931698663,36.59489202672097
0.03015075376884422,2.9957142857142856,0.8813173581184766,0.35270101089603756,37.524013703451004
0.035175879396984924,2.9957142857142856,1.0708411002910097,0.3307670456725848,37.84691216037654
0.04020100502512563,2.9957142857142856,1.2613262256592706,0.3195465431553869,37.94597706930309
0.04522613065326633,2.9957142857142856,1.4520897773989114,0.3147127373601811,37.971617358963414
0.05025125628140704,2.9957142857142856,1.6429151791635122,0.3137028297927565,37.97509172897397
0.05527638190954774,2.9957142857142856,1.833739715401368,0.3150412865922404,37.97264115130829
0.06030150753768844,2.9957142857142856,2.02454807795603,0.3178880650641722,37.969048515344625
0.06532663316582915,2.9957142857142856,2.2153383400533166,0.3217699402726661,37.9655118572982
0.07035175879396985,2.9957142857142856,2.4061113366793148,0.32642629692002617,37.96216338634726
0.07537688442211055,2.9957142857142856,2.5968676789360723,0.3317221921989855,37.9588489991917
0.08040201005025126,2.9957142857142856,2.7876070038831413,0.33759948797459793,37.955351433937565
0.08542713567839195,2.9957142857142856,2.9783278096720354,0.34404986800662896,37.95143624601567
0.09045226130653267,2.9957142857142856,3.169027361693915,0.35110051925211966,37.946843657245545
0.09547738693467336,2.9957142857142856,3.359701494944749,0.35880762053868315,37.941259252223226
0.10050251256281408,2.9957142857142856,3.5503442442159145,0.36725490769147384,37.93427083592124
0.10552763819095477,2.9957142857142856,3.7409471991525183,0.37655615464569464,37.92530325284577
0.11055276381909548,2.9957142857142856,3.931498438516782,0.3868614381545717,37.91351533379781
0.11557788944723618,2.9957142857142856,4.121980801631109,0.3983678778812475,37.897627769512106
0.12060301507537688,2.9957142857142856,4.312369011571743,0.41133653818877197,37.87562491933148
0.12562814070351758,2.9957142857142856,4.502624580382704,0.42612010673275624,37.844127334563034
0.1306532663316583,2.9957142857142856,4.692687080004424,0.4432012253166634,37.797532692275844
0.135678391959799,2.9957142857142856,4.882457378664208,0.46325972294063195,37.72553651098686
0.1407035175879397,2.9957142857142856,5.071763980096447,0.48728701838450783,37.60860471371776
0.1457286432160804,2.9957142857142856,5.2602945094981965,0.5167628287741732,37.407384748587894
0.1507537688442211,2.9957142857142856,5.447440249174136,0.5539803326321212,37.037187802102814
0.15577889447236182,2.9957142857142856,5.631935559030927,0.6025668675158358,36.30587108347802
0.16080402010050251,2.9957142857142856,5.811018907182218,0.6681788308863329,34.78064500766345
0.1658291457286432,2.9957142857142856,5.978830886197649,0.7585418962100376,31.661707543009143
0.1708542713567839,2.9957142857142856,6.125501924443611,0.8800259521745146,26.381283662466906
0.17587939698492464,2.9957142857142856,6.242300520924021,1.0304936440595138,20.135354569174208
0.18090452261306533,2.9957142857142856,6.329686010072346,1.1999237094141388,14.908151154960988
0.18592964824120603,2.9957142857142856,6.394822628723131,1.379204469895098,11.259588647385925
0.19095477386934673,2.9957142857142856,6.444895170529299,1.5633119533523696,8.834974058745704
0.19597989949748743,2.9957142857142856,6.484954490277694,1.7498744417591028,7.214647907940968
0.20100502512562815,2.9957142857142856,6.518267351970395,1.937767213480977,6.112708729216895
0.20603015075376885,2.9957142857142856,6.546964737633772,2.1264237517817572,5.355939603827645
0.21105527638190955,2.9957142857142856,6.5724992834685905,2.315536073157666,4.841566975941162
0.21608040201005024,2.9957142857142856,6.5959314270596,2.5049212382326447,4.511957899276193
0.22110552763819097,2.9957142857142856,6.618108056928502,2.6944579037879888,4.339538848076006
0.22613065326633167,2.9957142857142856,6.639807410905934,2.8840491553349157,4.32434360973356
0.23115577889447236,2.9957142857142856,6.661887135693822,3.0735968787593766,4.5013810016128035
0.23618090452261306,2.9957142857142856,6.685547791190923,3.262952833095442,4.98384961787922
0.24120603015075376,2.9957142857142856,6.713045704222483,3.4517837190705505,6.134632609191206
0.24623115577889448,2.9957142857142856,6.751040320138179,3.63871562918046,9.895416892097348
0.25125628140703515,2.9957142857142856,6.858483971874514,3.7342447521184505,24.509470316647587
0.2562814070351759,2.9957142857142856,6.945672866033504,3.5651685556896457,14.438192352391301
0.2613065326633166,2.9957142857142856,7.014422631866505,3.387162543404321,13.248893598579786
0.2663316582914573,2.9957142857142856,7.0805498442809,3.2081573140220465,13.164343011748729
0.271356783919598,2.9957142857142856,7.14735200700202,3.0294027619468933,13.465051220897564
0.27638190954773867,2.9957142857142856,7.216192863696655,2.851424170773169,13.957825019210556
0.2814070351758794,2.9957142857142856,7.287832008752184,2.674554269339799,14.571452804612989
0.2864321608040201,2.9957142857142856,7.362791006148081,2.4990664520029005,15.275981674134052
0.2914572864321608,2.9957142857142856,7.441490221335407,2.325224730096556,16.05883078151959
0.2964824120603015,2.9957142857142856,7.524310568228382,2.153309193417078,16.91603667186426
0.3015075376884422,2.9957142857142856,7.611627419575305,1.9836344525232195,17.849069156749874
0.3065326633165829,2.9957142857142856,7.703835287001217,1.8165687534533776,18.864102305121797
0.31155778894472363,2.9957142857142856,7.8013727816586265,1.6525595979382333,19.972722726022248
0.3165829145728643,2.9957142857142856,7.90475352018752,1.4921724089330919,21.19348814066853
0.32160804020100503,2.9957142857142856,8.014605500377705,1.3361506611762273,22.553560801022606
0.32663316582914576,2.9957142857142856,8.131715277560751,1.1855073448661206,24.088562439758018
0.3316582914572864,2.9957142857142856,8.257059301271301,1.0416545765015628,25.836648646052176
0.33668341708542715,2.9957142857142856,8.391776583583363,0.906559118481421,27.8197088107721
0.3417085427135678,2.9957142857142856,8.537000175990645,0.7828571439287426,30.00536029024275
0.34673366834170855,2.9957142857142856,8.693448975146527,0.6737371606022577,32.25321688233598
0.35175879396984927,2.9957142857142856,8.860823123444872,0.5822863054560963,34.30450582666072
0.35678391959798994,2.9957142857142856,9.037440853756962,0.510281132761613,35.89801195595307
0.36180904522613067,2.9957142857142856,9.220664370734806,0.45721343812142334,36.93564206671603
0.36683417085427134,2.9957142857142856,9.407876518448823,0.42048194091685437,37.51155482368705
0.37185929648241206,2.9957142857142856,9.597173314260646,0.39655403358316166,37.79242679255285
0.3768844221105528,2.9957142857142856,9.78743846118354,0.3820631097683126,37.91505277141869
0.38190954773869346,2.9957142857142856,9.978104591864254,0.3743249324689467,37.96177377144387
0.3869346733668342,2.9957142857142856,10.16890868809813,0.3714002587544898,37.974630850818585
0.39195979899497485,2.9957142857142856,10.359736144836427,0.3719685666996684,37.97307416554555
0.3969849246231156,2.9957142857142856,10.550538372853856,0.375170131360955,37.96542652603631
0.4020100502512563,2.9957142857142856,10.741293841982193,0.38047400113530516,37.95484477057351
0.40703517587939697,2.9957142857142856,10.931990688936,0.38758412123363584,37.94210059767831
0.4120603015075377,2.9957142857142856,11.122617351274572,0.39637857829350476,37.92674883543533
0.41708542713567837,2.9957142857142856,11.313157792299663,0.4068758542434401,37.90748764201185
0.4221105527638191,2.9957142857142856,11.503587124672016,0.4192232723267306,37.882046728222186
0.4271356783919598,2.9957142857142856,11.693865702749493,0.43370586354791085,37.84665749003488
0.4321608040201005,2.9957142857142856,11.883928731139195,0.4507785556450593,37.794854309361334
0.4371859296482412,2.9957142857142856,12.073667438670274,0.47113074677853367,37.71496812672169
0.44221105527638194,2.9957142857142856,12.262890197436537,0.4958044065072219,37.58438646340107
0.4472361809045226,2.9957142857142856,12.451241930318963,0.5263930577485365,37.35747551240543
0.45226130653266333,2.9957142857142856,12.638020893653135,0.5653929301507079,36.93441530583301
0.457286432160804,2.9957142857142856,12.821749150149488,0.6167726894612613,36.08812374565541
0.4623115577889447,2.9957142857142856,12.999194737123977,0.6866388182801575,34.31830735970589
0.46733668341708545,2.9957142857142856,13.16367565873714,0.7828671631299564,30.78041552222944
0.4723618090452261,2.9957142857142856,13.304901258193455,0.9106244223432687,25.152622281270116
0.47738693467336685,2.9957142857142856,13.415571805557683,1.0656925410245097,18.997199106911296
0.4824120603015075,2.9957142857142856,13.498038202743896,1.2376021640394739,14.09570519441465
0.48743718592964824,2.9957142857142856,13.559846396048249,1.418071802102276,10.731104647894007
0.49246231155778897,2.9957142857142856,13.607775849870396,1.6027545184009462,8.496720004197815
0.49748743718592964,2.9957142857142856,13.64646216333558,1.7896088843241902,6.998020596796079
0.5025125628140703,2.9957142857142856,13.67889970523293,1.9776557633147287,5.9761200767189635
0.507537688442211,2.9957142857142856,13.707058321040183,2.1663939261282703,5.275160375149199
0.5125628140703518,2.9957142857142856,13.732299025007947,2.355545878915338,4.8038501117971375
0.5175879396984925,2.9957142857142856,13.755635892324458,2.544942837132788,4.511439942703991
0.5226130653266332,2.9957142857142856,13.777903136712942,2.7344686857709197,4.377029659249366
0.5276381909547738,2.9957142857142856,13.799902029217904,2.9240243666224845,4.408580981610486
0.5326633165829145,2.9957142857142856,13.82256946997733,3.113502260628754,4.6574045753935
0.5376884422110553,2.9957142857142856,13.847321089727597,3.302717677887943,5.280966015486589
0.542713567839196,2.9957142857142856,13.877111869445546,3.4911943417453535,6.833513104510982
0.5477386934673367,2.9957142857142856,13.922968469034666,3.6761928603788325,13.532050252142572
0.5527638190954773,2.9957142857142856,14.045065959792616,3.670586736810001,18.427542667908728
0.5577889447236181,2.9957142857142856,14.122747551298055,3.496416220582339,13.940390770503972
0.5628140703517588,2.9957142857142856,14.190480365613896,3.31801523401543,13.229776256383575
0.5678391959798995,2.9957142857142856,14.256935217358613,3.139132456283831,13.292134583681777
0.5728643216080402,2.9957142857142856,14.32457027064351,2.9606917769688827,13.661927162570974
0.5778894472361809,2.9957142857142856,14.394513860949427,2.7831439876407758,14.197216668360381
0.5829145728643216,2.9957142857142856,14.467439162723222,2.6068007821199077,14.84288269576402
0.5879396984924623,2.9957142857142856,14.543833138143265,2.4319331686877494,15.575291260062903
0.592964824120603,2.9957142857142856,14.624103708560606,2.2588117338649276,16.38489846420087
0.5979899497487438,2.9957142857142856,14.708630935826779,2.0877293761817386,17.269544346757552
0.6030150753768844,2.9957142857142856,14.797797460001368,1.9190198324797465,18.232234181208497
0.6080402010050251,2.9957142857142856,14.892013223855567,1.7530788685445962,19.280919118786052
0.6130653266331658,2.9957142857142856,14.991742621256877,1.5903942030422746,20.429575045929887
0.6180904522613065,2.9957142857142856,15.097538830289407,1.431591397858124,21.69985657605628
0.6231155778894473,2.9957142857142856,15.21008612349371,1.277504904792068,23.122341396957616
0.628140703517588,2.9957142857142856,15.330242429776668,1.1292839137957178,24.73480693244778
0.6331658291457286,2.9957142857142856,15.45905569026793,0.9885354046615795,26.57238038973772
0.6381909547738693,2.9957142857142856,15.597693484161763,0.8574762784139853,28.641659579397977
0.6432160804020101,2.9957142857142856,15.74719293422567,0.7389913494480935,30.8745867636094
0.6482412060301508,2.9957142857142856,15.907954998831066,0.6363460025586594,33.08152665171883
0.6532663316582915,2.9957142857142856,16.079154010371905,0.552276131776055,34.98177557214609
0.6582914572864321,2.9957142857142856,16.258645440615364,0.4877466401855533,36.360952065032464
0.6633165829145728,2.9957142857142856,16.443681755281364,0.4413486710562032,37.20275571868012
0.6683417085427136,2.9957142857142856,16.631874263686683,0.40996751872468534,37.64576340022367
0.6733668341708543,2.9957142857142856,16.8216394178052,0.39003448132791707,37.85269098712965
0.678391959798995,2.9957142857142856,17.012104840740772,0.37841528696523613,37.939026676964474
0.6834170854271356,2.9957142857142856,17.20284464377976,0.37271999015617213,37.96931660628189
0.6884422110552764,2.9957142857142856,17.393666497712136,0.3712661362532965,37.97512059577039
0.6934673366834171,2.9957142857142856,17.58448846043082,0.37292829510148506,37.97060674469309
0.6984924623115578,2.9957142857142856,17.77527441027227,0.3769866525016203,37.96162662785485
0.7035175879396985,2.9957142857142856,17.966008646687687,0.3830097658542134,37.95020234005427
0.7085427135678392,2.9957142857142856,18.156680056770096,0.39077412441746673,37.936555645896945
0.7135678391959799,2.9957142857142856,18.347275892703323,0.40021452418670356,37.91989875200306
0.7185929648241206,2.9957142857142856,18.537777283334396,0.4113992693776153,37.898591969617826
0.7236180904522613,2.9957142857142856,18.72815443988177,0.42452646331920885,37.86987863607199
0.7286432160804021,2.9957142857142856,18.918359709617693,0.4399412323780545,37.82914437172731
0.7336683417085427,2.9957142857142856,19.1083142786724,0.45817887536681967,37.76832119433252
0.7386934673366834,2.9957142857142856,19.297883733018523,0.48004643504785016,37.67243933343309
0.7437185929648241,2.9957142857142856,19.486826614420647,0.5067695497226633,37.512195688616444
0.7487437185929648,2.9957142857142856,19.674685149265088,0.5402353487067542,37.22630278566801
0.7537688442211056,2.9957142857142856,19.86053099835436,0.5834276386224146,36.67801660882036
0.7587939698492462,2.9957142857142856,20.04236965515972,0.6410709995707542,35.55669074526683
0.7638190954773869,2.9957142857142856,20.215860365195244,0.7201377838362016,33.21564613749583
0.7688442211055276,2.9957142857142856,20.372670601016964,0.8283092401940073,28.817325331517182
0.7738693467336684,2.9957142857142856,20.502501095591843,0.9676356329455017,22.71832138882482
0.7788944723618091,2.9957142857142856,20.60156899058746,1.130435087901156,16.91675476753926
0.7839195979899497,2.9957142857142856,20.6751542672613,1.3063783356169538,12.636813348737705
0.7889447236180904,2.9957142857142856,20.730937075690946,1.4888214001482012,9.761072618317577
0.7939698492462312,2.9957142857142856,20.77486458178922,1.6745050764514569,7.849233916882711
0.7989949748743719,2.9957142857142856,20.810858159256483,1.8619002580284758,6.558462310498749
0.8040201005025126,2.9957142857142856,20.841455282876026,2.050256868556601,5.674553020403763
0.8090452261306532,2.9957142857142856,20.868352724248037,2.2391795595985595,5.069793757975032
0.8140703517587939,2.9957142857142856,20.892753615489465,2.4284419408034963,4.671810822338833
0.8190954773869347,2.9957142857142856,20.915584723019833,2.6179005421092323,4.441233641648093
0.8241206030150754,2.9957142857142856,20.937650956520915,2.8074493354729366,4.368187128676796
0.8291457286432161,2.9957142857142856,20.95978068965599,2.996988876052259,4.473543387937472
0.8341708542713567,2.9957142857142856,20.98303679964319,3.1863949488515795,4.837750270118375
0.8391959798994975,2.9957142857142856,21.009218101054266,3.3754157452065394,5.7062328029434575
0.8442211055276382,2.9957142857142856,21.04275358598554,3.5632435930748954,8.115758686114354
0.8492462311557789,2.9957142857142856,21.113281197464726,3.7370802565507524,32.645904335764214
0.8542713567839196,2.9957142857142856,21.22884871084282,3.6047217837577934,15.602876250829034
0.8592964824120602,2.9957142857142856,21.300546728738833,3.4279025755598944,13.509630505108806
0.864321608040201,2.9957142857142856,21.367324152230562,3.249139789551645,13.200706061565375
0.8693467336683417,2.9957142857142856,21.43404798319197,3.0703577548326026,13.408934168524269
0.8743718592964824,2.9957142857142856,21.50247223422931,2.8922185423213507,13.852429287971734
0.8793969849246231,2.9957142857142856,21.573497559229992,2.7151010582974044,14.434442342198828
0.8844221105527639,2.9957142857142856,21.647706353720746,2.5392944441179908,15.115286659316812
0.8894472361809045,2.9957142857142856,21.725546709591026,2.3650661898253063,15.87806659581238
0.8944723618090452,2.9957142857142856,21.807411358750116,2.1926932014386775,16.716507422678905
0.8994974874371859,2.9957142857142856,21.893678291383313,2.0224818925200037,17.63058361071967
0.9045226130653267,2.9957142857142856,21.984737736077236,1.8547870341532477,18.625139920828463
0.9095477386934674,2.9957142857142856,22.08101706400083,1.6900355587394156,19.71027990666992
0.914572864321608,2.9957142857142856,22.183010306164594,1.5287616633473944,20.90271747685257
0.9195979899497487,2.9957142857142856,22.291315776674036,1.3716612049110082,22.22748275310326
0.9246231155778895,2.9957142857142856,22.406680124458703,1.2196751223421876,23.718430528059578
0.9296482412060302,2.9957142857142856,22.5300354515071,1.0741102343217426,25.41416905516377
0.9346733668341709,2.9957142857142856,22.662491682752666,0.9367920321656532,27.34295780012396
0.9396984924623115,2.9957142857142856,22.805209105651947,0.8101992445937075,29.489416037027418
0.9447236180904522,2.9957142857142856,22.959052788910743,0.6974273227307964,31.742172400021463
0.949748743718593,2.9957142857142856,23.12400930719649,0.6016794747241505,33.86448690705016
0.9547738693467337,2.9957142857142856,23.29871037530872,0.5251475456562467,35.58007203120612
0.9597989949748744,2.9957142857142856,23.480660051335914,0.4678843297069949,36.74303941692127
0.964824120603015,2.9957142857142856,23.66715285778455,0.42768749513604737,37.41097380397573
0.9698492462311558,2.9957142857142856,23.85609398059708,0.40112506576843543,37.745787275659254
0.9748743718592965,2.9957142857142856,24.04620194036852,0.3847247848089276,37.89572240070753
0.9798994974874372,2.9957142857142856,24.23680708012803,0.3756275739077194,37.955064664653065
0.9849246231155779,2.9957142857142856,24.42759344998177,0.3717302165191958,37.973414172467464
0.9899497487437185,2.9957142857142856,24.618421614333403,0.37158394813249734,37.974164277988265
0.9949748743718593,2.9957142857142856,24.80923245151698,0.3742357835295768,37.96751062734022
1.0,2.9957142857142856,25.0,0.37908909260261386,37.95756935228031
0.0,2.996938775510204,0.0,1.0,17.014028644879104
0.005025125628140704,2.996938775510204,0.09491219536985142,0.8344671745596195,20.899928116118954
0.010050251256281407,2.996938775510204,0.21137626273300286,0.6834225301235558,25.561543715950993
0.01507537688442211,2.996938775510204,0.3522642575307362,0.5550107720073129,30.462845061966867
0.020100502512562814,2.996938775510204,0.5158865258341384,0.4572614328902806,34.3966029269176
0.02512562814070352,2.996938775510204,0.6950040443583502,0.391823699275193,36.61584186922539
0.03015075376884422,2.996938775510204,0.8817148365405002,0.3524544156793305,37.54402047824877
0.035175879396984924,2.996938775510204,1.0713369803253958,0.3305559316880388,37.866139531143816
0.04020100502512563,2.996938775510204,1.2619176124049938,0.31936407344964546,37.96481464508429
0.04522613065326633,2.996938775510204,1.452775362351436,0.314551090235758,37.99029700422942
0.05025125628140704,2.996938775510204,1.6436944676643928,0.3135554231635731,37.993718739185724
0.05527638190954774,2.996938775510204,1.8346125781797022,0.3149031429918874,37.991256939029945
0.06030150753768844,2.996938775510204,2.0255144908292007,0.31775560359921623,37.98766743133461
0.06532663316582915,2.996938775510204,2.2163983337890003,0.32164062432059404,37.984138221836574
0.07035175879396985,2.996938775510204,2.4072649493965086,0.3262983404650163,37.98079763273412
0.07537688442211055,2.996938775510204,2.598114949751372,0.3315943262928184,37.97749068073423
0.08040201005025126,2.996938775510204,2.7889479695376496,0.3374707898025,37.97400015582979
0.08542713567839195,2.996938775510204,2.979762503984383,0.34391964500972455,37.970091881058565
0.09045226130653267,2.996938775510204,3.170555819214031,0.3509682303550886,37.965506451804906
0.09547738693467336,2.996938775510204,3.3613237567316574,0.3586728238920881,37.959929865895916
0.10050251256281408,2.996938775510204,3.5520603521173557,0.36711722635506766,37.952950382692094
0.10552763819095477,2.996938775510204,3.742757199524225,0.3764152565685876,37.9439933666639
0.11055276381909548,2.996938775510204,3.933402389829836,0.3867170283118164,37.93221826584523
0.11557788944723618,2.996938775510204,4.123978775841541,0.3982197024209502,37.91634651772325
0.12060301507537688,2.996938775510204,4.314461096287728,0.41118440015974433,37.8943635050893
0.12562814070351758,2.996938775510204,4.50481087759798,0.4259639811778749,37.862889961801955
0.1306532663316583,2.996938775510204,4.694967730195884,0.443041191719039,37.816322414274076
0.135678391959799,2.996938775510204,4.884832532827342,0.4630963338830574,37.74435310843277
0.1407035175879397,2.996938775510204,5.07423376070218,0.4871216338650764,37.627443921843714
0.1457286432160804,2.996938775510204,5.262858901083461,0.5165983557238306,37.426181847538075
0.1507537688442211,2.996938775510204,5.450098681344937,0.5538228538356105,37.05577287341201
0.15577889447236182,2.996938775510204,5.634685502871311,0.6024291708420924,36.32349979723542
0.16080402010050251,2.996938775510204,5.813851588029477,0.6680865391484435,34.79544001363425
0.1658291457286432,2.996938775510204,5.981720473995292,0.758539551877104,31.669279900910826
0.1708542713567839,2.996938775510204,6.128395008992797,0.8801641971199439,26.37558063972036
0.17587939698492464,2.996938775510204,6.245137738467852,1.0307931368267669,20.120222104377273
0.18090452261306533,2.996938775510204,6.332441913199674,1.200370583375537,14.891736596065156
0.18592964824120603,2.996938775510204,6.397500313104333,1.3797795155607635,11.245130734232792
0.19095477386934673,2.996938775510204,6.447505831440909,1.5640023243827001,8.82281209523156
0.19597989949748743,2.996938775510204,6.487508620314642,1.750672738555437,7.204303830455741
0.20100502512562815,2.996938775510204,6.520772916467242,1.9386692124352318,6.1036824038740845
0.20603015075376885,2.996938775510204,6.549427350569221,2.127426985932428,5.347807611593497
0.21105527638190955,2.996938775510204,6.574922525280128,2.316639090400418,4.833987558240565
0.21608040201005024,2.996938775510204,6.598317241515029,2.5061232101304878,4.504593387571771
0.22110552763819097,2.996938775510204,6.620456765394021,2.695758470269656,4.332083009681536
0.22613065326633167,2.996938775510204,6.642117522828924,2.885448355039341,4.316346192889089
0.23115577889447236,2.996938775510204,6.6641543086281425,3.075095323007996,4.492134237845662
0.23618090452261306,2.996938775510204,6.687762499640635,3.2645521922280367,4.97182300662555
0.24120603015075376,2.996938775510204,6.715184646090013,3.4534887994781855,6.115110672669954
0.24623115577889448,2.996938775510204,6.753015678643809,3.6405510385053246,9.836457081883763
0.25125628140703515,2.996938775510204,6.85996551068239,3.738020985878733,24.704185883995436
0.2562814070351759,2.996938775510204,6.947375071914571,3.568978006456751,14.442220414854972
0.2613065326633166,2.996938775510204,7.016116002529523,3.390868356969373,13.243877059906467
0.2663316582914573,2.996938775510204,7.0822116668344455,3.21175174368535,13.157195698730089
0.271356783919598,2.996938775510204,7.1489756112242056,3.032882957576007,13.457063332986515
0.27638190954773867,2.996938775510204,7.217774971099874,2.854787948441954,13.949323043031248
0.2814070351758794,2.996938775510204,7.289370200743657,2.6777992601722724,14.562482980220816
0.2864321608040201,2.996938775510204,7.364282960135541,2.5021899015044045,15.266542905859968
0.2914572864321608,2.996938775510204,7.4429334507155085,2.328223368967023,16.04886937232076
0.2964824120603015,2.996938775510204,7.525702294934342,2.1561791196488946,16.90548712187023
0.3015075376884422,2.996938775510204,7.612964468288978,1.9863709684961286,17.837839667234462
0.3065326633165829,2.996938775510204,7.705113944822131,1.819166126036385,18.852069390394853
0.31155778894472363,2.996938775510204,7.802588603209941,1.65501069287565,19.959716073656924
0.3165829145728643,2.996938775510204,7.905901092800344,1.4944681429847726,21.179289839653332
0.32160804020100503,2.996938775510204,8.015678250774256,1.3382792228709106,22.537935148502672
0.32663316582914576,2.996938775510204,8.132705530212975,1.1874531837958195,24.071331051398772
0.3316582914572864,2.996938775510204,8.257959043187432,1.043397352632503,25.81791048251068
0.33668341708542715,2.996938775510204,8.39257975222724,0.9080733437992465,27.800234389006366
0.3417085427135678,2.996938775510204,8.537707134247082,0.784114054597475,29.98700598728028
0.34673366834170855,2.996938775510204,8.69407337255149,0.6747122989083882,32.23929793876798
0.35175879396984927,2.996938775510204,8.861395960929046,0.5829726196149777,34.29835611981073
0.35678391959798994,2.996938775510204,9.03800551166165,0.5107009752157453,35.90084818293746
0.36180904522613067,2.996938775510204,9.221262858528108,0.45741570649409713,36.945831184951274
0.36683417085427134,2.996938775510204,9.40853875849057,0.42052508351874895,37.52628889834244
0.37185929648241206,2.996938775510204,9.597916094272811,0.39648963293814815,37.80945618050194
0.3768844221105528,2.996938775510204,9.788269720076553,0.3819291479050455,37.93309443014013
0.38190954773869346,2.996938775510204,9.979027705256511,0.37414636011089886,37.980222681869826
0.3869346733668342,2.996938775510204,10.169924965058627,0.3711922554423389,37.99323665797937
0.39195979899497485,2.996938775510204,10.360846260419002,0.37173974381826114,37.99174382432776
0.3969849246231156,2.996938775510204,10.551742241591889,0.3749248395445779,37.98413130814753
0.4020100502512563,2.996938775510204,10.742591782459364,0.38021391331135124,37.97358073027527
0.40703517587939697,2.996938775510204,10.933382895987622,0.3873091134703144,37.96087599017283
0.4120603015075377,2.996938775510204,11.124104017260862,0.39608721782577133,37.94557922892097
0.41708542713567837,2.996938775510204,11.314739265669646,0.40656560709071177,37.92639586724614
0.4221105527638191,2.996938775510204,11.505263882899463,0.41889048425095,37.90106885312712
0.4271356783919598,2.996938775510204,11.695638462275323,0.43334552175821506,37.8658531925304
0.4321608040201005,2.996938775510204,11.885798598008636,0.45038381569393393,37.81432625526015
0.4371859296482412,2.996938775510204,12.07563617323054,0.4706921080054387,37.73489316225435
0.44221105527638194,2.996938775510204,12.26496083912749,0.49530859426073065,37.605096249339574
0.4472361809045226,2.996938775510204,12.45341995897389,0.5258204537435027,37.37967557315409
0.45226130653266333,2.996938775510204,12.640316750510012,0.5647147256340425,36.95943328839023
0.457286432160804,2.996938775510204,12.824183829156564,0.6159468646824464,36.11913280121882
0.4623115577889447,2.996938775510204,13.001810404072705,0.6856107264537388,34.3603886151038
0.46733668341708545,2.996938775510204,13.166543064061873,0.7815956523326427,30.837997537138595
0.4723618090452261,2.996938775510204,13.308081862215964,0.9091448254270059,25.215798491198942
0.47738693467336685,2.996938775510204,13.419041627234849,1.0641187709426831,19.046904862507215
0.4824120603015075,2.996938775510204,13.501706710716615,1.2360353391108645,14.125972428035945
0.48743718592964824,2.996938775510204,13.563630967745684,1.4165635834425174,10.747938785204266
0.49246231155778897,2.996938775510204,13.611622721494651,1.6013266446840966,8.505361093921552
0.49748743718592964,2.996938775510204,13.650338958423552,1.7882703459442448,7.0017409347595665
0.5025125628140703,2.996938775510204,13.682786441010231,1.9764104806991525,5.976654663131511
0.507537688442211,2.996938775510204,13.71094168295045,2.1652437904304334,5.273404459607903
0.5125628140703518,2.996938775510204,13.736169022950307,2.354491970995612,4.800332265751544
0.5175879396984925,2.996938775510204,13.759483661340715,2.5439859900216266,4.506151895028044
0.5226130653266332,2.996938775510204,13.781719308136822,2.7336098136176505,4.369718210859649
0.5276381909547738,2.996938775510204,13.803674600293261,2.923264365368248,4.398375774135701
0.5326633165829145,2.996938775510204,13.826279996472476,3.1128439758104074,4.642428823265256
0.5376884422110553,2.996938775510204,13.85093494290299,3.302166495429684,5.256060571015726
0.542713567839196,2.996938775510204,13.880541170566131,3.4907675296408627,6.778365682808032
0.5477386934673367,2.996938775510204,13.925744760298766,3.6760417687915465,13.203159808924813
0.5527638190954773,2.996938775510204,14.047304945658032,3.676524258979053,18.623562873397194
0.5577889447236181,2.996938775510204,14.125332149530701,3.5024161522202975,13.957974128954033
0.5628140703517588,2.996938775510204,14.193086973796184,3.323923560821433,13.225767162504491
0.5678391959798995,2.996938775510204,14.259501847736999,3.14492602652087,13.281226649142232
0.5728643216080402,2.996938775510204,14.327073075140909,2.9663610369042384,13.647738459758392
0.5778894472361809,2.996938775510204,14.396939874119656,2.7886823972902337,14.180959879771565
0.5829145728643216,2.996938775510204,14.469779288173292,2.612202393339931,14.824999553594665
0.5879396984924623,2.996938775510204,14.546079672902822,2.4371917640269505,15.555934634525777
0.592964824120603,2.996938775510204,14.626249299312066,2.2639203700172987,16.36407151350213
0.5979899497487438,2.996938775510204,14.710668009265595,2.092680019537371,17.2471599099905
0.6030150753768844,2.996938775510204,14.799717794275459,1.9238029388416675,18.208118713706305
0.6080402010050251,2.996938775510204,14.893807482885997,1.7576827974574756,19.254800040874198
0.6130653266331658,2.996938775510204,14.993399768496689,1.5948043374387035,20.40104522666743
0.6180904522613065,2.996938775510204,15.099045413042031,1.4357888046257798,21.66835901813911
0.6231155778894473,2.996938775510204,15.211425575327821,1.2814643795419223,23.087207768048934
0.628140703517588,2.996938775510204,15.331394870046497,1.1329713437908369,24.695437332515464
0.6331658291457286,2.996938775510204,15.459999312570883,0.9919048889288746,26.52872258670086
0.6381909547738693,2.996938775510204,15.598409397306535,0.8604687190464347,28.595098857028123
0.6432160804020101,2.996938775510204,15.747675416597222,0.7415388625053885,30.829196494170795
0.6482412060301508,2.996938775510204,15.908225495318804,0.6383885374569046,33.04380026723501
0.6532663316582915,2.996938775510204,16.079268410824366,0.5537908074138125,34.95812986788942
0.6582914572864321,2.996938775510204,16.25868112304524,0.4887696958498565,36.35304799130598
0.6633165829145728,2.996938775510204,16.443710858012395,0.4419656100128222,37.20723480564668
0.6683417085427136,2.996938775510204,16.631946692387995,0.4102800572132772,37.657772283631935
0.6733668341708543,2.996938775510204,16.821783013822962,0.39013269355538205,37.86853844479005
0.678391959798995,2.996938775510204,17.012333096750822,0.3783668670303215,37.956623410828854
0.6834170854271356,2.996938775510204,17.203163476945328,0.3725711427965229,37.98765660895842
0.6884422110552764,2.996938775510204,17.39407842860764,0.3710465421382253,37.99376579368632
0.6934673366834171,2.996938775510204,17.584994073906632,0.372656045397563,37.98938213560467
0.6984924623115578,2.996938775510204,17.775874573884767,0.3766719847405708,37.9804720126184
0.7035175879396985,2.996938775510204,17.96670367220276,0.38265758166437086,37.96910776737476
0.7085427135678392,2.996938775510204,18.157470277955998,0.3903855142050503,37.955536333586956
0.7135678391959799,2.996938775510204,18.348161741995867,0.39978759521054774,37.938987896871986
0.7185929648241206,2.996938775510204,18.53875940201175,0.4109294320909965,37.91784300936555
0.7236180904522613,2.996938775510204,18.729233952125004,0.424006266199604,37.88937883008957
0.7286432160804021,2.996938775510204,18.919538075935776,0.4393596604521163,37.8490403601421
0.7336683417085427,2.996938775510204,19.10959416112649,0.4575200630652685,37.78887176656422
0.7386934673366834,2.996938775510204,19.29926946758081,0.4792873684580974,37.69411805649793
0.7437185929648241,2.996938775510204,19.488325962009135,0.5058760155409452,37.53595519827596
0.7487437185929648,2.996938775510204,19.67631290294259,0.5391554275148103,37.25412689658356
0.7537688442211056,2.996938775510204,19.862317080894385,0.5820813966669585,36.71425708329115
0.7587939698492462,2.996938775510204,20.04437745924498,0.6393380269872428,35.61096674699377
0.7638190954773869,2.996938775510204,20.2182193396931,0.7178639320549897,33.30394974784265
0.7688442211055276,2.996938775510204,20.375585565728425,0.8253953535652534,28.948335352131444
0.7738693467336684,2.996938775510204,20.506116711745815,0.9641912063799694,22.85741998628185
0.7788944723618091,2.996938775510204,20.605809134880353,1.1267141189360295,17.0226398962857
0.7839195979899497,2.996938775510204,20.679829422513606,1.3025739181324583,12.705476509119622
0.7889447236180904,2.996938775510204,20.735886673706734,1.4850298222072713,9.803577751935782
0.7939698492462312,2.996938775510204,20.779983256198268,1.670769272004981,7.875284065586756
0.7989949748743719,2.996938775510204,20.816079826402824,1.858239840048113,6.574129237553708
0.8040201005025126,2.996938775510204,20.84673723617606,2.0466814365617503,5.683284881638232
0.8090452261306532,2.996938775510204,20.873665466287562,2.2356942814681267,5.073535891800935
0.8140703517587939,2.996938775510204,20.898074838224545,2.4250499512277077,4.671527330206851
0.8190954773869347,2.996938775510204,20.920894991860294,2.614604169871407,4.437152651865225
0.8241206030150754,2.996938775510204,20.94293035536507,2.80425087276297,4.359815503498255
0.8291457286432161,2.996938775510204,20.965004156162678,2.993891213639826,4.459231234115062
0.8341708542713567,2.996938775510204,20.988165354497628,3.1834032360863316,4.813166273655729
0.8391959798994975,2.996938775510204,21.01417335570064,3.372542691883327,5.65795188980952
0.8442211055276382,2.996938775510204,21.04729731578604,3.560541035121287,7.97461915050472
0.8492462311557789,2.996938775510204,21.114236687318055,3.7368498913775587,29.52224502692489
0.8542713567839196,2.996938775510204,21.23208141299588,3.6129113533404387,15.731949880015526
0.8592964824120602,2.996938775510204,21.304054602924687,3.4361060338197618,13.525633730631935
0.864321608040201,2.996938775510204,21.37084211276109,3.257247120132918,13.193094811991765
0.8693467336683417,2.996938775510204,21.437501920288142,3.0783414068814867,13.392213704546784
0.8743718592964824,2.996938775510204,21.50582896243314,2.9000645904743503,13.830858740300192
0.8793969849246231,2.996938775510204,21.576737269299784,2.7227993699209416,14.409599182327193
0.8844221105527639,2.996938775510204,21.650814416804273,2.5468356302931645,15.087795456466145
0.8894472361809045,2.996938775510204,21.728510481557645,2.37244044294686,15.848143804452118
0.8944723618090452,2.996938775510204,21.810218695933205,2.1998896010146356,16.684154708848663
0.8994974874371859,2.996938775510204,21.89631666949668,2.0294878061978983,17.59565253276523
0.9045226130653267,2.996938775510204,21.98719351779123,1.861587386600221,18.58733205098085
0.9095477386934674,2.996938775510204,22.083274661936425,1.6966118065101305,19.66911068893637
0.914572864321608,2.996938775510204,22.185051128093452,1.5350902204017456,20.85746723311572
0.9195979899497487,2.996938775510204,22.293116966041474,1.3777110510725683,22.177174205146045
0.9246231155778895,2.996938775510204,22.40821341111227,1.2254043249867768,23.661918628936654
0.9296482412060302,2.996938775510204,22.53126706285709,1.07946137478497,25.350512130831863
0.9346733668341709,2.996938775510204,22.663385422837642,0.9416875864374442,27.272345381854645
0.9396984924623115,2.996938775510204,22.805735766312665,0.8145405412979658,29.414744218073945
0.9447236180904522,2.996938775510204,22.95920846799577,0.7011055483121957,31.670717011851227
0.949748743718593,2.996938775510204,23.12383623997593,0.6046078851496921,33.80687082552205
0.9547738693467337,2.996938775510204,23.298300754187263,0.5273083175284772,35.5442711547883
0.9597989949748744,2.996938775510204,23.48012711043938,0.4693495260704065,36.72909513263518
0.964824120603015,2.996938775510204,23.66659261938572,0.42859076142843056,37.412848723938176
0.9698492462311558,2.996938775510204,23.855568511221804,0.4016113602899563,37.756769022555154
0.9748743718592965,2.996938775510204,24.045744415600677,0.38491673077453165,37.911219817643165
0.9798994974874372,2.996938775510204,24.236433250840253,0.3756154551808256,37.972596469501525
0.9849246231155779,2.996938775510204,24.42731012965322,0.37157542664224086,37.991810561460376
0.9899497487437185,2.996938775510204,24.61823167229703,0.3713260781892937,37.99291945672509
0.9949748743718593,2.996938775510204,24.809137258306556,0.37389910890495953,37.98642442790715
1.0,2.996938775510204,25.0,0.3786873508070949,37.97657024452261
0.0,2.9981632653061223,0.0,1.0,17.01402598046038
0.005025125628140704,2.9981632653061223,0.09491937415252542,0.8343635458897039,20.903120340891476
0.010050251256281407,2.9981632653061223,0.2114122763396953,0.6832233661185652,25.570231314889813
0.01507537688442211,2.9981632653061223,0.3523614757714537,0.5547408384898509,30.478505505170883
0.020100502512562814,2.9981632653061223,0.5160758924311832,0.4569647663225921,34.41691565649731
0.02512562814070352,2.9981632653061223,0.6952983353538836,0.39154252919452015,36.63678122134318
0.03015075376884422,2.9981632653061223,0.8821121013085584,0.35220816571440605,37.564014585627426
0.035175879396984924,2.9981632653061223,1.071832582650993,0.3303451508808749,37.88535468191548
0.04020100502512563,2.9981632653061223,1.262508661584043,0.3191819008494292,37.9836408728322
0.04522613065326633,2.9981632653061223,1.4534605562507634,0.31438969685451257,38.00896602419129
0.05025125628140704,2.9981632653061223,1.6444733226897044,0.3134082298917559,38.01233545621934
0.05527638190954774,2.9981632653061223,1.835484985870965,0.3147651778387831,38.00986257113547
0.06030150753768844,2.9981632653061223,2.0264804005197705,0.3176232924117657,38.00627626763981
0.06532663316582915,2.9981632653061223,2.217457773096417,0.32151143517908815,38.00275452932687
0.07035175879396985,2.9981632653061223,2.4084179570515687,0.3261704923988586,37.999421766817086
0.07537688442211055,2.9981632653061223,2.599361564709146,0.33146655375667955,37.996122241233316
0.08040201005025126,2.9981632653061223,2.790288227775611,0.33734217222833623,37.9926387462015
0.08542713567839195,2.9981632653061223,2.981196442118309,0.343789491418701,37.988737374931304
0.09045226130653267,2.9981632653061223,3.172083472452795,0.3508360004411807,37.98415909796219
0.09547738693467336,2.9981632653061223,3.3629451583820615,0.35853807556202294,37.978590327081655
0.10050251256281408,2.9981632653061223,3.5537755499374777,0.3669795823210435,37.97161977633778
0.10552763819095477,2.9981632653061223,3.744566240657802,0.3762743835654453,37.96267333130548
0.11055276381909548,2.9981632653061223,3.9353053245469902,0.3865726288160656,37.95091105918569
0.11557788944723618,2.9981632653061223,4.125975683442411,0.3980715199129665,37.935055140309224
0.12060301507537688,2.9981632653061223,4.316552070445441,0.41103223362217856,37.91309189397511
0.12562814070351758,2.9981632653061223,4.506996015110096,0.4258077989963721,37.8816426117993
0.1306532663316583,2.9981632653061223,4.697247171056225,0.4428810659920853,37.835102554198535
0.135678391959799,2.9981632653061223,4.8872064280628855,0.4629328050254069,37.76316071653377
0.1407035175879397,2.9981632653061223,5.076702238780002,0.4869560387348063,37.64627394085374
0.1457286432160804,2.9981632653061223,5.265421954105152,0.5164335785016052,37.44497342604252
0.1507537688442211,2.9981632653061223,5.452755750176088,0.5536649265756606,37.0743479318204
0.15577889447236182,2.9981632653061223,5.637434077329096,0.6022908461854192,36.34113404939279
0.16080402010050251,2.9981632653061223,5.8166829533859215,0.6679933199700148,34.8102935922393
0.1658291457286432,2.9981632653061223,5.98460893055826,0.7585358379959336,31.677071239034802
0.1708542713567839,2.9981632653061223,6.131287056180371,0.8803008179367239,26.370017561661893
0.17587939698492464,2.9981632653061223,6.247974146060464,1.03109062950101,20.105149261657765
0.18090452261306533,2.9981632653061223,6.335197352393902,1.2008151037290522,14.875416353616195
0.18592964824120603,2.9981632653061223,6.400177855428466,1.3803519581029504,11.230716199895399
0.19095477386934673,2.9981632653061223,6.450116618099978,1.5646899195317183,8.810689627569342
0.19597989949748743,2.9981632653061223,6.490063085272468,1.7514681297422183,7.193997167135841
0.20100502512562815,2.9981632653061223,6.523278984627395,1.939568204153753,6.094690780148886
0.20603015075376885,2.9981632653061223,6.551890604608921,2.1284271225825417,5.339696798788933
0.21105527638190955,2.9981632653061223,6.5773465277185865,2.3177389353439075,4.826423663389637
0.21608040201005024,2.9981632653061223,6.600703921472118,2.507321949361112,4.497253791429567
0.22110552763819097,2.9981632653061223,6.622806437829925,2.6970557360279823,4.3246497263936305
0.22613065326633167,2.9981632653061223,6.644428693596779,2.8868441895154815,4.308367858345638
0.23115577889447236,2.9981632653061223,6.666422644054531,3.076590327222664,4.482908492844745
0.23618090452261306,2.9981632653061223,6.689978503760625,3.266148015261504,4.959829353700807
0.24120603015075376,2.9981632653061223,6.717325130808349,3.455190217921989,6.0956580556197535
0.24623115577889448,2.9981632653061223,6.754993630441124,3.6423822957155636,9.778067843244207
0.25125628140703515,2.9981632653061223,6.861441186644001,3.741797385662726,24.905888363413563
0.2562814070351759,2.9981632653061223,6.949077657584836,3.572792561075821,14.44640092675317
0.2613065326633166,2.9981632653061223,7.017810098221077,3.394579477258286,13.238883564328837
0.2663316582914573,2.9981632653061223,7.083874321660528,3.2153514943098203,13.150055062323966
0.271356783919598,2.9981632653061223,7.150600050985252,3.0363685801789058,13.449073264526161
0.27638190954773867,2.9981632653061223,7.219357899168992,2.858157234992424,13.94081377523244
0.2814070351758794,2.9981632653061223,7.290909180231379,2.681049844948987,14.553505821679716
0.2864321608040201,2.9981632653061223,7.365775660068149,2.5053190278091355,15.257094522573556
0.2914572864321608,2.9981632653061223,7.444377375271336,2.3312277685753537,16.038896862425176
0.2964824120603015,2.9981632653061223,7.527094658965993,2.159054892641517,16.89492499783016
0.3015075376884422,2.9981632653061223,7.61430208914076,1.9891134225466318,17.826596464682616
0.3065326633165829,2.9981632653061223,7.706393102506842,1.8217695360245667,18.840021036356198
0.31155778894472363,2.9981632653061223,7.803804844374877,1.6574679356364832,19.94669164489046
0.3165829145728643,2.9981632653061223,7.907048994413555,1.4967701494134085,21.165072379308146
0.32160804020100503,2.9981632653061223,8.016751221589587,1.3404141998467025,22.522286628384617
0.32663316582914576,2.9981632653061223,8.133695857406034,1.1894055985384377,24.054066139230684
0.3316582914572864,2.9981632653061223,8.258858645254698,1.0451468671587811,25.799119434177808
0.33668341708542715,2.9981632653061223,8.393382438097115,0.9095944286535685,27.780660898484854
0.3417085427135678,2.9981632653061223,8.538413079999941,0.7853778194873093,29.96851640858762
0.34673366834170855,2.9981632653061223,8.694696006806895,0.6756940080994751,32.2251994829576
0.35175879396984927,2.9981632653061223,8.861966086421448,0.5836647208246022,34.29201907981359
0.35678391959798994,2.9981632653061223,9.038566568485821,0.511125433066054,35.90352890210004
0.36180904522613067,2.9981632653061223,9.221857101164673,0.4576213204041175,36.955920704063885
0.36683417085427134,2.9981632653061223,9.40919637499771,0.42057048833338784,37.54096786101966
0.37185929648241206,2.9981632653061223,9.59865404284283,0.39642671331038515,37.82645680001416
0.3768844221105528,2.9981632653061223,9.789096047013576,0.3817961562363489,37.95111879964985
0.38190954773869346,2.9981632653061223,9.979945787988473,0.3739684399440944,37.99865895854798
0.3869346733668342,2.9981632653061223,10.170936181488127,0.3709847076531088,38.011831560064515
0.39195979899497485,2.9981632653061223,10.36195089744517,0.3715112535640471,38.010403165835356
0.3969849246231156,2.9981632653061223,10.552940765639285,0.3746798048300152,38.00282577645687
0.4020100502512563,2.9981632653061223,10.743884350764382,0.37995403550557916,37.99230642170828
0.40703517587939697,2.9981632653061223,10.934769622874649,0.3870342799889666,37.979641107087915
0.4120603015075377,2.9981632653061223,11.125585197270183,0.39579600892435735,37.964399295899305
0.41708542713567837,2.9981632653061223,11.316315188129868,0.4062554943974566,37.945293206533805
0.4221105527638191,2.9981632653061223,11.506935055802352,0.4185578190542507,37.9200799010793
0.4271356783919598,2.9981632653061223,11.697405535435848,0.432985286862753,37.88503761767271
0.4321608040201005,2.9981632653061223,11.887662736423975,0.44998916848000364,37.83378677034385
0.4371859296482412,2.9981632653061223,12.077599130412752,0.4702535549422485,37.75480181355804
0.44221105527638194,2.9981632653061223,12.267025626868678,0.4948128487839525,37.625790967032174
0.4472361809045226,2.9981632653061223,12.45559200783245,0.5252478418518097,37.40184458811834
0.45226130653266333,2.9981632653061223,12.642606525380778,0.564036449033905,36.98442886022826
0.457286432160804,2.9981632653061223,12.826612283870613,0.6151206635090885,36.15014545315613
0.4623115577889447,2.9981632653061223,13.004419605138992,0.6845817544574677,34.402399281848986
0.46733668341708545,2.9981632653061223,13.169404020491283,0.7803219400393484,30.89552570227985
0.4723618090452261,2.9981632653061223,13.311257330397002,0.9076604534765815,25.27945585040316
0.47738693467336685,2.9981632653061223,13.422508629412286,1.0625379399047015,19.096878196552392
0.4824120603015075,2.9981632653061223,13.505374388410699,1.2344602377809641,14.156610841515771
0.48743718592964824,2.9981632653061223,13.567416081035091,1.4150465116714246,10.765002484930635
0.49246231155778897,2.9981632653061223,13.615471009178998,1.5998896226915509,8.514132137224816
0.49748743718592964,2.9981632653061223,13.654217760523688,1.786922484087762,7.005547568003533
0.5025125628140703,2.9981632653061223,13.686675595971188,1.9751557556381725,5.977247597721046
0.507537688442211,2.9981632653061223,13.714827774835816,2.164084112438391,5.27172263383445
0.5125628140703518,2.9981632653061223,13.740042020629467,2.3534284156002827,4.79686090739885
0.5175879396984925,2.9981632653061223,13.763334676880023,2.543019389148407,4.500906705025289
0.5226130653266332,2.9981632653061223,13.785539000600233,2.7327410996763617,4.362456428077431
0.5276381909547738,2.9981632653061223,13.807451081188752,2.922494983013946,4.388253936657508
0.5326633165829145,2.9981632653061223,13.82999494703236,3.112176137988026,4.627580290962935
0.5376884422110553,2.9981632653061223,13.854554813077494,3.301605442637488,5.23136907445876
0.542713567839196,2.9981632653061223,13.883979011415493,3.490330160130992,6.724265210910514
0.5477386934673367,2.9981632653061223,13.928552814653052,3.6758700344654205,12.89228563691116
0.5527638190954773,2.9981632653061223,14.049527882299639,3.6824626410481915,18.83153417402588
0.5577889447236181,2.9981632653061223,14.127917197233383,3.508426191219275,13.976320573228392
0.5628140703517588,2.9981632653061223,14.195695927877951,3.3298428038393317,13.221955546823619
0.5678391959798995,2.9981632653061223,14.262071423333463,3.150730674283576,13.270399148304145
0.5728643216080402,2.9981632653061223,14.32957902252078,2.9720415905059396,13.633581217493019
0.5778894472361809,2.9981632653061223,14.399369127151704,2.794232268660314,14.164710489071318
0.5829145728643216,2.9981632653061223,14.472122694669507,2.6176156344442876,14.80712437888248
0.5879396984924623,2.9981632653061223,14.548329509496089,2.442462169845992,15.536580314787594
0.592964824120603,2.9981632653061223,14.628398198145279,2.26904101874207,16.343245688462723
0.5979899497487438,2.9981632653061223,14.71270839443933,2.097642902461481,17.224776546020372
0.6030150753768844,2.9981632653061223,14.801641448776614,1.9285985448922667,18.18400784244077
0.6080402010050251,2.9981632653061223,14.895605082559834,1.762299536803726,19.22868625033917
0.6130653266331658,2.9981632653061223,14.995060297479233,1.5992276623563404,20.37252440676171
0.6180904522613065,2.9981632653061223,15.100555445291864,1.4399998844689255,21.63687681215558
0.6231155778894473,2.9981632653061223,15.212768567919932,1.2854381489909668,23.05209194985277
0.628140703517588,2.9981632653061223,15.3325509278877,1.136673871175524,24.6560739500283
0.6331658291457286,2.9981632653061223,15.460946505226635,0.9952904598322057,26.48502966011181
0.6381909547738693,2.9981632653061223,15.599128502138448,0.8634783268279114,28.548416721113558
0.6432160804020101,2.9981632653061223,15.748160027822847,0.7441043250223387,30.783462026036077
0.6482412060301508,2.9981632653061223,15.908496213849228,0.6404489727844227,33.00564705763147
0.6532663316582915,2.9981632653061223,16.07938059726409,0.5553220305828965,34.93397903613767
0.6582914572864321,2.9981632653061223,16.25871218433677,0.4898065055725802,36.344716547198736
0.6633165829145728,2.9981632653061223,16.443733574202835,0.4425929246155742,37.21144505008916
0.6683417085427136,2.9981632653061223,16.632011694225945,0.41059991221436254,37.669633138006155
0.6733668341708543,2.9981632653061223,16.821918659380604,0.390235866707556,37.884312716526786
0.678391959798995,2.9981632653061223,17.012553111232098,0.37832176524883776,37.974183964396055
0.6834170854271356,2.9981632653061223,17.203473907535493,0.37242454212160425,38.0059763345774
0.6884422110552764,2.9981632653061223,17.39448175553345,0.3708285249780597,38.01239711737618
0.6934673366834171,2.9981632653061223,17.585491684516647,0.37238496835842083,38.008145830063455
0.6984924623115578,2.9981632653061223,17.776466760922464,0.37635826438579667,37.99930626329575
0.7035175879396985,2.9981632653061223,17.967390650524564,0.3823062246699941,37.988002020476515
0.7085427135678392,2.9981632653061223,18.15825238783751,0.38999768908057875,37.974505202109796
0.7135678391959799,2.9981632653061223,18.34903943821162,0.39936147280677176,37.95806394867645
0.7185929648241206,2.9981632653061223,18.539733333964563,0.4104604786267374,37.93707978053939
0.7236180904522613,2.9981632653061223,18.730305135639156,0.4234870776022728,37.90886270291783
0.7286432160804021,2.9981632653061223,18.920708073531912,0.4387792996420615,37.86891593269441
0.7336683417085427,2.9981632653061223,19.110865521849366,0.4568627571728972,37.80939335207514
0.7386934673366834,2.9981632653061223,19.300646471638387,0.4785302190856467,37.71575859691732
0.7437185929648241,2.9981632653061223,19.489816333784344,0.5049850604272769,37.55964847068776
0.7487437185929648,2.9981632653061223,19.67793125430626,0.5380791449720997,37.281826850803455
0.7537688442211056,2.9981632653061223,19.864092924948864,0.5807402961559909,36.750269989079435
0.7587939698492462,2.9981632653061223,20.046373224472614,0.6376122719084054,35.664659686782464
0.7638190954773869,2.9981632653061223,20.2205631279471,0.7155989440589542,33.391750951721704
0.7688442211055276,2.9981632653061223,20.378482513936632,0.8224878695589524,29.07913070032138
0.7738693467336684,2.9981632653061223,20.50971696522443,0.9607453543070729,22.997496342356293
0.7788944723618091,2.9981632653061223,20.610039263764406,1.1229855665225292,17.13045931184856
0.7839195979899497,2.9981632653061223,20.68449977096732,1.2987585144227423,12.775089403975828
0.7889447236180904,2.9981632653061223,20.740835680722505,1.48122551764393,9.847108406467239
0.7939698492462312,2.9981632653061223,20.785103535545158,1.6670200343723345,7.902053055106037
0.7989949748743719,2.9981632653061223,20.82130444068344,1.8545656228040335,6.590205007320033
0.8040201005025126,2.9981632653061223,20.85202320674416,2.043091960037574,5.69186144919036
0.8090452261306532,2.9981632653061223,20.87898298220956,2.2321947988095245,5.077651582771238
0.8140703517587939,2.9981632653061223,20.90340107740241,2.42164367611377,4.671168197988322
0.8190954773869347,2.9981632653061223,20.926211193048037,2.61129335015352,4.433309118191666
0.8241206030150754,2.9981632653061223,20.94821649284919,2.8010377889356577,4.35136858544426
0.8291457286432161,2.9981632653061223,20.970235132167293,2.9907786166171246,4.445251796534559
0.8341708542713567,2.9981632653061223,20.993303581501593,3.1803962446841685,4.789112262239167
0.8391959798994975,2.9981632653061223,21.01914088805281,3.3696537279311025,5.610511785199413
0.8442211055276382,2.9981632653061223,21.051867026003613,3.557818880301671,7.839895497272527
0.8492462311557789,2.9981632653061223,21.115652630300545,3.7360268713816716,26.68524052344715
0.8542713567839196,2.9981632653061223,21.23530110742939,3.621097273265114,15.869887288080166
0.8592964824120602,2.9981632653061223,21.307567328631713,3.4443139589137703,13.542833499600668
0.864321608040201,2.9981632653061223,21.374368679874728,3.2653604195411625,13.1858699346738
0.8693467336683417,2.9981632653061223,21.44096600585982,3.0863314908855695,13.375674935721205
0.8743718592964824,2.9981632653061223,21.50919664049595,2.907917551513955,13.809447286065286
0.8793969849246231,2.9981632653061223,21.579988505184513,2.7305050188982274,14.384841072354813
0.8844221105527639,2.9981632653061223,21.653934489031347,2.55438459862021,15.060403629771958
0.8894472361809045,2.9981632653061223,21.731486709456046,2.3798229724413043,15.818306216016685
0.8944723618090452,2.9981632653061223,21.81303893542183,2.207094837465023,16.651894512010198
0.8994974874371859,2.9981632653061223,21.89896842694353,2.036503194822265,17.560822026640974
0.9045226130653267,2.9981632653061223,21.989663206978957,1.8683979738924312,18.549641058758866
0.9095477386934674,2.9981632653061223,22.085546779149507,1.7031992068397024,19.628069605459807
0.914572864321608,2.9981632653061223,22.187107198499064,1.5414310776298343,20.812371867695166
0.9195979899497487,2.9981632653061223,22.294934287955762,1.3837746798734658,22.127059008109853
0.9246231155778895,2.9981632653061223,22.40976387762903,1.2311492649299582,23.6056272090165
0.9296482412060302,2.9981632653061223,22.532516999776924,1.084830827276144,25.28707630741416
0.9346733668341709,2.9981632653061223,22.66429846465404,0.9466047292252883,27.201861111539444
0.9396984924623115,2.9981632653061223,22.806281855160808,0.8189070249726648,29.339934964383012
0.9447236180904522,2.9981632653061223,22.95938179678452,0.7048115937083508,31.59888440081092
0.949748743718593,2.9981632653061223,23.123678050142882,0.6075662650648517,33.748542979277715
0.9547738693467337,2.9981632653061223,23.297901763970984,0.5294978055883476,35.50758754999178
0.9597989949748744,2.9981632653061223,23.479600662352773,0.4708390981813428,36.714433322332866
0.964824120603015,2.9981632653061223,23.666035928680497,0.4295128403911532,37.41427885946286
0.9698492462311558,2.9981632653061223,23.85504486720678,0.40211133091467854,37.76750934146579
0.9748743718592965,2.9981632653061223,24.045287861367118,0.38511826585279346,37.92660041563538
0.9798994974874372,2.9981632653061223,24.23605999663494,0.37561004769979456,37.99007374720256
0.9849246231155779,2.9981632653061223,24.427027322486744,0.3714254589157979,38.01017863553801
0.9899497487437185,2.9981632653061223,24.61804227781294,0.371071908873097,38.01165672452509
0.9949748743718593,2.9981632653061223,24.809042979382976,0.3735666315877141,38.00532744402949
1.0,2.9981632653061223,25.0,0.3782882298576668,37.996775575003035
0.0,2.999387755102041,0.0,1.0,17.014024197336795
0.005025125628140704,2.999387755102041,0.09492655850572837,0.8342599082256469,20.906314299151074
0.010050251256281407,2.999387755102041,0.21144831356720745,0.6830241889524236,25.578925344715845
0.01507537688442211,2.999387755102041,0.3524587684904792,0.5544709190282506,30.49417962687613
0.020100502512562814,2.999387755102041,0.5162654063893553,0.4566682029016612,34.437241740502735
0.02512562814070352,2.999387755102041,0.6955928227132785,0.39126157241194254,36.65772668410407
0.03015075376884422,2.999387755102041,0.8825095821224148,0.3519621941746819,37.5840114640191
0.035175879396984924,2.999387755102041,1.0723284128134785,0.330134661409257,37.904572429778824
0.04020100502512563,2.999387755102041,1.2630999531269274,0.31900000221536395,38.00247030842531
0.04522613065326633,2.999387755102041,1.4541460100979606,0.31422854796038824,38.02763887529729
0.05025125628140704,2.999387755102041,1.6452524565517708,0.3132612508355869,38.03095630239731
0.05527638190954774,2.999387755102041,1.8363576227845222,0.314627398648338,38.02847246041206
0.06030150753768844,2.999387755102041,2.0274465589458037,0.3174911445438792,38.02488943376231
0.06532663316582915,2.999387755102041,2.218517482957323,0.3213823909961729,38.02137518610294
0.07035175879396985,2.999387755102041,2.4095712574094046,0.32604277595467385,38.01805019319666
0.07537688442211055,2.999387755102041,2.6006084938593945,0.33133890278982364,38.014758082180705
0.08040201005025126,2.999387755102041,2.791628822330506,0.33721366875935804,38.01128160213632
0.08542713567839195,2.999387755102041,2.9826307352308734,0.3436594463379596,38.007387118812666
0.09045226130653267,2.999387755102041,3.1736115006338648,0.3507038749099657,38.00281597872834
0.09547738693467336,2.999387755102041,3.3645669609666937,0.3584034287304029,37.99725500706798
0.10050251256281408,2.999387755102041,3.55549116133617,0.3668420369526688,37.99029337253797
0.10552763819095477,2.999387755102041,3.7463757138202873,0.376133606916905,37.98135748014546
0.11055276381909548,2.999387755102041,3.9372087252428862,0.38642832419914713,37.969608013345024
0.11557788944723618,2.999387755102041,4.127973075235463,0.39792342961632815,37.95376788873935
0.12060301507537688,2.999387755102041,4.318643540451334,0.4108801553168133,37.93182426835333
0.12562814070351758,2.999387755102041,4.509181678888851,0.42565170070244185,37.90039934495374
0.1306532663316583,2.999387755102041,4.699527159088377,0.442721018579777,37.85388697178445
0.135678391959799,2.999387755102041,4.889580883440904,0.46276934585678015,37.78197284936273
0.1407035175879397,2.999387755102041,5.079171301433561,0.4867904976600069,37.66510770099391
0.1457286432160804,2.999387755102041,5.2679856141305015,0.516268836817082,37.463771168850116
0.1507537688442211,2.999387755102041,5.455413455874574,0.5535070064048889,37.09292246613768
0.15577889447236182,2.999387755102041,5.640183311950959,0.602152514997732,36.358777844755814
0.16080402010050251,2.999387755102041,5.819515021895044,0.6679000473091277,34.82519765293949
0.1658291457286432,2.999387755102041,5.987498159903987,0.7585319925330594,31.684799946590566
0.1708542713567839,2.999387755102041,6.134179701721008,0.8804374919115848,26.364479485046644
0.17587939698492464,2.999387755102041,6.25081102871251,1.0313881703579806,20.09007690935674
0.18090452261306533,2.999387755102041,6.33795331136161,1.2012595598383393,14.85912955901827
0.18592964824120603,2.999387755102041,6.402856018901954,1.3809242479906851,11.21631199467892
0.19095477386934673,2.999387755102041,6.452728146267418,1.5653773008103393,8.798583233524978
0.19597989949748743,2.999387755102041,6.492618402932588,1.7522632729752778,7.183711677894993
0.20100502512562815,2.999387755102041,6.525786006710693,1.9404669264319132,6.085721766375202
0.20603015075376885,2.999387755102041,6.554354903904418,2.1294269807569286,5.331599152968941
0.21105527638190955,2.999387755102041,6.579771663314892,2.3188384895102594,4.818872721382293
0.21608040201005024,2.999387755102041,6.6030918200195945,2.5085203791085404,4.489935875730569
0.22110552763819097,2.999387755102041,6.625157420403135,2.69835268540663,4.317238372220885
0.22613065326633167,2.999387755102041,6.646741279429773,2.8882397484434392,4.30041098600915
0.23115577889447236,2.999387755102041,6.66869252105892,3.0780850540578752,4.473710685648441
0.23618090452261306,2.999387755102041,6.692196233146969,3.267743540973405,4.947882779706198
0.24120603015075376,2.999387755102041,6.719467694211474,3.4568912606111724,6.076308438965179
0.24623115577889448,2.999387755102041,6.756975042706614,3.6442127006770253,9.720380625805069
0.25125628140703515,2.999387755102041,6.8629128644776225,3.7455713153632244,25.114257426923235
0.2562814070351759,2.999387755102041,6.950781855691347,3.5766092202810333,14.450698595370856
0.2613065326633166,2.999387755102041,7.019506077494993,3.39829279439592,13.233911760649162
0.2663316582914573,2.999387755102041,7.085538922479538,3.2189535553772304,13.142929534909491
0.271356783919598,2.999387755102041,7.152226499701473,3.0398565371019317,13.441093866239102
0.27638190954773867,2.999387755102041,7.220942888604182,2.8615288915892645,13.932312618878441
0.2814070351758794,2.999387755102041,7.292450271625877,2.68430283674174,14.544539022460794
0.2864321608040201,2.999387755102041,7.367270522806445,2.5084506058869587,15.247655658257525
0.2914572864321608,2.999387755102041,7.445823514345583,2.3342346723746648,16.028934814094697
0.2964824120603015,2.999387755102041,7.528489291547916,2.16193323256781,16.88437387946609
0.3015075376884422,2.999387755102041,7.615642036163203,1.9918585190476659,17.815365256315392
0.3065326633165829,2.999387755102041,7.707674648519101,1.824375681667982,18.82798539512758
0.31155778894472363,2.999387755102041,7.805023541897664,1.659928029567074,19.93368048171179
0.3165829145728643,2.999387755102041,7.908199425822668,1.4990751531970348,21.15087136204618
0.32160804020100503,2.999387755102041,8.017826797087295,1.3425523593652782,22.506653876641742
0.32663316582914576,2.999387755102041,8.134688853054541,1.1913614253189604,24.03681260972611
0.3316582914572864,2.999387755102041,8.259760939150025,1.0469000680714426,25.780325982199745
0.33668341708542715,2.999387755102041,8.394187742713992,0.9111194853009854,27.761046864632185
0.3417085427135678,2.999387755102041,8.539121426080584,0.7866458036769235,29.94995787810035
0.34673366834170855,2.999387755102041,8.695320610702481,0.676679987955785,32.21098454439307
0.35175879396984927,2.999387755102041,8.862537536401529,0.5843607160516516,34.28555016275079
0.35678391959798994,2.999387755102041,9.039128312515842,0.511553046663782,35.906097987541095
0.36180904522613067,2.999387755102041,9.222451577648702,0.45782922469414006,36.96594265054876
0.36683417085427134,2.999387755102041,9.409853984760764,0.4206174364430324,37.55561530633333
0.37185929648241206,2.999387755102041,9.59939188612953,0.3963648151148712,37.84344739064859
0.3768844221105528,2.999387755102041,9.789922245712166,0.38166386743490077,37.96914208271324
0.38190954773869346,2.999387755102041,9.980863749344557,0.3737910434784989,38.01709763246889
0.3869346733668342,2.999387755102041,10.171947242826846,0.3707775911674328,38.03043006604303
0.39195979899497485,2.999387755102041,10.363055624122477,0.37128315441222487,38.02906645988419
0.3969849246231156,2.999387755102041,10.554139531597347,0.3744351545696322,38.02152409470197
0.4020100502512563,2.999387755102041,10.745177134769113,0.3796945508239799,38.01103594228808
0.40703517587939697,2.999387755102041,10.93615662909774,0.3867598611358356,37.998409960742244
0.4120603015075377,2.999387755102041,11.127066640552952,0.39550524201124004,37.98322272506681
0.41708542713567837,2.999387755102041,11.317891411286126,0.40594586636106933,37.96419343381588
0.4221105527638191,2.999387755102041,11.508606508052427,0.41822568816308925,37.93909341053016
0.4271356783919598,2.999387755102041,11.699172955753468,0.43262565583378626,37.9042238743187
0.4321608040201005,2.999387755102041,11.889527170079141,0.44959520215428134,37.85324725286763
0.4371859296482412,2.999387755102041,12.079562394181218,0.4698158064475453,37.77470578339905
0.44221105527638194,2.999387755102041,12.269090682167812,0.49431805334145307,37.64647985368871
0.4472361809045226,2.999387755102041,12.457764309141151,0.5246763774284731,37.42398916724268
0.45226130653266333,2.999387755102041,12.64489640374508,0.5633595961779102,37.009397932437004
0.457286432160804,2.999387755102041,12.829040629835148,0.6142961419722701,36.18105014898012
0.4623115577889447,2.999387755102041,13.007028238190385,0.6835547846478409,34.444291688435214
0.46733668341708545,2.999387755102041,13.172263859111384,0.7790499768797162,30.95299841914983
0.4723618090452261,2.999387755102041,13.314432041557245,0.9061764162569645,25.343370521460958
0.47738693467336685,2.999387755102041,13.425976070866954,1.060956044704038,19.14698819216511
0.4824120603015075,2.999387755102041,13.509043663178193,1.23288334129035,14.187472866907264
0.48743718592964824,2.999387755102041,13.57120356378977,1.4135273459695796,10.782199176337045
0.49246231155778897,2.999387755102041,13.619322141486847,1.5984504018616463,8.522973135300921
0.49748743718592964,2.999387755102041,13.65809972442297,1.7855723755323845,7.009396981990705
0.5025125628140703,2.999387755102041,13.690568138515612,1.9738987624326356,5.977870838178116
0.507537688442211,2.999387755102041,13.718717443651464,2.162922159462693,5.270084386380535
0.5125628140703518,2.999387755102041,13.74391878134386,2.3523626030206093,4.793420324015522
0.5175879396984925,2.999387755102041,13.767189657264138,2.542050562298212,4.49569675023759
0.5226130653266332,2.999387755102041,13.789362909061175,2.731870153530655,4.355243265722265
0.5276381909547738,2.999387755102041,13.811232118502295,2.921723383189116,4.378216525682128
0.5326633165829145,2.999387755102041,13.833714987279118,3.1115060338894907,4.612874688961064
0.5376884422110553,2.999387755102041,13.85818019072642,3.301042024840217,5.207016957262227
0.542713567839196,2.999387755102041,13.887425525172075,3.4898897260266293,6.671234497073074
0.5477386934673367,2.999387755102041,13.931393175685054,3.675685567552194,12.598804625818289
0.5527638190954773,2.999387755102041,14.051737319994677,3.6883921748712156,19.0521437239753
0.5577889447236181,2.999387755102041,14.130505663679992,3.514436937413904,13.995397653149762
0.5628140703517588,2.999387755102041,14.198310248477545,3.335763467134554,13.218322922672668
0.5678391959798995,2.999387755102041,14.264646826598936,3.1565375441045185,13.259645468640814
0.5728643216080402,2.999387755102041,14.332091167012104,2.9777245505293135,13.619480028967132
0.5778894472361809,2.999387755102041,14.401804851347585,2.7997847077037386,14.148516846767453
0.5829145728643216,2.999387755102041,14.474472822420456,2.623031621590034,14.789295312803644
0.5879396984924623,2.999387755102041,14.550586311491852,2.4477355198240587,15.517275508698427
0.592964824120603,2.999387755102041,14.630554319952678,2.2741648352199784,16.322471833330845
0.5979899497487438,2.999387755102041,14.71475627695373,2.1026092184657816,17.202449612443697
0.6030150753768844,2.999387755102041,14.803572900568506,1.933397905802826,18.15995775325912
0.6080402010050251,2.999387755102041,14.89741081756337,1.7669204251202588,19.20264477903746
0.6130653266331658,2.999387755102041,14.996729351996134,1.6036556324977274,20.344088588841387
0.6180904522613065,2.999387755102041,15.102074457187594,1.4442162477329825,21.605492046399018
0.6231155778894473,2.999387755102041,15.21412105973852,1.2894180380625686,23.01708534531797
0.628140703517588,2.999387755102041,15.333717045270278,1.1403836120945563,24.616823982151722
0.6331658291457286,2.999387755102041,15.46190427281719,0.9986846394579832,26.441421524286618
0.6381909547738693,2.999387755102041,15.599858473447341,0.8664982168323444,28.50174637439217
0.6432160804020101,2.999387755102041,15.74865537386802,0.7466819078069852,30.737503432617185
0.6482412060301508,2.999387755102041,15.908776072094936,0.642521934241018,32.96727492070127
0.6532663316582915,2.999387755102041,16.079500605674877,0.5568665443325205,34.90950883051281
0.6582914572864321,2.999387755102041,16.25874944691032,0.4908557871580116,36.33606874428453
0.6633165829145728,2.999387755102041,16.443761157123696,0.4432307558839884,37.215431366095174
0.6683417085427136,2.999387755102041,16.63208074964623,0.41092811177198163,37.681389043196724
0.6733668341708543,2.999387755102041,16.822057923807343,0.3903453440971833,37.90002300114658
0.678391959798995,2.999387755102041,17.012776551614614,0.37828124825841825,37.991718263594365
0.6834170854271356,2.999387755102041,17.203787722417218,0.372281353069348,38.02428835344454
0.6884422110552764,2.999387755102041,17.394888542668685,0.3706131711670442,38.031028886315234
0.6934673366834171,2.999387755102041,17.585992242883837,0.37211603936931587,38.02691290990432
0.6984924623115578,2.999387755102041,17.777061722709792,0.3760464303783012,38.0181426143132
0.7035175879396985,2.999387755102041,17.968080407830076,0.3819566297787988,38.00689997604332
0.7085427135678392,2.999387755102041,18.159037255876115,0.3896115796977221,37.99347766591603
0.7135678391959799,2.999387755102041,18.349919878700707,0.39893711442591057,37.97714056186231
0.7185929648241206,2.999387755102041,18.540710039518164,0.4099934460107792,37.9563135457096
0.7236180904522613,2.999387755102041,18.731378991372488,0.42297003764555174,37.92834458864829
0.7286432160804021,2.999387755102041,18.921880754841066,0.4382014013799832,37.88878751966203
0.7336683417085427,2.999387755102041,19.112139492630696,0.4562083623567986,37.82989594188515
0.7386934673366834,2.999387755102041,19.302026041298003,0.4777764600637248,37.73738314748704
0.7437185929648241,2.999387755102041,19.491309037159134,0.5040984654880387,37.58330297086875
0.7487437185929648,2.999387755102041,19.67955139565547,0.5370089965777787,37.309298165018994
0.7537688442211056,2.999387755102041,19.86586954656489,0.5794078015780293,36.7861929109822
0.7587939698492462,2.999387755102041,20.04836778843348,0.6358983311885792,35.717208952641826
0.7638190954773869,2.999387755102041,20.222900409843298,0.7133520531557869,33.47851639767053
0.7688442211055276,2.999387755102041,20.381369974089562,0.8195959337737114,29.210585544514824
0.7738693467336684,2.999387755102041,20.51330555732433,0.9573114563440885,23.13640455629244
0.7788944723618091,2.999387755102041,20.614262203129996,1.1192631988259565,17.23845337372086
0.7839195979899497,2.999387755102041,20.689167348945436,1.2949463459026,12.845380191643834
0.7889447236180904,2.999387755102041,20.74578388340645,1.4774234612239363,9.890270826596014
0.7939698492462312,2.999387755102041,20.79022490174684,1.663272488012168,7.92856113200135
0.7989949748743719,2.999387755102041,20.826531462399736,1.850892829110433,6.606179141021652
0.8040201005025126,2.999387755102041,20.857312207249493,2.039503825651923,5.701286634669367
0.8090452261306532,2.999387755102041,20.884304482349975,2.228696540162237,5.081580567508079
0.8140703517587939,2.999387755102041,20.90873249581769,2.4182384936411854,4.671319808652708
0.8190954773869347,2.999387755102041,20.93153268562855,2.6079836015970552,4.429350594306025
0.8241206030150754,2.999387755102041,20.953508312195993,2.797825709469672,4.3435451953001625
0.8291457286432161,2.999387755102041,20.97547337992744,2.9876669678695063,4.431392912523855
0.8341708542713567,2.999387755102041,20.99845004215999,3.1773900538290576,4.765406003056907
0.8391959798994975,2.999387755102041,21.02412203076607,3.366764687482561,5.565094485007605
0.8442211055276382,2.999387755102041,21.056465186503125,3.555093020086754,7.711178992794869
0.8492462311557789,2.999387755102041,21.11747972738226,3.7347991286998683,24.259925146258063
0.8542713567839196,2.999387755102041,21.238504911413372,3.629277847648522,16.017355221834173
0.8592964824120602,2.999387755102041,21.311081783516837,3.4525246290133977,13.561365074888037
0.864321608040201,2.999387755102041,21.377900256408168,3.2734777348539055,13.17903754543746
0.8693467336683417,2.999387755102041,21.444436390525773,3.094326107633238,13.359331323548943
0.8743718592964824,2.999387755102041,21.51257135311935,2.9157754524858386,13.788112520181686
0.8793969849246231,2.999387755102041,21.58324732659164,2.7382159453914174,14.360215391018093
0.8844221105527639,2.999387755102041,21.657062636520937,2.561939220210081,15.033095348158172
0.8894472361809045,2.999387755102041,21.734471500888272,2.387211570700336,15.78857302995038
0.8944723618090452,2.999387755102041,21.81586825227036,2.2143066266521183,16.619739430450547
0.8994974874371859,2.999387755102041,21.9016298159897,2.0435257162977667,17.5261076979638
0.9045226130653267,2.999387755102041,21.992143149082306,1.8752163911971973,18.512074920600146
0.9095477386934674,2.999387755102041,22.0878298657415,1.709795310187391,19.587190837664025
0.914572864321608,2.999387755102041,22.1891750937478,1.5477817545978585,20.767473079331353
0.9195979899497487,2.999387755102041,22.296764458885622,1.3898495928244956,22.07717098657201
0.9246231155778895,2.999387755102041,22.411328399312232,1.2369074397668924,23.54959976214306
0.9296482412060302,2.999387755102041,22.53378231104417,1.0902161105899846,25.223907432913812
0.9346733668341709,2.999387755102041,22.665228080333193,0.9515410446763102,27.131601906578503
0.9396984924623115,2.999387755102041,22.80684528917333,0.8232968653379102,29.26523667977188
0.9447236180904522,2.999387755102041,22.95957180944072,0.7085449732284885,31.526125482215065
0.949748743718593,2.999387755102041,23.123533440886877,0.6105535041471812,33.68944708828017
0.9547738693467337,2.999387755102041,23.297512210238946,0.5317149969433527,35.47002267537635
0.9597989949748744,2.999387755102041,23.479079547021072,0.47235215582477064,36.699036921257715
0.964824120603015,2.999387755102041,23.66548166722653,0.430452865269617,37.41526222040683
0.9698492462311558,2.999387755102041,23.854522023690375,0.40262426352668085,37.77803203504762
0.9748743718592965,2.999387755102041,24.04483133551418,0.38532882589582074,37.94187498350867
0.9798994974874372,2.999387755102041,24.235686408986304,0.3756109485057267,38.00750748351048
0.9849246231155779,2.999387755102041,24.42674395910117,0.37128008375320465,38.02853228852742
0.9899497487437185,2.999387755102041,24.617852281696994,0.37082117512941243,38.030391107828066
0.9949748743718593,2.999387755102041,24.808947479141402,0.3732352631447758,38.02420913854799
1.0,2.999387755102041,25.0,0.37789248577858064,38.01531835137416
0.0,3.000612244897959,0.0,1.0,17.01402315368224
0.005025125628140704,3.000612244897959,0.09493374755748728,0.8341562628880779,20.90950978403537
0.010050251256281407,3.000612244897959,0.211484372295624,0.6828250009708631,25.587625512911377
0.01507537688442211,3.000612244897959,0.35255613193111407,0.5542010165172601,30.509867062426625
0.020100502512562814,3.000612244897959,0.5164550620389147,0.4563717454982478,34.4575807652832
0.02512562814070352,3.000612244897959,0.6958874987700975,0.3909808311960458,36.67867784629814
0.03015075376884422,3.000612244897959,0.8829072694767838,0.35171650251835473,37.604010740793456
0.035175879396984924,3.000612244897959,1.0728244595022398,0.3299244639975824,37.92379243250403
0.04020100502512563,3.000612244897959,1.2636914743659393,0.31881837763544224,38.02130262603927
0.04522613065326633,3.000612244897959,1.4548317079357396,0.3140676433835661,38.04631523834542
0.05025125628140704,3.000612244897959,1.646031843326023,0.31311448549781407,38.04958096170414
0.05527638190954774,3.000612244897959,1.837230542939805,0.3144898056804446,38.0470862901939
0.06030150753768844,3.000612244897959,2.0284130216388294,0.31735916054272884,38.04350661324727
0.06532663316582915,3.000612244897959,2.2195775171895367,0.32125349258583935,38.03999983831778
0.07035175879396985,3.000612244897959,2.41072490242639,0.32591519223230964,38.03668259452477
0.07537688442211055,3.000612244897959,2.601855787547607,0.33121137462778294,38.03339788601756
0.08040201005025126,3.000612244897959,2.7929698012615494,0.3370852807320921,38.029928405911235
0.08542713567839195,3.000612244897959,2.984065433964415,0.34352951136651827,38.026040794858964
0.09045226130653267,3.000612244897959,3.175139952166013,0.3505718554640606,38.02147677629933
0.09547738693467336,3.000612244897959,3.366189204559548,0.3582688849480319,38.015923588404426
0.10050251256281408,3.000612244897959,3.5572072419394267,0.3667045927126657,38.00897085349936
0.10552763819095477,3.000612244897959,3.748185676359835,0.3759929294705335,38.000045495678854
0.11055276381909548,3.000612244897959,3.939112627680479,0.3862841164419046,37.988308813132605
0.11557788944723618,3.000612244897959,4.129970991098299,0.39777543407312027,37.972484449738936
0.12060301507537688,3.000612244897959,4.320735556289286,0.41072816903981213,37.950560319904106
0.12562814070351758,3.000612244897959,4.511367898177071,0.42549568879265454,37.91915985957004
0.1306532663316583,3.000612244897959,4.701807724074882,0.44256105228787523,37.872675372307
0.135678391959799,3.000612244897959,4.891955946599189,0.46260596169098517,37.80078921829132
0.1407035175879397,3.000612244897959,5.081640991002154,0.48662501702249206,37.683944991753066
0.1457286432160804,3.000612244897959,5.270549920039934,0.5161041368308813,37.48257492933058
0.1507537688442211,3.000612244897959,5.458071827881225,0.5533491022495985,37.111496893717074
0.15577889447236182,3.000612244897959,5.6429332399938685,0.602014186085819,36.376432290807095
0.16080402010050251,3.000612244897959,5.822347822984262,0.6678067227368516,34.84015506265859
0.1658291457286432,3.000612244897959,5.990388161011446,0.7585280585840594,31.692284715062456
0.1708542713567839,3.000612244897959,6.137072958370333,0.8805742369850103,26.358811471659788
0.17587939698492464,3.000612244897959,6.253648398808375,1.0316857723000707,20.075012490407154
0.18090452261306533,3.000612244897959,6.340709798498613,1.201703965275816,14.842831764442066
0.18592964824120603,3.000612244897959,6.405534808914526,1.3814963962208893,11.201920180346063
0.19095477386934673,3.000612244897959,6.455340421238972,1.566064481266824,8.786493069214885
0.19597989949748743,3.000612244897959,6.49517457826625,1.7530581798903853,7.173447075466339
0.20100502512562815,3.000612244897959,6.528293987716281,1.9413653927601122,6.076774145238593
0.20603015075376885,3.000612244897959,6.556820251806775,2.1304265721126177,5.323513941716544
0.21105527638190955,3.000612244897959,6.582197937020301,2.31993777434421,4.811344425453866
0.21608040201005024,3.000612244897959,6.605480944703766,2.5097185434367586,4.482638490707366
0.22110552763819097,3.000612244897959,6.62750972063872,2.6996493674905846,4.309848146032932
0.22613065326633167,3.000612244897959,6.649055276654937,2.889634989153027,4.292475112045335
0.23115577889447236,3.000612244897959,6.670963933436531,3.079579445299914,4.46454083792459
0.23618090452261306,3.000612244897959,6.694415679565197,3.269338707123871,4.935982963559921
0.24120603015075376,3.000612244897959,6.721612323574423,3.4585918672251577,6.057061164273184
0.24623115577889448,3.000612244897959,6.758959877598986,3.64604220092565,9.663380031338406
0.25125628140703515,3.000612244897959,6.864380497861302,3.7493423789744975,25.32954267200325
0.2562814070351759,3.000612244897959,6.9524877556381455,3.580427760058357,14.455111313859016
0.2613065326633166,3.000612244897959,7.021204021468333,3.4020080883542825,13.228962103424575
0.2663316582914573,3.000612244897959,7.087205605598767,3.222557556617523,13.135819863311012
0.271356783919598,3.000612244897959,7.153855080281681,3.0433465022324024,13.433126240053246
0.27638190954773867,3.000612244897959,7.222530067346705,2.864902591541377,13.923820824707791
0.2814070351758794,3.000612244897959,7.293993606490377,2.6875579161639105,14.53558379218438
0.2864321608040201,3.000612244897959,7.3687676857924895,2.511584319502719,15.238227611089133
0.2914572864321608,3.000612244897959,7.447272012720923,2.337243766431965,16.018984592274037
0.2964824120603015,3.000612244897959,7.529886345516513,2.1648138281529343,16.873835239453523
0.3015075376884422,3.000612244897959,7.616984470626535,1.99460595064977,17.804147565810943
0.3065326633165829,3.000612244897959,7.708958753741644,1.826984259359843,18.81596413569202
0.31155778894472363,3.000612244897959,7.806244876698897,1.6623906764613094,19.920684509788973
0.3165829145728643,3.000612244897959,7.909352579614608,1.501382862486793,21.13668865236321
0.32160804020100503,3.000612244897959,8.018905182268846,1.344693418008014,22.491039038277194
0.32663316582914576,3.000612244897959,8.135684735420764,1.1933203927517897,24.019573144363424
0.3316582914572864,3.000612244897959,8.260666159443158,1.0486566979549143,25.761533273751496
0.33668341708542715,3.000612244897959,8.394995918075267,0.9126482746800428,27.741402407349195
0.3417085427135678,3.000612244897959,8.539832449397146,0.7879177985582333,29.931338306079702
0.34673366834170855,3.000612244897959,8.695947480443362,0.6776700592691842,32.19665127320358
0.35175879396984927,3.000612244897959,8.863110624952187,0.5850604665860653,34.27894688347422
0.35678391959798994,3.000612244897959,9.039691066985307,0.511983714396604,35.90855664156437
0.36180904522613067,3.000612244897959,9.223046614934564,0.45803934803335766,36.975897343227224
0.36683417085427134,3.000612244897959,9.410511915539177,0.4206658790293815,37.570231215122675
0.37185929648241206,3.000612244897959,9.600129957395684,0.3963039064403795,37.86042779476577
0.3768844221105528,3.000612244897959,9.790748635010715,0.38153226312794775,37.987164014837724
0.38190954773869346,3.000612244897959,9.98178192362216,0.37361416088111243,38.03553840143996
0.3869346733668342,3.000612244897959,10.172958538526322,0.3705709032018997,38.04903185856461
0.39195979899497485,3.000612244897959,10.364160693815501,0.37105544753206815,38.0477333836004
0.3969849246231156,3.000612244897959,10.555338496483161,0.37419088729646244,38.040225966009146
0.4020100502512563,3.000612244897959,10.746470149679823,0.37943545885421937,38.02976899359769
0.40703517587939697,3.000612244897959,10.937543880435587,0.3864858543950029,38.0171822506958
0.4120603015075377,3.000612244897959,11.128548346131629,0.39521491669296716,38.00204905798389
0.41708542713567837,3.000612244897959,11.319467906159225,0.4056367207117523,37.98309628221919
0.4221105527638191,3.000612244897959,11.510278254173839,0.4178940916216183,37.958109116730405
0.4271356783919598,3.000612244897959,11.700940664668153,0.4322666223486037,37.923411709094005
0.4321608040201005,3.000612244897959,11.891391920271056,0.449201919265722,37.87270615483495
0.4371859296482412,3.000612244897959,12.081525945428572,0.4693788613894959,37.794605350876076
0.44221105527638194,3.000612244897959,12.271156010071874,0.493824207804869,37.66716269827463
0.4472361809045226,3.000612244897959,12.45993681740986,0.5241060731559604,37.446110969478944
0.45226130653266333,3.000612244897959,12.64718636164278,0.5626841941553034,37.03434031969086
0.457286432160804,3.000612244897959,12.831468805353147,0.6134733783253451,36.21182968183168
0.4623115577889447,3.000612244897959,13.009636234085118,0.682529902845232,34.48607156618289
0.46733668341708545,3.000612244897959,13.175122519977183,0.7777798623847958,31.010454096959947
0.4723618090452261,3.000612244897959,13.317605810097282,0.9046929175054748,25.40766310620736
0.47738693467336685,3.000612244897959,13.429444759437153,1.0593725390508673,19.196637087394233
0.4824120603015075,3.000612244897959,13.512715140497566,1.2313042447829852,14.218954857435762
0.48743718592964824,3.000612244897959,13.574993661214359,1.412005802675363,10.799442921143422
0.49246231155778897,3.000612244897959,13.623176454957097,1.5970086364043934,8.531630640962948
0.49748743718592964,3.000612244897959,13.661985469890896,1.7842196116015447,7.012955565168045
0.5025125628140703,3.000612244897959,13.694464962190095,1.9726390552763098,5.9784265993334955
0.507537688442211,3.000612244897959,13.722610793982888,2.161757598610745,5.268651287628355
0.5125628140703518,3.000612244897959,13.747799822851647,2.3512941103014913,4.789826498124655
0.5175879396984925,3.000612244897959,13.771048760639452,2.541079068190718,4.490649742063592
0.5226130653266332,3.000612244897959,13.793191777974366,2.730996440857924,4.348026289102
0.5276381909547738,3.000612244897959,13.815017789545122,2.920948983955075,4.36834561073
0.5326633165829145,3.000612244897959,13.837440678459904,3.110832991663532,4.598436474223395
0.5376884422110553,3.000612244897959,13.861811966570695,3.3004755184897716,5.182734081479342
0.542713567839196,3.000612244897959,13.890880405389407,3.4894456864369907,6.619425358566344
0.5477386934673367,3.000612244897959,13.934264978220407,3.67548841289953,12.321496257455472
0.5527638190954773,3.000612244897959,14.053935281680815,3.694305013156881,19.286536210927743
0.5577889447236181,3.000612244897959,14.133100579237432,3.5204412905736433,14.0151051678076
0.5628140703517588,3.000612244897959,14.200933108526542,3.3416785227829378,13.214872211515921
0.5678391959798995,3.000612244897959,14.267231798347773,3.162338535334012,13.249057979472921
0.5728643216080402,3.000612244897959,14.334613414772024,2.983401817308345,13.60545576862833
0.5778894472361809,3.000612244897959,14.404251122674268,2.805331696115904,14.132407806256547
0.5829145728643216,3.000612244897959,14.476833906034868,2.6284424022836426,14.771551487177083
0.5879396984924623,3.000612244897959,14.552854496167507,2.453003946070718,15.498059199711063
0.592964824120603,3.000612244897959,14.632722264572333,2.2792840542431922,16.301787819878104
0.5979899497487438,3.000612244897959,14.716816454676593,2.107571316483241,17.180220146283485
0.6030150753768844,3.000612244897959,14.805517160931094,1.9381934959120573,18.136018891323697
0.6080402010050251,3.000612244897959,14.899229931281175,1.7715380816264301,19.17672350191338
0.6130653266331658,3.000612244897959,14.998412422944535,1.6080810319207284,20.315781615637473
0.6180904522613065,3.000612244897959,15.103608212204675,1.4484308696414607,21.57425637949972
0.6231155778894473,3.000612244897959,15.215489124923192,1.2933972486800498,22.982249205384996
0.628140703517588,3.000612244897959,15.334899657200493,1.144094051014754,24.577754246390274
0.6331658291457286,3.000612244897959,15.462879448930305,1.0020812621470414,26.397981161039166
0.6381909547738693,3.000612244897959,15.600606500229775,0.869522572068216,28.455167935527502
0.6432160804020101,3.000612244897959,15.74916847109975,0.7492655379225456,30.69157836686101
0.6482412060301508,3.000612244897959,15.909073810797631,0.6446036777462837,32.9285239514221
0.6532663316582915,3.000612244897959,16.079635996526328,0.5584182484636045,34.88453929158856
0.6582914572864321,3.000612244897959,16.25879973052641,0.4919095020795985,36.32702934433583
0.6633165829145728,3.000612244897959,16.443800174318294,0.4438702606350073,37.2192058884086
0.6683417085427136,3.000612244897959,16.632160413663794,0.4112559050402153,37.69301529088656
0.6733668341708543,3.000612244897959,16.82220747288754,0.39045351905517844,37.915710893205166
0.678391959798995,3.000612244897959,17.013010185678862,0.3782394719156795,38.00924920173156
0.6834170854271356,3.000612244897959,17.204111670038564,0.3721371540986621,38.042600742777466
0.6884422110552764,3.000612244897959,17.39530539425285,0.3703971136244736,38.049660692161986
0.6934673366834171,3.000612244897959,17.586503565114185,0.37184682602630487,38.04567949707415
0.6984924623115578,3.000612244897959,17.77766764818204,0.375734622282773,38.03698201394684
0.7035175879396985,3.000612244897959,17.968781119631704,0.38160735845411864,38.025797032885094
0.7085427135678392,3.000612244897959,18.159833066523355,0.38922613603924544,38.01244714451344
0.7135678391959799,3.000612244897959,18.35081121117429,0.39851375585815885,37.996216245829494
0.7185929648241206,3.000612244897959,18.54169759548433,0.4095277263862906,37.975548288862335
0.7236180904522613,3.000612244897959,18.732463777245968,0.42245469879326414,37.94781688472109
0.7286432160804021,3.000612244897959,18.92306427418468,0.43762573013613604,37.90863837821077
0.7336683417085427,3.000612244897959,19.11342423755836,0.45555688464524474,37.850379413528415
0.7386934673366834,3.000612244897959,19.303416134085744,0.4770268613757391,37.75893907352923
0.7437185929648241,3.000612244897959,19.492811980391384,0.5032173094400647,37.6068358105443
0.7487437185929648,3.000612244897959,19.681181369872306,0.535945559526906,37.3368241362714
0.7537688442211056,3.000612244897959,19.867655075514328,0.5780841374653933,36.82148403520734
0.7587939698492462,3.000612244897959,20.050369094070522,0.6341968121162128,35.770208163109416
0.7638190954773869,3.000612244897959,20.22524350656809,0.711115491949623,33.564819981224
0.7688442211055276,3.000612244897959,20.38425563601516,0.8167201734085665,29.338707495053246
0.7738693467336684,3.000612244897959,20.516892038666743,0.9538886579713076,23.278395400639184
0.7788944723618091,3.000612244897959,20.618485581749777,1.1155473815030352,17.347371401444146
0.7839195979899497,3.000612244897959,20.69383852227568,1.29113816352154,12.916025187442271
0.7889447236180904,3.000612244897959,20.750738506872793,1.473624119357636,9.934500409578273
0.7939698492462312,3.000612244897959,20.795353910623497,1.659527234978476,7.955671948956036
0.7989949748743719,3.000612244897959,20.831766756710437,1.8472221706018774,6.622510231773903
0.8040201005025126,3.000612244897959,20.862610203025167,2.0359177145603833,5.710062374257887
0.8090452261306532,3.000612244897959,20.8896347556763,2.2252003491002714,5.085720004730439
0.8140703517587939,3.000612244897959,20.914072498794628,2.4148354157382084,4.671122809470389
0.8190954773869347,3.000612244897959,20.93686352624985,2.6046759057789037,4.425738394940829
0.8241206030150754,3.000612244897959,20.958810425619834,2.7946155504932637,4.3354136749635686
0.8291457286432161,3.000612244897959,20.9807220620544,2.9845572266667757,4.417846484226447
0.8341708542713567,3.000612244897959,21.00360908048587,3.174385447640054,4.742231074670571
0.8391959798994975,3.000612244897959,21.029118458335738,3.363876699562807,5.5199286439151685
0.8442211055276382,3.000612244897959,21.06109032253807,3.552365184785998,7.587870872249176
0.8492462311557789,3.000612244897959,21.119656687576832,3.733285437074842,22.224710292562406
0.8542713567839196,3.000612244897959,21.241697014354845,3.6374581163454955,16.175645062731892
0.8592964824120602,3.000612244897959,21.31460437201528,3.460744171785071,13.581007596875486
0.864321608040201,3.000612244897959,21.381443778766766,3.2816051966071162,13.172676174207169
0.8693467336683417,3.000612244897959,21.44792000807434,3.102331674880404,13.34320558065569
0.8743718592964824,3.000612244897959,21.515960014091004,2.9236446216568766,13.76692607376158
0.8793969849246231,3.000612244897959,21.586520583648436,2.7459384758070144,14.33564452240171
0.8844221105527639,3.000612244897959,21.660205614843132,2.569505767986285,15.00587231821609
0.8894472361809045,3.000612244897959,21.737471492393635,2.394612462567573,15.758908493321679
0.8944723618090452,3.000612244897959,21.818713139002895,2.2215311274957923,16.58765960987531
0.8994974874371859,3.000612244897959,21.904307171654487,2.0505614457282215,17.49147502460854
0.9045226130653267,3.000612244897959,21.994639504876492,1.8820486213358778,18.47461126984261
0.9095477386934674,3.000612244897959,22.090129891893877,1.7164059819129973,19.546420573922834
0.914572864321608,3.000612244897959,22.191260561460084,1.5541479716716886,20.722703138575785
0.9195979899497487,3.000612244897959,22.298612980609686,1.3959413327615735,22.027446523135392
0.9246231155778895,3.000612244897959,22.412912209620337,1.242684173036139,23.493762803770565
0.9296482412060302,3.000612244897959,22.535067941110103,1.0956222819887245,25.160936480397197
0.9346733668341709,3.000612244897959,22.666178893760172,0.9565012559019637,27.061453373167957
0.9396984924623115,3.000612244897959,22.80742992807481,0.8277138622066719,29.190394754191686
0.9447236180904522,3.000612244897959,22.959782301584397,0.7123094819169236,31.45394755876786
0.949748743718593,3.000612244897959,23.123405702073637,0.613572361731319,33.62936004132419
0.9547738693467337,3.000612244897959,23.297134064487032,0.5339598813840859,35.43138217186575
0.9597989949748744,3.000612244897959,23.47856495394338,0.4738864448456681,36.68283784748632
0.964824120603015,3.000612244897959,23.664930645854174,0.43140732666587817,37.41576204846605
0.9698492462311558,3.000612244897959,23.85400065625087,0.40314597920489603,37.78831159234707
0.9748743718592965,3.000612244897959,24.04437549148869,0.3855447195949389,37.957062947967216
0.9798994974874372,3.000612244897959,24.235313163150497,0.3756151416673574,38.02490830185232
0.9849246231155779,3.000612244897959,24.426460880594618,0.37113678169568926,38.04687367062047
0.9899497487437185,3.000612244897959,24.617662336223816,0.3705719767403567,38.04912142391637
0.9949748743718593,3.000612244897959,24.808851689658262,0.37290622171935434,38.04312382230497
1.0,3.000612244897959,25.0,0.37749647780636386,38.034713858564345
0.0,3.0018367346938777,0.0,1.0,17.014024234131984
0.005025125628140704,3.0018367346938777,0.09494094986367548,0.8340525968550948,20.912708849232747
0.010050251256281407,3.0018367346938777,0.21152047348401418,0.682625779115126,25.59633471734485
0.01507537688442211,3.0018367346938777,0.35265360362229586,0.553931103099865,30.52557144043858
0.020100502512562814,3.0018367346938777,0.5166449158810842,0.4560753678815511,34.47793651930151
0.02512562814070352,3.0018367346938777,0.6961824385823515,0.390700285012635,36.699638235844915
0.03015075376884422,3.0018367346938777,0.8833052556346512,0.3514710765155052,37.62401570377454
0.035175879396984924,3.0018367346938777,1.0733208312770246,0.32971454960881935,37.94301785799629
0.04020100502512563,3.0018367346938777,1.264283349323014,0.3186370219202836,38.04014094633067
0.04522613065326633,3.0018367346938777,1.4555177911123391,0.31390698087005675,38.064998216780644
0.05025125628140704,3.0018367346938777,1.6468116521766587,0.31296793378110216,38.06821253205293
0.05527638190954774,3.0018367346938777,1.8381039607197323,0.3143524010696087,38.06570715562413
0.06030150753768844,3.0018367346938777,2.0293800157892754,0.31722734404573827,38.06213090074124
0.06532663316582915,3.0018367346938777,2.220638118652141,0.321124745141721,38.058631561367214
0.07035175879396985,3.0018367346938777,2.411879149877597,0.3257877477039923,38.05532206364141
0.07537688442211055,3.0018367346938777,2.6031037192765596,0.3310839770260994,38.05204474469543
0.08040201005025126,3.0018367346938777,2.794311453627041,0.3369570172380795,38.04858224832632
0.08542713567839195,3.0018367346938777,2.9855008419564126,0.34339969701049444,38.04470149244391
0.09045226130653267,3.0018367346938777,3.1766691499386344,0.35043995436305947,38.040144578024744
0.09547738693467336,3.0018367346938777,3.3678122288841688,0.3581344583775122,38.034599155788555
0.10050251256281408,3.0018367346938777,3.5589241362523807,0.36656726541498597,38.02765530079364
0.10552763819095477,3.0018367346938777,3.7499964887202046,0.3758523695444236,38.018740454654925
0.11055276381909548,3.0018367346938777,3.9410174145052355,0.3861400272228206,38.00701652808492
0.11557788944723618,3.0018367346938777,4.131969825418102,0.3976275584077704,37.991207883548654
0.12060301507537688,3.0018367346938777,4.322828527730153,0.4105763045597169,37.969303097014254
0.12562814070351758,3.0018367346938777,4.51355511069681,0.42533979963594737,37.93792717605694
0.1306532663316583,3.0018367346938777,4.704089315288061,0.4424012104620182,37.891470733944224
0.135678391959799,3.0018367346938777,4.894332066396833,0.4624427038732839,37.81961273572601
0.1407035175879397,3.0018367346938777,5.084111771960882,0.48645966200996105,37.70278864698658
0.1457286432160804,3.0018367346938777,5.273115354284094,0.5159395619783723,37.50138729274181
0.1507537688442211,3.0018367346938777,5.460731363328737,0.5531913284456811,37.1300736682374
0.15577889447236182,3.0018367346938777,5.645684360159545,0.6018760105153664,36.394099073849496
0.16080402010050251,3.0018367346938777,5.825181855120651,0.6677135532544749,34.855157912673604
0.1658291457286432,3.0018367346938777,5.993279374443895,0.7585243799584923,31.699546169494315
0.1708542713567839,3.0018367346938777,6.139967214828109,0.8807114729664579,26.353003849827527
0.17587939698492464,3.0018367346938777,6.256486570624445,1.031983934049542,20.059946519937935
0.18090452261306533,3.0018367346938777,6.3434670494599485,1.2021488761801045,14.82651086332363
0.18592964824120603,3.0018367346938777,6.40821441000542,1.3820689961388097,11.187534332913431
0.19095477386934673,3.0018367346938777,6.457953591483964,1.5667520789557254,8.774413792379313
0.19597989949748743,3.0018367346938777,6.497731736292712,1.7538534898285958,7.163199493109765
0.20100502512562815,3.0018367346938777,6.530803036035202,1.9422642592999078,6.067844293818667
0.20603015075376885,3.0018367346938777,6.559286744711388,2.1314265702504627,5.315438836062473
0.21105527638190955,3.0018367346938777,6.584625438635921,2.3210374759638133,4.803837508299701
0.21608040201005024,3.0018367346938777,6.6078713800685165,2.510917140750032,4.475360096894253
0.22110552763819097,3.0018367346938777,6.629863421279609,2.700946496584122,4.302478322969901
0.22613065326633167,3.0018367346938777,6.651370776692971,2.8910307113105915,4.284560458868808
0.23115577889447236,3.0018367346938777,6.673236979927219,3.081074335379602,4.455400696273327
0.23618090452261306,3.0018367346938777,6.696636953226946,3.2709343616484894,4.924133314929214
0.24120603015075376,3.0018367346938777,6.723759155078375,3.4602929058134366,6.03792457101984
0.24623115577889448,3.0018367346938777,6.760948338512157,3.6478716680028174,9.607088620097727
0.25125628140703515,3.0018367346938777,6.8658443089546894,3.753109857074522,25.55190232483128
0.2562814070351759,3.0018367346938777,6.9541955802712785,3.5842476224991318,14.459633960023767
0.2613065326633166,3.0018367346938777,7.0229041437376765,3.4057247763964043,13.224035107577066
0.2663316582914573,3.0018367346938777,7.088874527469039,3.2261630684443148,13.128727875549263
0.271356783919598,3.0018367346938777,7.155485992694071,3.0468379419060403,13.425172984901433
0.27638190954773867,3.0018367346938777,7.22411964714402,2.868277792440431,13.91534155957911
0.2814070351758794,3.0018367346938777,7.295539414424875,2.6908145242415165,14.526643508594692
0.2864321608040201,3.0018367346938777,7.370267394899567,2.5147196021930696,15.22881410842584
0.2914572864321608,3.0018367346938777,7.448723132215518,2.3402544826031693,16.00905018395742
0.2964824120603015,3.0018367346938777,7.531286100043045,2.167696110792949,16.86331344949383
0.3015075376884422,3.0018367346938777,7.618329690568254,1.9973551496798465,17.79294801691376
0.3065326633165829,3.0018367346938777,7.710245736432774,1.82959470445192,18.803962281413718
0.31155778894472363,3.0018367346938777,7.8074691899957225,1.6648553153283476,19.90771061190057
0.3165829145728643,3.0018367346938777,7.910508823015852,1.5036927217518998,21.12253015255216
0.32160804020100503,3.0018367346938777,8.019986775770448,1.346836825705355,22.47544879038409
0.32663316582914576,3.0018367346938777,8.136683940566288,1.1952819593235549,24.002355514442957
0.3316582914572864,3.0018367346938777,8.261574785267555,1.050416230799798,25.742750171499935
0.33668341708542715,3.0018367346938777,8.39580749331155,0.9141802977883459,27.721742786339775
0.3417085427135678,3.0018367346938777,8.540546736942385,0.7891933467192856,29.912672783300117
0.34673366834170855,3.0018367346938777,8.696577259217134,0.678663814606011,32.1822116298826
0.35175879396984927,3.0018367346938777,8.863686050657655,0.5857636374263627,34.272218673524215
0.35678391959798994,3.0018367346938777,9.040255576177922,0.5124171766259114,35.9109124855297
0.36180904522613067,3.0018367346938777,9.223642989870449,0.4582514999818774,36.98579044514562
0.36683417085427134,3.0018367346938777,9.411170968734236,0.4207156826335128,37.58481996624527
0.37185929648241206,3.0018367346938777,9.600869073176812,0.3962438880513093,37.87740188728112
0.3768844221105528,3.0018367346938777,9.791576067594491,0.38140127396059853,38.005187844722705
0.38190954773869346,3.0018367346938777,9.98270114699514,0.37343775113625244,38.05398447157248
0.3869346733668342,3.0018367346938777,10.173970930092095,0.37036462443921125,38.067640043467634
0.39195979899497485,3.0018367346938777,10.365266743536722,0.3708281267460068,38.066407000860345
0.3969849246231156,3.0018367346938777,10.556538543253883,0.3739470134313706,38.05893446141776
0.4020100502512563,3.0018367346938777,10.74776426647393,0.37917677953424755,38.04850863564991
0.40703517587939697,3.0018367346938777,10.938932241421607,0.38621228840389715,38.03596099055201
0.4120603015075377,3.0018367346938777,11.13003119271603,0.3949250718327973,38.020881337025266
0.41708542713567837,3.0018367346938777,11.321045560765288,0.40532810510023365,38.00200480219758
0.4221105527638191,3.0018367346938777,11.511951201120688,0.4175630873131476,37.97713002775926
0.4271356783919598,3.0018367346938777,11.702709574193388,0.4319082555666135,37.94260392792913
0.4321608040201005,3.0018367346938777,11.893257914457656,0.44880941152902776,37.89216542011213
0.4371859296482412,3.0018367346938777,12.083490707527185,0.46894296476162023,37.814490114959575
0.44221105527638194,3.0018367346938777,12.27322271758986,0.4933302120640095,37.68781163813694
0.4472361809045226,3.0018367346938777,12.462110600611659,0.5235362244956511,37.468210136340446
0.45226130653266333,3.0018367346938777,12.649477419467745,0.5620098135558474,37.05924613767223
0.457286432160804,3.0018367346938777,12.833897711082265,0.6126524857650992,36.242459876925984
0.4623115577889447,3.0018367346938777,13.012244278645252,0.6815078022590495,34.52767631651993
0.46733668341708545,3.0018367346938777,13.177980420014093,0.776512786492875,31.06777315076112
0.4723618090452261,3.0018367346938777,13.320778820456843,0.9032114605909564,25.4720514743189
0.47738693467336685,3.0018367346938777,13.432912274556863,1.0577908488277101,19.246864287719006
0.4824120603015075,3.0018367346938777,13.516386508916945,1.2297262360740115,14.250151800612466
0.48743718592964824,3.0018367346938777,13.578784457977564,1.4104850573994017,10.816897168998103
0.49246231155778897,3.0018367346938777,13.627031612606078,1.5955676783256985,8.540671971114383
0.49748743718592964,3.0018367346938777,13.665871919673473,1.7828677231144543,7.0168900570027715
0.5025125628140703,3.0018367346938777,13.698362365980948,1.9713802747700564,5.979094916102003
0.507537688442211,3.0018367346938777,13.72650565989798,2.160593861801836,5.2670946704163875
0.5125628140703518,3.0018367346938777,13.751682008135042,2.3502265200379533,4.786412046660697
0.5175879396984925,3.0018367346938777,13.774909547719,2.54010844881143,4.485482069284567
0.5226130653266332,3.0018367346938777,13.797021899624026,2.7301236692010415,4.340886192583517
0.5276381909547738,3.0018367346938777,13.818805658039873,2.920175297908597,4.35848194301509
0.5326633165829145,3.0018367346938777,13.841168586017872,3.110160674558419,4.584013181373721
0.5376884422110553,3.0018367346938777,13.865447196989992,3.2999095655114097,5.15898460199323
0.542713567839196,3.0018367346938777,13.894342427568377,3.4890014672565237,6.568446456099448
0.5477386934673367,3.0018367346938777,13.937163136885507,3.6752833584951556,12.058256910497063
0.5527638190954773,3.0018367346938777,14.056111998714487,3.7002189353963475,19.53547420106278
0.5577889447236181,3.0018367346938777,14.13569293127812,3.5264576918381456,14.035688338966319
0.5628140703517588,3.0018367346938777,14.203555135339876,3.347606262926642,13.211635432390477
0.5678391959798995,3.0018367346938777,14.269816265995903,3.168152597027168,13.238474170855211
0.5728643216080402,3.0018367346938777,14.33713527452406,2.989092256333966,13.591472043799659
0.5778894472361809,3.0018367346938777,14.406697038025762,2.810891901665053,14.116296167799259
0.5829145728643216,3.0018367346938777,14.479194649601522,2.6338664656141892,14.753808354526138
0.5879396984924623,3.0018367346938777,14.55512233437493,2.4582857246655183,15.478838062400797
0.592964824120603,3.0018367346938777,14.63488985738687,2.2844167171578516,16.281104317179498
0.5979899497487438,3.0018367346938777,14.718876276194838,2.112546974612164,17.157991215499358
0.6030150753768844,3.0018367346938777,14.807461069315593,1.9430027973414816,18.11207943370348
0.6080402010050251,3.0018367346938777,14.90104871034354,1.776169646973274,19.15080608857356
0.6130653266331658,3.0018367346938777,15.00009520360467,1.612520608647681,20.28749329697073
0.6180904522613065,3.0018367346938777,15.105141752883839,1.4526600384186008,21.54304657504101
0.6231155778894473,3.0018367346938777,15.216857076324004,1.2973915129389122,22.9474415086538
0.628140703517588,3.0018367346938777,15.33608224439586,1.147820225596023,24.538704613456787
0.6331658291457286,3.0018367346938777,15.463854598009519,1.0054945057067577,26.354530180782813
0.6381909547738693,3.0018367346938777,15.601354264379747,0.8725646240026754,28.408498249054052
0.6432160804020101,3.0018367346938777,15.749680897348757,0.7518683179455923,30.645411662824163
0.6482412060301508,3.0018367346938777,15.909368169020722,0.6467033138895666,32.889500999634265
0.6532663316582915,3.0018367346938777,16.079766526511722,0.5599882841704111,34.859210391805306
0.6582914572864321,3.0018367346938777,16.25884336801474,0.4929803275972464,36.3176436345061
0.6633165829145728,3.0018367346938777,16.443831037008223,0.4445243343849925,37.22270579050639
0.6683417085427136,3.0018367346938777,16.632230970847687,0.41159537690531545,37.70452528035981
0.6733668341708543,3.0018367346938777,16.822347414083517,0.3905705973031302,37.931323852264086
0.678391959798995,3.0018367346938777,17.013233958623967,0.3782041040137655,38.026746494463765
0.6834170854271356,3.0018367346938777,17.204425709420747,0.37199759804258725,38.06090488219005
0.6884422110552764,3.0018367346938777,17.39571242683015,0.37018449560606115,38.06829562216716
0.6934673366834171,3.0018367346938777,17.587004161476813,0.37158019050541347,38.06445382091235
0.6984924623115578,3.0018367346938777,17.778262691331197,0.37542487480654724,38.05582618491599
0.7035175879396985,3.0018367346938777,17.969471064684043,0.3812598549894997,38.04470149003078
0.7085427135678392,3.0018367346938777,18.16061824424491,0.3888422474405484,38.031425686140935
0.7135678391959799,3.0018367346938777,18.35169204529016,0.39809185011409887,38.01529740922355
0.7185929648241206,3.0018367346938777,18.5426746215924,0.40906348619037797,37.99478208552963
0.7236180904522613,3.0018367346938777,18.733538067862558,0.42194095581560376,37.967292122796465
0.7286432160804021,3.0018367346938777,18.92423730087908,0.43705179667485605,37.92849650675184
0.7336683417085427,3.0018367346938777,19.114698399303197,0.4549073593457269,37.870856211838294
0.7386934673366834,3.0018367346938777,19.30479563886281,0.4762792535917101,37.780508226632016
0.7437185929648241,3.0018367346938777,19.4943041705228,0.5023387564581514,37.63037422399102
0.7487437185929648,3.0018367346938777,19.682800178812265,0.534886206523085,37.36405162689954
0.7537688442211056,3.0018367346938777,19.869428499106707,0.5767668561034869,36.85689403376528
0.7587939698492462,3.0018367346938777,20.052356760303095,0.6325036461025637,35.821962351811926
0.7638190954773869,3.0018367346938777,20.227566804079725,0.7088954266243958,33.648662668263746
0.7688442211055276,3.0018367346938777,20.38712052982086,0.8138549103484651,29.469102283025187
0.7738693467336684,3.0018367346938777,20.52045791780482,0.9504705445750177,23.418665439669446
0.7788944723618091,3.0018367346938777,20.622693821340473,1.1118298242142415,17.45727465713121
0.7839195979899497,3.0018367346938777,20.698500069144746,1.2873247553807148,12.987981616066117
0.7889447236180904,3.0018367346938777,20.7556866542694,1.46981819309417,9.978616078670445
0.7939698492462312,3.0018367346938777,20.800478841060286,1.6557747255211415,7.982762293720183
0.7989949748743719,3.0018367346938777,20.836999633704224,1.8435439393206785,6.638880134637392
0.8040201005025126,3.0018367346938777,20.867906600904902,2.0323239106197395,5.719729889408066
0.8090452261306532,3.0018367346938777,20.89496489132914,2.221696302706162,5.089895243097385
0.8140703517587939,3.0018367346938777,20.91941359115547,2.4114243736223493,4.671507816042417
0.8190954773869347,3.0018367346938777,20.942195803545655,2.601360261066958,4.42200822178978
0.8241206030150754,3.0018367346938777,20.96411432652659,2.791397551403109,4.327873651849582
0.8291457286432161,3.0018367346938777,20.985974302705603,2.981439449573115,4.404458093865646
0.8341708542713567,3.0018367346938777,21.00877273399031,3.1713726647446365,4.719367752966184
0.8391959798994975,3.0018367346938777,21.03412441912308,3.3609797218406925,5.4767308119762905
0.8442211055276382,3.0018367346938777,21.065738475286814,3.5496251742181313,7.469877566552489
0.8492462311557789,3.0018367346938777,21.12212347962343,3.731554407227774,20.517181737682463
0.8542713567839196,3.0018367346938777,21.244866289786025,3.6456289640686306,16.34517885546776
0.8592964824120602,3.0018367346938777,21.318124804933877,3.468964013897724,13.602108744881205
0.864321608040201,3.0018367346938777,21.38498888071533,3.2897344138802795,13.166674916432783
0.8693467336683417,3.0018367346938777,21.45140673297152,3.1103393482320194,13.327254964640261
0.8743718592964824,3.0018367346938777,21.519352628854808,2.9315162880049166,13.745856554489487
0.8793969849246231,3.0018367346938777,21.58979841981483,2.7536638526400057,14.311207042050025
0.8844221105527639,3.0018367346938777,21.663353738840108,2.577075549421668,14.97875290182145
0.8894472361809045,3.0018367346938777,21.74047718524997,2.4020170168873647,15.729357959345426
0.8944723618090452,3.0018367346938777,21.82156430825439,2.2287597913752717,16.555699174742372
0.8994974874371859,3.0018367346938777,21.906991435079178,2.0576019313759835,17.456973621534875
0.9045226130653267,3.0018367346938777,21.99714346101132,1.8888863274785679,18.437289328222704
0.9095477386934674,3.0018367346938777,22.092438310401487,1.7230230201854573,19.505823534582312
0.914572864321608,3.0018367346938777,22.193355354790206,1.5605216924749592,20.678142969140666
0.9195979899497487,3.0018367346938777,22.300471940235497,1.4020420617985923,21.97796903362175
0.9246231155778895,3.0018367346938777,22.414507765666983,1.2484718740034253,23.438211601780264
0.9296482412060302,3.0018367346938777,22.536366769451742,1.1010420567581152,25.0982616148276
0.9346733668341709,3.0018367346938777,22.667144281647516,0.961478481874329,26.99155615946796
0.9396984924623115,3.0018367346938777,22.80803012643219,0.8321521586816504,29.115644063839195
0.9447236180904522,3.0018367346938777,22.960007204856197,0.7160983978497506,31.380455870675636
0.949748743718593,3.0018367346938777,23.12329026639206,0.6166188255856284,33.56877346487108
0.9547738693467337,3.0018367346938777,23.296765087740432,0.536233559274585,35.39200677404652
0.9597989949748744,3.0018367346938777,23.478055922560696,0.47544708686647386,36.66595677620043
0.964824120603015,3.0018367346938777,23.66438236905088,0.4323835191928852,37.41581224698669
0.9698492462311558,3.0018367346938777,23.853480389570496,0.40368464745229093,37.798370676212876
0.9748743718592965,3.0018367346938777,24.043919901487833,0.38577308021581286,37.97212880506823
0.9798994974874372,3.0018367346938777,24.23493982309755,0.3756283606478977,38.042259428601575
0.9849246231155779,3.0018367346938777,24.426177519738204,0.37100020298102976,38.06520051443115
0.9899497487437185,3.0018367346938777,24.617472353677414,0.37032789403619293,38.067851050331775
0.9949748743718593,3.0018367346938777,24.808756641769502,0.3725802262173387,38.06201212518829
1.0,3.0018367346938777,25.0,0.37710551921051566,38.05325377557039
0.0,3.003061224489796,0.0,1.0,17.014027709999638
0.005025125628140704,3.003061224489796,0.094948167106575,0.8339489075418421,20.915911900244716
0.010050251256281407,3.003061224489796,0.2115566212806738,0.6824265188135085,25.605053534917985
0.01507537688442211,3.003061224489796,0.352751191038469,0.5536611733134796,30.541293484593712
0.020100502512562814,3.003061224489796,0.5168349791704919,0.4557790650466669,34.49830973287103
0.02512562814070352,3.003061224489796,0.6964776570021727,0.3904199299981427,36.720608511551106
0.03015075376884422,3.003061224489796,0.8837035587828889,0.3512259134269038,37.64402697437078
0.035175879396984924,3.003061224489796,1.0738175495660531,0.3295049163593967,37.96224931800247
0.04020100502512563,3.003061224489796,1.2648756020837981,0.3184559337797342,38.05898588037003
0.04522613065326633,3.003061224489796,1.4562042888301485,0.31374655967770393,38.08368842221941
0.05025125628140704,3.003061224489796,1.6475919251471565,0.3128215953404022,38.08685162576005
0.05527638190954774,3.003061224489796,1.838977859545247,0.3142151842631706,38.08433566992978
0.06030150753768844,3.003061224489796,2.030347530257663,0.31709569439610474,38.08076290962599
0.06532663316582915,3.003061224489796,2.2216992791398726,0.3209961482074778,38.07727096765282
0.07035175879396985,3.003061224489796,2.413033995497373,0.325660441986115,38.07396921254532
0.07537688442211055,3.003061224489796,2.604352288269665,0.3309567097030732,38.0706992698526
0.08040201005025126,3.003061224489796,2.7956537806964032,0.3368288780785413,38.06724374076782
0.08542713567839195,3.003061224489796,2.986936962640406,0.3432700031706837,38.06336982287321
0.09045226130653267,3.003061224489796,3.1781991011359296,0.35030817168110306,38.058819995183164
0.09547738693467336,3.003061224489796,3.3694360445210307,0.3580001492790678,38.05328232058777
0.10050251256281408,3.003061224489796,3.560641854273281,0.36643005535373424,38.04634732618612
0.10552763819095477,3.003061224489796,3.7518081614676686,0.3757119275273817,38.03744296951385
0.11055276381909548,3.003061224489796,3.9429231023165796,0.3859960573545329,38.02573177149648
0.11557788944723618,3.003061224489796,4.133969596749617,0.3974798037065329,38.009938805610695
0.12060301507537688,3.003061224489796,4.324922474710019,0.41042456337354705,37.988053221330254
0.12562814070351758,3.003061224489796,4.515743342534283,0.4251840353266828,37.95670191816506
0.1306532663316583,3.003061224489796,4.706371962020255,0.44224149570477994,37.91027368542637
0.135678391959799,3.003061224489796,4.896709273786264,0.4622795756220861,37.83844404169751
0.1407035175879397,3.003061224489796,5.086583678208017,0.48629443753090945,37.72163937619396
0.1457286432160804,3.003061224489796,5.275681955724849,0.5157751180855344,37.52020901613025
0.1507537688442211,3.003061224489796,5.463392104744849,0.5530336961250725,37.14865402815822
0.15577889447236182,3.003061224489796,5.648436716517072,0.601737999504248,36.41178002384925
0.16080402010050251,3.003061224489796,5.8280171610137135,0.6676205564387427,34.87012002581422
0.1658291457286432,3.003061224489796,5.996171822919808,0.7585210156703259,31.706611978187627
0.1708542713567839,3.003061224489796,6.14286250156455,0.8808492445831808,26.3470713894207
0.17587939698492464,3.003061224489796,6.259325576136787,1.0322826995746868,20.044884321898536
0.18090452261306533,3.003061224489796,6.346225086930771,1.2025943454872308,14.810170951874314
0.18592964824120603,3.003061224489796,6.410894841260068,1.3826421033925236,11.173155895725364
0.19095477386934673,3.003061224489796,6.460567673420296,1.5674401547511856,8.76234539695007
0.19597989949748743,3.003061224489796,6.500289891899194,1.7546492667032012,7.152969677396397
0.20100502512562815,3.003061224489796,6.533313165548876,1.9431635964956908,6.0589311132407335
0.20603015075376885,3.003061224489796,6.56175439466951,2.13242704906006,5.307373319985217
0.21105527638190955,3.003061224489796,6.587054180538393,2.322137670729067,4.796350608929765
0.21608040201005024,3.003061224489796,6.610263136793527,2.5121162436435664,4.468099747177966
0.22110552763819097,3.003061224489796,6.632218532636751,2.702244147809199,4.295128251935172
0.22613065326633167,3.003061224489796,6.653687786081917,2.8924269629532033,4.276666711388402
0.23115577889447236,3.003061224489796,6.675511663711824,3.0825697458190726,4.446290413825259
0.23618090452261306,3.003061224489796,6.69886005688039,3.27253052833591,4.912333820652175
0.24120603015075376,3.003061224489796,6.725908188318978,3.4619943966501996,6.018898614823434
0.24623115577889448,3.003061224489796,6.762940408398,3.6497011391000544,9.551494020159057
0.25125628140703515,3.003061224489796,6.867304441929699,3.7568731262866315,25.78152610136806
0.2562814070351759,3.003061224489796,6.955905558041333,3.5880682440781912,14.464259794544027
0.2613065326633166,3.003061224489796,7.024606655740185,3.4094422846985166,13.219130251618514
0.2663316582914573,3.003061224489796,7.090545978324753,3.2297692987474718,13.121654958586662
0.271356783919598,3.003061224489796,7.157119494884155,3.0503301687369992,13.417236257782058
0.27638190954773867,3.003061224489796,7.22571189653197,2.871653806629374,13.906877408326665
0.2814070351758794,3.003061224489796,7.297087974927967,2.6940719800110884,14.517721065630425
0.2864321608040201,3.003061224489796,7.37176994490345,2.517855773928695,15.219418304873024
0.2914572864321608,3.003061224489796,7.450177187000538,2.343266137966992,15.99913505287508
0.2964824120603015,3.003061224489796,7.53268889036214,2.1705793963341424,16.852812283022942
0.3015075376884422,3.003061224489796,7.619678054501259,2.0001054317383566,17.78177071279721
0.3065326633165829,3.003061224489796,7.711535980906953,1.832206333417748,18.79198433680818
0.31155778894472363,3.003061224489796,7.808696893919792,1.6673212669906494,19.894764321537025
0.3165829145728643,3.003061224489796,7.911668598550567,1.5060040593482653,21.108401318945173
0.32160804020100503,3.003061224489796,8.021072052002754,1.3489819252299238,22.45988929760573
0.32663316582914576,3.003061224489796,8.137686977906204,1.1972454892331654,23.98516689902536
0.3316582914572864,3.003061224489796,8.262487365903214,1.052178059586025,25.72398463936865
0.33668341708542715,3.003061224489796,8.396623065836032,0.9157149881910416,27.70208146101852
0.3417085427135678,3.003061224489796,8.541264938183279,0.7904719356860118,29.89397641745147
0.34673366834170855,3.003061224489796,8.697210641132537,0.679660801067592,32.1676778124057
0.35175879396984927,3.003061224489796,8.864264557593753,0.5864698618879066,34.265373994257644
0.35678391959798994,3.003061224489796,9.040822621905614,0.5128531548554623,35.91317134953538
0.36180904522613067,3.003061224489796,9.224241513118141,0.4584654792738041,36.99562545800978
0.36683417085427134,3.003061224489796,9.41183197174556,0.4207667090710966,37.599383715166084
0.37185929648241206,3.003061224489796,9.601610072113564,0.39618467536491025,37.89437100666674
0.3768844221105528,3.003061224489796,9.792405363618737,0.38127085327996535,38.02321454948921
0.38190954773869346,3.003061224489796,9.983622278185548,0.3732617917053025,38.07243655704628
0.3869346733668342,3.003061224489796,10.17498528271112,0.3701587503181659,38.08625524479285
0.39195979899497485,3.003061224489796,10.366374707494964,0.37060120184362627,38.08508788845358
0.3969849246231156,3.003061224489796,10.557740260734654,0.37370354615862417,38.07765018478848
0.4020100502512563,3.003061224489796,10.749060152363134,0.37891853398012837,38.067255442874405
0.40703517587939697,3.003061224489796,10.940322430513822,0.38593919227882656,38.05474672865057
0.4120603015075377,3.003061224489796,11.13151592469405,0.394635744147027,38.03972016732721
0.41708542713567837,3.003061224489796,11.322625133720866,0.40502006312349337,38.02091955595021
0.4221105527638191,3.003061224489796,11.513626089473805,0.4172327248419754,37.996156648584
0.4271356783919598,3.003061224489796,11.704480464707737,0.4315506172303505,37.961800998911535
0.4321608040201005,3.003061224489796,11.895125894181009,0.44841774212406466,37.91162807124788
0.4371859296482412,3.003061224489796,12.08545748930997,0.46850793564412335,37.83439154410329
0.44221105527638194,3.003061224489796,12.27529124725598,0.4928386744740285,37.70848463213727
0.4472361809045226,3.003061224489796,12.464286210807352,0.5229687823276197,37.490296464032866
0.45226130653266333,3.003061224489796,12.651770216682085,0.5613380412237033,37.084127252793266
0.457286432160804,3.003061224489796,12.836328185153473,0.6118343541679953,36.273019019766586
0.4623115577889447,3.003061224489796,13.01485349554777,0.6804886310902831,34.56922857720016
0.46733668341708545,3.003061224489796,13.18083896002542,0.7752484694652804,31.125258893482602
0.4723618090452261,3.003061224489796,13.32395262688971,0.9017315845939439,25.536630268867505
0.47738693467336685,3.003061224489796,13.436381563891763,1.0562095068845871,19.297370163118238
0.4824120603015075,3.003061224489796,13.520060722856998,1.2281478859679449,14.281557254086986
0.48743718592964824,3.003061224489796,13.582578820516085,1.408963711207488,10.834425822759485
0.49246231155778897,3.003061224489796,13.630890789467335,1.5941260302669054,8.549763787829058
0.49748743718592964,3.003061224489796,13.669762687956906,1.7815151183188573,7.02086417468944
0.5025125628140703,3.003061224489796,13.702264245942054,1.970120791157411,5.979717149654626
0.507537688442211,3.003061224489796,13.73040584584061,2.15942933335257,5.265446887765862
0.5125628140703518,3.003061224489796,13.755569270633668,2.349158209793526,4.783087166570234
0.5175879396984925,3.003061224489796,13.778776054766695,2.539137055905703,4.480245567752665
0.5226130653266332,3.003061224489796,13.800857698070358,2.7292501822406576,4.333687971243786
0.5276381909547738,3.003061224489796,13.822600003352433,2.9194008489840515,4.348637619612142
0.5326633165829145,3.003061224489796,13.844903284888298,3.109487591987077,4.569684816366108
0.5376884422110553,3.003061224489796,13.869089963962804,3.299342712387491,5.135530195281956
0.542713567839196,3.003061224489796,13.897815937299065,3.488555579279078,6.51840582514593
0.5477386934673367,3.003061224489796,13.940092235658627,3.675069174784479,11.808418285899993
0.5527638190954773,3.003061224489796,14.058273616582385,3.7061210377507425,19.800226935877042
0.5577889447236181,3.003061224489796,14.138290022333349,3.5324741100701718,14.057028469386237
0.5628140703517588,3.003061224489796,14.206183831164417,3.353534721779761,13.208513525483752
0.5678391959798995,3.003061224489796,14.272408100804638,3.1739674159646354,13.227978274548459
0.5728643216080402,3.003061224489796,14.3396648579428,2.994783639939825,13.57752212743941
0.5778894472361809,3.003061224489796,14.409150963952309,2.8164532031224843,14.10024679098601
0.5829145728643216,3.003061224489796,14.481563670829653,2.6392917848305646,14.736114543936873
0.5879396984924623,3.003061224489796,14.557398721734456,2.4635689541427412,15.459674630933428
0.592964824120603,3.003061224489796,14.637066285593386,2.2895510562360175,16.260478539014017
0.5979899497487438,3.003061224489796,14.720945241356286,2.1175245786653605,17.135826099021095
0.6030150753768844,3.003061224489796,14.809414459930858,1.9478143712789926,18.08821128673282
0.6080402010050251,3.003061224489796,14.90287735318807,1.7808038884010453,19.124972284530998
0.6130653266331658,3.003061224489796,15.001788285181101,1.6169633676019863,20.259296112882033
0.6180904522613065,3.003061224489796,15.106686100845053,1.4568930389972827,21.511941223203557
0.6231155778894473,3.003061224489796,15.21823642018104,1.3013904571413732,22.91275290834991
0.628140703517588,3.003061224489796,15.337276868403046,1.1515521958179311,24.499781732930046
0.6331658291457286,3.003061224489796,15.464842398499046,1.008914972798955,26.31118022082119
0.6381909547738693,3.003061224489796,15.602115048467887,0.8756155793525344,28.361854207760835
0.6432160804020101,3.003061224489796,15.750205973291562,0.7544814479969897,30.59913461376753
0.6482412060301508,3.003061224489796,15.909674705951884,0.6488151627952563,32.85009866386843
0.6532663316582915,3.003061224489796,16.079906965718546,0.5615694019893551,34.83340493977853
0.6582914572864321,3.003061224489796,16.258894632807124,0.49405974809248954,36.30785499507649
0.6633165829145728,3.003061224489796,16.44386789810089,0.445184113941133,37.22597798002974
0.6683417085427136,3.003061224489796,16.632306638822772,0.4119381230524298,37.715906701563625
0.6733668341708543,3.003061224489796,16.822492087002612,0.3906893785279728,37.94689581771923
0.678391959798995,3.003061224489796,17.013462355074324,0.37816970210802325,38.04423503860224
0.6834170854271356,3.003061224489796,17.20474432943718,0.37185864878259434,38.079209691985156
0.6884422110552764,3.003061224489796,17.396123989802536,0.36997236045616777,38.08693421350001
0.6934673366834171,3.003061224489796,17.587509753582804,0.37131407136521555,38.08323242264592
0.6984924623115578,3.003061224489796,17.778862957201163,0.3751157274395196,38.074676918546494
0.7035175879396985,3.003061224489796,17.970166194102447,0.3809130582675222,38.063610942261874
0.7085427135678392,3.003061224489796,18.161408549029026,0.38845924048590486,38.050407133520594
0.7135678391959799,3.003061224489796,18.35257797723528,0.39767103648352087,38.03438162083022
0.7185929648241206,3.003061224489796,18.543656849184565,0.40860057393362653,38.01401995655705
0.7236180904522613,3.003061224489796,18.734617464229014,0.4214288194182055,37.98676566565677
0.7286432160804021,3.003061224489796,18.925415424203138,0.4364798784176679,37.94834318811216
0.7336683417085427,3.003061224489796,19.11597766734079,0.4542604170950941,37.89131605410772
0.7386934673366834,3.003061224489796,19.306180174710835,0.4755351874555396,37.80202619702707
0.7437185929648241,3.003061224489796,19.495801176347584,0.5014648315519155,37.65382235684933
0.7487437185929648,3.003061224489796,19.684423333742647,0.5338328079352546,37.39125678201222
0.7537688442211056,3.003061224489796,19.871205423174576,0.5754573694713297,36.8918640953871
0.7587939698492462,3.003061224489796,20.054345954808966,0.6308216702516702,35.87354557762031
0.7638190954773869,3.003061224489796,20.22988967180268,0.7066865380848563,33.73298014488955
0.7688442211055276,3.003061224489796,20.38997923136364,0.8110037312648982,29.59729293152109
0.7738693467336684,3.003061224489796,20.524016808153476,0.947061761095554,23.56044437587438
0.7788944723618091,3.003061224489796,20.626898596985363,1.1081162740063113,17.568088466640603
0.7839195979899497,3.003061224489796,20.70316201561031,1.2835124722455253,13.060363219399637
0.7889447236180904,3.003061224489796,20.760638103757785,1.4660120896056337,10.023458549930503
0.7939698492462312,3.003061224489796,20.805608664600577,1.6520215442102457,8.010276406916377
0.7989949748743719,3.003061224489796,20.842238329338176,1.8398648401438837,6.655496351648563
0.8040201005025126,3.003061224489796,20.873209598052554,2.0287291423184084,5.729162913467979
0.8090452261306532,3.003061224489796,20.90030176959691,2.2181912925754106,5.094193488149484
0.8140703517587939,3.003061224489796,20.924761604170907,2.408012382621977,4.671737521518964
0.8190954773869347,3.003061224489796,20.94753560576188,2.5980435997684497,4.418507352778643
0.8241206030150754,3.003061224489796,20.969426550856763,2.7881783897366716,4.3202693233697484
0.8291457286432161,3.003061224489796,20.991235321344536,2.9783203306314636,4.391329187428573
0.8341708542713567,3.003061224489796,21.01394698563818,3.1683583161006412,4.697008520121432
0.8391959798994975,3.003061224489796,21.03914336178395,3.3580807466466736,5.434164850537208
0.8442211055276382,3.003061224489796,21.07041063776932,3.546880464427651,7.356669617670666
0.8492462311557789,3.003061224489796,21.124838409889975,3.7296652938484023,19.07550056553848
0.8542713567839196,3.003061224489796,21.248018239466074,3.653795453943017,16.527478168273067
0.8592964824120602,3.003061224489796,21.321650771289583,3.4771903342069304,13.624662255877183
0.864321608040201,3.003061224489796,21.388543556903073,3.2978715804202183,13.161131759804846
0.8693467336683417,3.003061224489796,21.454904422089996,3.1183557871470677,13.311517880619226
0.8743718592964824,3.003061224489796,21.522756998112566,2.9393970525684963,13.724914715633611
0.8793969849246231,3.003061224489796,21.593088548816514,2.761398655723054,14.286862635953776
0.8844221105527639,3.003061224489796,21.666514603458708,2.584655082982792,14.95172017915918
0.8894472361809045,3.003061224489796,21.74349603977436,2.409431693918302,15.699891456260884
0.8944723618090452,3.003061224489796,21.82442906331281,2.235999009339779,16.523825995470126
0.8994974874371859,3.003061224489796,21.909689737536112,2.0646534822463085,17.422567211319304
0.9045226130653267,3.003061224489796,21.999661961264604,1.8957357199381084,18.400077164486
0.9095477386934674,3.003061224489796,22.09476186026843,1.7296525187475844,19.465354215285757
0.914572864321608,3.003061224489796,22.19546598228295,1.5669088662509425,20.633735755707544
0.9195979899497487,3.003061224489796,22.30234759211693,1.4081575483413507,21.928677725030074
0.9246231155778895,3.003061224489796,22.41612104279783,1.2542760841893965,23.382878332769984
0.9296482412060302,3.003061224489796,22.537684464666423,1.1064806936236686,25.035815346506485
0.9346733668341709,3.003061224489796,22.668129578800222,0.9664776279103723,26.92183178830934
0.9396984924623115,3.003061224489796,22.808650541026502,0.8366158427993212,29.040820014384803
0.9447236180904522,3.003061224489796,22.960251469324234,0.7199163137206758,31.3070719282759
0.949748743718593,3.003061224489796,23.123191044818203,0.6196955453363507,33.507304394802894
0.9547738693467337,3.003061224489796,23.296407381143336,0.5385348422872374,35.35162173803811
0.9597989949748744,3.003061224489796,23.477553470302734,0.47702984850337943,36.64827335679189
0.964824120603015,3.003061224489796,23.663837430828423,0.43337551014517783,37.41538016713291
0.9698492462311558,3.003061224489796,23.852961656196378,0.4042336293963475,37.80817928816238
0.9748743718592965,3.003061224489796,24.043465032650175,0.38600804822922075,37.98709877672014
0.9798994974874372,3.003061224489796,24.23456688615252,0.37564586851345905,38.05957555236556
0.9849246231155779,3.003061224489796,24.42589448017924,0.3708664975705173,38.08351675726404
0.9899497487437185,3.003061224489796,24.617282532003475,0.3700859506476786,38.08657994710551
0.9949748743718593,3.003061224489796,24.808661461415074,0.3722566029659637,38.08091835977937
1.0,3.003061224489796,25.0,0.3767154608536678,38.07225985459439
0.0,3.0042857142857144,0.0,1.0,17.014025934222587
0.005025125628140704,3.0042857142857144,0.09495535204661743,0.8338452668410912,20.91910759274106
0.010050251256281407,3.0042857142857144,0.21159270002938185,0.6822273474484731,25.6137659908216
0.01507537688442211,3.0042857142857144,0.3528486872773939,0.5533913814160927,30.557013169121106
0.020100502512562814,3.0042857142857144,0.5170249402684751,0.45548298296726875,34.518679294705805
0.02512562814070352,3.0042857142857144,0.6967727392660585,0.39013988043988346,36.74156887910551
0.03015075376884422,3.0042857142857144,0.8841016686225118,0.3509810916861587,37.66402617195644
0.035175879396984924,3.0042857142857144,1.0743140140323233,0.32929561267665763,37.981469200276976
0.04020100502512563,3.0042857142857144,1.265467544746012,0.31827513911445937,38.077820143858006
0.04522613065326633,3.0042857142857144,1.4568904258998483,0.31358638949839596,38.102368694471714
0.05025125628140704,3.0042857142857144,1.6483717778723408,0.3126754677707413,38.1054811268307
0.05527638190954774,3.0042857142857144,1.839851272117329,0.3140781435491906,38.102954731244445
0.06030150753768844,3.0042857142857144,2.0313145142192357,0.3169641921874986,38.099385542443166
0.06532663316582915,3.0042857142857144,2.222759861474454,0.32086767587658227,38.09590096074592
0.07035175879396985,3.0042857142857144,2.4141882147555416,0.32553324284549695,38.09260694672344
0.07537688442211055,3.0042857142857144,2.6056001835454077,0.3308295341226475,38.08934437016795
0.08040201005025126,3.0042857142857144,2.796995387856262,0.3367008181759428,38.08589579693846
0.08542713567839195,3.0042857142857144,2.988372315367644,0.34314037755424653,38.08202870742968
0.09045226130653267,3.0042857142857144,3.179728235021717,0.35017644687706184,38.07748595994202
0.09547738693467336,3.0042857142857144,3.3710589976611085,0.3578658879576936,38.07195603006992
0.10050251256281408,3.0042857142857144,3.562358666991491,0.36629288254430475,38.06502989794759
0.10552763819095477,3.0042857142857144,3.7536188821476184,0.3755715108618063,38.05613603898542
0.11055276381909548,3.0042857142857144,3.944827790019673,0.3858520988953348,38.04443758701784
0.11557788944723618,3.0042857142857144,4.135968322307795,0.39733204371091724,38.02866032659855
0.12060301507537688,3.0042857142857144,4.327015326751304,0.41027279616781953,38.00679391038129
0.12562814070351758,3.0042857142857144,4.517930428460791,0.42502821641007954,37.97546746879515
0.1306532663316583,3.0042857142857144,4.708653419170299,0.44208169092589705,37.92906788221261
0.135678391959799,3.0042857142857144,4.8990852519471835,0.4621163107773949,37.857267267544145
0.1407035175879397,3.0042857142857144,5.0890543147378065,0.4861290097433403,37.74048224395467
0.1457286432160804,3.0042857142857144,5.278247249344263,0.5156103724835117,37.53902692582711
0.1507537688442211,3.0042857142857144,5.466051512239817,0.5528756321773154,37.167228922428166
0.15577889447236182,3.0042857142857144,5.651187742933551,0.6015993630474923,36.429474766481874
0.16080402010050251,3.0042857142857144,5.830851201021342,0.6675266296884222,34.885038375428884
0.1658291457286432,3.0042857142857144,5.999063110846552,0.7585164022299068,31.713562686013592
0.1708542713567839,3.0042857142857144,6.145756736539857,0.880985469339242,26.34099583270349
0.17587939698492464,3.0042857142857144,6.262164520445509,1.0325789481645247,20.030853795985667
0.18090452261306533,3.0042857142857144,6.348983144741445,1.2030370749629695,14.79425574309208
0.18592964824120603,3.0042857142857144,6.4135758319717215,1.383212135790202,11.158440572097058
0.19095477386934673,3.0042857142857144,6.463182791549097,1.568124925567938,8.749804885037692
0.19597989949748743,3.0042857142857144,6.502849525272458,1.7554415710985154,7.1424715033795
0.20100502512562815,3.0042857142857144,6.53582497163421,1.944059362794722,6.050137119302661
0.20603015075376885,3.0042857142857144,6.564222976451894,2.133424000464373,5.299375002216957
0.21105527638190955,3.0042857142857144,6.5894845940628395,2.323234179899619,4.788776336476528
0.21608040201005024,3.0042857142857144,6.61265609750585,2.5133116610151123,4.460992798198048
0.22110552763819097,3.0042857142857144,6.634575614818608,2.703537966496378,4.287925910217109
0.22613065326633167,3.0042857142857144,6.656006216000148,2.8938194142178,4.268752400372387
0.23115577889447236,3.0042857142857144,6.677788297192023,3.084061237284766,4.437287594160603
0.23618090452261306,3.0042857142857144,6.7010853005246,3.274122685255879,4.900335245981439
0.24120603015075376,3.0042857142857144,6.7280582906039585,3.463691940905175,5.999966664088645
0.24623115577889448,3.0042857142857144,6.764935503775716,3.651526027227244,9.496776889579706
0.25125628140703515,3.0042857142857144,6.8687612076370765,3.7606268912154253,26.01946374916419
0.2562814070351759,3.0042857142857144,6.9576194060330625,3.591885538933157,14.469145267263418
0.2613065326633166,3.0042857142857144,7.0263135614626355,3.413156737419792,13.214316755954965
0.2663316582914573,3.0042857142857144,7.092222023631539,3.233372887882344,13.11466444912069
0.271356783919598,3.0042857142857144,7.158757769907414,3.0538198833549517,13.409369230170029
0.27638190954773867,3.0042857142857144,7.227309065280779,2.875027451253158,13.898435186011916
0.2814070351758794,3.0042857142857144,7.2986416054509435,2.697327218339614,14.508832305061452
0.2864321608040201,3.0042857142857144,7.373277700618154,2.520989881369203,15.210047259559724
0.2914572864321608,3.0042857142857144,7.451636589724343,2.346275894868027,15.98925011467561
0.2964824120603015,3.0042857142857144,7.534097173106806,2.173460962227942,16.842340623037042
0.3015075376884422,3.0042857142857144,7.6210320621974565,2.0028541910374074,17.770621845810183
0.3065326633165829,3.0042857142857144,7.712832027671867,1.8348166602294658,18.780038199935664
0.31155778894472363,3.0042857142857144,7.809930573576167,1.669786170669788,19.881861358478286
0.3165829145728643,3.0042857142857144,7.912834537093581,1.5083146458035572,21.094309476172665
0.32160804020100503,3.0042857142857144,8.02216368871999,1.3511266243039834,22.44436321896393
0.32663316582914576,3.0042857142857144,8.138696577691197,1.1992090386235859,23.968014546940616
0.3316582914572864,3.0042857142857144,8.263406686538586,1.0539403989005398,25.705249874902755
0.33668341708542715,3.0042857142857144,8.397445499157863,0.9172507578619009,27.682478992410676
0.3417085427135678,3.0042857142857144,8.541989897724482,0.7917520854672491,29.875326941680786
0.34673366834170855,3.0042857142857144,8.697850107751288,0.68065919007825,32.153199444619325
0.35175879396984927,3.0042857142857144,8.864849026128653,0.5871781947247706,34.25846785445674
0.35678391959798994,3.0042857142857144,9.041395342792764,0.5132915403586391,35.91536318028272
0.36180904522613067,3.0042857142857144,9.224845411169039,0.45868179116005525,37.0053997143652
0.36683417085427134,3.0042857142857144,9.412498132999204,0.4208198168243441,37.6139228576929
0.37185929648241206,3.0042857142857144,9.60235609131829,0.3961272657164963,37.911314360309426
0.3768844221105528,3.0042857142857144,9.79323959564941,0.38114186173395725,38.04122391938673
0.38190954773869346,3.0042857142857144,9.984548252116484,0.373086981212357,38.09087604364195
0.3869346733668342,3.0042857142857144,10.176004406469326,0.36995384719665614,38.10486006559805
0.39195979899497485,3.0042857142857144,10.367487476644278,0.37037512583768756,38.10375876301335
0.3969849246231156,3.0042857142857144,10.558947084596007,0.3734608781590194,38.096356573075624
0.4020100502512563,3.0042857142857144,10.75036106702515,0.37866105096556724,38.08599282711333
0.40703517587939697,3.0042857142857144,10.941717605242092,0.38566685885417346,38.07352196985687
0.4120603015075377,3.0042857142857144,11.133005568597536,0.39434720265178375,38.05854864996754
0.41708542713567837,3.0042857142857144,11.32420956089297,0.40471284136495467,38.03982417747503
0.4221105527638191,3.0042857142857144,11.515305779658423,0.41690323481685343,38.01517223570859
0.4271356783919598,3.0042857142857144,11.70625610566792,0.43119393723508537,37.9809832666298
0.4321608040201005,3.0042857142857144,11.896998556561293,0.4480271598116935,37.931076356607576
0.4371859296482412,3.0042857142857144,12.087428889786592,0.4680741370741457,37.85427913705173
0.44221105527638194,3.0042857142857144,12.277364307838623,0.49234838035545736,37.729131823568025
0.4472361809045226,3.0042857142857144,12.466466182654639,0.5224029931842116,37.51235919808261
0.45226130653266333,3.0042857142857144,12.654067214313184,0.5606682337004518,37.10895235770971
0.457286432160804,3.0042857142857144,12.838762397317995,0.6110190217348992,36.30350336518864
0.4623115577889447,3.0042857142857144,13.017465944419252,0.6794725258376492,34.61092049718572
0.46733668341708545,3.0042857142857144,13.1837002323539,0.7739869078898016,31.18299298550039
0.4723618090452261,3.0042857142857144,13.327128768364851,0.9002538673583342,25.60086360835975
0.47738693467336685,3.0042857142857144,13.439853935457759,1.054629150772022,19.348338186712347
0.4824120603015075,3.0042857142857144,13.52373881151762,1.2265698764467676,14.31306096782947
0.48743718592964824,3.0042857142857144,13.586377586451414,1.4074424140931403,10.85197111496071
0.49246231155778897,3.0042857142857144,13.634754730590549,1.5926842746375236,8.558817099395013
0.49748743718592964,3.0042857142857144,13.673658458389495,1.7801623095609027,7.024831945664207
0.5025125628140703,3.0042857142857144,13.706171347612436,1.9688610132681146,5.980456269219259
0.507537688442211,3.0042857142857144,13.734310689998235,2.1582645428860623,5.263920624531887
0.5125628140703518,3.0042857142857144,13.75946181303656,2.348089497719234,4.77974491214635
0.5175879396984925,3.0042857142857144,13.782647564062287,2.538165241272379,4.475203499475219
0.5226130653266332,3.0042857142857144,13.804699092891942,2.7283761235182133,4.326670721759124
0.5276381909547738,3.0042857142857144,13.826399787664721,2.9186256482794306,4.338926131536489
0.5326633165829145,3.0042857142857144,13.848644225994596,3.1088135245196282,4.555546653717047
0.5376884422110553,3.0042857142857144,13.87274036541835,3.298774607349059,5.112383843748067
0.542713567839196,3.0042857142857144,13.901298667932197,3.488107953440862,6.4694442467417845
0.5477386934673367,3.0042857142857144,13.943049471586308,3.674846147644085,11.57126623984617
0.5527638190954773,3.0042857142857144,14.060419433181302,3.712007262248136,20.082781671089005
0.5577889447236181,3.0042857142857144,14.1408926839793,3.5384877357331543,14.079211738427707
0.5628140703517588,3.0042857142857144,14.208820178040105,3.359461260655517,13.205638396455178
0.5678391959798995,3.0042857142857144,14.27500823307235,3.1797808097084173,13.217576179222362
0.5728643216080402,3.0042857142857144,14.342203161767822,3.0004737906111454,13.563651807491967
0.5778894472361809,3.0042857142857144,14.411613920573323,2.8220135240382493,14.084253059854229
0.5829145728643216,3.0042857142857144,14.483942011233832,2.6447163909005376,14.718478652598954
0.5879396984924623,3.0042857142857144,14.559684717701943,2.4688517558388354,15.440568517895633
0.592964824120603,3.0042857142857144,14.639252623770545,2.2946852883773774,16.23991474756734
0.5979899497487438,3.0042857142857144,14.723024438910091,2.122502438555538,17.113727421456332
0.6030150753768844,3.0042857142857144,14.811378434620494,1.952626621120134,18.06441617649434
0.6080402010050251,3.0042857142857144,14.904716971608188,1.785439301928954,19.09922003650144
0.6130653266331658,3.0042857142857144,15.003492788395247,1.6214079003145252,20.231194751970442
0.6180904522613065,3.0042857142857144,15.108242386477576,1.4611285607117956,21.480947345617576
0.6231155778894473,3.0042857142857144,15.219628292664442,1.3053928744486556,22.87819070662907
0.628140703517588,3.0042857142857144,15.338484670602528,1.1552888596424689,24.4609915687983
0.6331658291457286,3.0042857142857144,15.46584400864869,1.0123416792502595,26.267945690651004
0.6381909547738693,3.0042857142857144,15.602890074557996,0.8786746313589867,28.315255124561702
0.6432160804020101,3.0042857142857144,15.750745228902403,0.7571046326454727,30.55275084161749
0.6482412060301508,3.0042857142857144,15.909994570223096,0.6509385814649371,32.81038763632232
0.6532663316582915,3.0042857142857144,16.080058935074003,0.5631621104660676,34.80719219345488
0.6582914572864321,3.0042857142857144,16.25895542239661,0.4951492822614745,36.29769482798984
0.6633165829145728,3.0042857142857144,16.443912713245894,0.44585170089949316,37.22899842564206
0.6683417085427136,3.0042857142857144,16.63238931196064,0.4122864345798607,37.72715486883883
0.6733668341708543,3.0042857142857144,16.82264326930509,0.39081198455823724,37.96239747465828
0.678391959798995,3.0042857142857144,17.013697008744497,0.3781379485169702,38.06168991767197
0.6834170854271356,3.0042857142857144,17.205069122156686,0.37172162507037276,38.097495195433126
0.6884422110552764,3.0042857142857144,17.396541610083474,0.36976175204059797,38.10555928186975
0.6934673366834171,3.0042857142857144,17.588021592410886,0.37104926365892776,38.10199927147423
0.6984924623115578,3.0042857142857144,17.77946937791285,0.37480782399612,38.093516373293575
0.7035175879396985,3.0042857142857144,17.970867406100147,0.38056751206232564,38.08250948076607
0.7085427135678392,3.0042857142857144,18.162204868039705,0.38807756105374636,38.06937625320785
0.7135678391959799,3.0042857142857144,18.35346980633465,0.39725168923957543,38.053452151144484
0.7185929648241206,3.0042857142857144,18.54464484727667,0.4081393246011973,38.033242880212335
0.7236180904522613,3.0042857142857144,18.735702657501793,0.42091861614554127,38.00622243364624
0.7286432160804021,3.0042857142857144,18.926599238476243,0.4359102558269845,37.96816642462834
0.7336683417085427,3.0042857142857144,19.1172624729761,0.45361628037590807,37.91174244455944
0.7386934673366834,3.0042857142857144,19.307569967007897,0.4747946628020727,37.82349023821302
0.7437185929648241,3.0042857142857144,19.497303171295552,0.5005954722463359,37.67719141860242
0.7487437185929648,3.0042857142857144,19.68605099998436,0.5327854814313525,37.41832631181029
0.7537688442211056,3.0042857142857144,19.872985955807582,0.5741560057674268,36.92655602470951
0.7587939698492462,3.0042857142857144,20.056336747654118,0.6291510471661159,35.92451647555209
0.7638190954773869,3.0042857142857144,20.232210648452156,0.7044919272182885,33.817127826048434
0.7688442211055276,3.0042857142857144,20.39283140185777,0.8081674662413412,29.724590512111536
0.7738693467336684,3.0042857142857144,20.527567804393076,0.9436634781389055,23.70232158072942
0.7788944723618091,3.0042857142857144,20.631099095249184,1.1044076896123622,17.679749068941486
0.7839195979899497,3.0042857142857144,20.70782371645193,1.2797020916863304,13.133370090330162
0.7889447236180904,3.0042857142857144,20.765592020894303,1.462206544824307,10.068677976422295
0.7939698492462312,3.0042857142857144,20.810742664482262,1.6482683047394213,8.03801992078509
0.7989949748743719,3.0042857142857144,20.84748226573912,1.8361853758609668,6.6722593239953625
0.8040201005025126,3.0042857142857144,20.87851855527432,2.025133833896689,5.738730045166317
0.8090452261306532,3.0042857142857144,20.90564510312435,2.2146856298124447,5.098544354709305
0.8140703517587939,3.0042857142857144,20.930116562663134,2.4045996097462266,4.67204127008643
0.8190954773869347,3.0042857142857144,20.952882822593722,2.594726050300901,4.41511695678143
0.8241206030150754,3.0042857142857144,20.974746827759382,2.7849582314979413,4.312822480266178
0.8291457286432161,3.0042857142857144,20.996505267213134,2.975200198060907,4.378413399488136
0.8341708542713567,3.0042857142857144,21.019131648041206,3.165342693738603,4.675056974380338
0.8391959798994975,3.0042857142857144,21.044176036015436,3.355179848936946,5.392613584786633
0.8442211055276382,3.0042857142857144,21.0751076093069,3.544131146171039,7.248048142403869
0.8492462311557789,3.0042857142857144,21.127766301603145,3.7276544654851467,17.847337704023488
0.8542713567839196,3.0042857142857144,21.25115045340132,3.6619546735820494,16.72368846022471
0.8592964824120602,3.0042857142857144,21.325181237540097,3.485421178571397,13.64868658870975
0.864321608040201,3.0042857142857144,21.39210681651239,3.306014827659082,13.156008355877484
0.8693467336683417,3.0042857142857144,21.45841231237967,3.126378530367635,13.295971125803444
0.8743718592964824,3.0042857142857144,21.52617232811127,2.94728460613593,13.704092658374952
0.8793969849246231,3.0042857142857144,21.596390179606495,2.7691406356353343,14.262615552986373
0.8844221105527639,3.0042857142857144,21.669687421070208,2.592242214779969,14.92477251540891
0.8894472361809045,3.0042857142857144,21.74652727812102,2.4168544200691566,15.67051009301979
0.8944723618090452,3.0042857142857144,21.82730664155127,2.243246787917313,16.492041834485367
0.8994974874371859,3.0042857142857144,21.91240133399661,2.071714183696344,17.38825806756143
0.9045226130653267,3.0042857142857144,22.002194279704657,1.9025949632449553,18.36297421771375
0.9095477386934674,3.0042857142857144,22.09709983335312,1.7362927240695292,19.425015244488524
0.914572864321608,3.0042857142857144,22.197591756509933,1.5733078222285564,20.589486749525193
0.9195979899497487,3.0042857142857144,22.30423926674365,1.4142862123605997,21.879577879817948
0.9246231155778895,3.0042857142857144,22.41775138922794,1.2600953194856248,23.327769366466683
0.9296482412060302,3.0042857142857144,22.53902039742924,1.1119368105850855,24.973604720182653
0.9346733668341709,3.0042857142857144,22.669134196638616,0.9714974276171053,26.852292108670827
0.9396984924623115,3.0042857142857144,22.80929077320814,0.8411039420124629,28.96598092558376
0.9447236180904522,3.0042857142857144,22.960514663468036,0.7237622505896091,31.233344454436065
0.949748743718593,3.0042857142857144,23.123107928571116,0.6228022895364606,33.4450638813651
0.9547738693467337,3.0042857142857144,23.296061329044026,0.5408648369418055,35.31028755679401
0.9597989949748744,3.0042857142857144,23.477058175163926,0.47863682681932607,36.629787964099144
0.964824120603015,3.0042857142857144,23.663296355134044,0.43438584410239844,37.41444119299592
0.9698492462311558,3.0042857142857144,23.85244487396204,0.40479555224959124,37.81772045549497
0.9748743718592965,3.0042857142857144,24.043011165694605,0.3862518531474257,38.00194168246328
0.9798994974874372,3.0042857142857144,24.234194504229666,0.3756694149346728,38.07683259056736
0.9849246231155779,3.0042857142857144,24.425611780648573,0.37073704244314876,38.10180330030855
0.9899497487437185,3.0042857142857144,24.617092976461706,0.3698471767478514,38.105290964702974
0.9949748743718593,3.0042857142857144,24.80856650559883,0.37193557977939945,38.09981085249297
1.0,3.0042857142857144,25.0,0.37632764643209415,38.091277563609275
0.0,3.0055102040816326,0.0,1.0,17.014023716951836
0.005025125628140704,3.0055102040816326,0.09496253439446545,0.8337416295735223,20.92230306045791
0.010050251256281407,3.0055102040816326,0.21162878246177655,0.6820281849815448,25.6224821289601
0.01507537688442211,3.0055102040816326,0.35294622246487295,0.5531216305358712,30.572743077049473
0.020100502512562814,3.0055102040816326,0.5172149951177215,0.45518703009534217,34.53905842501859
0.02512562814070352,3.0055102040816326,0.6970679459720752,0.3898600645900963,36.76253170489708
0.03015075376884422,3.0055102040816326,0.8844999056833958,0.3507365617937436,37.6840247966268
0.035175879396984924,3.0055102040816326,1.0748106018657713,0.32908660759491337,38.0006885480516
0.04020100502512563,3.0055102040816326,1.2660596099898693,0.3180946207850518,38.0966545898147
0.04522613065326633,3.0055102040816326,1.4575766864626196,0.31342646350313685,38.12104981466644
0.05025125628140704,3.0055102040816326,1.6491517524656594,0.3125295517075403,38.124111792064674
0.05527638190954774,3.0055102040816326,1.8407248433089127,0.3139412860450778,38.121575087225565
0.06030150753768844,3.0055102040816326,2.032281659474845,0.31683284938900375,38.11800954448402
0.06532663316582915,3.0055102040816326,2.2238206125455253,0.3207393447044001,38.11453228390176
0.07035175879396985,3.0055102040816326,2.415342609823215,0.3254061709662056,38.11124600774609
0.07537688442211055,3.0055102040816326,2.6068482608619954,0.33070247505922895,38.107990784777876
0.08040201005025126,3.0055102040816326,2.7983371839834645,0.33657286658288804,38.10454915247919
0.08542713567839195,3.0055102040816326,2.9898078638824637,0.3430108539241187,38.100688876896406
0.09045226130653267,3.0055102040816326,3.1812575703882984,0.35004481899253104,38.096153196350336
0.09547738693467336,3.0055102040816326,3.372682158753535,0.35773171934486364,38.090630999089484
0.10050251256281408,3.0055102040816326,3.5640756943497878,0.36615579866223347,38.08371371821781
0.10552763819095477,3.0055102040816326,3.7554298237009895,0.37543117936187304,38.074830347071725
0.11055276381909548,3.0055102040816326,3.9467327046743645,0.38570822148501605,38.06314463242658
0.11557788944723618,3.0055102040816326,4.13796728110725,0.39718435990889356,38.0473830658858
0.12060301507537688,3.0055102040816326,4.329108418262645,0.41012109947814757,38.02553572688237
0.12562814070351758,3.0055102040816326,4.520117760187838,0.4248724583546126,37.994234292359515
0.1306532663316583,3.0055102040816326,4.7109351288532535,0.44192193545453073,37.9478636279217
0.135678391959799,3.0055102040816326,4.901461489893066,0.4619530801147865,37.87609243929774
0.1407035175879397,3.0055102040816326,5.091525219032133,0.48596359341806394,37.75932681094238
0.1457286432160804,3.0055102040816326,5.280812822367403,0.5154456012116351,37.557849571710435
0.1507537688442211,3.0055102040816326,5.468711213388641,0.5527175058125069,37.1858051411268
0.15577889447236182,3.0055102040816326,5.653939085866369,0.6014606030748939,36.447185661041836
0.16080402010050251,3.0055102040816326,5.833685594225248,0.6674324970800294,34.89990853333064
0.1658291457286432,3.0055102040816326,6.001954745715308,0.7585115771120685,31.720384805077106
0.1708542713567839,3.0055102040816326,6.14865129502281,0.8811214378542738,26.334980396693634
0.17587939698492464,3.0055102040816326,6.265003112362964,1.0328753579563736,20.015924372159617
0.18090452261306533,3.0055102040816326,6.351741153025072,1.2034797306409848,14.778023180528795
0.18592964824120603,3.0055102040816326,6.416256632656649,1.3837820917911021,11.14414619975775
0.19095477386934673,3.0055102040816326,6.465797638954538,1.5688096011063029,8.737804809828184
0.19597989949748743,3.0055102040816326,6.505408804093517,1.7562337652040094,7.132282132048798
0.20100502512562815,3.0055102040816326,6.538336545475809,1.9449549736166247,6.041247947056666
0.20603015075376885,3.0055102040816326,6.566692293917423,2.1344206429090633,5.291387675160888
0.21105527638190955,3.0055102040816326,6.591915201505207,2.324330442931042,4.781323954783999
0.21608040201005024,3.0055102040816326,6.61504993757274,2.514506742162463,4.453774282133829
0.22110552763819097,3.0055102040816326,6.636932996237223,2.7048315092037365,4.280593773916144
0.22613065326633167,3.0055102040816326,6.6583256535494035,2.8952113984486547,4.260912676370222
0.23115577889447236,3.0055102040816326,6.680065647617233,3.0855522869293788,4.428229577326399
0.23618090452261306,3.0055102040816326,6.703311352522059,3.2757143763609933,4.888610242524657
0.24120603015075376,3.0055102040816326,6.730210849644927,3.465388747854778,5.981139917737391
0.24623115577889448,3.0055102040816326,6.76693331968705,3.653349934915014,9.442332960246619
0.25125628140703515,3.0055102040816326,6.870208851611621,3.76438564552848,26.266115563541554
0.2562814070351759,3.0055102040816326,6.959331121493701,3.5957139268752805,14.474040179984884
0.2613065326633166,3.0055102040816326,7.028018475856222,3.416882341348317,13.209489069815776
0.2663316582914573,3.0055102040816326,7.093896092945413,3.236987243970306,13.107601419823174
0.271356783919598,3.0055102040816326,7.160393960061387,3.0573203475880413,13.401439120659077
0.27638190954773867,3.0055102040816326,7.228904026540999,2.878411824195238,13.889980643011269
0.2814070351758794,3.0055102040816326,7.300192884405384,2.700593161991079,14.499907501409687
0.2864321608040201,3.0055102040816326,7.374782962681146,2.5241346730425147,15.20065117753376
0.2914572864321608,3.0055102040816326,7.453093342084342,2.349296310603962,15.979330970302302
0.2964824120603015,3.0055102040816326,7.535502639188509,2.176353159539194,16.831834155456832
0.3015075376884422,3.0055102040816326,7.62238307437419,2.005613553128685,17.759438182409777
0.3065326633165829,3.0055102040816326,7.714124889294024,1.8374375604358069,18.76805454207586
0.31155778894472363,3.0055102040816326,7.8111608608639855,1.6722616166448527,19.86890720085752
0.3165829145728643,3.0055102040816326,7.913996854235761,1.5106357426119992,21.080168601824663
0.32160804020100503,3.0055102040816326,8.023251447393513,1.3532818010969936,22.428786818822218
0.32663316582914576,3.0055102040816326,8.13970199192915,1.2011830232454788,23.950794529288398
0.3316582914572864,3.0055102040816326,8.264321429468188,1.055713103754549,25.686426240071167
0.33668341708542715,3.0055102040816326,8.398262808323027,0.9187967263349395,27.662701959739575
0.3417085427135678,3.0055102040816326,8.542709009019763,0.7930421156954399,29.85641152626642
0.34673366834170855,3.0055102040816326,8.698483113692483,0.6816672825893594,32.13838235852672
0.35175879396984927,3.0055102040816326,8.86542553754914,0.5878943917952294,34.251298583381406
0.35678391959798994,3.0055102040816326,9.041958824914303,0.5137355937756943,35.91734307765557
0.36180904522613067,3.0055102040816326,9.225439217207143,0.45890167309099594,37.015058012142624
0.36683417085427134,3.0055102040816326,9.413153755364421,0.4208748608955192,37.62839612053866
0.37185929648241206,3.0055102040816326,9.603091379504825,0.39607070455256166,37.92823915887199
0.3768844221105528,3.0055102040816326,9.794063040442623,0.3810132038091796,38.059229100063945
0.38190954773869346,3.0055102040816326,9.985463428339969,0.3729122439090883,38.1093153010603
0.3869346733668342,3.0055102040816326,10.177012713692873,0.369748876500117,38.12346556668115
0.39195979899497485,3.0055102040816326,10.368589517294291,0.3701489242492566,38.122430932989516
0.3969849246231156,3.0055102040816326,10.560143151278579,0.3732180387711327,38.11506376409242
0.4020100502512563,3.0055102040816326,10.751651165117124,0.3784033808164283,38.104730970356606
0.40703517587939697,3.0055102040816326,10.943101945040489,0.3853943159239409,38.092298818078746
0.4120603015075377,3.0055102040816326,11.134484375858955,0.3940584238583373,38.077378237828455
0.41708542713567837,3.0055102040816326,11.325783170697346,0.40440536153633333,38.05872905966933
0.4221105527638191,3.0055102040816326,11.516974650405114,0.41657346130842265,38.03418811414702
0.4271356783919598,3.0055102040816326,11.70802091579106,0.430836929010151,38.00016836004542
0.4321608040201005,3.0055102040816326,11.898860387721626,0.4476361785628367,37.95052482113747
0.4371859296482412,3.0055102040816326,12.08938943590351,0.46763987878316343,37.87416227806704
0.44221105527638194,3.0055102040816326,12.2794265030281,0.4918577401116669,37.749779755609914
0.4472361809045226,3.0055102040816326,12.4686352963299,0.5218365906846465,37.53440693401391
0.45226130653266333,3.0055102040816326,12.656353271741366,0.559997685404608,37.1337704024629
0.457286432160804,3.0055102040816326,12.841185712906961,0.61020221044718,36.33395463259387
0.4623115577889447,3.0055102040816326,13.020067370373674,0.6784543639323195,34.65232231241381
0.46733668341708545,3.0055102040816326,13.186550585989789,0.7727218396353882,31.240508004365978
0.4723618090452261,3.0055102040816326,13.330295843092355,0.8987694105783057,25.66598671060538
0.47738693467336685,3.0055102040816326,13.443319925963753,1.053039475391215,19.399566961396076
0.4824120603015075,3.0055102040816326,13.527413021568446,1.2249811177582364,14.345019636705954
0.48743718592964824,3.0055102040816326,13.590174162390557,1.405909727517739,10.86984484177861
0.49246231155778897,3.0055102040816326,13.638617507019736,1.5912308565762903,8.568129050846421
0.49748743718592964,3.0055102040816326,13.677553724764525,1.7787977054022066,7.0289572362834765
0.5025125628140703,3.0055102040816326,13.710078407884206,1.9675893686940316,5.981288491768767
0.507537688442211,3.0055102040816326,13.73821590643652,2.1570878297823497,5.262468636342754
0.5125628140703518,3.0055102040816326,13.763355009213882,2.3470088373490494,4.776480882136047
0.5175879396984925,3.0055102040816326,13.786519985519119,2.537181452494809,4.470191807621369
0.5226130653266332,3.0055102040816326,13.808541627022937,2.7274900815056267,4.319716287190628
0.5276381909547738,3.0055102040816326,13.830201127012016,2.9178387959247676,4.329287601072634
0.5326633165829145,3.0055102040816326,13.852387153946655,3.108127769343092,4.54151965951888
0.5376884422110553,3.0055102040816326,13.876393543005607,3.29819465713162,5.08950627241321
0.542713567839196,3.0055102040816326,13.904786460706566,3.4876479374948506,6.421284413124538
0.5477386934673367,3.0055102040816326,13.946027629719916,3.674604684875395,11.344801399684696
0.5527638190954773,3.0055102040816326,14.062537469547195,3.717890390696482,20.385969932075483
0.5577889447236181,3.0055102040816326,14.14349236025629,3.544513462562268,14.102318946966019
0.5628140703517588,3.0055102040816326,14.211455881979735,3.365400769324557,13.202992560587212
0.5678391959798995,3.0055102040816326,14.277608360386951,3.185607463928791,13.20725528646719
0.5728643216080402,3.0055102040816326,14.344741671996136,3.0061773909462524,13.549821314638299
0.5778894472361809,3.0055102040816326,14.414077180169128,2.8275873930525215,14.068265741081774
0.5829145728643216,3.0055102040816326,14.4863206880148,2.6501546451959457,14.700849019863723
0.5879396984924623,3.0055102040816326,14.561971053271014,2.47414831370288,15.421460191571857
0.592964824120603,3.0055102040816326,14.641439289808803,2.2998334000047578,16.219348449058323
0.5979899497487438,3.0055102040816326,14.725103946277322,2.127494323565931,17.091625538958844
0.6030150753768844,3.0055102040816326,14.81334270298297,1.957453071596543,18.040618985980032
0.6080402010050251,3.0055102040816326,14.906556876711909,1.7900891351373525,19.073466662952796
0.6130653266331658,3.0055102040816326,15.005197590054006,1.6258671356767267,20.203099511294635
0.6180904522613065,3.0055102040816326,15.10979900857545,1.4653791609654792,21.44996603983928
0.6231155778894473,3.0055102040816326,15.221020563763323,1.3094108736187111,22.843643994804626
0.628140703517588,3.0055102040816326,15.33969292435352,1.1590417780733717,24.42220836624268
0.6331658291457286,3.0055102040816326,15.466846025745106,1.0157855006104022,26.224681464221902
0.6381909547738693,3.0055102040816326,15.60366517164875,0.881751770875864,28.268514580877653
0.6432160804020101,3.0055102040816326,15.751283484727635,0.7597465303166969,30.50605266514451
0.6482412060301508,3.0055102040816326,15.910311596095948,0.6530806563544991,32.770206947888305
0.6532663316582915,3.0055102040816326,16.08020549030808,0.5647718888095836,34.78043791718859
0.6582914572864321,3.0055102040816326,16.25900822789706,0.4962528348701135,36.287075083838126
0.6633165829145728,3.0055102040816326,16.443947642342003,0.44652964542962503,37.23172477708368
0.6683417085427136,3.0055102040816326,16.632460991521018,0.4126418110560175,37.738250867394655
0.6733668341708543,3.0055102040816326,16.82278294261521,0.3909391916686303,37.97783217887276
0.678391959798995,3.0055102040816326,17.013919940801898,0.3781091551237259,38.079117965798496
0.6834170854271356,3.0055102040816326,17.205382026326014,0.3715865208780202,38.115771132531435
0.6884422110552764,3.0055102040816326,17.39694737695593,0.36955242174332925,38.1241814874325
0.6934673366834171,3.0055102040816326,17.588521112347678,0.3707853549634303,38.1207657158956
0.6984924623115578,3.0055102040816326,17.78006328995532,0.3745005963246984,38.112356140041165
0.7035175879396985,3.0055102040816326,17.97155615936387,0.38022253325052696,38.10140790236268
0.7085427135678392,3.0055102040816326,18.1629887840536,0.38769641600959287,38.08834499071704
0.7135678391959799,3.0055102040816326,18.354349342659958,0.39683289889449347,38.072521605062576
0.7185929648241206,3.0055102040816326,18.54562056213005,0.4076786970428402,38.05246345547034
0.7236180904522613,3.0055102040816326,18.736775465150266,0.42040914429071463,38.0256740527069
0.7286432160804021,3.0055102040816326,18.927770629393212,0.4353415418626612,37.98798163914164
0.7336683417085427,3.0055102040816326,19.118534814379586,0.4529733118787984,37.932155518576046
0.7386934673366834,3.0055102040816326,19.308947271607572,0.4740556936729592,37.84493166207487
0.7437185929648241,3.0055102040816326,19.498792447289315,0.4997282326157721,37.70051131573474
0.7487437185929648,3.0055102040816326,19.68766557566745,0.5317411364488911,37.44530453740679
0.7537688442211056,3.0055102040816326,19.874752701016497,0.5728590082025118,36.96103925064389
0.7587939698492462,3.0055102040816326,20.0583122352484,0.6274865449218903,35.97512208239763
0.7638190954773869,3.0055102040816326,20.23451359670775,0.7023049323915754,33.9003669127101
0.7688442211055276,3.0055102040816326,20.395662455993595,0.8053370737652616,29.851548373076493
0.7738693467336684,3.0055102040816326,20.531099613753337,0.9402635024399059,23.84597263260085
0.7788944723618091,3.0055102040816326,20.63528600976565,1.100690521867784,17.79308513314293
0.7839195979899497,3.0055102040816326,20.71247803614135,1.2758790773760609,13.206926138152701
0.7889447236180904,3.0055102040816326,20.770542818066463,1.4583865716637574,10.11497407461158
0.7939698492462312,3.0055102040816326,20.81587607117714,1.6444998695798512,8.066479289806859
0.7989949748743719,3.0055102040816326,20.852727218319334,1.8324903466710794,6.689373953788258
0.8040201005025126,3.0055102040816326,20.883829905189394,2.021522711749921,5.7482093177676115
0.8090452261306532,3.0055102040816326,20.910991379590122,2.2111640766603586,5.103247822272723
0.8140703517587939,3.0055102040816326,20.935474949393612,2.401170896900301,4.67224656046621
0.8190954773869347,3.0055102040816326,20.958234244393672,2.5913924793122725,4.411964407215834
0.8241206030150754,3.0055102040816326,20.980072247803793,2.781721921817061,4.305325736258074
0.8291457286432161,3.0055102040816326,21.001780941684107,2.972064095129474,4.3658184510276925
0.8341708542713567,3.0055102040816326,21.024324006626163,3.162310777066513,4.653631091667602
0.8391959798994975,3.0055102040816326,21.049218636410817,3.352262225634556,5.3517454186184334
0.8442211055276382,3.0055102040816326,21.079824082226622,3.541362741670974,7.143665985551665
0.8492462311557789,3.0055102040816326,21.130872091396725,3.7255335119663773,16.78923664634977
0.8542713567839196,3.0055102040816326,21.254257181731518,3.6701050043905403,16.936091906734642
0.8592964824120602,3.0055102040816326,21.328713652888773,3.4936565303607368,13.674498303509342
0.864321608040201,3.0055102040816326,21.395676618118806,3.3141644043827814,13.151434394354187
0.8693467336683417,3.0055102040816326,21.461928397654926,3.1344084147874494,13.280702220411712
0.8743718592964824,3.0055102040816326,21.52959673613022,2.955179748998681,13.683398312803494
0.8793969849246231,3.0055102040816326,21.599701503871888,2.776890588598828,14.23847773274106
0.8844221105527639,3.0055102040816326,21.672870422568995,2.599837692908313,14.89791848149257
0.8894472361809045,3.0055102040816326,21.74956916073943,2.4242859098026397,15.641221601135445
0.8944723618090452,3.0055102040816326,21.830195323059495,2.2505037945927637,16.460349617343606
0.8994974874371859,3.0055102040816326,21.91512451594733,2.0787846618153423,17.35404780577847
0.9045226130653267,3.0055102040816326,22.004738715068964,1.9094646385806529,18.32598747139197
0.9095477386934674,3.0055102040816326,22.099450537911668,1.7429441668623427,19.38480983018591
0.914572864321608,3.0055102040816326,22.19973098891634,1.5797190354619761,20.545389156962106
0.9195979899497487,3.0055102040816326,22.306145278589184,1.4204284636222524,21.830662213550756
0.9246231155778895,3.0055102040816326,22.41939712826674,1.2659299159407125,23.272878189134754
0.9296482412060302,3.0055102040816326,22.540372911768596,1.1174106669747752,24.91162925706562
0.9346733668341709,3.0055102040816326,22.670156510999227,0.9765380629528608,26.782912482752245
0.9396984924623115,3.0055102040816326,22.809949350527276,0.8456166760616584,28.891202564807443
0.9447236180904522,3.0055102040816326,22.96079583867627,0.7276369589223111,31.159260372862715
0.949748743718593,3.0055102040816326,23.123039891239596,0.6259396339007026,33.38213886551173
0.9547738693467337,3.0055102040816326,23.2957261647538,0.5432246116307526,35.268047767767534
0.9597989949748744,3.0055102040816326,23.47656935885052,0.48026942451731536,36.61051982796685
0.964824120603015,3.0055102040816326,23.66275848832002,0.43541603872617685,37.41299407438448
0.9698492462311558,3.0055102040816326,23.851929403717886,0.4053718287669679,37.826992356888674
0.9748743718592965,3.0055102040816326,24.042557674139047,0.3865056596090977,38.016665765990574
0.9798994974874372,3.0055102040816326,24.233822071498505,0.3756999110470002,38.094038225598055
0.9849246231155779,3.0055102040816326,24.42532885730527,0.3706125349079731,38.12007036466432
0.9899497487437185,3.0055102040816326,24.616903109458196,0.3696120923778294,38.12399482345391
0.9949748743718593,3.0055102040816326,24.808470971092056,0.3716171864356497,38.118702540141115
1.0,3.0055102040816326,25.0,0.37594244298549795,38.11009573573371
0.0,3.006734693877551,0.0,1.0,17.014031335128912
0.005025125628140704,3.006734693877551,0.094969777665,0.8336378989497382,20.925513561612078
0.010050251256281407,3.006734693877551,0.21166502418011987,0.68182885995872,25.631223462510075
0.01507537688442211,3.006734693877551,0.3530440751664027,0.5528517132624065,30.588510182114387
0.020100502512562814,3.006734693877551,0.5174055633281545,0.4548910106369014,34.55947547624802
0.02512562814070352,3.006734693877551,0.6973638352664033,0.3895803293967759,36.783523505837564
0.03015075376884422,3.006734693877551,0.8848989564399381,0.35049221861446267,37.704047493264646
0.035175879396984924,3.006734693877551,1.0753081206335606,0.32887783582585733,38.01993101413454
0.04020100502512563,3.006734693877551,1.2666527233667695,0.3179143432226314,38.115512456721206
0.04522613065326633,3.006734693877551,1.4582641135423822,0.3132667678947918,38.13975486611638
0.05025125628140704,3.006734693877551,1.649933024803929,0.31238384938392216,38.142766651237785
0.05527638190954774,3.006734693877551,1.841599853945005,0.31380462643959056,38.140219750109246
0.06030150753768844,3.006734693877551,2.0332503696976314,0.31670169084728195,38.13665792265032
0.06532663316582915,3.006734693877551,2.224883050193283,0.3206111886146357,38.13318794058447
0.07035175879396985,3.006734693877551,2.4164988143076,0.32527926867603985,38.1299093958239
0.07537688442211055,3.006734693877551,2.6080982701700135,0.33057558330486736,38.126661509003746
0.08040201005025126,3.006734693877551,2.7996810329513133,0.33644508293081304,38.12322679556444
0.08542713567839195,3.006734693877551,2.991245588208236,0.34288150163756426,38.11937330935024
0.09045226130653267,3.006734693877551,3.1827892048925706,0.3499133683403719,38.11484466835849
0.09547738693467336,3.006734693877551,3.374307736967994,0.35759773603218303,38.109330172155666
0.10050251256281408,3.006734693877551,3.565795260155574,0.36601891072601056,38.102421704169295
0.10552763819095477,3.006734693877551,3.757243427667135,0.37529105725432177,38.09354877193179
0.11055276381909548,3.006734693877551,3.9486403994949297,0.38556456966420494,38.08187572969802
0.11557788944723618,3.006734693877551,4.1399691410342925,0.3970369218098801,38.066129761757246
0.12060301507537688,3.006734693877551,4.331204535483822,0.4099696741692207,38.044301281852285
0.12562814070351758,3.006734693877551,4.522308233277528,0.42471700075702024,38.01302479360097
0.1306532663316583,3.006734693877551,4.713220096402316,0.44176251905036157,37.9666829828402
0.135678391959799,3.006734693877551,4.90384110656464,0.4617902408016103,37.89494079464496
0.1407035175879397,3.006734693877551,5.093999614539979,0.48579863793447536,37.77819344306398
0.1457286432160804,3.006734693877551,5.283381996101506,0.5152813826478422,37.57669681296936
0.1507537688442211,3.006734693877551,5.471374640818258,0.5525599320615644,37.20442969702644
0.15577889447236182,3.006734693877551,5.656693342066956,0.6013258639122169,36.46492625177837
0.16080402010050251,3.006734693877551,5.8365212932315576,0.6673471413536585,34.913357986262334
0.1658291457286432,3.006734693877551,6.0048452677325415,0.7585202919416818,31.722578072850908
0.1708542713567839,3.006734693877551,6.151540866401854,0.881275772170385,26.327081989565837
0.17587939698492464,3.006734693877551,6.267832650861762,1.033193304753417,20.00029290598371
0.18090452261306533,3.006734693877551,6.3544867715054005,1.203945691190928,14.760867273996329
0.18592964824120603,3.006734693877551,6.418922655089177,1.384376275206483,11.12985516164707
0.19095477386934673,3.006734693877551,6.468396217433673,1.5695189816355801,8.7258628456137
0.19597989949748743,3.006734693877551,6.507950863544726,1.7570509531908176,7.122085976394109
0.20100502512562815,3.006734693877551,6.540830350117054,1.9458757711248265,6.032076958511303
0.20603015075376885,3.006734693877551,6.569144246516029,2.1354425217060227,5.28336935925438
0.21105527638190955,3.006734693877551,6.594327662926643,2.325452155226436,4.773895881205564
0.21608040201005024,3.006734693877551,6.617426129780741,2.515727320794766,4.44636213293897
0.22110552763819097,3.006734693877551,6.639272247390446,2.706150715564268,4.273054874918754
0.22613065326633167,3.006734693877551,6.660627600878679,2.8966291921866056,4.2531448565090075
0.23115577889447236,3.006734693877551,6.682325473785262,3.087069263920469,4.4191947528890125
0.23618090452261306,3.006734693877551,6.705520314191267,3.277332040048784,4.8772639757832525
0.24120603015075376,3.006734693877551,6.732348884403663,3.4671112465782405,5.96252907575054
0.24623115577889448,3.006734693877551,6.7689197635461635,3.6551988169644187,9.389422615205783
0.25125628140703515,3.006734693877551,6.8716468074092125,3.7681238674442197,26.514608083777176
0.2562814070351759,3.006734693877551,6.961031199725971,3.5995221672579643,14.478641700786703
0.2613065326633166,3.006734693877551,7.02971100541205,3.420587383495046,13.204601146719192
0.2663316582914573,3.006734693877551,7.095557624761099,3.2405811980690133,13.100562854322323
0.271356783919598,3.006734693877551,7.162017837879362,3.060800394648343,13.393569495641335
0.27638190954773867,3.006734693877551,7.230487041565628,2.8817758309761796,13.881607360348672
0.2814070351758794,3.006734693877551,7.301732676176868,2.703838828549192,14.491081447745703
0.2864321608040201,3.006734693877551,7.37627726457853,2.527259325023124,15.191365563449505
0.2914572864321608,3.006734693877551,7.454539719543141,2.35229677049083,15.969534245282352
0.2964824120603015,3.006734693877551,7.536898372018002,2.179225636237427,16.821461479310976
0.3015075376884422,3.006734693877551,7.62372505382384,2.008353487526337,17.74840055101053
0.3065326633165829,3.006734693877551,7.715409481977016,1.8400393977672154,18.75623001034564
0.31155778894472363,3.006734693877551,7.81238371579227,1.6747184526215875,19.856126943012267
0.3165829145728643,3.006734693877551,7.915152661817215,1.512938796658612,21.066222303348706
0.32160804020100503,3.006734693877551,8.024333720667437,1.355419653444367,22.413426395209374
0.32663316582914576,3.006734693877551,8.140703059054077,1.2031406040679593,23.933814075472785
0.3316582914572864,3.006734693877551,8.265233079362835,1.0574705919423537,25.667861548768517
0.33668341708542715,3.006734693877551,8.399078357087959,0.9203289914243722,27.643192723942313
0.3417085427135678,3.006734693877551,8.543427717738574,0.794320341184598,29.837758329119165
0.34673366834170855,3.006734693877551,8.699116922675246,0.6826657380299219,32.123763271489786
0.35175879396984927,3.006734693877551,8.86600373244528,0.5886031068102089,34.24426846378488
0.35678391959798994,3.006734693877551,9.042524566115144,0.5141740952215839,35.91941440533453
0.36180904522613067,3.006734693877551,9.226035663088117,0.45911759900430976,37.02477807751031
0.36683417085427134,3.006734693877551,9.41381227904077,0.42092722822161044,37.64291427464386
0.37185929648241206,3.006734693877551,9.603829771507959,0.3960124778130881,37.94520030831259
0.3768844221105528,3.006734693877551,9.794889750250675,0.3808836799561175,38.07726396062787
0.38190954773869346,3.006734693877551,9.98638202929967,0.3727372630312815,38.12778070604872
0.3869346733668342,3.006734693877551,10.178024590154974,0.369544148388567,38.14209531797659
0.39195979899497485,3.006734693877551,10.36969514775629,0.3699233489201606,38.1411263929816
0.3969849246231156,3.006734693877551,10.561342655683701,0.3729761410181289,38.133793672994045
0.4020100502512563,3.006734693877551,10.752944912368791,0.378146932359414,38.12349147246847
0.40703517587939697,3.006734693877551,10.944490061018767,0.38512325612424475,38.11109758641956
0.4120603015075377,3.006734693877551,11.135967098953271,0.3937713950153927,38.096228902125674
0.41708542713567837,3.006734693877551,11.327360791640238,0.40409991736773476,38.077654090877566
0.4221105527638191,3.006734693877551,11.518647630504397,0.4162460497377189,38.053222649036336
0.4271356783919598,3.006734693877551,11.709789934704453,0.4304826740158383,38.01936956673323
0.4321608040201005,3.006734693877551,11.900726489213627,0.44724844301853406,37.969984394011526
0.4371859296482412,3.006734693877551,12.09135432195406,0.4672095063459589,37.89404973066398
0.44221105527638194,3.006734693877551,12.281493007765112,0.49137182336711777,37.770420145361385
0.4472361809045226,3.006734693877551,12.470808605897584,0.5212761135745121,37.55641567836488
0.45226130653266333,3.006734693877551,12.658643232212214,0.5593347534502896,37.158507439934226
0.457286432160804,3.006734693877551,12.843612196965555,0.609395518410579,36.364170511022714
0.4623115577889447,3.006734693877551,13.022670411766775,0.6774497928905637,34.69334510671371
0.46733668341708545,3.006734693877551,13.189399689137911,0.7714744113312055,31.297512903561422
0.4723618090452261,3.006734693877551,13.333457885269185,0.8973060173211649,25.730366508254047
0.47738693467336685,3.006734693877551,13.446777486244288,1.0514729522572503,19.45025386746433
0.4824120603015075,3.006734693877551,13.531076313855493,1.2234166618644902,14.376574204512023
0.48743718592964824,3.006734693877551,13.593958080323562,1.4044020342004309,10.887413872590662
0.49246231155778897,3.006734693877551,13.6424664375814,1.5898028594267066,8.57722886675045
0.49748743718592964,3.006734693877551,13.681434338273345,1.7774588171358743,7.03294519765603
0.5025125628140703,3.006734693877551,13.713970278699989,1.9663436507576435,5.9820392721324325
0.507537688442211,3.006734693877551,13.7421055909612,2.155937216923831,5.260961844506031
0.5125628140703518,3.006734693877551,13.76723250330286,2.345954413728835,4.77318816334066
0.5175879396984925,3.006734693877551,13.790376676867831,2.5362240067118873,4.465198846739493
0.5226130653266332,3.006734693877551,13.812368569452518,2.7266304648195705,4.312809434094014
0.5276381909547738,3.006734693877551,13.833987179802898,2.9170782066896574,4.319742781662955
0.5326633165829145,3.006734693877551,13.856115472122834,3.107468303585766,4.527676300369008
0.5376884422110553,3.006734693877551,13.880033496247444,3.297640891523778,5.067027641718168
0.542713567839196,3.006734693877551,13.908264571927974,3.4872135221952356,6.374351305711151
0.5477386934673367,3.006734693877551,13.949016138988634,3.674382129334835,11.130618864544626
0.5527638190954773,3.006734693877551,14.064626146859112,3.7237347957710547,20.707864301354324
0.5577889447236181,3.006734693877551,14.146082665664624,3.5505135705325745,14.126021618110371
0.5628140703517588,3.006734693877551,14.21408371069795,3.371315134599466,13.200511836756492
0.5678391959798995,3.006734693877551,14.280201297954674,3.1914091997049328,13.197060866263035
0.5728643216080402,3.006734693877551,14.347273653315915,3.0118562245318397,13.536121559684574
0.5778894472361809,3.006734693877551,14.41653460473873,2.83313671621724,14.05242423433984
0.5829145728643216,3.006734693877551,14.488694288631557,2.6555686273227592,14.683376230112795
0.5879396984924623,3.006734693877551,14.564253140924524,2.4794209354334846,15.402524138252764
0.592964824120603,3.006734693877551,14.643622610088817,2.3049579831496474,16.198969110902546
0.5979899497487438,3.006734693877551,14.72718108896544,2.132463176126773,17.06972727464571
0.6030150753768844,3.006734693877551,14.815305677979229,1.962257092879216,18.01704469220418
0.6080402010050251,3.006734693877551,14.908396666851957,1.7947172789694639,19.047960384433935
0.6130653266331658,3.006734693877551,15.00690358560741,1.6303056020612425,20.175279444272693
0.6180904522613065,3.006734693877551,15.11135829496905,1.469610154883207,21.419294807560757
0.6231155778894473,3.006734693877551,15.222417161033832,1.3134107639835997,22.809447904225543
0.628140703517588,3.006734693877551,15.340907373174446,1.162778537887228,24.383815747034582
0.6331658291457286,3.006734693877551,15.46785626683625,1.0192156993333705,26.181825938711725
0.6381909547738693,3.006734693877551,15.604450501501486,0.8848184793180096,28.222147951867353
0.6432160804020101,3.006734693877551,15.751833590796727,0.7623816892282473,30.45961513521002
0.6482412060301508,3.006734693877551,15.910641261446182,0.6552196445314464,32.73010585999166
0.6532663316582915,3.006734693877551,16.080364571731188,0.5663814821753093,34.75358016759173
0.6582914572864321,3.006734693877551,16.259072835534713,0.4973576813077588,36.276294785413405
0.6633165829145728,3.006734693877551,16.443993652947817,0.4472092089135675,37.234335320517076
0.6683417085427136,3.006734693877551,16.632543333632942,0.41299864148279475,37.74929257022101
0.6733668341708543,3.006734693877551,16.82293310396323,0.3910676654467301,37.99325562962414
0.678391959798995,3.006734693877551,17.014153344970865,0.37808156612248156,38.09655458419932
0.6834170854271356,3.006734693877551,17.205705549018315,0.37145268696388184,38.13406426953051
0.6884422110552764,3.006734693877551,17.397363867410807,0.36934452066542617,38.1428239934058
0.6934673366834171,3.006734693877551,17.58903174440745,0.3705231022562543,38.139553359720686
0.6984924623115578,3.006734693877551,17.78066862315537,0.3741952937072483,38.13121700480493
0.7035175879396985,3.006734693877551,17.97225641524677,0.3798797846711096,38.12032668459893
0.7085427135678392,3.006734693877551,18.163784279155323,0.3873178475036266,38.10733319022883
0.7135678391959799,3.006734693877551,18.3552404983182,0.39641708462193165,38.0916089423521
0.7185929648241206,3.006734693877551,18.54660797817856,0.4072215260031724,38.07169927652794
0.7236180904522613,3.006734693877551,18.737860101562248,0.41990372769958906,38.04513654149099
0.7286432160804021,3.006734693877551,18.928953897659813,0.43477763870734887,38.00780132755603
0.7336683417085427,3.006734693877551,19.119819020944753,0.45233614958604773,37.95256232423986
0.7386934673366834,3.006734693877551,19.31033627354011,0.47332388818677046,37.866389439554
0.7437185929648241,3.006734693877551,19.500293372636783,0.49886894807138105,37.7237608492427
0.7487437185929648,3.006734693877551,19.68929122856384,0.5307076199461442,37.47211015401364
0.7537688442211056,3.006734693877551,19.87652922108789,0.571577217597372,36.995182403597134
0.7587939698492462,3.006734693877551,20.060294894463873,0.6258434238013938,36.025005136927696
0.7638190954773869,3.006734693877551,20.236818338987653,0.7001471893112219,33.981973051778944
0.7688442211055276,3.006734693877551,20.398487209623838,0.802542349404727,29.97682094683021
0.7738693467336684,3.006734693877551,20.534618092858732,0.9369005387383322,23.98806865266403
0.7788944723618091,3.006734693877551,20.639458071683503,1.0970083077886315,17.906035954920398
0.7839195979899497,3.006734693877551,20.71711731478455,1.2720899860215518,13.28103493318877
0.7889447236180904,3.006734693877551,20.775478608558736,1.4546001791756122,10.160893470375239
0.7939698492462312,3.006734693877551,20.820994443116273,1.6407650227310646,8.094628414112817
0.7989949748743719,3.006734693877551,20.857957004931745,1.8288290067449324,6.706416741673397
0.8040201005025126,3.006734693877551,20.889125626538846,2.0179454790655655,5.7580363353374375
0.8090452261306532,3.006734693877551,20.91632284127043,2.2076764111630025,5.107697941891513
0.8140703517587939,3.006734693877551,20.940818681617507,2.3977761989698587,4.673046065850342
0.8190954773869347,3.006734693877551,20.96357131003992,2.588093032250471,4.408744694012631
0.8241206030150754,3.006734693877551,20.98538316137945,2.778519905510267,4.298150173579072
0.8291457286432161,3.006734693877551,21.00704370700342,2.968961458465156,4.353280793034542
0.8341708542713567,3.006734693877551,21.029504397839286,3.159312319305484,4.632481196292556
0.8391959798994975,3.006734693877551,21.05425360272049,3.3493774742398967,5.312594430582805
0.8442211055276382,3.006734693877551,21.08454579284081,3.5386245744057225,7.043680210132249
0.8492462311557789,3.006734693877551,21.134125377693625,3.723368271633196,15.873797189456202
0.8542713567839196,3.006734693877551,21.257325424858227,3.6782266095682252,17.16439986153796
0.8592964824120602,3.006734693877551,21.33223277110077,3.5018758261680203,13.701518500995299
0.864321608040201,3.006734693877551,21.399236863828794,3.3222991079835364,13.147168380138085
0.8693467336683417,3.006734693877551,21.46543628499436,3.142424110471267,13.265604359782236
0.8743718592964824,3.006734693877551,21.533013942949733,2.9630609884354695,13.662878214281653
0.8793969849246231,3.006734693877551,21.603006469395368,2.7846269896042255,14.214510535065944
0.8844221105527639,3.006734693877551,21.676047931227814,2.607420021046237,14.871234316210264
0.8894472361809045,3.006734693877551,21.752606452853065,2.431704723169352,15.612117933568246
0.8944723618090452,3.006734693877551,21.833080385727964,2.2577487018461437,16.42885951284861
0.8994974874371859,3.006734693877551,21.9178451396556,2.0858437321475676,17.320059231662945
0.9045226130653267,3.006734693877551,22.007281763059257,1.916323755785967,18.289243111680694
0.9095477386934674,3.006734693877551,22.101801165786632,1.749586111867965,19.344883213607233
0.914572864321608,3.006734693877551,22.201871648171274,1.5861220992505574,20.501618650728712
0.9195979899497487,3.006734693877551,22.308054461877393,1.4265643200196396,21.78212606349817
0.9246231155778895,3.006734693877551,22.421048067824895,1.2717604403165639,23.218424714436036
0.9296482412060302,3.006734693877551,22.54173292276343,1.1228835539908126,24.850133835527053
0.9346733668341709,3.006734693877551,22.67118872172172,0.9815818070985288,26.714015141515056
0.9396984924623115,3.006734693877551,22.81061983126746,0.8501375370326828,28.816706085212758
0.9447236180904522,3.006734693877551,22.96108954871679,0.7315249506343527,31.085187158558046
0.949748743718593,3.006734693877551,23.12298336196371,0.6290947524136663,33.31874014863744
0.9547738693467337,3.006734693877551,23.29539943535685,0.5456034618505814,35.22509006009563
0.9597989949748744,3.006734693877551,23.476085437160332,0.4819191527732123,36.590592918620544
0.964824120603015,3.006734693877551,23.662222806476866,0.4364596105652869,37.41113328709546
0.9698492462311558,3.006734693877551,23.85141457899481,0.4059577208334306,37.836056169173
0.9748743718592965,3.006734693877551,24.04210412868288,0.3867661935432516,38.03130453839796
0.9798994974874372,3.006734693877551,24.233449375420754,0.3757352322189727,38.1112227303711
0.9849246231155779,3.006734693877551,24.42504564767972,0.3704917189522988,38.138342046899915
0.9899497487437185,3.006734693877551,24.616712846228697,0.3693801158106367,38.14271382607336
0.9949748743718593,3.006734693877551,24.808375443663326,0.3713018669906976,38.13761229781344
1.0,3.006734693877551,25.0,0.37556008300868754,38.12905149878154
0.0,3.0079591836734694,0.0,1.0,17.01403408075109
0.005025125628140704,3.0079591836734694,0.09497699097109541,0.8335342134177182,20.92871726477308
0.010050251256281407,3.0079591836734694,0.21170120258838088,0.681629617656698,25.63995922506647
0.01507537688442211,3.0079591836734694,0.3531418469990197,0.552581926481423,30.604275909323338
0.020100502512562814,3.0079591836734694,0.5175960447839083,0.4545952052108999,34.57988982133013
0.02512562814070352,3.0079591836734694,0.6976596085931696,0.3893008943066226,36.804506226490794
0.03015075376884422,3.0079591836734694,0.8852978385345334,0.35024821265024897,37.724058918014826
0.035175879396984924,3.0079591836734694,1.0758054146147038,0.32866939034325054,38.03916271545052
0.04020100502512563,3.0079591836734694,1.267245560384676,0.3177343563194575,38.134360480330436
0.04522613065326633,3.0079591836734694,1.4589512182617963,0.31310732138248154,38.15845081771643
0.05025125628140704,3.0079591836734694,1.6507139375033915,0.31223835650217924,38.16141275497991
0.05527638190954774,3.0079591836734694,1.8424744007721137,0.3136681419267949,38.15885579794679
0.06030150753768844,3.0079591836734694,2.0342185712866137,0.3165706786549173,38.15529776321879
0.06532663316582915,3.0079591836734694,2.22594493674671,0.3204831568873212,38.15183501977697
0.07035175879396985,3.0079591836734694,2.4176544246448906,0.32515247300217676,38.14856420380583
0.07537688442211055,3.0079591836734694,2.6093476413331387,0.33044878361873625,38.14532364206896
0.08040201005025126,3.0079591836734694,2.8010242024968055,0.3363173792214691,38.14189583531367
0.08542713567839195,3.0079591836734694,2.9926825895872584,0.34275221863046823,38.138049128582935
0.09045226130653267,3.0079591836734694,3.184320069437118,0.3497819769412992,38.133527520634935
0.09547738693467336,3.0079591836734694,3.3759325062863588,0.35746380238346653,38.12802072280902
0.10050251256281408,3.0079591836734694,3.567513977894436,0.36588206239309373,38.12112107015257
0.10552763819095477,3.0079591836734694,3.7590561349417824,0.3751509631084817,38.112258586861785
0.11055276381909548,3.0079591836734694,3.9505471580400453,0.38542093274331035,38.100598237175994
0.11557788944723618,3.0079591836734694,4.141970023092689,0.39688948272324776,38.08486790051828
0.12060301507537688,3.0079591836734694,4.333299622816832,0.4098182279522333,38.06305826393
0.12562814070351758,3.0079591836734694,4.524497638411661,0.42456149508758784,38.03180697144091
0.1306532663316583,3.0079591836734694,4.715503958308283,0.44160302034485777,37.98549446470925
0.135678391959799,3.0079591836734694,4.906219573364813,0.4616272737676734,37.91378105418648
0.1407035175879397,3.0079591836734694,5.096472825147912,0.4856334911523313,37.79705335614795
0.1457286432160804,3.0079591836734694,5.28594994954964,0.5151168730312142,37.59553995169315
0.1507537688442211,3.0079591836734694,5.4740367955961755,0.5524020914704517,37.223013703161584
0.15577889447236182,3.0079591836734694,5.659447213963496,0.6011874391360811,36.482697990986516
0.16080402010050251,3.0079591836734694,5.839358122853906,0.6672537933146422,34.928036763866096
0.1658291457286432,3.0079591836734694,6.00773878123784,0.7585171602395672,31.729644876507926
0.1708542713567839,3.0079591836734694,6.154437359771439,0.8814131110611401,26.32110325890806
0.17587939698492464,3.0079591836734694,6.270672822878175,1.0334911777052196,19.98515307493037
0.18090452261306533,3.0079591836734694,6.357246158179901,1.2043897737454534,14.74463348548453
0.18592964824120603,3.0079591836734694,6.421604940553109,1.384947554441808,11.115644825354712
0.19095477386934673,3.0079591836734694,6.47101266953136,1.5702049393587412,8.71393701722715
0.19597989949748743,3.0079591836734694,6.510511871900521,1.7578444200482604,7.1119490358106985
0.20100502512562815,3.0079591836734694,6.54334375870799,1.9467726696345207,6.023233317565773
0.20603015075376885,3.0079591836734694,6.571615576255885,2.136440469840965,5.275403293345973
0.21105527638190955,3.0079591836734694,6.596760428749345,2.326549760660387,4.766474797112903
0.21608040201005024,3.0079591836734694,6.619822252160298,2.5169237915813274,4.439152068062254
0.22110552763819097,3.0079591836734694,6.641632063205402,2.7074456899971873,4.265764037165621
0.22613065326633167,3.0079591836734694,6.662949711138447,2.8980227145711965,4.2453377321773065
0.23115577889447236,3.0079591836734694,6.684605723930466,3.088561879082777,4.410195832023447
0.23618090452261306,3.0079591836734694,6.707749649346572,3.278925284157644,4.865630855918788
0.24120603015075376,3.0079591836734694,6.734505410198619,3.4688095065955586,5.943915082824542
0.24623115577889448,3.0079591836734694,6.7709241875605315,3.6570233549383286,9.336228053890908
0.25125628140703515,3.0079591836734694,6.873084658747952,3.7718735312646507,26.778260196783826
0.2562814070351759,3.0079591836734694,6.962746412721224,3.6033536276616642,14.483751928459146
0.2613065326633166,3.0079591836734694,7.031419912237869,3.4243161931789574,13.199809858293683
0.2663316582914573,3.0079591836734694,7.097235821196796,3.244198895285262,13.093529323090245
0.271356783919598,3.0079591836734694,7.163658292994153,3.064304217561148,13.38566365881225
0.27638190954773867,3.0079591836734694,7.232086399115595,2.885163598586547,13.873174950716617
0.2814070351758794,3.0079591836734694,7.303288483221237,2.707108215728745,14.482184320976215
0.2864321608040201,3.0079591836734694,7.377787194798561,2.5304076232683226,15.181996687364993
0.2914572864321608,3.0079591836734694,7.456001286696506,2.355320773964588,15.95964504784005
0.2964824120603015,3.0079591836734694,7.5383088090992345,2.1821215256923017,16.810987057107315
0.3015075376884422,3.0079591836734694,7.625081205175473,2.0111166752149523,17.737251842261358
0.3065326633165829,3.0079591836734694,7.716707665788657,1.842664295262566,18.7442837958029
0.31155778894472363,3.0079591836734694,7.813619525740271,1.6771981175062463,19.84321385148088
0.3165829145728643,3.0079591836734694,7.916320722826933,1.5152644001334148,21.052129128227197
0.32160804020100503,3.0079591836734694,8.025427457788291,1.3575797109145618,22.397898813685913
0.32663316582914576,3.0079591836734694,8.14171467824763,1.2051199471841345,23.91663799084205
0.3316582914572864,3.0079591836734694,8.26615419559202,1.0592492404350304,25.649057787700826
0.33668341708542715,3.0079591836734694,8.399902040179887,0.9218815496812627,27.623391945412074
0.3417085427135678,3.0079591836734694,8.544152952974748,0.7956175977934661,29.81876131382505
0.34673366834170855,3.0079591836734694,8.699755351463264,0.6836813177618024,32.108732376344655
0.35175879396984927,3.0079591836734694,8.866584519913578,0.5893262694545782,34.23684394410389
0.35678391959798994,3.0079591836734694,9.043091135628082,0.514623846807889,35.921182976378226
0.36180904522613067,3.0079591836734694,9.226631701170216,0.4593416089445126,37.03430897472846
0.36683417085427134,3.0079591836734694,9.414469690004932,0.42098502259792736,37.65733146347152
0.37185929648241206,3.0079591836734694,9.604566692124425,0.3959577098090752,37.96211292612396
0.3768844221105528,3.0079591836734694,9.79571481323232,0.3807562547388731,38.095274345091084
0.38190954773869346,3.0079591836734694,9.987298872747354,0.3725634659514748,38.14623204268765
0.3869346733668342,3.0079591836734694,10.179034646275698,0.3693399859329234,38.16071517420475
0.39195979899497485,3.0079591836734694,10.37079894693228,0.36969790945477016,38.15981348005353
0.3969849246231156,3.0079591836734694,10.562540587117715,0.3727340769470163,38.1525157755267
0.4020100502512563,3.0079591836734694,10.754237006569758,0.3778900776830207,38.14224442190052
0.40703517587939697,3.0079591836734694,10.945876503565607,0.3848515888521466,38.129888866156335
0.4120603015075377,3.0079591836734694,11.13744806278367,0.39348356984291555,38.11507219580299
0.41708542713567837,3.0079591836734694,11.328936630450208,0.4037934883682498,38.09657208416588
0.4221105527638191,3.0079591836734694,11.52031878392522,0.4159174459251569,38.07225065875633
0.4271356783919598,3.0079591836734694,11.711557128659269,0.430126989344648,38.03856440698232
0.4321608040201005,3.0079591836734694,11.902590699456065,0.4468589852439213,37.98943897994407
0.4371859296482412,3.0079591836734694,12.093317315290214,0.46677703965868966,37.91393496617079
0.44221105527638194,3.0079591836734694,12.28355763367723,0.4908833001999471,37.79106333644592
0.4472361809045226,3.0079591836734694,12.47298006041512,0.5207123498830108,37.57843315287516
0.45226130653266333,3.0079591836734694,12.660931387750566,0.5586674812314055,37.18327969541949
0.457286432160804,3.0079591836734694,12.846037116753957,0.6085829288969182,36.39444786232571
0.4623115577889447,3.0079591836734694,13.025272506156485,0.6764366574746455,34.73461901258215
0.46733668341708545,3.0079591836734694,13.192249628754649,0.7702140614112315,31.355180309956594
0.4723618090452261,3.0079591836734694,13.336624672885684,0.8958241127180997,25.7957644747058
0.47738693467336685,3.0079591836734694,13.450245082680123,1.0498833408526937,19.501992677475208
0.4824120603015075,3.0079591836734694,13.534754218703625,1.2218265991370871,14.408875019180494
0.48743718592964824,3.0079591836734694,13.597759727763814,1.4028675330703484,10.905470760619854
0.49246231155778897,3.0079591836734694,13.646335123943963,1.588347464270901,8.58664562656736
0.49748743718592964,3.0079591836734694,13.685336045374461,1.7760922008400648,7.037149930460646
0.5025125628140703,3.0079591836734694,13.717884166013675,1.9650700078648133,5.982946113907891
0.507537688442211,3.0079591836734694,13.746017950404545,2.154758534895465,5.25956372319687
0.5125628140703518,3.0079591836734694,13.771133167024622,2.3448718024698203,4.769975567120072
0.5175879396984925,3.0079591836734694,13.794256924389197,2.5352382747195805,4.460279474081374
0.5226130653266332,3.0079591836734694,13.816219391801452,2.7257424712266056,4.3059650803134835
0.5276381909547738,3.0079591836734694,13.837797408332646,2.9162891647855926,4.310257537967412
0.5326633165829145,3.0079591836734694,13.85986830039621,3.1067802736872303,4.513910318094342
0.5376884422110553,3.0079591836734694,13.88369850178252,3.297058395268555,5.04470524970109
0.542713567839196,3.0079591836734694,13.911769245504924,3.486749928272088,6.3279931274968595
0.5477386934673367,3.0079591836734694,13.952043174958453,3.6741256692505653,10.924624013573084
0.5527638190954773,3.0079591836734694,14.066698796118569,3.729587124170815,21.056412788161815
0.5577889447236181,3.0079591836734694,14.14868825200976,3.5565413296459587,14.150894144667829
0.5628140703517588,3.0079591836734694,14.216729671386522,3.377258275489107,13.198273996005938
0.5678391959798995,3.0079591836734694,14.28281304316297,3.1972399514709755,13.186918845672155
0.5728643216080402,3.0079591836734694,14.349824514412738,3.0175642121173696,13.522408399172239
0.5778894472361809,3.0079591836734694,14.419010755547891,2.838715262965327,14.036539344344828
0.5829145728643216,3.0079591836734694,14.491086350547818,2.6610118646121643,14.665842525493074
0.5879396984924623,3.0079591836734694,14.566553354004181,2.4847228268958323,15.38351577441721
0.592964824120603,3.0079591836734694,14.64582366711229,2.3101118424191216,16.178508343201013
0.5979899497487438,3.0079591836734694,14.729275538360755,2.1374613030958822,17.047739949795442
0.6030150753768844,3.0079591836734694,14.817285493888864,1.9670903845875471,17.99337470942409
0.6080402010050251,3.0079591836734694,14.910252800212016,1.7993746950898464,19.02235289141762
0.6130653266331658,3.0079591836734694,15.008625400094973,1.6347733543086758,20.14735246537563
0.6180904522613065,3.0079591836734694,15.11293284529789,1.4738704767192878,21.38850954325225
0.6231155778894473,3.0079591836734694,15.223828421664466,1.3174400665371606,22.775125243664714
0.628140703517588,3.0079591836734694,15.34213579237923,1.1665448441936959,24.34527036661793
0.6331658291457286,3.0079591836734694,15.468879586071552,1.0226755991355103,26.138761008703238
0.6381909547738693,3.0079591836734694,15.60524761924485,0.8879149320927173,28.175471561299826
0.6432160804020101,3.0079591836734694,15.752393555651851,0.7650462340380196,30.41271299611314
0.6482412060301508,3.0079591836734694,15.910977973907865,0.6573865813751473,32.68935676650327
0.6532663316582915,3.0079591836734694,16.08052722750975,0.5680158649166439,34.72601661189473
0.6582914572864321,3.0079591836734694,16.25913770451118,0.4984825940053671,36.26492917342136
0.6633165829145728,3.0079591836734694,16.444037505734638,0.4479035913897898,37.23656977074927
0.6683417085427136,3.0079591836734694,16.63262210603685,0.41336564875272774,37.760134064877526
0.6733668341708543,3.0079591836734694,16.82307898549681,0.3912027903684357,38.00858370588866
0.678391959798995,3.0079591836734694,17.01438214144934,0.3780581795877618,38.11394694695883
0.6834170854271356,3.0079591836734694,17.20602428130277,0.37132143126085093,38.152335448388975
0.6884422110552764,3.0079591836734694,17.397775420181862,0.36913813928957245,38.16145348689334
0.6934673366834171,3.0079591836734694,17.589537494484773,0.37026168294391537,38.15833130332059
0.6984924623115578,3.0079591836734694,17.781268946469368,0.37389037120845137,38.15006921422271
0.7035175879396985,3.0079591836734694,17.972951551302977,0.37953711140222585,38.13923686577298
0.7085427135678392,3.0079591836734694,18.164574560090568,0.386939143129857,38.12631255383614
0.7135678391959799,3.0079591836734694,18.3561263284989,0.39600098123514327,38.11068697342129
0.7185929648241206,3.0079591836734694,18.547589994563456,0.40676395309525226,38.09092504376472
0.7236180904522613,3.0079591836734694,18.738939240457345,0.419397824187146,38.064587570377604
0.7286432160804021,3.0079591836734694,18.93013159348948,0.4342131890757299,38.027607605825814
0.7336683417085427,3.0079591836734694,19.121097613599332,0.4516984010998789,37.97295182509841
0.7386934673366834,3.0079591836734694,19.311719624205004,0.4725914370717449,37.88778582698339
0.7437185929648241,3.0079591836734694,19.501788264347933,0.49801023544434814,37.74697208794681
0.7487437185929648,3.0079591836734694,19.690910660547594,0.529674733603007,37.49885933687238
0.7537688442211056,3.0079591836734694,19.878299035507272,0.5702960636525785,37.029180144652834
0.7587939698492462,3.0079591836734694,20.062269902498404,0.6242009692692707,36.074638141354995
0.7638190954773869,3.0079591836734694,20.239113761440997,0.6979891488230587,34.06297084132098
0.7688442211055276,3.0079591836734694,20.4013015062713,0.7997425240943785,30.10226624102409
0.7738693467336684,3.0079591836734694,20.538130029874026,0.9335226456891357,24.131625601558397
0.7788944723618091,3.0079591836734694,20.643632366505592,1.093302022684277,18.02081568594069
0.7839195979899497,3.0079591836734694,20.72176709611605,1.2682717338591138,13.356536399059745
0.7889447236180904,3.0079591836734694,20.780430567118422,1.4507823079141204,10.207713240486632
0.7939698492462312,3.0079591836734694,20.82613260427562,1.6369975848031946,8.123351880351567
0.7989949748743719,3.0079591836734694,20.86320895833416,1.8251345283738405,6.723842573165545
0.8040201005025126,3.0079591836734694,20.89444519395222,2.014334754807552,5.768033198704816
0.8090452261306532,3.0079591836734694,20.921678787765135,2.204155120215432,5.112452348264865
0.8140703517587939,3.0079591836734694,20.94618791743127,2.394347662459777,4.673716544571835
0.8190954773869347,3.0079591836734694,20.968934480658213,2.58475958171276,4.405701436808967
0.8241206030150754,3.0079591836734694,20.990721277718805,2.7752836353413857,4.291134753738562
0.8291457286432161,3.0079591836734694,21.012334153795535,2.965824614212052,4.341023003361077
0.8341708542713567,3.0079591836734694,21.034713989955872,3.156279348256179,4.61172236617221
0.8391959798994975,3.0079591836734694,21.059320451925974,3.3464576638134913,5.273910025045836
0.8442211055276382,3.0079591836734694,21.08930685801115,3.535849442737706,6.9470986898540374
0.8492462311557789,3.0079591836734694,21.137529821513052,3.721109004743713,15.067424651462467
0.8542713567839196,3.0079591836734694,21.260377707645834,3.6863545159416278,17.413087014558112
0.8592964824120602,3.0079591836734694,21.3357694876756,3.510118345330704,13.73042253826459
0.864321608040201,3.0079591836734694,21.402819796913096,3.3304591016719165,13.143445972173556
0.8693467336683417,3.0079591836734694,21.468968439513702,3.150465926792515,13.25070342846445
0.8743718592964824,3.0079591836734694,21.53645605326575,2.970968766494504,13.642456068366032
0.8793969849246231,3.0079591836734694,21.606336625079336,2.7923902176647504,14.190572869265482
0.8844221105527639,3.0079591836734694,21.679250745537676,2.615029445712158,14.8445683487861
0.8894472361809045,3.0079591836734694,21.75566908196508,2.439150911397384,15.583014197282386
0.8944723618090452,3.0079591836734694,21.835990773374277,2.2650212874052897,16.39736507780595
0.8994974874371859,3.0079591836734694,21.92059105714139,2.0929308303131693,17.286065177666373
0.9045226130653267,3.0079591836734694,22.00985007941954,1.9232113123711365,18.252496921628694
0.9095477386934674,3.0079591836734694,22.10417706381343,1.7562570057624982,19.304959076768572
0.914572864321608,3.0079591836734694,22.20403763231007,1.5925547709783667,20.457867452491847
0.9195979899497487,3.0079591836734694,22.309989108725077,1.4327306630094623,21.733629891389924
0.9246231155778895,3.0079591836734694,22.422724696873203,1.2776226508908983,23.164026263744546
0.9296482412060302,3.0079591836734694,22.543118878050503,1.128389761450007,24.788681626769836
0.9346733668341709,3.0079591836734694,22.67224695124555,0.986661000716671,26.645090190471457
0.9396984924623115,3.0079591836734694,22.811315763752738,0.8546963065745974,28.742007569144114
0.9447236180904522,3.0079591836734694,22.961406672242823,0.7354528149243276,31.010527343575518
0.949748743718593,3.0079591836734694,23.122946434274603,0.6322901028086008,33.25437331869712
0.9547738693467337,3.0079591836734694,23.29508686716954,0.5480193747953164,35.180996147703055
0.9597989949748744,3.0079591836734694,23.47561031492797,0.48359952429159225,36.56971750278929
0.964824120603015,3.0079591836734694,23.661692005586087,0.4375260997230988,37.40866559417881
0.9698492462311558,3.0079591836734694,23.850902372114604,0.4065595575143288,37.844803210701656
0.9748743718592965,3.0079591836734694,24.04165205071493,0.38703738097054385,38.045792726760276
0.9798994974874372,3.0079591836734694,24.23307757028364,0.3757775521809483,38.12833912383024
0.9849246231155779,3.0079591836734694,24.42476309701098,0.37037551423864884,38.15658149280007
0.9899497487437185,3.0079591836734694,24.616523311160734,0.36915123982402975,38.16141529958404
0.9949748743718593,3.0079591836734694,24.808280029133744,0.3709888003918989,38.15650845104907
1.0,3.0079591836734694,25.0,0.3751793670434688,38.148058787773394
0.0,3.009183673469388,0.0,1.0,17.014032512466976
0.005025125628140704,3.009183673469388,0.09498417775555634,0.8334305677976294,20.931914994203645
0.010050251256281407,3.009183673469388,0.21173732608180212,0.6814304489034573,25.648690571508002
0.01507537688442211,3.009183673469388,0.35323955295788506,0.5523122590995496,30.620041696265385
0.020100502512562814,3.009183673469388,0.5177864620114067,0.4542996033386152,34.600302949635704
0.02512562814070352,3.009183673469388,0.6979552958233654,0.3890217509912237,36.8254812489449
0.03015075376884422,3.009183673469388,0.8856965886821916,0.35000453795019415,37.744060367172594
0.035175879396984924,3.009183673469388,1.0763025268496402,0.32846126717640955,38.058384908769945
0.04020100502512563,3.009183673469388,1.2678381700852401,0.3175546575470824,38.15319990319952
0.04522613065326633,3.009183673469388,1.4596380558774655,0.3129481226640988,38.177138906748624
0.05025125628140704,3.009183673469388,1.6514945281000797,0.3120930725391346,38.18005133937725
0.05527638190954774,3.009183673469388,1.8433486072226684,0.3135318334842074,38.17748446485216
0.06030150753768844,3.009183673469388,2.0351863953598253,0.31643981465311355,38.17393029598007
0.06532663316582915,3.009183673469388,2.227006409209482,0.3203552523179427,38.170474754404516
0.07035175879396985,3.009183673469388,2.41880958347547,0.3250257874058863,38.167211664171916
0.07537688442211055,3.009183673469388,2.61059652545996,0.3303220801961576,38.16397841584377
0.08040201005025126,3.009183673469388,2.802366846408022,0.33618976022835934,38.160557502983494
0.08542713567839195,3.009183673469388,2.994119026709101,0.34262301035822673,38.156717565169
0.09045226130653267,3.009183673469388,3.1858503366553186,0.3496506513423723,38.152202982658096
0.09547738693467336,3.009183673469388,3.3775566400315387,0.35732992563872923,38.146703879504976
0.10050251256281408,3.009183673469388,3.569232015189178,0.3657452613969343,38.139813043570356
0.10552763819095477,3.009183673469388,3.7608681272498714,0.37501090622421773,38.130961016941704
0.11055276381909548,3.009183673469388,3.952453166055345,0.38527732133311443,38.11931337741192
0.11557788944723618,3.009183673469388,4.143970114482169,0.39674205469077806,38.103598701745916
0.12060301507537688,3.009183673469388,4.335393887527421,0.40966677605795965,38.081807888386116
0.12562814070351758,3.009183673469388,4.526686187519047,0.42440595908964907,38.05058203067246
0.1306532663316583,3.009183673469388,4.71778692590737,0.44144345978480887,38.00429926268448
0.135678391959799,3.009183673469388,4.908597109004385,0.4614642047482502,37.93261434995107
0.1407035175879397,3.009183673469388,5.098945072606251,0.4854681844628511,37.81590768381021
0.1457286432160804,3.009183673469388,5.288516921379017,0.5149521153866262,37.61437713685361
0.1507537688442211,3.009183673469388,5.476697951328229,0.552243899624781,37.24159519044711
0.15577889447236182,3.009183673469388,5.662200094634257,0.601048477123438,36.50045383381916
0.16080402010050251,3.009183673469388,5.8421939897174795,0.6671597099403065,34.94275014308841
0.1658291457286432,3.009183673469388,6.010631473352398,0.7585129465407546,31.736940273693506
0.1708542713567839,3.009183673469388,6.157333123658848,0.8815491231888641,26.315283748422715
0.17587939698492464,3.009183673469388,6.273512433991952,1.0337874125667283,19.97004308981902
0.18090452261306533,3.009183673469388,6.360005277660054,1.2048319154916909,14.72849375353044
0.18592964824120603,3.009183673469388,6.424287237707302,1.3855166805504004,11.101466406430626
0.19095477386934673,3.009183673469388,6.473629365922492,1.5708885941144322,8.702044845325231
0.19597989949748743,3.009183673469388,6.513073307693194,1.7586354779976925,7.101846724092447
0.20100502512562815,3.009183673469388,6.545857744014535,1.9476670745140723,6.014423318265321
0.20603015075376885,3.009183673469388,6.574087607740319,2.137435852652642,5.267454573260134
0.21105527638190955,3.009183673469388,6.599194004199743,2.327644731551449,4.759065516965572
0.21608040201005024,3.009183673469388,6.622219277704441,2.5181175579350525,4.431967304890878
0.22110552763819097,3.009183673469388,6.643992873118274,2.7087378953476,4.258496750262502
0.22613065326633167,3.009183673469388,6.665272883311462,2.899413198516981,4.237549074343893
0.23115577889447236,3.009183673469388,6.686887137433384,3.0900514107527717,4.401217031376528
0.23618090452261306,3.009183673469388,6.70998027936992,3.2805153707408725,4.854029535409054
0.24120603015075376,3.009183673469388,6.7366634694739345,3.4705044983344284,5.925382492369317
0.24623115577889448,3.009183673469388,6.772931091887919,3.658844212669597,9.283520655448715
0.25125628140703515,3.009183673469388,6.874514470450051,3.7756206951035374,27.052131609895504
0.2562814070351759,3.009183673469388,6.964461972535158,3.6071902410546755,14.489028420328673
0.2613065326633166,3.009183673469388,7.033129539113823,3.4280503453752402,13.19504312662175
0.2663316582914573,3.009183673469388,7.0989147980634435,3.247822075924991,13.086504745427991
0.271356783919598,3.009183673469388,7.165299527644319,3.0678136320829372,13.377757191585683
0.27638190954773867,3.009183673469388,7.233686519214151,2.8885570343529725,13.864736068477214
0.2814070351758794,3.009183673469388,7.304845023993551,2.7103833370271513,14.47328101594434
0.2864321608040201,3.009183673469388,7.3792978183354165,2.533561726391171,15.172618471709594
0.2914572864321608,3.009183673469388,7.457463497872868,2.3583506551764604,15.949745549380197
0.2964824120603015,3.009183673469388,7.539719832905491,2.1850233701498554,16.80050093667898
0.3015075376884422,3.009183673469388,7.6264378793224905,2.0138858996545004,17.726090082731435
0.3065326633165829,3.009183673469388,7.7180063018579865,1.8452953187096828,18.732322764937372
0.31155778894472363,3.009183673469388,7.8148557108515515,1.6796840077672115,19.83028614300336
0.3165829145728643,3.009183673469388,7.917489073720763,1.5175963430604256,21.038018758812655
0.32160804020100503,3.009183673469388,8.026521384800946,1.3597462386251822,22.38234948663776
0.32663316582914576,3.009183673469388,8.142726356818114,1.207105908294245,23.899431718847726
0.3316582914572864,3.009183673469388,8.267075176016107,1.0610346622363154,25.630205041462386
0.33668341708542715,3.009183673469388,8.400725271751371,0.9234410017143723,27.60351677986149
0.3417085427135678,3.009183673469388,8.54487723727726,0.7969217544446601,29.79970090713845
0.34673366834170855,3.009183673469388,8.70039122506251,0.6847022699098599,32.09370148724014
0.35175879396984927,3.009183673469388,8.867162719801843,0.5900556420390167,34.22936274768495
0.35678391959798994,3.009183673469388,9.043654788324163,0.5150800025170985,35.92287547965619
0.36180904522613067,3.009183673469388,9.227224445164927,0.4595716789249294,37.043759421266195
0.36683417085427134,3.009183673469388,9.415123499746276,0.4210481391970246,37.671699432535604
0.37185929648241206,3.009183673469388,9.605299808249667,0.3959074286057554,37.97899447296724
0.3768844221105528,3.009183673469388,9.796535927477771,0.3806322455331854,38.113258217791746
0.38190954773869346,3.009183673469388,9.988211686269272,0.37239220295577247,38.164668270941235
0.3869346733668342,3.009183673469388,10.18004061588941,0.3691377460571137,38.17932607881173
0.39195979899497485,3.009183673469388,10.371898629135028,0.3694739110183404,38.17849292041698
0.3969849246231156,3.009183673469388,10.563734271256637,0.372493175966187,38.171231731912954
0.4020100502512563,3.009183673469388,10.755524819289171,0.3776341428461222,38.16099185413625
0.40703517587939697,3.009183673469388,10.947258618983744,0.38458068966149933,38.14867213397769
0.4120603015075377,3.009183673469388,11.13892469013554,0.39319642773222235,38.133907420674824
0.41708542713567837,3.009183673469388,11.330508092230977,0.4034876661077602,38.115484322991165
0.4221105527638191,3.009183673469388,11.521985526967855,0.415589382700697,38.09127233396516
0.4271356783919598,3.009183673469388,11.71331984528615,0.429771820554474,38.05774568342222
0.4321608040201005,3.009183673469388,11.904450415053986,0.44647007635118396,38.008881580112316
0.4371859296482412,3.009183673469388,12.095275746325736,0.46634501391942657,37.93383741637681
0.44221105527638194,3.009183673469388,12.285617535050285,0.4903959650788361,37.81170522887675
0.4472361809045226,3.009183673469388,12.475146706466042,0.5201497666364862,37.60046628278436
0.45226130653266333,3.009183673469388,12.663214744684783,0.5580009294140794,37.20800711420322
0.457286432160804,3.009183673469388,12.848456868832633,0.6077714984645699,36.42470381852008
0.4623115577889447,3.009183673469388,13.027869608054141,0.6754232554148557,34.77677684104058
0.46733668341708545,3.009183673469388,13.195095408831724,0.7689510840959329,31.41420609733311
0.4723618090452261,3.009183673469388,13.339787679458505,0.8943382219291611,25.86059143255414
0.47738693467336685,3.009183673469388,13.453711037247745,1.048287537549403,19.55502298228468
0.4824120603015075,3.009183673469388,13.538432346524795,1.2202291527182734,14.44146624047913
0.48743718592964824,3.009183673469388,13.60156287511374,1.4013250949962461,10.923491303520057
0.49246231155778897,3.009183673469388,13.650206247573422,1.586883831380972,8.595921713041177
0.49748743718592964,3.009183673469388,13.689240841047237,1.7747171753461775,7.041308004576761
0.5025125628140703,3.009183673469388,13.721801618035597,1.9637878356069067,5.983980617639846
0.507537688442211,3.009183673469388,13.749933367500466,2.153571358525684,5.258288553106064
0.5125628140703518,3.009183673469388,13.775037664260925,2.3437805648338497,4.766771053420319
0.5175879396984925,3.009183673469388,13.798140777500066,2.5342439187318524,4.455597283010661
0.5226130653266332,3.009183673469388,13.820074533050601,2.724845731798756,4.299288570110129
0.5276381909547738,3.009183673469388,13.841611694600402,2.9154913388586685,4.300874365567881
0.5326633165829145,3.009183673469388,13.863625992716814,3.1060833452446825,4.500325679738507
0.5376884422110553,3.009183673469388,13.887369673280089,3.296466743636814,5.022648614123309
0.542713567839196,3.009183673469388,13.915281074356386,3.4862768078176614,6.282478209321005
0.5477386934673367,3.009183673469388,13.955091894779711,3.673854531372425,10.727409014571148
0.5527638190954773,3.009183673469388,14.068743487447318,3.7354230981167924,21.432278355088982
0.5577889447236181,3.009183673469388,14.151296162516584,3.562572700798634,14.176820924358411
0.5628140703517588,3.009183673469388,14.21938049845471,3.383206078227427,13.196269913761627
0.5678391959798995,3.009183673469388,14.28543051361863,3.2030754577806926,13.176868040298947
0.5728643216080402,3.009183673469388,14.352381504747274,3.023277100930736,13.508738857339669
0.5778894472361809,3.009183673469388,14.421493274310864,2.8442989150272884,14.020698906401996
0.5829145728643216,3.009183673469388,14.493484969059866,2.6664604136584287,14.648342058633501
0.5879396984924623,3.009183673469388,14.568860294554225,2.490030255507568,15.364541703768515
0.592964824120603,3.009183673469388,14.648031618873526,2.3152714880058363,16.158080683306558
0.5979899497487438,3.009183673469388,14.731377056704268,2.1424654969279797,17.02578831480176
0.6030150753768844,3.009183673469388,14.819272567405458,1.9719300683219652,17.969744580407117
0.6080402010050251,3.009183673469388,14.912116406373794,1.8040388871760833,18.99679189956755
0.6130653266331658,3.009183673469388,15.010354938452359,1.6392483518003504,20.119478916278435
0.6180904522613065,3.009183673469388,15.114515419748171,1.478138631209336,21.357788218103135
0.6231155778894473,3.009183673469388,15.225248062589584,1.3214779535241177,22.74087699142906
0.628140703517588,3.009183673469388,15.34337298357838,1.1703207097162274,24.306801047557553
0.6331658291457286,3.009183673469388,15.46991202551892,1.0261462976657667,26.095753298281117
0.6381909547738693,3.009183673469388,15.606053985987707,0.8910236609484206,28.1287987344697
0.6432160804020101,3.009183673469388,15.752962420980369,0.7677245932452326,30.36567441282097
0.6482412060301508,3.009183673469388,15.911322303873401,0.6595681734967227,32.648282926950266
0.6532663316582915,3.009183673469388,16.080695456519166,0.5696644924959872,34.69800060523067
0.6582914572864321,3.009183673469388,16.25920589269054,0.4996197928247022,36.25314549226025
0.6633165829145728,3.009183673469388,16.444082896583318,0.4486074407341909,37.23852150920903
0.6683417085427136,3.009183673469388,16.632701327632397,0.41373937985048037,37.770820033431775
0.6733668341708543,3.009183673469388,16.823224759018043,0.3913424930176173,38.02383775851812
0.678391959798995,3.009183673469388,17.014610587172825,0.37803788633489255,38.13130356265092
0.6834170854271356,3.009183673469388,17.206342483467957,0.37119232405986036,38.170588058918675
0.6884422110552764,3.009183673469388,17.39818643382961,0.36893333188847627,38.18007124876276
0.6934673366834171,3.009183673469388,17.590042227606553,0.3700015082367525,38.177099968369994
0.6984924623115578,3.009183673469388,17.781868223755417,0.37358652206115817,38.16891263273519
0.7035175879396985,3.009183673469388,17.97364574635922,0.37919545499616314,38.15813811812039
0.7085427135678392,3.009183673469388,18.165363955973532,0.3865614711780858,38.14528253568606
0.7135678391959799,3.009183673469388,18.357011312876352,0.39558598602251605,38.129754613354066
0.7185929648241206,3.009183673469388,18.548571151733274,0.40630762087286815,38.11013861252706
0.7236180904522613,3.009183673469388,18.740017473186352,0.41889335754216694,38.08402422457189
0.7286432160804021,3.009183673469388,18.931308308515355,0.43365044906163974,38.047395910249
0.7336683417085427,3.009183673469388,19.122375084612127,0.4510627412387418,37.993316203978125
0.7386934673366834,3.009183673469388,19.313101679701738,0.47186162990429154,37.90914055598099
0.7437185929648241,3.009183673469388,19.503281663982577,0.4971549449826208,37.770120656883854
0.7487437185929648,3.009183673469388,19.692528135445908,0.5286464549437417,37.52548814912192
0.7537688442211056,3.009183673469388,19.88006605706279,0.5690213528837172,37.06295934931855
0.7587939698492462,3.009183673469388,20.064240440048177,0.6225674419861773,36.123802341905474
0.7638190954773869,3.009183673469388,20.241401390867566,0.6958429580976994,34.143078711116374
0.7688442211055276,3.009183673469388,20.40410409266685,0.796954238913334,30.227181010917725
0.7738693467336684,3.009183673469388,20.541629680784304,0.930150886561293,24.275692831938763
0.7788944723618091,3.009183673469388,20.647798717627705,1.0895955285533616,18.13666679542697
0.7839195979899497,3.009183673469388,20.72641396334035,1.2644496031515342,13.432878581581322
0.7889447236180904,3.009183673469388,20.785383055342283,1.4469589231469957,10.255069133796841
0.7939698492462312,3.009183673469388,20.831273452145815,1.633223906174425,8.152417322787276
0.7989949748743719,3.009183673469388,20.868464964927682,1.8214334424579217,6.741473735117301
0.8040201005025126,3.009183673469388,20.899769742702762,2.0107172260915096,5.778177420784602
0.8090452261306532,3.009183673469388,20.927040399966668,2.20062688549107,5.1173280252120374
0.8140703517587939,3.009183673469388,20.951563378552887,2.3909120879151105,4.674483519297667
0.8190954773869347,3.009183673469388,20.974304435722026,2.5814190113286792,4.402767857846515
0.8241206030150754,3.009183673469388,20.996066819029448,2.7720401853826253,4.284250284574727
0.8291457286432161,3.009183673469388,21.01763298485211,2.962681428616634,4.328974400072461
0.8341708542713567,3.009183673469388,21.03993337035397,3.1532398154999512,4.5913378815925245
0.8391959798994975,3.009183673469388,21.06439996221265,3.3435307496511104,5.236106266017716
0.8442211055276382,3.009183673469388,21.094089599593197,3.533065105958146,6.854059836664325
0.8492462311557789,3.009183673469388,21.141058258315866,3.7187921070420313,14.354102231112183
0.8542713567839196,3.009183673469388,21.263398962828028,3.694469403442839,17.68369474517753
0.8592964824120602,3.009183673469388,21.339309196715085,3.5183654936229334,13.761100893840082
0.864321608040201,3.009183673469388,21.406410571882244,3.3386255433307483,13.140211927357372
0.8693467336683417,3.009183673469388,21.472510317967537,3.158514227440574,13.236014619200297
0.8743718592964824,3.009183673469388,21.53990872374458,2.978883481468024,13.622162912961425
0.8793969849246231,3.009183673469388,21.60967789826708,2.800160788567653,14.166735056436629
0.8844221105527639,3.009183673469388,21.682465138189826,2.622646619928402,14.817988615336672
0.8894472361809045,3.009183673469388,21.758743716777456,2.446605296093957,15.553995854543457
0.8944723618090452,3.009183673469388,21.838913598413388,2.2723025698070223,16.365958816412792
0.8994974874371859,3.009183673469388,21.923349867841882,2.100027205660946,17.252166542816212
0.9045226130653267,3.009183673469388,22.012431792841465,1.9301088310316374,18.215858135736315
0.9095477386934674,3.009183673469388,22.106566939335558,1.7629386910918334,19.265161590152935
0.914572864321608,3.009183673469388,22.206218288762223,1.598999266525026,20.414268682274233
0.9195979899497487,3.009183673469388,22.311939271527955,1.4389101629144978,21.685318789059938
0.9246231155778895,3.009183673469388,22.424417861325058,1.2834997781326156,23.10984743099558
0.9296482412060302,3.009183673469388,22.54452253376284,1.1339132272823722,24.727467524019218
0.9346733668341709,3.009183673469388,22.673324012295193,0.9917605115239232,26.576363319851144
0.9396984924623115,3.009183673469388,22.812031193795377,0.8592791224336996,28.66734687042103
0.9447236180904522,3.009183673469388,22.961742776079685,0.7394085714708636,30.935586222464433
0.949748743718593,3.009183673469388,23.122925934959493,0.6355156935611708,33.18929334761137
0.9547738693467337,3.009183673469388,23.29478642697558,0.5504647828027303,35.135956428481634
0.9597989949748744,3.009183673469388,23.47514270264648,0.48530526310180283,36.548002185057356
0.964824120603015,3.009183673469388,23.66116519145895,0.4386121001034047,37.40564861696088
0.9698492462311558,3.009183673469388,23.850392051437193,0.40717529990626733,37.85325540804192
0.9748743718592965,3.009183673469388,24.041200838910605,0.3873181011039053,38.060140928204156
0.9798994974874372,3.009183673469388,24.232706207803506,0.3758263804542166,38.145392085075684
0.9849246231155779,3.009183673469388,24.424480703094503,0.37026386952552603,38.17479078096675
0.9899497487437185,3.009183673469388,24.616333902081266,0.36892573022929226,38.18010008081292
0.9949748743718593,3.009183673469388,24.80818514334865,0.37067840118287476,38.17539311736704
1.0,3.009183673469388,25.0,0.3748009744958918,38.16704035542155
0.0,3.010408163265306,0.0,1.0,17.014040629811216
0.005025125628140704,3.010408163265306,0.09499142456778595,0.8333268300588149,20.93512754837862
0.010050251256281407,3.010408163265306,0.2117736067806318,0.6812311198246144,25.65744684623172
0.01507537688442211,3.010408163265306,0.3533375729249965,0.5520424282722429,30.635844350519434
0.020100502512562814,3.010408163265306,0.5179773873380593,0.4540039382190051,34.62075354832696
0.02512562814070352,3.010408163265306,0.698251658249285,0.3887426911763761,36.84648474505381
0.03015075376884422,3.010408163265306,0.88609614314119,0.34976105170541105,37.76408545074019
0.035175879396984924,3.010408163265306,1.0768005587365328,0.3282533778627271,38.07762984931931
0.04020100502512563,3.010408163265306,1.2684318144073161,0.31737519895306715,38.17206241512968
0.04522613065326633,3.010408163265306,1.4603260444890027,0.3127891534052887,38.19585061181278
0.05025125628140704,3.010408163265306,1.6522763875762119,0.31194800086256763,38.19871381045429
0.05527638190954774,3.010408163265306,1.8442242466765426,0.31339572169744356,38.19613713267765
0.06030150753768844,3.010408163265306,2.036155773015944,0.31630913332865135,38.19258685113729
0.06532663316582915,3.010408163265306,2.2280695553714,0.3202275216587162,38.18913851489582
0.07035175879396985,3.010408163265306,2.4199665370290537,0.32489927013489533,38.18588314306258
0.07537688442211055,3.010408163265306,2.611847324384504,0.3301955427481844,38.1826571899701
0.08040201005025126,3.010408163265306,2.8037115255761162,0.3360623078361181,38.17924314848673
0.08542713567839195,3.010408163265306,2.995557621081879,0.3424939720502097,38.17540995517079
0.09045226130653267,3.010408163265306,3.1873828817545906,0.3495195014728488,38.17090237130573
0.09547738693467336,3.010408163265306,3.3791831690775043,0.35719623262322786,38.165410932367955
0.10050251256281408,3.010408163265306,3.5709525702817295,0.365608654764608,38.158528876574515
0.10552763819095477,3.010408163265306,3.7626827603682793,0.3748710570209465,38.1496872607405
0.11055276381909548,3.010408163265306,3.9543619302728468,0.38513393355992676,38.13805227161903
0.11557788944723618,3.010408163265306,4.14597308222511,0.3965948702243618,38.12235317072012
0.12060301507537688,3.010408163265306,4.337491153260612,0.4095155935147104,38.10058098421679
0.12562814070351758,3.010408163265306,4.528877849833675,0.42425072053643986,38.06938051612185
0.1306532663316583,3.010408163265306,4.720073122912695,0.44128423429375796,38.02312744607319
0.135678391959799,3.010408163265306,4.910977993703606,0.4613015238582499,37.95146994519635
0.1407035175879397,3.010408163265306,5.101420780829445,0.4853033332472382,37.834784157406126
0.1457286432160804,3.010408163265306,5.291087462559254,0.5147879035654304,37.63323131335112
0.1507537688442211,3.010408163265306,5.479362765522776,0.5520864090962317,37.26019271394611
0.15577889447236182,3.010408163265306,5.664956701972633,0.6009104314972318,36.51819956588111
0.16080402010050251,3.010408163265306,5.84503355923408,0.6670669401658262,34.95747328366187
0.1658291457286432,3.010408163265306,6.01352773153666,0.7585105343324344,31.7444016096942
0.1708542713567839,3.010408163265306,6.160231872701105,0.881687746228868,26.30945666952319
0.17587939698492464,3.010408163265306,6.276354380630916,1.034086783017214,19.95483949520739
0.18090452261306533,3.010408163265306,6.362766331141936,1.2052774221032478,14.712312398997286
0.18592964824120603,3.010408163265306,6.426971248075632,1.3860893063494286,11.087240910821018
0.19095477386934673,3.010408163265306,6.476247682582182,1.5715758527997892,8.69012904121847
0.19597989949748743,3.010408163265306,6.515636330585762,1.7594302386120177,7.0917405406661675
0.20100502512562815,3.010408163265306,6.54837332002723,1.9485652820045245,6.0056196571012785
0.20603015075376885,3.010408163265306,6.576561251675854,2.1384351395004617,5.2595066636728935
0.21105527638190955,3.010408163265306,6.601629237655957,2.3287437070314563,4.7516639332340445
0.21608040201005024,3.010408163265306,6.624618023711996,2.519315430059522,4.424801954000204
0.22110552763819097,3.010408163265306,6.646355488190196,2.7100343072828768,4.251251591342076
0.22613065326633167,3.010408163265306,6.6675980100869685,2.900808375979216,4.229785374214299
0.23115577889447236,3.010408163265306,6.689170659879071,3.0915456904133585,4.3922752774607305
0.23618090452261306,3.010408163265306,6.712213270138392,3.2821102748976374,4.842494444420238
0.24120603015075376,3.010408163265306,6.73882439199672,3.4722043203340136,5.906994147319245
0.24623115577889448,3.010408163265306,6.7749425871618625,3.6606694948163074,9.231611231809486
0.25125628140703515,3.010408163265306,6.875942252928186,3.7793583713355767,27.334246430453135
0.2562814070351759,3.010408163265306,6.966181343097644,3.6110233249148864,14.494360623669415
0.2613065326633166,3.010408163265306,7.034843106200986,3.4317809044889165,13.1902929723589
0.2663316582914573,3.010408163265306,7.100597818878308,3.2514416310879524,13.079509532636484
0.271356783919598,3.010408163265306,7.166944959994639,3.071319353401253,13.369883723888114
0.27638190954773867,3.010408163265306,7.235291009545919,2.891946745994235,13.856332078926012
0.2814070351758794,3.010408163265306,7.306406127258862,2.7136547218318414,14.464418960866302
0.2864321608040201,3.010408163265306,7.380813216031349,2.5367120954469526,15.163283733544082
0.2914572864321608,3.010408163265306,7.458930712997372,2.3613768244435027,15.939893828685499
0.2964824120603015,3.010408163265306,7.541136110521265,2.1879215455456467,16.790066561211155
0.3015075376884422,3.010408163265306,7.627800078326612,2.016651525518077,17.714984508510668
0.3065326633165829,3.010408163265306,7.7193107584253475,1.847922847467688,18.720422708399205
0.31155778894472363,3.010408163265306,7.816098041030511,1.682166550537448,19.817427051852032
0.3165829145728643,3.010408163265306,7.918663927913387,1.5199251419087902,21.023983447613865
0.32160804020100503,3.010408163265306,8.027622209021656,1.3619099000437354,22.366881970118566
0.32663316582914576,3.010408163265306,8.143745358964948,1.2090893771751277,23.882313097035276
0.3316582914572864,3.010408163265306,8.268003922704715,1.062818080547661,25.61144004553812
0.33668341708542715,3.010408163265306,8.401556690377344,0.9249990682857592,27.583725177645732
0.3417085427135678,3.010408163265306,8.545609975257097,0.7982251677445865,29.780655244669187
0.34673366834170855,3.010408163265306,8.701036508467354,0.685724373888868,32.07856594317533
0.35175879396984927,3.010408163265306,8.867749382751581,0.5907851121758527,34.22171519917716
0.35678391959798994,3.010408163265306,9.044226177366397,0.5155351278558316,35.92445047330405
0.36180904522613067,3.010408163265306,9.227824516607193,0.459799743242826,37.05316607794868
0.36683417085427134,3.010408163265306,9.415784534993646,0.42110877802298996,37.686072036217595
0.37185929648241206,3.010408163265306,9.60604020974315,0.3958546415102577,37.99589247723394
0.3768844221105528,3.010408163265306,9.7973644622263,0.38050623170607806,38.13127471576117
0.38190954773869346,3.010408163265306,9.989132052988193,0.37221950559059724,38.183132644063036
0.3869346733668342,3.010408163265306,10.181054262555323,0.3689345320064384,38.19796105826006
0.39195979899497485,3.010408163265306,10.373006140789517,0.36924937571590916,38.197195700441945
0.3969849246231156,3.010408163265306,10.564935857864684,0.3722520035466773,38.18996996939235
0.4020100502512563,3.010408163265306,10.756820594026786,0.3773782129720854,38.179760182627405
0.40703517587939697,3.010408163265306,10.94864877073991,0.38431001045801627,38.167478254809666
0.4120603015075377,3.010408163265306,11.140409469078111,0.3929096724284714,38.15276618060592
0.41708542713567837,3.010408163265306,11.33208780444731,0.4031824065901076,38.13441625445474
0.4221105527638191,3.010408163265306,11.52366063741339,0.41526208604261394,38.11031217607823
0.4271356783919598,3.010408163265306,11.715090996262013,0.42941761948834356,38.07695025167354
0.4321608040201005,3.010408163265306,11.906318687973485,0.4460823229723989,38.02834676859101
0.4371859296482412,3.010408163265306,12.097242786759846,0.4659146131036229,37.95370475254192
0.44221105527638194,3.010408163265306,12.287686352440087,0.48990861659986107,37.83230754529049
0.4472361809045226,3.010408163265306,12.477322207718144,0.5195880487433018,37.62245527643921
0.45226130653266333,3.010408163265306,12.665506691894077,0.5573367333400235,37.23266122237775
0.457286432160804,3.010408163265306,12.850884962803658,0.6069632430514823,36.45497853927287
0.4623115577889447,3.010408163265306,13.030473787692081,0.674415743275713,34.817496156585094
0.46733668341708545,3.010408163265306,13.197945925534627,0.7676969087919744,31.470561962988455
0.4723618090452261,3.010408163265306,13.342954310285757,0.8928613030716063,25.925744565590882
0.47738693467336685,3.010408163265306,13.457179828319376,1.0467007780854993,19.606967417421718
0.4824120603015075,3.010408163265306,13.542112941757539,1.2186408543575329,14.473943841017421
0.48743718592964824,3.010408163265306,13.605368204375859,1.399791984315246,10.94182420941532
0.49246231155778897,3.010408163265306,13.654079147203745,1.5854297457235929,8.605494837245757
0.49748743718592964,3.010408163265306,13.693147086596625,1.773351884993438,7.045592095811455
0.5025125628140703,3.010408163265306,13.725720245650004,1.9625155684081723,5.984807714724116
0.507537688442211,3.010408163265306,13.753851351308064,2.1523940054161033,5.256863915930641
0.5125628140703518,3.010408163265306,13.778943679427856,2.3426994068188027,4.763628968611388
0.5175879396984925,3.010408163265306,13.802027147098872,2.533259648953031,4.450565645898176
0.5226130653266332,3.010408163265306,13.823931488615779,2.723959272343907,4.2923760502372055
0.5276381909547738,3.010408163265306,13.845429042408057,2.914703787241913,4.291497085309063
0.5326633165829145,3.010408163265306,13.86738657737313,3.1053967548226082,4.486752258566434
0.5376884422110553,3.010408163265306,13.891043854277097,3.295885493185547,5.000747119009578
0.542713567839196,3.010408163265306,13.918800762403995,3.4858133323997373,6.237740647124247
0.5477386934673367,3.010408163265306,13.958162199059567,3.6735883878800717,10.539029963463449
0.5527638190954773,3.010408163265306,14.070757685069294,3.741245539869525,21.83677898924532
0.5577889447236181,3.010408163265306,14.153903307016561,3.5686109474065715,14.20358916669617
0.5628140703517588,3.010408163265306,14.222032480937507,3.389161347776681,13.19443801525271
0.5678391959798995,3.010408163265306,14.288049440891701,3.208918970272354,13.166858529020312
0.5728643216080402,3.010408163265306,14.354940103527472,3.028998148735222,13.495100415102359
0.5778894472361809,3.010408163265306,14.423977541187083,2.8498907186213893,14.004886234555835
0.5829145728643216,3.010408163265306,14.495885460151936,2.671917131390468,14.630864309226737
0.5879396984924623,3.010408163265306,14.571169238614303,2.4953458857830144,15.345595108152471
0.592964824120603,3.010408163265306,14.650241719216899,2.3204393915691313,16.137682664317044
0.5979899497487438,3.010408163265306,14.73348088555709,2.1474780405440144,17.003870402004843
0.6030150753768844,3.010408163265306,14.82126213663127,1.976778239441498,17.946153566389512
0.6080402010050251,3.010408163265306,14.913982726509373,1.8087117642979886,18.971278358627888
0.6130653266331658,3.010408163265306,15.012087452543643,1.6437323163498327,20.09166151773926
0.6180904522613065,3.010408163265306,15.116101286897068,1.482416152733469,21.327134603253075
0.6231155778894473,3.010408163265306,15.226671371802672,1.3255257752851977,22.706707958858726
0.628140703517588,3.010408163265306,15.344614259752419,1.1741072999994353,24.268414480118235
0.6331658291457286,3.010408163265306,15.470948934452336,1.029628773611562,26.05281028884766
0.6381909547738693,3.010408163265306,15.606865002291888,0.8941454571956037,28.082131042251266
0.6432160804020101,3.010408163265306,15.75353561896201,0.7704173358307975,30.318502397816914
0.6482412060301508,3.010408163265306,15.911669775737888,0.6617648410445035,32.60689748678812
0.6532663316582915,3.010408163265306,16.080864877609244,0.5713276492958805,34.66955133759573
0.6582914572864321,3.010408163265306,16.259273115536434,0.5007694535066604,36.24096512629814
0.6633165829145728,3.010408163265306,16.444125658490343,0.44932083893793123,37.24021601897074
0.6683417085427136,3.010408163265306,16.632776972540483,0.4141198501092793,37.781378944452484
0.6733668341708543,3.010408163265306,16.82336654834183,0.39148674830758395,38.03904712417966
0.678391959798995,3.010408163265306,17.014834920353202,0.37802064958692494,38.1486554674038
0.6834170854271356,3.010408163265306,17.206656642177585,0.37106532425693506,38.188853381429986
0.6884422110552764,3.010408163265306,17.398593459254133,0.36873006562933613,38.19870861510554
0.6934673366834171,3.010408163265306,17.590543392693085,0.36974256378620274,38.19589065953429
0.6984924623115578,3.010408163265306,17.782464108305966,0.37328375367301886,38.18777859471357
0.7035175879396985,3.010408163265306,17.974336571197306,0.37885483394987607,38.17706177403581
0.7085427135678392,3.010408163265306,18.166150027733647,0.3861848622243874,38.16427439172928
0.7135678391959799,3.010408163265306,18.3578930698703,0.39517214372897064,38.14884309804542
0.7185929648241206,3.010408163265306,18.54954917793488,0.4058525917965691,38.129371294017375
0.7236180904522613,3.010408163265306,18.7410926517874,0.4183904107422139,38.10347770849596
0.7286432160804021,3.010408163265306,18.93248204916283,0.43308953085564905,38.06719712426589
0.7336683417085427,3.010408163265306,19.123649629356475,0.4504293240243109,38.0136861265799
0.7386934673366834,3.010408163265306,19.314480797148132,0.4711346695297317,37.93048529506619
0.7437185929648241,3.010408163265306,19.504772031305528,0.4963033536470108,37.793236251918806
0.7487437185929648,3.010408163265306,19.694142291286948,0.5276231710205158,37.552025567010105
0.7537688442211056,3.010408163265306,19.881829074189945,0.5677536046298703,37.09654169165443
0.7587939698492462,3.010408163265306,20.06620540654004,0.6209436363098877,36.17250787342662
0.7638190954773869,3.010408163265306,20.243680222236623,0.6937096988098768,34.22238405779198
0.7688442211055276,3.010408163265306,20.406893686735916,0.7941793376594236,30.351456568726437
0.7738693467336684,3.010408163265306,20.545115339974814,0.9267877183562355,24.42015005568827
0.7788944723618091,3.010408163265306,20.651954967216895,1.0858916924997097,18.25350388854769
0.7839195979899497,3.010408163265306,20.73105540476162,1.2606267494124406,13.51001945395285
0.7889447236180904,3.010408163265306,20.790333364742644,1.4431333916321578,10.302929003665277
0.7939698492462312,3.010408163265306,20.836414129874985,1.6294475458977125,8.181795170049604
0.7989949748743719,3.010408163265306,20.873722056040908,1.8177294913783313,6.759301598416065
0.8040201005025126,3.010408163265306,20.90509621636898,2.007096789726036,5.78846101045011
0.8090452261306532,3.010408163265306,20.932404561674282,2.197095771198272,5.12231474913835
0.8140703517587939,3.010408163265306,20.956941916251765,2.387473695144589,4.675349517305158
0.8190954773869347,3.010408163265306,20.979677996661906,2.5780756959275895,4.399943543882021
0.8241206030150754,3.010408163265306,21.00141658233266,2.768794029074876,4.277502794470384
0.8291457286432161,3.010408163265306,21.022936785582086,2.9595346668248506,4.317133312459954
0.8341708542713567,3.010408163265306,21.045159108049624,3.1501965989952065,4.571324560437452
0.8391959798994975,3.010408163265306,21.06948868051228,3.340599782649987,5.19916748830587
0.8442211055276382,3.010408163265306,21.098890267212845,3.53027488353075,6.764393471804811
0.8492462311557789,3.010408163265306,21.144694931371184,3.716428967234713,13.718768358223318
0.8542713567839196,3.010408163265306,21.266382502967197,3.702568940032708,17.979270503646386
0.8592964824120602,3.010408163265306,21.342848345608406,3.5266168135318368,13.793706790094875
0.864321608040201,3.010408163265306,21.41000582694369,3.346797944464978,13.13750284099157
0.8693467336683417,3.010408163265306,21.47605810598242,3.166569830065967,13.221550091315045
0.8743718592964824,3.010408163265306,21.543368187011584,2.9868058060872036,13.60201026579541
0.8793969849246231,3.010408163265306,21.6130265774376,2.807939202036639,14.143005501864755
0.8844221105527639,3.010408163265306,21.685687448439708,2.630271888629067,14.791506490735724
0.8894472361809045,3.010408163265306,21.761826757748707,2.454068056686542,15.52507410758313
0.8944723618090452,3.010408163265306,21.84184532731694,2.2795925684267373,16.334653475599826
0.8994974874371859,3.010408163265306,21.92611811432562,2.107132714773218,17.21837759944446
0.9045226130653267,3.010408163265306,22.01502352927573,1.9370160109984123,18.179342795445606
0.9095477386934674,3.010408163265306,22.108967511684654,1.769630711858572,19.225507975621873
0.914572864321608,3.010408163265306,22.208410435363945,1.60545498708097,20.370841999065313
0.9195979899497487,3.010408163265306,22.31390188107994,1.445102080154118,21.637215614069095
0.9246231155778895,3.010408163265306,22.426124617830705,1.2893909534072199,23.055914778377925
0.9296482412060302,3.010408163265306,22.545941089818637,1.1394529723069926,24.666522749756098
0.9346733668341709,3.010408163265306,22.674417282261597,0.9968792707407588,26.50787343073364
0.9396984924623115,3.010408163265306,22.812763721543345,0.8638848685809593,28.59277747678592
0.9447236180904522,3.010408163265306,22.96209571078594,0.7433911166249774,30.860419093694787
0.949748743718593,3.010408163265306,23.12292002921777,0.6387705976177316,33.12355919056193
0.9547738693467337,3.010408163265306,23.294496545175193,0.5529389953711941,35.09001614877776
0.9597989949748744,3.010408163265306,23.474681224323803,0.48703591197094526,36.52547888990557
0.964824120603015,3.010408163265306,23.66064114284815,0.4397173136409614,37.40210752925492
0.9698492462311558,3.010408163265306,23.84988257813792,0.407804741547166,37.86144075080773
0.9748743718592965,3.010408163265306,24.04074952632364,0.3876082234042165,38.07437842262094
0.9798994974874372,3.010408163265306,24.232334381103954,0.3758816414888317,38.162411922458354
0.9849246231155779,3.010408163265306,24.424197868865487,0.37015674991653147,38.19300082273171
0.9899497487437185,3.010408163265306,24.61614389393631,0.36870359258417207,38.19879930763179
0.9949748743718593,3.010408163265306,24.808090062683327,0.3703707206704997,38.194297244551684
1.0,3.010408163265306,25.0,0.3744249930962165,38.18603879990542
0.0,3.0116326530612243,0.0,1.0,17.014034241056606
0.005025125628140704,3.0116326530612243,0.09499858183134212,0.8332232284655805,20.938318978860128
0.010050251256281407,3.0116326530612243,0.21180967807266585,0.6810320347814603,25.66617732447503
0.01507537688442211,3.0116326530612243,0.3534352503264529,0.5517729230974985,30.651620231262196
0.020100502512562814,3.0116326530612243,0.5181678314505974,0.453708671351083,34.64117465163087
0.02512562814070352,3.0116326530612243,0.6985473796038973,0.38846407491628565,36.8674540583817
0.03015075376884422,3.0116326530612243,0.8864948829801709,0.3495180002724098,37.784075981412045
0.035175879396984924,3.0116326530612243,1.0772976058602652,0.3280458742543796,38.09684173512903
0.04020100502512563,3.0116326530612243,1.2690243119656082,0.3171960618027895,38.19089321730846
0.04522613065326633,3.0116326530612243,1.461012728993258,0.31263044385530536,38.21453150873442
0.05025125628140704,3.0116326530612243,1.6530568087761361,0.31180313416847527,38.21734587433804
0.05527638190954774,3.0116326530612243,1.8450982546469594,0.3132597697287903,38.214759550090065
0.06030150753768844,3.0116326530612243,2.037123368542832,0.31617857406391514,38.21121317728587
0.06532663316582915,3.0116326530612243,2.22913076788925,0.32009988331633155,38.20777206761138
0.07035175879396985,3.0116326530612243,2.4211214055195973,0.3247728198408869,38.204524413316655
0.07537688442211055,3.0116326530612243,2.6130958862040052,0.33006905013345983,38.20130574779882
0.08040201005025126,3.0116326530612243,2.8050538161066902,0.3359348800621462,38.19789857142258
0.08542713567839195,3.0116326530612243,2.9969936750296227,0.3423649388949266,38.19407212199148
0.09045226130653267,3.0116326530612243,3.188912733037208,0.3493883368998003,38.18957154359377
0.09547738693467336,3.0116326530612243,3.3808068534058004,0.35706250380485305,38.18408778530833
0.10050251256281408,3.0116326530612243,3.5726701307096715,0.3654719888962865,38.177214539217324
0.10552763819095477,3.0116326530612243,3.7644942453551025,0.3747311214487513,38.1683833824262
0.11055276381909548,3.0116326530612243,3.956267395246745,0.3849904279543592,38.156761112223016
0.11557788944723618,3.0116326530612243,4.147972600387553,0.3964475379734923,38.14107756949311
0.12060301507537688,3.0116326530612243,4.33958480627567,0.4093643402838141,38.11932208053794
0.12562814070351758,3.0116326530612243,4.531065840607702,0.4240941832708597,38.08813411150571
0.1306532663316583,3.0116326530612243,4.722355464557942,0.44112407731091113,38.04192014723311
0.135678391959799,3.0116326530612243,4.9133548653571975,0.46113797921374805,37.97035979913767
0.1407035175879397,3.0116326530612243,5.1038924226314695,0.4851367352140812,37.85363433803543
0.1457286432160804,3.0116326530612243,5.293653743420935,0.5146221554641375,37.65203050872822
0.1507537688442211,3.0116326530612243,5.4820230821880545,0.5519277742394463,37.2787549027121
0.15577889447236182,3.0116326530612243,5.667709482503798,0.6007681202934867,36.53598665673011
0.16080402010050251,3.0116326530612243,5.847871193943977,0.6669644200122294,34.973478794870424
0.1658291457286432,3.0116326530612243,6.016425327286063,0.7584925920075745,31.75254160466633
0.1708542713567839,3.0116326530612243,6.16313385421433,0.8818087445252192,26.30378452902423
0.17587939698492464,3.0116326530612243,6.279203325318237,1.0343653610049486,19.94134480337157
0.18090452261306533,3.0116326530612243,6.365537622333613,1.2057001958461944,14.696682130207247
0.18592964824120603,3.0116326530612243,6.429667786155843,1.386638135208886,11.073066075651514
0.19095477386934673,3.0116326530612243,6.478880231745782,1.5722386482357782,8.678136060173312
0.19597989949748743,3.0116326530612243,6.518214814982313,1.7602000914101221,7.0816436802292015
0.20100502512562815,3.0116326530612243,6.550905204735355,1.9494382637570562,5.99689131482766
0.20603015075376885,3.0116326530612243,6.579051566401334,2.139408976515945,5.251647680783937
0.21105527638190955,3.0116326530612243,6.604081584525734,2.3298170071979163,4.744266832883904
0.21608040201005024,3.0116326530612243,6.627034180001698,2.5204874290039943,4.417741437812267
0.22110552763819097,3.0116326530612243,6.648735856333554,2.711304646205731,4.244002423642606
0.22613065326633167,3.0116326530612243,6.6699407313299535,2.9021771282492796,4.222027488862385
0.23115577889447236,3.0116326530612243,6.6914718444491745,3.093013392390387,4.38332240374814
0.23618090452261306,3.0116326530612243,6.7144636387270715,3.2836784639051864,4.830891071576141
0.24120603015075376,3.0116326530612243,6.741002294447351,3.473877286611801,5.888360314462752
0.24623115577889448,3.0116326530612243,6.776969880652353,3.6624678393085963,9.179485856485046
0.25125628140703515,3.0116326530612243,6.877363178425904,3.783109769925354,27.634316900482457
0.2562814070351759,3.0116326530612243,6.967911260846926,3.614884515349134,14.500324393403039
0.2613065326633166,3.0116326530612243,7.036568399102052,3.4355402046368333,13.185634373563984
0.2663316582914573,3.0116326530612243,7.102292676416228,3.2550902648273206,13.0725324003923
0.271356783919598,3.0116326530612243,7.168602012541064,3.0748542480049474,13.361980606897614
0.27638190954773867,3.0116326530612243,7.236906737449234,2.895365683969519,13.847841743114802
0.2814070351758794,3.0116326530612243,7.307978002785192,2.7169553483735793,14.455457321714121
0.2864321608040201,3.0116326530612243,7.382338832633155,2.539891685322793,15.153832878073775
0.2914572864321608,3.0116326530612243,7.460407534373486,2.364432161103598,15.929915319308387
0.2964824120603015,3.0116326530612243,7.542561317078772,2.1908487986946366,16.77949171354441
0.3015075376884422,3.0116326530612243,7.6291704668354425,2.0194460971488466,17.703723554559677
0.3065326633165829,3.0116326530612243,7.7206225973434135,1.8505791421288005,18.708357201280553
0.31155778894472363,3.0116326530612243,7.817346875261071,1.6846776226574467,19.804388108310654
0.3165829145728643,3.0116326530612243,7.9198443151051565,1.5222821594922022,21.009738957985448
0.32160804020100503,3.0116326530612243,8.028727478813579,1.364101368663185,22.35117567775985
0.32663316582914576,3.0116326530612243,8.144767564327013,1.2111000990670489,23.864919916804354
0.3316582914572864,3.0116326530612243,8.268934408876557,1.0646279780608037,25.592360958085717
0.33668341708542715,3.0116326530612243,8.402388101601593,0.9265825059003263,27.563555907131455
0.3417085427135678,3.0116326530612243,8.546340517627048,0.799552217689873,29.76105690830433
0.34673366834170855,3.0116326530612243,8.701677620158003,0.6867683710525548,32.062751164195774
0.35175879396984927,3.0116326530612243,8.86832865427753,0.5915319923167662,34.21349533709971
0.35678391959798994,3.0116326530612243,9.044787535417111,0.516002768413852,35.92557963126441
0.36180904522613067,3.0116326530612243,9.22841276014558,0.4600357611699861,37.062316996694776
0.36683417085427134,3.0116326530612243,9.416432721753557,0.42117384761154125,37.70029790620324
0.37185929648241206,3.0116326530612243,9.606767225931847,0.3958038571935679,38.012715362107976
0.3768844221105528,3.0116326530612243,9.798179334346445,0.38038093733457,38.14924984463454
0.38190954773869346,3.0116326530612243,9.990038567406671,0.37204678103922895,38.201563576053516
0.3869346733668342,3.0116326530612243,10.182053889526081,0.36873080522513135,38.216564908090156
0.39195979899497485,3.0116326530612243,10.37409942879353,0.36902402409424107,38.21586885496653
0.3969849246231156,3.0116326530612243,10.566122975097736,0.3720097635790739,38.20867775756632
0.4020100502512563,3.0116326530612243,10.758101841622155,0.3771210349574683,38.19849869558433
0.40703517587939697,3.0116326530612243,10.950024285024949,0.3840378819777748,38.18625664692062
0.4120603015075377,3.0116326530612243,11.141879474564982,0.3926212500635576,38.1715957829069
0.41708542713567837,3.0116326530612243,11.333652611224123,0.4028752580429164,38.15331871968285
0.4221105527638191,3.0116326530612243,11.525320689338143,0.41493263141867376,38.129324858503566
0.4271356783919598,3.0116326530612243,11.716846991307431,0.4290609025361382,38.09613371594055
0.4321608040201005,3.0116326530612243,11.908171656890014,0.44569159573053796,38.04778500792289
0.4371859296482412,3.0116326530612243,12.099194416137694,0.4654806262393757,37.973565383808115
0.44221105527638194,3.0116326530612243,12.289739447957206,0.4894186246930447,37.85294286940338
0.4472361809045226,3.0116326530612243,12.479482045911336,0.5190220705379025,37.64442217907407
0.45226130653266333,3.0116326530612243,12.667783083418417,0.5566665932233132,37.25744535151528
0.457286432160804,3.0116326530612243,12.853298068533302,0.6061457931579103,36.48511917412697
0.4623115577889447,3.0116326530612243,13.03306383550884,0.6733953988040726,34.85826625689763
0.46733668341708545,3.0116326530612243,13.200785322668132,0.7664226518523829,31.526875669574075
0.4723618090452261,3.0116326530612243,13.346116253944162,0.8913555154446096,25.99296958046949
0.47738693467336685,3.0116326530612243,13.460652200374332,1.0450781274802474,19.660346118011958
0.4824120603015075,3.0116326530612243,13.545804349427003,1.2170126468707059,14.507745867100708
0.48743718592964824,3.0116326530612243,13.609189381335481,1.3982169668310094,10.960914000109772
0.49246231155778897,3.0116326530612243,13.657971214442288,1.5839327078473582,8.61563149408833
0.49748743718592964,3.0116326530612243,13.697074733298743,1.771943014611781,7.050270809451132
0.5025125628140703,3.0116326530612243,13.72966188720523,1.961199285763991,5.98604324381266
0.507537688442211,3.0116326530612243,13.757792911006641,2.151172397050916,5.255719827897024
0.5125628140703518,3.0116326530612243,13.782874667110136,2.3415736489402925,4.760645812550591
0.5175879396984925,3.0116326530612243,13.80593871966045,2.5322305758592893,4.445825260477276
0.5226130653266332,3.0116326530612243,13.827814586978404,2.723027740644897,4.285746138355046
0.5276381909547738,3.0116326530612243,13.849272710048982,2.9138708373972704,4.282260900444604
0.5326633165829145,3.0116326530612243,13.871174317746307,3.1046644888978077,4.473365481008382
0.5376884422110553,3.0116326530612243,13.894746758187148,3.295258150413839,4.979510161213974
0.542713567839196,3.0116326530612243,13.922349792590998,3.4853033626812966,6.193634558897739
0.5477386934673367,3.0116326530612243,13.961272501335218,3.6732716842853623,10.357424210772948
0.5527638190954773,3.0116326530612243,14.072751166379852,3.747052230648095,22.278837623175523
0.5577889447236181,3.0116326530612243,14.156530143697914,3.574660843609953,14.231714725676365
0.5628140703517588,3.0116326530612243,14.224707646822965,3.395129806402884,13.1929368455089
0.5678391959798995,3.0116326530612243,14.290692694372147,3.2147759229421107,13.156980111426043
0.5728643216080402,3.0116326530612243,14.35752344101462,3.0347329273458414,13.481517507730407
0.5778894472361809,3.0116326530612243,14.426486694190114,2.8554965576165268,13.989085622052077
0.5829145728643216,3.0116326530612243,14.498310875599508,2.6773881525892467,14.613389524401763
0.5879396984924623,3.0116326530612243,14.57350308000528,2.5006760877947287,15.326638083820482
0.592964824120603,3.0116326530612243,14.65247665070995,2.3256221415940024,16.117269709789014
0.5979899497487438,3.0116326530612243,14.73560945405816,2.1525057182630336,16.981933298827517
0.6030150753768844,3.0116326530612243,14.823276339243062,1.9816418520053958,17.92254115254516
0.6080402010050251,3.0116326530612243,14.915873566480565,1.813400423264074,18.945741965563624
0.6130653266331658,3.0116326530612243,15.013844376112962,1.648232452992386,20.06382467584993
0.6180904522613065,3.0116326530612243,15.11771146312086,1.4867103122662533,21.296464162231437
0.6231155778894473,3.0116326530612243,15.228118897147187,1.3295908081776087,22.672521534207217
0.628140703517588,3.0116326530612243,15.345879637947139,1.1779118164521793,24.230000206587484
0.6331658291457286,3.0116326530612243,15.472009722156312,1.0331300519109647,26.00979983490929
0.6381909547738693,3.0116326530612243,15.607699373901458,0.8972870175230929,28.03529910144129
0.6432160804020101,3.0116326530612243,15.754131042688956,0.7731306058134269,30.271016371659407
0.6482412060301508,3.0116326530612243,15.912037535010901,0.6639821173820721,32.5649993651376
0.6532663316582915,3.0116326530612243,16.0810517663027,0.5730098467845026,34.64049900707691
0.6582914572864321,3.0116326530612243,16.259354898072186,0.5019349717079647,36.228251882664104
0.6633165829145728,3.0116326530612243,16.44418071895566,0.4500461360103835,37.24154806874772
0.6683417085427136,3.0116326530612243,16.632863512727234,0.4145085596611692,37.79173336727642
0.6733668341708543,3.0116326530612243,16.82351846709774,0.39163643489025013,38.0541454436529
0.678391959798995,3.0116326530612243,17.015068954482228,0.3780069178521848,38.16594414078348
0.6834170854271356,3.0116326530612243,17.206980255909144,0.3709405779385857,38.20707572895836
0.6884422110552764,3.0116326530612243,17.39900970719192,0.36852826827632895,38.217311049546346
0.6934673366834171,3.0116326530612243,17.591053825843037,0.36948460352761076,38.21464931862248
0.6984924623115578,3.0116326530612243,17.78306889465019,0.37298167323674297,38.206613524214255
0.7035175879396985,3.0116326530612243,17.975036154050304,0.37851472622931914,38.19595434133734
0.7085427135678392,3.0116326530612243,18.16694472048523,0.3858086760176088,38.18323465902866
0.7135678391959799,3.0116326530612243,18.358783243605195,0.39475868583765344,38.16789935378456
0.7185929648241206,3.0116326530612243,18.550535439450936,0.40539795246915494,38.14857097472556
0.7236180904522613,3.0116326530612243,18.742175921275855,0.41788790355927585,38.12289609954676
0.7286432160804021,3.0116326530612243,18.933663691116504,0.4325291512437417,38.086960029324295
0.7336683417085427,3.0116326530612243,19.124931886639136,0.44979661161899603,38.034012898863004
0.7386934673366834,3.0116326530612243,19.315867394400485,0.470408662471345,37.95178049854885
0.7437185929648241,3.0116326530612243,19.506269577642755,0.495453158504253,37.8162781436403
0.7487437185929648,3.0116326530612243,19.695763140746035,0.5266019230760197,37.57845611291364
0.7537688442211056,3.0116326530612243,19.883598055140883,0.5664888669035331,37.12991091545695
0.7587939698492462,3.0116326530612243,20.068174874397307,0.6193242012857483,36.22085394171577
0.7638190954773869,3.0116326530612243,20.245961089157635,0.6915816568481448,34.30101662084945
0.7688442211055276,3.0116326530612243,20.409682521218443,0.7914074166455358,30.475340854268534
0.7738693467336684,3.0116326530612243,20.548601564943898,0.9234198654492597,24.56550746642901
0.7788944723618091,3.0116326530612243,20.656118390836674,1.0821749796387294,18.37183267005873
0.7839195979899497,3.0116326530612243,20.73571084115875,1.256786283981181,13.58833228783188
0.7889447236180904,3.0116326530612243,20.79530245204647,1.439288026696407,10.351543126766792
0.7939698492462312,3.0116326530612243,20.841576600266315,1.6256502733107001,8.21164211391097
0.7989949748743719,3.0116326530612243,20.879002866219576,1.8140040286876613,6.777444173529483
0.8040201005025126,3.0116326530612243,20.910447703595743,2.00345446723411,5.798961644453303
0.8090452261306532,3.0116326530612243,20.937794669229543,2.1935424750808687,5.1274647960144275
0.8140703517587939,3.0116326530612243,20.96234714028039,2.384012866008864,4.6763548012403175
0.8190954773869347,3.0116326530612243,20.985078881892772,2.5747096830084075,4.3972456208019475
0.8241206030150754,3.0116326530612243,21.00679432132182,2.7655249281253536,4.27089831401671
0.8291457286432161,3.0116326530612243,21.02826939853946,2.9563650145551374,4.305480092561889
0.8341708542713567,3.0116326530612243,21.050414889537272,3.1471301833784056,4.551621187559539
0.8391959798994975,3.0116326530612243,21.074610511710063,3.337644964626942,5.162888052395177
0.8442211055276382,3.0116326530612243,21.10373138498612,3.5274589659676785,6.677650849241314
0.8492462311557789,3.0116326530612243,21.148448081425638,3.7140068478521973,13.147333047135925
0.8542713567839196,3.0116326530612243,21.2693411046233,3.710668174749369,18.304179713642455
0.8592964824120602,3.0116326530612243,21.34640543518816,3.5348909965306605,13.828479388927642
0.864321608040201,3.0116326530612243,21.413624484244817,3.354995459870132,13.135335911664527
0.8693467336683417,3.0116326530612243,21.47963126882247,3.174650340711364,13.207247693172748
0.8743718592964824,3.0116326530612243,21.546853649863348,2.9947534642073594,13.58193604370216
0.8793969849246231,3.0116326530612243,21.61640148803122,2.8157433430873935,14.11930558376642
0.8844221105527639,3.0116326530612243,21.688936067322736,2.6379232549293947,14.765029635667878
0.8894472361809045,3.0116326530612243,21.764936103077634,2.4615572881277696,15.496147024119566
0.8944723618090452,3.0116326530612243,21.844803317417178,2.2869094348042887,16.30333707508486
0.8994974874371859,3.0116326530612243,21.92891256131197,2.1142655276245526,17.18457580145781
0.9045226130653267,3.0116326530612243,22.01764140797108,1.9439509914171564,18.14281602900345
0.9095477386934674,3.0116326530612243,22.111394191457205,1.776351124470241,19.185851664953496
0.914572864321608,3.0116326530612243,22.210628706526588,1.6119398335458697,20.32742657711953
0.9195979899497487,3.0116326530612243,22.315890707488286,1.451324072358562,21.58913821753817
0.9246231155778895,3.0116326530612243,22.42785777091326,1.2953134629171552,23.002022635366803
0.9296482412060302,3.0116326530612243,22.547386261901735,1.145025737336569,24.605616468568755
0.9346733668341709,3.0116326530612243,22.67553723786092,1.002033244958828,26.43935606405435
0.9396984924623115,3.0116326530612243,22.813522441491184,0.8685284209055429,28.517994241306873
0.9447236180904522,3.0116326530612243,22.962473083026268,0.7474138594963267,30.78471242431106
0.949748743718593,3.0116326530612243,23.122934747267717,0.6420663037628351,33.056884092760974
0.9547738693467337,3.0116326530612243,23.294221908630927,0.5554514939149432,35.0429253262913
0.9597989949748744,3.0116326530612243,23.474229430702056,0.48879883594825724,36.50194660067896
0.964824120603015,3.0116326530612243,23.660122545391175,0.4408471075649817,37.39790008876818
0.9698492462311558,3.0116326530612243,23.849375978169206,0.4084515755616347,37.86925741671963
0.9748743718592965,3.0116326530612243,24.040299764860453,0.38791009099454166,38.08842819843972
0.9798994974874372,3.0116326530612243,24.231963409587255,0.3759446840145041,38.17933560868474
0.9849246231155779,3.0116326530612243,24.423915433099225,0.37005478525912583,38.21115456082714
0.9899497487437185,3.0116326530612243,24.615954154882004,0.36848492994402104,38.217458498028265
0.9949748743718593,3.0116326530612243,24.80799420847172,0.37006539416571554,38.2131685356811
1.0,3.0116326530612243,25.0,0.37405077610950627,38.20496065593954
0.0,3.012857142857143,0.0,1.0,17.01403596837237
0.005025125628140704,3.012857142857143,0.09500578942555428,0.833119549529476,20.94152290501812
0.010050251256281407,3.012857142857143,0.2118458828350283,0.6808328156017278,25.674929452361418
0.01507537688442211,3.012857142857143,0.3535331993068705,0.551503286275861,30.66742886420283
0.020100502512562814,3.012857142857143,0.5183587197021555,0.4534133714938199,34.661628833071575
0.02512562814070352,3.012857142857143,0.6988436908246081,0.3881855657779851,36.88844769268453
0.03015075376884422,3.012857142857143,0.886894322027324,0.3492751532113683,37.804086310698
0.035175879396984924,3.012857142857143,1.0777954490950403,0.327838613857654,38.11607271971166
0.04020100502512563,3.012857142857143,1.2696177033701692,0.31701716914901584,38.20974354538067
0.04522613065326633,3.012857142857143,1.4617004079627247,0.3124719647957157,38.23323249092564
0.05025125628140704,3.012857142857143,1.653838318996597,0.3116584782522683,38.23599830652697
0.05527638190954774,3.012857142857143,1.8459734327329398,0.31312401041985405,38.23340245450803
0.06030150753768844,3.012857142857143,2.038092236404127,0.3160481918180621,38.229859999762674
0.06532663316582915,3.012857142857143,2.2301933561486442,0.3199724115601723,38.226426132065185
0.07035175879396985,3.012857142857143,2.4222777524341437,0.3246465290492805,38.223186187728516
0.07537688442211055,3.012857142857143,2.614346029659492,0.32994271326443586,38.21997479174886
0.08040201005025126,3.012857142857143,2.806397791949564,0.3358076072061463,38.216574458714796
0.08542713567839195,3.012857142857143,2.998431515822004,0.3422360623065729,38.21275473051584
0.09045226130653267,3.012857142857143,3.190444472768176,0.34925733277993665,38.208261133499256
0.09547738693467336,3.012857142857143,3.3824325322541045,0.3569289416008088,38.20278502917691
0.10050251256281408,3.012857142857143,3.574389786702961,0.3653354976703389,38.19592056215163
0.10552763819095477,3.012857142857143,3.766307924297293,0.3745913705405834,38.187099828315674
0.11055276381909548,3.012857142857143,3.958175161933598,0.3848471193739949,38.1754902436426
0.11557788944723618,3.012857142857143,4.1499745212781995,0.3963004094299566,38.15982240813734
0.12060301507537688,3.012857142857143,4.341680965615448,0.4092131864518085,38.13808677442064
0.12562814070351758,3.012857142857143,4.53325635433248,0.42393895591416497,38.106922765655504
0.1306532663316583,3.012857142857143,4.724640468617336,0.44096480522067394,38.060739610016576
0.135678391959799,3.012857142857143,4.915734511039118,0.4609751407860051,37.98921025934402
0.1407035175879397,3.012857142857143,5.106366845988111,0.48497168538480795,37.872503613841324
0.1457286432160804,3.012857142857143,5.296222967468154,0.5144576203564556,37.670879185418066
0.1507537688442211,3.012857142857143,5.484686561977303,0.5517697933013008,37.29735880244025
0.15577889447236182,3.012857142857143,5.6704647870408404,0.6006292509016588,36.553817420577985
0.16080402010050251,3.012857142857143,5.850709638480781,0.6668702370218572,34.988144144696335
0.1658291457286432,3.012857142857143,6.019320740776072,0.7584881746206833,31.758954765508776
0.1708542713567839,3.012857142857143,6.166031717376896,0.8819452397502331,26.297559915378965
0.17587939698492464,3.012857142857143,6.282044810988155,1.0346619662054357,19.926376953057897
0.18090452261306533,3.012857142857143,6.368298683655939,1.206142431702751,14.680507482893761
0.18592964824120603,3.012857142857143,6.432352300274466,1.387207114316374,11.05899090077305
0.19095477386934673,3.012857142857143,6.4814995067998264,1.5729219933233496,8.666303348728565
0.19597989949748743,3.012857142857143,6.520779184359381,1.7609907451252453,7.07159567085673
0.20100502512562815,3.012857142857143,6.553422443616437,1.9503322158783516,5.988112828878608
0.20603015075376885,3.012857142857143,6.581527126434258,2.140403887778468,5.243764406437451
0.21105527638190955,3.012857142857143,6.606518956576247,2.330911501614842,4.736928525615996
0.21608040201005024,3.012857142857143,6.629435285369935,2.521680721842125,4.4105896734937
0.22110552763819097,3.012857142857143,6.65110102723248,2.712596382000233,4.23677173544017
0.22613065326633167,3.012857142857143,6.672268593056033,2.9035673416441248,4.214305579212903
0.23115577889447236,3.012857142857143,6.693758342308002,3.0945026227815045,4.3744357208519515
0.23618090452261306,3.012857142857143,6.716699914459148,3.2852681913129516,4.819436857511996
0.24120603015075376,3.012857142857143,6.74316706794628,3.4755717217937345,5.870118492167925
0.24623115577889448,3.012857142857143,6.7789873456319185,3.66428691750176,9.128638458511976
0.25125628140703515,3.012857142857143,6.878775635510073,3.786836702744128,27.938513005800687
0.2562814070351759,3.012857142857143,6.96963290847521,3.618723889157314,14.50596283585787
0.2613065326633166,3.012857142857143,7.038284953263834,3.4392774027775217,13.180964128521737
0.2663316582914573,3.012857142857143,7.103978904976301,3.2587165573191776,13.065554684041997
0.271356783919598,3.012857142857143,7.170250733496562,3.078366861883942,13.354118902803602
0.27638190954773867,3.012857142857143,7.2385145631632115,2.8987624279063082,13.839449829736324
0.2814070351758794,3.012857142857143,7.309542471850469,2.720233912303934,14.446598141310703
0.2864321608040201,3.012857142857143,7.383857615897713,2.54304938429403,15.14450247802255
0.2914572864321608,3.012857142857143,7.461878148400845,2.3674658198998726,15.920065253422061
0.2964824120603015,3.012857142857143,7.543981001369791,2.1937546365172214,16.76905810285933
0.3015075376884422,3.012857142857143,7.630536077080023,2.0222195764818003,17.692618372269692
0.3065326633165829,3.012857142857143,7.721930468397045,1.8532147413627056,18.696458623594687
0.31155778894472363,3.012857142857143,7.818592623602429,1.687168486797861,19.791527648848763
0.3165829145728643,3.012857142857143,7.921022588708127,1.5246195765502804,20.995702173656277
0.32160804020100503,3.012857142857143,8.029831713241153,1.3662740045368116,22.33570345538992
0.32663316582914576,3.012857142857143,8.145789930986446,1.2130929676235815,23.847784666747444
0.3316582914572864,3.012857142857143,8.269866380616955,1.0664212823688581,25.573552503791188
0.33668341708542715,3.012857142857143,8.403222400766076,0.9281509406587769,27.54365975176459
0.3417085427135678,3.012857142857143,8.547075486372233,0.8008663739901913,29.741850421681857
0.34673366834170855,3.012857142857143,8.70232314301076,0.6877998636850482,32.04742817562996
0.35175879396984927,3.012857142857143,8.868914879051372,0.5922714334944622,34.20566004972237
0.35678391959798994,3.012857142857143,9.04535747643624,0.5164674056951395,35.92695644031681
0.36180904522613067,3.012857142857143,9.22901049069752,0.46027216653290337,37.07157109703075
0.36683417085427134,3.012857142857143,9.417090806231313,0.4212413398919618,37.714572528562734
0.37185929648241206,3.012857142857143,9.607504332040248,0.39575654768538954,38.02956681950898
0.3768844221105528,3.012857142857143,9.799004360967203,0.38025901748174606,38.16723142332853
0.38190954773869346,3.012857142857143,9.990955301627823,0.37187711690330894,38.220008247489204
0.3869346733668342,3.012857142857143,10.18306382054913,0.3685299233883009,38.23518777597308
0.39195979899497485,3.012857142857143,10.375203346045867,0.36880130160373564,38.23456124066392
0.3969849246231156,3.012857142857143,10.567320772989873,0.3717701204604575,38.22740707716336
0.4020100502512563,3.012857142857143,10.759393791746758,0.37686640125303617,38.21725864251603
0.40703517587939697,3.012857142857143,10.95141059453487,0.38376837100382677,38.205051801588915
0.4120603015075377,3.012857142857143,11.14336036529726,0.3923356081575264,38.1904432293266
0.41708542713567837,3.012857142857143,11.335228404022756,0.4025710767385215,38.17224129187143
0.4221105527638191,3.012857142857143,11.526991815789708,0.41460639718118786,38.14835401528952
0.4271356783919598,3.012857142857143,11.718614085674112,0.428707807267036,38.1153199542319
0.4321608040201005,3.012857142857143,11.9100358064157,0.4453050611779039,38.06723221014185
0.4371859296482412,3.012857142857143,12.101157216131508,0.46505144445325364,37.9934405360447
0.44221105527638194,3.012857142857143,12.29180383405829,0.4889333927396167,37.87352504250989
0.4472361809045226,3.012857142857143,12.481652954624886,0.5184626554423027,37.66640775565506
0.45226130653266333,3.012857142857143,12.670070246245968,0.5560045426071712,37.28198757540763
0.457286432160804,3.012857142857143,12.855720791112518,0.6053404508893823,36.51533999555034
0.4623115577889447,3.012857142857143,13.035662313657122,0.6723897331006874,34.89975802835816
0.46733668341708545,3.012857142857143,13.203629574633156,0.7651691873950014,31.58587100817962
0.4723618090452261,3.012857142857143,13.349277058717105,0.8898765461802923,26.058143833059717
0.47738693467336685,3.012857142857143,13.464117553868157,1.0434862389370445,19.71349179403915
0.4824120603015075,3.012857142857143,13.549484020168315,1.2154174487372358,14.54064604377165
0.48743718592964824,3.012857142857143,13.612995411787134,1.3966762038931253,10.979276913330803
0.49246231155778897,3.012857142857143,13.661845861643377,1.5824706168078089,8.625134598853306
0.49748743718592964,3.012857142857143,13.700983377393317,1.7705695299007336,7.054542610448265
0.5025125628140703,3.012857142857143,13.733583361872558,1.959918691064175,5.987013827269691
0.507537688442211,3.012857142857143,13.761713256929593,2.149986735177392,5.2544145443905315
0.5125628140703518,3.012857142857143,13.78678380133982,2.3404840206415876,4.757516944421474
0.5175879396984925,3.012857142857143,13.809827981954765,2.5312377841791296,4.441031289518972
0.5226130653266332,3.012857142857143,13.83167516881094,2.722132612532426,4.279030136912399
0.5276381909547738,3.012857142857143,13.853093549856634,2.9130742375536625,4.273018115312043
0.5326633165829145,3.012857142857143,13.87493941914249,3.1039686257586263,4.460023464961853
0.5376884422110553,3.012857142857143,13.898426829462691,3.294667289461389,4.957734166292255
0.542713567839196,3.012857142857143,13.925878094297971,3.484829505920533,6.150356789424164
0.5477386934673367,3.012857142857143,13.964376315270354,3.6729866167467504,10.18377366679401
0.5527638190954773,3.012857142857143,14.074686890561999,3.7528447412912516,22.756690257966305
0.5577889447236181,3.012857142857143,14.159133257716348,3.580721585694879,14.260631743547094
0.5628140703517588,3.012857142857143,14.22736080276151,3.4011096508705183,13.191553469542425
0.5678391959798995,3.012857142857143,14.293314235077641,3.2206443395620017,13.14713638579383
0.5728643216080402,3.012857142857143,14.360085144139077,3.0404791516250005,13.4679447888589
0.5778894472361809,3.012857142857143,14.42897424878729,2.8611138161260308,13.973289401903017
0.5829145728643216,3.012857142857143,14.500714720775717,2.6828705888618307,14.59592230425662
0.5879396984924623,3.012857142857143,14.575815388058329,2.506017716975511,15.307688961032165
0.592964824120603,3.012857142857143,14.654690097685492,2.3308163535447215,16.096867531155656
0.5979899497487438,3.012857142857143,14.737716600433137,2.157544924219097,16.960010050711972
0.6030150753768844,3.012857142857143,14.825269201511142,1.9865170965453003,17.89894689052115
0.6080402010050251,3.012857142857143,14.917743172462156,1.818100872379444,18.920229289071752
0.6130653266331658,3.012857142857143,15.0155802079941,1.6527446105888584,20.036020274624356
0.6180904522613065,3.012857142857143,15.119300734167004,1.4910168298717943,21.26583602275673
0.6231155778894473,3.012857142857143,15.229545751634417,1.3336686831904916,22.638386049342934
0.628140703517588,3.012857142857143,15.347124606707323,1.1817298562315801,24.1916376304764
0.6331658291457286,3.012857142857143,15.47305031524763,1.036645766907538,25.966817405452286
0.6381909547738693,3.012857142857143,15.608513541700122,0.9004441234296439,27.988426277614934
0.6432160804020101,3.012857142857143,15.754705754608626,0.7758605223003671,30.223356593938064
0.6482412060301508,3.012857142857143,15.912383248902852,0.6662165555445129,32.5227276277098
0.6532663316582915,3.012857142857143,16.081214413341787,0.5747082944671036,34.61096113805738
0.6582914572864321,3.012857142857143,16.259410043045246,0.5031142668337908,36.21509920517472
0.6633165829145728,3.012857142857143,16.444207302107127,0.4507818851894318,37.24259187116036
0.6683417085427136,3.012857142857143,16.632920516898213,0.4149045622430485,37.80194424230263
0.6733668341708543,3.012857142857143,16.82364035929348,0.39179096639270156,38.06918907093857
0.678391959798995,3.012857142857143,17.015272826181686,0.37799636259292635,38.18322223597723
0.6834170854271356,3.012857142857143,17.207273685711392,0.3708179573313834,38.22530642512941
0.6884422110552764,3.012857142857143,17.399395879045493,0.3683279601707413,38.2359293292923
0.6934673366834171,3.012857142857143,17.591533985296397,0.3692277648874024,38.233426488674475
0.6984924623115578,3.012857142857143,17.783643566198666,0.37268052102469934,38.22546768407646
0.7035175879396985,3.012857142857143,17.975705707879825,0.37817546503578836,38.2148660136553
0.7085427135678392,3.012857142857143,18.16770945685099,0.38543333211292646,38.20221350331348
0.7135678391959799,3.012857142857143,18.35964360049689,0.39434612949166487,38.18697329213828
0.7185929648241206,3.012857142857143,18.551491986480535,0.4049443278692527,38.16778692342958
0.7236180904522613,3.012857142857143,18.743229519122337,0.4173865815522169,38.14232849791213
0.7286432160804021,3.012857142857143,18.934815729207855,0.431970205107171,38.10673324366712
0.7336683417085427,3.012857142857143,19.126184572177134,0.4491656843146209,38.054343538339374
0.7386934673366834,3.012857142857143,19.317224404676075,0.469684945228768,37.973066841437294
0.7437185929648241,3.012857142857143,19.507737434987696,0.49460599910273295,37.83928785624953
0.7487437185929648,3.012857142857143,19.69735404457631,0.5255848292424623,37.604806266887294
0.7537688442211056,3.012857142857143,19.885336430623543,0.5652299736992799,37.16309153817213
0.7587939698492462,3.012857142857143,20.070112313007137,0.6177130159287072,36.26878686073351
0.7638190954773869,3.012857142857143,20.24820683834797,0.6894648344786931,34.37856730692656
0.7688442211055276,3.012857142857143,20.412432305975607,0.7886463443223757,30.599056234304026
0.7738693467336684,3.012857142857143,20.55204925996613,0.9200562346063501,24.711769196958915
0.7788944723618091,3.012857142857143,20.660248457504306,1.0784554376018383,18.491265321256066
0.7839195979899497,3.012857142857143,20.740339015774037,1.252938819200238,13.667682764120224
0.7889447236180904,3.012857142857143,20.800248406751138,1.4354338945428882,10.400806811707916
0.7939698492462312,3.012857142857143,20.846718619122964,1.621843492362258,8.241936180743709
0.7989949748743719,3.012857142857143,20.88426498802476,1.8102687487891553,6.795831693134191
0.8040201005025126,3.012857142857143,20.91578175047314,1.9998022003226132,5.809651575245341
0.8090452261306532,3.012857142857143,20.943168273882563,2.1899792051957907,5.132773874567637
0.8140703517587939,3.012857142857143,20.96773659401641,2.3805420697709017,4.677468561599842
0.8190954773869347,3.012857142857143,20.99046476449861,2.5713337406303998,4.394690380956992
0.8241206030150754,3.012857142857143,21.012157886582987,2.762245907056734,4.264439527619243
0.8291457286432161,3.012857142857143,21.033588871845332,2.95318554496773,4.294074060526011
0.8341708542713567,3.012857142857143,21.055659105321126,3.144053790732448,4.532345852644184
0.8391959798994975,3.012857142857143,21.079723113672955,3.3346798312736623,5.1276023506489485
0.8442211055276382,3.012857142857143,21.10857191108516,3.5246309979357178,6.5940282756861235
0.8492462311557789,3.012857142857143,21.15227357374612,3.711543200487251,12.632809091876043
0.8542713567839196,3.012857142857143,21.272239790455302,3.718726519069739,18.660734655965264
0.8592964824120602,3.012857142857143,21.349947436301438,3.543148993417055,13.86540627594104
0.864321608040201,3.012857142857143,21.417233754335697,3.3631788030645438,13.133793913448217
0.8693467336683417,3.012857142857143,21.48319692108415,3.182718035321846,13.19327524030071
0.8743718592964824,3.012857142857143,21.550332830760706,3.0026888234013427,13.562080360144911
0.8793969849246231,3.012857142857143,21.619771115202617,2.8235355873165635,14.09578861481916
0.8844221105527639,3.012857142857143,21.692180321849655,2.6455631561842843,14.738736108605094
0.8894472361809045,3.012857142857143,21.768042001389407,2.4690355493635434,15.467404607486582
0.8944723618090452,3.012857142857143,21.847758814727527,2.2942159089285123,16.272216603732886
0.8994974874371859,3.012857142857143,21.931705534261646,2.1213886340908994,17.15098550860724
0.9045226130653267,3.012857142857143,22.02025892267732,1.9508770931552402,18.106522069427413
0.9095477386934674,3.012857142857143,22.113821740510556,1.783063678832578,19.146455807315448
0.914572864321608,3.012857142857143,22.212849251981833,1.6184181000388362,20.284312607093533
0.9195979899497487,3.012857142857143,22.317883438041346,1.4575411333790769,21.5414124892935
0.9246231155778895,3.012857142857143,22.429596730313317,1.3012332161818225,22.94853911069024
0.9296482412060302,3.012857142857143,22.548839417412868,1.1505986516391116,24.545166396457955
0.9346733668341709,3.012857142857143,22.676667502040875,1.0071912090088169,26.37129607333262
0.9396984924623115,3.012857142857143,22.814293544183254,0.8731808088986607,28.443556637462247
0.9447236180904522,3.012857142857143,22.962863881969213,0.7514508380758804,30.709052105816063
0.949748743718593,3.012857142857143,23.12296204488479,0.6453808765324083,32.989809128846254
0.9547738693467337,3.012857142857143,23.293956933590675,0.5579847420859292,34.99511778337528
0.9597989949748744,3.012857142857143,23.473783589540098,0.4905809274158841,36.47770684650864
0.964824120603015,3.012857142857143,23.659606876317362,0.44199226135953595,37.39320842603663
0.9698492462311558,3.012857142857143,23.848870487760653,0.4091096477583789,37.87682341401884
0.9748743718592965,3.012857142857143,24.039850239829722,0.38821987171276495,38.10237019829273
0.9798994974874372,3.012857142857143,24.23159235929098,0.3760133545498487,38.19622422633135
0.9849246231155779,3.012857142857143,24.423632877214583,0.3699570329280056,38.229305599078984
0.9899497487437185,3.012857142857143,24.61576427757944,0.3682696837320447,38.236127982800355
0.9949748743718593,3.012857142857143,24.807898838277715,0.3697631311441188,38.23205454346449
1.0,3.012857142857143,25.0,0.3736794932819858,38.223908487460754
0.0,3.014081632653061,0.0,1.0,17.014042193327658
0.005025125628140704,3.014081632653061,0.0950130249922865,0.8330158273182023,20.94473395620116
0.010050251256281407,3.014081632653061,0.2118821663147356,0.680633522655088,25.683695662728415
0.01507537688442211,3.014081632653061,0.35363132188428054,0.551233590911963,30.683260755040706
0.020100502512562814,3.014081632653061,0.5185499044680403,0.45311810781345274,34.68210607201534
0.02512562814070352,3.014081632653061,0.6991403953694997,0.38790721782599413,36.9094562475835
0.03015075376884422,3.014081632653061,0.8872942184574155,0.34903254747388446,37.82410771696167
0.035175879396984924,3.014081632653061,1.07829380402259,0.32763161929445106,38.13531445350899
0.04020100502512563,3.014081632653061,1.2702116622349506,0.31683853286333624,38.22860520922497
0.04522613065326633,3.014081632653061,1.4623887144003411,0.31231372043465444,38.25194542861205
0.05025125628140704,3.014081632653061,1.6546205021159646,0.3115140315877563,38.25466299886327
0.05527638190954774,3.014081632653061,1.8468493923952756,0.31298843874515764,38.25205774319806
0.06030150753768844,3.014081632653061,2.0390619472345763,0.31591797855182646,38.248519217168905
0.06532663316582915,3.014081632653061,2.2312568498083176,0.31984509547781514,38.245092607662585
0.07035175879396985,3.014081632653061,2.4234350673808054,0.32452038415372053,38.241860366422
0.07537688442211055,3.014081632653061,2.6155972029922037,0.32981651578072857,38.23865622325414
0.08040201005025126,3.014081632653061,2.8077428589374613,0.3356804699511396,38.23526271400119
0.08542713567839195,3.014081632653061,2.999870512156179,0.34210731989905996,38.23144968766908
0.09045226130653267,3.014081632653061,3.1919774310263422,0.34912646322181373,38.22696305271341
0.09547738693467336,3.014081632653061,3.384059485769486,0.356795515625637,38.22149458277663
0.10050251256281408,3.014081632653061,3.576110782579848,0.3651991460963665,38.214638873693545
0.10552763819095477,3.014081632653061,3.768123011307665,0.37445176418498405,38.20582853925842
0.11055276381909548,3.014081632653061,3.960084387752777,0.38470396064722984,38.19423161444065
0.11557788944723618,3.014081632653061,4.151977965669247,0.3961534380995049,38.17857945716706
0.12060301507537688,3.014081632653061,4.343778718030353,0.40906219879513306,38.15686366875624
0.12562814070351758,3.014081632653061,4.535448511346515,0.42378390449688697,38.1257237285024
0.1306532663316583,3.014081632653061,4.726927178966832,0.4408057206620774,38.079571408138335
0.135678391959799,3.014081632653061,4.918115931337509,0.4608125082245089,38.008071688164804
0.1407035175879397,3.014081632653061,5.108843101508255,0.48480686417645136,37.89138473803108
0.1457286432160804,3.014081632653061,5.2987940725135205,0.5142933388104701,37.68973586195587
0.1507537688442211,3.014081632653061,5.4873519744570105,0.5516121213933549,37.31597460890247
0.15577889447236182,3.014081632653061,5.67322207931847,0.6004907455532846,36.57162948021333
0.16080402010050251,3.014081632653061,5.853550056112741,0.6667766217934931,35.00279232002301
0.1658291457286432,3.014081632653061,6.02221800658047,0.7584846231513874,31.765355796831145
0.1708542713567839,3.014081632653061,6.168931191529712,0.8820828762020474,26.291294842679708
0.17587939698492464,3.014081632653061,6.284887609711567,1.0349598865788805,19.911329515868363
0.18090452261306533,3.014081632653061,6.371060902768914,1.2065860220996911,14.664325330103711
0.18592964824120603,3.014081632653061,6.4350379514601155,1.3877774496841937,11.04492481382966
0.19095477386934673,3.014081632653061,6.484119944582574,1.5736067067712962,8.654484212509415
0.19597989949748743,3.014081632653061,6.52334476433621,1.7617827894242326,7.061559279115023
0.20100502512562815,3.014081632653061,6.555940949500795,1.9512275903307763,5.979352881986187
0.20603015075376885,3.014081632653061,6.584004018095776,2.1414002578457194,5.235893273635323
0.21105527638190955,3.014081632653061,6.608957729242263,2.3320074947865446,4.72960146912152
0.21608040201005024,3.014081632653061,6.631837860650878,2.522875554253342,4.403456349445547
0.22110552763819097,3.014081632653061,6.653467753984398,2.7138896997913564,4.229563787941086
0.22613065326633167,3.014081632653061,6.674598115466463,2.9049592040008725,4.206607132127453
0.23115577889447236,3.014081632653061,6.696046633680401,3.095993526369809,4.365580706736267
0.23618090452261306,3.014081632653061,6.718938185310982,3.28685961033645,4.808033345975902
0.24120603015075376,3.014081632653061,6.745334224575461,3.4772678174715415,5.851997040532739
0.24623115577889448,3.014081632653061,6.781008559747825,3.666107285257428,9.07842699753795
0.25125628140703515,3.014081632653061,6.880182816813487,3.7905553340078626,28.253067250749194
0.2562814070351759,3.014081632653061,6.97135706059013,3.622563117462329,14.511702063268407
0.2613065326633166,3.014081632653061,7.040004244172575,3.4430144924274733,13.176313509253918
0.2663316582914573,3.014081632653061,7.1056679416824275,3.2623428170105724,13.05859635621977
0.271356783919598,3.014081632653061,7.17190235673324,3.0818794399519893,13.346276051668463
0.27638190954773867,3.014081632653061,7.240125389672799,2.9021591440527184,13.831076693723254
0.2814070351758794,3.014081632653061,7.311110048557089,2.7235124599624845,14.437761223824898
0.2864321608040201,3.014081632653061,7.385379619666081,2.54620709364916,15.135194980511923
0.2914572864321608,3.014081632653061,7.463352102592524,2.3704995296085642,15.910240234389239
0.2964824120603015,3.014081632653061,7.545404153449766,2.1966605822233567,16.75865145824427
0.3015075376884422,3.014081632653061,7.631905293110355,2.0249932384484284,17.681542390243408
0.3065326633165829,3.014081632653061,7.723242095991096,1.8558506200676277,18.684591605636236
0.31155778894472363,3.014081632653061,7.8198422939292245,1.6896597573166752,19.778703208164835
0.3165829145728643,3.014081632653061,7.922204967569872,1.5269575657188996,20.981704525203916
0.32160804020100503,3.014081632653061,8.030940253575231,1.3684474282154104,22.320272952139874
0.32663316582914576,3.014081632653061,8.146816814511764,1.2150869029875686,23.83069162505672
0.3316582914572864,3.014081632653061,8.270803066970078,1.068216006533153,25.554779916896994
0.33668341708542715,3.014081632653061,8.404061559766392,0.9297212197118083,27.52378764130462
0.3417085427135678,3.014081632653061,8.54781522175919,0.802182689103497,29.722578373097676
0.34673366834170855,3.014081632653061,8.702973933792412,0.6888348669897367,32.031948767017106
0.35175879396984927,3.014081632653061,8.869505090620622,0.5930128765369752,34.197593555234135
0.35678391959798994,3.014081632653061,9.045930379204647,0.5169323978596881,35.9281643794672
0.36180904522613067,3.014081632653061,9.229610558289655,0.46050747133569303,37.08074522192295
0.36683417085427134,3.014081632653061,9.417750977488156,0.4213068766787028,37.72882940216967
0.37185929648241206,3.014081632653061,9.608243486566664,0.3957069793083273,38.046419277815104
0.3768844221105528,3.014081632653061,9.799831504949488,0.3801351768176749,38.18523216551937
0.38190954773869346,3.014081632653061,9.99187424320133,0.37170599466292364,38.238468795732466
0.3869346733668342,3.014081632653061,10.184076051955206,0.36832796887094726,38.25382314246458
0.39195979899497485,3.014081632653061,10.37630926402393,0.36857787140913756,38.2532655992761
0.3969849246231156,3.014081632653061,10.568521008697893,0.37153000407264464,38.24614686699036
0.4020100502512563,3.014081632653061,10.760688254926244,0.3766115308836473,38.23602849465909
0.40703517587939697,3.014081632653061,10.95279943653247,0.3834987879277136,38.22385903165452
0.4120603015075377,3.014081632653061,11.144843813629468,0.3920500133215382,38.20930192979402
0.41708542713567837,3.014081632653061,11.336806764127482,0.4022670712001082,38.19117243322144
0.4221105527638191,3.014081632653061,11.528665557196742,0.4142804742134413,38.16739187497112
0.4271356783919598,3.014081632653061,11.720383871185968,0.428355136300052,38.13452030731856
0.4321608040201005,3.014081632653061,11.911902658502118,0.4449190440244403,38.086687069779906
0.4371859296482412,3.014081632653061,12.103122796256024,0.4646229874289837,38.01331063816557
0.44221105527638194,3.014081632653061,12.29387089916993,0.4884497047052623,37.89412334086021
0.4472361809045226,3.014081632653061,12.483826565659687,0.5179047593895263,37.68835000103067
0.45226130653266333,3.014081632653061,12.672359967380673,0.5553446488368623,37.30655822723431
0.457286432160804,3.014081632653061,12.858146052490211,0.6045369960820517,36.54535411170418
0.4623115577889447,3.014081632653061,13.038262526327257,0.6713873113166657,34.94032804778594
0.46733668341708545,3.014081632653061,13.206474912113665,0.7639186461734511,31.642645682644467
0.4723618090452261,3.014081632653061,13.352439665892488,0.888398559308683,26.124010737032325
0.47738693467336685,3.014081632653061,13.467586366532599,1.0418935054451637,19.766434158757843
0.4824120603015075,3.014081632653061,13.553168886912609,1.2138203759423567,14.573896957058677
0.48743718592964824,3.014081632653061,13.616807894574322,1.3951331294693283,10.997962371053797
0.49246231155778897,3.014081632653061,13.665727706763114,1.5810060692420838,8.634940034859612
0.49748743718592964,3.014081632653061,13.704899719097117,1.769193544289403,7.05899769200064
0.5025125628140703,3.014081632653061,13.73751293460117,1.9586355910025859,5.988102425198285
0.507537688442211,3.014081632653061,13.765642180247779,2.148798558030138,5.253187727918547
0.5125628140703518,3.014081632653061,13.790701852096223,2.339391891558954,4.754484265665442
0.5175879396984925,3.014081632653061,13.813726514763724,2.5302424960454863,4.436296354593988
0.5226130653266332,3.014081632653061,13.835545367680314,2.7212349827102136,4.272433686332237
0.5276381909547738,3.014081632653061,13.856924731918289,2.912275847967518,4.263899730291353
0.5326633165829145,3.014081632653061,13.878715576879365,3.103270929457986,4.4468893821851125
0.5376884422110553,3.014081632653061,13.902120047515908,3.2940743592390325,4.937065700030489
0.542713567839196,3.014081632653061,13.929422560529469,3.4843530518160133,6.108039343434117
0.5477386934673367,3.014081632653061,13.967509512335775,3.6726947939819317,10.017778778515874
0.5527638190954773,3.014081632653061,14.076596822012752,3.7585891735418677,23.275065961846437
0.5577889447236181,3.014081632653061,14.161748582454859,3.5867629929710074,14.290490060993516
0.5628140703517588,3.014081632653061,14.23002855591737,3.4070710467119034,13.190433137180994
0.5678391959798995,3.014081632653061,14.295951278078844,3.226494601840603,13.137415561416061
0.5728643216080402,3.014081632653061,14.362662996812938,3.0462074985982572,13.454495451356708
0.5778894472361809,3.014081632653061,14.431478575146345,2.8667134408839035,13.957622398796651
0.5829145728643216,3.014081632653061,14.503135978395095,2.6883356738560575,14.57858127744956
0.5879396984924623,3.014081632653061,14.578145784695247,2.5113423243637567,15.288880002794587
0.592964824120603,3.014081632653061,14.656922355886232,2.335993933238344,16.0766143087809
0.5979899497487438,3.014081632653061,14.73984333827488,2.1625679535687388,16.938248051045857
0.6030150753768844,3.014081632653061,14.827282500782502,1.991376711181627,17.875528457301403
0.6080402010050251,3.014081632653061,14.919634145192193,1.8227863486059694,18.894912370575664
0.6130653266331658,3.014081632653061,15.017338438201408,1.6572426041025787,20.008432194598676
0.6180904522613065,3.014081632653061,15.120913565726966,1.4953101930051163,21.235452145047667
0.6231155778894473,3.014081632653061,15.230997485423266,1.3377346948641904,22.604528408995822
0.628140703517588,3.014081632653061,15.348395942261295,1.1855377086080217,24.15358473407204
0.6331658291457286,3.014081632653061,15.474118891069251,1.0401534698258397,25.924163748150168
0.6381909547738693,3.014081632653061,15.609357293005452,0.9035959725494108,27.94186249459092
0.6432160804020101,3.014081632653061,15.755311303543007,0.7785884016638712,30.175884419448668
0.6482412060301508,3.014081632653061,15.912760191419173,0.6684520303368204,32.480473850848924
0.6532663316582915,3.014081632653061,16.08140780828902,0.5764101333467677,34.58124878830469
0.6582914572864321,3.014081632653061,16.25949484252992,0.5042978222061804,36.2017130832104
0.6633165829145728,3.014081632653061,16.444262478720685,0.4515215484666898,37.243462230626776
0.6683417085427136,3.014081632653061,16.633005439142334,0.4153036628390292,37.812060592979705
0.6733668341708543,3.014081632653061,16.823789880306144,0.39194785192100756,38.084195723075204
0.678391959798995,3.014081632653061,17.01550418040264,0.37798767502205116,38.200491351550134
0.6834170854271356,3.014081632653061,17.207594619582338,0.37069695544134235,38.24354040074182
0.6884422110552764,3.014081632653061,17.399809566405004,0.3681292022608587,38.25455562657936
0.6934673366834171,3.014081632653061,17.592041442887783,0.36897252629935046,38.25221323444835
0.6984924623115578,3.014081632653061,17.784245971089337,0.37238110624045356,38.24433146917719
0.7035175879396985,3.014081632653061,17.97640303411476,0.3778381362229686,38.23378697977539
0.7085427135678392,3.014081632653061,18.168501988733702,0.3850601647917479,38.221200864037215
0.7135678391959799,3.014081632653061,18.360531707015276,0.39393604876756677,38.20605429131067
0.7185929648241206,3.014081632653061,18.55247633834484,0.4044935568949388,38.18700747249773
0.7236180904522613,3.014081632653061,18.744310891908952,0.4168885827529019,38.16176242196413
0.7286432160804021,3.014081632653061,18.935995555684254,0.43141518769719966,38.126502550364464
0.7336683417085427,3.014081632653061,19.127465033431665,0.44853948632161983,38.07466003353595
0.7386934673366834,3.014081632653061,19.318609068485625,0.4689670555592699,37.99431857532811
0.7437185929648241,3.014081632653061,19.509232736654766,0.49376616365580406,37.86223297606116
0.7487437185929648,3.014081632653061,19.698971920111372,0.5245772771690241,37.63101280462757
0.7537688442211056,3.014081632653061,19.88710073910047,0.5639839196940174,37.19599722737578
0.7587939698492462,3.014081632653061,20.0720735519276,0.616119473526863,36.31609181306198
0.7638190954773869,3.014081632653061,20.250472133022292,0.687371592461326,34.45543282467688
0.7688442211055276,3.014081632653061,20.415194961691547,0.7859140152492593,30.72085639027085
0.7738693467336684,3.014081632653061,20.555503017198657,0.9167225604536346,24.856989836006274
0.7788944723618091,3.014081632653061,20.664383385172265,1.0747631110926208,18.61095315097365
0.7839195979899497,3.014081632653061,20.744972669211688,1.2491168388764515,13.747183843884047
0.7889447236180904,3.014081632653061,20.805200555130888,1.4316045536817836,10.450160458675203
0.7939698492462312,3.014081632653061,20.851867041480205,1.618061334976998,8.27221820185045
0.7989949748743719,3.014081632653061,20.889533473918686,1.8065581138222844,6.814249806469926
0.8040201005025126,3.014081632653061,20.921122031735138,1.9961746482524403,5.820344264298413
0.8090452261306532,3.014081632653061,20.948548018577334,2.1864407234295817,5.138077097955803
0.8140703517587939,3.014081632653061,20.973132222951165,2.377096111561503,4.6786339707799725
0.8190954773869347,3.014081632653061,20.995856890936388,2.5679826493451277,4.392180016024534
0.8241206030150754,3.014081632653061,21.017527944555823,2.7589917481181843,4.258094468902205
0.8291457286432161,3.014081632653061,21.03891537322949,2.9500305163042104,4.282817819391201
0.8341708542713567,3.014081632653061,21.060911470249184,3.1410017760189315,4.513377487440486
0.8391959798994975,3.014081632653061,21.084846494913364,3.3317387116935864,5.093081803456308
0.8442211055276382,3.014081632653061,21.113431084809886,3.521825416150264,6.513427228023164
0.8492462311557789,3.014081632653061,21.156182919255567,3.709076587284525,12.166912316714212
0.8542713567839196,3.014081632653061,21.27509282338119,3.7267631571055824,19.053432639437364
0.8592964824120602,3.014081632653061,21.353491478930383,3.551412447510102,13.904312645584834
0.864321608040201,3.014081632653061,21.420850145799022,3.371369507782613,13.132717908960027
0.8693467336683417,3.014081632653061,21.486771329700304,3.190793407829228,13.179507247087011
0.8743718592964824,3.014081632653061,21.55382152757866,3.0106321489642003,13.54233339518056
0.8793969849246231,3.014081632653061,21.62315076185315,2.8313360738536795,14.072361358657602
0.8844221105527639,3.014081632653061,21.695435022832974,2.6532115732506423,14.712523911814015
0.8894472361809045,3.014081632653061,21.771158760014476,2.476522645201338,15.438745579564827
0.8944723618090452,3.014081632653061,21.850725600072476,2.3015315925153548,16.241183814727
0.8994974874371859,3.014081632653061,21.934510255360202,2.1285214064401745,17.11749144785866
0.9045226130653267,3.014081632653061,22.022888700338036,1.9578134186304932,18.07033877012091
0.9095477386934674,3.014081632653061,22.116262149824177,1.789787152854498,19.10718916421769
0.914572864321608,3.014081632653061,22.21508336601963,1.6249081851212503,20.241350812287322
0.9195979899497487,3.014081632653061,22.31989060157106,1.4637711962326065,21.4938770588879
0.9246231155778895,3.014081632653061,22.43135117281856,1.3071675675494605,22.895284739842396
0.9296482412060302,3.014081632653061,22.550309275048377,1.156188332168644,24.484968326676235
0.9346733668341709,3.014081632653061,22.677815710909037,1.012368824484858,26.303466455321654
0.9396984924623115,3.014081632653061,22.81508346562589,0.8778564532911234,28.369244107649077
0.9447236180904522,3.014081632653061,22.963273297701647,0.7555149323387171,30.633193871217127
0.949748743718593,3.014081632653061,23.12300590256177,0.648725359227796,32.92209301897944
0.9547738693467337,3.014081632653061,23.293704411892946,0.5605475361406764,34.94638053004447
0.9597989949748744,3.014081632653061,23.473345554293516,0.4923887230876512,36.45260644109828
0.964824120603015,3.014081632653061,23.65909534949418,0.4431572964836167,37.38793912399801
0.9698492462311558,3.014081632653061,23.848366961113513,0.40978184623343167,37.884085654195296
0.9748743718592965,3.014081632653061,24.03940165287956,0.38853926705747843,38.116177973835384
0.9798994974874372,3.014081632653061,24.231221788635835,0.37608853531952824,38.21306245679206
0.9849246231155779,3.014081632653061,24.423350652662652,0.369863799137969,38.247443566931324
0.9899497487437185,3.014081632653061,24.61557478944245,0.36805774426611526,38.25479948023445
0.9949748743718593,3.014081632653061,24.80780366610406,0.3694635282652015,38.2509470720953
1.0,3.014081632653061,25.0,0.3733105098720245,38.24290120502699
0.0,3.0153061224489797,0.0,1.0,17.01404871686656
0.005025125628140704,3.0153061224489797,0.09502026256476115,0.8329121014797849,20.94794589103983
0.010050251256281407,3.0153061224489797,0.21191846485532134,0.6804342261766678,25.692467146064434
0.01507537688442211,3.0153061224489797,0.35372950406327663,0.5509639219827936,30.699104850546792
0.020100502512562814,3.0153061224489797,0.5187412139523078,0.45282296054550036,34.702594713044185
0.02512562814070352,3.0153061224489797,0.6994372645870383,0.3876290935940099,36.930468803334726
0.03015075376884422,3.0153061224489797,0.8876942909847896,0.34879022568476037,37.844130069097346
0.035175879396984924,3.0153061224489797,1.0787923397595391,0.3274249166026117,38.15455723288159
0.04020100502512563,3.0153061224489797,1.2708058089684608,0.3166601665964595,38.24746876061791
0.04522613065326633,3.0153061224489797,1.4630772187912346,0.31215571558842786,38.27066086810345
0.05025125628140704,3.0153061224489797,1.6554029073550105,0.3113697924500138,38.273330521764144
0.05527638190954774,3.0153061224489797,1.8477255929888405,0.31285304779806233,38.27071599436962
0.06030150753768844,3.0153061224489797,2.0400319146130603,0.31578792335274686,38.26718140929735
0.06532663316582915,3.0153061224489797,2.23232061556583,0.3197179204822762,38.26376207499767
0.07035175879396985,3.0153061224489797,2.424592669518751,0.32439436713067493,38.26053753083643
0.07537688442211055,3.0153061224489797,2.6168486791048253,0.3296904362625591,38.25734062530815
0.08040201005025126,3.0153061224489797,2.809088244230951,0.3355534433216826,38.253953922893196
0.08542713567839195,3.0153061224489797,3.001309838587785,0.3419786825706109,38.250147583289746
0.09045226130653267,3.0153061224489797,3.193510733865816,0.3489956946333786,38.245667897040626
0.09547738693467336,3.0153061224489797,3.3856868049647435,0.35666218770061897,38.24020704993348
0.10050251256281408,3.0153061224489797,3.577832153393553,0.36506288970595235,38.23336008983747
0.10552763819095477,3.0153061224489797,3.769938480007848,0.37431225018196523,38.22456014907618
0.11055276381909548,3.0153061224489797,3.9619940228527066,0.3845608924073512,38.21297588209172
0.11557788944723618,3.0153061224489797,4.153981829288538,0.3960065539397578,38.19733941222949
0.12060301507537688,3.0153061224489797,4.345876897013564,0.40891129340589794,38.1756435191305
0.12562814070351758,3.0153061224489797,4.537641120505162,0.423628930462261,38.14452784290337
0.1306532663316583,3.0153061224489797,4.729214351959863,0.4406467036640382,38.09840649338825
0.135678391959799,3.0153061224489797,4.920497820124346,0.46064993292964,38.026935412271186
0.1407035175879397,3.0153061224489797,5.111319840694947,0.48464208397653397,37.91026955976591
0.1457286432160804,3.0153061224489797,5.301365689605671,0.5141290742883046,37.70859357781715
0.1507537688442211,3.0153061224489797,5.490017917913874,0.551454440977352,37.33459768004246
0.15577889447236182,3.0153061224489797,5.675979929666951,0.600352174061962,36.58942246372613
0.16080402010050251,3.0153061224489797,5.856391040751546,0.6666829567917081,35.01743853318077
0.1658291457286432,3.0153061224489797,6.025115811131874,0.7584810487030051,31.771786507619115
0.1708542713567839,3.0153061224489797,6.1718311567479525,0.8822204640161129,26.28504274855884
0.17587939698492464,3.0153061224489797,6.287730846334845,1.0352576865709104,19.896258089860726
0.18090452261306533,3.0153061224489797,6.373823620341224,1.2070293690095606,14.648174449082653
0.18592964824120603,3.0153061224489797,6.437724229179766,1.3883474395582873,11.030870188627604
0.19095477386934673,3.0153061224489797,6.486741135741007,1.574291010349837,8.642694037483396
0.19597989949748743,3.0153061224489797,6.525911212737772,1.7625743856936193,7.05154515040289
0.20100502512562815,3.0153061224489797,6.558460425886646,1.9521224903770609,5.9706177705779275
0.20603015075376885,3.0153061224489797,6.586481974872432,2.142396138312461,5.228038610899674
0.21105527638190955,3.0153061224489797,6.611397655623429,2.333102986902347,4.722288263238507
0.21608040201005024,3.0153061224489797,6.634241670962016,2.5240698729797346,4.396345837899148
0.22110552763819097,3.0153061224489797,6.655835805401817,2.715182498339233,4.222377995163113
0.22613065326633167,3.0153061224489797,6.676929051669029,2.9063504679516745,4.1989300927984425
0.23115577889447236,3.0153061224489797,6.698336458482061,3.0974838301304537,4.356752754412612
0.23618090452261306,3.0153061224489797,6.721178157570677,3.2884504046576155,4.79667133104489
0.24120603015075376,3.0153061224489797,6.747503396920872,3.478963220876776,5.833973638857864
0.24623115577889448,3.0153061224489797,6.783032923706209,3.6679265890435735,9.028756404212613
0.25125628140703515,3.0153061224489797,6.881582666183086,3.7942667709517015,28.57906983333254
0.2562814070351759,3.0153061224489797,6.97308280790686,3.626404424428069,14.517574952564908
0.2613065326633166,3.0153061224489797,7.041725432019862,3.4467537672785653,13.171685782179734
0.2663316582914573,3.0153061224489797,7.107358950346983,3.265971349768999,13.051652962626196
0.271356783919598,3.0153061224489797,7.17355602119972,3.085394296192014,13.33844402251131
0.27638190954773867,3.0153061224489797,7.241738308179371,2.9055581749292765,13.822711871378303
0.2814070351758794,3.0153061224489797,7.312679764588999,2.7267933655781698,14.428934341879135
0.2864321608040201,3.0153061224489797,7.386903810770814,2.5493672086142825,15.125896657396918
0.2914572864321608,3.0153061224489797,7.464828293598218,2.373535698898672,15.900425121533639
0.2964824120603015,3.0153061224489797,7.546829594276483,2.1995690503363163,16.74825520339928
0.3015075376884422,3.0153061224489797,7.63327685290679,2.027769498481171,17.670477486840905
0.3065326633165829,3.0153061224489797,7.724556126842494,1.8584891890457207,18.672736379001083
0.31155778894472363,3.0153061224489797,7.821094432990531,1.6921538325075027,19.765892961155643
0.3165829145728643,3.0153061224489797,7.923389887255887,1.5292985032298585,20.9677217858715
0.32160804020100503,3.0153061224489797,8.032051409900017,1.370623982073516,22.30485700810444
0.32663316582914576,3.0153061224489797,8.14784638148074,1.217084197050555,23.813610042142567
0.3316582914572864,3.0153061224489797,8.27174247085474,1.0700143649275533,25.53600849570493
0.33668341708542715,3.0153061224489797,8.404903390474407,0.9312954366319435,27.503895040889564
0.3417085427135678,3.0153061224489797,8.548557394792542,0.8035031686318076,29.703246099220507
0.34673366834170855,3.0153061224489797,8.703626679395686,0.6898740335771736,32.016349493585594
0.35175879396984927,3.0153061224489797,8.870096627728433,0.5937582016959462,34.18939215895856
0.35678391959798994,3.0153061224489797,9.046503953618945,0.5174006072772681,35.92925337021454
0.36180904522613067,3.0153061224489797,9.2302108037051,0.46074514663847477,37.08984576268295
0.36683417085427134,3.0153061224489797,9.418411057186844,0.42137402291685633,37.743050006647465
0.37185929648241206,3.0153061224489797,9.608982428864172,0.3956584720163774,38.063258100714414
0.3768844221105528,3.0153061224489797,9.80065839818186,0.3800120558208225,38.203229853872
0.38190954773869346,3.0153061224489797,9.992792917159317,0.3715353969662224,38.25693018873096
0.3869346733668342,3.0153061224489797,10.18508799607176,0.3681264360803807,38.27246073721507
0.39195979899497485,3.0153061224489797,10.377415207621851,0.3683548162306893,38.27197258003472
0.3969849246231156,3.0153061224489797,10.569720814264665,0.37129024090479174,38.26488924674726
0.4020100502512563,3.0153061224489797,10.761982334735563,0.3763570155583682,38.25480095364572
0.40703517587939697,3.0153061224489797,10.954187970832281,0.3832295744014356,38.24266878179149
0.4120603015075377,3.0153061224489797,11.146327005128638,0.3917648109798218,38.22816264908897
0.41708542713567837,3.0153061224489797,11.338384931766942,0.40196349288603545,38.21010539988401
0.4221105527638191,3.0153061224489797,11.53033911523423,0.41395501910303223,38.18643122272352
0.4271356783919598,3.0153061224489797,11.722153485399698,0.42800298518595453,38.15372153569421
0.4321608040201005,3.0153061224489797,11.91376934741665,0.4445336196635786,38.10614022587695
0.4371859296482412,3.0153061224489797,12.10508818180442,0.4641952177339128,38.033177754362505
0.44221105527638194,3.0153061224489797,12.295937769042299,0.4879668162840586,37.91471692611709
0.4472361809045226,3.0153061224489797,12.4859999218323,0.5173478547519239,37.71027240839463
0.45226130653266333,3.0153061224489797,12.67464932492006,0.5546859785258036,37.33110982356524
0.457286432160804,3.0153061224489797,12.860570703283889,0.6037350820745322,36.5752637002474
0.4623115577889447,3.0153061224489797,13.040861705888002,0.6703866769253768,34.98085659803369
0.46733668341708545,3.0153061224489797,13.209318791159642,0.762669467352659,31.699572628235217
0.4723618090452261,3.0153061224489797,13.355601107281466,0.88692050941826,26.19009908520407
0.47738693467336685,3.0153061224489797,13.471055249066255,1.040299135153771,19.819694624110873
0.4824120603015075,3.0153061224489797,13.556855173236764,1.2122207751388718,14.607394956391506
0.48743718592964824,3.0153061224489797,13.62062270163982,1.3935871618216327,11.016764686560117
0.49246231155778897,3.0153061224489797,13.66961243433412,1.5795384829157828,8.644814139670494
0.49748743718592964,3.0153061224489797,13.708819297838449,1.7678144599952559,7.063505445686462
0.5025125628140703,3.0153061224489797,13.741445995716099,1.9573493669806818,5.989237825714301
0.507537688442211,3.0153061224489797,13.769574784223979,2.1476072378270024,5.25199259980895
0.5125628140703518,3.0153061224489797,13.794623770258301,2.3382966176467628,4.7514785070968895
0.5175879396984925,3.0153061224489797,13.817629108275845,2.5292440753054675,4.431609775598738
0.5226130653266332,3.0153061224489797,13.839419862141325,2.7203342333183635,4.265891086448473
0.5276381909547738,3.0153061224489797,13.860760446797459,2.9114738179548745,4.254852281506686
0.5326633165829145,3.0153061224489797,13.882496733005286,3.102569599733453,4.433857917874318
0.5376884422110553,3.0153061224489797,13.905818714246557,3.293477698032018,4.916256959941742
0.542713567839196,3.0153061224489797,13.93297449767974,3.4838724407211683,6.066446920314088
0.5477386934673367,3.0153061224489797,13.970661761632677,3.67239510630094,9.858345758275675
0.5527638190954773,3.0153061224489797,14.0784644951566,3.7643003217271573,23.841022098936858
0.5577889447236181,3.0153061224489797,14.164366297097645,3.5928055030136328,14.321496757261455
0.5628140703517588,3.0153061224489797,14.23270140999993,3.413034563968921,13.189530808072337
0.5678391959798995,3.0153061224489797,14.298594187672274,3.232347343365564,13.127825065888228
0.5728643216080402,3.0153061224489797,14.365247140396848,3.051938419822078,13.441110241671966
0.5778894472361809,3.0153061224489797,14.433989471207433,2.872315807351544,13.94199902850637
0.5829145728643216,3.0153061224489797,14.505564043630626,2.6938036713270423,14.56129250455029
0.5879396984924623,3.0153061224489797,14.580483221099115,2.516670033541922,15.270115716898479
0.592964824120603,3.0153061224489797,14.65916189291348,2.3411748273769057,16.056409822995636
0.5979899497487438,3.0153061224489797,14.741977607130755,2.1675945513513772,16.916538299517047
0.6030150753768844,3.0153061224489797,14.829303608080536,1.996240193325959,17.8521679712573
0.6080402010050251,3.0153061224489797,14.921533234341618,1.827476058811866,18.8696588586413
0.6130653266331658,3.0153061224489797,15.019105141038974,1.6617452861942859,19.980921887748465
0.6180904522613065,3.0153061224489797,15.122535287679458,1.499608826853543,21.205160650641456
0.6231155778894473,3.0153061224489797,15.23245859807346,1.341806735679415,22.57077688194484
0.628140703517588,3.0153061224489797,15.349677204428378,1.1893525874765805,24.11564665152016
0.6331658291457286,3.0153061224489797,15.475197939370041,1.0436694921441223,25.88160743890539
0.6381909547738693,3.0153061224489797,15.610211885967683,0.9067577169991731,27.895332784904095
0.6432160804020101,3.0153061224489797,15.755927648380329,0.7813279113204077,30.128341936961014
0.6482412060301508,3.0153061224489797,15.913147137214136,0.6707005369661705,32.437900236912455
0.6532663316582915,3.0153061224489797,16.081609325902104,0.5781248661235256,34.55109722421661
0.6582914572864321,3.0153061224489797,16.259585570656714,0.5054925729649621,36.18791219633028
0.6633165829145728,3.0153061224489797,16.44432180499568,0.45226976756522935,37.244046892960235
0.6683417085427136,3.0153061224489797,16.633093452946714,0.41570870908884994,37.82202839834758
0.6733668341708543,3.0153061224489797,16.823941935984912,0.39210867567810787,38.099135180774915
0.678391959798995,3.0153061224489797,17.0157379036693,0.3779815956274344,38.21773459226168
0.6834170854271356,3.0153061224489797,17.207917826970473,0.3705777612407629,38.26176590047102
0.6884422110552764,3.0153061224489797,17.400225443677748,0.3679317990987506,38.2731801897981
0.6934673366834171,3.0153061224489797,17.59255139729506,0.3687184104212071,38.27100057629707
0.6984924623115578,3.0153061224489797,17.784850238635357,0.37208270908411467,38.26319664930374
0.7035175879396985,3.0153061224489797,17.97710225653015,0.3775018171838089,38.25270905917745
0.7085427135678392,3.0153061224489797,18.169296474971098,0.3846880710506859,38.240188657015956
0.7135678391959799,3.0153061224489797,18.361421862367397,0.3935271622384924,38.225134854352575
0.7185929648241206,3.0153061224489797,18.55346266185636,0.4040441439996637,38.20622638733783
0.7236180904522613,3.0153061224489797,18.74539430346599,0.41639217911465354,38.18119189124344
0.7286432160804021,3.0153061224489797,18.937177347478958,0.43086208031594597,38.14626318029347
0.7336683417085427,3.0153061224489797,19.128747386834263,0.447915632198723,38.094961544986425
0.7386934673366834,3.0153061224489797,19.31999551721593,0.4682521028311286,38.015544871665405
0.7437185929648241,3.0153061224489797,19.510729624853735,0.4929301864314476,37.885123317515166
0.7487437185929648,3.0153061224489797,19.700590960967002,0.5235748733608957,37.65712508427255
0.7537688442211056,3.0153061224489797,19.888865460496454,0.5627449598256131,37.22867280021366
0.7587939698492462,3.0153061224489797,20.074033581244088,0.6145358624590005,36.362991870868655
0.7638190954773869,3.0153061224489797,20.25273308826138,0.6852914885482616,34.53141334646664
0.7688442211055276,3.0153061224489797,20.417948809487104,0.7831958928853964,30.841660749880422
0.7738693467336684,3.0153061224489797,20.55894600134711,0.9133990822948059,25.002319028031433
0.7788944723618091,3.0153061224489797,20.66851090729622,1.0710749408172455,18.73164566439371
0.7839195979899497,3.0153061224489797,20.749603402077504,1.245295425737772,13.827472634094233
0.7889447236180904,3.0153061224489797,20.810153045513392,1.4277741662898584,10.500025735419076
0.7939698492462312,3.0153061224489797,20.857017798687888,1.6142774735014693,8.302796858668579
0.7989949748743719,3.0153061224489797,20.894805517437064,1.8028454837671708,6.832872330362506
0.8040201005025126,3.0153061224489797,20.926466663585394,1.9925449581303836,5.8311736025541
0.8090452261306532,3.0153061224489797,20.953932697062324,2.1829000219878982,5.143489925217716
0.8140703517587939,3.0153061224489797,20.978533298078172,2.373647902231147,4.679905311805663
0.8190954773869347,3.0153061224489797,21.001254944155377,2.5646293100871818,4.389770032191832
0.8241206030150754,3.0153061224489797,21.02290449015773,2.7557353022667135,4.2518849755953685
0.8291457286432161,3.0153061224489797,21.044249177309567,2.9468734752608454,4.271749396709195
0.8341708542713567,3.0153061224489797,21.066172383288837,3.137947551552392,4.494738355681775
0.8391959798994975,3.0153061224489797,21.089980963896444,3.328794950478482,5.059308111044838
0.8442211055276382,3.0153061224489797,21.118308622375658,3.5190156640551358,6.435561501251581
0.8492462311557789,3.0153061224489797,21.160167604318854,3.70658425187837,11.742088008617168
0.8542713567839196,3.0153061224489797,21.277891638732857,3.734771091269843,19.489034022834602
0.8592964824120602,3.0153061224489797,21.35703641127986,3.5596794597233985,13.94550071859123
0.864321608040201,3.0153061224489797,21.42447327474885,3.3795660061993456,13.132203079830553
0.8693467336683417,3.0153061224489797,21.490354310585555,3.198875276281591,13.165975030689653
0.8743718592964824,3.0153061224489797,21.55731969890407,3.018582361443542,13.522721755651725
0.8793969849246231,3.0153061224489797,21.626540476684614,2.83914378029629,14.04903715852728
0.8844221105527639,3.0153061224489797,21.698700269665682,2.6608675614121173,14.686401981119912
0.8894472361809045,3.0153061224489797,21.774286515354316,2.484017685171729,15.41017520048669
0.8944723618090452,3.0153061224489797,21.853703833740155,2.308855652711223,16.21024258450068
0.8994974874371859,3.0153061224489797,21.937326907851958,2.135663052404617,17.08409637948289
0.9045226130653267,3.0153061224489797,22.025530939458932,1.96475921912148,18.034266901822512
0.9095477386934674,3.0153061224489797,22.11871562617113,1.7965208431004707,19.06805206506677
0.914572864321608,3.0153061224489797,22.217331263736828,1.6314094235561172,20.198543919993647
0.9195979899497487,3.0153061224489797,22.32191241595696,1.470013635346182,21.446531465096857
0.9246231155778895,3.0153061224489797,22.433121317042094,1.3131159272592077,22.84225830443333
0.9296482412060302,3.0153061224489797,22.55179605356463,1.1617942241040322,24.425024036283236
0.9346733668341709,3.0153061224489797,22.678982091242617,1.0175655771437881,26.235870213474787
0.9396984924623115,3.0153061224489797,22.815892474640403,0.882554900337632,28.295038778880382
0.9447236180904522,3.0153061224489797,22.96370169959526,0.7596058300673193,30.55715939276352
0.949748743718593,3.0153061224489797,23.123066694026413,0.6520995099612005,32.85374044485803
0.9547738693467337,3.0153061224489797,23.293464780036913,0.5631399043759615,34.896715941127795
0.9597989949748744,3.0153061224489797,23.47291572873725,0.4942224725526517,36.42663036810938
0.964824120603015,3.0153061224489797,23.658588305650014,0.44434254931256856,37.382073823459066
0.9698492462311558,3.0153061224489797,23.847865655696463,0.41046850688657277,37.891026484057065
0.9748743718592965,3.0153061224489797,24.03895410214521,0.3888685621079512,38.12983723074294
0.9798994974874372,3.0153061224489797,24.230851746609734,0.37617043853010634,38.229838974963506
0.9849246231155779,3.0153061224489797,24.42306884632425,0.36977523503494014,38.2655582402657
0.9899497487437185,3.0153061224489797,24.615385568156352,0.36784922328033254,38.27346328725006
0.9949748743718593,3.0153061224489797,24.80770886153887,0.36916662692909896,38.269837631050436
1.0,3.0153061224489797,25.0,0.37294385498115185,38.261893336507754
0.0,3.016530612244898,0.0,0.9999999999999999,17.014044714246527
0.005025125628140704,3.016530612244898,0.09502743516163145,0.8328084744834335,20.951142598647714
0.010050251256281407,3.016530612244898,0.21195461413624164,0.680235107674547,25.701221134760875
0.01507537688442211,3.016530612244898,0.35382745130918297,0.5506944988710094,30.714932557556253
0.020100502512562814,3.016530612244898,0.5189322041673649,0.4525281363012146,34.723064677574214
0.02512562814070352,3.016530612244898,0.6997337077439149,0.38735135375056284,36.951457241420954
0.03015075376884422,3.016530612244898,0.8880938131629533,0.3485482972862849,37.864127266832476
0.035175879396984924,3.016530612244898,1.0792902018357668,0.32721857280805416,38.17377602997489
0.04020100502512563,3.016530612244898,1.2713991648353735,0.31648210595636855,38.266309770519584
0.04522613065326633,3.016530612244898,1.4637648201524138,0.3119979629869173,38.28935439692893
0.05025125628140704,3.016530612244898,1.6561843149594169,0.3112257568585422,38.29197652046009
0.05527638190954774,3.016530612244898,1.8486006340968542,0.3127178202502794,38.289352872127374
0.06030150753768844,3.016530612244898,2.0410006171361594,0.31565799830544844,38.28582224507554
0.06532663316582915,3.016530612244898,2.23338300755194,0.3195908491685224,38.28241020531807
0.07035175879396985,3.016530612244898,2.4257487900211765,0.324268431696068,38.27919335484099
0.07537688442211055,3.016530612244898,2.618098565943453,0.3295644195219875,38.276003676309365
0.08040201005025126,3.016530612244898,2.810431932344768,0.3354264627364921,38.27262377098748
0.08542713567839195,3.016530612244898,3.002747363114922,0.3418500757077211,38.268824113509865
0.09045226130653267,3.016530612244898,3.1950421284547987,0.34886494098581905,38.26435137766819
0.09547738693467336,3.016530612244898,3.38731210224475,0.35652885813846025,38.25889816341634
0.10050251256281408,3.016530612244898,3.5795513998613253,0.3649266139386921,38.25205997291775
0.10552763819095477,3.016530612244898,3.771751725814924,0.37417269671079423,38.24327046199219
0.11055276381909548,3.016530612244898,3.9639013149737776,0.3844177597339539,38.231698914776
0.11557788944723618,3.016530612244898,4.1559832481563035,0.3958595760692716,38.21607823438192
0.12060301507537688,3.016530612244898,4.347972531748072,0.4087602574891109,38.19440242853421
0.12562814070351758,3.016530612244898,4.539831070276733,0.42347377764093874,38.16331144331774
0.1306532663316583,3.016530612244898,4.731498766418081,0.4404874452435092,38.11722093932772
0.135678391959799,3.016530612244898,4.922876858186309,0.46048703717009587,38.045778864233434
0.1407035175879397,3.016530612244898,5.113793636713786,0.48447686929279865,37.92913676665961
0.1457286432160804,3.016530612244898,5.303934269775731,0.513964211840627,37.72743372727087
0.1507537688442211,3.016530612244898,5.492680759962143,0.5512959312304113,37.35321487453024
0.15577889447236182,3.016530612244898,5.678734663685406,0.600212416330875,36.60719714555532
0.16080402010050251,3.016530612244898,5.859228963631527,0.6665876410581892,35.03211263173574
0.1658291457286432,3.016530612244898,6.028010771082421,0.7584751653409995,31.778332203070878
0.1708542713567839,3.016530612244898,6.1747287314685675,0.8823549389912524,26.278931156261947
0.17587939698492464,3.016530612244898,6.2905722746293025,1.035551662308884,19.881293325384018
0.18090452261306533,3.016530612244898,6.376585139778692,1.2074683530607566,14.6321497286873
0.18592964824120603,3.016530612244898,6.440409820226473,1.388912699221482,11.016889792468607
0.19095477386934673,3.016530612244898,6.489362025872249,1.5749703248346367,8.63096591146882
0.19597989949748743,3.016530612244898,6.5284776469876356,1.763360791246208,7.041581074870726
0.20100502512562815,3.016530612244898,6.560980108352141,1.9530120350371574,5.961925488114326
0.20603015075376885,3.016530612244898,6.588960310262223,2.143386511863439,5.220212605644538
0.21105527638190955,3.016530612244898,6.613838101058817,2.334192835020132,4.71499645189408
0.21608040201005024,3.016530612244898,6.636646114457032,2.525258425343561,4.389261250825552
0.22110552763819097,3.016530612244898,6.658204589651652,2.716469400354868,4.215213903299514
0.22613065326633167,3.016530612244898,6.679260811076495,2.907735742205241,4.191269886487222
0.23115577889447236,3.016530612244898,6.7006271882771635,3.0989680129877266,4.347941051240902
0.23618090452261306,3.016530612244898,6.723419123294488,3.290034940311004,4.78532867505165
0.24120603015075376,3.016530612244898,6.749673703418573,3.480652197214737,5.815996064091979
0.24623115577889448,3.016530612244898,6.785059033529547,3.6697390767153486,8.979418671675852
0.25125628140703515,3.016530612244898,6.882970167561348,3.7979744578111507,28.918947466007584
0.2562814070351759,3.016530612244898,6.974807747955047,3.630253656576234,14.52366816474783
0.2613065326633166,3.016530612244898,7.043446298072675,3.4505012850393237,13.167090114804584
0.2663316582914573,3.016530612244898,7.109049731374527,3.269608228674832,13.04471174166549
0.271356783919598,3.016530612244898,7.175209408127554,3.08891767810983,13.330600494141967
0.27638190954773867,3.016530612244898,7.243350870483284,2.9089658532828846,13.814327391792204
0.2814070351758794,3.016530612244898,7.314249018295275,2.73008303284685,14.420084885280975
0.2864321608040201,3.016530612244898,7.3884274132100485,2.552536193236607,15.116571041322175
0.2914572864321608,3.016530612244898,7.466303751500564,2.3765808420048034,15.890579641914666
0.2964824120603015,3.016530612244898,7.548254140724641,2.202486592861386,16.73782519435029
0.3015075376884422,3.016530612244898,7.634647340425534,2.030554930802007,17.6593754161662
0.3065326633165829,3.016530612244898,7.7258688900990595,1.8611370269122045,18.660840115614636
0.31155778894472363,3.016530612244898,7.822345091043392,1.6946572722534996,19.75303866296204
0.3165829145728643,3.016530612244898,7.924573089821332,1.5316489017537969,20.953689404859357
0.32160804020100503,3.016530612244898,8.033160580773636,1.3728100932001204,22.28938320247732
0.32663316582914576,3.016530612244898,8.14887364356857,1.2190911379040454,23.79645766946594
0.3316582914572864,3.016530612244898,8.272679163241095,1.071822432272486,25.517144374720264
0.33668341708542715,3.016530612244898,8.405741957581938,0.932879348608221,27.483874300671797
0.3417085427135678,3.016530612244898,8.549295545512454,0.8048331637876001,29.68374676618781
0.34673366834170855,3.016530612244898,8.704274390121617,0.6909222021655338,32.00051206726967
0.35175879396984927,3.016530612244898,8.870681888039044,0.5945114340821167,34.18093953463217
0.35678391959798994,3.016530612244898,9.047070067750578,0.5178751593550643,35.93013048010705
0.36180904522613067,3.016530612244898,9.230802695953678,0.4609874526807373,37.098805137470436
0.36683417085427134,3.016530612244898,9.419062227800842,0.42144431016134076,37.75718790989588
0.37185929648241206,3.016530612244898,9.609712152596488,0.39561199801428787,38.08004900621688
0.3768844221105528,3.016530612244898,9.801475881892767,0.37989022422722885,38.22119594510978
0.38190954773869346,3.016530612244898,9.993702054269631,0.3713656065355221,38.275366624253046
0.3869346733668342,3.016530612244898,10.186090312808826,0.36792540133967355,38.291075925632306
0.39195979899497485,3.016530612244898,10.37851106678166,0.3681320540859022,38.2906580633438
0.3969849246231156,3.016530612244898,10.570910986778577,0.37105064340623595,38.28361030143379
0.4020100502512563,3.016530612244898,10.763266662804845,0.376102569873285,38.27355220437146
0.40703517587939697,3.016530612244898,10.955566598709327,0.3829603527448926,38.26145736231735
0.4120603015075377,3.016530612244898,11.147800156608735,0.3914795356405874,38.24700190238796
0.41708542713567837,3.016530612244898,11.339952895592752,0.4016597787012508,38.22901690939401
0.4221105527638191,3.016530612244898,11.532002368820828,0.4136293654372122,38.20544913057291
0.4271356783919598,3.016530612244898,11.723912704609084,0.4276505650188244,38.17290138313605
0.4321608040201005,3.016530612244898,11.915625489726212,0.44414784190590717,38.125570805446515
0.4371859296482412,3.016530612244898,12.107042959618516,0.4637669974879868,38.053022508347084
0.44221105527638194,3.016530612244898,12.297993882751626,0.4874833258210209,37.9352897074117
0.4472361809045226,3.016530612244898,12.488162403099524,0.5167901617551807,37.732167575816085
0.45226130653266333,3.016530612244898,12.67692768449491,0.5540262058094506,37.35564640034792
0.457286432160804,3.016530612244898,12.862984230118162,0.6029315675915412,36.60512674865021
0.4623115577889447,3.016530612244898,13.043449740966905,0.6693833050739116,35.021398655393185
0.46733668341708545,3.016530612244898,13.212153029391468,0.7614135758352498,31.755637413261
0.4723618090452261,3.016530612244898,13.358754161033058,0.8854332983795303,26.256618648594813
0.47738693467336685,3.016530612244898,13.474519431470123,1.0386920462689737,19.874007485431903
0.4824120603015075,3.016530612244898,13.560540139031112,1.2106063908528257,14.641422411445117
0.48743718592964824,3.016530612244898,13.624438541193802,1.3920253919403947,11.035897918691209
0.49246231155778897,3.016530612244898,13.673499792940014,1.5780545395538008,8.654864722677393
0.49748743718592964,3.016530612244898,13.712742614689674,1.7664186745595745,7.068148507844616
0.5025125628140703,3.016530612244898,13.745383588979017,1.956046196457589,5.990480926693964
0.507537688442211,3.016530612244898,13.773512466971825,2.1463987855430515,5.2509063957377995
0.5125628140703518,3.016530612244898,13.798551264772678,2.3371840292611075,4.748560478762968
0.5175879396984925,3.016530612244898,13.82153772293937,2.5282281690747306,4.4270082879128685
0.5226130653266332,3.016530612244898,13.843300831650268,2.7194158064097014,4.259414786363224
0.5276381909547738,3.016530612244898,13.864603046400656,2.910654005929078,4.245903109557263
0.5326633165829145,3.016530612244898,13.886285360192836,3.1018501759638726,4.4209671253136955
0.5376884422110553,3.016530612244898,13.90952573932152,3.2928626880344645,4.8956941000837295
0.542713567839196,3.016530612244898,13.936536870195246,3.4833729273951644,6.025532202439376
0.5477386934673367,3.016530612244898,13.973835004878062,3.672073001512614,9.704867927481203
0.5527638190954773,3.016530612244898,14.080285723967698,3.769969048530912,24.46195641832762
0.5577889447236181,3.016530612244898,14.166988229865476,3.598845810628015,14.353722552313563
0.5628140703517588,3.016530612244898,14.23538155923962,3.418997216135384,13.188936311516027
0.5678391959798995,3.016530612244898,14.3012453167751,3.2381997124189774,13.118338458774671
0.5728643216080402,3.016530612244898,14.367839946133781,3.057669374575216,13.427798175475202
0.5778894472361809,3.016530612244898,14.43650934548314,2.8779185184780864,13.92643670125311
0.5829145728643216,3.016530612244898,14.508001354041049,2.6992723257859397,14.544049740036789
0.5879396984924623,3.016530612244898,14.582830150599463,2.5219987280206846,15.251401416364587
0.592964824120603,3.016530612244898,14.661411167694277,2.3463570674297767,16.036254712592658
0.5979899497487438,3.016530612244898,14.74412186901208,2.1726228864135724,16.89488073371237
0.6030150753768844,3.016530612244898,14.831334980084199,2.001105854729561,17.828864157153944
0.6080402010050251,3.016530612244898,14.923442890393344,1.8321684524620507,18.844470754435342
0.6130653266331658,3.016530612244898,15.020882755052456,1.66625124482846,19.95348431448074
0.6180904522613065,3.016530612244898,15.12416832192265,1.5039114542772745,21.17495391168786
0.6231155778894473,3.016530612244898,15.233931492047711,1.3458836623600086,22.53712411046889
0.628140703517588,3.016530612244898,15.350970777398663,1.1931734817064696,24.077815025092644
0.6331658291457286,3.016530612244898,15.476289824203155,1.0471929592440896,25.83914889489777
0.6381909547738693,3.016530612244898,15.611079685508745,0.9099286410543342,27.848849258442172
0.6432160804020101,3.016530612244898,15.756557081257434,0.7840784259841082,30.08069878977463
0.6482412060301508,3.016530612244898,15.913546160546806,0.6729613642867994,32.39507397113981
0.6532663316582915,3.016530612244898,16.081821148192304,0.5798522464206838,34.52053307675039
0.6582914572864321,3.016530612244898,16.259684436374204,0.5066987042262306,36.17369359893892
0.6633165829145728,3.016530612244898,16.444387442068713,0.45302701834592396,37.244331930327725
0.6683417085427136,3.016530612244898,16.633186578815046,0.41612030409251355,37.831819298326174
0.6733668341708543,3.016530612244898,16.824098468935595,0.39227402473665207,38.11398138186812
0.678391959798995,3.016530612244898,17.015975714941995,0.3779786208287794,38.23492606364835
0.6834170854271356,3.016530612244898,17.208244918600844,0.37046075427395897,38.27995791116669
0.6884422110552764,3.016530612244898,17.400645157698875,0.36773603084423206,38.291778596097814
0.6934673366834171,3.016530612244898,17.593064991341908,0.36846562336311117,38.28976439000306
0.6984924623115578,3.016530612244898,17.785458722218305,0.3717855061077197,38.28203880852223
0.7035175879396985,3.016530612244898,17.977805552958767,0.37716665423711704,38.27160809552772
0.7085427135678392,3.016530612244898,18.170094869601837,0.38431716357047063,38.25915292673576
0.7135678391959799,3.016530612244898,18.36231572543904,0.3931195495173175,38.244190861983064
0.7185929648241206,3.016530612244898,18.554452632052715,0.4035961586617289,38.225419009842724
0.7236180904522613,3.016530612244898,18.746481210936263,0.4158974162719208,38.20059305626448
0.7286432160804021,3.016530612244898,18.938362534342055,0.43031091190136755,38.1659918081204
0.7336683417085427,3.016530612244898,19.130032877449477,0.4472941189057014,38.11522379967041
0.7386934673366834,3.016530612244898,19.321384962552123,0.46754009193285995,38.03671744167597
0.7437185929648241,3.016530612244898,19.512229088787603,0.49209793927874523,37.90793964085094
0.7487437185929648,3.016530612244898,19.70221214532759,0.5225774538056717,37.68310362635579
0.7537688442211056,3.016530612244898,19.890631451325433,0.5615128583618458,37.261127417956736
0.7587939698492462,3.016530612244898,20.075993234858842,0.6129617953972707,36.409396251937615
0.7638190954773869,3.016530612244898,20.25499043876543,0.6832240924915551,34.60665826995886
0.7688442211055276,3.016530612244898,20.4206944014249,0.7804916025323188,30.96167828180665
0.7738693467336684,3.016530612244898,20.562379048371422,0.9100848318368742,25.14799023792945
0.7788944723618091,3.016530612244898,20.672632014944963,1.0673896396791402,18.853248312145
0.7839195979899497,3.016530612244898,20.754232540059693,1.2414729242387956,13.908615290128736
0.7889447236180904,3.016530612244898,20.81510736491655,1.4239408945569716,10.55042881230028
0.7939698492462312,3.016530612244898,20.862172520767555,1.6104898874302607,8.33371227550388
0.7989949748743719,3.016530612244898,20.90008286590297,1.799128684175397,6.851693439033109
0.8040201005025126,3.016530612244898,20.931817498291707,1.9889108255137995,5.8421434254852125
0.8090452261306532,3.016530612244898,20.959324233779242,2.179354673113166,5.149016853354776
0.8140703517587939,3.016530612244898,20.983941757394977,2.37019485631458,4.68126621079238
0.8190954773869347,3.016530612244898,21.00666090719388,2.5612709477388034,4.387462868715585
0.8241206030150754,3.016530612244898,21.028289542350482,2.7524736526427986,4.24579622220429
0.8291457286432161,3.016530612244898,21.04959224401793,2.943710773888879,4.2608728815404175
0.8341708542713567,3.016530612244898,21.07144382179041,3.134887417185005,4.476432700124473
0.8391959798994975,3.016530612244898,21.095128413113247,3.3258447784873413,5.026273307341358
0.8442211055276382,3.016530612244898,21.123206087021916,3.516197914807849,6.360237373613668
0.8492462311557789,3.016530612244898,21.164223501262548,3.7040650557197736,11.352830886930631
0.8542713567839196,3.016530612244898,21.280630590586256,3.742744857328679,19.97476617591626
0.8592964824120602,3.016530612244898,21.360583590255327,3.567949656028616,13.989130927590132
0.864321608040201,3.016530612244898,21.42810482635717,3.387768176593852,13.132285891791856
0.8693467336683417,3.016530612244898,21.49394747115333,3.206964032050742,13.152682713386929
0.8743718592964824,3.016530612244898,21.56082893705412,3.026539990886806,13.503245595595184
0.8793969849246231,3.016530612244898,21.62994180815812,2.8469593756929656,14.025806995778995
0.8844221105527639,3.016530612244898,21.701977565456545,2.66853189555282,14.660360398944652
0.8894472361809045,3.016530612244898,21.777426704004696,2.4915215646274267,15.381680325112697
0.8944723618090452,3.016530612244898,21.85669488140292,2.3161890895194097,16.179378400203746
0.8994974874371859,3.016530612244898,21.940156766079152,2.1428146921559117,17.050783771994876
0.9045226130653267,3.016530612244898,22.028186816626597,1.9717157184588743,17.99828710572324
0.9095477386934674,3.016530612244898,22.121183236845937,1.8032660668227907,19.02902303835179
0.914572864321608,3.016530612244898,22.219593890615467,1.6379232145510205,20.15586952736168
0.9195979899497487,3.016530612244898,22.323949691398337,1.47626991427232,21.399348301128168
0.9246231155778895,3.016530612244898,22.434907820604316,1.3190798037061289,22.789428428037176
0.9296482412060302,3.016530612244898,22.55330024981844,1.1674178439241687,24.365300242740183
0.9346733668341709,3.016530612244898,22.68016696575394,1.0227829605177106,26.168469596400655
0.9396984924623115,3.016530612244898,22.816720706873568,0.8872775849600257,28.220900079828446
0.9447236180904522,3.016530612244898,22.964149111951468,0.7637249694053818,30.48092151911853
0.949748743718593,3.016530612244898,23.12314363183895,0.655503875677347,32.78491026130125
0.9547738693467337,3.016530612244898,23.29323785817371,0.5657638540157633,34.84621753280498
0.9597989949748744,3.016530612244898,23.47249424297997,0.49608544010119426,36.39980452530398
0.964824120603015,3.016530612244898,23.65808585110514,0.44555194124135417,37.3755754699459
0.9698492462311558,3.016530612244898,23.84736650490871,0.411173589507264,37.89761812163385
0.9748743718592965,3.016530612244898,24.038507398397197,0.38921126608639495,38.14330575828144
0.9798994974874372,3.016530612244898,24.23048190139919,0.3762617541459946,38.2465165104323
0.9849246231155779,3.016530612244898,24.422786743140893,0.36969334747077676,38.283620503061364
0.9899497487437185,3.016530612244898,24.61519583475811,0.36764563197723,38.29209462315298
0.9949748743718593,3.016530612244898,24.80761367574517,0.3688734522998236,38.28871021021296
1.0,3.016530612244898,25.0,0.3725795989046726,38.280378878717286
0.0,3.0177551020408164,0.0,1.0,17.014057453148762
0.005025125628140704,3.0177551020408164,0.09503471151115328,0.8327046882250626,20.954364661311857
0.010050251256281407,3.0177551020408164,0.21199102812089313,0.6800357099963449,25.71001498927347
0.01507537688442211,3.0177551020408164,0.3539259056970008,0.5504247692051523,30.730815895712485
0.020100502512562814,3.0177551020408164,0.5191239936242715,0.45223311520739423,34.74359162022942
0.02512562814070352,3.0177551020408164,0.7000312125921697,0.387073593910247,36.97249221903405
0.03015075376884422,3.0177551020408164,0.8884946143296487,0.3483064862390479,37.88416493675975
0.035175879396984924,3.0177551020408164,1.079789541755347,0.3270124179433258,38.19303382854942
0.04020100502512563,3.0177551020408164,1.2719941955013758,0.31630425999072675,38.285190130283496
0.04522613065326633,3.0177551020408164,1.4644542956609585,0.31184042863343525,38.3080874974611
0.05025125628140704,3.0177551020408164,1.6569677778808132,0.31108193270932066,38.31066233855399
0.05527638190954774,3.0177551020408164,1.8494779678854525,0.31258279714115883,38.3080296744758
0.06030150753768844,3.0177551020408164,2.041971810538734,0.3155282712433706,38.304503008545
0.06532663316582915,3.0177551020408164,2.234448092241874,0.31946397283030437,38.30109827601869
0.07035175879396985,3.0177551020408164,2.426907804251295,0.3241426912965231,38.29788910792646
0.07537688442211055,3.0177551020408164,2.6193515473265396,0.32943860126472596,38.29470663330984
0.08040201005025126,3.0177551020408164,2.811778916419452,0.3352996874039544,38.29133349661411
0.08542713567839195,3.0177551020408164,3.00418838247581,0.3417216839995413,38.287540490031624
0.09045226130653267,3.0177551020408164,3.1965772153009016,0.34873441555445944,38.28307466899314
0.09547738693467336,3.0177551020408164,3.3889412977181714,0.35639577360038294,38.27762904512741
0.10050251256281408,3.0177551020408164,3.581274742419267,0.36479060346892533,38.270799571859534
0.10552763819095477,3.0177551020408164,3.77356925792294,0.3740334328068833,38.26202042358809
0.11055276381909548,3.0177551020408164,3.965813104806644,0.3842749473124426,38.25046150494508
0.11557788944723618,3.0177551020408164,4.157989358713237,0.39571295485452496,38.234856490435035
0.12060301507537688,3.0177551020408164,4.350073048661429,0.408609622532331,38.21320061751561
0.12562814070351758,3.0177551020408164,4.542026108109931,0.42331908286199915,38.182134186601196
0.1306532663316583,3.0177551020408164,4.733788460059718,0.4403287167549829,38.136073299289464
0.135678391959799,3.0177551020408164,4.925261357761718,0.4603247690023461,38.06465919666454
0.1407035175879397,3.0177551020408164,5.116273076594599,0.4843124107011069,37.94804050777392
0.1457286432160804,3.0177551020408164,5.3065086742129,0.5138002915946509,37.74630465914217
0.1507537688442211,3.0177551020408164,5.495349575095611,0.5511386380223385,37.37186196724663
0.15577889447236182,3.0177551020408164,5.681495464027902,0.6000742967265503,36.62496263897192
0.16080402010050251,3.0177551020408164,5.862072896953799,0.66649467739857,35.04676019101214
0.1658291457286432,3.0177551020408164,6.0309113734636846,0.7584726646211518,31.784820462424328
0.1708542713567839,3.0177551020408164,6.177631145151026,0.882493950559367,26.272659298155325
0.17587939698492464,3.0177551020408164,6.293417526478378,1.0358510738430455,19.86613219740319
0.18090452261306533,3.0177551020408164,6.379349727019357,1.207913270572772,14.616022152721467
0.18592964824120603,3.0177551020408164,6.443098024571138,1.3894841956404995,11.002829515714831
0.19095477386934673,3.0177551020408164,6.49198527129758,1.5756561084672134,8.619194232902085
0.19597989949748743,3.0177551020408164,6.531046292384532,1.7641538715895448,7.031596762962664
0.20100502512562815,3.0177551020408164,6.563501928612504,1.953908445291511,5.953227501962022
0.20603015075376885,3.0177551020408164,6.591440757692497,2.144383942413734,5.2123828548571325
0.21105527638190955,3.0177551020408164,6.6162806682584945,2.335289924071419,4.707705649353252
0.21608040201005024,3.0177551020408164,6.639052716919726,2.526454394302152,4.382191717149368
0.22110552763819097,3.0177551020408164,6.6605756052308855,2.7177638981153334,4.208070595814433
0.22613065326633167,3.0177551020408164,6.681594908899776,2.9091287544429294,4.183637075541985
0.23115577889447236,3.0177551020408164,6.702920427559925,3.1004600868981016,4.3391722030111355
0.23618090452261306,3.0177551020408164,6.72566288526556,3.291627510290163,4.774061525306108
0.24120603015075376,3.0177551020408164,6.7518473809453985,3.4823492964989864,5.798194529513757
0.24623115577889448,3.0177551020408164,6.787090401886255,3.6715593610127293,8.930911276316671
0.25125628140703515,3.0177551020408164,6.88435651880896,3.801667656981692,29.268104317816878
0.2562814070351759,3.0177551020408164,6.9765378084511935,3.6340963503379378,14.529774563880599
0.2613065326633166,3.0177551020408164,7.04517232640746,3.4542420776390914,13.162508010957234
0.2663316582914573,3.0177551020408164,7.110745767363632,3.2732383323904064,13.037805460064202
0.271356783919598,3.0177551020408164,7.176868254193847,3.092434147652061,13.322801627631335
0.27638190954773867,3.0177551020408164,7.244969132710108,2.912366531533457,13.805993737759977
0.2814070351758794,3.0177551020408164,7.3158242484640175,2.733365631265836,14.41129419386149
0.2864321608040201,3.0177551020408164,7.389957297867717,2.5556980644418315,15.107309004512942
0.2914572864321608,3.0177551020408164,7.4677858267780355,2.3796188510261667,15.880803898532207
0.2964824120603015,3.0177551020408164,7.549685669323493,2.2053970099180016,16.727470979830027
0.3015075376884422,3.0177551020408164,7.636025207220692,2.0333332810412656,17.64835587056541
0.3065326633165829,3.0177551020408164,7.727189466435464,1.8637778684680313,18.649033814730107
0.31155778894472363,3.0177551020408164,7.823604038812121,1.6971538559654702,19.740284321324545
0.3165829145728643,3.0177551020408164,7.925765108426652,1.5339926552333902,20.939767155563327
0.32160804020100503,3.0177551020408164,8.034279150492138,1.374989863853659,22.274030887478176
0.32663316582914576,3.0177551020408164,8.149910947003917,1.2210921662284395,23.77943844839383
0.3316582914572864,3.0177551020408164,8.273626589755246,1.0736251714159062,25.498421748342157
0.33668341708542715,3.0177551020408164,8.40659196573339,0.9344586990571706,27.463992667308755
0.3417085427135678,3.0177551020408164,8.55004580132271,0.8061595532624819,29.664357066327547
0.34673366834170855,3.0177551020408164,8.704934713247166,0.6919678048588341,31.984738849877946
0.35175879396984927,3.0177551020408164,8.871279997179105,0.5952629539635107,34.172514407279614
0.35678391959798994,3.0177551020408164,9.047649113695902,0.5183485821155309,35.93101795591431
0.36180904522613067,3.0177551020408164,9.231407587707249,0.4612289702909862,37.10778359316259
0.36683417085427134,3.0177551020408164,9.419726525168949,0.42151404966982,37.771356636209404
0.37185929648241206,3.0177551020408164,9.61045516654117,0.3955652050255606,38.09687774818369
0.3768844221105528,3.0177551020408164,9.802306851260761,0.3797683059794045,38.23920189624102
0.38190954773869346,3.0177551020408164,9.994624869831963,0.3711959502824802,38.293842982175796
0.3869346733668342,3.0177551020408164,10.187106491708876,0.36772470084420084,38.309730704869416
0.39195979899497485,3.0177551020408164,10.379621187707889,0.36790980551475777,38.30938282824355
0.3969849246231156,3.0177551020408164,10.572115194200839,0.37081171661257484,38.30237029518979
0.4020100502512563,3.0177551020408164,10.764565252285479,0.3758489466499278,38.2923422007346
0.40703517587939697,3.0177551020408164,10.956959707796813,0.38269210315538305,38.28028446022933
0.4120603015075377,3.0177551020408164,11.149288009336864,0.3911953928889144,38.2658789519977
0.41708542713567837,3.0177551020408164,11.341535779426678,0.40135737578887676,38.247965568799586
0.4221105527638191,3.0177551020408164,11.533680717694468,0.4133052277710035,38.22450322970179
0.4271356783919598,3.0177551020408164,11.725687182230052,0.4272999071967056,38.19211543526338
0.4321608040201005,3.0177551020408164,11.917497097785429,0.4437641479080733,38.14503219344028
0.4371859296482412,3.0177551020408164,12.109013290475387,0.46334126685068894,38.07289359042035
0.44221105527638194,3.0177551020408164,12.300065690628099,0.4870028771367852,37.95588207881006
0.4472361809045226,3.0177551020408164,12.490340605941125,0.5162362889925062,37.754058926373474
0.45226130653266333,3.0177551020408164,12.679221670518272,0.5533713339870457,37.38015736161638
0.457286432160804,3.0177551020408164,12.865412994982835,0.6021345881371466,36.634846547229145
0.4623115577889447,3.0177551020408164,13.046051961241552,0.6683888853304416,35.06176213842098
0.46733668341708545,3.0177551020408164,13.214997954075518,0.7601718453946149,31.813127579979014
0.4723618090452261,3.0177551020408164,13.361916697225567,0.8839602578151511,26.322905076832853
0.47738693467336685,3.0177551020408164,13.47799057841481,1.0371006110743966,19.927448197804463
0.4824120603015075,3.0177551020408164,13.564230259554572,1.2090085510318542,14.67522132087131
0.48743718592964824,3.0177551020408164,13.628258209321134,1.390480792007595,11.054863731785412
0.49246231155778897,3.0177551020408164,13.677389924699021,1.5765882509212101,8.664851983504388
0.49748743718592964,3.0177551020408164,13.71666789233159,1.7650409169594548,7.072727218153579
0.5025125628140703,3.0177551020408164,13.749322548824871,1.9547613503396248,5.991670341919575
0.507537688442211,3.0177551020408164,13.777451174071807,2.1452089078524033,5.24973971419072
0.5125628140703518,3.0177551020408164,13.802479476408037,2.336090246171042,4.745594136948711
0.5175879396984925,3.0177551020408164,13.825446845469132,2.5272312608046796,4.422382763953435
0.5226130653266332,3.0177551020408164,13.847182172943802,2.718516584894587,4.252966166842108
0.5276381909547738,3.0177551020408164,13.86844609292365,2.90985311531992,4.236980394067054
0.5326633165829145,3.0177551020408164,13.890074665331442,3.1011499207500073,4.408150945576151
0.5376884422110553,3.0177551020408164,13.913234167248394,3.2922669068064025,4.875346883682278
0.542713567839196,3.0177551020408164,13.94010263822356,3.4828924195839726,5.9853561936553605
0.5477386934673367,3.0177551020408164,13.977022384498191,3.6717667592307954,9.557325847828771
0.5527638190954773,3.0177551020408164,14.082053043872426,3.775605225663711,25.143094193475466
0.5577889447236181,3.0177551020408164,14.169607755100309,3.604896942233051,14.38706400217248
0.5628140703517588,3.0177551020408164,14.238061570916104,3.424971356517149,13.188483195940536
0.5678391959798995,3.0177551020408164,14.303896855296065,3.24406340001228,13.108928842629712
0.5728643216080402,3.0177551020408164,14.370433342701599,3.0634115528324584,13.414512301335645
0.5778894472361809,3.0177551020408164,14.43902992186167,2.883532349809772,13.910886399762008
0.5829145728643216,3.0177551020408164,14.51043945686166,2.7047520088978914,14.526831610269811
0.5879396984924623,3.0177551020408164,14.585177965974012,2.5273383826735483,15.23270498594102
0.592964824120603,3.0177551020408164,14.66366143243388,2.351550221766859,16.016122403223342
0.5979899497487438,3.0177551020408164,14.746267239377653,2.177662124539741,16.873249247668735
0.6030150753768844,3.0177551020408164,14.833367601334619,2.005982446420542,17.805591439860642
0.6080402010050251,3.0177551020408164,14.92535396474046,1.8368718578971588,18.8193188279015
0.6130653266331658,3.0177551020408164,15.022661997379014,1.6707683715919468,19.926095577506093
0.6180904522613065,3.0177551020408164,15.12580324735514,1.5082255126672555,21.144807867627552
0.6231155778894473,3.0177551020408164,15.235406599922516,1.3499724293947737,22.503542189362733
0.628140703517588,3.0177551020408164,15.352266930674402,1.1970068281902397,24.040059944519015
0.6331658291457286,3.0177551020408164,15.477384636538549,1.0507297356858238,25.796747908221775
0.6381909547738693,3.0177551020408164,15.61195057586625,0.9131139583134682,27.80237763247918
0.6432160804020101,3.0177551020408164,15.757189438287714,0.7868446165604213,30.03308655567043
0.6482412060301508,3.0177551020408164,15.91394636787281,0.6752375947070446,32.3522042933169
0.6532663316582915,3.0177551020408164,16.082032969573742,0.5815957609338721,34.48964117257703
0.6582914572864321,3.0177551020408164,16.259781559641713,0.5079199577683436,36.15912361053355
0.6633165829145728,3.0177551020408164,16.44444979848058,0.45379702469297745,37.244372420634555
0.6683417085427136,3.0177551020408164,16.633275488333755,0.4165419265188518,37.84148946473158
0.6733668341708543,3.0177551020408164,16.82425037245628,0.3924468289816898,38.12877425441668
0.678391959798995,3.0177551020408164,17.0162088265766,0.37798096023553884,38.25212353914016
0.6834170854271356,3.0177551020408164,17.208567350403573,0.3703475441367414,38.29817709380074
0.6884422110552764,3.0177551020408164,17.401060311016632,0.36754303783967857,38.31041175790118
0.6934673366834171,3.0177551020408164,17.593574275761014,0.3682150170622975,38.30856693788127
0.6984924623115578,3.0177551020408164,17.78606245702538,0.3714900586326893,38.30092044905583
0.7035175879396985,3.0177551020408164,17.978504339593197,0.37683305910707,38.2905451427157
0.7085427135678392,3.0177551020408164,18.170889006402337,0.383947738364363,38.278156633663315
0.7135678391959799,3.0177551020408164,18.36320560173205,0.39271341552752914,38.2632855331026
0.7185929648241206,3.0177551020408164,18.55543878137519,0.4031497390549166,38.244646139174655
0.7236180904522613,3.0177551020408164,18.74756443425364,0.4154044095121115,38.220026298779956
0.7286432160804021,3.0177551020408164,18.93954416185258,0.4297617602238924,38.1857538499766
0.7336683417085427,3.0177551020408164,19.13131504462671,0.44667499306436576,38.13551238316954
0.7386934673366834,3.0177551020408164,19.322771096177096,0.46683110293636526,38.05787348774594
0.7437185929648241,3.0177551020408164,19.513725370947874,0.4912691792221611,37.930747615795006
0.7487437185929648,3.0177551020408164,19.70382996757297,0.5215846860433895,37.708985719376585
0.7537688442211056,3.0177551020408164,19.892393453234178,0.5602876221365168,37.29350401975167
0.7587939698492462,3.0177551020408164,20.077947688051964,0.6113968034900152,36.45535514391948
0.7638190954773869,3.0177551020408164,20.257239284757414,0.681170112555721,34.68075343338445
0.7688442211055276,3.0177551020408164,20.423426515235167,0.7778029369935112,31.081171428944884
0.7738693467336684,3.0177551020408164,20.565796896313813,0.9067820218791367,25.29476088984724
0.7788944723618091,3.0177551020408164,20.676741031388254,1.063709953443618,18.974672926845585
0.7839195979899497,3.0177551020408164,20.758854165211766,1.237652521456682,13.990714554414328
0.7889447236180904,3.0177551020408164,20.820057138271274,1.420108377998473,10.60131902133149
0.7939698492462312,3.0177551020408164,20.86732460724796,1.6067025790089404,8.364964853459655
0.7989949748743719,3.0177551020408164,20.905358805831558,1.7954120491747545,6.870602302627707
0.8040201005025126,3.0177551020408164,20.93716778205393,1.9852768962116283,5.853190696274018
0.8090452261306532,3.0177551020408164,20.964715811801423,2.1758096534666627,5.15463566342354
0.8140703517587939,3.0177551020408164,20.989350621977962,2.3667422938515217,4.682625583785385
0.8190954773869347,3.0177551020408164,21.012067796854076,2.557913191158268,4.385235516566315
0.8241206030150754,3.0177551020408164,21.0336761088605,2.7492127159176514,4.239754449755634
0.8291457286432161,3.0177551020408164,21.054937538284864,2.9405488009951632,4.250196800780418
0.8341708542713567,3.0177551020408164,21.076718770876393,3.131827991925558,4.4584865524607675
0.8391959798994975,3.0177551020408164,21.100281702520157,3.322895125598612,4.994016266643828
0.8442211055276382,3.0177551020408164,21.12811621337686,3.5133794886601994,6.287367844466723
0.8492462311557789,3.0177551020408164,21.16833910898514,3.7015287767434244,10.99495065048701
0.8542713567839196,3.0177551020408164,21.28329634878762,3.750677900223577,20.51862508832865
0.8592964824120602,3.0177551020408164,21.364126720411754,3.5762220158621987,14.03518306995897
0.864321608040201,3.0177551020408164,21.431738722378068,3.395974745534607,13.13301513263234
0.8693467336683417,3.0177551020408164,21.497545063261544,3.215057502834739,13.139677150018002
0.8743718592964824,3.0177551020408164,21.56434360448453,3.034502562783387,13.483946430849084
0.8793969849246231,3.0177551020408164,21.633349263448956,2.854780079159096,14.002688737618982
0.8844221105527639,3.0177551020408164,21.705261578100487,2.676201520174928,14.634437231540307
0.8894472361809045,3.0177551020408164,21.780574174352676,2.499030958205641,15.353295459317797
0.8944723618090452,3.0177551020408164,21.859693790636193,2.323528327558494,16.14863383722147
0.8994974874371859,3.0177551020408164,21.942995108445277,2.1499724920694145,17.017600597387
0.9045226130653267,3.0177551020408164,22.030851859845598,1.9786788504514137,17.962449567043826
0.9095477386934674,3.0177551020408164,22.123660785678283,1.810018539362928,18.990157568340464
0.914572864321608,3.0177551020408164,22.221867356312536,1.6444450784748081,20.113395673587668
0.9195979899497487,3.0177551020408164,22.325998878124974,1.482535387225245,21.352398466553993
0.9246231155778895,3.0177551020408164,22.43670751955875,1.3250544154692165,22.736872792633495
0.9296482412060302,3.0177551020408164,22.554819131448973,1.1730543394715982,24.305890135532927
0.9346733668341709,3.0177551020408164,22.681368109613068,1.0280161206545462,26.101366188232667
0.9396984924623115,3.0177551020408164,22.817566485306454,0.8920197150226545,28.146903040234495
0.9447236180904522,3.0177551020408164,22.964614021961157,0.767867193256466,30.404467725985842
0.949748743718593,3.0177551020408164,23.123237689365705,0.6589360833602098,32.71524153107772
0.9547738693467337,3.0177551020408164,23.29302330199568,0.568413883462963,34.79466954680527
0.9597989949748744,3.0177551020408164,23.472079959514275,0.49796942143785206,36.37203118643158
0.964824120603015,3.0177551020408164,23.657586696960845,0.44677580349201973,37.36850442342351
0.9698492462311558,3.0177551020408164,23.846868476363703,0.41188732924099625,37.90390628097452
0.9748743718592965,3.0177551020408164,24.038060860152843,0.38955862509422257,38.15667581662363
0.9798994974874372,3.0177551020408164,24.23011193267586,0.37635572080296253,38.263183958781774
0.9849246231155779,3.0177551020408164,24.422504626911287,0.36961305635052616,38.30170161446497
0.9899497487437185,3.0177551020408164,24.615006295429183,0.36744309627180627,38.31075484669307
0.9949748743718593,3.0177551020408164,24.807518262045704,0.36858130682750867,38.30760325670532
1.0,3.0177551020408164,25.0,0.3722177783001507,38.299779428327476
0.0,3.0189795918367346,0.0,1.0,17.014055160558243
0.005025125628140704,3.0189795918367346,0.09504189499142227,0.8326010435684107,20.957564783914396
0.010050251256281407,3.0189795918367346,0.21202722437731786,0.679836566039323,25.71878185194416
0.01507537688442211,3.0189795918367346,0.35402400237767373,0.5501553769231093,30.746670908038357
0.020100502512562814,3.0189795918367346,0.5193152786437897,0.451938503386626,34.76408728791198
0.02512562814070352,3.0189795918367346,0.7003280448528001,0.38679628531255483,36.993491281020646
0.03015075376884422,3.0189795918367346,0.8888945619236527,0.3480651137252073,37.90416652139448
0.035175879396984924,3.0189795918367346,1.0802878511912064,0.3268066491183611,38.212257185065845
0.04020100502512563,3.0189795918367346,1.272588027641971,0.3161267337833477,38.30403769138701
0.04522613065326633,3.0189795918367346,1.4651424101551935,0.31168315078202846,38.326788502970835
0.05025125628140704,3.0189795918367346,1.6577497089764175,0.3109383093529415,38.329316467043796
0.05527638190954774,3.0189795918367346,1.850353668613671,0.31244793068424037,38.3266749514481
0.06030150753768844,3.0189795918367346,2.042941214441678,0.3153986641538246,38.32315226468133
0.06532663316582915,3.0189795918367346,2.235511228585196,0.3193371865753122,38.319754859386755
0.07035175879396985,3.0189795918367346,2.4280647120147156,0.3240170156641278,38.31655337085976
0.07537688442211055,3.0189795918367346,2.6206022639085136,0.3293128256945569,38.3133780908435
0.08040201005025126,3.0189795918367346,2.8131234763836783,0.33517293452698305,38.31001171562864
0.08542713567839195,3.0189795918367346,3.005626819128518,0.34159329502115277,38.30622536048313
0.09045226130653267,3.0189795918367346,3.198109565996725,0.3486038729348721,38.30176646176048
0.09547738693467336,3.0189795918367346,3.390567593533388,0.3562626501691772,38.29632844676821
0.10050251256281408,3.0189795918367346,3.5829950260262033,0.36465453007583226,38.289507723808995
0.10552763819095477,3.0189795918367346,3.775383581252527,0.37389407871538016,38.280738992207354
0.11055276381909548,3.0189795918367346,3.967721516125603,0.3841320112017814,38.26919279036886
0.11557788944723618,3.0189795918367346,4.159991937537123,0.39556617011665546,38.25360358363719
0.12060301507537688,3.0189795918367346,4.352169886444926,0.4084587743202718,38.23196789245599
0.12562814070351758,3.0189795918367346,4.544217300994217,0.4231641093691094,38.20092651954508
0.1306532663316583,3.0189795918367346,4.736074156449113,0.44016962720981107,38.154895146259044
0.135678391959799,3.0189795918367346,4.927641720901435,0.4601620330980206,38.08350996372592
0.1407035175879397,3.0189795918367346,5.118748239302826,0.48414732933752025,37.966917845864565
0.1457286432160804,3.0189795918367346,5.3090786664884355,0.5136355341541406,37.76515077979121
0.1507537688442211,3.0189795918367346,5.498013878457534,0.5509801902785226,37.39049843068493
0.15577889447236182,3.0189795918367346,5.684251714097448,0.5999345592116097,36.64271450964405
0.16080402010050251,3.0189795918367346,5.864912356177056,0.6663994292610979,35.06145669994439
0.1658291457286432,3.0189795918367346,6.033807821750676,0.7584669328463478,31.79147421159376
0.1708542713567839,3.0189795918367346,6.180530051457987,0.8826286268725216,26.266583632737323
0.17587939698492464,3.0189795918367346,6.296260099370297,1.0361451880467067,19.851139372885413
0.18090452261306533,3.0189795918367346,6.382112464802234,1.208352186444443,14.600060677555122
0.18592964824120603,3.0189795918367346,6.445785037481389,1.3900492179580357,10.988871136182189
0.19095477386934673,3.0189795918367346,6.494607812033702,1.5763350791893955,8.60749909754704
0.19597989949748743,3.0189795918367346,6.533614588167484,1.7649398724725518,7.021672909808222
0.20100502512562815,3.0189795918367346,6.566023665078471,1.9547975508338138,5.9445779059824355
0.20603015075376885,3.0189795918367346,6.593921322811097,2.1453738613792677,5.204585826539902
0.21105527638190955,3.0189795918367346,6.618723512659703,2.3363793099052454,4.700438616041575
0.21608040201005024,3.0189795918367346,6.641459722737135,2.5276424782806313,4.37514802869284
0.22110552763819097,3.0189795918367346,6.662947127279112,2.719050332775271,4.200947790645238
0.22613065326633167,3.0189795918367346,6.683929605177719,2.910513627764415,4.176018757192522
0.23115577889447236,3.0189795918367346,6.7052143327054825,3.1019438522987435,4.330414459981433
0.23618090452261306,3.0189795918367346,6.727907369112492,3.2932115911435087,4.7628049016943335
0.24120603015075376,3.0189795918367346,6.754021849906016,3.4840376964399753,5.780417157967777
0.24623115577889448,3.0189795918367346,6.789122949727667,3.6733705549486064,8.882644130670792
0.25125628140703515,3.0189795918367346,6.885727970669258,3.805357149932018,29.63272705091313
0.2562814070351759,3.0189795918367346,6.978266178066902,3.6379491481295654,14.536137253763084
0.2613065326633166,3.0189795918367346,7.046897224133244,3.4579933701176895,13.157961879778643
0.2663316582914573,3.0189795918367346,7.112440797344606,3.2768789822801,13.030896941789113
0.271356783919598,3.0189795918367346,7.17852603004491,3.0959613278178155,13.31498342262547
0.27638190954773867,3.0189795918367346,7.246586199298537,2.915778075142672,13.797630349638927
0.2814070351758794,3.0189795918367346,7.317398120573036,2.73665924099116,14.402469073938944
0.2864321608040201,3.0189795918367346,7.39148563414019,2.5588710824560845,15.098006336713492
0.2914572864321608,3.0189795918367346,7.469266138267013,2.382668135066956,15.870983016610447
0.2964824120603015,3.0189795918367346,7.551115195024783,2.208318821616004,16.717066749521646
0.3015075376884422,3.0189795918367346,7.6374008081389295,2.036123137275686,17.637281360573734
0.3065326633165829,3.0189795918367346,7.728507488714563,1.8664303192156488,18.63716767815658
0.31155778894472363,3.0189795918367346,7.824860116999745,1.6996621439050295,19.727464340255057
0.3165829145728643,3.0189795918367346,7.926953908470752,1.5363481982957778,20.925771317385962
0.32160804020100503,3.0189795918367346,8.035394108026086,1.3771814951197245,22.258593874050714
0.32663316582914576,3.0189795918367346,8.15094417796564,1.2231051009765657,23.76231805421894
0.3316582914572864,3.0189795918367346,8.274569376731334,1.0754398105296081,25.47957241950127
0.33668341708542715,3.0189795918367346,8.407436599599384,0.9360498294071632,27.44394466815437
0.3417085427135678,3.0189795918367346,8.55078972470309,0.8074973960882095,29.644736911652323
0.34673366834170855,3.0189795918367346,8.705587473952109,0.6930241379270965,31.968680659228056
0.35175879396984927,3.0189795918367346,8.871869079064666,0.5960238391667717,34.16379620507383
0.35678391959798994,3.0189795918367346,9.04821774734589,0.5188294951592443,35.931657739762706
0.36180904522613067,3.0189795918367346,9.232001017569711,0.46147595743182346,37.11659409407568
0.36683417085427134,3.0189795918367346,9.420378687615564,0.42158750213500007,37.78542351613925
0.37185929648241206,3.0189795918367346,9.611185649554583,0.39552080236061604,38.113644566133225
0.3768844221105528,3.0189795918367346,9.803125022383785,0.37964788174849384,38.25716423771816
0.38190954773869346,3.0189795918367346,9.995534687219436,0.3710271983827699,38.3122836093988
0.3869346733668342,3.0189795918367346,10.188109490252275,0.36752451970273525,38.32835278411285
0.39195979899497485,3.0189795918367346,10.38071814658955,0.36768781703130843,38.32807598478365
0.3969849246231156,3.0189795918367346,10.5733059643898,0.37057287142014134,38.32109900168121
0.4020100502512563,3.0189795918367346,10.765850175494911,0.3755952672308304,38.31110107549515
0.40703517587939697,3.0189795918367346,10.958338991531976,0.38242368542210714,38.29908033374198
0.4120603015075377,3.0189795918367346,11.150761860470906,0.3909109833247474,38.28472476001711
0.41708542713567837,3.0189795918367346,11.34310452167944,0.4010546092158498,38.26688310157968
0.4221105527638191,3.0189795918367346,11.535344772534721,0.4129806211310011,38.243526349687926
0.4271356783919598,3.0189795918367346,11.727447159561883,0.4269486559838006,38.211297875111754
0.4321608040201005,3.0189795918367346,11.91935406867663,0.44337971951796806,38.16446247070524
0.4371859296482412,3.0189795918367346,12.110968842297405,0.4629146173974053,38.092734613301964
0.44221105527638194,3.0189795918367346,12.302122567921192,0.48652124491518123,37.97644656293597
0.4472361809045226,3.0189795918367346,12.49250373416471,0.5156809041699617,37.775921968219144
0.45226130653266333,3.0189795918367346,12.681500449409366,0.552714401272714,37.40465419706867
0.457286432160804,3.0189795918367346,12.867826426059834,0.6013347560553551,36.664553669054285
0.4623115577889447,3.0189795918367346,13.048638920082501,0.6673900733171709,35.102273823126
0.46733668341708545,3.0189795918367346,13.217828560090885,0.7589225801476172,31.871442671108756
0.4723618090452261,3.0189795918367346,13.365066930649146,0.8824760010664253,26.390097220571526
0.47738693467336685,3.0189795918367346,13.481453080863671,1.0354943010698077,19.981693006336425
0.4824120603015075,3.0189795918367346,13.567915195281659,1.207393663634245,14.709578325576015
0.48743718592964824,3.0189795918367346,13.63207504707141,1.3889180695850492,11.074168101020991
0.49246231155778897,3.0189795918367346,13.681278752869746,1.5751032481112672,8.675053531331024
0.49748743718592964,3.0189795918367346,13.72059286489533,1.763644072680337,7.077463786909131
0.5025125628140703,3.0189795918367346,13.753261891901868,1.953457144803136,5.992978502872026
0.507537688442211,3.0189795918367346,13.781390746958913,2.143999438992286,5.24864103764984
0.5125628140703518,3.0189795918367346,13.806408942257058,2.334976663266138,4.742708518629573
0.5175879396984925,3.0189795918367346,13.829357539757835,2.5262143683299456,4.417825045058575
0.5226130653266332,3.0189795918367346,13.851065373604973,2.717597182719313,4.246578066395765
0.5276381909547738,3.0189795918367346,13.87229136527206,2.909032683683769,4.2281151144414135
0.5326633165829145,3.0189795918367346,13.893866554338405,3.1004299126864607,4.3954179853306705
0.5376884422110553,3.0189795918367346,13.916945768122018,3.2916510913726773,4.855167289422209
0.542713567839196,3.0189795918367346,13.94367306229501,3.482391374639925,5.945688156152062
0.5477386934673367,3.0189795918367346,13.980222764031724,3.671437065319238,9.414551512564854
0.5527638190954773,3.0189795918367346,14.0837504695944,3.7812043529746813,25.89824811813722
0.5577889447236181,3.0189795918367346,14.172221983133847,3.6109665927964643,14.421869134082712
0.5628140703517588,3.0189795918367346,14.240739672434914,3.430965512223649,13.18831009355416
0.5678391959798995,3.0189795918367346,14.30654715737455,3.249947816676191,13.09959315794599
0.5728643216080402,3.0189795918367346,14.373025665221155,3.069174742600525,13.401234798516779
0.5778894472361809,3.0189795918367346,14.441549371366586,2.8891674141862356,13.895313897707377
0.5829145728643216,3.0189795918367346,14.512876279664313,2.7102531256392126,14.509574837106772
0.5879396984924623,3.0189795918367346,14.587524289205964,2.5326996592304036,15.213961988716045
0.592964824120603,3.0189795918367346,14.665909953780584,2.3567651824772105,15.995936763446235
0.5979899497487438,3.0189795918367346,14.748410583015904,2.182723357145001,16.851558511839897
0.6030150753768844,3.0189795918367346,14.835397888158358,2.0108812275804153,17.78225477663517
0.6080402010050251,3.0189795918367346,14.92726237808692,1.8415976638838014,18.794100825859314
0.6130653266331658,3.0189795918367346,15.024438237833955,1.675308141200316,19.898637641806616
0.6180904522613065,3.0189795918367346,15.127434819775312,1.512562503105034,21.114589484313992
0.6231155778894473,3.0189795918367346,15.23687798523564,1.3540844921287505,22.46988195041922
0.628140703517588,3.0189795918367346,15.35355894503985,1.2008639302810944,24.00221141951378
0.6331658291457286,3.0189795918367346,15.47847476269348,1.054290827566136,25.75421703781526
0.6381909547738693,3.0189795918367346,15.61281594155177,0.9163241924315704,27.755692757737503
0.6432160804020101,3.0189795918367346,15.757814591266104,0.7896357984630819,29.98491705318256
0.6482412060301508,3.0189795918367346,15.914337649917444,0.6775392429858595,32.30850976381269
0.6532663316582915,3.0189795918367346,16.082231944000707,0.5833613070802043,34.45796508978274
0.6582914572864321,3.0189795918367346,16.259862070512686,0.5091583576673,36.14388224151828
0.6633165829145728,3.0189795918367346,16.444492718852487,0.4545788085299589,37.24396454763349
0.6683417085427136,3.0189795918367346,16.6333432644081,0.416970663424974,37.85090859555746
0.6733668341708543,3.0189795918367346,16.82438025593619,0.3926235449636768,38.143453439125906
0.678391959798995,3.0189795918367346,17.01641944306742,0.3779853419773149,38.26925059600163
0.6834170854271356,3.0189795918367346,17.208867036376628,0.3702352860141058,38.31634930417566
0.6884422110552764,3.0189795918367346,17.40145255013656,0.3673503884477449,38.32900830581946
0.6934673366834171,3.0189795918367346,17.594060451674313,0.3679643497940198,38.32733535804337
0.6984924623115578,3.0189795918367346,17.78664319200455,0.37119438569328556,38.31976902357886
0.7035175879396985,3.0189795918367346,17.979179932892272,0.3764990964068118,38.30945107706899
0.7085427135678392,3.0189795918367346,18.17165975295968,0.3835778707707126,38.297126728161004
0.7135678391959799,3.0189795918367346,18.364071883294706,0.3923068111270155,38.28234565370472
0.7185929648241206,3.0189795918367346,18.556401156885688,0.4027028276127877,38.26384080073346
0.7236180904522613,3.0189795918367346,18.748623758230575,0.4149108796070833,38.239426943323096
0.7286432160804021,3.0189795918367346,18.940701727494577,0.42921209350959666,38.20547476340856
0.7336683417085427,3.0189795918367346,19.13257288327476,0.44605541401415283,38.15575541942484
0.7386934673366834,3.0189795918367346,19.324132711141495,0.4661216699877615,38.07901122657733
0.7437185929648241,3.0189795918367346,19.515196818742112,0.49044056168412314,37.9534925554167
0.7487437185929648,3.0189795918367346,19.705422539309115,0.5205924398369651,37.734802339301
0.7537688442211056,3.0189795918367346,19.894129727879786,0.5590629601198566,37.32563651110481
0.7587939698492462,3.0189795918367346,20.079875112519638,0.6098336193965478,36.500992388435854
0.7638190954773869,3.0189795918367346,20.259459545898938,0.6791168521656754,34.75492266937946
0.7688442211055276,3.0189795918367346,20.426128498920193,0.7751108032958521,31.199518531781322
0.7738693467336684,3.0189795918367346,20.569187397422137,0.9034661013982193,25.44210305540132
0.7788944723618091,3.0189795918367346,20.68083173173119,1.0600066158570502,19.09895811901414
0.7839195979899497,3.0189795918367346,20.763466597403305,1.2338022852006572,14.074318329184766
0.7889447236180904,3.0189795918367346,20.825004521577398,1.4162429782379486,10.65327995222411
0.7939698492462312,3.0189795918367346,20.872478629286775,1.6028809317719594,8.396866609994065
0.7989949748743719,3.0189795918367346,20.910639477017497,1.7916602907618562,6.890040230818203
0.8040201005025126,3.0189795918367346,20.942524678633497,1.981607347349338,5.864597408569477
0.8090452261306532,3.0189795918367346,20.970115397627215,2.1722286292648296,5.1605124630071515
0.8140703517587939,3.0189795918367346,20.994768690836807,2.363253412258806,4.68425479983341
0.8190954773869347,3.0189795918367346,21.01748480470547,2.5545188638688927,4.383201763080981
0.8241206030150754,3.0189795918367346,21.03907367241817,2.7459149617971446,4.233951647672386
0.8291457286432161,3.0189795918367346,21.060294844352928,2.9373497109959605,4.239731158744583
0.8341708542713567,3.0189795918367346,21.082007009543485,3.1287310727749924,4.440840766535068
0.8391959798994975,3.0189795918367346,21.10545066101899,3.3199074088105514,4.962369851759268
0.8442211055276382,3.0189795918367346,21.13304802190551,3.5105215713415365,6.216734082214073
0.8492462311557789,3.0189795918367346,21.17251696200173,3.698938752816232,10.663856202053081
0.8542713567839196,3.0189795918367346,21.285881506277587,3.758562660696725,21.13496740997217
0.8592964824120602,3.0189795918367346,21.367671658861482,3.5844990693161156,14.084258525769165
0.864321608040201,3.0189795918367346,21.435381857614974,3.4041890462656106,13.134403206079257
0.8693467336683417,3.0189795918367346,21.5011543204201,3.2231592444305117,13.126939371293862
0.8743718592964824,3.0189795918367346,21.567870948518706,3.0424741109384157,13.464781875192354
0.8793969849246231,3.0189795918367346,21.6367700040915,2.8626102964803937,13.97967523414025
0.8844221105527639,3.0189795918367346,21.708559309088326,2.683881174565047,14.608588804126763
0.8894472361809045,3.0189795918367346,21.78373573371198,2.5065509063911984,15.324981919739121
0.8944723618090452,3.0189795918367346,21.862707134868494,2.330878680331864,16.117956334281573
0.8994974874371859,3.0189795918367346,21.945848233758273,2.157142030645215,16.98448732121417
0.9045226130653267,3.0189795918367346,22.033532060476052,1.985654428844802,17.92669138217634
0.9095477386934674,3.0189795918367346,22.12615391930268,1.8167842875688083,18.951384583120348
0.914572864321608,3.0189795918367346,22.22415691866846,1.6509812186945827,20.07102920355224
0.9195979899497487,3.0189795918367346,22.32806479689103,1.4888163890591306,21.305589766502713
0.9246231155778895,3.0189795918367346,22.438524739942775,1.3310461790469779,22.68449247352298
0.9296482412060302,3.0189795918367346,22.556356468919546,1.1787101243611438,24.246674588305464
0.9346733668341709,3.0189795918367346,22.68258866522101,1.0332713680011159,26.034442033399973
0.9396984924623115,3.0189795918367346,22.818432325119684,0.8967874404345166,28.07300216631772
0.9447236180904522,3.0189795918367346,22.96509892073528,0.7720391688993502,30.327929170895956
0.949748743718593,3.0189795918367346,23.123348350913098,0.6623993300885986,32.645285020472144
0.9547738693467337,3.0189795918367346,23.292822467204775,0.571097503975063,34.742372671470314
0.9597989949748744,3.0189795918367346,23.47167527295083,0.49988566024771935,36.3434311522286
0.964824120603015,3.0189795918367346,23.657093351713424,0.44802736085201755,37.360776718258215
0.9698492462311558,3.0189795918367346,23.846373660409864,0.41262296082861216,37.909803361274356
0.9748743718592965,3.0189795918367346,24.037616057868497,0.3899224403030116,38.16983393684968
0.9798994974874372,3.0189795918367346,24.229742891048364,0.37646144900981343,38.27972902106209
0.9849246231155779,3.0189795918367346,24.422222930197687,0.3695411744484235,38.31971498904947
0.9899497487437185,3.0189795918367346,24.614816828615304,0.36724677298141883,38.32937187695525
0.9949748743718593,3.0189795918367346,24.807423375693865,0.3682950585805784,38.326466161418054
1.0,3.0189795918367346,25.0,0.3718586774281559,38.319457318164176
0.0,3.020204081632653,0.0,1.0,17.01405533585025
0.005025125628140704,3.020204081632653,0.09504909389650218,0.8324973748125779,20.960769015478267
0.010050251256281407,3.020204081632653,0.21206346862424683,0.679637382323608,25.727558549281657
0.01507537688442211,3.020204081632653,0.35412221774346897,0.5498859674649654,30.76254383353857
0.020100502512562814,3.020204081632653,0.5195067773012612,0.4516439672578981,34.78460023812461
0.02512562814070352,3.020204081632653,0.7006251595844498,0.3865191685589415,37.01449976507993
0.03015075376884422,3.020204081632653,0.8892948302433739,0.3478240026817515,37.92417413388226
0.035175879396984924,3.020204081632653,1.0807865113840738,0.3266011572472801,38.23148652365244
0.04020100502512563,3.020204081632653,1.2731822430378785,0.3159494689950338,38.32289217764701
0.04522613065326633,3.020204081632653,1.4658309421251376,0.3115261075453678,38.34549688011798
0.05025125628140704,3.020204081632653,1.6585321250278642,0.3107948920993851,38.347978276234436
0.05527638190954774,3.020204081632653,1.851229788011946,0.3123132450865409,38.345328055586926
0.06030150753768844,3.020204081632653,2.043911075247741,0.31526921748534253,38.341809356961896
0.06532663316582915,3.020204081632653,2.2365748618410843,0.31921054516007585,38.338419294395266
0.07035175879396985,3.020204081632653,2.4292221560996454,0.32389147318321204,38.33522547732051
0.07537688442211055,3.020204081632653,2.621853555997488,0.3291871749720543,38.33205737459526
0.08040201005025126,3.020204081632653,2.8144686518138786,0.3350463009024322,38.32869774219923
0.08542713567839195,3.020204081632653,3.007065910705895,0.3414650213501723,38.324918023122514
0.09045226130653267,3.020204081632653,3.1996426060717083,0.3484734430976122,38.320466031150865
0.09547738693467336,3.020204081632653,3.392194623030659,0.356129638596851,38.31503561084488
0.10050251256281408,3.020204081632653,3.584716079991179,0.36451856822022516,38.308223625933365
0.10552763819095477,3.020204081632653,3.7771987089233368,0.3737548363418898,38.29946530108645
0.11055276381909548,3.020204081632653,3.969630780547622,0.38398918820947203,38.28793180895674
0.11557788944723618,3.020204081632653,4.1619954035013125,0.3954194993213506,38.27235841177882
0.12060301507537688,3.020204081632653,4.354267647503697,0.40830804056321135,38.25074293135143
0.12562814070351758,3.020204081632653,4.5464094632888505,0.42300925055295857,38.219726745702175
0.1306532663316583,3.020204081632653,4.738360858837998,0.4400106546856853,38.17372427049548
0.135678391959799,3.020204081632653,4.930023122586231,0.4599994173172821,38.10236801575465
0.1407035175879397,3.020204081632653,5.121224478139792,0.48398236401419037,37.985803653017406
0.1457286432160804,3.020204081632653,5.311649778913484,0.5134708977507327,37.78400357843626
0.1507537688442211,3.020204081632653,5.50067934114799,0.5508218617199594,37.409147630788716
0.15577889447236182,3.020204081632653,5.6870091565861784,0.5997949571222903,36.66046579654791
0.16080402010050251,3.020204081632653,5.867753095385739,0.6663041992696667,35.07615183515076
0.1658291457286432,3.020204081632653,6.036706967369362,0.758458983258848,31.79710677423668
0.1708542713567839,3.020204081632653,6.1834307595728,0.8827625451992412,26.26053435674024
0.17587939698492464,3.020204081632653,6.299105034039102,1.0364380613013828,19.83660324594115
0.18090452261306533,3.020204081632653,6.38487818978352,1.2087894846105036,14.58418668043817
0.18592964824120603,3.020204081632653,6.4484755694070905,1.3906124028177667,10.97495096248155
0.19095477386934673,3.020204081632653,6.4972343690654375,1.5770120739891118,8.595796877890004
0.19597989949748743,3.020204081632653,6.536187328248967,1.7657238209618784,7.011769759569645
0.20100502512562815,3.020204081632653,6.568550197540716,1.9556845626307109,5.935961411096462
0.20603015075376885,3.020204081632653,6.59640691882028,2.146361676346226,5.196846883471062
0.21105527638190955,3.020204081632653,6.621171665627092,2.337466579860377,4.693217923993257
0.21608040201005024,3.020204081632653,6.643872309339566,2.528828441330244,4.368160385337765
0.22110552763819097,3.020204081632653,6.665324537635819,2.7203346357471334,4.193861555579903
0.22613065326633167,3.020204081632653,6.686270409812166,2.9118963048045323,4.168460457013098
0.23115577889447236,3.020204081632653,6.707514714009009,3.1034253952309934,4.321735426262892
0.23618090452261306,3.020204081632653,6.730158762233985,3.2947934180319587,4.75165912000656
0.24120603015075376,3.020204081632653,6.756204022785183,3.485723735994565,5.762826199338388
0.24623115577889448,3.020204081632653,6.7911653547081965,3.6751788601006252,8.835300158947613
0.25125628140703515,3.020204081632653,6.887103332611289,3.809018247730641,30.00684966582698
0.2562814070351759,3.020204081632653,6.980005277660555,3.6417828840872435,14.542587176869418
0.2613065326633166,3.020204081632653,7.048633082634895,3.461725652965643,13.153482695948682
0.2663316582914573,3.020204081632653,7.114147044188461,3.280500899057105,13.024059511916287
0.271356783919598,3.020204081632653,7.18019539252223,3.0994699095771137,13.307250298785405
0.27638190954773867,3.020204081632653,7.248215268770294,2.919171171297223,13.789358436635464
0.2814070351758794,3.020204081632653,7.318984454149241,2.7399345828139263,14.39373562030088
0.2864321608040201,3.020204081632653,7.3930269240805755,2.5620260386491385,15.088806475266498
0.2914572864321608,3.020204081632653,7.470759933483201,2.385699597197675,15.861271080215618
0.2964824120603015,3.020204081632653,7.552558772604184,2.2112230914311723,16.706779547535785
0.3015075376884422,3.020204081632653,7.638791072366268,2.0388957794890006,17.626332790194763
0.3065326633165829,3.020204081632653,7.729840835357664,1.8690659439756776,18.62543997415466
0.31155778894472363,3.020204081632653,7.826132238596265,1.7021540693926869,19.714792579130417
0.3165829145728643,3.020204081632653,7.92815953986586,1.5386879402036309,20.91193825051555
0.32160804020100503,3.020204081632653,8.036526767515719,1.379358018403765,22.24333858168176
0.32663316582914576,3.020204081632653,8.151996076941105,1.2251037964539189,23.745398682676665
0.3316582914572864,3.020204081632653,8.275531894696453,1.0772413109811732,25.460942335147934
0.33668341708542715,3.020204081632653,8.408302092102687,0.9376292056734625,27.424116864361537
0.3417085427135678,3.020204081632653,8.551555631309881,0.8088251868375449,29.62532460928605
0.34673366834170855,3.020204081632653,8.706263118659336,0.6940722438072612,31.952797870300138
0.35175879396984927,3.020204081632653,8.872481800311737,0.5967785529781312,34.155197779745954
0.35678391959798994,3.020204081632653,9.048810455599293,0.5193060258426515,35.93236047663238
0.36180904522613067,3.020204081632653,9.232618754196507,0.4617199840103451,37.12543876884845
0.36683417085427134,3.020204081632653,9.421055301822232,0.42165906993336355,37.799511209795305
0.37185929648241206,3.020204081632653,9.611940675140783,0.39547533836776955,38.130427641920654
0.3768844221105528,3.020204081632653,9.803967814691587,0.3795270021496481,38.27513735566752
0.38190954773869346,3.020204081632653,9.99646918626659,0.37085845582119026,38.330732969237914
0.3869346733668342,3.020204081632653,10.189137240029416,0.3673247146638551,38.34698247380217
0.39195979899497485,3.020204081632653,10.381839540398358,0.367466493558136,38.34677599970002
0.3969849246231156,3.020204081632653,10.574521822237402,0.3703349478003768,38.33983430861488
0.4020100502512563,3.020204081632653,10.767160254791703,0.3753427297225449,38.32986616160264
0.40703517587939697,3.020204081632653,10.959743436347766,0.3821566214789795,38.31788172834736
0.4120603015075377,3.020204081632653,11.152260886942528,0.3906281439415048,38.303575795291614
0.41708542713567837,3.020204081632653,11.34469841988771,0.40075364417667525,38.28580510145751
0.4221105527638191,3.020204081632653,11.537034001006637,0.41265808515467545,38.26255237157091
0.4271356783919598,3.020204081632653,11.7292323894543,0.4265998097091865,38.23048055362203
0.4321608040201005,3.020204081632653,11.921236233748349,0.4429981014182654,38.18389031844182
0.4371859296482412,3.020204081632653,12.112949579417892,0.462491305890573,38.1125670187803
0.44221105527638194,3.020204081632653,12.304204547337653,0.4860436173504856,37.99698595782439
0.4472361809045226,3.020204081632653,12.494691833715825,0.515130533156504,37.79774680555148
0.45226130653266333,3.020204081632653,12.683803886008059,0.5520638908677561,37.42904256654251
0.457286432160804,3.020204081632653,12.870263848177446,0.6005434394031457,36.694110932268224
0.4623115577889447,3.020204081632653,13.05124856959336,0.666402521094755,35.14244050348714
0.46733668341708545,3.020204081632653,13.220679687321152,0.7576875249806653,31.92887289639208
0.4723618090452261,3.020204081632653,13.368234101598768,0.8810092497619817,26.456411288440385
0.47738693467336685,3.020204081632653,13.484929805120919,1.0339069598812363,20.035620341754736
0.4824120603015075,3.020204081632653,13.571612423983064,1.205798531194877,14.743576451439392
0.48743718592964824,3.020204081632653,13.635902840030678,1.3873755544191135,11.093243062806899
0.49246231155778897,3.020204081632653,13.685177630299513,1.5736387234826212,8.685076087359237
0.49748743718592964,3.020204081632653,13.72452728129773,1.76226787005987,7.082082185198633
0.5025125628140703,3.020204081632653,13.75721027864275,1.9521736887053347,5.994207420326442
0.507537688442211,3.020204081632653,13.785339093401953,2.1428107978070474,5.247510557568893
0.5125628140703518,3.020204081632653,13.810347070440505,2.3338839648342256,4.739812382494445
0.5175879396984925,3.020204081632653,13.83327690455457,2.5252184110872182,4.413275860732902
0.5226130653266332,3.020204081632653,13.854957392663838,2.7166987424291715,4.240219264968045
0.5276381909547738,3.020204081632653,13.876145697375788,2.9082328798543986,4.21933115044085
0.5326633165829145,3.020204081632653,13.897668077190513,3.099730421707583,4.382841561495779
0.5376884422110553,3.020204081632653,13.920668112714631,3.2910556680118095,4.835305004692299
0.542713567839196,3.020204081632653,13.947256912927209,3.481910249424539,5.906900593133828
0.5477386934673367,3.020204081632653,13.983448392849116,3.671123938718241,9.277829090683385
0.5527638190954773,3.020204081632653,14.085401689693033,3.78672567038499,26.72718305638927
0.5577889447236181,3.020204081632653,14.174849007971854,3.6170148564481757,14.457629316104848
0.5628140703517588,3.020204081632653,14.243432798566875,3.436939125962403,13.18835257929293
0.5678391959798995,3.020204081632653,14.309213369939037,3.2558116293349926,13.09037192501376
0.5728643216080402,3.020204081632653,14.375634510421161,3.0749175145959793,13.388072974434264
0.5778894472361809,3.020204081632653,14.44408594234286,2.8947823145136455,13.879865970761415
0.5829145728643216,3.020204081632653,14.515330862661036,2.715734379621651,14.49244805369404
0.5879396984924623,3.020204081632653,14.589889062091974,2.5380414272788623,15.195362250122415
0.592964824120603,3.020204081632653,14.668177670484578,2.3619610515773197,15.975905313516517
0.5979899497487438,3.020204081632653,14.75057393196307,2.1877659848131166,16.830035527269146
0.6030150753768844,3.020204081632653,14.837449060888357,2.015761983100668,17.75910142517679
0.6080402010050251,3.020204081632653,14.92919264430292,1.8463061378824852,18.76908556957076
0.6130653266331658,3.020204081632653,15.026237405673077,1.6798314207298832,19.871405270445912
0.6180904522613065,3.020204081632653,15.129090527904562,1.5168840485492026,21.0846261816486
0.6231155778894473,3.020204081632653,15.238374878704986,1.3581824350699532,22.436512154258292
0.628140703517588,3.020204081632653,15.354878022609517,1.2047086233460713,23.964688876137274
0.6331658291457286,3.020204081632653,15.479593663947231,1.0578417304197654,25.71203631370872
0.6381909547738693,3.020204081632653,15.6137118160592,0.9195270623506422,27.70933370437491
0.6432160804020101,3.020204081632653,15.758471688250834,0.7924229605708276,29.936964318327252
0.6482412060301508,3.020204081632653,15.914761553369534,0.6798402698900778,32.264858767579895
0.6532663316582915,3.020204081632653,16.08246324243272,0.5851289312810531,34.42613773391025
0.6582914572864321,3.020204081632653,16.259973877266244,0.5104000645940865,36.12841151474205
0.6633165829145728,3.020204081632653,16.444565867750214,0.45536382151358146,37.2433726905592
0.6683417085427136,3.020204081632653,16.633440556428873,0.4174019882205779,37.8602278476464
0.6733668341708543,3.020204081632653,16.82453929838435,0.3928022331231351,38.1580881589551
0.678391959798995,3.020204081632653,17.01665909921065,0.377991304359177,38.28636331642034
0.6834170854271356,3.020204081632653,17.20919574377157,0.37012444515892196,38.334519981776715
0.6884422110552764,3.020204081632653,17.40187381019389,0.3671591546275343,38.347608059061685
0.6934673366834171,3.020204081632653,17.594575682528614,0.36771520209907915,38.34610855755948
0.6984924623115578,3.020204081632653,17.78725319628367,0.3709004011569831,38.33862271521107
0.7035175879396985,3.020204081632653,17.979884794927983,0.376167040853225,38.328361513650535
0.7085427135678392,3.020204081632653,18.172459770866787,0.3832101783511626,38.31610058579059
0.7135678391959799,3.020204081632653,18.364967401725316,0.3919026979163802,38.30140838377178
0.7185929648241206,3.020204081632653,18.557392700333416,0.40225878823846817,38.283035945648535
0.7236180904522613,3.020204081632653,18.749712285266884,0.41442070447970425,38.25882409876098
0.7286432160804021,3.020204081632653,18.94188842069298,0.4286663904702569,38.22518748640111
0.7336683417085427,3.020204081632653,19.133859866858696,0.44544060247091977,38.17598160739769
0.7386934673366834,3.020204081632653,19.325523258112376,0.4654180737141826,38.10011382135857
0.7437185929648241,3.020204081632653,19.51669699698326,0.48961926451433724,37.976167856194664
0.7487437185929648,3.020204081632653,19.70704339032427,0.5196096919172237,37.76049073250894
0.7537688442211056,3.020204081632653,19.89589324653956,0.5578510669402407,37.35748781813542
0.7587939698492462,3.020204081632653,20.081827744200538,0.6082879448000933,36.54609161940049
0.7638190954773869,3.020204081632653,20.261700844419146,0.6770875003701018,34.82795606028477
0.7688442211055276,3.020204081632653,20.428844664081492,0.7724484330068744,31.317866628789478
0.7738693467336684,3.020204081632653,20.572584991956955,0.900181538985044,25.588210349509875
0.7788944723618091,3.020204081632653,20.684927227271245,1.0563323298758869,19.223530185986387
0.7839195979899497,3.020204081632653,20.76808445364975,1.229979163583582,14.157935217544239
0.7889447236180904,3.020204081632653,20.829957926088642,1.4124039371841626,10.705276035365923
0.7939698492462312,3.020204081632653,20.87763883701366,1.5990854449495515,8.4287747090816
0.7989949748743719,3.020204081632653,20.915926240144774,1.7879346835545662,6.909505457676289
0.8040201005025126,3.020204081632653,20.94788751410497,1.9779639940268043,5.8760171747262495
0.8090452261306532,3.020204081632653,20.975520816723883,2.1686738616383288,5.166352988177118
0.8140703517587939,3.020204081632653,21.000192584073165,2.3597908199072375,4.685925194918593
0.8190954773869347,3.020204081632653,21.02290769141043,2.551150833886007,4.3812165711862345
0.8241206030150754,3.020204081632653,21.04447732755368,2.7426435022084723,4.228258379413885
0.8291457286432161,3.020204081632653,21.065658826225928,2.934177276632851,4.229392553604884
0.8341708542713567,3.020204081632653,21.087302947973416,3.1256607684391255,4.4234729208275825
0.8391959798994975,3.020204081632653,21.11062964794412,3.316945993741588,4.93139925095296
0.8442211055276382,3.020204081632653,21.137996306679238,3.5076886771282925,6.148403118583017
0.8492462311557789,3.020204081632653,21.176751791240726,3.6963604624585935,10.357838405506191
0.8542713567839196,3.020204081632653,21.288380674792588,3.766390558182304,21.833424630386265
0.8592964824120602,3.020204081632653,21.371217374866763,3.592778135020191,14.136037213437078
0.864321608040201,3.020204081632653,21.43903211450277,3.412407810254667,13.13635894206726
0.8693467336683417,3.020204081632653,21.50477236077909,3.231266400383258,13.114408854547527
0.8743718592964824,3.020204081632653,21.571407894485247,3.0504514568479575,13.445739090945203
0.8793969849246231,3.020204081632653,21.64020089626226,2.870446599339831,13.956766851984241
0.8844221105527639,3.020204081632653,21.711867658582282,2.691567210975816,14.58282687636654
0.8894472361809045,3.020204081632653,21.78690835685263,2.5140775815954566,15.296759697233822
0.8944723618090452,3.020204081632653,21.865732000621108,2.338236167675953,16.087372851832527
0.8994974874371859,3.020204081632653,21.948713371708042,2.164319187245605,16.95147679323699
0.9045226130653267,3.020204081632653,22.036224821062465,1.9926382025320901,17.891049139337298
0.9095477386934674,3.020204081632653,22.12866023680863,1.8235589495658067,18.91274713737296
0.914572864321608,3.020204081632653,22.226460402536933,1.6575271799954678,20.02882235129161
0.9195979899497487,3.020204081632653,22.330145527581504,1.4951083935158436,21.258974849506576
0.9246231155778895,3.020204081632653,22.440357855304303,1.3370505228330933,22.63234803957551
0.9296482412060302,3.020204081632653,22.557910979377233,1.184380621869416,24.18772662409434
0.9346733668341709,3.020204081632653,22.68382775388942,1.038544188387458,25.967780871671902
0.9396984924623115,3.020204081632653,22.819317810617324,0.9015763818985707,27.999236065266295
0.9447236180904522,3.020204081632653,22.965603293833862,0.7762360027351852,30.251107920011705
0.949748743718593,3.020204081632653,23.123477370068514,0.6658914170682658,32.57455962014169
0.9547738693467337,3.020204081632653,23.292635518190146,0.5738091671148864,34.689059658240865
0.9597989949748744,3.020204081632653,23.471279353538808,0.5018257066401878,36.31386670286643
0.964824120603015,3.020204081632653,23.656604660933578,0.449296520128642,37.352398315987045
0.9698492462311558,3.020204081632653,23.845881039967676,0.41337024561231805,37.915355612681736
0.9748743718592965,3.020204081632653,24.03717224411619,0.3902934631068765,38.18283616456231
0.9798994974874372,3.020204081632653,24.22937435810162,0.3765717080379211,38.29621952951044
0.9849246231155779,3.020204081632653,24.421941567374173,0.36947223867268975,38.337710473028956
0.9899497487437185,3.020204081632653,24.61462767286305,0.3670524906769177,38.34798481113749
0.9949748743718593,3.020204081632653,24.807328398496793,0.36800927511592874,38.34533087555552
1.0,3.020204081632653,25.0,0.3715014740014073,38.33843221041287
0.0,3.0214285714285714,0.0,1.0,17.01406980304065
0.005025125628140704,3.0214285714285714,0.09505638144433644,0.8323935696976585,20.96399497751269
0.010050251256281407,3.0214285714285714,0.21209994066562946,0.6794379600473442,25.73637003142623
0.01507537688442211,3.0214285714285714,0.35422087440170574,0.5496163008499785,30.7784660208716
0.020100502512562814,3.0214285714285714,0.5196989760071136,0.4513492814733525,34.80516335780826
0.02512562814070352,3.0214285714285714,0.7009232036412779,0.3862420688643195,37.035548504688386
0.03015075376884422,3.0214285714285714,0.889696214473863,0.3475830341017975,37.94421625915943
0.035175879396984924,3.0214285714285714,1.0812864576338794,0.32639586916578633,38.25074919739089
0.04020100502512563,3.0214285714285714,1.273777912688168,0.31577242665778243,38.34178047696563
0.04522613065326633,3.0214285714285714,1.4665210987335149,0.311369284345266,38.36423934746784
0.05025125628140704,3.0214285714285714,1.6593163317416977,0.3106516846009382,38.36667442635043
0.05527638190954774,3.0214285714285714,1.8521078828455437,0.312178758770511,38.36401562798356
0.06030150753768844,3.0214285714285714,2.0448830845777075,0.3151399616883567,38.360500920171354
0.06532663316582915,3.0214285714285714,2.237640817198562,0.3190840893563083,38.3571182130432
0.07035175879396985,3.0214285714285714,2.4303820957961118,0.3237661143838379,38.35393205576356
0.07537688442211055,3.0214285714285714,2.6231075167744144,0.3290617094212736,38.35077110744328
0.08040201005025126,3.0214285714285714,2.815816668419239,0.3349198571144328,38.34741819078745
0.08542713567839195,3.0214285714285714,3.0085080167223572,0.3413369451974834,38.34364507842639
0.09045226130653267,3.0214285714285714,3.2011788340538687,0.3483432214121514,38.339199961134945
0.09547738693467336,3.0214285714285714,3.393825009999727,0.35599684867148884,38.33377709867499
0.10050251256281408,3.0214285714285714,3.586440667847774,0.3643828450768445,38.326973807039025
0.10552763819095477,3.0214285714285714,3.7790175416253446,0.3736158532681776,38.318225832667174
0.11055276381909548,3.0214285714285714,3.9715439200051423,0.38384664951580566,38.30670497669593
0.11557788944723618,3.0214285714285714,4.164002917608602,0.39527314354495063,38.291147290521586
0.12060301507537688,3.0214285714285714,4.356369620882916,0.4081576586274062,38.2695519042424
0.12562814070351758,3.0214285714285714,4.548606010239219,0.42285479030744955,38.238560819101956
0.1306532663316583,3.0214285714285714,4.740652115157589,0.43985214273197226,38.1925862311667
0.135678391959799,3.0214285714285714,4.932409238937531,0.45983734399731835,38.12125812391626
0.1407035175879397,3.0214285714285714,5.12370559414891,0.4838180460821681,38.00472146034226
0.1457286432160804,3.0214285714285714,5.314225917681081,0.5133070660080341,37.80288402835775
0.1507537688442211,3.0214285714285714,5.503349962700537,0.5506645592973537,37.427824971046405
0.15577889447236182,3.0214285714285714,5.689771834071253,0.5996567611140172,36.67821050523941
0.16080402010050251,3.0214285714285714,5.870598940229859,0.666211189744232,35.09084549243507
0.1658291457286432,3.0214285714285714,6.039609116016001,0.7584569867316687,31.8037673597871
0.1708542713567839,3.0214285714285714,6.186334785813331,0.8829016678130518,26.25418894722177
0.17587939698492464,3.0214285714285714,6.301951582408273,1.0367374973079977,19.821353433087726
0.18090452261306533,3.0214285714285714,6.387644113471136,1.2092341466091467,14.568108541271963
0.18592964824120603,3.0214285714285714,6.4511653668058,1.3911833982188881,10.960954515805666
0.19095477386934673,3.0214285714285714,6.499859500384813,1.5776971988499366,8.584097086871957
0.19597989949748743,3.0214285714285714,6.538758134794841,1.766516150729904,7.001847861708058
0.20100502512562815,3.0214285714285714,6.57107443144687,1.956580172198094,5.9273183825516265
0.20603015075376885,3.0214285714285714,6.5988900226963025,2.147358275358715,5.189059885035912
0.21105527638190955,3.0214285714285714,6.623617107568207,2.3385628252744266,4.685968789948298
0.21608040201005024,3.0214285714285714,6.646281999265772,2.5300235640811026,4.3611349509668145
0.22110552763819097,3.0214285714285714,6.667698856334962,2.7216282868059394,4.186768647235241
0.22613065326633167,3.0214285714285714,6.688608067187415,2.913288447779598,4.160881367722208
0.23115577889447236,3.0214285714285714,6.709811813594693,3.104916583851899,4.313036063299773
0.23618090452261306,3.0214285714285714,6.732406829117708,3.296385047308598,4.740503841000907
0.24120603015075376,3.0214285714285714,6.758382837473515,3.487419722088303,5.745284205710994
0.24623115577889448,3.0214285714285714,6.7932049147361075,3.6769970351761927,8.788247907762958
0.25125628140703515,3.0214285714285714,6.888461346539884,3.812685168021888,30.394990059964847
0.2562814070351759,3.0214285714285714,6.981738580219043,3.6456357524984444,14.549118593053521
0.2613065326633166,3.0214285714285714,7.050363294687547,3.4654769550294517,13.148972698593619
0.2663316582914573,3.0214285714285714,7.1158475387078335,3.284141508231918,13.017186233276908
0.271356783919598,3.0214285714285714,7.181858806290895,3.1029969858447224,13.299471053707203
0.27638190954773867,3.0214285714285714,7.249838183818533,2.92258253459912,13.781038363757173
0.2814070351758794,3.0214285714285714,7.3205644089357165,2.743227954449186,14.384960576508046
0.2864321608040201,3.0214285714285714,7.3945615995668,2.56519878369168,15.079556773087182
0.2914572864321608,3.0214285714285714,7.472246862844731,2.388748599308346,15.851508129409101
0.2964824120603015,3.0214285714285714,7.5539952184553645,2.2141446438099184,16.696438089419132
0.3015075376884422,3.0214285714285714,7.640173922310571,2.041685438088832,17.615326737828028
0.3065326633165829,3.0214285714285714,7.731166467060877,1.8717183073039556,18.613649290611942
0.31155778894472363,3.0214285714285714,7.827396324101352,1.7046624439492721,19.702056319172463
0.3165829145728643,3.0214285714285714,7.929356787720758,1.5410438277265723,20.89803459724428
0.32160804020100503,3.0214285714285714,8.037650657360148,1.3815503613638365,22.228001205180398
0.32663316582914576,3.0214285714285714,8.153038758022284,1.227117950124179,23.728381886566737
0.3316582914572864,3.0214285714285714,8.276484643883752,1.0790578412469924,25.44219004239326
0.33668341708542715,3.0214285714285714,8.409157106877055,0.9392230558728115,27.40413733217048
0.3417085427135678,3.0214285714285714,8.552310139778152,0.810166669664182,29.605698054326442
0.34673366834170855,3.0214285714285714,8.706926288565507,0.695132981255534,31.936634374596366
0.35175879396984927,3.0214285714285714,8.87308060083832,0.5975439195781111,34.146316375034
0.35678391959798994,3.0214285714285714,9.049387975597877,0.5197907941015539,35.93284726052226
0.36180904522613067,3.0214285714285714,9.233220460659673,0.4619697952881786,37.134164648377414
0.36683417085427134,3.0214285714285714,9.421715485601853,0.42173438663815177,37.813557785463395
0.37185929648241206,3.0214285714285714,9.612679180565328,0.3954321446513286,38.14721206426549
0.3768844221105528,3.0214285714285714,9.804794150510181,0.3794074556028493,38.293133322135716
0.38190954773869346,3.0214285714285714,9.997387359888231,0.37069046100561753,38.34921297407876
0.3869346733668342,3.0214285714285714,10.190148811410442,0.36712528918804677,38.36564559114509
0.39195979899497485,3.0214285714285714,10.382945102165808,0.36724531713917635,38.3655104575195
0.3969849246231156,3.0214285714285714,10.57572159912555,0.3700970117143485,38.358604206029696
0.4020100502512563,3.0214285714285714,10.768454431517286,0.37509007111876963,38.3486660339345
0.40703517587939697,3.0214285714285714,10.96113217324362,0.38188935033163773,38.33671793330157
0.4120603015075377,3.0214285714285714,11.153744387732278,0.39034502735950516,38.32246138341944
0.41708542713567837,3.0214285714285714,11.346277004893603,0.4004523398311166,38.30476159378705
0.4221105527638191,3.0214285714285714,11.53870808554301,0.41233514236564683,38.281613208673754
0.4271356783919598,3.0214285714285714,11.731002630475832,0.42625047796817384,38.24969764746387
0.4321608040201005,3.0214285714285714,11.923103607548157,0.44261591447396653,38.20335172556819
0.4371859296482412,3.0214285714285714,12.114915663636602,0.4620673168506366,38.132433620408634
0.44221105527638194,3.0214285714285714,12.306272061256943,0.48556520223221383,38.017561747611985
0.4472361809045226,3.0214285714285714,12.496865593676635,0.5145791760767296,37.81959994815936
0.45226130653266333,3.0214285714285714,12.686093146193086,0.55141206245737,37.45347131795376
0.457286432160804,3.0214285714285714,12.87268723879857,0.5997503431117632,36.72366741479739
0.4623115577889447,3.0214285714285714,13.053844374461617,0.6654122637679515,35.18281507703946
0.46733668341708545,3.0214285714285714,13.223517720943605,0.7564476491451141,31.987139855739432
0.4723618090452261,3.0214285714285714,13.371389899767216,0.8795347621493778,26.523300370218042
0.47738693467336685,3.0214285714285714,13.488398114653377,1.0323091629432593,20.090127346445897
0.4824120603015075,3.0214285714285714,13.575304111235516,1.2041914184301845,14.778013419220754
0.48743718592964824,3.0214285714285714,13.639727021043818,1.3858204863754813,11.112605757433455
0.49246231155778897,3.0214285714285714,13.689074108960058,1.57216148617275,8.695291964389925
0.49748743718592964,3.0214285714285714,13.72846007209334,1.7608789695372349,7.086845001740468
0.5025125628140703,3.0214285714285714,13.761157567899957,1.9508776206605807,5.99553916140578
0.507537688442211,3.0214285714285714,13.78928673409136,2.141609659656623,5.246440270850852
0.5125628140703518,3.0214285714285714,13.81428481454138,2.3327788927046518,4.736987167967061
0.5175879396984925,3.0214285714285714,13.837196146178194,2.524210183985235,4.408785683708752
0.5226130653266332,3.0214285714285714,13.858849540699458,2.7157881533739348,4.2339274597138665
0.5276381909547738,3.0214285714285714,13.880000456913756,2.9074210408151973,4.210605226170831
0.5326633165829145,3.0214285714285714,13.901470406018799,3.099018947716801,4.370357959280123
0.5376884422110553,3.0214285714285714,13.924391943144522,3.290448286033622,4.815633539366886
0.542713567839196,3.0214285714285714,13.950843873963034,3.481416985356117,5.868664745425201
0.5477386934673367,3.0214285714285714,13.986685364170553,3.6707962891752617,9.145565394545411
0.5527638190954773,3.0214285714285714,14.086971721399177,3.792185204213981,27.647826095362063
0.5577889447236181,3.0214285714285714,14.177471041164868,3.623074815643871,14.494884994320541
0.5628140703517588,3.0214285714285714,14.246124306478233,3.4429255815499182,13.188673189729576
0.5678391959798995,3.0214285714285714,14.31187868284887,3.2616888079064745,13.081254614891053
0.5728643216080402,3.0214285714285714,14.3782427881925,3.080673640678049,13.374960547502111
0.5778894472361809,3.0214285714285714,14.4466221110735,2.900410521881341,13.864441741652229
0.5829145728643216,3.0214285714285714,14.517785148207468,2.7212288817309265,14.475338681073104
0.5879396984924623,3.0214285714285714,14.59225361586469,2.543396392434869,15.176776527834484
0.592964824120603,3.0214285714285714,14.670445238701056,2.3671700822699764,15.955887732131623
0.5979899497487438,3.0214285714285714,14.752737203538848,2.192821763248862,16.80852741408462
0.6030150753768844,3.0214285714285714,14.839500237890977,2.020655909070711,17.735965382805137
0.6080402010050251,3.0214285714285714,14.931123014735908,1.8510278482333093,18.744093031453104
0.6130653266331658,3.0214285714285714,15.028036807807142,1.6843680671955006,19.844202670478975
0.6180904522613065,3.0214285714285714,15.130746640499893,1.5212191857835544,21.054700629723317
0.6231155778894473,3.0214285714285714,15.239872393996281,1.362294326294418,22.40318755645685
0.628140703517588,3.0214285714285714,15.356197972291463,1.2085678040286723,23.92721448998806
0.6331658291457286,3.0214285714285714,15.480713658300674,1.0614078842720636,25.669889252731643
0.6381909547738693,3.0214285714285714,15.614608826045076,0.9227461511573858,27.66294735504399
0.6432160804020101,3.0214285714285714,15.759129517279405,0.79522735607948,29.888851520478685
0.6482412060301508,3.0214285714285714,15.915185028158854,0.6821591115044725,32.2208641058726
0.6532663316582915,3.0214285714285714,16.082692033959347,0.5869136193155342,34.3938443971069
0.6582914572864321,3.0214285714285714,16.260080788746155,0.5116564846509972,36.11249010417035
0.6633165829145728,3.0214285714285714,16.444632191640384,0.4561601813697792,37.242477492180036
0.6683417085427136,3.0214285714285714,16.633529890933026,0.41784132610255587,37.86939341237372
0.6733668341708543,3.0214285714285714,16.824689895012256,0.3929862908308858,38.17267198206926
0.678391959798995,3.0214285714285714,17.01689017964046,0.3780008028527023,38.303474493667714
0.6834170854271356,3.0214285714285714,17.20951591579787,0.3700159578304664,38.35271095915841
0.6884422110552764,3.0214285714285714,17.402286720473885,0.3669695512682869,38.366237077206215
0.6934673366834171,3.0214285714285714,17.59508283001198,0.36746725953445664,38.36491410444789
0.6984924623115578,3.0214285714285714,17.787854594194762,0.3706073842628273,38.35750964233578
0.7035175879396985,3.0214285714285714,17.980581252783182,0.3758358416249456,38.34730548858357
0.7085427135678392,3.0214285714285714,18.1732515888813,0.38284331989307974,38.33510713089816
0.7135678391959799,3.0214285714285714,18.365854980733747,0.3914994672439579,38.32050289152869
0.7185929648241206,3.0214285714285714,18.558376612904553,0.40181574045988044,38.30226184440198
0.7236180904522613,3.0214285714285714,18.7507932271193,0.4139316713202914,38.2782500111369
0.7286432160804021,3.0214285714285714,18.943067764359512,0.4281220713571727,38.244924886507135
0.7336683417085427,3.0214285714285714,19.135139483031463,0.4448275019884171,38.19622655271409
0.7386934673366834,3.0214285714285714,19.32690663507353,0.46471667605554,38.12122822387784
0.7437185929648241,3.0214285714285714,19.518189960367067,0.48880091072052323,37.9988291673585
0.7487437185929648,3.0214285714285714,19.708656843039126,0.5186309616821867,37.78612529381987
0.7537688442211056,3.0214285714285714,19.89764887942993,0.5566447578140314,37.38917326183898
0.7587939698492462,3.0214285714285714,20.083771249953156,0.6067502961537516,36.59083804163059
0.7638190954773869,3.0214285714285714,20.263930491031807,0.6750687568847232,34.90036996729195
0.7688442211055276,3.0214285714285714,20.431545417908264,0.769797340521865,31.43513398840113
0.7738693467336684,3.0214285714285714,20.57596536026154,0.8969041491352525,25.73439974824925
0.7788944723618091,3.0214285714285714,20.68900934678376,1.0526586239243252,19.349449703294326
0.7839195979899497,3.0214285714285714,20.772694255087746,1.2261525098232693,14.242455902422392
0.7889447236180904,3.0214285714285714,20.83490719521092,1.4085596209467612,10.757878040917532
0.7939698492462312,3.0214285714285714,20.882797327148,1.5952840387233942,8.461043394732393
0.7989949748743719,3.0214285714285714,20.921212778028274,1.7842029685985628,6.929220446649471
0.8040201005025126,3.0214285714285714,20.953251088819997,1.9743145184598152,5.88760344858982
0.8090452261306532,3.0214285714285714,20.98092766896968,2.165113033255629,5.172328120971836
0.8140703517587939,3.0214285714285714,21.00561850205314,2.3563222846797647,4.6877166039961615
0.8190954773869347,3.0214285714285714,21.028333121102296,2.5477769964160815,4.379337851292384
0.8241206030150754,3.0214285714285714,21.04988410064092,2.73936637300839,4.222702105148106
0.8291457286432161,3.0214285714285714,21.0710266539738,2.9309991083168065,4.219230827006562
0.8341708542713567,3.0214285714285714,21.092603872742654,3.12258472914638,4.406399195326795
0.8391959798994975,3.0214285714285714,21.115815834062694,3.3139786344603372,4.901060672014301
0.8442211055276382,3.0214285714285714,21.14295765327934,3.504848850705698,6.0821508545363985
0.8492462311557789,3.0214285714285714,21.18103509614493,3.6937639290857343,10.073314226814258
0.8542713567839196,3.0214285714285714,21.290771257778168,3.774150292585916,22.63339008175818
0.8592964824120602,3.0214285714285714,21.37475819652005,3.6010620348436406,14.190900179530802
0.864321608040201,3.0214285714285714,21.442684953176876,3.4206340931746166,13.139000814931904
0.8693467336683417,3.0214285714285714,21.508395050778304,3.239381958179776,13.102143844373677
0.8743718592964824,3.0214285714285714,21.574950536484934,3.058437376262598,13.426846807567875
0.8793969849246231,3.0214285714285714,21.643638132913107,2.878291657915806,13.933974067783298
0.8844221105527639,3.0214285714285714,21.715182867879797,2.6992621971902535,14.557161774779916
0.8894472361809045,3.0214285714285714,21.7900883208272,2.5216134199460143,15.268633529686344
0.8944723618090452,3.0214285714285714,21.868764693675445,2.3456030757728725,16.056887500305862
0.8994974874371859,3.0214285714285714,21.951586850952957,2.1715060935445454,16.918572114902922
0.9045226130653267,3.0214285714285714,22.03892648509662,1.9996321544255862,17.855525353377285
0.9095477386934674,3.0214285714285714,22.131176099068554,1.8303443463740998,18.87424662529783
0.914572864321608,3.0214285714285714,22.228774181418864,1.6640846235099276,19.986777240596783
0.9195979899497487,3.0214285714285714,22.332237457456046,1.50141289565863,21.21255807367376
0.9246231155778895,3.0214285714285714,22.442203266711505,1.343068768747189,22.580442993177385
0.9296482412060302,3.0214285714285714,22.559479075929815,1.1900669769242878,24.12905192601488
0.9346733668341709,3.0214285714285714,22.68508181485851,1.0438355362447647,25.90138791777344
0.9396984924623115,3.0214285714285714,22.820219414761628,0.9063872903328171,27.92562025848084
0.9447236180904522,3.0214285714285714,22.966124053157664,0.7804587176523432,30.17417943206607
0.949748743718593,3.0214285714285714,23.1236213170725,0.6694126443940277,32.50330299188946
0.9547738693467337,3.0214285714285714,23.292459919531076,0.5765505746337876,34.63488151613829
0.9597989949748744,3.0214285714285714,23.470890240739664,0.503792512671686,36.283422791182026
0.964824120603015,3.0214285714285714,23.656118957047706,0.4505869387165314,37.34339788113531
0.9698492462311558,3.0214285714285714,23.84538901533519,0.41413293046122224,37.920577405852136
0.9748743718592965,3.0214285714285714,24.03672792988939,0.3906750778125569,38.19569867419629
0.9798994974874372,3.0214285714285714,24.229004870992117,0.37668915578499174,38.3126696756713
0.9849246231155779,3.0214285714285714,24.421659233657866,0.36940827534504944,38.35571006251634
0.9899497487437185,3.0214285714285714,24.614437617231168,0.3668618301155151,38.36662000930838
0.9949748743718593,3.0214285714285714,24.807232794937377,0.3677263621833571,38.36422619264055
1.0,3.0214285714285714,25.0,0.3711466116790382,38.357466547567064
0.0,3.02265306122449,0.0,1.0,17.014082966688953
0.005025125628140704,3.02265306122449,0.09506366109930575,0.8322897760728319,20.967219444261
0.010050251256281407,3.02265306122449,0.21213640356564434,0.6792385610734561,25.7451834442662
0.01507537688442211,3.02265306122449,0.3543195474702155,0.5493466934305353,30.794396200675298
0.020100502512562814,3.02265306122449,0.5198912341915165,0.451054743628042,34.82573326206583
0.02512562814070352,3.02265306122449,0.7012213248486786,0.38596521735410616,37.056597731174605
0.03015075376884422,3.02265306122449,0.8900976667688234,0.3473423651774348,37.96425527966296
0.035175879396984924,3.02265306122449,1.0817864575774816,0.3261908810425889,38.270009123627
0.04020100502512563,3.02265306122449,1.2743736249224225,0.3155956578464212,38.36066714342173
0.04522613065326633,3.02265306122449,1.4672112925418888,0.3112126993763971,38.38298069679672
0.05025125628140704,3.02265306122449,1.6601005497715429,0.3105086813320614,38.38536978944866
0.05527638190954774,3.02265306122449,1.8529860512699643,0.31204444820349087,38.3827025660181
0.06030150753768844,3.02265306122449,2.04585516409643,0.3150108586589897,38.37919185866332
0.06532663316582915,3.02265306122449,2.2387068390304328,0.3189577680026392,38.37581652311492
0.07035175879396985,3.02265306122449,2.4315420985218377,0.32364087576624345,38.37263801793182
0.07537688442211055,3.02265306122449,2.624361537538419,0.3289363531409638,38.36948420766072
0.08040201005025126,3.02265306122449,2.8171647419555423,0.3347935141686566,38.36613798988181
0.08542713567839195,3.02265306122449,3.0099501758192737,0.34120896317488236,38.36237146985695
0.09045226130653267,3.02265306122449,3.2027151134383716,0.34821308838354775,38.35793321627571
0.09547738693467336,3.02265306122449,3.3954554448246745,0.35586414251808535,38.352517904338235
0.10050251256281408,3.02265306122449,3.5881652973014604,0.36424720091219454,38.34572330315967
0.10552763819095477,3.02265306122449,3.7808364163172548,0.373476944484178,38.33698568237342
0.11055276381909548,3.02265306122449,3.973457093884705,0.38370417936330026,38.32547747609295
0.11557788944723618,3.02265306122449,4.166010463420708,0.3951268495932312,38.30993553264148
0.12060301507537688,3.02265306122449,4.358471630695964,0.40800732994182815,38.288360322055595
0.12562814070351758,3.02265306122449,4.55080258279325,0.42270037044801656,38.25739457055788
0.1306532663316583,3.02265306122449,4.742943394027889,0.439693657675458,38.21144741752115
0.135678391959799,3.02265306122449,4.934795382164935,0.45967527979201667,38.140147634970795
0.1407035175879397,3.02265306122449,5.126186736249669,0.48365370302623506,38.0236403633849
0.1457286432160804,3.02265306122449,5.316802078695196,0.5131431710273018,37.82176486578997
0.1507537688442211,3.02265306122449,5.506020615409268,0.5505071247153542,37.44651078079914
0.15577889447236182,3.02265306122449,5.6925345575993855,0.599518371942823,36.69595267893356
0.16080402010050251,3.02265306122449,5.8734448526221765,0.6661179040636317,35.10557697613231
0.1658291457286432,3.02265306122449,6.04251139041378,0.7584545824969607,31.81063467311877
0.1708542713567839,3.02265306122449,6.18923889679964,0.8830403335727657,26.24795055928168
0.17587939698492464,3.02265306122449,6.304798222199211,1.0370363390607384,19.806111881956134
0.18090452261306533,3.02265306122449,6.39041027665089,1.2096780256800233,14.552101642795627
0.18592964824120603,3.02265306122449,6.4538555722275515,1.3917534769190252,10.94697219702806
0.19095477386934673,3.02265306122449,6.502485202143491,1.5783813177556543,8.572416247110718
0.19597989949748743,3.02265306122449,6.5413296469248365,1.7673074131831796,6.991951007773833
0.20100502512562815,3.02265306122449,6.5735994872773915,1.9574746701820382,5.918701526893536
0.20603015075376885,3.02265306122449,6.601374047545053,2.1483537295621367,5.18128546092288
0.21105527638190955,3.02265306122449,6.626063563784333,2.339657897271422,4.678730821821588
0.21608040201005024,3.02265306122449,6.648692790810294,2.5312174883603222,4.354132904872325
0.22110552763819097,3.02265306122449,6.670074365703185,2.7229207147971364,4.1796982319145135
0.22613065326633167,3.02265306122449,6.690947014946603,2.914679420674093,4.15332158607624
0.23115577889447236,3.02265306122449,6.712110315550149,3.106406586279775,4.3043600621596
0.23618090452261306,3.02265306122449,6.734656452237447,3.2979754494803175,4.729386477896501
0.24120603015075376,3.02265306122449,6.760563491737373,3.489114402837771,5.727834736823534
0.24623115577889448,3.02265306122449,6.795247307426639,3.6788135672705016,8.741659568457644
0.25125628140703515,3.02265306122449,6.889809052870767,3.8163409685250844,30.796668701767164
0.2562814070351759,3.02265306122449,6.983473039930912,3.6494915754668367,14.555807883811074
0.2613065326633166,3.02265306122449,7.052095009069674,3.469231358914411,13.144488378550978
0.2663316582914573,3.02265306122449,7.117549630401069,3.2877852705384414,13.010329560253671
0.271356783919598,3.02265306122449,7.183523868095022,3.1065272472917567,13.291701488094127
0.27638190954773867,3.02265306122449,7.251462777999011,2.925997131429268,13.772723113055765
0.2814070351758794,3.02265306122449,7.322146068593291,2.746524611867082,14.376191515696586
0.2864321608040201,3.02265306122449,7.396098001485919,2.5683748706043543,15.070311088025203
0.2914572864321608,3.02265306122449,7.473735539002446,2.3918010052673018,15.841749390306505
0.2964824120603015,3.02265306122449,7.555433430461177,2.21706966948736,16.686100434184223
0.3015075376884422,3.02265306122449,7.641558558170093,2.044478649134412,17.60432443859262
0.3065326633165829,3.02265306122449,7.732493905574784,1.8743743161356001,18.601863647049345
0.31155778894472363,3.02265306122449,7.828662240317999,1.7071745751377287,19.689325145814745
0.3165829145728643,3.02265306122449,7.930555892698619,1.543403606964582,20.884135548257238
0.32160804020100503,3.02265306122449,8.038776429615982,1.3837467631711162,22.212666674283952
0.32663316582914576,3.02265306122449,8.154083335298917,1.229136368772059,23.711363623216936
0.3316582914572864,3.02265306122449,8.27743926645765,1.0808788805282472,25.423426840732226
0.33668341708542715,3.02265306122449,8.410013884557433,0.9408216744907263,27.384115883490765
0.3417085427135678,3.02265306122449,8.553066163291343,0.8115131522320348,29.58598969172886
0.34673366834170855,3.02265306122449,8.707590497345313,0.6961987568283785,31.92033970669166
0.35175879396984927,3.02265306122449,8.873679707958445,0.5983139250178496,34.137283494674634
0.35678391959798994,3.02265306122449,9.049965037668185,0.5202793803088182,35.933195432618334
0.36180904522613067,3.02265306122449,9.233821124895666,0.46222240792632374,37.14280073417601
0.36683417085427134,3.02265306122449,9.422374297221655,0.42181158896308857,37.827557994645495
0.37185929648241206,3.02265306122449,9.61341615797118,0.395390173766718,38.16397735695699
0.3768844221105528,3.02265306122449,9.80561888238751,0.37928871818701676,38.311121547431924
0.38190954773869346,3.02265306122449,9.99830389708121,0.37052303361261774,38.36768985499089
0.3869346733668342,3.02265306122449,10.191158721217668,0.3669262976423648,38.384307229542536
0.39195979899497485,3.02265306122449,10.384049118949406,0.36702450417264043,38.38424387804474
0.3969849246231156,3.02265306122449,10.57691945586447,0.36985940136158824,38.377373216741866
0.4020100502512563,3.02265306122449,10.769746693569937,0.3748377236645889,38.367465016067506
0.40703517587939697,3.02265306122449,10.962518991411848,0.3816223907229341,38.35555294966855
0.4120603015075377,3.02265306122449,11.155225989005231,0.3900622344600517,38.34134566089254
0.41708542713567837,3.02265306122449,11.34785367645936,0.4001513771033413,38.323716562265936
0.4221105527638191,3.02265306122449,11.540380250476536,0.4120125671253224,38.30067216408599
0.4271356783919598,3.02265306122449,11.732770928363697,0.4259015509360081,38.268911740801464
0.4321608040201005,3.02265306122449,11.924969032246953,0.4422341841027796,38.22280928451833
0.4371859296482412,3.02265306122449,12.116879789614828,0.46164385116343093,38.15229500792682
0.44221105527638194,3.02265306122449,12.308337575136846,0.4850873928700951,38.03812471134948
0.4472361809045226,3.02265306122449,12.49903729979695,0.5140285598311045,37.84143869569299
0.45226130653266333,3.02265306122449,12.688380234835432,0.550761126304758,37.47785324278202
0.457286432160804,3.02265306122449,12.87510823750211,0.5989583539137626,36.75318218803162
0.4623115577889447,3.02265306122449,13.056437496916269,0.6644230709311838,35.223198869859125
0.46733668341708545,3.02265306122449,13.226352829585425,0.7552081010962157,32.04461698746635
0.4723618090452261,3.02265306122449,13.374542926999325,0.878059345695451,26.59019310919087
0.47738693467336685,3.02265306122449,13.491865108758128,1.0307086257162346,20.14504018988244
0.4824120603015075,3.02265306122449,13.578996041869589,1.2025805119876372,14.812693316902928
0.48743718592964824,3.02265306122449,13.64355251388956,1.3842611704917678,11.132130003620226
0.49246231155778897,3.02265306122449,13.692972562542275,1.5706798065221328,8.705598650168222
0.49748743718592964,3.02265306122449,13.732395265560795,1.7594855324433338,7.091671967572194
0.5025125628140703,3.02265306122449,13.765107553387951,1.9495769569287111,5.996916022859579
0.507537688442211,3.02265306122449,13.793237290879098,2.1404038866201383,5.245429951097793
0.5125628140703518,3.02265306122449,13.818225684174264,2.331669163308226,4.734201925996789
0.5175879396984925,3.02265306122449,13.841118715875774,2.5231973048031273,4.404333599840327
0.5226130653266332,3.02265306122449,13.86274524796633,2.7148728967058675,4.227681586411315
0.5276381909547738,3.02265306122449,13.883859025876394,2.9066042400454473,4.201944299950358
0.5326633165829145,3.02265306122449,13.905276989197795,3.0983025973882627,4.3579823271747244
0.5376884422110553,3.02265306122449,13.928120786713299,3.28983591528988,4.796170427727214
0.542713567839196,3.02265306122449,13.954437654506885,3.480918347888065,5.831035808734983
0.5477386934673367,3.02265306122449,13.989937725059619,3.670460687473021,9.017797372376695
0.5527638190954773,3.02265306122449,14.088459504251707,3.7975626134066705,28.668924288303575
0.5577889447236181,3.02265306122449,14.180093273208223,3.6291387837693185,14.533556400114856
0.5628140703517588,3.02265306122449,14.248819223851124,3.4489173142013936,13.189266183511762
0.5678391959798995,3.02265306122449,14.314548310208446,3.2675713301381464,13.072227694172694
0.5728643216080402,3.02265306122449,14.380855719518834,3.0864353371781075,13.361898878164402
0.5778894472361809,3.02265306122449,14.449163152019013,2.9060444533325187,13.849056051962993
0.5829145728643216,3.02265306122449,14.520244475430523,2.726729272446632,14.458260534409234
0.5879396984924623,3.02265306122449,14.594623368050774,2.5487574215142033,15.158222035240547
0.592964824120603,3.02265306122449,14.672718162755967,2.372385371684836,15.935901566860462
0.5979899497487438,3.02265306122449,14.754905995780979,2.19788402659944,16.78705319439666
0.6030150753768844,3.02265306122449,14.84155711608807,2.025556586035923,17.71286719733201
0.6080402010050251,3.02265306122449,14.933059292324732,1.8557566299568427,18.719144418623507
0.6130653266331658,3.02265306122449,15.02984235884656,1.6889121829786065,19.817052066189962
0.6180904522613065,3.02265306122449,15.13240919387246,1.5255622981768222,21.024838165501134
0.6231155778894473,3.02265306122449,15.241376700398554,1.366414853508069,22.369939209040194
0.628140703517588,3.02265306122449,15.35752511498839,1.2124364915449475,23.88982211571295
0.6331658291457286,3.02265306122449,15.481841244942627,1.0649846806642675,25.627812995319175
0.6381909547738693,3.02265306122449,15.61551366722093,0.9259772824295558,27.616562830715473
0.6432160804020101,3.02265306122449,15.759795030492258,0.7980453535356781,29.840639379504278
0.6482412060301508,3.02265306122449,15.915615242624636,0.6844927274643446,32.17657330182548
0.6532663316582915,3.02265306122449,16.082925636196418,0.5887129765007151,34.36110180770496
0.6582914572864321,3.02265306122449,16.26019017332184,0.512925835082465,36.09611659905816
0.6633165829145728,3.02265306122449,16.44469900606844,0.45696663192472686,37.24125914137326
0.6683417085427136,3.02265306122449,16.63361848114716,0.41828782336112497,37.8783819574638
0.6733668341708543,3.02265306122449,16.824839114586357,0.39317514662439834,38.18717237607338
0.678391959798995,3.02265306122449,17.017119604676083,0.37801347344860103,38.32055042477291
0.6834170854271356,3.02265306122449,17.209834313984793,0.36990961995969973,38.37088788099517
0.6884422110552764,3.02265306122449,17.402697726804618,0.36678148550562395,38.38486016356771
0.6934673366834171,3.02265306122449,17.595587807305623,0.36722051117810534,38.38371674447581
0.6984924623115578,3.02265306122449,17.78845452361463,0.3703153955727057,38.3763945383406
0.7035175879396985,3.02265306122449,17.98127623460274,0.3755056119910342,38.36624701129747
0.7085427135678392,3.02265306122449,18.17404190677437,0.38247744778104825,38.35411105126547
0.7135678391959799,3.02265306122449,18.36674100059363,0.39109729366990076,38.33959403562747
0.7185929648241206,3.02265306122449,18.559358865652566,0.40137387212582687,38.32148288845918
0.7236180904522613,3.02265306122449,18.751872551933836,0.4134440122864057,38.29766855703925
0.7286432160804021,3.02265306122449,18.944245354562767,0.42757938279279095,38.26465214714782
0.7336683417085427,3.02265306122449,19.136417381463552,0.44421640350181324,38.216455665833216
0.7386934673366834,3.02265306122449,19.32828811582591,0.46401779301072216,38.14231317795185
0.7437185929648241,3.02265306122449,19.519680822633987,0.4879857896147388,38.02144059978083
0.7487437185929648,3.02265306122449,19.710267848454308,0.5176565683049361,37.81166767311067
0.7537688442211056,3.02265306122449,19.899401394762034,0.5554445346070314,37.42067333245711
0.7587939698492462,3.02265306122449,20.085710261819372,0.6052211350863262,36.635214336035304
0.7638190954773869,3.02265306122449,20.26615274941187,0.6730615718931755,34.97186928056918
0.7688442211055276,3.02265306122449,20.434234349690954,0.7671591170108317,31.551071781481753
0.7738693467336684,3.02265306122449,20.579331971092227,0.8936353773781087,25.880945052358875
0.7788944723618091,3.02265306122449,20.69308138267919,1.0489867202140295,19.476257043158416
0.7839195979899497,3.02265306122449,20.777299152674736,1.2223233989377509,14.327971228698106
0.7889447236180904,3.02265306122449,20.83985537170804,1.4047109034149359,10.811100334359937
0.7939698492462312,3.02265306122449,20.88795711874158,1.5914774060995098,8.493682561283462
0.7989949748743719,3.02265306122449,20.926502124481956,1.7804656348701098,6.94914784082407
0.8040201005025126,3.02265306122449,20.95861847243894,1.970659241329293,5.899334275904951
0.8090452261306532,3.02265306122449,20.986339045800378,2.1615462876160527,5.178434939848008
0.8140703517587939,3.02265306122449,21.011049508158763,2.3528477440803197,4.6895956702817605
0.8190954773869347,3.02265306122449,21.03376418609817,2.5443970873086865,4.377556365934719
0.8241206030150754,3.02265306122449,21.05529710743875,2.736083055251115,4.217255192457338
0.8291457286432161,3.02265306122449,21.076401431254066,2.927814361443719,4.209255846572694
0.8341708542713567,3.02265306122449,21.09791290345032,3.1195018239583163,4.389631242008097
0.8391959798994975,3.02265306122449,21.121012290871853,3.3110040724000207,4.8713605731713585
0.8442211055276382,3.02265306122449,21.147934978232172,3.5020006707438878,6.017918179878687
0.8492462311557789,3.02265306122449,21.18536710334547,3.6911487262613885,9.808087245387693
0.8542713567839196,3.02265306122449,21.293039977116027,3.7818222322597945,23.55798451315632
0.8592964824120602,3.02265306122449,21.378297258164498,3.6093474930519394,14.24904282739222
0.864321608040201,3.02265306122449,21.44634383359539,3.4288650061102905,13.14233913015748
0.8693467336683417,3.02265306122449,21.512026039464693,3.2475028713746594,13.090160945216853
0.8743718592964824,3.02265306122449,21.57850247139978,3.0664291794473435,13.408110132698901
0.8793969849246231,3.02265306122449,21.647085305085763,2.886142976666585,13.911287333229385
0.8844221105527639,3.02265306122449,21.718508522324846,2.7069638058974093,14.531592757021944
0.8894472361809045,3.02265306122449,21.793279195241375,2.529156273066105,15.240597382502294
0.8944723618090452,3.02265306122449,21.871808756723766,2.3529774465694357,16.026495520527533
0.8994974874371859,3.02265306122449,21.95447218214703,2.1787009783440285,16.885767184111245
0.9045226130653267,3.02265306122449,22.041640525588022,2.0066346962549186,17.820112142329005
0.9095477386934674,3.02265306122449,22.133704931696773,1.8371390727060426,18.83587324559978
0.914572864321608,3.02265306122449,22.231101630135687,1.6706523151176245,19.944884998716933
0.9195979899497487,3.02265306122449,22.33434390070261,1.507728830617059,21.166327464662324
0.9246231155778895,3.02265306122449,22.44406422017845,1.3491000105461957,22.528762392597105
0.9296482412060302,3.02265306122449,22.56106393323373,1.195768428067344,24.0706354959233
0.9346733668341709,3.02265306122449,22.686353945233478,1.0491447880158562,25.835246555591727
0.9396984924623115,3.02265306122449,22.821140159551693,0.9112196726940817,27.85216348955381
0.9447236180904522,3.02265306122449,22.966664245255096,0.7847070562258056,30.0971743124354
0.949748743718593,3.02265306122449,23.123783186673585,0.67296293736278,32.43151916287885
0.9547738693467337,3.02265306122449,23.292298597718364,0.5793219189704653,34.57981566907337
0.9597989949748744,3.02265306122449,23.470510706807563,0.5057864724539958,36.25205827955608
0.964824120603015,3.02265306122449,23.65563877254158,0.4518990880218815,37.3337298305742
0.9698492462311558,3.02265306122449,23.8448999382702,0.41491144417238296,37.92542231551174
0.9748743718592965,3.02265306122449,24.036285148755763,0.39106762170967013,38.20838103633237
0.9798994974874372,3.02265306122449,24.228636353030456,0.3768140230802541,38.32904169995048
0.9849246231155779,3.02265306122449,24.42137756830301,0.36934944162029354,38.373677513494926
0.9899497487437185,3.02265306122449,24.6142481387098,0.36667487491720335,38.38524170441868
0.9949748743718593,3.02265306122449,24.80713767777799,0.367445108144924,38.38311671500938
1.0,3.02265306122449,25.0,0.3707942770251713,38.37536578723826
0.0,3.023877551020408,0.0,1.0,17.01408672800929
0.005025125628140704,3.023877551020408,0.09507088269894551,0.8321860709213511,20.970430339661085
0.010050251256281407,3.023877551020408,0.2121727341100138,0.6790393217443252,25.753981683704833
0.01507537688442211,3.023877551020408,0.3544180158435898,0.5490773098207025,30.81031286832258
0.020100502512562814,3.023877551020408,0.5200832183877516,0.4507605083399886,34.84628734696405
0.02512562814070352,3.023877551020408,0.7015190795897782,0.3856887338305829,37.077626435362504
0.03015075376884422,3.023877551020408,0.890498641692281,0.3471020770200356,37.98427161669035
0.035175879396984924,3.023877551020408,1.0822858697961197,0.32598624218346195,38.289247525979874
0.04020100502512563,3.023877551020408,1.2749686456654385,0.31541918850200734,38.37953373171779
0.04522613065326633,3.023877551020408,1.467900696516301,0.3110563615082075,38.40170260683809
0.05025125628140704,3.023877551020408,1.660883893286828,0.3103658791528776,38.4040460850888
0.05527638190954774,3.023877551020408,1.8538632234680437,0.31191029977846124,38.401370604154195
0.06030150753768844,3.023877551020408,2.0468261532364562,0.31488188690870045,38.397863910164475
0.06532663316582915,3.023877551020408,2.2397716762834015,0.3188315525724611,38.394495963781196
0.07035175879396985,3.023877551020408,2.432700821454,0.3235157221925524,38.39132510478937
0.07537688442211055,3.023877551020408,2.6256141837691143,0.32881106437135216,38.388178419481235
0.08040201005025126,3.023877551020408,2.81851134529618,0.33466722329034837,38.38483888903643
0.08542713567839195,3.023877551020408,3.011390770135807,0.34108101889029824,38.38107895484309
0.09045226130653267,3.023877551020408,3.20424973380736,0.3480829789903446,38.37664756528574
0.09547738693467336,3.023877551020408,3.3970841227340594,0.3557314451444993,38.37123981248629
0.10050251256281408,3.023877551020408,3.58988807759109,0.3641115494873821,38.3644539211212
0.10552763819095477,3.023877551020408,3.7826533492446086,0.373338010091203,38.35572668908338
0.11055276381909548,3.023877551020408,3.9753682299748783,0.38356166169000305,38.34423119254991
0.11557788944723618,3.023877551020408,4.16801587901409,0.39498048158761034,38.32870509334689
0.12060301507537688,3.023877551020408,4.360571410615373,0.4078568929296576,38.307150249124135
0.12562814070351758,3.023877551020408,4.552996834633842,0.42254579875686804,38.276209935457004
0.1306532663316583,3.023877551020408,4.745232265056346,0.43953496771369815,38.23029037302217
0.135678391959799,3.023877551020408,4.937179022067194,0.459512937697523,38.15901962373118
0.1407035175879397,3.023877551020408,5.128665293186617,0.48348897341602365,38.04254438134088
0.1457286432160804,3.023877551020408,5.31937557867229,0.5129787482924655,37.84063215055831
0.1507537688442211,3.023877551020408,5.50868855586209,0.5503489376074215,37.46519519742301
0.15577889447236182,3.023877551020408,5.695294544811921,0.599378937952865,36.71369309654959
0.16080402010050251,3.023877551020408,5.876288092923125,0.666023127369792,35.12037525874929
0.1658291457286432,3.023877551020408,6.045411270725541,0.758449970837282,31.817767080756045
0.1708542713567839,3.023877551020408,6.1921409429164065,0.8831761822965418,26.24192159350689
0.17587939698492464,3.023877551020408,6.307643289425567,1.037331743150462,19.79099327324656
0.18090452261306533,3.023877551020408,6.393175436886748,1.2101179684934218,14.53618114202097
0.18592964824120603,3.023877551020408,6.456545234264793,1.3923192868480432,10.933055872104944
0.19095477386934673,3.023877551020408,6.505110719667487,1.5790609292964994,8.560786224262634
0.19597989949748743,3.023877551020408,6.5439012439392545,1.7680939874043746,6.982099783285678
0.20100502512562815,3.023877551020408,6.576124834390096,1.9583643265868518,5.910123095637729
0.20603015075376885,3.023877551020408,6.603858521426349,2.1493442070115494,5.173532935090692
0.21105527638190955,3.023877551020408,6.62851060339506,2.3407478652663802,4.671523610865305
0.21608040201005024,3.023877551020408,6.651104277703108,2.532406188601597,4.3471555224076965
0.22110552763819097,3.023877551020408,6.672450668692259,2.724207798970697,4.172648990744758
0.22613065326633167,3.023877551020408,6.693286841880529,2.916064950900399,4.1457775756501
0.23115577889447236,3.023877551020408,6.7144097799678315,3.107891015019769,4.2957000866064865
0.23618090452261306,3.023877551020408,6.736907133127325,3.2995601546086135,4.718290881182001
0.24120603015075376,3.023877551020408,6.76274535863708,3.4908032301461116,5.710437028768015
0.24623115577889448,3.023877551020408,6.7972915222122525,3.6806238886919407,8.69538620249001
0.25125628140703515,3.023877551020408,6.891142370470598,3.819987197142279,31.213720181463064
0.2562814070351759,3.023877551020408,6.985206952775645,3.65335456661506,14.562723977318427
0.2613065326633166,3.023877551020408,7.053826667329046,3.472993232108645,13.14003783215029
0.2663316582914573,3.023877551020408,7.119251753084572,3.2914366352002054,13.003480860213028
0.271356783919598,3.023877551020408,7.185188948304874,3.110065211360796,13.283925951478013
0.27638190954773867,3.023877551020408,7.2530873285107385,2.929419542899704,13.764392698302384
0.2814070351758794,3.023877551020408,7.323727598629371,2.7498291925602385,14.367402280485665
0.2864321608040201,3.023877551020408,7.397634169571471,2.5715589829879466,15.061043066189097
0.2914572864321608,3.023877551020408,7.475223862114787,2.394861536697857,15.831965578970495
0.2964824120603015,3.023877551020408,7.556871155824973,2.2200029180263066,16.675734600888376
0.3015075376884422,3.023877551020408,7.6429425594927425,2.047280180236443,17.593290935571
0.3065326633165829,3.023877551020408,7.733820547876598,1.8770387423136532,18.590044684285328
0.31155778894472363,3.023877551020408,7.8299271832954105,1.7096952241274244,19.676556858214482
0.3165829145728643,3.023877551020408,7.931753829182848,1.545772007988003,20.87019433614545
0.32160804020100503,3.023877551020408,8.039900811503694,1.3859518960552286,22.19728256784954
0.32663316582914576,3.023877551020408,8.155126257189163,1.2311636298088675,23.694284301717936
0.3316582914572864,3.023877551020408,8.278391892214865,1.0827088605405546,25.40458461807655
0.33668341708542715,3.023877551020408,8.4108681892912,0.9424292715605826,27.36397480104478
0.3417085427135678,3.023877551020408,8.553819049967071,0.812868521138129,29.56611805473604
0.34673366834170855,3.023877551020408,8.708250636618457,0.6972729977713971,31.903833542959596
0.35175879396984927,3.023877551020408,8.874273577593067,0.5990914444549978,34.12801938358857
0.35678391959798994,3.023877551020408,9.050535715477508,0.5207740328453081,35.93333696020979
0.36180904522613067,3.023877551020408,9.234414528226104,0.46247946125955075,37.151297332829806
0.36683417085427134,3.023877551020408,9.423025298510744,0.4218917973922205,37.84147689822688
0.37185929648241206,3.023877551020408,9.61414501579584,0.39535014331842466,38.180697422373505
0.3768844221105528,3.023877551020408,9.806435322552188,0.37917120922360953,38.329080517174184
0.38190954773869346,3.023877551020408,9.999212024158254,0.3703563802900771,38.386144199335305
0.3869346733668342,3.023877551020408,10.192160134328683,0.3667277938678681,38.40294887715406
0.39195979899497485,3.023877551020408,10.385144340301139,0.36680399373442335,38.402958146673576
0.3969849246231156,3.023877551020408,10.578108936639559,0.3696219812736988,38.3961233578576
0.4020100502512563,3.023877551020408,10.771030477096152,0.37458548342607956,38.38624518568525
0.40703517587939697,3.023877551020408,10.963897245430848,0.38135547783058754,38.374368977044576
0.4120603015075377,3.023877551020408,11.156698898246216,0.3897794365565175,38.360210937215754
0.41708542713567837,3.023877551020408,11.349421556677,0.3998503624184578,38.34265246409299
0.4221105527638191,3.023877551020408,11.542043525893735,0.4116898924937377,38.319711861035735
0.4271356783919598,3.023877551020408,11.734530234200887,0.4255524754782878,38.28810609359197
0.4321608040201005,3.023877551020408,11.926825364402204,0.4418522471471894,38.2422469771588
0.4371859296482412,3.023877551020408,12.118834725085213,0.46122010420268744,38.172136225594805
0.44221105527638194,3.023877551020408,12.310393782066468,0.4846091968039663,38.058663706223626
0.4472361809045226,3.023877551020408,12.501199572112256,0.5134773963716108,37.863256339151576
0.45226130653266333,3.023877551020408,12.690657772881625,0.5501094013103883,37.5021974228884
0.457286432160804,3.023877551020408,12.877519559042609,0.5981651509187549,36.78268734211607
0.4623115577889447,3.023877551020408,13.059020835825997,0.6634317025689589,35.26353391731644
0.46733668341708545,3.023877551020408,13.229178382409465,0.7539645978115947,32.10173096789137
0.4723618090452261,3.023877551020408,13.37768776335893,0.8765770051711874,26.65733366979323
0.47738693467336685,3.023877551020408,13.495327580692289,1.02909750180124,20.201555513347774
0.4824120603015075,3.023877551020408,13.582685903362668,1.2009573922754426,14.848278540085891
0.48743718592964824,3.023877551020408,13.647377922331811,1.382688737309447,11.151579153160032
0.49246231155778897,3.023877551020408,13.696872294015762,1.5691845183677238,8.71559851631013
0.49748743718592964,3.023877551020408,13.736332787265335,1.7580781642959278,7.096263727844569
0.5025125628140703,3.023877551020408,13.769060564156613,1.9482621598087024,5.998316346832647
0.507537688442211,3.023877551020408,13.797191032809703,2.1391838644297763,5.244566771999388
0.5125628140703518,3.023877551020408,13.82217010567992,2.330545030483034,4.731237452878149
0.5175879396984925,3.023877551020408,13.845045141510232,2.5221698775528703,4.399971831507634
0.5226130653266332,3.023877551020408,13.866645413180493,2.713942914563068,4.221410462697202
0.5276381909547738,3.023877551020408,13.887722016160964,2.905773030212028,4.193403702903383
0.5326633165829145,3.023877551020408,13.909088576657743,3.097571519954484,4.345743531836642
0.5376884422110553,3.023877551020408,13.931854924154138,3.289208625124484,4.776516667350718
0.542713567839196,3.023877551020408,13.958038047395304,3.480404394454757,5.793959341042314
0.5477386934673367,3.023877551020408,13.993204615936058,3.6701072939788153,8.894173492097586
0.5527638190954773,3.023877551020408,14.089851352657467,3.8028415646418607,29.804042404370705
0.5577889447236181,3.023877551020408,14.182715270532952,3.635210910795628,14.574007532566215
0.5628140703517588,3.023877551020408,14.251517656442587,3.4549187888380644,13.190263410372335
0.5678391959798995,3.023877551020408,14.317222444682768,3.273464018013729,13.063259505896847
0.5728643216080402,3.023877551020408,14.383473533650927,3.0922074181863115,13.348874829272638
0.5778894472361809,3.023877551020408,14.451709219473953,2.911689004818961,13.833716278346838
0.5829145728643216,3.023877551020408,14.522708910633412,2.7322405030336876,14.441178893180897
0.5879396984924623,3.023877551020408,14.59699826626726,2.5541295139746016,15.139679631916993
0.592964824120603,3.023877551020408,14.674996249137248,2.377611967205757,15.9159154762004
0.5979899497487438,3.023877551020408,14.757079956249475,2.202957855134183,16.76557957725645
0.6030150753768844,3.023877551020408,14.843619164613237,2.030469117230218,17.689771503386012
0.6080402010050251,3.023877551020408,14.935000751014426,1.8604975959858754,18.694202520524748
0.6130653266331658,3.023877551020408,15.031653116549172,1.6934688673516956,19.789901914354726
0.6180904522613065,3.023877551020408,15.134077003261288,1.529918447772601,20.994987123674495
0.6231155778894473,3.023877551020408,15.242886348606362,1.3705490073760203,22.33672030780464
0.628140703517588,3.023877551020408,15.358857702521458,1.2163195619418958,23.852456601528637
0.6331658291457286,3.023877551020408,15.482974339174723,1.0685768261211404,25.585731980011232
0.6381909547738693,3.023877551020408,15.616423858337178,0.9292248920026631,27.570081963647986
0.6432160804020101,3.023877551020408,15.760465392144425,0.8008811099966836,29.792295368482037
0.6482412060301508,3.023877551020408,15.916048551753578,0.6868442668089716,32.13196976582619
0.6532663316582915,3.023877551020408,16.083160393792078,0.5905303101439174,34.32786586888426
0.6582914572864321,3.023877551020408,16.260298212789948,0.5142113547346597,36.07925563155735
0.6633165829145728,3.023877551020408,16.44476231457537,0.4577861674124689,37.23966643702831
0.6683417085427136,3.023877551020408,16.633702116622015,0.418744067217858,37.887165486026014
0.6733668341708543,3.023877551020408,16.824982597524098,0.39337093937434725,38.201554145216924
0.678391959798995,3.023877551020408,17.01734287909947,0.3780308683543009,38.33756477073409
0.6834170854271356,3.023877551020408,17.21014634976438,0.36980650069665055,38.3890299921336
0.6884422110552764,3.023877551020408,17.403102234407044,0.3665956683174091,38.4034583620191
0.6934673366834171,3.023877551020408,17.59608645905345,0.36697542637176234,38.40249860117811
0.6984924623115578,3.023877551020408,17.78904758221538,0.3700246655853008,38.39526025405593
0.7035175879396985,3.023877551020408,17.981964243796103,0.3751764304065305,38.38516777653658
0.7085427135678392,3.023877551020408,18.174825149775476,0.3821125186708143,38.37309523803562
0.7135678391959799,3.023877551020408,18.367619845697295,0.39069601732433623,38.3586652580571
0.7185929648241206,3.023877551020408,18.56033382169528,0.40093292019478854,38.34068161691905
0.7236180904522613,3.023877551020408,18.752944462342477,0.4129573691993562,38.3170614772222
0.7286432160804021,3.023877551020408,18.945415400536636,0.4270378632674668,38.28435460064982
0.7336683417085427,3.023877551020408,19.137687648259185,0.44360669332313474,38.23665603004227
0.7386934673366834,3.023877551020408,19.329661780018622,0.46332067666825605,38.16334198210877
0.7437185929648241,3.023877551020408,19.5211635967394,0.4871727545410486,38.04399167993647
0.7487437185929648,3.023877551020408,19.71187040573348,0.5166850132999071,37.837106048333226
0.7537688442211056,3.023877551020408,19.901144776411112,0.5542486756858199,37.45203332943846
0.7587939698492462,3.023877551020408,20.087638887948536,0.6036977549172153,36.67927471447581
0.7638190954773869,3.023877551020408,20.268361773227774,0.671063014007514,35.042075408352076
0.7688442211055276,3.023877551020408,20.43690578538287,0.7645301458415781,31.666119051361772
0.7738693467336684,3.023877551020408,20.58268099222232,0.8903690483221782,26.028796279902917
0.7788944723618091,3.023877551020408,20.69714136241286,1.0453088310860599,19.603403796841963
0.7839195979899497,3.023877551020408,20.7818984646564,1.2184832514094044,14.414925867484346
0.7889447236180904,3.023877551020408,20.84480263379421,1.400848811410729,10.86511854326308
0.7939698492462312,3.023877551020408,20.89311902617942,1.5876562861055246,8.526830227029025
0.7989949748743719,3.023877551020408,20.93179557667214,1.7767132375566497,6.969296527602555
0.8040201005025126,3.023877551020408,20.963991343713317,1.9669885405236562,5.911230555153853
0.8090452261306532,3.023877551020408,20.991756880389605,2.157963886951502,5.1846953716446444
0.8140703517587939,3.023877551020408,21.016487624553374,2.3493573682537896,4.691531218838556
0.8190954773869347,3.023877551020408,21.039203081000878,2.541001148217101,4.375891453400866
0.8241206030150754,3.023877551020408,21.060718662839403,2.732783536212481,4.211881578932236
0.8291457286432161,3.023877551020408,21.08178559318934,2.9246136577299295,4.19948420436102
0.8341708542713567,3.023877551020408,21.103232553552914,3.116402808911949,4.373187800811121
0.8391959798994975,3.023877551020408,21.126221390741584,3.3080129880920097,4.842302557848682
0.8442211055276382,3.023877551020408,21.152930371617362,3.499134781489801,5.955632793387805
0.8492462311557789,3.023877551020408,21.189746945619227,3.6885065075822285,9.559897489894754
0.8542713567839196,3.023877551020408,21.29516610578907,3.7893841034357947,24.63800004203457
0.8592964824120602,3.023877551020408,21.381835773952783,3.6176353814650444,14.310825123574617
0.864321608040201,3.023877551020408,21.45001061573334,3.437101765856261,13.14634899436214
0.8693467336683417,3.023877551020408,21.515667239714567,3.2556306941380972,13.078492007706656
0.8743718592964824,3.023877551020408,21.582065702048478,3.0744283381769293,13.389533826725955
0.8793969849246231,3.023877551020408,21.650544399712008,2.8940021187486225,13.888689120842383
0.8844221105527639,3.023877551020408,21.72184656646447,2.7146736746082505,14.506114020721572
0.8894472361809045,3.023877551020408,21.79648286391223,2.536707859064128,15.212635338228182
0.8944723618090452,3.023877551020408,21.874866003075347,2.3603610652197746,15.996182527325042
0.8994974874371859,3.023877551020408,21.957371098955537,2.1859056852253484,16.853045142264516
0.9045226130653267,3.023877551020408,22.044368587036338,2.013647721280224,17.784789804990098
0.9095477386934674,3.023877551020408,22.136248277042693,1.8439450640444683,18.79760414503293
0.914572864321608,3.023877551020408,22.233444174418885,1.6772322263750465,19.903125540866647
0.9195979899497487,3.023877551020408,22.33646615733819,1.5140581854866633,21.1202560974959
0.9246231155778895,3.023877551020408,22.445941869536664,1.3551462353371182,22.47727293967244
0.9296482412060302,3.023877551020408,22.562666541702647,1.201486936733661,24.01244165553137
0.9346733668341709,3.023877551020408,22.687644957522632,1.0544738406179486,25.769320548861632
0.9396984924623115,3.023877551020408,22.822080684157065,0.9160753407170422,27.778859476676434
0.9447236180904522,3.023877551020408,22.967224291462955,0.7889826677719767,30.02009056663855
0.949748743718593,3.023877551020408,23.123963030405818,0.6765435443640637,32.35923241343437
0.9547738693467337,3.023877551020408,23.292151529605814,0.5821245130055397,34.52384347943822
0.9597989949748744,3.023877551020408,23.4701405859309,0.5078089174952771,36.219736873638716
0.964824120603015,3.023877551020408,23.655163747347057,0.45323419228040773,37.32335902888205
0.9698492462311558,3.023877551020408,23.844413224444796,0.4157068232034653,37.92985493296619
0.9748743718592965,3.023877551020408,24.035843260814495,0.3914718765419832,38.22085521385853
0.9798994974874372,3.023877551020408,24.228267919464233,0.37694686848693176,38.34531370797069
0.9849246231155779,3.023877551020408,24.421095603107997,0.36929609174580436,38.39159282748504
0.9899497487437185,3.023877551020408,24.61405816678405,0.36649182675038483,38.40383202737103
0.9949748743718593,3.023877551020408,24.80704175632007,0.36716916081825707,38.40197468957555
1.0,3.023877551020408,25.0,0.3704446225995638,38.39540278232177
0.0,3.0251020408163267,0.0,1.0,17.014095838629427
0.005025125628140704,3.0251020408163267,0.09507813759645098,0.8320823141492116,20.973649651562503
0.010050251256281407,3.0251020408163267,0.21220915664995554,0.6788399939629157,25.762795884601044
0.01507537688442211,3.0251020408163267,0.35451668208893133,0.5488078505430053,30.826255148327018
0.020100502512562814,3.0251020408163267,0.5202755355967625,0.4504662944267012,34.86686666021376
0.02512562814070352,3.0251020408163267,0.7018172751182712,0.3854124003406328,37.098672898830344
0.03015075376884422,3.0251020408163267,0.8909001315882584,0.3468620212574837,38.00430082186311
0.035175879396984924,3.0251020408163267,1.0827858612516377,0.3257818614807714,38.30849854045881
0.04020100502512563,3.0251020408163267,1.275564311953918,0.3152429701256111,38.39841379646989
0.04522613065326633,3.0251020408163267,1.4685908123625508,0.31090025278262057,38.42043842378359
0.05025125628140704,3.0251020408163267,1.6616680358301144,0.31022328285124123,38.42273658222968
0.05527638190954774,3.0251020408163267,1.8547412170905777,0.31177633509761665,38.4200529897697
0.06030150753768844,3.0251020408163267,2.047798035565642,0.3147530821950087,38.416550314416426
0.06532663316582915,3.0251020408163267,2.240837478580064,0.3187054911267676,38.413189771232354
0.07035175879396985,3.0251020408163267,2.4338605821615653,0.32339071346478093,38.41002654807945
0.07537688442211055,3.0251020408163267,2.6268679393735903,0.3286859147181157,38.40688696782783
0.08040201005025126,3.0251020408163267,2.8198591310817345,0.33454106862994554,38.403554103072544
0.08542713567839195,3.0251020408163267,3.0128326183103438,0.3409532101308507,38.399800733931855
0.09045226130653267,3.0251020408163267,3.2057856768227686,0.34795300621354613,38.39537618889795
0.09547738693467336,3.0251020408163267,3.3987142004017254,0.35559888742794127,38.389975975940374
0.10050251256281408,3.0251020408163267,3.591612326321922,0.363976041897058,38.383198775121286
0.10552763819095477,3.0251020408163267,3.784471814817634,0.3731992248854533,38.37448191222803
0.11055276381909548,3.0251020408163267,3.977280975973851,0.3834193006698094,38.362999104796806
0.11557788944723618,3.0251020408163267,4.17002297129912,0.3948342786826699,38.347488832091734
0.12060301507537688,3.0251020408163267,4.362672942574907,0.4077066312963089,38.32595435944821
0.12562814070351758,3.0251020408163267,4.555192911102964,0.422391415016749,38.295038992711625
0.1306532663316583,3.0251020408163267,4.747523022335283,0.43937648341085334,38.2491470010714
0.135678391959799,3.0251020408163267,4.939564623377678,0.4593508251501244,38.17790513281347
0.1407035175879397,3.0251020408163267,5.131145877546106,0.483324494641311,38.061462129158436
0.1457286432160804,3.0251020408163267,5.321951174490608,0.512814622254071,37.85951225270897
0.1507537688442211,3.0251020408163267,5.511358653552972,0.5501910927680022,37.48389726568105
0.15577889447236182,3.0251020408163267,5.698056731419517,0.5992399742613291,36.731437658979935
0.16080402010050251,3.0251020408163267,5.879133540661336,0.6659289913980775,35.135210549445226
0.1658291457286432,3.0251020408163267,6.0483133028513025,0.7584462389067459,31.82507365403925
0.1708542713567839,3.0251020408163267,6.1950447834169555,0.8833133716906129,26.23594842420725
0.17587939698492464,3.0251020408163267,6.310489759710637,1.037628748811238,19.775835685997933
0.18090452261306533,3.0251020408163267,6.395941818909466,1.2105595773246625,14.520202298797686
0.18592964824120603,3.0251020408163267,6.459236057446083,1.3928867914957384,10.919125240211434
0.19095477386934673,3.0251020408163267,6.50773740838622,1.5797422632551286,8.549152684466351
0.19597989949748743,3.0251020408163267,6.54647404706285,1.768882320050723,6.972257414222905
0.20100502512562815,3.0251020408163267,6.578651435184533,1.959255786632859,5.901556263233541
0.20603015075376885,3.0251020408163267,6.606344298409357,2.150336537540805,5.165783904235281
0.21105527638190955,3.0251020408163267,6.6309590114077,2.341839737957352,4.664335938377172
0.21608040201005024,3.0251020408163267,6.6535172018863005,2.533596844380795,4.340195637856687
0.22110552763819097,3.0251020408163267,6.674828490632813,2.725496889971407,4.165619682391152
0.22613065326633167,3.0251020408163267,6.695628277400851,2.91745248415575,4.138254174247435
0.23115577889447236,3.0251020408163267,6.716710985530415,3.1093775081722645,4.287070204645087
0.23618090452261306,3.0251020408163267,6.739159753467613,3.3011469524801864,4.707246383028088
0.24120603015075376,3.0251020408163267,6.7649295440070984,3.492494135872749,5.69314670120244
0.24623115577889448,3.0251020408163267,6.799339311968238,3.6824359788429666,8.649675506574603
0.25125628140703515,3.0251020408163267,6.89246749822847,3.8236178629818043,31.642818485419337
0.2562814070351759,3.0251020408163267,6.986943453092328,3.657216935067664,14.569748853821624
0.2613065326633166,3.0251020408163267,7.055561148956522,3.4767545079098356,13.13561007310203
0.2663316582914573,3.0251020408163267,7.120956778895087,3.2950874576728864,12.99665784990345
0.271356783919598,3.0251020408163267,7.186857024813967,3.113602638713574,13.27617456175363
0.27638190954773867,3.0251020408163267,7.254714981828427,2.93284141637411,13.75608473765995
0.2814070351758794,3.0251020408163267,7.3253123497465396,2.753133240310665,14.358635940075766
0.2864321608040201,3.0251020408163267,7.399173683697038,2.5747425819529797,15.051801138321695
0.2914572864321608,3.0251020408163267,7.476715666109092,2.3979215870492934,15.82220951425063
0.2964824120603015,3.0251020408163267,7.558312506169333,2.222935734633661,16.665398888319913
0.3015075376884422,3.0251020408163267,7.644330342168442,2.050081346488133,17.582289888803455
0.3065326633165829,3.0251020408163267,7.735151141816017,1.8797028954452033,18.57826192878146
0.31155778894472363,3.0251020408163267,7.831196265926854,1.7122157217322895,19.66382790944946
0.3165829145728643,3.0251020408163267,7.932956112584224,1.5481404204304734,20.856295691760373
0.32160804020100503,3.0251020408163267,8.04102976881314,1.3881572557163615,22.1819457232891
0.32663316582914576,3.0251020408163267,8.156173999781311,1.2331914012498948,23.677254258630352
0.3316582914572864,3.0251020408163267,8.27934958257542,1.0845397164074884,25.385787549100517
0.33668341708542715,3.0251020408163267,8.411727750975658,0.9440381861818434,27.343858982141068
0.3417085427135678,3.0251020408163267,8.554577256820451,0.8142256666975883,29.54623881249481
0.34673366834170855,3.0251020408163267,8.708915051186064,0.6983480864645396,31.88712156859209
0.35175879396984927,3.0251020408163267,8.874872204874542,0.5998713258309663,34.118819319785786
0.35678391959798994,3.0251020408163267,9.051111294573513,0.5212720981212042,35.93348541043899
0.36180904522613067,3.0251020408163267,9.235012800973744,0.46274039734004424,37.15978628146444
0.36683417085427134,3.0251020408163267,9.423681093940955,0.4219758398380662,37.855368934616926
0.37185929648241206,3.0251020408163267,9.614878634280796,0.39531360664400933,38.19741992273363
0.3768844221105528,3.0251020408163267,9.807256514396165,0.3790565255338366,38.347038683382145
0.38190954773869346,3.0251020408163267,10.000124932529454,0.37019193057639777,38.40460572557929
0.3869346733668342,3.0251020408163267,10.193166383464362,0.366531072409792,38.4216031771512
0.39195979899497485,3.0251020408163267,10.386244529638747,0.36658494780572376,38.42168611765729
0.3969849246231156,3.0251020408163267,10.579303386227298,0.36938584788913614,38.41488910736857
0.4020100502512563,3.0251020408163267,10.772319300439264,0.3743343881774357,38.40503998496282
0.40703517587939697,3.0251020408163267,10.965280608279548,0.38108967017540285,38.393197719972356
0.4120603015075377,3.0251020408163267,11.158177007067435,0.38949773786003167,38.37909076977232
0.41708542713567837,3.0251020408163267,11.350994711863633,0.3995504526677144,38.36160323511306
0.4221105527638191,3.0251020408163267,11.543712147012645,0.4113683755755537,38.33876187971633
0.4271356783919598,3.0251020408163267,11.736294924962989,0.4252046818174721,38.307308406976446
0.4321608040201005,3.0251020408163267,11.928687139361166,0.4414717342121841,38.26170009865585
0.4371859296482412,3.0251020408163267,12.120795152370118,0.46079793887791615,38.1919834558675
0.44221105527638194,3.0251020408163267,12.312455542790385,0.4841323721589222,38.07916229857164
0.4472361809045226,3.0251020408163267,12.503367364552059,0.5129281403458533,37.88510830058381
0.45226130653266333,3.0251020408163267,12.69294067697341,0.5494604033628395,37.526354389990935
0.457286432160804,3.0251020408163267,12.879935918039624,0.5973755610310325,36.81248116405341
0.4623115577889447,3.0251020408163267,13.061608895211823,0.6624443448280746,35.302674092972566
0.46733668341708545,3.0251020408163267,13.232007936138823,0.7527255875613373,32.15377629326427
0.4723618090452261,3.0251020408163267,13.380835211203227,0.8751000826870781,26.72335938057442
0.47738693467336685,3.0251020408163267,13.498792327521667,1.0274914765147982,20.257294957736466
0.4824120603015075,3.0251020408163267,13.586378937303493,1.1993387641331916,14.883219756338402
0.48743718592964824,3.0251020408163267,13.651206746682307,1.3811207365565958,11.17192511501056
0.49246231155778897,3.0251020408163267,13.700775510930086,1.5676937114716258,8.726512539592596
0.49748743718592964,3.0251020408163267,13.740273692387218,1.7566753674811146,7.101398630602405
0.5025125628140703,3.0251020408163267,13.773016984614912,1.9469519793794952,5.999717718727221
0.507537688442211,3.0251020408163267,13.801148801127376,2.1379684416355,5.243716154828421
0.5125628140703518,3.0251020408163267,13.826118598970071,2.3294255510649022,4.728661063288704
0.5175879396984925,3.0251020408163267,13.848975893470811,2.5211471090038358,4.395507457211457
0.5226130653266332,3.0251020408163267,13.870549668925168,2.7130176574986473,4.215198873150415
0.5276381909547738,3.0251020408163267,13.891590057315419,2.9049460040731616,4.184907134022564
0.5326633165829145,3.0251020408163267,13.912905552146492,3.09684489532588,4.333617906620427
0.5376884422110553,3.0251020408163267,13.935596062842887,3.288585637610077,4.757878038220858
0.542713567839196,3.0251020408163267,13.961648304747273,3.479894297376203,5.757547542887604
0.5477386934673367,3.0251020408163267,13.996490204384866,3.6697553439076835,8.775073308962035
0.5527638190954773,3.0251020408163267,14.09115204806898,3.8079852448885005,31.049824601793926
0.5577889447236181,3.0251020408163267,14.185341685890238,3.641269382979279,14.615569008539854
0.5628140703517588,3.0251020408163267,14.254223361909185,3.4609076639307705,13.191411613737346
0.5678391959798995,3.0251020408163267,14.319904570014065,3.2793444701283234,13.054433302079149
0.5728643216080402,3.0251020408163267,14.386099862350118,3.097967476583313,13.335929439229277
0.5778894472361809,3.0251020408163267,14.45426431079245,2.917321713698801,13.81844357638158
0.5829145728643216,3.0251020408163267,14.525182860927819,2.737740093501971,14.424218632559056
0.5879396984924623,3.0251020408163267,14.599383214528874,2.5594902168966405,15.121237806301604
0.592964824120603,3.0251020408163267,14.677284956653693,2.3828274643613376,15.89604966147503
0.5979899497487438,3.0251020408163267,14.759265157929232,2.208020939575615,16.74423505966402
0.6030150753768844,3.0251020408163267,14.845693131902548,2.0353713295376017,17.666816805031935
0.6080402010050251,3.0251020408163267,14.936954870294233,1.865228761915599,18.669408604350597
0.6130653266331658,3.0251020408163267,15.033477363801953,1.6980163986780608,19.762937013299016
0.6180904522613065,3.0251020408163267,15.135759246944282,1.5342662622596395,20.965344581772307
0.6231155778894473,3.0251020408163267,15.244411505131602,1.374675881485636,22.30372475010187
0.628140703517588,3.0251020408163267,15.360207017655114,1.2201967342512474,23.815346457691252
0.6331658291457286,3.0251020408163267,15.484125493507095,1.0721648786122087,25.54392739449607
0.6381909547738693,3.0251020408163267,15.617353466155585,0.9324707542932783,27.52391505425864
0.6432160804020101,3.0251020408163267,15.761156012562699,0.8037176535736095,29.744055855787295
0.6482412060301508,3.0251020408163267,15.916502791383278,0.689199923232842,32.087251196891444
0.6532663316582915,3.0251020408163267,16.08341489449441,0.5923528196321513,34.29434186214482
0.6582914572864321,3.0251020408163267,16.26042437529095,0.5155018829269861,36.06206379977231
0.6633165829145728,3.0251020408163267,16.44484228650854,0.4586094433229837,37.2378530271874
0.6683417085427136,3.0251020408163267,16.633801533272973,0.41920260636181833,37.895817803176925
0.6733668341708543,3.0251020408163267,16.825141442045584,0.3935679256355726,38.21589591494315
0.678391959798995,3.0251020408163267,17.017581376355018,0.37804903084227515,38.35457247310029
0.6834170854271356,3.0251020408163267,17.210473569969725,0.3697040174999722,38.4071766609303
0.6884422110552764,3.0251020408163267,17.403521992133864,0.36641051811495307,38.42206652750622
0.6934673366834171,3.0251020408163267,17.59660005548855,0.3667311045436896,38.42129168697066
0.6984924623115578,3.0251020408163267,17.789656242971805,0.36973493046902356,38.414136669747506
0.7035175879396985,3.0251020408163267,17.982667896923378,0.37484845699218744,38.40410162546186
0.7085427135678392,3.0251020408163267,18.175624090894548,0.38174903315008496,38.39208972227202
0.7135678391959799,3.0251020408163267,18.36851445019311,0.39029648482259344,38.37774462513989
0.7185929648241206,3.0251020408163267,18.561324599297844,0.4004940578385354,38.35988837892385
0.7236180904522613,3.0251020408163267,18.75403220343239,0.4124731962313303,38.336462692592995
0.7286432160804021,3.0251020408163267,18.946601324196653,0.42649931491931226,38.30405469461283
0.7336683417085427,3.0251020408163267,19.138973683010544,0.4430006367724155,38.256843474378854
0.7386934673366834,3.0251020408163267,19.331051162967242,0.4626280811022524,38.18436861742162
0.7437185929648241,3.0251020408163267,19.52266195399048,0.4863658097484084,38.066497095239605
0.7487437185929648,3.0251020408163267,19.713488165560168,0.5157214636039702,37.86243943287471
0.7537688442211056,3.0251020408163267,19.90290258819186,0.5530630836873371,37.48311808505219
0.7587939698492462,3.0251020408163267,20.08958012885745,0.6021892505442612,36.72273211573825
0.7638190954773869,3.0251020408163267,20.270580278216574,0.6690834894750499,35.1124882770536
0.7688442211055276,3.0251020408163267,20.43958168777457,0.7619236965319248,31.780634550190342
0.7738693467336684,3.0251020408163267,20.586027988941222,0.8871266220356684,26.174836131619795
0.7788944723618091,3.0251020408163267,20.70119803375171,1.0416516719778273,19.732132792614564
0.7839195979899497,3.0251020408163267,20.786496736578457,1.2146609226878757,14.50186122777804
0.7889447236180904,3.0251020408163267,20.849750752570017,1.3970033030779305,10.919324299911514
0.7939698492462312,3.0251020408163267,20.8982827661174,1.583851366205438,8.560069067150971
0.7989949748743719,3.0251020408163267,20.93709126335967,1.7729769670028022,6.989651407029302
0.8040201005025126,3.0251020408163267,20.969366583782065,1.963333991812828,5.923249417837534
0.8090452261306532,3.0251020408163267,20.99717721532332,2.1543976779475607,5.190997073853403
0.8140703517587939,3.0251020408163267,21.021928548733772,2.345883212347877,4.693627780843494
0.8190954773869347,3.0251020408163267,21.044644926276522,2.53762148614498,4.374306625620251
0.8241206030150754,3.0251020408163267,21.066143453468914,2.7295003446970223,4.206703831815971
0.8291457286432161,3.0251020408163267,21.08717357014818,2.921428994998653,4.189831476684714
0.8341708542713567,3.0251020408163267,21.10855695407369,3.1133197214767696,4.3569771572686555
0.8391959798994975,3.0251020408163267,21.131437457032163,3.3050375395364666,4.813800705871596
0.8442211055276382,3.0251020408163267,21.157938139506154,3.4962835558204732,5.895144471118807
0.8492462311557789,3.0251020408163267,21.19416804610498,3.6858704699208724,9.327794606383454
0.8542713567839196,3.0251020408163267,21.297125980916235,3.796806823926941,25.905685062676962
0.8592964824120602,3.0251020408163267,21.385369950636154,3.6259232005239914,14.375981877559186
0.864321608040201,3.0251020408163267,21.453681042534388,3.4453415274267174,13.151138784645722
0.8693467336683417,3.0251020408163267,21.51931439207994,3.263761715898342,13.067047491271266
0.8743718592964824,3.0251020408163267,21.585635800928728,3.0824312023750338,13.371096655007216
0.8793969849246231,3.0251020408163267,21.654010991280003,2.9018652505522,13.866221467636771
0.8844221105527639,3.0251020408163267,21.72519264218004,2.7223878289613426,14.480729983405741
0.8894472361809045,3.0251020408163267,21.799695073575254,2.544264057605972,15.184780557351889
0.8944723618090452,3.0251020408163267,21.877932314141056,2.3677496820285127,15.965975450930769
0.8994974874371859,3.0251020408163267,21.960279634331837,2.193115858277104,16.820438402008964
0.9045226130653267,3.0251020408163267,22.047106875422813,2.020666778582643,17.749596879701105
0.9095477386934674,3.0251020408163267,22.138802540608893,1.8507577859934825,18.75948547569865
0.914572864321608,3.0251020408163267,22.235798441423412,1.6838197538304127,19.861535068171236
0.9195979899497487,3.0251020408163267,22.338601094751702,1.520396310524121,21.07439292090885
0.9246231155778895,3.0251020408163267,22.447833361212048,1.361202771900782,22.426040230880854
0.9296482412060302,3.0251020408163267,22.564284370405826,1.2072178469241226,23.954541929634377
0.9346733668341709,3.0251020408163267,22.688952706169744,1.0598181188298514,25.703695958453565
0.9396984924623115,3.0251020408163267,22.823039293591716,0.9209498787186955,27.705736894340927
0.9447236180904522,3.0251020408163267,22.96780299772164,0.7932813914205921,29.942913109045183
0.949748743718593,3.0251020408163267,23.12416067610025,0.6801513947789429,32.286403669445356
0.9547738693467337,3.0251020408163267,23.292018777012178,0.584955383116647,34.467007534237965
0.9597989949748744,3.0251020408163267,23.469780156137404,0.5098570943791761,36.18650280072116
0.964824120603015,3.0251020408163267,23.654694348419543,0.45458981258966,37.312313612609856
0.9698492462311558,3.0251020408163267,23.843929543368684,0.4165169499371298,37.933916949574055
0.9748743718592965,3.0251020408163267,24.035403061256005,0.3918861488810356,38.23316063900878
0.9798994974874372,3.0251020408163267,24.2279007038483,0.3770864279225456,38.36152035959728
0.9849246231155779,3.0251020408163267,24.420814688540833,0.3692473589493887,38.409490172504334
0.9899497487437185,3.0251020408163267,24.61386914301428,0.36631214510200155,38.4224232159951
0.9949748743718593,3.0251020408163267,24.80694693878033,0.36689474505588093,38.420847018645155
1.0,3.0251020408163267,25.0,0.3700969981455677,38.414408050157206
0.0,3.026326530612245,0.0,1.0,17.014109737823098
0.005025125628140704,3.026326530612245,0.09508542233406221,0.8319785109968877,20.976876550816307
0.010050251256281407,3.026326530612245,0.21224566274513937,0.6786405870274417,25.77162488596739
0.01507537688442211,3.026326530612245,0.35461553115420036,0.5485383269220017,30.84222158279798
0.020100502512562814,3.026326530612245,0.5204681631322073,0.4501721127374562,34.88746963275264
0.02512562814070352,3.026326530612245,0.7021158811313737,0.3851362254646486,37.11973563230672
0.03015075376884422,3.026326530612245,0.8913020990740117,0.34662220358327334,38.02434152127759
0.035175879396984924,3.026326530612245,1.083286387786883,0.32557774221291086,38.32776086560282
0.04020100502512563,3.026326530612245,1.2761605725684317,0.3150670043860482,38.41730606834396
0.04522613065326633,3.026326530612245,1.4692815847490732,0.3107443734790342,38.43918694104339
0.05025125628140704,3.026326530612245,1.6624528799675624,0.3100808918508902,38.44144003027594
0.05527638190954774,3.026326530612245,1.8556200329706896,0.31164255367658644,38.43874847149203
0.06030150753768844,3.026326530612245,2.0487708065334655,0.31462444410358364,38.43524982116731
0.06532663316582915,3.026326530612245,2.2419042353033256,0.3185795830639981,38.43189669521363
0.07035175879396985,3.026326530612245,2.4350213626115282,0.32326584876339576,38.428741097400014
0.07537688442211055,3.026326530612245,2.628122781207483,0.32856090318497516,38.4256086021629
0.08040201005025126,3.026326530612245,2.8212080671256405,0.3344150488609533,38.4222823815588
0.08542713567839195,3.026326530612245,3.0142756839390143,0.34082553534451254,38.41853555691932
0.09045226130653267,3.026326530612245,3.2073229043619236,0.34782316832788196,38.414117837306165
0.09547738693467336,3.026326530612245,3.400345622010355,0.3554664667747956,38.40872514605374
0.10050251256281408,3.026326530612245,3.593337990823276,0.36384067545723553,38.40195661745594
0.10552763819095477,3.026326530612245,3.7862917661576234,0.37306058620983773,38.39325010534406
0.11055276381909548,3.026326530612245,3.979195268856937,0.38327709245338837,38.381779969693774
0.11557788944723618,3.026326530612245,4.172031679636707,0.3946882367093429,38.36628550933058
0.12060301507537688,3.026326530612245,4.364776144349064,0.40755653874844383,38.34477142184808
0.12562814070351758,3.026326530612245,4.557390727499012,0.42223721229500366,38.313880534091034
0.1306532663316583,3.026326530612245,4.749815586841683,0.43921819705901133,38.268016114064515
0.135678391959799,3.026326530612245,4.941952082897847,0.45918893018633156,38.19680303010376
0.1407035175879397,3.026326530612245,5.1336283863366905,0.4831602525939891,38.08039065550607
0.1457286432160804,3.026326530612245,5.324528758032642,0.5126507737198662,37.87840437301179
0.1507537688442211,3.026326530612245,5.514030798601824,0.5500335646821939,37.502604571799864
0.15577889447236182,3.026326530612245,5.700820995549108,0.5991014437343729,36.74918801831896
0.16080402010050251,3.026326530612245,5.881981084357397,0.6658354354660989,35.15008800107421
0.1658291457286432,3.026326530612245,6.051217402988672,0.7584432758746579,31.832567467730534
0.1708542713567839,3.026326530612245,6.1979503355139896,0.8834517848882264,26.229857824819053
0.17587939698492464,3.026326530612245,6.313337562654341,1.0379272213476354,19.76065244150712
0.18090452261306533,3.026326530612245,6.398709369823035,1.211002699591066,14.504174284502602
0.18592964824120603,3.026326530612245,6.461928003429928,1.3934558254434155,10.90518512601179
0.19095477386934673,3.026326530612245,6.510365238325238,1.5804251468838681,8.537518066592543
0.19597989949748743,3.026326530612245,6.549048031903766,1.7696722312315707,6.962426184083718
0.20100502512562815,3.026326530612245,6.581179267736526,1.9601488631879183,5.893000979372799
0.20603015075376885,3.026326530612245,6.608831357509536,2.151330526884945,5.158041719493569
0.21105527638190955,3.026326530612245,6.633408769664225,2.3429333155613072,4.657166562654388
0.21608040201005024,3.026326530612245,6.65593154503146,2.5347892558964604,4.333252141433135
0.22110552763819097,3.026326530612245,6.677207812192797,2.7267877873060407,4.158609694939322
0.22613065326633167,3.026326530612245,6.697971305826589,2.9188418648616783,4.13075017171716
0.23115577889447236,3.026326530612245,6.719013910853803,3.1108658859105804,4.2784696634430315
0.23618090452261306,3.026326530612245,6.741414286868243,3.3027356594894943,4.69625170676799
0.24120603015075376,3.026326530612245,6.767116008162145,3.494186932425001,5.67595844697753
0.24623115577889448,3.026326530612245,6.801390594823919,3.6842496581591933,8.604507659724652
0.25125628140703515,3.026326530612245,6.8937836339131655,3.8272323064318847,32.08377028465263
0.2562814070351759,3.026326530612245,6.988682304268174,3.6610793193299953,14.576892139372786
0.2613065326633166,3.026326530612245,7.057298236458623,3.480515838610622,13.131206543037738
0.2663316582914573,3.026326530612245,7.122664485415981,3.298738405832606,12.989856619948052
0.271356783919598,3.026326530612245,7.188527862989565,3.1171402101133863,13.26844583435887
0.27638190954773867,3.026326530612245,7.256345492431398,2.936263430373401,13.747796880596635
0.2814070351758794,3.026326530612245,7.326900060409567,2.7564374380859746,14.34988959857094
0.2864321608040201,3.026326530612245,7.400716267305161,2.5779263474747074,15.042581997541605
0.2914572864321608,3.026326530612245,7.4782106574860805,2.400981832640088,15.812477439903223
0.2964824120603015,3.026326530612245,7.559757170837845,2.22586878812115,16.655089251168036
0.3015075376884422,3.026326530612245,7.64572157637485,2.0528828088004487,17.57131691186275
0.3065326633165829,3.026326530612245,7.736485337389644,1.882367425955059,18.566510527920215
0.31155778894472363,3.026326530612245,7.832469115271354,1.7147367072572366,19.65113297870693
0.3165829145728643,3.026326530612245,7.934162345039944,1.5505094694192776,20.84243370898627
0.32160804020100503,3.026326530612245,8.042162875378091,1.3903634515641587,22.166652090011706
0.32663316582914576,3.026326530612245,8.157226103686904,1.2352202735436526,23.660268494968886
0.3316582914572864,3.026326530612245,8.280311839109748,1.0863720142298332,25.367027439610805
0.33668341708542715,3.026326530612245,8.412592034895267,0.9456489551143303,27.323769866520774
0.3417085427135678,3.026326530612245,8.555340162765832,0.8155850412272885,29.526345183341732
0.34673366834170855,3.026326530612245,8.709584792977886,0.6994269143772833,31.87062888089927
0.35175879396984927,3.026326530612245,8.87547504580841,0.6006537720915153,34.10938207741824
0.35678391959798994,3.026326530612245,9.051690077054708,0.5217712144947915,35.93346177574873
0.36180904522613067,3.026326530612245,9.235613621616322,0.46300096455686623,37.1681766586013
0.36683417085427134,3.026326530612245,9.4243391610342,0.42205856870574976,37.869249141718626
0.37185929648241206,3.026326530612245,9.615614466146356,0.3952753902321671,38.21413919873619
0.3768844221105528,3.026326530612245,9.808079985307785,0.3789403406970941,38.365013705298416
0.38190954773869346,3.026326530612245,10.001040197681913,0.37002634848908095,38.42308393103431
0.3869346733668342,3.026326530612245,10.19417505349309,0.3663335343845177,38.44027068758577
0.39195979899497485,3.026326530612245,10.387347319343835,0.36636540419065516,38.44042692852319
0.3969849246231156,3.026326530612245,10.580500322151195,0.36914940759486337,38.43366580233224
0.4020100502512563,3.026326530612245,10.773610638288861,0.37408319895490816,38.42384592188885
0.40703517587939697,3.026326530612245,10.966666517055327,0.38082389901847447,38.41203995802505
0.4120603015075377,3.026326530612245,11.159657740739572,0.38921618344890174,38.39798170154012
0.41708542713567837,3.026326530612245,11.352570510118577,0.39925081553906827,38.380563071305616
0.4221105527638191,3.026326530612245,11.545383465717693,0.41104725494258704,38.357823672445114
0.4271356783919598,3.026326530612245,11.738062384125575,0.42485737186010925,38.326526148309
0.4321608040201005,3.026326530612245,11.930551712880474,0.44109182133685854,38.28115549769414
0.4371859296482412,3.026326530612245,12.12275841222865,0.46037659529791997,38.211831595524245
0.44221105527638194,3.026326530612245,12.314520090114902,0.48365721071474227,38.0997064860453
0.4472361809045226,3.026326530612245,12.505537978546538,0.5123806403200275,37.90689193850781
0.45226130653266333,3.026326530612245,12.695226302194666,0.5488134679338825,37.55066576512457
0.457286432160804,3.026326530612245,12.882354847334206,0.5965882847833435,36.841758384423436
0.4623115577889447,3.026326530612245,13.06419847198713,0.66146122327934,35.34232118875269
0.46733668341708545,3.026326530612245,13.23483686431995,0.7514930165227701,32.21162253043305
0.4723618090452261,3.026326530612245,13.383983382345708,0.8736261135904663,26.790916960165166
0.47738693467336685,3.026326530612245,13.502257964712124,1.025887589141448,20.312656579600798
0.4824120603015075,3.026326530612245,13.590073294440476,1.1977218356199761,14.918715727732872
0.48743718592964824,3.026326530612245,13.655037291592617,1.3795542891575354,11.191897938346177
0.49246231155778897,3.026326530612245,13.704680539323036,1.5662044908852937,8.73713526066752
0.49748743718592964,3.026326530612245,13.7442163795026,1.7552742279180422,7.106417093067324
0.5025125628140703,3.026326530612245,13.776975105645164,1.9456435503031226,6.001237748315352
0.507537688442211,3.026326530612245,13.805108061310086,2.136754860952307,5.242764851167377
0.5125628140703518,3.026326530612245,13.830068616388354,2.328307993855642,4.725964321120421
0.5175879396984925,3.026326530612245,13.852908094966594,2.520126381663289,4.3911696023908116
0.5226130653266332,3.026326530612245,13.874455557703484,2.7120945220116175,4.209107406340897
0.5276381909547738,3.026326530612245,13.895459679933431,2.9041215769537025,4.176440130886356
0.5326633165829145,3.026326530612245,13.916724337157245,3.0961205169721637,4.321544361125015
0.5376884422110553,3.026326530612245,13.939339304317338,3.287964895367483,4.739029216893931
0.542713567839196,3.026326530612245,13.965261710767988,3.479386250476376,5.721732082762953
0.5477386934673367,3.026326530612245,13.999786095251524,3.6694034059695606,8.659466297875912
0.5527638190954773,3.026326530612245,14.092334264408244,3.812991228973284,32.4093511265164
0.5577889447236181,3.026326530612245,14.187963502850227,3.6473463887217608,14.658837066550308
0.5628140703517588,3.026326530612245,14.256927975661283,3.466916411384539,13.192806895845798
0.5678391959798995,3.026326530612245,14.322586325468201,3.2852449774220718,13.045701669962785
0.5728643216080402,3.026326530612245,14.38872597190509,3.103747628521197,13.323014205159486
0.5778894472361809,3.026326530612245,14.45681916406146,2.9229745042886917,13.803159783607441
0.5829145728643216,3.026326530612245,14.52765649415842,2.743259746304887,14.407238008961517
0.5879396984924623,3.026326530612245,14.601767723106697,2.5648709606586593,15.102770337412984
0.592964824120603,3.026326530612245,14.679573084539546,2.388062991239001,15.876155436633152
0.5979899497487438,3.026326530612245,14.761449626241888,2.2131040508534046,16.722858744486462
0.6030150753768844,3.026326530612245,14.847766203483385,2.040293585153197,17.643828153125703
0.6080402010050251,3.026326530612245,14.938907931414475,1.8699800125934187,18.64458682134144
0.6130653266331658,3.026326530612245,15.03530039788069,1.702584097531942,19.735940726295272
0.6180904522613065,3.026326530612245,15.137440131774163,1.5386343896756909,20.93566936478144
0.6231155778894473,3.026326530612245,15.24593517031807,1.378823304113822,22.270696692198054
0.628140703517588,3.026326530612245,15.36155470507159,1.2240948168870442,23.778197618866656
0.6331658291457286,3.026326530612245,15.48527481306087,1.0757743555515653,25.502066421168124
0.6381909547738693,3.026326530612245,15.618280801858578,0.9357386565730345,27.477595618844955
0.6432160804020101,3.026326530612245,15.761843573183002,0.8065769342711971,29.69554142742582
0.6482412060301508,3.026326530612245,15.916952325303775,0.6915783608458209,32.04208022853476
0.6532663316582915,3.026326530612245,16.083662091629527,0.5941967461262215,34.260258074449986
0.6582914572864321,3.026326530612245,16.26054029951013,0.5168106892397281,36.04431978889114
0.6633165829145728,3.026326530612245,16.444909622602623,0.45944677796596833,37.23565074245639
0.6683417085427136,3.026326530612245,16.633886835766894,0.4196710511430925,37.904260742074186
0.6733668341708543,3.026326530612245,16.82528545147726,0.39377150928111004,38.23014729893837
0.678391959798995,3.026326530612245,17.017804761560452,0.37807144694466444,38.371548944651906
0.6834170854271356,3.026326530612245,17.21078562056558,0.3696042576204122,38.425319656862726
0.6884422110552764,3.026326530612245,17.403926561884273,0.3662271298442389,38.44068175299331
0.6934673366834171,3.026326530612245,17.59709868457293,0.366487958355336,38.44009581387045
0.6984924623115578,3.026326530612245,17.790249787026056,0.3694459974245812,38.433025704731875
0.7035175879396985,3.026326530612245,17.983356486799664,0.3745210719751627,38.42304734924566
0.7085427135678392,3.026326530612245,18.17640800831576,0.3813860280247704,38.41109627267903
0.7135678391959799,3.026326530612245,18.36939399879102,0.3898973781835189,38.39683587506429
0.7185929648241206,3.026326530612245,18.562300334711555,0.400055619415252,38.379105766845875
0.7236180904522613,3.026326530612245,18.755104941968202,0.4119895044727454,38.355871367895425
0.7286432160804021,3.026326530612245,18.947772301965795,0.42596135967533005,38.32376164586303
0.7336683417085427,3.026326530612245,19.140244776497855,0.442395335679055,38.27703473667303
0.7386934673366834,3.026326530612245,19.332425597444747,0.46193650719238577,38.20538538740441
0.7437185929648241,3.026326530612245,19.524145289782485,0.485560215988161,38.08897620688337
0.7487437185929648,3.026326530612245,19.715090720645968,0.514759841859584,37.88772384494154
0.7537688442211056,3.026326530612245,19.904644729845266,0.5518805275884693,37.51407698226904
0.7587939698492462,3.026326530612245,20.09150472076885,0.6006849745515386,36.76597808514525
0.7638190954773869,3.026326530612245,20.27277997830643,0.6671099866202073,35.18179327189185
0.7688442211055276,3.026326530612245,20.442235336693013,0.7593230759114291,31.89388957260329
0.7738693467336684,3.026326530612245,20.58935269960964,0.8838834352607194,26.321777096086443
0.7788944723618091,3.026326530612245,20.70523956831238,1.0379841422431924,19.86254278916971
0.7839195979899497,3.026326530612245,20.791086605052733,1.210823132196001,14.590735338790338
0.7889447236180904,3.026326530612245,20.854695507470538,1.3931399647998648,10.97419623345743
0.7939698492462312,3.026326530612245,20.903446603224417,1.5800275294749826,8.593511656616132
0.7989949748743719,3.026326530612245,20.942389493659608,1.7692212595540662,7.009938057771226
0.8040201005025126,3.026326530612245,20.9747460702091,1.9596597674805172,5.9352729209116255
0.8090452261306532,3.026326530612245,21.002602673241505,2.1508117332842405,5.197551780362909
0.8140703517587939,3.026326530612245,21.02737526511072,2.3423892957169095,4.6956163330376
0.8190954773869347,3.026326530612245,21.05009340378735,2.5342220243561298,4.3728308686641135
0.8241206030150754,3.026326530612245,21.071575838283085,2.726197279751776,4.201429138528641
0.8291457286432161,3.026326530612245,21.092569636756583,2.9182246300411663,4.18041744690027
0.8341708542713567,3.026326530612245,21.113890780388257,3.110216882394712,4.341118227979285
0.8391959798994975,3.026326530612245,21.136664585191074,3.3020421567059204,4.785883762939679
0.8442211055276382,3.026326530612245,21.16296201713008,3.493411491687051,5.836369276294649
0.8492462311557789,3.026326530612245,21.19863063990313,3.6832061419617412,9.109537192187435
0.8542713567839196,3.026326530612245,21.298882584939083,3.8040487480323577,27.412959982611195
0.8592964824120602,3.026326530612245,21.388901295966093,3.6342161070546743,14.445095272095955
0.864321608040201,3.026326530612245,21.45735817737902,3.453590104322239,13.156820195689342
0.8693467336683417,3.026326530612245,21.522970362688685,3.271903619617581,13.05585633166865
0.8743718592964824,3.026326530612245,21.589215871642114,3.090445271205284,13.352779682437998
0.8793969849246231,3.026326530612245,21.657488211167784,2.9097398740962515,13.843871498318228
0.8844221105527639,3.026326530612245,21.728549805542603,2.7301137496043415,14.455426827489173
0.8894472361809045,3.026326530612245,21.802918779553902,2.551832309838029,15.157004512958252
0.8944723618090452,3.026326530612245,21.881010506272506,2.3751506739058303,15.935843476926104
0.8994974874371859,3.026326530612245,21.963200450215847,2.2003387822288345,16.787912330718175
0.9045226130653267,3.026326530612245,22.049857878066685,2.0276990424223285,17.71449620560535
0.9095477386934674,3.026326530612245,22.141370007333965,1.8575842913690603,18.721466226224376
0.914572864321608,3.026326530612245,22.238166489106025,1.690421801967143,19.820069545122564
0.9195979899497487,3.026326530612245,22.340750525657132,1.5267499354086778,21.028695997931326
0.9246231155778895,3.026326530612245,22.44974022751522,1.3672761380212322,22.37500937975638
0.9296482412060302,3.026326530612245,22.56591862789012,1.2129674124273306,23.89687638172482
0.9346733668341709,3.026326530612245,22.690278024856912,1.065183536990157,25.638289390332886
0.9396984924623115,3.026326530612245,22.8240164133278,0.9258487715296616,27.63278212196023
0.9447236180904522,3.026326530612245,22.968400367313215,0.7976081808091482,29.865789329215765
0.949748743718593,3.026326530612245,23.124374770231316,0.683789506199711,32.213252356120925
0.9547738693467337,3.026326530612245,23.291899399213317,0.5878182712318157,34.40933537631878
0.9597989949748744,3.026326530612245,23.469428638970264,0.5119352517619788,36.15235876354987
0.964824120603015,3.026326530612245,23.654229774724715,0.4559702810547678,37.30057249709587
0.9698492462311558,3.026326530612245,23.84344799293702,0.41734589633044644,37.937594017844674
0.9748743718592965,3.026326530612245,24.034963579602117,0.392313880726738,38.24526698724258
0.9798994974874372,3.026326530612245,24.227533492590265,0.3772353048492763,38.37765371477172
0.9849246231155779,3.026326530612245,24.420533564051688,0.3692050985874627,38.42736616947859
0.9899497487437185,3.026326530612245,24.61367992803291,0.3661370690867196,38.44101333055012
0.9949748743718593,3.026326530612245,24.806852036822164,0.366623306452805,38.43971997252378
1.0,3.026326530612245,25.0,0.3697529898093348,38.43315444180789
0.0,3.0275510204081635,0.0,1.0,17.014122730455572
0.005025125628140704,3.0275510204081635,0.09509270163602425,0.831874715600452,20.98010254479185
0.010050251256281407,3.0275510204081635,0.21228216575045067,0.6784411968141265,25.780456659054465
0.01507537688442211,3.0275510204081635,0.35471440756591677,0.5482688547332731,30.858197051056106
0.020100502512562814,3.0275510204081635,0.5206608665076735,0.4498780720499742,34.908080359474766
0.02512562814070352,3.0275510204081635,0.7024145856700286,0.38486029348903333,37.14079978203775
0.03015075376884422,3.0275510204081635,0.8917041605587592,0.34638268098147995,38.044379937596034
0.035175879396984924,3.0275510204081635,1.0837869982908468,0.3253739189208453,38.347021293201415
0.04020100502512563,3.0275510204081635,1.2767569106827663,0.3148913094208528,38.43619757428836
0.04522613065326633,3.0275510204081635,1.4699724346322804,0.310588729878879,38.45793528692912
0.05025125628140704,3.0275510204081635,1.6632377927246187,0.30993870378775634,38.46014357386145
0.05527638190954774,3.0275510204081635,1.856498948031137,0.31150894620174874,38.45744416870973
0.06030150753768844,3.0275510204081635,2.049743675728804,0.31449595786852336,38.453949587397176
0.06532663316582915,3.0275510204081635,2.242971091929476,0.3184538087699245,38.4506038936723
0.07035175879396985,3.0275510204081635,2.436182245262413,0.323141103964373,38.44745591182283
0.07537688442211055,3.0275510204081635,2.629377725895302,0.32843600104910897,38.44433048374073
0.08040201005025126,3.0275510204081635,2.8225571081453267,0.33428913051691644,38.441010889307876
0.08542713567839195,3.0275510204081635,3.015718854023398,0.3406979556677565,38.437270594147634
0.09045226130653267,3.0275510204081635,3.208860237261923,0.34769342044691964,38.43285968870922
0.09547738693467336,3.0275510204081635,3.4019771531380116,0.3553341318357551,38.427474511778335
0.10050251256281408,3.0275510204081635,3.5950637593547463,0.36370539028670107,38.42071465311333
0.10552763819095477,3.0275510204081635,3.788111821652125,0.37292202443768824,38.41201849609637
0.11055276381909548,3.0275510204081635,3.9811096659877343,0.38313495618647236,38.40056104594598
0.11557788944723618,3.0275510204081635,4.174040491560698,0.39454226054906627,38.385082421285574
0.12060301507537688,3.0275510204081635,4.366879460348734,0.4074065043164532,38.3635887471305
0.12562814070351758,3.0275510204081635,4.559588650796966,0.42208305721258665,38.3327220783591
0.1306532663316583,3.0275510204081635,4.752108260656627,0.439059946678637,38.286885440381035
0.135678391959799,3.0275510204081635,4.944339662216503,0.4590270555282261,38.21570140844247
0.1407035175879397,3.0275510204081635,5.136111016259759,0.4829959990486261,38.099318715340196
0.1457286432160804,3.0275510204081635,5.327106462096792,0.5124868790780529,37.89729874275049
0.1507537688442211,3.0275510204081635,5.516703076971347,0.5498759255802745,37.521306209264054
0.15577889447236182,3.0275510204081635,5.703585410507652,0.5989627546489137,36.76694509972118
0.16080402010050251,3.0275510204081635,5.884828819631245,0.6657416042741289,35.16502554238679
0.1658291457286432,3.0275510204081635,6.054121812030958,0.758439837598721,31.840279816935833
0.1708542713567839,3.0275510204081635,6.200856056899677,0.8835898364775544,26.22360783908741
0.17587939698492464,3.0275510204081635,6.316185522712002,1.0382252178622742,19.745528217956135
0.18090452261306533,3.0275510204081635,6.401477196591379,1.2114451821910368,14.488155752118598
0.18592964824120603,3.0275510204081635,6.464620384397907,1.3940240945126603,10.891272758857157
0.19095477386934673,3.0275510204081635,6.512993658290369,1.58110718215959,8.525904447782366
0.19597989949748743,3.0275510204081635,6.551622742185725,1.7704612387918188,6.952618198731095
0.20100502512562815,3.0275510204081635,6.58370793950036,1.9610409969198925,5.884465087032127
0.20603015075376885,3.0275510204081635,6.61131934982394,2.152323545552104,5.150328590042042
0.21105527638190955,3.0275510204081635,6.635859557461492,2.3440258962111895,4.65001737054299
0.21608040201005024,3.0275510204081635,6.658347003654103,2.53598064695145,4.326325646246187
0.22110552763819097,3.0275510204081635,6.679588338493236,2.7280776428259816,4.151617390466987
0.22613065326633167,3.0275510204081635,6.700315636522731,2.9202302568109144,4.123263774329281
0.23115577889447236,3.0275510204081635,6.721318248673088,3.1123532235056137,4.269894350591832
0.23618090452261306,3.0275510204081635,6.743670389291676,3.304323291644801,4.685296237572292
0.24120603015075376,3.0275510204081635,6.769304318124733,3.4958785826723253,5.65884597354358
0.24623115577889448,3.0275510204081635,6.803444676013644,3.686061871962993,8.559783704420298
0.25125628140703515,3.0275510204081635,6.895088106020251,3.8308307668559975,32.53706987710548
0.2562814070351759,3.0275510204081635,6.990422408013897,3.664944310701222,14.58419751562382
0.2613065326633166,3.0275510204081635,7.059036919517658,3.4842799126600026,13.126835547996304
0.2663316582914573,3.0275510204081635,7.12437394171003,3.3023919793828354,12.983059017650836
0.271356783919598,3.0275510204081635,7.19020051770297,3.1206804068312732,13.260725590057573
0.27638190954773867,3.0275510204081635,7.257977856949111,2.939688119579433,13.739517674787237
0.2814070351758794,3.0275510204081635,7.328489660356428,2.7597443625877727,14.34114933120609
0.2864321608040201,3.0275510204081635,7.40226077442243,2.581112896044354,15.033369987956656
0.2914572864321608,3.0275510204081635,7.479707606427712,2.4040449234731436,15.802751888704119
0.2964824120603015,3.0275510204081635,7.561203827514982,2.22880475781042,16.644786533692308
0.3015075376884422,3.0275510204081635,7.6471148385298084,2.055687269439917,17.56035163144392
0.3065326633165829,3.0275510204081635,7.737821600300415,1.8850350511728045,18.554767249733782
0.31155778894472363,3.0275510204081635,7.833744075310389,1.7172609036033193,19.638446656452412
0.3165829145728643,3.0275510204081635,7.935370736356104,1.552881871366091,20.828581713694003
0.32160804020100503,3.0275510204081635,8.043298192041778,1.3925731774344068,22.1513699504387
0.32663316582914576,3.0275510204081635,8.158280461682898,1.237252895174386,23.643291105030045
0.3316582914572864,3.0275510204081635,8.281276362823148,1.0882083254197363,25.348263403651437
0.33668341708542715,3.0275510204081635,8.413458522707003,0.9472640301403756,27.303657850873297
0.3417085427135678,3.0275510204081635,8.556104994249981,0.8169489087531762,29.50637571242014
0.34673366834170855,3.0275510204081635,8.710255882782226,0.7005101360459799,31.853966628738906
0.35175879396984927,3.0275510204081635,8.876078523097723,0.6014402544930118,34.099787669800875
0.35678391959798994,3.0275510204081635,9.052268744363051,0.5222736000323447,35.9333005969084
0.36180904522613067,3.0275510204081635,9.23621375697053,0.4632638420240276,37.17647826753866
0.36683417085427134,3.0275510204081635,9.424996214698702,0.42214276760536334,37.88308490455181
0.37185929648241206,3.0275510204081635,9.616349148501937,0.395238044445148,38.230840819561706
0.3768844221105528,3.0275510204081635,9.808902229547652,0.3788247023165952,38.38298299307272
0.38190954773869346,3.0275510204081635,10.001954207318425,0.36986113702676504,38.44155990131902
0.3869346733668342,3.0275510204081635,10.195182470818393,0.36613628438898327,38.45893768783348
0.39195979899497485,3.0275510204081635,10.388448618482311,0.3661461022567632,38.45916756428115
0.3969849246231156,3.0275510204081635,10.581696100795991,0.36891321807127686,38.4524424104921
0.4020100502512563,3.0275510204081635,10.774900874901025,0.3738322653583031,38.44265194433832
0.40703517587939697,3.0275510204081635,10.968051353509223,0.38055840134593494,38.43088168699056
0.4120603015075377,3.0275510204081635,11.161137344542286,0.3889349312085734,38.41687189818825
0.41708542713567837,3.0275510204081635,11.35414522548048,0.3989515126056382,38.39952246709013
0.4221105527638191,3.0275510204081635,11.547053687820002,0.4107265011918706,38.376884544812896
0.4271356783919598,3.0275510204081635,11.739828764602898,0.42451047927547386,38.34574026720378
0.4321608040201005,3.0275510204081635,11.932415201423948,0.44071239769996895,38.3006078614219
0.4371859296482412,3.0275510204081635,12.124720544224212,0.4599558083348564,38.23167680155449
0.44221105527638194,3.0275510204081635,12.316583491427462,0.4831825843948862,38.120238566222525
0.4472361809045226,3.0275510204081635,12.507707335175393,0.5118338800700022,37.92866896404159
0.45226130653266333,3.0275510204081635,12.69751060710479,0.54816741348757,37.57493234020208
0.457286432160804,3.0275510204081635,12.884772189348102,0.5958022841840165,36.87104207449486
0.4623115577889447,3.0275510204081635,13.066786252848198,0.6604791492147397,35.382035725636754
0.46733668341708545,3.0275510204081635,13.23766431079902,0.7502600222182889,32.269070088708055
0.4723618090452261,3.0275510204081635,13.387129526780823,0.8721514971307229,26.858592672243322
0.47738693467336685,3.0275510204081635,13.505723015926247,1.0242812263396233,20.368681982618007
0.4824120603015075,3.0275510204081635,13.59376869616239,1.196101329001704,14.954392349277256
0.48743718592964824,3.0275510204081635,13.658869976134168,1.3779837890609765,11.212009919457302
0.49246231155778897,3.0275510204081635,13.708588436918081,1.5647110046011041,8.747800764345957
0.49748743718592964,3.0275510204081635,13.74816243732708,1.753868718283072,7.111466858503707
0.5025125628140703,3.0275510204081635,13.78093694611422,1.9443306871863046,6.002780250696172
0.507537688442211,3.0275510204081635,13.809071256300985,2.1355368136988284,5.24188572350345
0.5125628140703518,3.0275510204081635,13.834022808262388,2.3271859258701433,4.723307603614516
0.5175879396984925,3.0275510204081635,13.856844705380833,2.5191010797486846,4.386866637770795
0.5226130653266332,3.0275510204081635,13.87836613857262,2.711166737208699,4.203042031839402
0.5276381909547738,3.0275510204081635,13.899334242147464,2.903292290829358,4.168045758020779
0.5326633165829145,3.0275510204081635,13.920548567429591,3.0953914588653997,4.309590223642189
0.5376884422110553,3.0275510204081635,13.943088742091424,3.287339333051272,4.720393954073817
0.542713567839196,3.0275510204081635,13.968883094333354,3.478873039804255,5.6864480181747075
0.5477386934673367,3.0275510204081635,14.003097510795842,3.6690441659311595,8.547621213702156
0.5527638190954773,3.0275510204081635,14.093397423086616,3.8178052293919764,33.857856849080434
0.5577889447236181,3.0275510204081635,14.190587044734041,3.653422967186888,14.703804708554127
0.5628140703517588,3.0275510204081635,14.259637941796326,3.4729261801402314,13.194519582875037
0.5678391959798995,3.0275510204081635,14.325274382450155,3.291146792136337,13.037073782394982
0.5728643216080402,3.0275510204081635,14.391358800752561,3.1095293276159506,13.310166080192515
0.5778894472361809,3.0275510204081635,14.459381028798935,2.9286290179882792,13.787934368177902
0.5829145728643216,3.0275510204081635,14.530137390012978,2.748781309580593,14.390300647874309
0.5879396984924623,3.0275510204081635,14.604159736773846,2.570253818548548,15.084352911455348
0.592964824120603,3.0275510204081635,14.681868965247963,2.3933008632191406,15.856310771939624
0.5979899497487438,3.0275510204081635,14.76364210920545,2.21818977309405,16.70153643474186
0.6030150753768844,3.0275510204081635,14.849847574124375,2.0452187629979637,17.62089916624332
0.6080402010050251,3.0275510204081635,14.940869608036296,1.8747345604637697,18.61983231465516
0.6130653266331658,3.0275510204081635,15.037132409933335,1.7071555500361384,19.70902051326223
0.6180904522613065,3.0275510204081635,15.139130418190895,1.5430068454402794,20.90608519554967
0.6231155778894473,3.0275510204081635,15.2474687362348,1.3829757979220871,22.237778884998225
0.628140703517588,3.0275510204081635,15.36291286804256,1.2279989431534637,23.741171198177298
0.6331658291457286,3.0275510204081635,15.486435216179213,1.0793911484989822,25.460321468459128
0.6381909547738693,3.0275510204081635,15.61921972010743,0.9390154685645262,27.431344926048194
0.6432160804020101,3.0275510204081635,15.762542864269042,0.8094469492839085,29.64700981040453
0.6482412060301508,3.0275510204081635,15.917412889457939,0.693968986799424,31.99670247806469
0.6532663316582915,3.0275510204081635,16.083918814652026,0.5960535077910025,34.2257851505875
0.6582914572864321,3.0275510204081635,16.260663658666,0.5181313369195016,36.02615576925388
0.6633165829145728,3.0275510204081635,16.444982509383458,0.46029368497922774,37.23313155634612
0.6683417085427136,3.0275510204081635,16.633976457355967,0.4201464870451124,37.912526615604065
0.6733668341708543,3.0275510204081635,16.825433133943772,0.39397992914947433,38.24431285241485
0.678391959798995,3.0275510204081635,17.01803153114888,0.378097148135247,38.38848934636825
0.6834170854271356,3.0275510204081635,17.211100958185263,0.3695067869820563,38.44344863219946
0.6884422110552764,3.0275510204081635,17.40433439310942,0.3660454372993117,38.45929158129325
0.6934673366834171,3.0275510204081635,17.597600798255836,0.36624618559458755,38.45889773376129
0.6984924623115578,3.0275510204081635,17.79084603987029,0.3691582624980269,38.45191347847921
0.7035175879396985,3.0275510204081635,17.984047848607158,0.3741948380749841,38.44199153409442
0.7085427135678392,3.0275510204081635,18.177194760967286,0.38102420531887105,38.43010102751319
0.7135678391959799,3.0275510204081635,18.370276553365855,0.38949955212153137,38.415924472723404
0.7185929648241206,3.0275510204081635,18.56327915304812,0.39961861735063536,38.398318870335274
0.7236180904522613,3.0275510204081635,18.75618069072541,0.41150746529069915,38.375273551594454
0.7286432160804021,3.0275510204081635,18.94894625619311,0.4254253551770245,38.34345903685505
0.7336683417085427,3.0275510204081635,19.141518816401355,0.4417923965315749,38.29721027029764
0.7386934673366834,3.0275510204081635,19.33380290011186,0.46124788195604477,38.22637201256827
0.7437185929648241,3.0275510204081635,19.525631328400532,0.4847583726739032,38.11140688615558
0.7487437185929648,3.0275510204081635,19.71669557563551,0.5138031939756881,37.91291179936488
0.7537688442211056,3.0275510204081635,19.906388526911712,0.5507048566287207,37.54485534525061
0.7587939698492462,3.0275510204081635,20.093429554362906,0.5991902938738862,36.80881958954117
0.7638190954773869,3.0275510204081635,20.274976928201852,0.6651497290791382,35.2502966272887
0.7688442211055276,3.0275510204081635,20.444881512153678,0.7567379964264123,32.00630917393149
0.7738693467336684,3.0275510204081635,20.592667028061516,0.8806525794866653,26.46882353544217
0.7788944723618091,3.0275510204081635,20.709272090650735,1.0343234579898435,19.993163278279148
0.7839195979899497,3.0275510204081635,20.795672514975305,1.2069877063259602,14.680011736751753
0.7889447236180904,3.0275510204081635,20.859640042826825,1.3892770123910494,11.029845878120245
0.7939698492462312,3.0275510204081635,20.90861231734353,1.5762033214515023,8.627644248432372
0.7989949748743719,3.0275510204081635,20.947690673604413,1.7654648853385677,7.030780492322439
0.8040201005025126,3.0275510204081635,20.980129157466266,1.9559847316713106,5.947622539470137
0.8090452261306532,3.0275510204081635,21.008032521591034,2.1472248490724164,5.204136107989663
0.8140703517587939,3.0275510204081635,21.032826923146672,2.338894388539548,4.697897849265628
0.8190954773869347,3.0275510204081635,21.055547193087044,2.53082154642105,4.371449419023548
0.8241206030150754,3.0275510204081635,21.077013801088246,2.722893197459872,4.196448177645899
0.8291457286432161,3.0275510204081635,21.09797227531049,2.9150191113695785,4.1711225437401644
0.8341708542713567,3.0275510204081635,21.119232046090985,3.1071126931355533,4.325479525015599
0.8391959798994975,3.0275510204081635,21.1419013917477,3.2990450445696924,4.758529052358198
0.8442211055276382,3.0275510204081635,21.16800040969161,3.4905367768605338,5.779300175141319
0.8492462311557789,3.0275510204081635,21.203131889106125,3.680532244907718,8.904101872751694
0.8542713567839196,3.0275510204081635,21.30039908550317,3.811046310697688,29.20839672061132
0.8592964824120602,3.0275510204081635,21.392427905945723,3.642510137887491,14.518515942248516
0.864321608040201,3.0275510204081635,21.461039868961553,3.461843534597169,13.16321768635951
0.8693467336683417,3.0275510204081635,21.526633906697516,3.280049595973231,13.045016867516866
0.8743718592964824,3.0275510204081635,21.592804523366244,3.0984639720044034,13.334661064666482
0.8793969849246231,3.0275510204081635,21.660974665969757,2.917619487055356,13.821618508832247
0.8844221105527639,3.0275510204081635,21.73191673255665,2.7378450174724116,14.430226983392837
0.8894472361809045,3.0275510204081635,21.806152722550245,2.5594062976331804,15.129319731489005
0.8944723618090452,3.0275510204081635,21.884099413175,2.3825578454549756,15.905810239187248
0.8994974874371859,3.0275510204081635,21.9661324779272,2.207568403601124,16.755490296469507
0.9045226130653267,3.0275510204081635,22.05262063133757,2.034738618120252,17.679507514125714
0.9095477386934674,3.0275510204081635,22.143949836343154,1.8644188393900252,18.68358226577954
0.914572864321608,3.0275510204081635,22.2405476151126,1.697032804709627,19.77876330956993
0.9195979899497487,3.0275510204081635,22.342913891488944,1.533113678612848,20.983179541901396
0.9246231155778895,3.0275510204081635,22.451662073152455,1.373361148663756,22.32419723968007
0.9296482412060302,3.0275510204081635,22.567569117567935,1.218730671575915,23.839467889650912
0.9346733668341709,3.0275510204081635,22.691620964249864,1.0705653956977843,25.57316334075407
0.9396984924623115,3.0275510204081635,22.82501241354397,0.9307676754010553,27.56002658702293
0.9447236180904522,3.0275510204081635,22.96901700593261,0.8019590176654703,29.788477523378138
0.949748743718593,3.0275510204081635,23.124607425167127,0.6874560601343793,32.139505854012164
0.9547738693467337,3.0275510204081635,23.291794820736587,0.5907103134832843,34.35078216632127
0.9597989949748744,3.0275510204081635,23.46908702525153,0.5140398023452909,36.117246255570016
0.964824120603015,3.0275510204081635,23.65377076780639,0.4573716595037378,37.28811579361052
0.9698492462311558,3.0275510204081635,23.842969148215193,0.4181896923197187,37.94084764253108
0.9748743718592965,3.0275510204081635,24.034525318317037,0.3927515253266751,38.25718529532563
0.9798994974874372,3.0275510204081635,24.227166866089895,0.37739072641721316,38.39369981369523
0.9849246231155779,3.0275510204081635,24.420252689310896,0.3691672415395098,38.445206245369874
0.9899497487437185,3.0275510204081635,24.613490910744723,0.36596514724170526,38.45958993219834
0.9949748743718593,3.0275510204081635,24.806757064238017,0.3663548254789816,38.45859341932594
1.0,3.0275510204081635,25.0,0.36941033473814444,38.452169403139465
0.0,3.0287755102040816,0.0,1.0,17.01413575408903
0.005025125628140704,3.0287755102040816,0.09509998131288491,0.831770919047245,20.983329032883365
0.010050251256281407,3.0287755102040816,0.21231867995168663,0.6782418075503245,25.789293188445882
0.01507537688442211,3.0287755102040816,0.35481333698241707,0.5479994149886497,30.874184041919666
0.020100502512562814,3.0287755102040816,0.5208536843866926,0.4495841546396827,34.928701422489596
0.02512562814070352,3.0287755102040816,0.7027134400334074,0.384584590726451,37.16186773853496
0.03015075376884422,3.0287755102040816,0.8921063790186992,0.34614344391460034,38.0644183011209
0.035175879396984924,3.0287755102040816,1.084287766940677,0.32517038548208266,38.36628211717042
0.04020100502512563,3.0287755102040816,1.2773534115646612,0.31471588180645405,38.45509044175291
0.04522613065326633,3.0287755102040816,1.4706634560429057,0.3104333205724216,38.47668557897269
0.05025125628140704,3.0287755102040816,1.664022913720959,0.30979671872727144,38.47884932762478
0.05527638190954774,3.0287755102040816,1.8573779914382995,0.31137551270654407,38.47614218173914
0.06030150753768844,3.0287755102040816,2.050716687561974,0.3143676239283003,38.47265172803354
0.06532663316582915,3.0287755102040816,2.244038102675895,0.3183281690956108,38.46931348099441
0.07035175879396985,3.0287755102040816,2.4373432924601692,0.323016480353019,38.46617310506822
0.07537688442211055,3.0287755102040816,2.6306328470885254,0.32831121015792863,38.46305472553922
0.08040201005025126,3.0287755102040816,2.823906337791036,0.33416331601725874,38.45974173861052
0.08542713567839195,3.0287755102040816,3.0171622239220115,0.3405704742096921,38.456007957104454
0.09045226130653267,3.0287755102040816,3.210397782295077,0.34756376644316456,38.45160385356825
0.09547738693467336,3.0287755102040816,3.4036089084871968,0.35520188721276186,38.446226180189385
0.10050251256281408,3.0287755102040816,3.5967897642066355,0.36357019227296866,38.43947497986022
0.10552763819095477,3.0287755102040816,3.7899321250143325,0.37278354667950186,38.43078916143948
0.11055276381909548,3.0287755102040816,3.983024323938334,0.38299290053971063,38.419344369639845
0.11557788944723618,3.0287755102040816,4.176049575147353,0.3943963607145161,38.40388153741182
0.12060301507537688,3.0287755102040816,4.3689830584835185,0.4072565400593315,38.38240812139159
0.12562814070351758,3.0287755102040816,4.5617868698343385,0.42192896548078873,38.3515657185344
0.1306532663316583,3.0287755102040816,4.754401240476876,0.43890175116544594,38.30575705976884
0.135678391959799,3.0287755102040816,4.946727559267151,0.4588652236827634,38.23460233413754
0.1407035175879397,3.0287755102040816,5.138593978042478,0.48283176401000794,38.11824839762467
0.1457286432160804,3.0287755102040816,5.329684513859566,0.512322977348391,37.91619738769385
0.1507537688442211,3.0287755102040816,5.519375723985509,0.5497182318690523,37.54000459396497
0.15577889447236182,3.0287755102040816,5.706350214972226,0.5988239792369917,36.7847115735167
0.16080402010050251,3.0287755102040816,5.8876769913529445,0.6656475920253275,35.1800264309157
0.1658291457286432,3.0287755102040816,6.0570267601021,0.7584360697853969,31.847801530968706
0.1708542713567839,3.0287755102040816,6.203762141473975,0.8837277247513695,26.217231273726064
0.17587939698492464,3.0287755102040816,6.319033803021326,1.038522972680708,19.730458973581435
0.18090452261306533,3.0287755102040816,6.404245421642464,1.211887289476454,14.472146553180844
0.18592964824120603,3.0287755102040816,6.467313298541968,1.394591884764713,10.877386254927744
0.19095477386934673,3.0287755102040816,6.515622747321292,1.5817886706296254,8.51431034765938
0.19597989949748743,3.0287755102040816,6.554198244107665,1.7712496589039137,6.942831331699695
0.20100502512562815,3.0287755102040816,6.586237506752991,1.9619325155057827,5.8759470179798985
0.20603015075376885,3.0287755102040816,6.613808327076501,2.153315932977554,5.142641418684899
0.21105527638190955,3.0287755102040816,6.638311421117468,2.34511783291832,4.642886572099142
0.21608040201005024,3.0287755102040816,6.660763620494892,2.5371713852760713,4.3194148698371
0.22110552763819097,3.0287755102040816,6.681970109284941,2.729366833584537,4.144642358199059
0.22613065326633167,3.0287755102040816,6.702661295172407,2.9216179220030445,4.115794326567065
0.23115577889447236,3.0287755102040816,6.723624027569841,3.1138398225857506,4.261344345633591
0.23618090452261306,3.0287755102040816,6.745928090610984,3.305910156652928,4.674380859704386
0.24120603015075376,3.0287755102040816,6.771494514791183,3.497569402608728,5.641814639556998
0.24623115577889448,3.0287755102040816,6.805501621689518,3.6878729527872767,8.515507088294672
0.25125628140703515,3.0287755102040816,6.8963807590562,3.834411618460705,33.00171549186789
0.2562814070351759,3.0287755102040816,6.992163905046877,3.6688115801125214,14.59166087845561
0.2613065326633166,3.0287755102040816,7.060777336559802,3.4880463958651156,13.122493918459048
0.2663316582914573,3.0287755102040816,7.126085209359026,3.3060480602816837,12.976271412511245
0.271356783919598,3.0287755102040816,7.191875016358715,3.1242232098585956,13.25301271063211
0.27638190954773867,3.0287755102040816,7.259612108101213,2.9431154541055617,13.731247402120731
0.2814070351758794,3.0287755102040816,7.330081188181428,2.7630539719578415,14.33241646411478
0.2864321608040201,3.0287755102040816,7.403807248472271,2.584302176800918,15.024166034654547
0.2914572864321608,3.0287755102040816,7.481206561222329,2.40711080104257,15.79303411802057
0.2964824120603015,3.0287755102040816,7.562652529952323,2.2317435773632655,16.63449200295482
0.3015075376884422,3.0287755102040816,7.648510188534308,2.0584946542790568,17.549395365803928
0.3065326633165829,3.0287755102040816,7.73915999668063,1.8877056903339946,18.543033669231843
0.31155778894472363,3.0287755102040816,7.8350212195707405,1.7197882232288304,19.625770714718783
0.3165829145728643,3.0287755102040816,7.936581368494364,1.5552575323824107,20.81474264399778
0.32160804020100503,3.0287755102040816,8.04443581068721,1.3947863330632981,22.136100798516896
0.32663316582914576,3.0287755102040816,8.159337177391954,1.2392891607017273,23.626324007047085
0.3316582914572864,3.0287755102040816,8.282243271627815,1.0900485407620033,25.329498989527842
0.33668341708542715,3.0287755102040816,8.41432734710156,0.9488833005170324,27.28352385481475
0.3417085427135678,3.0287755102040816,8.556871969550508,0.8183172378600642,29.486355873732943
0.34673366834170855,3.0287755102040816,8.71092872425311,0.7015979532209158,31.837188973422297
0.35175879396984927,3.0287755102040816,8.876683098608828,0.6022310572388268,34.09004971704709
0.35678391959798994,3.0287755102040816,9.052847804635372,0.5227796245782994,35.93300863189313
0.36180904522613067,3.0287755102040816,9.236813735552815,0.46352944552077996,37.1846932787989
0.36683417085427134,3.0287755102040816,9.425652798095681,0.42222884103440295,37.89687840918406
0.37185929648241206,3.0287755102040816,9.617083206633867,0.3952019476030284,38.24752534649459
0.3768844221105528,3.0287755102040816,9.809723819673861,0.37870990328592113,38.400947508158666
0.38190954773869346,3.0287755102040816,10.002867552209851,0.36969652679360177,38.46003581867175
0.3869346733668342,3.0287755102040816,10.196189211221434,0.36593950425816835,38.47760619458917
0.39195979899497485,3.0287755102040816,10.38954944330933,0.36592720612763757,38.477910210449956
0.3969849246231156,3.0287755102040816,10.582891074928675,0.368677399607356,38.471221042668205
0.4020100502512563,3.0287755102040816,10.776190277298223,0.37358169450532897,38.46145996069896
0.40703517587939697,3.0287755102040816,10.969435353921346,0.38029327063091356,38.44972542192751
0.4120603015075377,3.0287755102040816,11.162616160858981,0.3886540644355214,38.43576368120506
0.41708542713567837,3.0287755102040816,11.355719144599696,0.39865262178008776,38.41848311527577
0.4221105527638191,3.0287755102040816,11.548723128958404,0.4104061972801382,38.395946347605104
0.4271356783919598,3.0287755102040816,11.741594318316018,0.4241640804835891,38.36495445846214
0.4321608040201005,3.0287755102040816,11.934277860168702,0.4403335343571163,38.32005871377848
0.4371859296482412,3.0287755102040816,12.126681855473485,0.4595356744312228,38.251518724428855
0.44221105527638194,3.0287755102040816,12.318646035285694,0.4827087447814274,38.140766943261355
0.4472361809045226,3.0287755102040816,12.509875825848214,0.5112880854352584,37.95042905499988
0.45226130653266333,3.0287755102040816,12.699793897706172,0.5475225294202848,37.599184121390245
0.457286432160804,3.0287755102040816,12.887188326789715,0.5950177777411872,36.90025076083623
0.4623115577889447,3.0287755102040816,13.06937242080761,0.659498813973886,35.42173693253178
0.46733668341708545,3.0287755102040816,13.24048981962431,0.7490282564228445,32.326804587345656
0.4723618090452261,3.0287755102040816,13.390273681352719,0.8706770426494932,26.926510605267183
0.47738693467336685,3.0287755102040816,13.509187212356256,1.0226734291410762,20.424978248497293
0.4824120603015075,3.0287755102040816,13.597464647630442,1.1944783891873496,14.990277610509434
0.48743718592964824,3.0287755102040816,13.66270416311595,1.376410451957927,11.232257493485038
0.49246231155778897,3.0287755102040816,13.712498414971725,1.563214526042378,8.75855060901462
0.49748743718592964,3.0287755102040816,13.75211093273227,1.7524601523625036,7.116581835531024
0.5025125628140703,3.0287755102040816,13.784901467544989,1.9430147352377947,6.004369885213335
0.507537688442211,3.0287755102040816,13.813037322268148,2.1343156624989286,5.24104949600764
0.5125628140703518,3.0287755102040816,13.837980053916024,2.326060736378703,4.720692869574963
0.5175879396984925,3.0287755102040816,13.860784543797793,2.518072642115298,4.3826031299669115
0.5226130653266332,3.0287755102040816,13.88228015258605,2.7102358112060463,4.197027988617064
0.5276381909547738,3.0287755102040816,13.903212507188984,2.9024598451811086,4.159708976748365
0.5326633165829145,3.0287755102040816,13.924376881351527,3.094659026201896,4.297736098408536
0.5376884422110553,3.0287755102040816,13.946842979999003,3.286710278273167,4.701957523159555
0.542713567839196,3.0287755102040816,13.972510932866696,3.4783560107820715,5.651708653649661
0.5477386934673367,3.0287755102040816,14.006422483068054,3.668679127710804,8.439253632197358
0.5527638190954773,3.0287755102040816,14.094333355034383,3.8223835768321055,35.33785349033598
0.5577889447236181,3.0287755102040816,14.193210302179985,3.6595025041231937,14.750501648671662
0.5628140703517588,3.0287755102040816,14.26235134073193,3.4789403871462614,13.19652390761694
0.5678391959798995,3.0287755102040816,14.327966735994409,3.2970534171472106,13.028551588058189
0.5728643216080402,3.0287755102040816,14.393996325625164,3.1153159502097454,13.297374615658647
0.5778894472361809,3.0287755102040816,14.461947820773991,2.934288608694528,13.77274881541994
0.5829145728643216,3.0287755102040816,14.532623399217789,2.7543081007872967,14.373398671291623
0.5879396984924623,3.0287755102040816,14.60655703781111,2.5756420662906176,15.06596979835711
0.592964824120603,3.0287755102040816,14.6841703092899,2.3985443082738294,15.836501660196818
0.5979899497487438,3.0287755102040816,14.76584023926975,2.2232812855822557,16.6802522177919
0.6030150753768844,3.0287755102040816,14.851934792951107,2.050149987734436,17.598012349311535
0.6080402010050251,3.0287755102040816,14.942837361212767,1.8794954643381923,18.595126529448965
0.6130653266331658,3.0287755102040816,15.03897076319434,1.7117337469257046,19.68215789360361
0.6180904522613065,3.0287755102040816,15.140827363718943,1.5473865391533093,20.876569906386813
0.6231155778894473,3.0287755102040816,15.249009344001939,1.3871361740633847,22.20494420912999
0.628140703517588,3.0287755102040816,15.364278516290566,1.2319118075751496,23.704237755898983
0.6331658291457286,3.0287755102040816,15.487603565266188,1.0830178059230353,25.418662555004385
0.6381909547738693,3.0287755102040816,15.620166924970187,0.9423035592175835,27.38513485819018
0.6432160804020101,3.0287755102040816,15.763250422982324,0.8123298500883731,29.598411323477656
0.6482412060301508,3.0287755102040816,15.917880936973324,0.6963738141307934,31.951056718925294
0.6532663316582915,3.0287755102040816,16.08418124302577,0.5979246504788818,34.19088025507047
0.6582914572864321,3.0287755102040816,16.260790423717218,0.5194649054279846,36.00753655856353
0.6633165829145728,3.0287755102040816,16.445056777987052,0.46115081742913033,37.23027664456548
0.6683417085427136,3.0287755102040816,16.634066156653347,0.420629235764174,37.92060390325484
0.6733668341708543,3.0287755102040816,16.8255802139562,0.39419327372836743,38.258390314855525
0.678391959798995,3.0287755102040816,17.01825743525026,0.3781261056311267,38.40539446436814
0.6834170854271356,3.0287755102040816,17.211415289663407,0.3694115192213394,38.461565150993685
0.6884422110552764,3.0287755102040816,17.404741187454874,0.3658653192960014,38.477898020003245
0.6934673366834171,3.0287755102040816,17.598101411288706,0.3660056326023092,38.477699562336134
0.6984924623115578,3.0287755102040816,17.791442049719304,0.36887159094897715,38.470802060862404
0.7035175879396985,3.0287755102040816,17.984738880752392,0.37386961062968516,38.460936480348806
0.7085427135678392,3.0287755102040816,18.17798108765892,0.38066340617370975,38.44910613335885
0.7135678391959799,3.0287755102040816,18.37115849693361,0.3891028201950165,38.43501260576467
0.7185929648241206,3.0287755102040816,18.564257270952496,0.39918283759311735,38.41753015349459
0.7236180904522613,3.0287755102040816,18.757255850876756,0.41102684936511047,38.39467187566308
0.7286432160804021,3.0287755102040816,18.95011954285049,0.4248910380982319,38.36314931950281
0.7336683417085427,3.0287755102040816,19.14279216317737,0.4411915178178022,38.31737285065243
0.7386934673366834,3.0287755102040816,19.335179386981686,0.4605618396453042,38.2473341947057
0.7437185929648241,3.0287755102040816,19.52711636083154,0.4839598571091954,38.133793796893144
0.7487437185929648,3.0287755102040816,19.718299157232146,0.5128510055678976,37.93801265468158
0.7537688442211056,3.0287755102040816,19.90813037717864,0.5495353463438766,37.5754595047565
0.7587939698492462,3.0287755102040816,20.095351130030622,0.5977042848392728,36.85128371620704
0.7638190954773869,3.0287755102040816,20.27716790686748,0.6632013795386291,35.31806861048528
0.7688442211055276,3.0287755102040816,20.447517301772436,0.7541666686779658,32.11786904273404
0.7738693467336684,3.0287755102040816,20.595968198575825,0.8774320716415023,26.61589551090142
0.7788944723618091,3.0287755102040816,20.713294294708657,1.0306664990430192,20.124745070562696
0.7839195979899497,3.0287755102040816,20.8002531818791,1.203151481222387,14.77023377808141
0.7889447236180904,3.0287755102040816,20.864583219879318,1.3854112056766534,11.086095134372377
0.7939698492462312,3.0287755102040816,20.913779092967772,1.5723753971603724,8.662141367727
0.7989949748743719,3.0287755102040816,20.952994400874324,1.7617044202046452,7.051852678268667
0.8040201005025126,3.0287755102040816,20.985515755110786,1.9523054315881165,5.960132382770701
0.8090452261306532,3.0287755102040816,21.013466559527703,2.143633611065498,5.210837252148868
0.8140703517587939,3.0287755102040816,21.038283314642886,2.3353950477034267,4.700277020581431
0.8190954773869347,3.0287755102040816,21.061006215043868,2.5274165747772175,4.370174356172263
0.8241206030150754,3.0287755102040816,21.082457541554792,2.7195845428272665,4.191587973063129
0.8291457286432161,3.0287755102040816,21.10338137947528,2.9118089490127455,4.161991052712545
0.8341708542713567,3.0287755102040816,21.12458081232855,3.1040036355127385,4.310107853400093
0.8391959798994975,3.0287755102040816,21.147147614401486,3.296042792090005,4.731718865386375
0.8442211055276382,3.0287755102040816,21.173052946418615,3.4876560142977993,5.723836240366485
0.8492462311557789,3.0287755102040816,21.20766977997059,3.6778460062608698,8.710309155932997
0.8542713567839196,3.0287755102040816,21.30162763594237,3.8177063240949294,31.33306038059032
0.8592964824120602,3.0287755102040816,21.39594955888109,3.6508054385257886,14.596428361860397
0.864321608040201,3.0287755102040816,21.464726617107228,3.4701022239941777,13.170439290163051
0.8693467336683417,3.0287755102040816,21.53030464785459,3.2882028239475005,13.03448018112844
0.8743718592964824,3.0287755102040816,21.596401585771794,3.106490021172722,13.316700790457096
0.8793969849246231,3.0287755102040816,21.664470179818725,2.92550678908293,13.799473902913874
0.8844221105527639,3.0287755102040816,21.73529320850344,2.7455843094845207,14.405117120054841
0.8894472361809045,3.0287755102040816,21.809396652472895,2.5669886633550436,15.101720121506421
0.8944723618090452,3.0287755102040816,21.887198739165147,2.3899737884565035,15.875863237824495
0.8994974874371859,3.0287755102040816,21.969075376183145,2.2148072496471496,16.72316002802759
0.9045226130653267,3.0287755102040816,22.05539474786831,2.0417879535252075,17.644620511594052
0.9095477386934674,3.0287755102040816,22.146541581301264,1.8712638081497284,18.645815620983427
0.914572864321608,3.0287755102040816,22.24294130644449,1.7036550555998944,19.737597021648707
0.9195979899497487,3.0287755102040816,22.345090610086444,1.5394897377645893,20.937834577920942
0.9246231155778895,3.0287755102040816,22.453598235060912,1.379459899320389,22.27359531186806
0.9296482412060302,3.0287755102040816,22.569235077800915,1.2245096035821141,23.782305591970694
0.9346733668341709,3.0287755102040816,22.692980650484635,1.075965539333472,25.50829056873446
0.9396984924623115,3.0287755102040816,22.826026290622313,0.935708251451025,27.48744800714595
0.9447236180904522,3.0287755102040816,22.969651953991082,0.8063355282990007,29.711119118119548
0.949748743718593,3.0287755102040816,23.12485720032794,0.6911519110566964,32.06529468511882
0.9547738693467337,3.0287755102040816,23.291703968960864,0.5936329970406276,34.29136955293896
0.9597989949748744,3.0287755102040816,23.468754411293013,0.5161726999942652,36.08117594246515
0.964824120603015,3.0287755102040816,23.653316427043514,0.45879610062728504,37.27492783361219
0.9698492462311558,3.0287755102040816,23.842492103570528,0.4190504393954632,37.94367676874659
0.9748743718592965,3.0287755102040816,24.034087315719265,0.39320088689732424,38.26889865673173
0.9798994974874372,3.0287755102040816,24.2267997931734,0.3775540678509391,38.40965786621352
0.9849246231155779,3.0287755102040816,24.41997111770373,0.36913479493818535,38.463011951787216
0.9899497487437185,3.0287755102040816,24.613301016420657,0.3657970746967364,38.47815434184946
0.9949748743718593,3.0287755102040816,24.80666142848044,0.36608927041216455,38.477463120516994
1.0,3.0287755102040816,25.0,0.3690701264654119,38.47118078719926
0.0,3.03,0.0,1.0,17.014145126701916
0.005025125628140704,3.03,0.09510723854204971,0.8316671564361858,20.986550517255612
0.010050251256281407,3.03,0.2123551492429869,0.6780424813960437,25.79812667700172
0.01507537688442211,3.03,0.3549122186664222,0.5477300827056346,30.89017274396977
0.020100502512562814,3.03,0.5210464647743274,0.4492904308855052,34.94932249817378
0.02512562814070352,3.03,0.7030122419986571,0.3843091715613672,37.18292986462261
0.03015075376884422,3.03,0.8925085058026964,0.34590452893996576,38.084447679882665
0.035175879396984924,3.03,1.0847884014642541,0.32496716399349806,38.38553509117337
0.04020100502512563,3.03,1.277949740919125,0.31454073291680634,38.47397626432824
0.04522613065326633,3.03,1.4713542695720538,0.31027814940097787,38.49542946757094
0.05025125628140704,3.03,1.6648077893138047,0.3096549347511378,38.49754896209489
0.05527638190954774,3.03,1.8582567996328714,0.3112422483930256,38.49483418492726
0.06030150753768844,3.03,2.051689434483188,0.31423943445969493,38.49134791924783
0.06532663316582915,3.03,2.2451048178275927,0.3182026535386485,38.488017133977294
0.07035175879396985,3.03,2.4385040153547526,0.3228919649399118,38.48488435454836
0.07537688442211055,3.03,2.631887613534894,0.32818651490201456,38.48177300621321
0.08040201005025126,3.03,2.825255183186571,0.3340375869683201,38.47846660722306
0.08542713567839195,3.03,3.0186051797427655,0.3404430695184248,38.47473932195328
0.09045226130653267,3.03,3.211934881236454,0.3474341812813806,38.470342004743564
0.09547738693467336,3.03,3.4052401897550237,0.3550697039198902,38.46497182190859
0.10050251256281408,3.03,3.5985152629141317,0.3634350476320716,38.45822926952099
0.10552763819095477,3.03,3.7917518904582104,0.3726451135046208,38.44955378214126
0.11055276381909548,3.03,3.9849384146363334,0.38285087934599776,38.43812164443794
0.11557788944723618,3.03,4.178058060077942,0.3942504828172997,38.42267459595406
0.12060301507537688,3.03,4.371086032319663,0.4071065819266442,38.40122132945399
0.12562814070351758,3.03,4.563984430701038,0.4217748594932726,38.370403352342166
0.1306532663316583,3.03,4.756693533888175,0.4387435161131221,38.32462299726157
0.135678391959799,3.03,4.949114744608685,0.4587033180640088,38.25349806263317
0.1407035175879397,3.03,5.141076202769362,0.4826674008519368,38.1371724358795
0.1457286432160804,3.03,5.332261802874014,0.5121588760360506,37.93509391469356
0.1507537688442211,3.03,5.522047599052263,0.5495602298111245,37.558695676689645
0.15577889447236182,3.03,5.709114252843941,0.5986847608646148,36.80248814689929
0.16080402010050251,3.03,5.890524461822874,0.6655528794767295,35.19510209963041
0.1658291457286432,3.03,6.0599311459143035,0.7584312927087274,31.85505877930536
0.1708542713567839,3.03,6.206667676146565,0.883864480141135,26.210789519827884
0.17587939698492464,3.03,6.321881707348101,1.0388192987640346,19.715492477866952
0.18090452261306533,3.03,6.407013517219321,1.2123277076398382,14.456182052905637
0.18592964824120603,3.03,6.470006339406754,1.3951577957324943,10.8635478113299
0.19095477386934673,3.03,6.518252178658704,1.5824681490658834,8.50274954033492
0.19597989949748743,3.03,6.556774264379031,1.7720359726499066,6.9330733926687245
0.20100502512562815,3.03,6.588767732718423,1.9628218541426437,5.867451875673097
0.20603015075376885,3.03,6.6162980779356735,2.1543060767567863,5.134982330608451
0.21105527638190955,3.03,6.640764164266559,2.346207469430979,4.635775225688531
0.21608040201005024,3.03,6.663181207919225,2.538359770056986,4.312519981200762
0.22110552763819097,3.03,6.684352940931129,2.730653623572974,4.137683782822472
0.22613065326633167,3.03,6.705008080567115,2.923002950737947,4.108343863655347
0.23115577889447236,3.03,6.72593103719347,3.1153237573300814,4.25281624539132
0.23618090452261306,3.03,6.748187155167461,3.3074942977698405,4.663497250148056
0.24120603015075376,3.03,6.773686305554403,3.499257402431412,5.624848263326197
0.24623115577889448,3.03,6.807560970189605,3.6896808997718913,8.471611343163648
0.25125628140703515,3.03,6.897659418893027,3.8379743268397037,33.477384094213555
0.2562814070351759,3.03,6.993905962704444,3.6726831524175507,14.599317046117052
0.2613065326633166,3.03,7.0625187293381995,3.4918173836430944,13.118185501238939
0.2663316582914573,3.03,7.1277975336190496,3.3097087617503647,12.969489882669567
0.271356783919598,3.03,7.19355061888352,3.127770642918738,13.24529966859705
0.27638190954773867,3.03,7.261247464939051,2.946547485099014,13.722977031020914
0.2814070351758794,3.03,7.331673810555315,2.7663683486223176,14.323680456213646
0.2864321608040201,3.03,7.405354800384765,2.587496291909298,15.014958296713154
0.2914572864321608,3.03,7.482706571969387,2.4101815811887146,15.783311065092544
0.2964824120603015,3.03,7.564102261487413,2.2346873723988487,16.624191364530226
0.3015075376884422,3.03,7.6499065370101,2.0613070936138076,17.538432485256745
0.3065326633165829,3.03,7.740499357953009,1.8903814723562005,18.53129270385927
0.31155778894472363,3.03,7.836299292212742,1.7223207876747781,19.61308642035921
0.3165829145728643,3.03,7.937792889269535,1.55763855852074,20.800895754481374
0.32160804020100503,3.03,8.045574270124137,1.397004999569562,22.120821317305058
0.32663316582914576,3.03,8.160394666243612,1.2413311110230711,23.609340822316913
0.3316582914572864,3.03,8.283210839351849,1.0918946391962991,25.310704714757875
0.33668341708542715,3.03,8.415196621077753,0.9505086495752734,27.263333763804226
0.3417085427135678,3.03,8.557639024358089,0.8196917802525668,29.466250110870742
0.34673366834170855,3.03,8.711601058065902,0.7026919301815876,31.82025307437972
0.35175879396984927,3.03,8.877286317181898,0.6030275038869335,34.080130534493996
0.35678391959798994,3.03,9.053424630976235,0.5232903358002093,35.932554588338945
0.36180904522613067,3.03,9.237410792801501,0.4637985485504596,37.19279812438276
0.36683417085427134,3.03,9.426306043086532,0.4223173253057992,37.9106135715649
0.37185929648241206,3.03,9.617813720016224,0.39516744034222495,38.26418007657664
0.3768844221105528,3.03,9.810541746275929,0.3785961464214307,38.41889738253204
0.38190954773869346,3.03,10.003777184013318,0.3695326197362014,38.478502833972215
0.3869346733668342,3.03,10.19719221976115,0.3657432243998867,38.49626777510938
0.39195979899497485,3.03,10.390646371700974,0.36570869043277604,38.496646634376866
0.3969849246231156,3.03,10.584082448705269,0.36844189781245495,38.489993476152755
0.4020100502512563,3.03,10.777476067265706,0.3733314036927215,38.480261841941854
0.40703517587939697,3.03,10.970815704043304,0.3800283971972662,38.46856288418791
0.4120603015075377,3.03,11.16409128044895,0.3883734462372975,38.45464892207144
0.41708542713567837,3.03,11.357289329456833,0.39835397943639467,38.43743701959142
0.4221105527638191,3.03,11.550388796012644,0.4100861469700363,38.41500130663832
0.4271356783919598,3.03,11.743356099961357,0.42381794927658395,38.384160758556966
0.4321608040201005,3.03,11.93613670534907,0.4399549619867521,38.339500542468244
0.4371859296482412,3.03,12.128639289245305,0.45911586186589726,38.271350943310004
0.44221105527638194,3.03,12.320704654014504,0.482235278075543,38.16128338418308
0.4472361809045226,3.03,12.512040281148343,0.5107426982156287,37.97217059361506
0.45226130653266333,3.03,12.702073076058266,0.5468780564541759,37.6234014224364
0.457286432160804,3.03,12.889600140174796,0.5942337137627323,36.92941020653573
0.4623115577889447,3.03,13.071954014698536,0.6585186325824682,35.46148872667827
0.46733668341708545,3.03,13.243310715869555,0.747795503375087,32.3839969396563
0.4723618090452261,3.03,13.393413636928754,0.8691999134973795,26.99441254258484
0.47738693467336685,3.03,13.512649659460989,1.0210602370946251,20.482705720130937
0.4824120603015075,3.03,13.601160669768078,1.1928487716586755,15.02684217816559
0.48743718592964824,3.03,13.666539978128483,1.3748297480510803,11.252313257245783
0.49246231155778897,3.03,13.716411035051799,1.5617103475244933,8.76891346817208
0.49748743718592964,3.03,13.756062862514653,1.7510436913851446,7.121433461434837
0.5025125628140703,3.03,13.788869932580688,1.9416907809450357,6.0059807923214485
0.507537688442211,3.03,13.817007366348172,2.133086471961761,5.240341052529699
0.5125628140703518,3.03,13.841941583482873,2.324927438044699,4.717890961279312
0.5175879396984925,3.03,13.864728909644867,2.517036038301265,4.378427459169941
0.5226130653266332,3.03,13.886199268408767,2.7092966128506335,4.19100682870295
0.5276381909547738,3.03,13.907095802925106,2.901619338603359,4.151486644188329
0.5326633165829145,3.03,13.92821083278193,3.093918473912124,4.286018721414866
0.5376884422110553,3.03,13.950603307992033,3.2860729912767126,4.6836263701184295
0.542713567839196,3.03,13.976146586907246,3.4778303819056235,5.617480334479732
0.5477386934673367,3.03,14.009762115570073,3.6683035629029264,8.33406136187839
0.5527638190954773,3.03,14.095143372897047,3.8266666613140363,36.73570696515801
0.5577889447236181,3.03,14.195835066810263,3.6655844226178496,14.799019235613455
0.5628140703517588,3.03,14.265070347054815,3.4849586470073164,13.198756376563237
0.5678391959798995,3.03,14.330665690940572,3.3029645644389953,13.020192332686065
0.5728643216080402,3.03,14.396640870922603,3.1211073173647828,13.284680850136596
0.5778894472361809,3.03,14.464521872682877,2.939953134876405,13.757617392661084
0.5829145728643216,3.03,14.535116871648333,2.7598400177014533,14.356521495602376
0.5879396984924623,3.03,14.60896196936151,2.581035644471929,15.047625164972336
0.592964824120603,3.03,14.686479451200267,2.4037933137382104,15.816724500687114
0.5979899497487438,3.03,14.768046339060124,2.228378611839937,16.659002761419668
0.6030150753768844,3.03,14.854030165245529,2.0550873206409768,17.575163897981827
0.6080402010050251,3.03,14.944813475930012,1.8842628249894637,18.570468896284165
0.6130653266331658,3.03,15.040817720595498,1.716318819176493,19.655340778049993
0.6180904522613065,3.03,15.142533200850131,1.5517736301486318,20.847114733167928
0.6231155778894473,3.03,15.250559194927515,1.3913046188340903,22.172194652274236
0.628140703517588,3.03,15.365653816882922,1.2358336169694264,23.667398728786914
0.6331658291457286,3.03,15.488781991762009,1.0866545514729937,25.377077737298553
0.6381909547738693,3.03,15.621124513673127,0.9456031671613807,27.338958525927264
0.6432160804020101,3.03,15.763968007602259,0.8152255420499337,29.54975234776998
0.6482412060301508,3.03,15.918357299103114,0.6987915642077671,31.905299722805037
0.6532663316582915,3.03,16.08445090482942,0.5998101318060538,34.15562346934696
0.6582914572864321,3.03,16.260922555075663,0.5208124682526133,35.98852143623215
0.6633165829145728,3.03,16.445134583509425,0.46202006182068645,37.22709107635251
0.6683417085427136,3.03,16.634158098362693,0.42112152632697697,37.92848886893228
0.6733668341708543,3.03,16.825728837149995,0.39441379947318506,38.27236360931892
0.678391959798995,3.03,17.018484483950168,0.3781601554050247,38.422247733731496
0.6834170854271356,3.03,17.211730581184074,0.36931983991762574,38.47965783325006
0.6884422110552764,3.03,17.405148834723633,0.3656878073566493,38.4964919370249
0.6934673366834171,3.03,17.598603167942848,0.365767083790911,38.496493314330294
0.6984924623115578,3.03,17.792038183135936,0.3685865174753502,38.489684086611234
0.7035175879396985,3.03,17.98543008294051,0.37354578041248104,38.479873919136615
0.7085427135678392,3.03,18.17876763275423,0.38030391367312044,38.468104349286484
0.7135678391959799,3.03,18.372040751469648,0.38870738319715353,38.454093165552116
0.7185929648241206,3.03,18.56523573283166,0.39874841794661686,38.43673148692608
0.7236180904522613,3.03,18.758331174340793,0.41054772939359163,38.414058355293356
0.7286432160804021,3.03,18.95129300882198,0.4243584329515882,38.38282648390243
0.7336683417085427,3.03,19.144065525414298,0.4405926479933653,38.337516370549665
0.7386934673366834,3.03,19.336555745537645,0.4598782998747465,38.26825319247472
0.7437185929648241,3.03,19.52860107863094,0.48316438842936976,38.15613409125781
0.7487437185929648,3.03,19.719902136084176,0.5119029300285911,37.96300669925113
0.7537688442211056,3.03,19.90987092134769,0.5483717137925296,37.605923192952844
0.7587939698492462,3.03,20.097270156652915,0.5962264126280661,36.8933374136281
0.7638190954773869,3.03,20.279353399429908,0.6612648668394305,35.385053291044144
0.7688442211055276,3.03,20.450143077694413,0.751609147768427,32.22943897226637
0.7738693467336684,3.03,20.59925707143362,0.8742211338928981,26.76334683806485
0.7788944723618091,3.03,20.717307248820266,1.0270121455156882,20.257093850649518
0.7839195979899497,3.03,20.804829902964357,1.1993131242449153,14.861562964856837
0.7889447236180904,3.03,20.869526590515186,1.3815410517143245,11.142881403343715
0.7939698492462312,3.03,20.918948627985785,1.568542175222699,8.69694961001316
0.7989949748743719,3.03,20.95830247042048,1.757938212994261,7.073133496600233
0.8040201005025126,3.03,20.990907722226734,1.948620165213752,5.972835272604705
0.8090452261306532,3.03,21.018906643677532,2.1400362625350065,5.217647296249383
0.8140703517587939,3.03,21.043746347463344,2.331889501591378,4.702720796969274
0.8190954773869347,3.03,21.066472387824355,2.5240053059157597,4.369051073525002
0.8241206030150754,3.03,21.08790904210112,2.716269505655248,4.186869179139096
0.8291457286432161,3.03,21.108798832888983,2.908591856621669,4.153023732316845
0.8341708542713567,3.03,21.129939017056333,3.100887817637771,4.294998347006545
0.8391959798994975,3.03,21.152405115915247,3.2930334653397484,4.705422513307401
0.8442211055276382,3.03,21.178121324180697,3.4847673086689843,5.669925484891571
0.8492462311557789,3.03,21.212244455078856,3.6751460218239473,8.527035927450274
0.8542713567839196,3.03,21.302519254064727,3.823886965880247,33.764209666501955
0.8592964824120602,3.03,21.39946719590078,3.659102424930138,14.679174032597171
0.864321608040201,3.03,21.468419988926087,3.4783669536905077,13.17849765424266
0.8693467336683417,3.03,21.533984693759606,3.2963629293647436,13.024266729042445
0.8743718592964824,3.03,21.600008948390965,3.114523738703917,13.298907539690347
0.8793969849246231,3.03,21.667976623516196,2.933402168341532,13.777436526938786
0.8844221105527639,3.03,21.738681094140723,2.7533320414176967,14.38009296565217
0.8894472361809045,3.03,21.812652403629585,2.574579865361518,15.074201524554352
0.8944723618090452,3.03,21.89031028254319,2.397399015739124,15.845996822785175
0.8994974874371859,3.03,21.972030897656268,2.2220558924776737,16.69091472660007
0.9045226130653267,3.03,22.058181925826656,2.048847682029118,17.60982709238736
0.9095477386934674,3.03,22.149146884324157,1.878119878529164,18.608158712041863
0.914572864321608,3.03,22.24534914294563,1.7102892748279692,19.696559289538442
0.9195979899497487,3.03,22.34728218825993,1.5458788665413117,20.892647878801792
0.9246231155778895,3.03,22.45555014198733,1.3855731605018993,22.223190315081357
0.9296482412060302,3.03,22.5709178610193,1.2303049688850516,23.72537513237774
0.9346733668341709,3.03,22.69435836354879,1.081384694923207,25.44365587759165
0.9396984924623115,3.03,22.827059255726425,0.9406711775407899,27.415025806708794
0.9447236180904522,3.03,22.970306350588675,0.8107383155294076,29.6337105222692
0.949748743718593,3.03,23.125125101696977,0.6948774987134672,31.990630627764677
0.9547738693467337,3.03,23.29162787055601,0.5965868590826636,34.231090885278284
0.9597989949748744,3.03,23.468431758211523,0.518334552705861,36.044128339458695
0.964824120603015,3.03,23.652867590364842,0.46024420578728054,37.26098118852539
0.9698492462311558,3.03,23.842017539100745,0.41992864493322735,37.94606085772854
0.9748743718592965,3.03,24.03365019604195,0.39366235665856797,38.280390149091645
0.9798994974874372,3.03,24.226432822291617,0.37772559065929123,38.42551566229442
0.9849246231155779,3.03,24.419689345197554,0.3691079175142345,38.48077359679658
0.9899497487437185,3.03,24.61311063247493,0.3656329369488718,38.49669763484579
0.9949748743718593,3.03,24.806565064315006,0.3658265446626811,38.4963203538409
1.0,3.03,25.0,0.3687324412239665,38.49013001053837
